source_file,session_id,window_index,start_sample,end_sample_exclusive,downsampled_start_sample,downsampled_end_sample_exclusive,start_time_s,end_time_s,label,label_id,clench_sample_count,clench_fraction,contains_label_transition,intersects_transition_band,mav,rms,wl,zc,ssc,mnf,mdf,pkf,bandpower
session_5.csv,session_5,0,0,128,0,128,0.0,0.256,relax,0,0,0.0,False,False,32.721650581738714,95.02180205284803,1927.5303456390538,28.0,4.0,46.076445313461555,27.34375,23.4375,19.051402140354696
session_5.csv,session_5,1,64,192,64,192,0.128,0.384,relax,0,0,0.0,False,False,2.5417915135834583,3.1139694629051617,352.6071311946855,30.0,3.0,84.95568665623681,82.03125,97.65625,9.021008662030006
session_5.csv,session_5,2,128,256,128,256,0.256,0.512,relax,0,0,0.0,False,False,2.9566731685827516,3.5219043794259663,424.47573699471286,41.0,8.0,87.10723057989208,97.65625,97.65625,3.9772100463953115
session_5.csv,session_5,3,192,320,192,320,0.384,0.64,relax,0,0,0.0,False,False,3.5462632690685085,4.055652513047171,524.1273745417819,51.0,14.0,89.61497740201897,97.65625,97.65625,8.701173739593989
session_5.csv,session_5,4,256,384,256,384,0.512,0.768,relax,0,0,0.0,False,False,3.5160623570061844,4.1418857773148545,519.1767225926048,48.0,10.0,88.73588856904416,97.65625,97.65625,6.589686531120634
session_5.csv,session_5,5,320,448,320,448,0.64,0.896,relax,0,0,0.0,False,False,3.743621287843861,4.422816050543831,541.0134036261306,47.0,10.0,92.4290641181898,97.65625,97.65625,11.781141815441526
session_5.csv,session_5,6,384,512,384,512,0.768,1.024,relax,0,0,0.0,False,False,3.5707348872729314,4.241017839358565,519.9968724626551,47.0,11.0,88.58041168765808,97.65625,97.65625,9.311512599195396
session_5.csv,session_5,7,448,576,448,576,0.896,1.152,relax,0,0,0.0,False,False,3.486632381280131,4.150673901524796,512.929246707225,45.0,9.0,85.96585319387881,97.65625,97.65625,8.390308132615708
session_5.csv,session_5,8,512,640,512,640,1.024,1.28,relax,0,0,0.0,False,False,4.004636702013632,4.619929798166111,587.5422797748,50.0,14.0,92.46327877896734,97.65625,97.65625,11.148981000445422
session_5.csv,session_5,9,576,704,576,704,1.152,1.408,relax,0,0,0.0,False,False,3.546379558602772,4.149654301005896,516.6446375621067,48.0,8.0,88.67972691109381,97.65625,97.65625,11.510471733610505
session_5.csv,session_5,10,640,768,640,768,1.28,1.536,relax,0,0,0.0,False,False,3.2120425584793484,3.758169727644179,459.8780984896954,45.0,4.0,87.15157460758803,93.75,97.65625,7.692861165383053
session_5.csv,session_5,11,704,832,704,832,1.408,1.664,relax,0,0,0.0,False,False,3.074977164854425,3.6331923662987777,436.9901480678823,41.0,7.0,84.02831733099674,89.84375,97.65625,6.767519072535209
session_5.csv,session_5,12,768,896,768,896,1.536,1.792,relax,0,0,0.0,False,False,2.747065365719763,3.3607157229584286,376.28771798999264,32.0,6.0,86.89754811416795,93.75,97.65625,5.661188912938989
session_5.csv,session_5,13,832,960,832,960,1.664,1.92,relax,0,0,0.0,False,False,2.308070449715961,2.9396147588846193,314.4224993071124,25.0,4.0,88.01865283339156,93.75,97.65625,11.442139627831933
session_5.csv,session_5,14,896,1024,896,1024,1.792,2.048,relax,0,0,0.0,False,False,2.3793768321558657,2.9052684529922472,338.51545719003207,30.0,4.0,92.54526496918692,97.65625,97.65625,6.126714247366005
session_5.csv,session_5,15,960,1088,960,1088,1.92,2.176,relax,0,0,0.0,False,False,2.2377310309474314,2.702272005532757,307.40427226534723,26.0,2.0,81.46559413050983,82.03125,97.65625,2.711721628356173
session_5.csv,session_5,16,1024,1152,1024,1152,2.048,2.304,relax,0,0,0.0,False,False,1.815177507975176,2.1454605257132267,234.6842807228105,20.0,0.0,82.22686905244079,82.03125,82.03125,4.567904443700277
session_5.csv,session_5,17,1088,1216,1088,1216,2.176,2.432,relax,0,0,0.0,False,False,2.362969581849873,2.897329532552421,333.10875161238334,33.0,1.0,81.76553205685538,82.03125,97.65625,4.383670543598869
session_5.csv,session_5,18,1152,1280,1152,1280,2.304,2.56,relax,0,0,0.0,False,False,2.7562382007501363,3.3479178717260494,399.9827937825995,39.0,3.0,88.33557989114051,97.65625,97.65625,9.39449897818008
session_5.csv,session_5,19,1216,1344,1216,1344,2.432,2.688,relax,0,0,0.0,False,False,2.548825644922017,3.208214351070527,356.8823072926982,34.0,2.0,80.26364747404614,85.9375,97.65625,4.8415157261861825
session_5.csv,session_5,20,1280,1408,1280,1408,2.56,2.816,relax,0,0,0.0,False,False,2.429795450911441,3.237870119079086,332.94609912404223,25.0,2.0,80.83452406640177,85.9375,97.65625,4.83655115390086
session_5.csv,session_5,21,1344,1472,1344,1472,2.688,2.944,relax,0,0,0.0,False,False,3.0351418472475933,3.8200112270365048,422.3084608815001,32.0,7.0,87.22115251295581,97.65625,97.65625,11.812755616871954
session_5.csv,session_5,22,1408,1536,1408,1536,2.816,3.072,relax,0,0,0.0,False,False,3.1311788026607656,3.870069800049566,437.6632953777337,37.0,7.0,82.31660331124196,82.03125,97.65625,11.318870756154578
session_5.csv,session_5,23,1472,1600,1472,1600,2.944,3.2,relax,0,0,0.0,False,False,2.5487653371626005,3.1730431702966375,350.3498744407833,32.0,3.0,78.0170475841861,70.3125,66.40625,3.9525308857552157
session_5.csv,session_5,24,1536,1664,1536,1664,3.072,3.328,relax,0,0,0.0,False,False,2.657935191021088,3.187063573652243,373.10270613508817,36.0,3.0,82.77357529466516,82.03125,97.65625,7.473375322158432
session_5.csv,session_5,25,1600,1728,1600,1728,3.2,3.456,relax,0,0,0.0,False,False,2.837989806916843,3.499308082541032,404.65980101122454,36.0,4.0,83.20273696125469,82.03125,97.65625,4.769634130174899
session_5.csv,session_5,26,1664,1792,1664,1792,3.328,3.584,relax,0,0,0.0,False,False,2.4954295163822007,3.162740879024819,344.96384245506533,31.0,3.0,85.93276428887661,93.75,97.65625,6.421575346796871
session_5.csv,session_5,27,1728,1856,1728,1856,3.456,3.712,relax,0,0,0.0,False,False,2.982186640708993,3.7367439522574517,383.50763535642307,32.0,3.0,83.49196514878719,85.9375,82.03125,13.412070779376185
session_5.csv,session_5,28,1792,1920,1792,1920,3.584,3.84,relax,0,0,0.0,False,False,3.7943322047676835,4.61007381906188,480.6592396413902,37.0,4.0,79.67805186439351,78.125,97.65625,19.516920480939177
session_5.csv,session_5,29,1856,1984,1856,1984,3.712,3.968,relax,0,0,0.0,False,False,4.515431475291374,5.825287511202908,599.2007902537895,41.0,9.0,80.88684758458173,82.03125,82.03125,18.01107179886395
session_5.csv,session_5,30,1920,2048,1920,2048,3.84,4.096,relax,0,18,0.140625,True,True,8.174336075121673,10.4311469446489,1055.7394733927754,41.0,20.0,81.4037315915301,85.9375,89.84375,82.92147500030644
session_5.csv,session_5,31,1984,2112,1984,2112,3.968,4.224,clench,1,82,0.640625,True,True,9.377243688623196,11.592331524851158,1207.0658933491836,41.0,23.0,84.97849966116307,85.9375,85.9375,142.17496623333085
session_5.csv,session_5,32,2048,2176,2048,2176,4.096,4.352,clench,1,128,1.0,False,True,12.636980691771504,16.21534299047174,1596.0950682108773,40.0,22.0,79.84304597596838,78.125,74.21875,297.12450074421366
session_5.csv,session_5,33,2112,2240,2112,2240,4.224,4.48,clench,1,128,1.0,False,False,17.030493865846257,20.68608457825117,2206.7925932424396,42.0,29.0,85.00943776295945,85.9375,85.9375,302.37990092736356
session_5.csv,session_5,34,2176,2304,2176,2304,4.352,4.608,clench,1,128,1.0,False,False,13.735358562182018,17.274427068009363,1872.6913959879603,45.0,31.0,86.6631144964778,93.75,93.75,285.22679179273507
session_5.csv,session_5,35,2240,2368,2240,2368,4.48,4.736,clench,1,128,1.0,False,False,12.844470429956736,15.94742269401692,1677.150996339652,44.0,27.0,80.80955460419285,85.9375,89.84375,132.00919338482353
session_5.csv,session_5,36,2304,2432,2304,2432,4.608,4.864,clench,1,128,1.0,False,False,15.55279481438503,19.51179532648788,1991.2187665281303,42.0,28.0,81.45638634699344,82.03125,74.21875,427.78258086769154
session_5.csv,session_5,37,2368,2496,2368,2496,4.736,4.992,clench,1,128,1.0,False,False,13.258485406475057,16.923209575612532,1778.7746165095782,46.0,26.0,80.80409280485172,78.125,78.125,187.57135522680693
session_5.csv,session_5,38,2432,2560,2432,2560,4.864,5.12,clench,1,128,1.0,False,False,15.762131649232433,21.28232569782541,2105.2501803000705,44.0,25.0,83.49867890567248,85.9375,85.9375,346.876288053989
session_5.csv,session_5,39,2496,2624,2496,2624,4.992,5.248,clench,1,128,1.0,False,False,19.349529399754054,25.6019917333753,2444.1276563069496,38.0,28.0,79.9980812907298,82.03125,85.9375,395.45415753655095
session_5.csv,session_5,40,2560,2688,2560,2688,5.12,5.376,clench,1,128,1.0,False,False,22.612300160907814,28.91357107018351,2848.2426042749366,40.0,35.0,80.61503620634622,82.03125,82.03125,760.2318180754164
session_5.csv,session_5,41,2624,2752,2624,2752,5.248,5.504,clench,1,128,1.0,False,False,30.998503089212903,38.60764744398036,4038.255011862389,42.0,36.0,86.61521401858258,85.9375,85.9375,1609.2807864085883
session_5.csv,session_5,42,2688,2816,2688,2816,5.376,5.632,clench,1,128,1.0,False,False,26.948575084441543,35.15245206875253,3436.4606156754835,41.0,35.0,82.44075457668303,82.03125,89.84375,1126.7452142215627
session_5.csv,session_5,43,2752,2880,2752,2880,5.504,5.76,clench,1,128,1.0,False,False,13.261143811495913,18.537444369801776,1721.6664090992208,40.0,27.0,80.96705107849621,78.125,74.21875,205.82999020468466
session_5.csv,session_5,44,2816,2944,2816,2944,5.632,5.888,clench,1,106,0.828125,True,True,4.807141818208075,6.824927651230588,613.899404080299,34.0,11.0,82.86665404930913,82.03125,74.21875,17.17538695426983
session_5.csv,session_5,45,2880,3008,2880,3008,5.76,6.016,relax,0,42,0.328125,True,True,2.9185246880849984,3.545395666086391,412.392895904835,35.0,3.0,87.34349147448278,97.65625,97.65625,6.5008478661880424
session_5.csv,session_5,46,2944,3072,2944,3072,5.888,6.144,relax,0,0,0.0,False,True,2.7184199407059895,3.3212858289219227,384.5333403857019,34.0,1.0,83.58971095113749,85.9375,97.65625,9.279210848082057
session_5.csv,session_5,47,3008,3136,3008,3136,6.016,6.272,relax,0,0,0.0,False,False,2.48618541416778,3.0189782194911126,354.1197669393865,34.0,3.0,83.82536457080407,85.9375,97.65625,4.220599560261717
session_5.csv,session_5,48,3072,3200,3072,3200,6.144,6.4,relax,0,0,0.0,False,False,2.5454242457743677,3.0565086066406844,373.1697872153086,39.0,6.0,91.14994074686616,97.65625,97.65625,6.068970501969391
session_5.csv,session_5,49,3136,3264,3136,3264,6.272,6.528,relax,0,0,0.0,False,False,2.601158163891209,3.08029716322663,372.57976628170786,36.0,4.0,81.52223459523404,89.84375,97.65625,3.442207200945536
session_5.csv,session_5,50,3200,3328,3200,3328,6.4,6.656,relax,0,0,0.0,False,False,2.9579431453330374,3.504820125013058,423.4205287166774,40.0,4.0,89.38897394252487,97.65625,97.65625,7.6108807622426164
session_5.csv,session_5,51,3264,3392,3264,3392,6.528,6.784,relax,0,0,0.0,False,False,2.6986660499400124,3.32298183292327,380.8600864010541,32.0,4.0,84.9249403828666,89.84375,97.65625,8.10529086173517
session_5.csv,session_5,52,3328,3456,3328,3456,6.656,6.912,relax,0,0,0.0,False,False,2.552695024144626,3.190043461133535,362.3391972033312,31.0,2.0,87.18721446903633,97.65625,97.65625,4.244949222983503
session_5.csv,session_5,53,3392,3520,3392,3520,6.784,7.04,relax,0,0,0.0,False,False,2.8892294005497554,3.4858226102150085,420.4236268336949,40.0,3.0,89.89087799812822,97.65625,97.65625,9.681714789473359
session_5.csv,session_5,54,3456,3584,3456,3584,6.912,7.168,relax,0,0,0.0,False,False,2.5494148773676306,3.0225931923319607,367.7477494555509,37.0,1.0,80.18359662938941,78.125,97.65625,2.7592582844823372
session_5.csv,session_5,55,3520,3648,3520,3648,7.04,7.296,relax,0,0,0.0,False,False,3.3462797392992245,3.9819034612723025,487.69459309046954,44.0,9.0,90.88021138209584,97.65625,97.65625,10.423350977466818
session_5.csv,session_5,56,3584,3712,3584,3712,7.168,7.424,relax,0,0,0.0,False,False,3.6540047146773675,4.253175085972465,529.7004793852309,45.0,10.0,85.66909157680091,97.65625,97.65625,7.000246586026988
session_5.csv,session_5,57,3648,3776,3648,3776,7.296,7.552,relax,0,0,0.0,False,False,3.3246001900146025,3.899679526585551,485.28132730583695,46.0,5.0,92.56145068965614,97.65625,97.65625,9.547096293617209
session_5.csv,session_5,58,3712,3840,3712,3840,7.424,7.68,relax,0,0,0.0,False,False,3.3964246234035897,4.010277222368744,493.03068549516877,47.0,6.0,85.48921997933002,89.84375,97.65625,8.914267437891382
session_5.csv,session_5,59,3776,3904,3776,3904,7.552,7.808,relax,0,0,0.0,False,False,3.2932275553704846,4.093332571768919,477.12100109512846,38.0,6.0,90.49137073284894,97.65625,97.65625,12.610598345002597
session_5.csv,session_5,60,3840,3968,3840,3968,7.68,7.936,relax,0,0,0.0,False,False,3.2761270931656163,4.117438485109775,476.9500070326202,40.0,7.0,84.04986280405727,89.84375,97.65625,11.641479384470347
session_5.csv,session_5,61,3904,4032,3904,4032,7.808,8.064,relax,0,0,0.0,False,False,3.146726624020875,3.752574364085785,453.2316159757605,43.0,8.0,87.02626783501945,97.65625,97.65625,4.59643580636314
session_5.csv,session_5,62,3968,4096,3968,4096,7.936,8.192,relax,0,0,0.0,False,False,3.479892980070721,4.48124489101253,458.9038720879149,33.0,8.0,83.1798507978064,85.9375,97.65625,14.595129751688908
session_5.csv,session_5,63,4032,4160,4032,4160,8.064,8.32,relax,0,0,0.0,False,True,4.254668664559811,5.38438242169271,557.5399257466976,36.0,12.0,78.49807164058946,74.21875,66.40625,18.951604735372857
session_5.csv,session_5,64,4096,4224,4096,4224,8.192,8.448,relax,0,41,0.3203125,True,True,6.588901366512705,8.394735290917053,918.8224278416027,44.0,24.0,85.77316347702943,82.03125,97.65625,53.91337341552379
session_5.csv,session_5,65,4160,4288,4160,4288,8.32,8.576,clench,1,105,0.8203125,True,True,8.339047490532188,10.427978862553893,1147.5322491787988,43.0,25.0,82.59603694465675,82.03125,85.9375,53.45155763619578
session_5.csv,session_5,66,4224,4352,4224,4352,8.448,8.704,clench,1,128,1.0,False,False,8.745400682854896,10.816361174455233,1140.4820033081496,43.0,25.0,82.30005110589593,82.03125,97.65625,110.36914941923077
session_5.csv,session_5,67,4288,4416,4288,4416,8.576,8.832,clench,1,128,1.0,False,False,8.784542684516335,10.518796682319728,1159.498545523618,45.0,25.0,83.69066862782908,85.9375,85.9375,135.92086216782602
session_5.csv,session_5,68,4352,4480,4352,4480,8.704,8.96,clench,1,128,1.0,False,False,8.964649000577488,11.198561572988208,1152.2604989564961,42.0,24.0,81.71314749484553,82.03125,82.03125,61.02397366562902
session_5.csv,session_5,69,4416,4544,4416,4544,8.832,9.088,clench,1,128,1.0,False,False,9.54042202787337,11.813971407086024,1197.276240614373,40.0,28.0,80.21963582770479,78.125,78.125,207.1679019338199
session_5.csv,session_5,70,4480,4608,4480,4608,8.96,9.216,clench,1,128,1.0,False,False,7.770803333638461,9.67804645135946,973.7392828670324,40.0,17.0,84.23151137666719,85.9375,85.9375,72.3582772054246
session_5.csv,session_5,71,4544,4672,4544,4672,9.088,9.344,clench,1,128,1.0,False,False,9.269239518141363,12.425067732834297,1212.8884664666948,40.0,17.0,79.6384461240369,82.03125,89.84375,89.62682731170996
session_5.csv,session_5,72,4608,4736,4608,4736,9.216,9.472,clench,1,128,1.0,False,False,11.071124839139017,14.170797515872811,1431.9463361364697,41.0,25.0,83.1305127853011,85.9375,93.75,225.04521627513628
session_5.csv,session_5,73,4672,4800,4672,4800,9.344,9.6,clench,1,128,1.0,False,False,11.2956628329475,14.522419276776043,1476.0571541339896,43.0,25.0,84.19148291539913,85.9375,97.65625,124.6182577923877
session_5.csv,session_5,74,4736,4864,4736,4864,9.472,9.728,clench,1,128,1.0,False,False,12.993396393765085,16.901664117685936,1825.3722817392118,47.0,33.0,89.19287025484337,93.75,97.65625,358.01464805046544
session_5.csv,session_5,75,4800,4928,4800,4928,9.6,9.856,clench,1,128,1.0,False,False,12.150530287027905,15.660219593008925,1690.014149829448,44.0,36.0,78.68021772227233,74.21875,70.3125,84.52695646813038
session_5.csv,session_5,76,4864,4992,4864,4992,9.728,9.984,clench,1,128,1.0,False,False,10.01131020511951,12.105781942311063,1269.951601429834,39.0,26.0,83.91047593750127,85.9375,97.65625,123.24372756599219
session_5.csv,session_5,77,4928,5056,4928,5056,9.856,10.112,clench,1,128,1.0,False,False,12.665690966792482,17.731912464253096,1561.5530929164865,38.0,22.0,81.54883422261598,78.125,74.21875,386.21273960714285
session_5.csv,session_5,78,4992,5120,4992,5120,9.984,10.24,clench,1,128,1.0,False,False,13.878935820610835,18.706529391904386,1750.0220381509114,39.0,24.0,77.88743690031737,74.21875,74.21875,156.56294020819064
session_5.csv,session_5,79,5056,5184,5056,5184,10.112,10.368,clench,1,128,1.0,False,False,15.28461154727902,19.317967255442056,1844.7241948998371,38.0,22.0,76.65219696513704,74.21875,74.21875,293.38371819116884
session_5.csv,session_5,80,5120,5248,5120,5248,10.24,10.496,clench,1,128,1.0,False,False,16.187301183351344,20.082944687503947,2030.240311253474,42.0,28.0,80.79428190053775,78.125,78.125,377.50703461638375
session_5.csv,session_5,81,5184,5312,5184,5312,10.368,10.624,clench,1,128,1.0,False,False,13.076348666663975,15.7805498902768,1672.466777789677,43.0,26.0,79.0702520711687,78.125,82.03125,215.70822992727545
session_5.csv,session_5,82,5248,5376,5248,5376,10.496,10.752,clench,1,128,1.0,False,False,15.588874967143205,19.90701048031603,1968.9388187411405,44.0,29.0,78.0412957424183,74.21875,74.21875,202.80613489279088
session_5.csv,session_5,83,5312,5440,5312,5440,10.624,10.88,clench,1,128,1.0,False,False,17.337440055623187,22.504851859662104,2183.026546565763,42.0,32.0,80.95878502658714,82.03125,85.9375,645.1450462104281
session_5.csv,session_5,84,5376,5504,5376,5504,10.752,11.008,clench,1,128,1.0,False,False,29.585023610129113,40.423977152155246,3805.4774042415293,40.0,33.0,85.92596272399709,85.9375,89.84375,2488.185788096909
session_5.csv,session_5,85,5440,5568,5440,5568,10.88,11.136,clench,1,128,1.0,False,False,30.406151355751927,40.801363547823215,3938.8933718325707,42.0,35.0,81.54837562974768,78.125,78.125,841.6552924665746
session_5.csv,session_5,86,5504,5632,5504,5632,11.008,11.264,clench,1,128,1.0,False,False,11.63562666968668,17.122104879033543,1482.646502976152,39.0,24.0,81.56375424205442,82.03125,85.9375,185.1053314274207
session_5.csv,session_5,87,5568,5696,5568,5696,11.136,11.392,clench,1,128,1.0,False,True,4.064365213832687,5.528174217206711,515.8810705411354,37.0,7.0,83.34812554642512,85.9375,89.84375,13.920766093819015
session_5.csv,session_5,88,5632,5760,5632,5760,11.264,11.52,clench,1,71,0.5546875,True,True,3.0545739791052853,3.748571734888684,407.80593138502263,37.0,2.0,86.6634519639154,93.75,97.65625,6.445945405737056
session_5.csv,session_5,89,5696,5824,5696,5824,11.392,11.648,relax,0,7,0.0546875,True,True,2.8994177003325383,3.551080361732497,400.59077981707605,35.0,2.0,84.04008833013499,85.9375,97.65625,13.794683628583098
session_5.csv,session_5,90,5760,5888,5760,5888,11.52,11.776,relax,0,0,0.0,False,False,2.889832800533826,3.5537309124875316,408.2502669954562,36.0,4.0,83.08946476716629,85.9375,97.65625,8.858764231137211
session_5.csv,session_5,91,5824,5952,5824,5952,11.648,11.904,relax,0,0,0.0,False,False,3.2353452848125253,3.898446415761998,461.2601177642081,40.0,9.0,85.55598989289243,97.65625,97.65625,8.105719627653805
session_5.csv,session_5,92,5888,6016,5888,6016,11.776,12.032,relax,0,0,0.0,False,False,3.022631129563771,3.7227852594467077,424.2428646909451,39.0,7.0,80.95319518968782,74.21875,97.65625,6.6084543681353916
session_5.csv,session_5,93,5952,6080,5952,6080,11.904,12.16,relax,0,0,0.0,False,False,2.854532840266523,3.569469025022528,397.48559515503337,36.0,6.0,89.49497116517334,93.75,97.65625,13.341101029998248
session_5.csv,session_5,94,6016,6144,6016,6144,12.032,12.288,relax,0,0,0.0,False,False,3.2932227539857273,3.9057806617353212,445.38861116113674,41.0,7.0,84.58290555084508,93.75,97.65625,7.450208367721896
session_5.csv,session_5,95,6080,6208,6080,6208,12.16,12.416,relax,0,0,0.0,False,False,3.924103452592788,4.70645089069672,536.6223549438599,42.0,12.0,87.01115735563658,93.75,97.65625,14.649852289878678
session_5.csv,session_5,96,6144,6272,6144,6272,12.288,12.544,relax,0,0,0.0,False,False,4.489771574946363,5.440900968676315,625.4849126334842,41.0,15.0,80.57717802860019,78.125,89.84375,22.316355434443373
session_5.csv,session_5,97,6208,6336,6208,6336,12.416,12.672,relax,0,0,0.0,False,False,4.281700664764812,5.067638559841765,607.7021327253746,46.0,14.0,90.1796090018452,97.65625,97.65625,16.63915969014684
session_5.csv,session_5,98,6272,6400,6272,6400,12.544,12.8,relax,0,0,0.0,False,False,3.6698511304727646,4.450222273842213,525.3946367913259,42.0,10.0,92.07952150325652,97.65625,97.65625,11.661009526026392
session_5.csv,session_5,99,6336,6464,6336,6464,12.672,12.928,relax,0,0,0.0,False,False,3.734694694502714,4.684712543326173,520.9192747492962,39.0,9.0,82.92343213867196,78.125,97.65625,15.210268808493899
session_5.csv,session_5,100,6400,6528,6400,6528,12.8,13.056,relax,0,0,0.0,False,False,3.9675749669477325,4.807544781982792,552.3836006528411,45.0,12.0,82.05809800946075,78.125,97.65625,20.929133358071937
session_5.csv,session_5,101,6464,6592,6464,6592,12.928,13.184,relax,0,0,0.0,False,False,3.5092373928217313,4.253691656389493,503.4836847165876,42.0,10.0,91.38869266563174,97.65625,97.65625,9.11899188102229
session_5.csv,session_5,102,6528,6656,6528,6656,13.056,13.312,relax,0,0,0.0,False,False,3.2143239348642805,3.7659224605662898,460.04811077436966,43.0,7.0,88.5166150731984,97.65625,97.65625,7.3149373427466164
session_5.csv,session_5,103,6592,6720,6592,6720,13.184,13.44,relax,0,0,0.0,False,False,3.362999625053475,3.9615509637945356,478.539389161944,45.0,9.0,86.96852038112543,97.65625,97.65625,8.936176182085612
session_5.csv,session_5,104,6656,6784,6656,6784,13.312,13.568,relax,0,0,0.0,False,False,3.3864036697340856,4.0491182701183455,482.33723431771386,43.0,11.0,82.76671712750509,89.84375,97.65625,9.755215906252456
session_5.csv,session_5,105,6720,6848,6720,6848,13.44,13.696,relax,0,0,0.0,False,False,3.5377148349820544,4.118587384727958,514.3937893748308,49.0,13.0,90.51801272158261,97.65625,97.65625,6.801243401674511
session_5.csv,session_5,106,6784,6912,6784,6912,13.568,13.824,relax,0,0,0.0,False,False,3.403616707383409,3.9997526973767905,498.60050827677935,46.0,11.0,89.13459395725398,97.65625,97.65625,5.924316289718314
session_5.csv,session_5,107,6848,6976,6848,6976,13.696,13.952,relax,0,0,0.0,False,False,3.1256649788070225,3.7716911011774097,442.1800413628388,38.0,8.0,88.27758956898347,97.65625,97.65625,12.131633184064116
session_5.csv,session_5,108,6912,7040,6912,7040,13.824,14.08,relax,0,0,0.0,False,False,3.390259431327319,4.011436449665494,487.2733650422724,43.0,9.0,85.99589478020656,97.65625,97.65625,5.44469632462158
session_5.csv,session_5,109,6976,7104,6976,7104,13.952,14.208,relax,0,0,0.0,False,False,3.927380588473807,4.55709845571989,582.5013847904161,51.0,8.0,90.31613990870915,97.65625,97.65625,12.060391336831943
session_5.csv,session_5,110,7040,7168,7040,7168,14.08,14.336,relax,0,0,0.0,False,False,4.105785930160285,4.751711777931712,604.5470667622344,51.0,12.0,89.89541451991786,97.65625,97.65625,9.03021761876642
session_5.csv,session_5,111,7104,7232,7104,7232,14.208,14.464,relax,0,0,0.0,False,False,3.5137569327142453,4.100597206837981,502.4374293215028,46.0,10.0,90.05797717864293,97.65625,97.65625,7.908147449497443
session_5.csv,session_5,112,7168,7296,7168,7296,14.336,14.592,relax,0,0,0.0,False,False,2.8631801462924695,3.3542335339439755,397.2293729678504,40.0,4.0,79.71396992008835,74.21875,74.21875,6.461369438717947
session_5.csv,session_5,113,7232,7360,7232,7360,14.464,14.72,relax,0,0,0.0,False,False,2.9486935310101625,3.5317996280859676,400.87351824655843,39.0,4.0,79.59655666150569,78.125,97.65625,9.342174633765275
session_5.csv,session_5,114,7296,7424,7296,7424,14.592,14.848,relax,0,0,0.0,False,False,3.4282420936935276,4.079310754301057,479.98053878312146,42.0,9.0,90.50388438119249,97.65625,97.65625,12.62892662808078
session_5.csv,session_5,115,7360,7488,7360,7488,14.72,14.976,relax,0,0,0.0,False,False,3.311416273228706,3.863330523541589,476.6844157325188,48.0,6.0,84.57106464755033,93.75,97.65625,5.9271788117804105
session_5.csv,session_5,116,7424,7552,7424,7552,14.848,15.104,relax,0,0,0.0,False,False,3.394343859942257,3.9746086706766275,493.9385460732175,49.0,7.0,88.34489673667373,97.65625,97.65625,6.739557133508276
session_5.csv,session_5,117,7488,7616,7488,7616,14.976,15.232,relax,0,0,0.0,False,False,3.991304913962309,4.689734071168419,585.7717463547697,48.0,13.0,91.08970834713175,97.65625,97.65625,12.693425871489598
session_5.csv,session_5,118,7552,7680,7552,7680,15.104,15.36,relax,0,0,0.0,False,False,4.22600901525683,4.983637011805669,593.2433664579153,47.0,10.0,89.00687840347148,97.65625,97.65625,14.091730290949585
session_5.csv,session_5,119,7616,7744,7616,7744,15.232,15.488,relax,0,0,0.0,False,False,6.196974287894725,8.572631421384603,790.6560341318153,37.0,14.0,77.98089791914236,78.125,74.21875,28.928542310699346
session_5.csv,session_5,120,7680,7808,7680,7808,15.36,15.616,relax,0,15,0.1171875,True,True,21.082107185519096,30.719123106304686,2468.2862706461133,34.0,27.0,76.62495267752158,74.21875,74.21875,518.4930832501609
session_5.csv,session_5,121,7744,7872,7744,7872,15.488,15.744,clench,1,79,0.6171875,True,True,32.85207845170633,40.06531679414347,3953.664627370143,38.0,32.0,73.94458227896871,70.3125,70.3125,1938.2931411693564
session_5.csv,session_5,122,7808,7936,7808,7936,15.616,15.872,clench,1,128,1.0,False,True,45.334641407160845,59.47228488626624,5789.215256168209,42.0,34.0,83.7050865888866,82.03125,78.125,2111.337041657219
session_5.csv,session_5,123,7872,8000,7872,8000,15.744,16.0,clench,1,128,1.0,False,True,45.99770794627991,59.743633216537845,5896.641370421142,43.0,38.0,79.98481063621603,78.125,78.125,4279.97985457894
session_5.csv,session_5,124,7936,8064,7936,8064,15.872,16.128,clench,1,71,0.5546875,True,True,18.84832549851342,27.898027104741416,2383.471246648568,39.0,23.0,83.89709073044772,85.9375,85.9375,472.9250877756522
session_5.csv,session_5,125,8000,8128,8000,8128,16.0,16.256,relax,0,7,0.0546875,True,True,4.514262660540723,6.0285309540687,595.7694057155128,41.0,7.0,84.90152211925381,82.03125,82.03125,16.80123813200745
session_5.csv,session_5,126,8064,8192,8064,8192,16.128,16.384,relax,0,0,0.0,False,False,3.6070714282965177,4.309800900145887,493.6324972297879,42.0,3.0,83.52217605283947,85.9375,85.9375,19.59901564131262
session_5.csv,session_5,127,8128,8256,8128,8256,16.256,16.512,relax,0,0,0.0,False,False,2.6341724754341724,3.181026191951493,365.84158760660455,34.0,1.0,87.56876400514643,93.75,97.65625,6.472736422298492
session_5.csv,session_5,128,8192,8320,8192,8320,16.384,16.64,relax,0,0,0.0,False,False,2.400695615935115,2.997498114102611,327.0290391406951,29.0,3.0,80.04751778006786,82.03125,97.65625,2.825587764128481
session_5.csv,session_5,129,8256,8384,8256,8384,16.512,16.768,relax,0,0,0.0,False,False,2.903544985693923,3.6066816200767198,401.9692037703634,33.0,8.0,86.5592709420888,93.75,97.65625,14.22244015111063
session_5.csv,session_5,130,8320,8448,8320,8448,16.64,16.896,relax,0,0,0.0,False,False,2.9819698783298847,3.6407953668812407,409.0811148515047,35.0,8.0,78.1457841101966,78.125,97.65625,6.660351677715465
session_5.csv,session_5,131,8384,8512,8384,8512,16.768,17.024,relax,0,0,0.0,False,False,2.661931022851072,3.189791400785229,375.88217074766226,36.0,4.0,88.7340490395227,97.65625,97.65625,7.047442666021998
session_5.csv,session_5,132,8448,8576,8448,8576,16.896,17.152,relax,0,0,0.0,False,False,2.5160442149425535,2.904257360404866,354.33895736817715,36.0,1.0,80.5203785588216,82.03125,97.65625,5.243274779698892
session_5.csv,session_5,133,8512,8640,8512,8640,17.024,17.28,relax,0,0,0.0,False,False,2.79759155881864,3.210225077097358,393.11406277203344,40.0,2.0,89.92936757579145,97.65625,97.65625,3.744646645984359
session_5.csv,session_5,134,8576,8704,8576,8704,17.152,17.408,relax,0,0,0.0,False,False,2.8436682464328964,3.2751716305570184,417.0078237639991,47.0,3.0,90.80406993148254,93.75,97.65625,6.418330267129355
session_5.csv,session_5,135,8640,8768,8640,8768,17.28,17.536,relax,0,0,0.0,False,False,2.969819538082408,3.533318891707645,434.63988818765654,47.0,5.0,88.40206230147992,97.65625,97.65625,6.412667483866889
session_5.csv,session_5,136,8704,8832,8704,8832,17.408,17.664,relax,0,0,0.0,False,False,2.8714898143471768,3.478966631922604,407.50535814641114,38.0,4.0,86.24255560695978,85.9375,97.65625,9.946269474637782
session_5.csv,session_5,137,8768,8896,8768,8896,17.536,17.792,relax,0,0,0.0,False,False,3.5272063093682515,4.37219973005103,476.8138874486647,37.0,8.0,86.05352283781207,93.75,97.65625,9.878534427021387
session_5.csv,session_5,138,8832,8960,8832,8960,17.664,17.92,relax,0,0,0.0,False,False,5.1354169518236725,6.784616125740828,672.9488737318903,43.0,13.0,83.65691910350846,82.03125,97.65625,18.75914383975269
session_5.csv,session_5,139,8896,9024,8896,9024,17.792,18.048,relax,0,23,0.1796875,True,True,17.37564707857416,26.983025360711707,2360.0177191288485,44.0,25.0,85.25008876232313,82.03125,82.03125,314.20119981643813
session_5.csv,session_5,140,8960,9088,8960,9088,17.92,18.176,clench,1,87,0.6796875,True,True,27.087849174686575,34.366386893093605,3593.9592650076456,44.0,35.0,88.68683500079243,89.84375,89.84375,1226.0051917142648
session_5.csv,session_5,141,9024,9152,9024,9152,18.048,18.304,clench,1,128,1.0,False,True,27.64129383241918,34.87973169673853,3472.684137700631,41.0,34.0,80.73287012843826,82.03125,89.84375,933.4110599713732
session_5.csv,session_5,142,9088,9216,9088,9216,18.176,18.432,clench,1,128,1.0,False,False,45.01023431051638,60.48866878964276,5540.031267393938,40.0,34.0,78.02479399972879,78.125,74.21875,2605.905972251836
session_5.csv,session_5,143,9152,9280,9152,9280,18.304,18.56,clench,1,128,1.0,False,True,37.651584362048425,55.58287323173331,4488.808265714887,38.0,30.0,79.81181486299731,78.125,82.03125,3301.7884223111473
session_5.csv,session_5,144,9216,9344,9216,9344,18.432,18.688,clench,1,74,0.578125,True,True,11.70196118470789,14.371521536729794,1430.5044763103654,41.0,24.0,74.49229522887127,74.21875,74.21875,181.32231383254967
session_5.csv,session_5,145,9280,9408,9280,9408,18.56,18.816,relax,0,10,0.078125,True,True,5.064488000269218,6.847898584707958,656.7285625926937,42.0,10.0,78.80244835888547,74.21875,74.21875,18.041187757145956
session_5.csv,session_5,146,9344,9472,9344,9472,18.688,18.944,relax,0,0,0.0,False,False,3.3333181253421875,4.110020495373641,481.09489717567646,44.0,7.0,89.46468166220303,93.75,97.65625,10.909039949606305
session_5.csv,session_5,147,9408,9536,9408,9536,18.816,19.072,relax,0,0,0.0,False,False,3.653206165307953,4.45497828323247,499.59259796766355,42.0,10.0,77.71822062106136,70.3125,70.3125,13.049792940285492
session_5.csv,session_5,148,9472,9600,9472,9600,18.944,19.2,relax,0,0,0.0,False,False,2.960230531500735,3.6855615553574017,386.98229218857637,33.0,6.0,81.07374145208638,78.125,97.65625,13.899341564626427
session_5.csv,session_5,149,9536,9664,9536,9664,19.072,19.328,relax,0,0,0.0,False,False,2.759701020824541,3.3333330818121905,380.68492378991937,38.0,3.0,85.67090795322343,97.65625,97.65625,5.418831056725392
session_5.csv,session_5,150,9600,9728,9600,9728,19.2,19.456,relax,0,0,0.0,False,False,2.500597799849965,2.920617951690375,361.9139631329265,39.0,1.0,80.96347327305661,82.03125,97.65625,2.5944850719562194
session_5.csv,session_5,151,9664,9792,9664,9792,19.328,19.584,relax,0,0,0.0,False,False,2.717031264444209,3.272465472766355,394.2737694375859,38.0,1.0,91.45358580368689,97.65625,97.65625,7.4230156755135255
session_5.csv,session_5,152,9728,9856,9728,9856,19.456,19.712,relax,0,0,0.0,False,False,2.7934968348265583,3.388747616257701,393.30248979977785,38.0,2.0,80.9751362154577,78.125,74.21875,7.886632370860475
session_5.csv,session_5,153,9792,9920,9792,9920,19.584,19.84,relax,0,0,0.0,False,False,2.5991390953972138,3.1322698902104915,344.38555853284527,32.0,3.0,82.11540678640712,85.9375,97.65625,5.828690270132244
session_5.csv,session_5,154,9856,9984,9856,9984,19.712,19.968,relax,0,0,0.0,False,False,2.521220295278229,3.0101800719171874,345.00083481660454,33.0,2.0,82.68632743017473,85.9375,97.65625,5.7995562506523575
session_5.csv,session_5,155,9920,10048,9920,10048,19.84,20.096,relax,0,0,0.0,False,False,2.15389939413795,2.630557787449762,289.9495299534701,21.0,0.0,80.07929487111564,82.03125,97.65625,4.888605231027171
session_5.csv,session_5,156,9984,10112,9984,10112,19.968,20.224,relax,0,0,0.0,False,False,2.217838647648052,2.8147672796532053,280.856118552456,20.0,1.0,85.32324679222077,89.84375,93.75,6.832521709721527
session_5.csv,session_5,157,10048,10176,10048,10176,20.096,20.352,relax,0,0,0.0,False,False,3.0677968930927895,3.873370695706643,409.26968823444827,35.0,5.0,77.0228112533586,74.21875,70.3125,10.836286044753605
session_5.csv,session_5,158,10112,10240,10112,10240,20.224,20.48,relax,0,0,0.0,False,False,3.5783390878959915,4.275069105054721,492.3619560676616,41.0,9.0,85.98805071786306,97.65625,97.65625,11.646179397589837
session_5.csv,session_5,159,10176,10304,10176,10304,20.352,20.608,relax,0,0,0.0,False,False,2.9807564429364604,3.5342589486167766,420.74783173579146,43.0,6.0,83.5012314057252,85.9375,97.65625,8.504749926076645
session_5.csv,session_5,160,10240,10368,10240,10368,20.48,20.736,relax,0,0,0.0,False,False,2.8230841815775376,3.4029020395928313,392.87516341980006,39.0,4.0,86.95157071946932,93.75,97.65625,6.49686052531726
session_5.csv,session_5,161,10304,10432,10304,10432,20.608,20.864,relax,0,0,0.0,False,False,2.728029280487551,3.3306542576160467,372.78353101182483,32.0,3.0,87.23982507105062,89.84375,97.65625,10.203535662748411
session_5.csv,session_5,162,10368,10496,10368,10496,20.736,20.992,relax,0,0,0.0,False,False,2.720928177412124,3.366968707156786,381.75535709151814,36.0,3.0,84.799561734363,85.9375,97.65625,5.178011587590354
session_5.csv,session_5,163,10432,10560,10432,10560,20.864,21.12,relax,0,0,0.0,False,False,2.9514243098215003,3.584583101621363,419.3721779793136,41.0,5.0,86.81190895932166,89.84375,97.65625,8.116874955642354
session_5.csv,session_5,164,10496,10624,10496,10624,20.992,21.248,relax,0,0,0.0,False,False,2.459230790095628,3.000292492753168,351.8036493703796,35.0,3.0,90.4949644699346,97.65625,97.65625,5.898387110156509
session_5.csv,session_5,165,10560,10688,10560,10688,21.12,21.376,relax,0,0,0.0,False,False,2.339615991535002,2.85075758965157,328.69671761131815,34.0,2.0,82.80632689021951,85.9375,97.65625,3.811847480690606
session_5.csv,session_5,166,10624,10752,10624,10752,21.248,21.504,relax,0,0,0.0,False,False,2.757422633810629,3.269046543813521,391.3852418623584,42.0,3.0,84.86800897596436,89.84375,97.65625,6.571683605607094
session_5.csv,session_5,167,10688,10816,10688,10816,21.376,21.632,relax,0,0,0.0,False,False,3.120205610991918,3.672973371907807,458.6426349688011,47.0,9.0,91.41502527403055,97.65625,97.65625,6.8857367906481874
session_5.csv,session_5,168,10752,10880,10752,10880,21.504,21.76,relax,0,0,0.0,False,False,2.980029516678422,3.55468109065573,428.9796657512825,44.0,8.0,89.95084869006087,97.65625,97.65625,6.7456766279340306
session_5.csv,session_5,169,10816,10944,10816,10944,21.632,21.888,relax,0,4,0.03125,True,True,8.662113397429655,13.16632680744285,1083.2869285209117,40.0,17.0,78.27221266553668,78.125,78.125,65.93627317246137
session_5.csv,session_5,170,10880,11008,10880,11008,21.76,22.016,clench,1,68,0.53125,True,True,18.923375236509404,24.29100020882471,2401.4135937964606,43.0,37.0,77.61835659535826,74.21875,74.21875,453.19112596721504
session_5.csv,session_5,171,10944,11072,10944,11072,21.888,22.144,clench,1,128,1.0,False,True,29.0026475651486,36.18940116611827,3825.2306699642436,45.0,39.0,83.45748796759402,85.9375,85.9375,714.0842662144602
session_5.csv,session_5,172,11008,11136,11008,11136,22.016,22.272,clench,1,128,1.0,False,False,33.4172402630036,39.62845654971589,4294.332780221365,42.0,38.0,84.33266317912363,82.03125,82.03125,1954.5662713945994
session_5.csv,session_5,173,11072,11200,11072,11200,22.144,22.4,clench,1,128,1.0,False,False,33.24061088026583,39.81466639458266,4202.621658875666,41.0,36.0,82.34596567809155,82.03125,82.03125,1589.3780415773822
session_5.csv,session_5,174,11136,11264,11136,11264,22.272,22.528,clench,1,128,1.0,False,False,28.924194664791518,36.51127009349486,3696.2099910926327,41.0,33.0,80.15763471140816,82.03125,82.03125,761.6949079484364
session_5.csv,session_5,175,11200,11328,11200,11328,22.4,22.656,clench,1,128,1.0,False,True,17.824660280414747,23.176730689238415,2277.538024746487,40.0,31.0,84.27524649953695,85.9375,85.9375,556.1891921965156
session_5.csv,session_5,176,11264,11392,11264,11392,22.528,22.784,clench,1,74,0.578125,True,True,9.273069062622646,12.550508488628372,1177.947023638945,40.0,21.0,82.17192695745109,78.125,74.21875,217.3266554808387
session_5.csv,session_5,177,11328,11456,11328,11456,22.656,22.912,relax,0,10,0.078125,True,True,5.1784911289919595,7.912495938466434,695.4772446685275,42.0,11.0,79.95874590049759,78.125,70.3125,11.972261543048745
session_5.csv,session_5,178,11392,11520,11392,11520,22.784,23.04,relax,0,0,0.0,False,False,3.6305343574908644,4.541882815098381,485.35124356187396,37.0,5.0,84.16673175263564,89.84375,70.3125,10.527077010126858
session_5.csv,session_5,179,11456,11584,11456,11584,22.912,23.168,relax,0,0,0.0,False,False,3.0449422890168334,3.996706725410226,385.57565390510604,29.0,3.0,79.18500417086901,78.125,74.21875,16.544714347118735
session_5.csv,session_5,180,11520,11648,11520,11648,23.04,23.296,relax,0,0,0.0,False,False,3.1026317425165155,3.903082967326666,390.7484656683606,28.0,7.0,79.884387874996,74.21875,74.21875,13.703281196749883
session_5.csv,session_5,181,11584,11712,11584,11712,23.168,23.424,relax,0,0,0.0,False,False,3.7790696062101787,4.762294920514082,499.91547112972387,37.0,11.0,82.49838690475208,82.03125,93.75,24.830572435832714
session_5.csv,session_5,182,11648,11776,11648,11776,23.296,23.552,relax,0,0,0.0,False,False,4.087158460640328,5.055649573312179,558.1483500123911,44.0,10.0,84.69683199219557,85.9375,97.65625,21.37142844390722
session_5.csv,session_5,183,11712,11840,11712,11840,23.424,23.68,relax,0,0,0.0,False,False,3.7805524044367163,4.505358322338516,530.8144353547035,44.0,9.0,91.11971188336581,97.65625,97.65625,10.140452628634357
session_5.csv,session_5,184,11776,11904,11776,11904,23.552,23.808,relax,0,0,0.0,False,False,3.6060461215775668,4.331944021899607,515.7010987544985,45.0,12.0,83.79129971310817,89.84375,97.65625,5.5341497809765405
session_5.csv,session_5,185,11840,11968,11840,11968,23.68,23.936,relax,0,0,0.0,False,False,3.271305711302378,4.043949992444598,457.08690729704995,40.0,9.0,86.90344420087808,93.75,97.65625,13.74314704251155
session_5.csv,session_5,186,11904,12032,11904,12032,23.808,24.064,relax,0,0,0.0,False,False,3.0775983410843315,3.8101129481096314,422.8880496293225,37.0,7.0,82.74848708521715,78.125,97.65625,9.614055643061004
session_5.csv,session_5,187,11968,12096,11968,12096,23.936,24.192,relax,0,0,0.0,False,False,3.175718998156717,3.823684050728557,446.5924409843035,44.0,7.0,87.01790881221724,93.75,97.65625,6.970651504000929
session_5.csv,session_5,188,12032,12160,12032,12160,24.064,24.32,relax,0,0,0.0,False,False,3.8490485500765903,4.6760790215419625,554.8829872705904,47.0,11.0,88.08574102052079,97.65625,97.65625,8.662993838537876
session_5.csv,session_5,189,12096,12224,12096,12224,24.192,24.448,relax,0,0,0.0,False,False,3.91797699097316,4.750972212762963,565.2444461138157,46.0,11.0,88.87756549737122,97.65625,97.65625,22.578643105496234
session_5.csv,session_5,190,12160,12288,12160,12288,24.32,24.576,relax,0,0,0.0,False,False,3.036261234905697,3.6758166591881416,442.8958365397242,42.0,4.0,89.65784750191412,93.75,97.65625,7.236686882285873
session_5.csv,session_5,191,12224,12352,12224,12352,24.448,24.704,relax,0,0,0.0,False,False,2.8662088876730287,3.593186167250344,404.86032324651046,36.0,3.0,81.02390797785105,78.125,97.65625,6.3484597427352645
session_5.csv,session_5,192,12288,12416,12288,12416,24.576,24.832,relax,0,0,0.0,False,False,3.014426423653596,3.789893415743808,427.8995510998144,39.0,4.0,86.55899200480314,89.84375,97.65625,8.801150820717613
session_5.csv,session_5,193,12352,12480,12352,12480,24.704,24.96,relax,0,0,0.0,False,False,3.1766982518142495,3.838669150329245,455.21798257640455,45.0,6.0,86.18399339919152,89.84375,97.65625,6.210938177769662
session_5.csv,session_5,194,12416,12544,12416,12544,24.832,25.088,relax,0,0,0.0,False,False,3.216532865675572,3.797629975043886,467.3229302096411,44.0,7.0,89.78127225700068,97.65625,97.65625,8.00672082307639
session_5.csv,session_5,195,12480,12608,12480,12608,24.96,25.216,relax,0,0,0.0,False,False,3.546379256624234,4.178856698478751,519.4781478880818,42.0,12.0,84.29506784261456,85.9375,97.65625,8.779162196060865
session_5.csv,session_5,196,12544,12672,12544,12672,25.088,25.344,relax,0,0,0.0,False,False,3.517591498756313,4.082737574237635,500.54502823287487,43.0,11.0,90.66941243148332,97.65625,97.65625,10.474168790727441
session_5.csv,session_5,197,12608,12736,12608,12736,25.216,25.472,relax,0,0,0.0,False,False,3.1894479550388573,3.711154258918666,455.5132931744813,45.0,6.0,85.21684489245213,89.84375,97.65625,6.283223248610864
session_5.csv,session_5,198,12672,12800,12672,12800,25.344,25.6,relax,0,0,0.0,False,False,3.0957434715007643,3.6648173756529703,443.96815269007857,43.0,6.0,85.7815793036829,85.9375,97.65625,6.973681533560128
session_5.csv,session_5,199,12736,12864,12736,12864,25.472,25.728,relax,0,0,0.0,False,False,3.646894836297947,4.653837718174203,495.9066483848602,39.0,6.0,87.0675576094109,93.75,97.65625,9.603363484251911
session_5.csv,session_5,200,12800,12928,12800,12928,25.6,25.856,relax,0,0,0.0,False,False,8.746768229732028,12.915714531292219,1105.9864026440778,36.0,15.0,79.44959396971261,78.125,74.21875,47.69190905386664
session_5.csv,session_5,201,12864,12992,12864,12992,25.728,25.984,relax,0,15,0.1171875,True,True,14.902352236928298,19.67110828898314,1875.9747843621722,39.0,23.0,80.93990040551736,82.03125,78.125,463.86886119783435
session_5.csv,session_5,202,12928,13056,12928,13056,25.856,26.112,clench,1,79,0.6171875,True,True,15.23721846295683,19.184725863657423,1909.531670547719,40.0,27.0,79.50862447764098,78.125,74.21875,302.34778382337817
session_5.csv,session_5,203,12992,13120,12992,13120,25.984,26.24,clench,1,128,1.0,False,True,16.44898262877945,22.569464131889422,2126.559079433975,41.0,25.0,84.63005331904598,85.9375,85.9375,792.2103903165887
session_5.csv,session_5,204,13056,13184,13056,13184,26.112,26.368,clench,1,128,1.0,False,False,16.76161799465882,22.76639917235312,2108.7544210412852,40.0,27.0,84.04476355238961,85.9375,85.9375,219.0913710172881
session_5.csv,session_5,205,13120,13248,13120,13248,26.24,26.496,clench,1,128,1.0,False,False,22.808649671712246,29.803905921165466,2836.756400398191,40.0,32.0,84.06975836046279,85.9375,82.03125,826.6342889811755
session_5.csv,session_5,206,13184,13312,13184,13312,26.368,26.624,clench,1,128,1.0,False,False,32.22774031107369,39.505150415852846,4288.974091998506,44.0,39.0,85.70437585554782,85.9375,97.65625,1248.6152443909807
session_5.csv,session_5,207,13248,13376,13248,13376,26.496,26.752,clench,1,128,1.0,False,False,24.84395722064135,32.57832165945604,3452.7558958423842,49.0,40.0,84.1192495439466,85.9375,85.9375,690.2311018707674
session_5.csv,session_5,208,13312,13440,13312,13440,26.624,26.88,clench,1,128,1.0,False,False,25.97884446285635,34.15957270573014,3474.885629638104,47.0,37.0,87.44909272538978,85.9375,82.03125,1227.5898290574446
session_5.csv,session_5,209,13376,13504,13376,13504,26.752,27.008,clench,1,113,0.8828125,True,True,24.350923095291787,32.50623666740125,3186.658861789638,40.0,34.0,80.38357265809954,78.125,74.21875,511.8060111143743
session_5.csv,session_5,210,13440,13568,13440,13568,26.88,27.136,relax,0,49,0.3828125,True,True,8.773164312048841,12.370915778294508,1168.660734774623,39.0,24.0,82.1147195091459,78.125,78.125,103.34515531482545
session_5.csv,session_5,211,13504,13632,13504,13632,27.008,27.264,relax,0,0,0.0,False,True,3.46819416542852,4.566116821298804,466.58905639255124,33.0,9.0,80.03270498924155,78.125,78.125,12.357879018250255
session_5.csv,session_5,212,13568,13696,13568,13696,27.136,27.392,relax,0,0,0.0,False,False,3.514148270005382,4.380992194585384,482.38761355516715,38.0,7.0,82.81025919356888,85.9375,89.84375,17.70631002283656
session_5.csv,session_5,213,13632,13760,13632,13760,27.264,27.52,relax,0,0,0.0,False,False,3.8518437705224446,4.610828787121824,546.398479055391,48.0,9.0,84.36473122837114,93.75,97.65625,6.321552954535777
session_5.csv,session_5,214,13696,13824,13696,13824,27.392,27.648,relax,0,0,0.0,False,False,3.28446913167852,3.8522349596543908,469.3335366664644,46.0,7.0,86.95624484559289,97.65625,97.65625,11.268403322413624
session_5.csv,session_5,215,13760,13888,13760,13888,27.52,27.776,relax,0,0,0.0,False,False,3.3897897306563847,3.951464273269804,475.5992785454167,45.0,7.0,84.88418166859243,85.9375,97.65625,9.794894395066338
session_5.csv,session_5,216,13824,13952,13824,13952,27.648,27.904,relax,0,0,0.0,False,False,3.0280975510005517,3.61119844132226,425.6096839993103,39.0,5.0,89.64169312253533,89.84375,97.65625,6.440842507841688
session_5.csv,session_5,217,13888,14016,13888,14016,27.776,28.032,relax,0,0,0.0,False,False,2.481712103388517,3.00312675164728,347.3596805285234,31.0,2.0,86.19186872061,89.84375,97.65625,4.346248023914439
session_5.csv,session_5,218,13952,14080,13952,14080,27.904,28.16,relax,0,0,0.0,False,False,2.8662443631343333,3.648047330809606,390.95518927468913,31.0,5.0,82.21110835328697,78.125,97.65625,10.203405937436727
session_5.csv,session_5,219,14016,14144,14016,14144,28.032,28.288,relax,0,0,0.0,False,False,2.869189802316723,3.639456746198851,399.54963395389007,34.0,6.0,84.17749310319759,85.9375,97.65625,8.744164024662261
session_5.csv,session_5,220,14080,14208,14080,14208,28.16,28.416,relax,0,0,0.0,False,False,2.6306741501354614,3.1354774227877864,375.2048966178571,40.0,4.0,87.01503061652762,97.65625,97.65625,6.13925563994472
session_5.csv,session_5,221,14144,14272,14144,14272,28.288,28.544,relax,0,0,0.0,False,False,3.0206516001494546,3.5050576389921364,438.8712344913814,46.0,7.0,89.01512237259364,89.84375,97.65625,7.430199321969082
session_5.csv,session_5,222,14208,14336,14208,14336,28.416,28.672,relax,0,0,0.0,False,False,2.686034688955047,3.2213302678090234,373.66337378761796,34.0,5.0,89.61604628551427,93.75,97.65625,6.322465656380982
session_5.csv,session_5,223,14272,14400,14272,14400,28.544,28.8,relax,0,0,0.0,False,False,2.11832055497682,2.5710004699253415,293.78924669157027,30.0,1.0,86.97019413589193,89.84375,97.65625,7.047228758856635
session_5.csv,session_5,224,14336,14464,14336,14464,28.672,28.928,relax,0,0,0.0,False,False,2.1868942714095567,2.82311771726989,294.9295539771721,29.0,0.0,80.7167015137534,82.03125,82.03125,6.516554503572569
session_5.csv,session_5,225,14400,14528,14400,14528,28.8,29.056,relax,0,0,0.0,False,False,2.858758997398537,3.7495980604347747,382.7164570285686,28.0,4.0,82.68126188289745,78.125,78.125,19.338473178671435
session_5.csv,session_5,226,14464,14592,14464,14592,28.928,29.184,relax,0,0,0.0,False,False,3.5008297339503907,4.4624918912747935,475.7115609704099,34.0,7.0,87.16905844341993,89.84375,97.65625,19.676555258532897
session_5.csv,session_5,227,14528,14656,14528,14656,29.056,29.312,relax,0,0,0.0,False,False,4.103098958447619,5.0597165220781015,562.9455631114755,41.0,10.0,83.54343529163526,82.03125,82.03125,13.363963376454793
session_5.csv,session_5,228,14592,14720,14592,14720,29.184,29.44,relax,0,0,0.0,False,False,3.949742749717344,4.840402938582038,559.189946306299,44.0,10.0,83.78875443243601,78.125,97.65625,11.277676175188056
session_5.csv,session_5,229,14656,14784,14656,14784,29.312,29.568,relax,0,0,0.0,False,False,2.9335361154475432,3.687087273237188,402.9510454870224,35.0,4.0,87.90775214677049,93.75,97.65625,14.467762826258792
session_5.csv,session_5,230,14720,14848,14720,14848,29.44,29.696,relax,0,0,0.0,False,False,2.71620018464999,3.226933458402966,377.65275266581,40.0,5.0,79.40921755800956,74.21875,97.65625,6.644615410963598
session_5.csv,session_5,231,14784,14912,14784,14912,29.568,29.824,relax,0,0,0.0,False,False,2.9025803742840957,3.4598494051584865,414.2158687195082,42.0,6.0,82.62580235847328,82.03125,97.65625,4.673968729147282
session_5.csv,session_5,232,14848,14976,14848,14976,29.696,29.952,relax,0,0,0.0,False,False,2.759228152577423,3.3851584789640574,392.149241505325,37.0,3.0,88.85959596367994,93.75,97.65625,9.742364654602582
session_5.csv,session_5,233,14912,15040,14912,15040,29.824,30.08,relax,0,0,0.0,False,False,3.0465217797875317,3.677579916427571,432.29679337234757,44.0,7.0,83.73961131111383,82.03125,97.65625,7.594590641201049
session_5.csv,session_5,234,14976,15104,14976,15104,29.952,30.208,relax,0,0,0.0,False,False,3.414177724862439,4.0969005418733,485.8759688924995,44.0,10.0,87.46271222946956,97.65625,97.65625,13.218507647568558
session_5.csv,session_5,235,15040,15168,15040,15168,30.08,30.336,relax,0,0,0.0,False,False,3.240568733046901,3.8697052130706884,473.3443392228488,44.0,6.0,89.29429350753307,93.75,97.65625,9.860957162062665
session_5.csv,session_5,236,15104,15232,15104,15232,30.208,30.464,relax,0,0,0.0,False,False,2.872349307905681,3.415026225206452,409.0306490555572,39.0,2.0,87.70489004498033,97.65625,97.65625,7.90632727058544
session_5.csv,session_5,237,15168,15296,15168,15296,30.336,30.592,relax,0,0,0.0,False,False,6.646748663543694,10.30845175830922,906.8319427762805,40.0,11.0,84.3558637721414,89.84375,97.65625,29.261382784169125
session_5.csv,session_5,238,15232,15360,15232,15360,30.464,30.72,relax,0,37,0.2890625,True,True,15.059834814175222,18.647462841567393,1926.0424560173744,43.0,26.0,81.82366038833631,82.03125,78.125,323.3579166450449
session_5.csv,session_5,239,15296,15424,15296,15424,30.592,30.848,clench,1,101,0.7890625,True,True,16.798936440901294,19.9680456075953,2071.7166381982324,40.0,28.0,77.85469420023783,78.125,74.21875,342.40204803344085
session_5.csv,session_5,240,15360,15488,15360,15488,30.72,30.976,clench,1,128,1.0,False,False,14.219020036153534,17.213967376632237,1817.9901680577586,44.0,28.0,80.67552804943784,74.21875,74.21875,252.88962592925006
session_5.csv,session_5,241,15424,15552,15424,15552,30.848,31.104,clench,1,128,1.0,False,False,18.211108021818788,21.361620969279567,2356.617002558992,44.0,34.0,81.079931117551,82.03125,89.84375,453.4381752834051
session_5.csv,session_5,242,15488,15616,15488,15616,30.976,31.232,clench,1,128,1.0,False,False,20.325748428978827,24.69997236383364,2584.96419222943,44.0,34.0,78.00908636730819,74.21875,74.21875,747.7161679184208
session_5.csv,session_5,243,15552,15680,15552,15680,31.104,31.36,clench,1,128,1.0,False,False,15.686068073404073,20.69578917922131,2087.0035559719727,48.0,34.0,83.82615032182343,85.9375,85.9375,113.04823196528766
session_5.csv,session_5,244,15616,15744,15616,15744,31.232,31.488,clench,1,128,1.0,False,False,13.328905733610368,16.421689197158916,1768.7881435776094,47.0,31.0,83.43206236081137,85.9375,82.03125,222.22246341195077
session_5.csv,session_5,245,15680,15808,15680,15808,31.36,31.616,clench,1,128,1.0,False,False,14.512969869307444,18.088136607332768,1743.6761135295424,39.0,22.0,77.87130636453358,78.125,78.125,302.9092154672668
session_5.csv,session_5,246,15744,15872,15744,15872,31.488,31.744,clench,1,128,1.0,False,False,16.952837778878802,23.456226990909855,2068.4673696322834,38.0,21.0,81.44311057444472,82.03125,74.21875,765.4200666494277
session_5.csv,session_5,247,15808,15936,15808,15936,31.616,31.872,clench,1,128,1.0,False,False,16.338708998608105,22.757474557095716,2159.0044332957923,42.0,30.0,80.00467993821606,82.03125,66.40625,175.5131515229056
session_5.csv,session_5,248,15872,16000,15872,16000,31.744,32.0,clench,1,108,0.84375,True,True,9.547952254378554,13.334021005696888,1309.3168948404775,43.0,26.0,79.26488599473062,74.21875,70.3125,151.24206176970173
session_5.csv,session_5,249,15936,16064,15936,16064,31.872,32.128,relax,0,44,0.34375,True,True,5.130973105096057,6.6368286624164545,713.78675453277,43.0,16.0,84.84340587234568,82.03125,97.65625,31.141723988708208
session_5.csv,session_5,250,16000,16128,16000,16128,32.0,32.256,relax,0,0,0.0,False,True,4.266709293922982,5.559572212252705,598.1183840748699,39.0,12.0,85.45467608946377,85.9375,85.9375,13.785953372653571
session_5.csv,session_5,251,16064,16192,16064,16192,32.128,32.384,relax,0,0,0.0,False,False,3.2242001544973586,4.074228277939181,437.1273229103922,32.0,9.0,86.96943850334112,85.9375,97.65625,17.29941048755255
session_5.csv,session_5,252,16128,16256,16128,16256,32.256,32.512,relax,0,0,0.0,False,False,3.4352380366792614,4.269450369397753,481.16678363203516,40.0,8.0,86.95778313672989,93.75,97.65625,9.258332735608562
session_5.csv,session_5,253,16192,16320,16192,16320,32.384,32.64,relax,0,0,0.0,False,False,4.157494853868542,5.0397265203029145,573.8226499142347,42.0,13.0,82.89140986775195,85.9375,97.65625,19.8609402763543
session_5.csv,session_5,254,16256,16384,16256,16384,32.512,32.768,relax,0,0,0.0,False,False,4.334372804172914,5.183092373987372,567.161030553628,36.0,16.0,80.42727211666481,82.03125,85.9375,22.393016381838788
session_5.csv,session_5,255,16320,16448,16320,16448,32.64,32.896,relax,0,0,0.0,False,False,4.135746159869016,4.859899533568414,545.1364701880105,42.0,12.0,81.63355115717843,85.9375,70.3125,12.165236890126055
session_5.csv,session_5,256,16384,16512,16384,16512,32.768,33.024,relax,0,0,0.0,False,False,3.68762170787108,4.458483975432194,496.35900578479834,40.0,10.0,83.73567682656899,85.9375,97.65625,18.932793254142233
session_5.csv,session_5,257,16448,16576,16448,16576,32.896,33.152,relax,0,0,0.0,False,False,3.6106711278276222,4.338083763230319,496.31537710964005,41.0,10.0,80.87910517586889,74.21875,74.21875,15.383038599080532
session_5.csv,session_5,258,16512,16640,16512,16640,33.024,33.28,relax,0,0,0.0,False,False,3.5351500206909936,4.187655385961849,489.0003864732406,42.0,8.0,89.01371602348789,93.75,97.65625,10.605199198686615
session_5.csv,session_5,259,16576,16704,16576,16704,33.152,33.408,relax,0,0,0.0,False,False,3.531449634527589,4.2017617730339545,501.11284460216734,43.0,7.0,89.45699375061487,97.65625,97.65625,13.084997337999674
session_5.csv,session_5,260,16640,16768,16640,16768,33.28,33.536,relax,0,0,0.0,False,False,3.2836126864954327,3.982993119406017,463.71848828308316,38.0,7.0,81.06441510020554,85.9375,97.65625,4.973800268027469
session_5.csv,session_5,261,16704,16832,16704,16832,33.408,33.664,relax,0,0,0.0,False,False,3.066544140527589,3.751731885054259,421.7635417532475,31.0,9.0,87.20841870983193,89.84375,97.65625,10.370875895803703
session_5.csv,session_5,262,16768,16896,16768,16896,33.536,33.792,relax,0,0,0.0,False,False,3.819078889518825,4.495510976231262,546.297608022675,43.0,13.0,85.2186297971064,89.84375,97.65625,10.118908919219033
session_5.csv,session_5,263,16832,16960,16832,16960,33.664,33.92,relax,0,0,0.0,False,False,3.7395669248289103,4.46328659404133,536.7367007872344,46.0,9.0,86.03342858875854,85.9375,97.65625,15.852263303594286
session_5.csv,session_5,264,16896,17024,16896,17024,33.792,34.048,relax,0,0,0.0,False,False,3.553915485679938,4.412025517710585,498.8568711545619,44.0,6.0,82.20389300647602,78.125,97.65625,10.19321794632055
session_5.csv,session_5,265,16960,17088,16960,17088,33.92,34.176,relax,0,0,0.0,False,False,3.09853360475893,3.9144744688322715,434.28775205218847,37.0,5.0,86.1688320723293,85.9375,97.65625,7.67272006966707
session_5.csv,session_5,266,17024,17152,17024,17152,34.048,34.304,relax,0,0,0.0,False,False,2.334247398498703,2.8103024100134455,321.64459710338497,28.0,2.0,78.2563227241625,78.125,66.40625,4.820759335718558
session_5.csv,session_5,267,17088,17216,17088,17216,34.176,34.432,relax,0,0,0.0,False,False,2.961123031003,3.5765927535273048,418.67634201278133,37.0,7.0,91.22870228700653,97.65625,97.65625,9.184509516732799
session_5.csv,session_5,268,17152,17280,17152,17280,34.304,34.56,relax,0,0,0.0,False,False,3.3107034119218692,3.9528882372383336,474.1728841638668,40.0,10.0,85.53220739687697,89.84375,97.65625,6.580463579040824
session_5.csv,session_5,269,17216,17344,17216,17344,34.432,34.688,relax,0,0,0.0,False,False,3.0672609195034237,3.7729347112102896,431.07156721076126,34.0,8.0,90.87216362081658,97.65625,97.65625,11.5176309725809
session_5.csv,session_5,270,17280,17408,17280,17408,34.56,34.816,relax,0,0,0.0,False,False,2.8003606950020776,3.449406608195761,398.3740853546868,37.0,5.0,83.96020270675261,85.9375,97.65625,7.703668869865115
session_5.csv,session_5,271,17344,17472,17344,17472,34.688,34.944,relax,0,0,0.0,False,True,7.542592349563693,11.092423462715773,958.8831637590387,41.0,16.0,79.27149633135188,78.125,74.21875,75.54178965029759
session_5.csv,session_5,272,17408,17536,17408,17536,34.816,35.072,relax,0,55,0.4296875,True,True,13.45138571076465,16.698112260547976,1761.142203212621,45.0,31.0,80.31501501869927,78.125,74.21875,279.4773475170009
session_5.csv,session_5,273,17472,17600,17472,17600,34.944,35.2,clench,1,119,0.9296875,True,True,15.060603199914208,18.589616437782492,1976.7330226686306,45.0,30.0,83.20306346572069,82.03125,74.21875,398.17171102096904
session_5.csv,session_5,274,17536,17664,17536,17664,35.072,35.328,clench,1,128,1.0,False,False,15.8685227672607,19.32847095560819,2031.3399214778906,41.0,26.0,79.1442480926681,78.125,70.3125,206.97085417961165
session_5.csv,session_5,275,17600,17728,17600,17728,35.2,35.456,clench,1,128,1.0,False,False,16.368284745786944,20.134394323285076,2063.6771375863223,40.0,28.0,83.16453156965122,82.03125,97.65625,259.6735874801697
session_5.csv,session_5,276,17664,17792,17664,17792,35.328,35.584,clench,1,128,1.0,False,False,19.298441010945155,25.598413344777267,2445.372035651168,41.0,29.0,84.04603172370892,85.9375,85.9375,433.4899252220731
session_5.csv,session_5,277,17728,17856,17728,17856,35.456,35.712,clench,1,128,1.0,False,False,22.535234461848585,28.73313495210288,2804.9055945948185,40.0,31.0,84.32998960538262,82.03125,82.03125,1079.963680951494
session_5.csv,session_5,278,17792,17920,17792,17920,35.584,35.84,clench,1,128,1.0,False,False,20.479849097442287,24.95730249970106,2549.712956065258,38.0,31.0,79.26891169513337,78.125,78.125,846.7308137434272
session_5.csv,session_5,279,17856,17984,17856,17984,35.712,35.968,clench,1,128,1.0,False,False,19.47828650738825,24.872463493292646,2463.004642096498,38.0,33.0,81.65950219575348,82.03125,74.21875,751.5805829674076
session_5.csv,session_5,280,17920,18048,17920,18048,35.84,36.096,clench,1,128,1.0,False,False,22.622120721603018,27.999797260850876,2744.953203873898,38.0,31.0,74.43569571452268,74.21875,74.21875,693.7680924645277
session_5.csv,session_5,281,17984,18112,17984,18112,35.968,36.224,clench,1,128,1.0,False,False,25.539097714535348,29.949122177497184,3097.9182639820456,40.0,27.0,81.40193759870574,82.03125,82.03125,660.1558506534127
session_5.csv,session_5,282,18048,18176,18048,18176,36.096,36.352,clench,1,128,1.0,False,True,18.714327690267485,23.922877550850092,2357.4002276642864,43.0,30.0,77.57239060404888,78.125,78.125,575.487260233264
session_5.csv,session_5,283,18112,18240,18112,18240,36.224,36.48,clench,1,66,0.515625,True,True,7.842692479136252,10.022430633493961,1048.6271990423284,43.0,21.0,86.04382651259236,85.9375,82.03125,73.38784588878595
session_5.csv,session_5,284,18176,18304,18176,18304,36.352,36.608,relax,0,2,0.015625,True,True,4.143586488116549,5.505357305534043,553.2669407905246,36.0,7.0,84.11784375161828,85.9375,78.125,15.16352568035144
session_5.csv,session_5,285,18240,18368,18240,18368,36.48,36.736,relax,0,0,0.0,False,False,3.1028489215892643,3.741992196314144,407.4062053369993,36.0,4.0,82.21006700211576,82.03125,97.65625,9.068461572324649
session_5.csv,session_5,286,18304,18432,18304,18432,36.608,36.864,relax,0,0,0.0,False,False,3.3078642459947103,4.0356391148843365,442.5007819546406,36.0,4.0,77.03783814112846,70.3125,70.3125,9.418396029914696
session_5.csv,session_5,287,18368,18496,18368,18496,36.736,36.992,relax,0,0,0.0,False,False,3.0173788635521426,3.6435197218546937,412.53858746089645,35.0,2.0,86.2879398003215,93.75,97.65625,8.277269395683113
session_5.csv,session_5,288,18432,18560,18432,18560,36.864,37.12,relax,0,0,0.0,False,False,2.829137260512873,3.42534675577359,396.2071108804456,35.0,1.0,82.217214915164,85.9375,97.65625,7.237759553385665
session_5.csv,session_5,289,18496,18624,18496,18624,36.992,37.248,relax,0,0,0.0,False,False,3.093084361628783,3.7667387084558417,429.8709010514327,38.0,2.0,85.76635944575072,89.84375,97.65625,8.309874784378641
session_5.csv,session_5,290,18560,18688,18560,18688,37.12,37.376,relax,0,0,0.0,False,False,2.9960523604422313,3.648826757726286,403.4643354214289,34.0,3.0,82.30830163465382,85.9375,85.9375,10.16794743967657
session_5.csv,session_5,291,18624,18752,18624,18752,37.248,37.504,relax,0,0,0.0,False,False,2.6662063184028346,3.2510022528729676,358.03088787158117,30.0,3.0,86.07093213361158,85.9375,97.65625,10.062768343693076
session_5.csv,session_5,292,18688,18816,18688,18816,37.376,37.632,relax,0,0,0.0,False,False,2.529992227867118,3.073938501789123,341.40330260823043,32.0,1.0,82.11606966979026,85.9375,97.65625,4.328971780754161
session_5.csv,session_5,293,18752,18880,18752,18880,37.504,37.76,relax,0,0,0.0,False,False,2.484001533228243,3.047013743823781,340.459852048701,33.0,2.0,85.73561760812335,89.84375,97.65625,10.951037418185663
session_5.csv,session_5,294,18816,18944,18816,18944,37.632,37.888,relax,0,0,0.0,False,False,2.9982907143276076,3.650078778017707,421.32126529130596,37.0,7.0,83.78010380290581,89.84375,97.65625,7.869667493064268
session_5.csv,session_5,295,18880,19008,18880,19008,37.76,38.016,relax,0,0,0.0,False,False,3.2068733610080935,3.914766947825302,467.11949081967794,38.0,8.0,85.86531204072207,89.84375,97.65625,8.278320497768094
session_5.csv,session_5,296,18944,19072,18944,19072,37.888,38.144,relax,0,0,0.0,False,False,2.780409860586813,3.5132478426737084,386.5981672896097,30.0,5.0,87.73573570334955,89.84375,97.65625,10.779290821824137
session_5.csv,session_5,297,19008,19136,19008,19136,38.016,38.272,relax,0,0,0.0,False,False,2.6693720934483514,3.3383715802357408,352.3087810976383,26.0,5.0,76.54309979530923,70.3125,66.40625,4.065487202420238
session_5.csv,session_5,298,19072,19200,19072,19200,38.144,38.4,relax,0,0,0.0,False,False,2.9187053038003965,3.4924986521097727,403.74184240959664,36.0,8.0,86.18040027997428,89.84375,97.65625,9.948998778718279
session_5.csv,session_5,299,19136,19264,19136,19264,38.272,38.528,relax,0,0,0.0,False,False,2.670907161836631,3.1826829925606552,367.6634277762562,33.0,5.0,79.4587306062247,82.03125,82.03125,5.00391920528173
session_5.csv,session_5,300,19200,19328,19200,19328,38.4,38.656,relax,0,0,0.0,False,False,2.3615156052552635,2.7843578884381883,318.1176261749563,30.0,1.0,81.57609599597183,82.03125,82.03125,5.541856684361332
session_5.csv,session_5,301,19264,19392,19264,19392,38.528,38.784,relax,0,0,0.0,False,False,2.658373032142687,3.105563684014615,375.155360336855,40.0,3.0,84.91536861153945,85.9375,97.65625,7.508967286348461
session_5.csv,session_5,302,19328,19456,19328,19456,38.656,38.912,relax,0,0,0.0,False,False,2.745299890480907,3.3477170599199275,386.0566192864044,37.0,5.0,86.55212013106609,89.84375,97.65625,8.721517248293384
session_5.csv,session_5,303,19392,19520,19392,19520,38.784,39.04,relax,0,0,0.0,False,False,2.6315582214678415,3.343078275250063,341.6909475200209,29.0,5.0,74.56341603337917,74.21875,62.5,4.00159651612952
session_5.csv,session_5,304,19456,19584,19456,19584,38.912,39.168,relax,0,0,0.0,False,False,4.477048334578602,6.03452368931488,607.9833419999668,36.0,13.0,87.48907361589319,89.84375,97.65625,33.068412034450176
session_5.csv,session_5,305,19520,19648,19520,19648,39.04,39.296,relax,0,0,0.0,False,False,7.156908572947509,9.304282015072753,949.2248536316781,41.0,19.0,82.02498420304421,85.9375,85.9375,50.47888011228628
session_5.csv,session_5,306,19584,19712,19584,19712,39.168,39.424,relax,0,34,0.265625,True,True,9.23543448946161,11.819700800419268,1184.2974080096187,42.0,24.0,75.39523964837831,74.21875,66.40625,93.14425338983253
session_5.csv,session_5,307,19648,19776,19648,19776,39.296,39.552,clench,1,98,0.765625,True,True,10.089784902490939,12.425384843447048,1352.6137538800504,48.0,31.0,77.47006340621978,74.21875,66.40625,162.35377125634668
session_5.csv,session_5,308,19712,19840,19712,19840,39.424,39.68,clench,1,128,1.0,False,False,12.798070285729452,16.057329221002934,1731.622254636704,48.0,34.0,81.18810857511,85.9375,89.84375,75.14660983294443
session_5.csv,session_5,309,19776,19904,19776,19904,39.552,39.808,clench,1,128,1.0,False,False,15.389452872250455,18.775208034472428,2079.4120982073646,46.0,36.0,85.1021987416182,85.9375,82.03125,430.18076268735496
session_5.csv,session_5,310,19840,19968,19840,19968,39.68,39.936,clench,1,128,1.0,False,False,13.200755836112283,16.345559812113596,1809.3491142244911,45.0,35.0,88.11892331471176,93.75,97.65625,239.6954170232492
session_5.csv,session_5,311,19904,20032,19904,20032,39.808,40.064,clench,1,128,1.0,False,False,11.838263367423254,14.418649449233941,1594.0804439652236,41.0,34.0,81.61658231939249,82.03125,70.3125,137.60927032561295
session_5.csv,session_5,312,19968,20096,19968,20096,39.936,40.192,clench,1,128,1.0,False,False,15.640421916165412,19.410212819279987,1980.5514765965381,38.0,32.0,81.57559435634386,85.9375,70.3125,319.3002710068559
session_5.csv,session_5,313,20032,20160,20032,20160,40.064,40.32,clench,1,128,1.0,False,False,19.878583322997684,24.987753395370287,2545.5815587184834,40.0,33.0,80.82445115966318,78.125,78.125,533.2188627230231
session_5.csv,session_5,314,20096,20224,20096,20224,40.192,40.448,clench,1,128,1.0,False,False,19.841003599799617,25.13457898251491,2622.211422287818,43.0,37.0,84.65550915570331,85.9375,78.125,610.1686231812735
session_5.csv,session_5,315,20160,20288,20160,20288,40.32,40.576,clench,1,128,1.0,False,False,14.958615982504144,19.634560281718098,1945.08155216868,44.0,28.0,81.09415100745728,82.03125,82.03125,170.73325537866003
session_5.csv,session_5,316,20224,20352,20224,20352,40.448,40.704,clench,1,128,1.0,False,False,10.896412357002365,13.86395720128233,1430.4273029643928,45.0,28.0,84.23896068911999,85.9375,78.125,151.46253757679554
session_5.csv,session_5,317,20288,20416,20288,20416,40.576,40.832,clench,1,91,0.7109375,True,True,9.070460421732768,11.588265592578495,1235.9932629933462,47.0,28.0,83.09787938732904,82.03125,82.03125,133.026456426965
session_5.csv,session_5,318,20352,20480,20352,20480,40.704,40.96,relax,0,27,0.2109375,True,True,5.19166896108884,7.49982603646968,740.4491621984615,47.0,13.0,86.34882073377987,97.65625,97.65625,11.219463200239977
session_5.csv,session_5,319,20416,20544,20416,20544,40.832,41.088,relax,0,0,0.0,False,False,2.8646173009460343,3.42302066780532,413.5209569379549,41.0,5.0,87.65357299033978,97.65625,97.65625,4.524929267187292
session_5.csv,session_5,320,20480,20608,20480,20608,40.96,41.216,relax,0,0,0.0,False,False,2.73414200394409,3.2416737318411126,392.99672146109015,42.0,5.0,89.49073376318577,97.65625,97.65625,7.822140730558237
session_5.csv,session_5,321,20544,20672,20544,20672,41.088,41.344,relax,0,0,0.0,False,False,2.593899223798803,3.2387510595573965,368.0183562381295,37.0,2.0,83.09690903953503,85.9375,97.65625,4.580394379973872
session_5.csv,session_5,322,20608,20736,20608,20736,41.216,41.472,relax,0,0,0.0,False,False,3.0156306181943417,3.8805448812856107,426.89616138632744,37.0,4.0,83.90710592877572,85.9375,97.65625,9.099093748482959
session_5.csv,session_5,323,20672,20800,20672,20800,41.344,41.6,relax,0,0,0.0,False,False,3.376497580461991,4.166015367048454,475.54228666875247,40.0,7.0,85.43038209605228,89.84375,97.65625,11.9987711021471
session_5.csv,session_5,324,20736,20864,20736,20864,41.472,41.728,relax,0,0,0.0,False,False,2.949428586500229,3.663479583682561,406.05144756661457,35.0,5.0,79.78673300887716,78.125,97.65625,5.480535212078313
session_5.csv,session_5,325,20800,20928,20800,20928,41.6,41.856,relax,0,0,0.0,False,False,3.508063057879464,4.297166399353846,501.19276275357674,40.0,9.0,87.73192287793725,89.84375,97.65625,11.339708961030752
session_5.csv,session_5,326,20864,20992,20864,20992,41.728,41.984,relax,0,0,0.0,False,False,3.473835753854953,4.221660810996691,505.16035214957674,40.0,8.0,90.42258736952921,97.65625,97.65625,9.425809867093532
session_5.csv,session_5,327,20928,21056,20928,21056,41.856,42.112,relax,0,0,0.0,False,False,2.8431005790422947,3.560685733302757,408.3123888497515,34.0,6.0,89.43088742605953,97.65625,97.65625,11.470728614225996
session_5.csv,session_5,328,20992,21120,20992,21120,41.984,42.24,relax,0,0,0.0,False,False,2.902341430781947,3.5618196734926064,422.4218949430584,38.0,4.0,84.16399874709569,89.84375,97.65625,3.4273994646420993
session_5.csv,session_5,329,21056,21184,21056,21184,42.112,42.368,relax,0,0,0.0,False,False,3.395799883843991,4.020979272763194,492.935323935611,46.0,7.0,91.87531657453596,97.65625,97.65625,10.912769537257038
session_5.csv,session_5,330,21120,21248,21120,21248,42.24,42.496,relax,0,0,0.0,False,False,3.7756726480650524,4.388648217403413,541.9401732553436,47.0,13.0,88.53050120043495,97.65625,97.65625,11.277248128877746
session_5.csv,session_5,331,21184,21312,21184,21312,42.368,42.624,relax,0,0,0.0,False,False,3.689630881940179,4.213954810168295,535.9758727762463,48.0,12.0,87.38469038582471,89.84375,97.65625,10.893434234243074
session_5.csv,session_5,332,21248,21376,21248,21376,42.496,42.752,relax,0,0,0.0,False,False,3.6882327336334697,4.2343965289614385,541.8498830090664,49.0,14.0,91.28416336350094,97.65625,97.65625,7.855698668415949
session_5.csv,session_5,333,21312,21440,21312,21440,42.624,42.88,relax,0,0,0.0,False,False,3.2781968160738835,3.899388806815734,465.08536942804005,41.0,12.0,82.06649553404239,82.03125,97.65625,7.399660702506793
session_5.csv,session_5,334,21376,21504,21376,21504,42.752,43.008,relax,0,0,0.0,False,False,2.770692228781596,3.2812022404578687,388.07182618157606,41.0,5.0,85.93629144159745,89.84375,97.65625,7.012886356685813
session_5.csv,session_5,335,21440,21568,21440,21568,42.88,43.136,relax,0,0,0.0,False,False,2.9111731677766475,3.4496770151333283,420.44761298284436,45.0,3.0,88.16880658348168,93.75,97.65625,6.433669711504667
session_5.csv,session_5,336,21504,21632,21504,21632,43.008,43.264,relax,0,0,0.0,False,False,2.9395095191127263,3.5900640458830506,433.09467763961413,41.0,5.0,85.1028042817733,93.75,97.65625,7.660034669190024
session_5.csv,session_5,337,21568,21696,21568,21696,43.136,43.392,relax,0,0,0.0,False,False,2.800662494942319,3.5151439629393177,398.089991596392,36.0,4.0,88.695952690004,97.65625,97.65625,8.169500598040589
session_5.csv,session_5,338,21632,21760,21632,21760,43.264,43.52,relax,0,0,0.0,False,False,2.726399690667761,3.4106468572904993,370.27982286032693,34.0,3.0,80.05037300523371,78.125,74.21875,6.495456031756933
session_5.csv,session_5,339,21696,21824,21696,21824,43.392,43.648,relax,0,0,0.0,False,False,3.3096669968010293,4.172124162438726,450.134917319069,40.0,7.0,88.38975208942853,97.65625,97.65625,7.621761261716343
session_5.csv,session_5,340,21760,21888,21760,21888,43.52,43.776,relax,0,17,0.1328125,True,True,7.282082817870515,9.98963664908303,987.4236073615452,45.0,22.0,84.13740870279439,82.03125,82.03125,67.61974955223998
session_5.csv,session_5,341,21824,21952,21824,21952,43.648,43.904,clench,1,81,0.6328125,True,True,10.912749474448542,14.120110830416023,1424.2614024635716,42.0,28.0,85.24147160092001,85.9375,85.9375,218.83849104029875
session_5.csv,session_5,342,21888,22016,21888,22016,43.776,44.032,clench,1,128,1.0,False,True,13.076462438919723,16.9576016341695,1634.0516034210755,41.0,25.0,79.67425312940951,78.125,66.40625,134.98756877785854
session_5.csv,session_5,343,21952,22080,21952,22080,43.904,44.16,clench,1,128,1.0,False,False,15.20106153216124,19.148351167305048,1946.7290565619771,40.0,29.0,76.93549159072336,74.21875,74.21875,411.88647168935756
session_5.csv,session_5,344,22016,22144,22016,22144,44.032,44.288,clench,1,128,1.0,False,False,16.100286090965348,20.896478320587587,2170.351531352685,42.0,39.0,80.86252020616885,82.03125,82.03125,177.44098773055663
session_5.csv,session_5,345,22080,22208,22080,22208,44.16,44.416,clench,1,128,1.0,False,False,22.746665432048317,28.739137494473724,2914.3528950014697,43.0,39.0,80.52203619302477,82.03125,82.03125,875.9728817680955
session_5.csv,session_5,346,22144,22272,22144,22272,44.288,44.544,clench,1,128,1.0,False,False,23.188081365745905,28.480713053180175,2923.1699353239123,42.0,36.0,79.67054780690749,78.125,82.03125,1077.4043008321535
session_5.csv,session_5,347,22208,22336,22208,22336,44.416,44.672,clench,1,128,1.0,False,False,21.79301616276957,26.939912782848573,2835.1938494121687,42.0,39.0,85.78325205305751,93.75,93.75,552.4624528828177
session_5.csv,session_5,348,22272,22400,22272,22400,44.544,44.8,clench,1,128,1.0,False,False,22.953872281194528,28.088727371444566,2985.1261799057006,43.0,37.0,77.23710460858788,78.125,78.125,570.0440913019296
session_5.csv,session_5,349,22336,22464,22336,22464,44.672,44.928,clench,1,128,1.0,False,False,22.533405957608494,27.406493079456837,2956.285914886301,44.0,36.0,81.38646376104197,78.125,78.125,781.3900674050044
session_5.csv,session_5,350,22400,22528,22400,22528,44.8,45.056,clench,1,128,1.0,False,False,18.629761045471707,23.596804119799227,2339.5648766293484,42.0,34.0,76.94023739647831,74.21875,70.3125,348.7174102563743
session_5.csv,session_5,351,22464,22592,22464,22592,44.928,45.184,clench,1,117,0.9140625,True,True,10.830253997317396,13.023488495088108,1327.8177610796774,39.0,23.0,80.40263519333251,78.125,78.125,180.2097183346167
session_5.csv,session_5,352,22528,22656,22528,22656,45.056,45.312,relax,0,53,0.4140625,True,True,6.2993682798701105,8.821492401847333,783.9970538413442,33.0,11.0,76.90501181907507,74.21875,74.21875,48.14457871283307
session_5.csv,session_5,353,22592,22720,22592,22720,45.184,45.44,relax,0,0,0.0,False,True,3.416606273687772,4.323854579027774,470.5169017017455,34.0,9.0,83.30413697072784,89.84375,89.84375,14.69335357541072
session_5.csv,session_5,354,22656,22784,22656,22784,45.312,45.568,relax,0,0,0.0,False,False,3.4730716138394344,4.207626812085887,480.9592788098903,37.0,12.0,84.11558547294865,85.9375,85.9375,11.248484781159394
session_5.csv,session_5,355,22720,22848,22720,22848,45.44,45.696,relax,0,0,0.0,False,False,3.1050509080303375,3.779783510619663,439.6204169348266,36.0,8.0,91.9099196532687,97.65625,97.65625,14.567142370194745
session_5.csv,session_5,356,22784,22912,22784,22912,45.568,45.824,relax,0,0,0.0,False,False,3.2575543628306622,4.03959511725209,460.2577732886432,40.0,4.0,83.55414339110874,82.03125,97.65625,10.475921328923985
session_5.csv,session_5,357,22848,22976,22848,22976,45.696,45.952,relax,0,0,0.0,False,False,2.768068511432465,3.4709070873210655,382.65765527997416,35.0,2.0,86.64573409275265,97.65625,97.65625,5.17382863267881
session_5.csv,session_5,358,22912,23040,22912,23040,45.824,46.08,relax,0,0,0.0,False,False,2.318363449309955,2.8557027126445607,314.2256887759878,25.0,2.0,79.18858024239788,82.03125,85.9375,4.914092108319283
session_5.csv,session_5,359,22976,23104,22976,23104,45.952,46.208,relax,0,0,0.0,False,False,2.3974420569664057,2.9358337966927577,320.7796507154452,28.0,2.0,82.13079385722212,85.9375,85.9375,9.046145459189878
session_5.csv,session_5,360,23040,23168,23040,23168,46.08,46.336,relax,0,0,0.0,False,False,2.7289531219353993,3.265823138662768,369.801392286391,36.0,2.0,82.09555178305806,82.03125,97.65625,9.239662067717132
session_5.csv,session_5,361,23104,23232,23104,23232,46.208,46.464,relax,0,0,0.0,False,False,3.017127623954539,3.633145298781725,409.6505105919488,39.0,5.0,82.98303358229083,82.03125,97.65625,9.681131893763059
session_5.csv,session_5,362,23168,23296,23168,23296,46.336,46.592,relax,0,0,0.0,False,False,2.574032911113301,3.1584286062388562,356.39293748976934,33.0,2.0,84.66799615718958,89.84375,97.65625,6.304709646476468
session_5.csv,session_5,363,23232,23360,23232,23360,46.464,46.72,relax,0,0,0.0,False,False,2.0690961413230973,2.522674128138152,282.91157129336295,23.0,0.0,83.74150198736136,89.84375,93.75,4.280413158308747
session_5.csv,session_5,364,23296,23424,23296,23424,46.592,46.848,relax,0,0,0.0,False,False,2.2539412684417073,2.7543551071876955,283.46880289360206,22.0,1.0,75.9185067307627,74.21875,66.40625,6.66860090331726
session_5.csv,session_5,365,23360,23488,23360,23488,46.72,46.976,relax,0,0,0.0,False,False,2.6872356958024515,3.2997092479247287,349.11704336606294,27.0,3.0,81.39437951295061,82.03125,97.65625,4.541345224599866
session_5.csv,session_5,366,23424,23552,23424,23552,46.848,47.104,relax,0,0,0.0,False,False,2.7888435251256762,3.4061123989620996,371.9533663344255,34.0,2.0,79.10554799012715,78.125,70.3125,9.548268003104969
session_5.csv,session_5,367,23488,23616,23488,23616,46.976,47.232,relax,0,0,0.0,False,False,2.5924172656632916,3.11463708121319,345.6328913348069,33.0,1.0,78.61927988346451,78.125,66.40625,8.561817129910189
session_5.csv,session_5,368,23552,23680,23552,23680,47.104,47.36,relax,0,0,0.0,False,False,2.979005510139878,3.624735269033663,407.03500381743913,33.0,6.0,86.57697571732331,89.84375,97.65625,8.144043943417767
session_5.csv,session_5,369,23616,23744,23616,23744,47.232,47.488,relax,0,0,0.0,False,False,3.489134604538606,4.1421433686436915,481.82503710561843,41.0,9.0,82.31728156136134,82.03125,97.65625,12.835867115663508
session_5.csv,session_5,370,23680,23808,23680,23808,47.36,47.616,relax,0,0,0.0,False,False,2.810323923889075,3.4690251577484053,373.9103517516917,29.0,5.0,83.75374956617397,85.9375,97.65625,11.68665409400471
session_5.csv,session_5,371,23744,23872,23744,23872,47.488,47.744,relax,0,0,0.0,False,False,2.5107903791348374,3.1579702993551613,325.036547809195,22.0,2.0,74.53809076547122,74.21875,66.40625,3.890290213642566
session_5.csv,session_5,372,23808,23936,23808,23936,47.616,47.872,relax,0,0,0.0,False,False,2.8561936253376743,3.5293938689989535,388.8448638641768,30.0,6.0,84.841788649848,85.9375,85.9375,9.641503521293165
session_5.csv,session_5,373,23872,24000,23872,24000,47.744,48.0,relax,0,0,0.0,False,False,2.9637313613191694,3.583933481529096,412.0934278488643,36.0,5.0,89.7863002375369,97.65625,97.65625,9.97430087740013
session_5.csv,session_5,374,23936,24064,23936,24064,47.872,48.128,relax,0,0,0.0,False,False,2.756622728207483,3.4073591125083333,393.05029078976975,36.0,3.0,83.51922957633306,89.84375,97.65625,8.107261637610236
session_5.csv,session_5,375,24000,24128,24000,24128,48.0,48.256,relax,0,0,0.0,False,False,2.699058189031825,3.3905951384586275,389.25874198816894,32.0,5.0,84.20356109128818,85.9375,97.65625,4.330188110895418
session_5.csv,session_5,376,24064,24192,24064,24192,48.128,48.384,relax,0,0,0.0,False,False,2.9775266917998993,3.6951049830626417,419.68898484414785,32.0,6.0,81.12099232715735,74.21875,97.65625,7.594145993995471
session_5.csv,session_5,377,24128,24256,24128,24256,48.256,48.512,relax,0,0,0.0,False,False,2.9301573215793173,3.6905478944453414,403.3929323409103,30.0,3.0,82.81951523250238,82.03125,97.65625,10.77182252263438
session_5.csv,session_5,378,24192,24320,24192,24320,48.384,48.64,relax,0,0,0.0,False,False,2.5522727912060494,3.2307112213847167,342.091767142541,24.0,3.0,78.8401189697423,74.21875,70.3125,9.251973301973603
session_5.csv,session_5,379,24256,24384,24256,24384,48.512,48.768,relax,0,0,0.0,False,False,2.4391936163802717,2.9523058954449244,316.8598642142533,26.0,4.0,77.86759076569608,74.21875,70.3125,5.7881791641917815
session_5.csv,session_5,380,24320,24448,24320,24448,48.64,48.896,relax,0,0,0.0,False,False,2.616448776116753,3.070962376507449,351.7538924887665,36.0,2.0,83.87905542118465,82.03125,82.03125,7.543743199445899
session_5.csv,session_5,381,24384,24512,24384,24512,48.768,49.024,relax,0,0,0.0,False,False,2.5691705350763216,3.076869923174465,355.01094676061757,34.0,3.0,89.48595622647699,93.75,97.65625,7.895685643883993
session_5.csv,session_5,382,24448,24576,24448,24576,48.896,49.152,relax,0,0,0.0,False,False,2.71429582359959,3.390021839778513,376.146005623591,30.0,4.0,76.2444867633816,74.21875,70.3125,5.819154621856213
session_5.csv,session_5,383,24512,24640,24512,24640,49.024,49.28,relax,0,0,0.0,False,False,2.5903785324387965,3.263652509240656,360.2688566586112,28.0,1.0,85.73702502681672,89.84375,97.65625,8.470118281040172
session_5.csv,session_5,384,24576,24704,24576,24704,49.152,49.408,relax,0,0,0.0,False,False,2.606510444684578,3.304084486382868,346.16075253275847,24.0,2.0,82.16589912030804,82.03125,97.65625,7.475572579782173
session_5.csv,session_5,385,24640,24768,24640,24768,49.28,49.536,relax,0,0,0.0,False,False,3.36519668356459,4.19865482212523,438.030849373161,30.0,7.0,77.50805097684822,74.21875,70.3125,21.146832406094525
session_5.csv,session_5,386,24704,24832,24704,24832,49.408,49.664,relax,0,0,0.0,False,False,3.139417095595933,3.8481623277091033,407.5457731898142,35.0,4.0,77.71659631918632,74.21875,70.3125,10.047702019462433
session_5.csv,session_5,387,24768,24896,24768,24896,49.536,49.792,relax,0,0,0.0,False,False,2.8467057310639614,3.4234697064195045,380.53395881497363,34.0,2.0,77.20463566452045,74.21875,70.3125,7.346765996733205
session_5.csv,session_5,388,24832,24960,24832,24960,49.664,49.92,relax,0,0,0.0,False,False,3.2015309363700704,3.9184826015774377,430.842718256524,36.0,3.0,82.72794939496406,82.03125,97.65625,13.54347471645315
session_5.csv,session_5,389,24896,25024,24896,25024,49.792,50.048,relax,0,0,0.0,False,False,2.828671819029265,3.5287945065305597,366.4887486088571,30.0,1.0,83.42925408413082,82.03125,97.65625,7.525270374093736
session_5.csv,session_5,390,24960,25088,24960,25088,49.92,50.176,relax,0,0,0.0,False,False,2.649645069059436,3.1604761177775553,346.69285353790497,33.0,2.0,80.48349867948806,82.03125,97.65625,7.6331689689424165
session_5.csv,session_5,391,25024,25152,25024,25152,50.048,50.304,relax,0,0,0.0,False,False,2.9377404598552,3.435318655604957,397.48151867200465,38.0,4.0,82.70283077800912,85.9375,85.9375,9.813232619882951
session_5.csv,session_5,392,25088,25216,25088,25216,50.176,50.432,relax,0,0,0.0,False,False,2.8726832925286967,3.3707290294794388,395.4645207194494,39.0,2.0,86.72130839995373,89.84375,97.65625,7.626868877997294
session_5.csv,session_5,393,25152,25280,25152,25280,50.304,50.56,relax,0,0,0.0,False,False,3.167625156454344,3.8052667913112566,444.97425269558914,41.0,7.0,87.10588959227618,89.84375,97.65625,9.351836495949227
session_5.csv,session_5,394,25216,25344,25216,25344,50.432,50.688,relax,0,0,0.0,False,False,3.2173968097761447,3.935672829946804,459.4912087689943,39.0,7.0,85.76151570018891,89.84375,97.65625,8.560017861850474
session_5.csv,session_5,395,25280,25408,25280,25408,50.56,50.816,relax,0,0,0.0,False,False,4.834400141380967,6.848047619556623,636.2564788546645,36.0,7.0,78.55708442044586,78.125,74.21875,15.274976525435475
session_5.csv,session_5,396,25344,25472,25344,25472,50.688,50.944,relax,0,28,0.21875,True,True,8.062090660430364,10.406241628219101,1050.859765291892,38.0,19.0,83.12109870089122,78.125,97.65625,95.34225298501899
session_5.csv,session_5,397,25408,25536,25408,25536,50.816,51.072,clench,1,92,0.71875,True,True,9.895236291445283,12.255672580913682,1319.2910236863763,41.0,32.0,80.37993235968023,82.03125,82.03125,152.29763199791054
session_5.csv,session_5,398,25472,25600,25472,25600,50.944,51.2,clench,1,128,1.0,False,False,9.908195543512441,11.920338315620187,1343.4579550409037,44.0,29.0,82.23960092912971,85.9375,97.65625,73.50650156239973
session_5.csv,session_5,399,25536,25664,25536,25664,51.072,51.328,clench,1,128,1.0,False,False,10.582444371192004,12.966036438665407,1385.2757061028444,40.0,26.0,82.18919385955857,78.125,74.21875,174.3100748851706
session_5.csv,session_5,400,25600,25728,25600,25728,51.2,51.456,clench,1,128,1.0,False,False,13.919970219112455,19.767676819525892,1850.520020289151,40.0,27.0,83.00267650975405,78.125,74.21875,316.483965497835
session_5.csv,session_5,401,25664,25792,25664,25792,51.328,51.584,clench,1,128,1.0,False,False,12.3317688521275,18.503969588731966,1669.2431026988384,43.0,22.0,86.1586500293193,89.84375,89.84375,166.0564465648316
session_5.csv,session_5,402,25728,25856,25728,25856,51.456,51.712,clench,1,128,1.0,False,False,11.104742991213186,13.957011467139495,1450.4192105240368,44.0,26.0,81.01600341803105,78.125,89.84375,125.4053046430832
session_5.csv,session_5,403,25792,25920,25792,25920,51.584,51.84,clench,1,128,1.0,False,False,16.090581311719255,19.078732017690967,2069.7396266224846,43.0,32.0,82.22918601770333,78.125,70.3125,273.1902550335954
session_5.csv,session_5,404,25856,25984,25856,25984,51.712,51.968,clench,1,128,1.0,False,False,17.48252904297927,21.297570209903046,2278.5169157413816,45.0,32.0,79.77655699660001,78.125,78.125,534.7186405380057
session_5.csv,session_5,405,25920,26048,25920,26048,51.84,52.096,clench,1,128,1.0,False,False,15.5677779515918,20.08180907333015,1994.6252773891872,42.0,26.0,79.12012526432325,78.125,78.125,277.9515102366667
session_5.csv,session_5,406,25984,26112,25984,26112,51.968,52.224,clench,1,128,1.0,False,False,16.310365194589387,21.159116065387753,2071.9530546632363,40.0,28.0,85.64224603026473,89.84375,93.75,388.9998839434157
session_5.csv,session_5,407,26048,26176,26048,26176,52.096,52.352,clench,1,118,0.921875,True,True,20.678136683254785,26.837694925417964,2592.089702987635,40.0,31.0,78.54034300738685,78.125,78.125,375.51255628258014
session_5.csv,session_5,408,26112,26240,26112,26240,52.224,52.48,relax,0,54,0.421875,True,True,13.64680327717242,21.489030396010754,1678.2097612623156,38.0,19.0,78.07523344616463,78.125,78.125,518.5446275163489
session_5.csv,session_5,409,26176,26304,26176,26304,52.352,52.608,relax,0,0,0.0,False,True,2.5902329813444025,3.4201774059777312,343.420390220219,24.0,5.0,82.4484195142867,82.03125,82.03125,6.914836184573723
session_5.csv,session_5,410,26240,26368,26240,26368,52.48,52.736,relax,0,0,0.0,False,False,1.9707689676361388,2.863330091544724,271.6187709166567,18.0,0.0,79.1379029850928,78.125,74.21875,9.454239430201486
session_5.csv,session_5,411,26304,26432,26304,26432,52.608,52.864,relax,0,0,0.0,False,False,3.4169330488242995,4.887701112779711,474.70407603536785,29.0,6.0,84.34291722767367,85.9375,89.84375,10.277999922867052
session_5.csv,session_5,412,26368,26496,26368,26496,52.736,52.992,relax,0,0,0.0,False,False,3.7719171424897064,5.033049599711824,519.9356775887253,35.0,9.0,82.44379783487885,82.03125,74.21875,16.35322138189796
session_5.csv,session_5,413,26432,26560,26432,26560,52.864,53.12,relax,0,0,0.0,False,False,4.040750922711568,4.939826413236805,535.194961592518,38.0,12.0,84.2765470597297,89.84375,97.65625,27.40297082027851
session_5.csv,session_5,414,26496,26624,26496,26624,52.992,53.248,relax,0,0,0.0,False,False,3.3992596071618166,4.402380316939713,452.69641034279607,33.0,8.0,85.6167352419778,85.9375,97.65625,14.075763972678473
session_5.csv,session_5,415,26560,26688,26560,26688,53.12,53.376,relax,0,0,0.0,False,False,2.572508867296863,3.1697041159275594,355.88688075263667,32.0,2.0,78.33729564620593,78.125,78.125,8.083516772770514
session_5.csv,session_5,416,26624,26752,26624,26752,53.248,53.504,relax,0,0,0.0,False,False,2.7614164522722557,3.3628686548413294,381.0500253980349,33.0,2.0,86.77730344187412,97.65625,97.65625,6.89873088892326
session_5.csv,session_5,417,26688,26816,26688,26816,53.376,53.632,relax,0,0,0.0,False,False,2.491054059412715,2.9950831128404065,340.7962646181171,30.0,1.0,83.28893043007903,89.84375,97.65625,6.252684364972437
session_5.csv,session_5,418,26752,26880,26752,26880,53.504,53.76,relax,0,0,0.0,False,False,2.6572950437916436,3.168854551800676,370.4339783055192,35.0,2.0,89.31832265913654,93.75,97.65625,7.368335889452799
session_5.csv,session_5,419,26816,26944,26816,26944,53.632,53.888,relax,0,0,0.0,False,False,2.635867635352417,3.197744342663726,378.83189153142825,37.0,2.0,81.93817492376498,82.03125,97.65625,4.549924129688741
session_5.csv,session_5,420,26880,27008,26880,27008,53.76,54.016,relax,0,0,0.0,False,False,2.498838866020332,3.0376901121851585,346.20389525876374,33.0,1.0,80.93480880922237,78.125,97.65625,10.058024087529292
session_5.csv,session_5,421,26944,27072,26944,27072,53.888,54.144,relax,0,0,0.0,False,False,2.641015826060987,3.2083497166829966,359.07472856902405,37.0,1.0,84.87892685496304,85.9375,97.65625,7.378994936096626
session_5.csv,session_5,422,27008,27136,27008,27136,54.016,54.272,relax,0,0,0.0,False,False,2.470343226357243,3.043141842856197,329.28144071325187,31.0,1.0,78.20242810057707,74.21875,74.21875,6.809310081392982
session_5.csv,session_5,423,27072,27200,27072,27200,54.144,54.4,relax,0,0,0.0,False,False,2.424033311265031,3.003046857686386,317.45310271782796,26.0,2.0,77.00087375329717,78.125,78.125,7.698731840335044
session_5.csv,session_5,424,27136,27264,27136,27264,54.272,54.528,relax,0,0,0.0,False,False,7.032241422985814,12.149203598923375,911.5031268258018,34.0,11.0,79.41670532944632,78.125,70.3125,21.423278255439914
session_5.csv,session_5,425,27200,27328,27200,27328,54.4,54.656,relax,0,37,0.2890625,True,True,12.346342123756079,17.42166900072512,1592.9052462954558,40.0,19.0,84.53143245026743,85.9375,97.65625,420.28614493756
session_5.csv,session_5,426,27264,27392,27264,27392,54.528,54.784,clench,1,101,0.7890625,True,True,15.021015141367695,19.047678308299957,1922.0719916905848,42.0,27.0,79.25805554506462,78.125,70.3125,282.6162427079656
session_5.csv,session_5,427,27328,27456,27328,27456,54.656,54.912,clench,1,128,1.0,False,False,18.849583078899308,22.81623296774796,2435.7125497486645,42.0,40.0,80.80961936861328,74.21875,74.21875,317.6118448367237
session_5.csv,session_5,428,27392,27520,27392,27520,54.784,55.04,clench,1,128,1.0,False,False,32.42854326339796,41.65954470106294,4371.947933506155,44.0,42.0,82.6134396643681,82.03125,78.125,1587.4766285875062
session_5.csv,session_5,429,27456,27584,27456,27584,54.912,55.168,clench,1,128,1.0,False,True,40.579557745608085,53.074402497804776,5552.58375292,44.0,38.0,80.73102147447258,78.125,78.125,2491.609465316911
session_5.csv,session_5,430,27520,27648,27520,27648,55.04,55.296,clench,1,79,0.6171875,True,True,24.000404482634877,38.805402619137126,3223.8343175688788,39.0,27.0,79.73040944103734,78.125,78.125,371.9009530248845
session_5.csv,session_5,431,27584,27712,27584,27712,55.168,55.424,relax,0,15,0.1171875,True,True,7.8367482463257065,11.094562821093515,1026.3270532003162,41.0,17.0,77.83125778480996,78.125,70.3125,35.516521731084886
session_5.csv,session_5,432,27648,27776,27648,27776,55.296,55.552,relax,0,0,0.0,False,False,4.00299833358402,5.116578252935839,532.5240489977841,35.0,8.0,85.03432138989878,85.9375,97.65625,15.859910740026882
session_5.csv,session_5,433,27712,27840,27712,27840,55.424,55.68,relax,0,0,0.0,False,False,2.78060907131787,3.627381058650022,355.34468448099415,28.0,0.0,80.94893938161361,78.125,74.21875,16.344721162843246
session_5.csv,session_5,434,27776,27904,27776,27904,55.552,55.808,relax,0,0,0.0,False,False,2.6634281927683583,3.2241086831983146,339.5041143582863,30.0,1.0,81.17496069916936,82.03125,82.03125,6.015022695449985
session_5.csv,session_5,435,27840,27968,27840,27968,55.68,55.936,relax,0,0,0.0,False,False,2.5772906743595287,3.1091093220371153,339.8495719560515,30.0,3.0,81.31593385499151,85.9375,89.84375,10.686557557169403
session_5.csv,session_5,436,27904,28032,27904,28032,55.808,56.064,relax,0,0,0.0,False,False,2.6260578404277037,3.19606599421721,356.7188849042601,32.0,3.0,83.29820039809358,85.9375,97.65625,6.189016677907221
session_5.csv,session_5,437,27968,28096,27968,28096,55.936,56.192,relax,0,0,0.0,False,False,2.9309746738459834,3.488229912168319,382.8477468751747,35.0,1.0,79.91191320338687,78.125,97.65625,6.006656024433613
session_5.csv,session_5,438,28032,28160,28032,28160,56.064,56.32,relax,0,0,0.0,False,False,2.912704007537993,3.474381384174882,373.6267421836054,30.0,5.0,77.89059332146442,74.21875,70.3125,12.517312608949394
session_5.csv,session_5,439,28096,28224,28096,28224,56.192,56.448,relax,0,0,0.0,False,False,2.9239725095840603,3.572720316669787,387.66161881155904,32.0,7.0,76.28972575733302,74.21875,70.3125,7.092794187928881
session_5.csv,session_5,440,28160,28288,28160,28288,56.32,56.576,relax,0,0,0.0,False,False,3.3397847905997384,4.082197610927379,432.81481362294346,34.0,4.0,79.81646013039122,74.21875,70.3125,9.347279254040826
session_5.csv,session_5,441,28224,28352,28224,28352,56.448,56.704,relax,0,0,0.0,False,False,6.953860352973136,9.63815239021273,872.2826491297656,34.0,10.0,80.58930169043205,78.125,74.21875,34.95824230542397
session_5.csv,session_5,442,28288,28416,28288,28416,56.576,56.832,relax,0,22,0.171875,True,True,17.65958716228348,22.470703437197894,2287.860695728994,41.0,28.0,80.67433586318981,82.03125,85.9375,615.2782500071335
session_5.csv,session_5,443,28352,28480,28352,28480,56.704,56.96,clench,1,86,0.671875,True,True,24.96221111254762,29.997868170360924,3230.8728879708997,43.0,36.0,86.26570690205688,85.9375,82.03125,521.4086060118943
session_5.csv,session_5,444,28416,28544,28416,28544,56.832,57.088,clench,1,128,1.0,False,True,28.205621710054395,35.77258833312529,3478.4279624334736,39.0,35.0,79.87947246516968,78.125,70.3125,976.8572039828518
session_5.csv,session_5,445,28480,28608,28480,28608,56.96,57.216,clench,1,128,1.0,False,False,32.09889198456661,40.36965213466681,3952.2999933709884,39.0,31.0,78.8031472253472,78.125,74.21875,1856.4996146101303
session_5.csv,session_5,446,28544,28672,28544,28672,57.088,57.344,clench,1,128,1.0,False,False,45.84497980566137,59.09411049728764,5709.227229036263,39.0,34.0,83.24400069788956,82.03125,78.125,4622.676631100211
session_5.csv,session_5,447,28608,28736,28608,28736,57.216,57.472,clench,1,128,1.0,False,False,49.29433618876386,62.143165771958834,6178.879099621588,39.0,39.0,74.37670811920788,70.3125,70.3125,2087.9806873887705
session_5.csv,session_5,448,28672,28800,28672,28800,57.344,57.6,clench,1,128,1.0,False,True,35.27506216903831,43.329757779069155,4406.631796696105,40.0,35.0,82.34794058487057,82.03125,82.03125,1574.8534607257977
session_5.csv,session_5,449,28736,28864,28736,28864,57.472,57.728,clench,1,85,0.6640625,True,True,18.758491475753218,27.255497767409327,2306.8361908625857,38.0,24.0,83.5681057006176,82.03125,78.125,967.8088653105442
session_5.csv,session_5,450,28800,28928,28800,28928,57.6,57.856,relax,0,21,0.1640625,True,True,5.080652550265949,8.651328720412433,655.41434140914,35.0,11.0,78.29554846937937,78.125,78.125,10.714277005920835
session_5.csv,session_5,451,28864,28992,28864,28992,57.728,57.984,relax,0,0,0.0,False,False,3.124366659186969,4.144052299572927,419.58335271805277,27.0,7.0,82.64213619246485,82.03125,97.65625,11.270723353094263
session_5.csv,session_5,452,28928,29056,28928,29056,57.856,58.112,relax,0,0,0.0,False,False,2.4410312220772585,3.0193976784612317,325.6175554071194,27.0,3.0,83.11423675642853,82.03125,97.65625,8.056229645629989
session_5.csv,session_5,453,28992,29120,28992,29120,57.984,58.24,relax,0,0,0.0,False,False,2.4078191862241596,2.8920256824002943,339.7820949292143,34.0,1.0,80.74856062102945,82.03125,93.75,4.06488242910549
session_5.csv,session_5,454,29056,29184,29056,29184,58.112,58.368,relax,0,0,0.0,False,False,2.631104717715398,3.234224990735152,361.5150752265812,33.0,1.0,79.42339141719694,70.3125,97.65625,7.376552168649074
session_5.csv,session_5,455,29120,29248,29120,29248,58.24,58.496,relax,0,0,0.0,False,False,2.4058562364659615,3.0683534116209428,325.6276093077789,27.0,1.0,80.47803350696418,82.03125,97.65625,8.61581591845995
session_5.csv,session_5,456,29184,29312,29184,29312,58.368,58.624,relax,0,0,0.0,False,False,2.344658033348983,3.0003164552396537,334.24741630686697,27.0,3.0,78.1951852347273,78.125,97.65625,2.3630414827301465
session_5.csv,session_5,457,29248,29376,29248,29376,58.496,58.752,relax,0,0,0.0,False,False,2.799822521431169,3.582342816682673,393.5019556777728,32.0,3.0,84.86514728790542,89.84375,97.65625,9.9682060521554
session_5.csv,session_5,458,29312,29440,29312,29440,58.624,58.88,relax,0,0,0.0,False,False,2.8776302153220294,3.6123393837491844,393.3223890691845,34.0,1.0,81.33803923486514,82.03125,97.65625,8.92836224528134
session_5.csv,session_5,459,29376,29504,29376,29504,58.752,59.008,relax,0,0,0.0,False,False,2.4179686837375085,2.955395100762123,342.1479475879969,29.0,1.0,87.02127807686331,93.75,97.65625,7.4177190144967815
session_5.csv,session_5,460,29440,29568,29440,29568,58.88,59.136,relax,0,0,0.0,False,False,2.165255466065898,2.6737453550620396,305.3428843473056,25.0,2.0,78.9852095756065,82.03125,97.65625,2.3000313641002177
session_5.csv,session_5,461,29504,29632,29504,29632,59.008,59.264,relax,0,0,0.0,False,False,2.4864136631040337,3.096281791982719,356.83085970720845,34.0,3.0,88.38677959089927,97.65625,97.65625,8.07604836940546
session_5.csv,session_5,462,29568,29696,29568,29696,59.136,59.392,relax,0,0,0.0,False,False,2.6741233052087123,3.2975601922127997,384.2909946453277,37.0,3.0,84.51153244775287,85.9375,97.65625,6.2160431544024535
session_5.csv,session_5,463,29632,29760,29632,29760,59.264,59.52,relax,0,0,0.0,False,False,2.7215162423931094,3.3706810968345344,388.9877129817643,35.0,4.0,87.2164327161415,93.75,97.65625,8.643255224025427
session_5.csv,session_5,464,29696,29824,29696,29824,59.392,59.648,relax,0,0,0.0,False,False,2.620124038337627,3.237027935626417,374.04459763602677,32.0,4.0,81.6874216138976,85.9375,93.75,4.013378736573209
session_5.csv,session_5,465,29760,29888,29760,29888,59.52,59.776,relax,0,0,0.0,False,False,3.0031439683129006,3.7151378933838686,428.2870560418696,34.0,9.0,88.90409644778383,97.65625,97.65625,10.043948418115825
session_5.csv,session_5,466,29824,29952,29824,29952,59.648,59.904,relax,0,0,0.0,False,False,4.571606380027655,5.898003958875889,594.0211411572855,40.0,14.0,80.10478654261065,82.03125,82.03125,23.802201545827643
session_5.csv,session_5,467,29888,30016,29888,30016,59.776,60.032,relax,0,0,0.0,False,False,10.157024838651948,14.00901570834066,1222.3964858933844,38.0,17.0,74.94657021867458,74.21875,78.125,182.58710320707016
session_5.csv,session_5,468,29952,30080,29952,30080,59.904,60.16,relax,0,29,0.2265625,True,True,14.937284498173039,18.435988960569755,1889.6819981837652,41.0,28.0,78.19093870537455,78.125,82.03125,284.8857100210176
session_5.csv,session_5,469,30016,30144,30016,30144,60.032,60.288,clench,1,93,0.7265625,True,True,13.954914180831834,17.128396554609523,1892.8999361834306,46.0,34.0,79.87815248748335,78.125,74.21875,133.6317598844733
session_5.csv,session_5,470,30080,30208,30080,30208,60.16,60.416,clench,1,128,1.0,False,False,18.019230529073088,23.059833346365565,2377.4779016507464,45.0,32.0,82.963408569474,82.03125,74.21875,390.3782838586892
session_5.csv,session_5,471,30144,30272,30144,30272,60.288,60.544,clench,1,128,1.0,False,False,25.531611195841208,30.75648394781009,3267.523589992086,43.0,33.0,76.82722894188869,74.21875,74.21875,955.8616078882479
session_5.csv,session_5,472,30208,30336,30208,30336,60.416,60.672,clench,1,128,1.0,False,False,24.63351423341356,29.517153025783742,3286.8219968536,46.0,38.0,83.94448146390104,89.84375,89.84375,561.1947955667323
session_5.csv,session_5,473,30272,30400,30272,30400,60.544,60.8,clench,1,128,1.0,False,False,30.47143435500154,37.40443326715644,4008.2676909458887,46.0,40.0,81.33266030674741,82.03125,74.21875,1301.6730733411287
session_5.csv,session_5,474,30336,30464,30336,30464,60.672,60.928,clench,1,128,1.0,False,False,33.373593970694124,40.370825846833405,4179.413899343846,41.0,34.0,77.8001278128978,74.21875,74.21875,1677.6721044439146
session_5.csv,session_5,475,30400,30528,30400,30528,60.8,61.056,clench,1,128,1.0,False,False,27.076378855300835,33.3286936746106,3319.7160267258473,41.0,31.0,80.7338280609226,78.125,74.21875,817.2296754207491
session_5.csv,session_5,476,30464,30592,30464,30592,60.928,61.184,clench,1,128,1.0,False,True,18.092976698933338,24.7163514757158,2269.563256749922,43.0,28.0,80.61159241156889,82.03125,85.9375,653.9169799577379
session_5.csv,session_5,477,30528,30656,30528,30656,61.056,61.312,clench,1,86,0.671875,True,True,11.160641130626937,14.820897009517344,1493.7971168295937,43.0,24.0,85.22235827262071,85.9375,85.9375,79.76384420819811
session_5.csv,session_5,478,30592,30720,30592,30720,61.184,61.44,relax,0,22,0.171875,True,True,8.885738021018113,13.260401671852426,1186.3290002357298,37.0,18.0,87.45258686807679,89.84375,89.84375,273.97898911439256
session_5.csv,session_5,479,30656,30784,30656,30784,61.312,61.568,relax,0,0,0.0,False,False,5.223031465866419,6.444978625517562,674.3565684248302,37.0,19.0,88.90040957514672,89.84375,89.84375,28.08398700432434
session_5.csv,session_5,480,30720,30848,30720,30848,61.44,61.696,relax,0,0,0.0,False,False,4.770328495094345,5.696974151079977,655.4471218197832,42.0,17.0,83.1874017987018,82.03125,82.03125,21.502818468948586
session_5.csv,session_5,481,30784,30912,30784,30912,61.568,61.824,relax,0,0,0.0,False,False,3.9969771372599094,4.701541404127899,556.7925954694139,44.0,12.0,87.07166810468375,89.84375,97.65625,14.991184106963702
session_5.csv,session_5,482,30848,30976,30848,30976,61.696,61.952,relax,0,0,0.0,False,False,3.762957706786615,4.474989401149143,532.8127137623424,43.0,13.0,86.28168294875785,85.9375,97.65625,11.035975777014636
session_5.csv,session_5,483,30912,31040,30912,31040,61.824,62.08,relax,0,0,0.0,False,False,3.0398467463615413,3.809461280222081,430.5425846062592,33.0,7.0,87.2711998082476,89.84375,97.65625,11.683281356175403
session_5.csv,session_5,484,30976,31104,30976,31104,61.952,62.208,relax,0,0,0.0,False,False,2.916120191022447,3.626520087710935,398.98219319843076,34.0,5.0,80.56786388473952,78.125,74.21875,8.757773635892658
session_5.csv,session_5,485,31040,31168,31040,31168,62.08,62.336,relax,0,0,0.0,False,False,3.402260939543206,4.148736476680469,477.33404928895106,41.0,10.0,92.28794827999636,97.65625,97.65625,14.72027241967981
session_5.csv,session_5,486,31104,31232,31104,31232,62.208,62.464,relax,0,0,0.0,False,False,3.4500992590320667,4.337138685116385,500.3087830299037,40.0,12.0,83.91411679316921,89.84375,93.75,9.409648545926158
session_5.csv,session_5,487,31168,31296,31168,31296,62.336,62.592,relax,0,0,0.0,False,False,3.5797187495228577,4.411809715667072,522.9619130175851,42.0,10.0,86.96280545088065,93.75,97.65625,9.085903177545923
session_5.csv,session_5,488,31232,31360,31232,31360,62.464,62.72,relax,0,0,0.0,False,False,3.400028303334344,4.066224765369556,484.3333021135296,42.0,9.0,86.65547932593168,97.65625,97.65625,8.40014000600105
session_5.csv,session_5,489,31296,31424,31296,31424,62.592,62.848,relax,0,0,0.0,False,False,3.0627694773490024,3.674217706843193,438.67780112816934,42.0,7.0,87.6310447289257,97.65625,97.65625,7.622696766395969
session_5.csv,session_5,490,31360,31488,31360,31488,62.72,62.976,relax,0,0,0.0,False,False,3.473852044183549,4.119700032538694,506.966612011136,47.0,9.0,91.25211436604202,97.65625,97.65625,11.722630846503247
session_5.csv,session_5,491,31424,31552,31424,31552,62.848,63.104,relax,0,0,0.0,False,False,3.6908303825471735,4.383150538936582,539.1580169253822,47.0,13.0,89.17416829033502,97.65625,97.65625,5.782970822504008
session_5.csv,session_5,492,31488,31616,31488,31616,62.976,63.232,relax,0,0,0.0,False,False,4.282599787547222,5.186840605926534,617.8253339220128,49.0,16.0,90.28799523349524,97.65625,97.65625,14.284260841115126
session_5.csv,session_5,493,31552,31680,31552,31680,63.104,63.36,relax,0,9,0.0703125,True,True,7.584056997778499,10.55785244450546,993.3139352428007,47.0,19.0,82.7963350255702,82.03125,97.65625,49.708803470003936
session_5.csv,session_5,494,31616,31744,31616,31744,63.232,63.488,clench,1,73,0.5703125,True,True,11.934130136500734,14.907457069373518,1539.2077394751796,44.0,23.0,82.46814187022751,82.03125,89.84375,284.09243217912433
session_5.csv,session_5,495,31680,31808,31680,31808,63.36,63.616,clench,1,128,1.0,False,True,18.1921240500526,21.708764207284368,2393.405705149588,45.0,31.0,79.49702270922192,82.03125,82.03125,486.4221923148325
session_5.csv,session_5,496,31744,31872,31744,31872,63.488,63.744,clench,1,128,1.0,False,False,22.434396354835815,26.307319279904636,2982.1063990097427,44.0,34.0,89.44035356601569,93.75,97.65625,552.0394922607204
session_5.csv,session_5,497,31808,31936,31808,31936,63.616,63.872,clench,1,128,1.0,False,False,20.224303061171874,24.979900517279013,2729.588750082361,44.0,33.0,82.4781083606561,82.03125,74.21875,477.80480016369705
session_5.csv,session_5,498,31872,32000,31872,32000,63.744,64.0,clench,1,128,1.0,False,False,17.70519365688989,22.380205041111942,2442.5596366719637,45.0,32.0,83.59529703653347,82.03125,78.125,274.3507916694551
session_5.csv,session_5,499,31936,32064,31936,32064,63.872,64.128,clench,1,128,1.0,False,False,20.74211453269671,25.533191441501735,2687.6434697324944,44.0,34.0,79.72065127019715,78.125,97.65625,293.83197122469153
session_5.csv,session_5,500,32000,32128,32000,32128,64.0,64.256,clench,1,128,1.0,False,False,29.813230203273854,37.364739833158474,3839.5209881556566,44.0,38.0,81.88069567022971,78.125,78.125,1276.308751635119
session_5.csv,session_5,501,32064,32192,32064,32192,64.128,64.384,clench,1,128,1.0,False,False,25.731101406362335,34.545469031843155,3337.0024394134953,43.0,34.0,84.36599582910944,82.03125,78.125,1227.5133175968137
session_5.csv,session_5,502,32128,32256,32128,32256,64.256,64.512,clench,1,109,0.8515625,True,True,21.74663163128283,27.995351234217352,2638.4569009298393,40.0,30.0,77.57374920503158,78.125,78.125,933.077454532248
session_5.csv,session_5,503,32192,32320,32192,32320,64.384,64.64,relax,0,45,0.3515625,True,True,15.876625744038797,23.978507554566256,1906.7003248238275,37.0,23.0,74.87660122604092,74.21875,70.3125,267.5933338881509
session_5.csv,session_5,504,32256,32384,32256,32384,64.512,64.768,relax,0,0,0.0,False,True,3.787018071470457,4.6313831305661255,510.0113271699504,39.0,9.0,81.52055434464228,78.125,97.65625,11.816173418072045
session_5.csv,session_5,505,32320,32448,32320,32448,64.64,64.896,relax,0,0,0.0,False,False,3.488670851905743,4.099024333642388,506.6372985188899,47.0,8.0,89.56055096540285,97.65625,97.65625,10.111128931130727
session_5.csv,session_5,506,32384,32512,32384,32512,64.768,65.024,relax,0,0,0.0,False,False,3.6085419183256437,4.199426107673143,526.1148638736972,49.0,10.0,89.69032368170811,97.65625,97.65625,10.962009600553325
session_5.csv,session_5,507,32448,32576,32448,32576,64.896,65.152,relax,0,0,0.0,False,False,3.3770585074271597,4.07396767710735,484.6742975167257,43.0,11.0,88.44912516773707,97.65625,97.65625,11.525844575738468
session_5.csv,session_5,508,32512,32640,32512,32640,65.024,65.28,relax,0,0,0.0,False,False,3.4452382179085888,4.263933489156733,493.3549262676878,42.0,12.0,79.67329663751462,78.125,97.65625,5.989414379793435
session_5.csv,session_5,509,32576,32704,32576,32704,65.152,65.408,relax,0,0,0.0,False,False,4.036929455976372,4.993576801085228,590.4278641422903,48.0,12.0,89.10837576939201,97.65625,97.65625,11.499388694889655
session_5.csv,session_5,510,32640,32768,32640,32768,65.28,65.536,relax,0,0,0.0,False,False,4.354762861512194,5.133639031406356,635.0017054865975,51.0,17.0,87.6523767836196,97.65625,97.65625,18.956022240955804
session_5.csv,session_5,511,32704,32832,32704,32832,65.408,65.664,relax,0,0,0.0,False,False,3.645730325676742,4.218297113859978,511.9129771382693,45.0,13.0,91.05112202369995,97.65625,97.65625,9.535189853011822
session_5.csv,session_5,512,32768,32896,32768,32896,65.536,65.792,relax,0,0,0.0,False,False,3.5828238788952156,4.274814529483341,498.7479778113808,42.0,7.0,84.8511449724589,89.84375,97.65625,14.722293863529595
session_5.csv,session_5,513,32832,32960,32832,32960,65.664,65.92,relax,0,0,0.0,False,False,3.959272202723807,4.667876256738162,577.9786410495043,48.0,13.0,88.81223528688781,97.65625,97.65625,10.032003431356932
session_5.csv,session_5,514,32896,33024,32896,33024,65.792,66.048,relax,0,0,0.0,False,False,3.915756499565891,4.686653717275881,572.7125671133246,45.0,16.0,88.60931089955487,97.65625,97.65625,16.271143364943068
session_5.csv,session_5,515,32960,33088,32960,33088,65.92,66.176,relax,0,0,0.0,False,False,4.029848236825726,4.892194372215688,591.1395178680074,46.0,15.0,86.7382066197647,97.65625,97.65625,8.023775467932541
session_5.csv,session_5,516,33024,33152,33024,33152,66.048,66.304,relax,0,0,0.0,False,False,4.1321056975363994,4.886063538692019,609.0196976968448,51.0,16.0,88.71963040501686,97.65625,97.65625,9.969714346246336
session_5.csv,session_5,517,33088,33216,33088,33216,66.176,66.432,relax,0,0,0.0,False,False,3.4365025223513506,4.121580394263766,497.47481093977626,45.0,8.0,88.11673359102859,93.75,97.65625,11.409628908184681
session_5.csv,session_5,518,33152,33280,33152,33280,66.304,66.56,relax,0,0,0.0,False,False,3.5566200862061805,4.242410759403671,505.1840920659903,45.0,9.0,90.37925382132438,97.65625,97.65625,12.357308160813986
session_5.csv,session_5,519,33216,33344,33216,33344,66.432,66.688,relax,0,0,0.0,False,False,3.184054734864633,3.8840733725511116,437.03788390049397,38.0,8.0,81.17091039928847,82.03125,97.65625,8.927194481297747
session_5.csv,session_5,520,33280,33408,33280,33408,66.56,66.816,relax,0,0,0.0,False,False,2.208658087436085,2.801395859931945,301.3907917215231,26.0,1.0,79.34622743944422,85.9375,97.65625,3.388558571604843
session_5.csv,session_5,521,33344,33472,33344,33472,66.688,66.944,relax,0,0,0.0,False,False,2.9318920951678393,3.66546160581419,419.9188488727398,37.0,5.0,84.50960176685338,89.84375,97.65625,7.976971921739018
session_5.csv,session_5,522,33408,33536,33408,33536,66.816,67.072,relax,0,0,0.0,False,False,3.760247691569087,4.357510263762037,546.4465176017268,49.0,12.0,91.53263820441352,97.65625,97.65625,12.025644212033933
session_5.csv,session_5,523,33472,33600,33472,33600,66.944,67.2,relax,0,0,0.0,False,False,5.271544723700361,6.390836503554479,703.9611057001807,48.0,20.0,89.07790896418176,97.65625,97.65625,14.757803465517531
session_5.csv,session_5,524,33536,33664,33536,33664,67.072,67.328,relax,0,0,0.0,False,True,9.92110854722096,13.863414526570528,1334.0221461258861,47.0,24.0,80.96718943476635,82.03125,74.21875,111.49627887766422
session_5.csv,session_5,525,33600,33728,33600,33728,67.2,67.456,relax,0,62,0.484375,True,True,11.961133748545329,15.61094301073391,1551.5310135623574,43.0,24.0,77.69232822004682,74.21875,70.3125,206.4199146806624
session_5.csv,session_5,526,33664,33792,33664,33792,67.328,67.584,clench,1,126,0.984375,True,True,15.547127085732729,20.29625429562611,1915.5401026125464,39.0,25.0,79.02485012096264,78.125,74.21875,361.17177337863
session_5.csv,session_5,527,33728,33856,33728,33856,67.456,67.712,clench,1,128,1.0,False,False,18.88637083962876,23.56506607635741,2350.488087728705,40.0,30.0,83.08400302655441,82.03125,82.03125,607.7612889382982
session_5.csv,session_5,528,33792,33920,33792,33920,67.584,67.84,clench,1,128,1.0,False,False,21.981860811987755,26.80450310000344,2847.8511096854377,41.0,36.0,73.44123020707308,70.3125,70.3125,314.3843226493737
session_5.csv,session_5,529,33856,33984,33856,33984,67.712,67.968,clench,1,128,1.0,False,False,21.8276940537419,26.49680085034024,2885.5213503516825,44.0,35.0,86.58916291365983,85.9375,89.84375,1009.5659228086948
session_5.csv,session_5,530,33920,34048,33920,34048,67.84,68.096,clench,1,128,1.0,False,False,25.968820504691358,33.337745796324306,3305.36487685698,44.0,31.0,84.1583495686595,85.9375,82.03125,1236.38962097447
session_5.csv,session_5,531,33984,34112,33984,34112,67.968,68.224,clench,1,128,1.0,False,False,25.670354330044358,34.348426170455674,3413.219123131721,46.0,35.0,75.78049352225372,74.21875,70.3125,939.9944298272266
session_5.csv,session_5,532,34048,34176,34048,34176,68.096,68.352,clench,1,121,0.9453125,True,True,15.606426612993827,20.775569871935307,2152.292167834652,46.0,34.0,83.71125828436323,85.9375,85.9375,215.0325342341562
session_5.csv,session_5,533,34112,34240,34112,34240,68.224,68.48,relax,0,57,0.4453125,True,True,10.02003589903643,13.14075105290341,1283.8136706466003,41.0,24.0,80.53991247424223,78.125,78.125,128.14956412360127
session_5.csv,session_5,534,34176,34304,34176,34304,68.352,68.608,relax,0,0,0.0,False,True,4.4096061561959585,5.33976080146608,591.9240635787521,37.0,14.0,85.9622251210339,85.9375,97.65625,22.329688622563417
session_5.csv,session_5,535,34240,34368,34240,34368,68.48,68.736,relax,0,0,0.0,False,False,3.1804638300270875,3.9460540103206005,437.816224539495,35.0,8.0,75.89328775582727,74.21875,74.21875,7.715346266139798
session_5.csv,session_5,536,34304,34432,34304,34432,68.608,68.864,relax,0,0,0.0,False,False,2.732921305918161,3.339692956053557,366.63835608199076,32.0,3.0,83.67975317208187,85.9375,97.65625,8.153616906252058
session_5.csv,session_5,537,34368,34496,34368,34496,68.736,68.992,relax,0,0,0.0,False,False,3.0544545712928697,3.730509601877013,426.52880650951295,34.0,4.0,84.53639707493159,89.84375,97.65625,10.987459125936095
session_5.csv,session_5,538,34432,34560,34432,34560,68.864,69.12,relax,0,0,0.0,False,False,3.2664658114828873,3.890518975659738,468.5164665844054,40.0,5.0,88.91904257539208,97.65625,97.65625,7.035149608203646
session_5.csv,session_5,539,34496,34624,34496,34624,68.992,69.248,relax,0,0,0.0,False,False,3.1564544069322498,3.7076522056007413,452.96798260105084,44.0,7.0,83.9598705646875,82.03125,97.65625,5.39160303424741
session_5.csv,session_5,540,34560,34688,34560,34688,69.12,69.376,relax,0,0,0.0,False,False,2.7234703268092186,3.2602263225631267,392.55108236423723,39.0,5.0,88.74376617531054,97.65625,97.65625,5.013537289923537
session_5.csv,session_5,541,34624,34752,34624,34752,69.248,69.504,relax,0,0,0.0,False,False,3.0464200538839394,3.7343779638823436,438.54530332123693,38.0,4.0,88.51653380424993,93.75,97.65625,9.511559851000236
session_5.csv,session_5,542,34688,34816,34688,34816,69.376,69.632,relax,0,0,0.0,False,False,3.6411509195046614,4.280927198867391,527.816871687629,45.0,11.0,88.1325834739416,97.65625,97.65625,9.884618163192693
session_5.csv,session_5,543,34752,34880,34752,34880,69.504,69.76,relax,0,0,0.0,False,False,3.2363761163749514,3.8848523116379456,454.5075464080368,43.0,8.0,82.01359256751037,85.9375,97.65625,11.842026669747145
session_5.csv,session_5,544,34816,34944,34816,34944,69.632,69.888,relax,0,0,0.0,False,False,3.1854885412832727,4.048977026939318,435.1816083463277,41.0,5.0,80.0655859580019,74.21875,97.65625,5.076972514975446
session_5.csv,session_5,545,34880,35008,34880,35008,69.76,70.016,relax,0,0,0.0,False,False,3.172215629214808,4.036547539279309,455.06332630169413,38.0,8.0,89.26016313379115,93.75,97.65625,16.086600618125395
session_5.csv,session_5,546,34944,35072,34944,35072,69.888,70.144,relax,0,0,0.0,False,False,2.8959314318661393,3.5358663014214065,419.8894615596279,37.0,7.0,87.26344037268666,97.65625,97.65625,9.380067695821117
session_5.csv,session_5,547,35008,35136,35008,35136,70.016,70.272,relax,0,0,0.0,False,False,2.79518096600349,3.405466170769652,398.7420736783191,35.0,5.0,79.72066682796267,85.9375,97.65625,3.9005305059032493
session_5.csv,session_5,548,35072,35200,35072,35200,70.144,70.4,relax,0,0,0.0,False,False,2.753319427504315,3.3148461799843356,390.59131898577516,36.0,2.0,90.64512863382608,97.65625,97.65625,9.187234990661722
session_5.csv,session_5,549,35136,35264,35136,35264,70.272,70.528,relax,0,0,0.0,False,False,3.031258296416916,3.554884083747663,436.991984825234,45.0,5.0,84.5875610201054,89.84375,97.65625,6.447877377560872
session_5.csv,session_5,550,35200,35328,35200,35328,70.4,70.656,relax,0,0,0.0,False,False,3.0071016704076055,3.5643273430486238,441.16224143090847,45.0,5.0,90.86903335962911,97.65625,97.65625,5.821865560655182
session_5.csv,session_5,551,35264,35392,35264,35392,70.528,70.784,relax,0,0,0.0,False,True,8.562109226708756,15.087369495860866,1054.3699325176917,40.0,5.0,81.09536854820134,82.03125,85.9375,47.46517902029775
session_5.csv,session_5,552,35328,35456,35328,35456,70.656,70.912,relax,0,42,0.328125,True,True,15.56519147917368,21.139739278538705,1981.4804289341096,41.0,21.0,82.42662471062822,82.03125,85.9375,856.3591820429825
session_5.csv,session_5,553,35392,35520,35392,35520,70.784,71.04,clench,1,106,0.828125,True,True,14.380541158607269,17.92431875363018,1908.384976555851,44.0,31.0,85.89388397440064,85.9375,89.84375,163.52346749162842
session_5.csv,session_5,554,35456,35584,35456,35584,70.912,71.168,clench,1,128,1.0,False,False,14.804869942037872,18.50367978840007,1978.7839621200385,43.0,33.0,83.09184463730845,85.9375,85.9375,323.73373763864225
session_5.csv,session_5,555,35520,35648,35520,35648,71.04,71.296,clench,1,128,1.0,False,False,20.65529615044255,25.021369918882773,2710.009519075842,42.0,34.0,86.65327519223024,89.84375,93.75,440.8098543825586
session_5.csv,session_5,556,35584,35712,35584,35712,71.168,71.424,clench,1,128,1.0,False,False,19.28848655980362,23.11294191633378,2485.857936925132,42.0,31.0,82.56750696227732,82.03125,82.03125,495.1276655510671
session_5.csv,session_5,557,35648,35776,35648,35776,71.296,71.552,clench,1,128,1.0,False,False,18.471418449779556,21.991658684982358,2385.963573977582,42.0,32.0,79.09057750084538,82.03125,85.9375,507.17306538526697
session_5.csv,session_5,558,35712,35840,35712,35840,71.424,71.68,clench,1,128,1.0,False,False,26.343083378282778,31.173066800185033,3304.0820364231968,41.0,35.0,82.24364007364451,82.03125,82.03125,647.1837254089332
session_5.csv,session_5,559,35776,35904,35776,35904,71.552,71.808,clench,1,128,1.0,False,False,31.28893730744035,36.91601325136634,3902.9802807130545,40.0,36.0,76.16426906315762,74.21875,74.21875,1283.140461678147
session_5.csv,session_5,560,35840,35968,35840,35968,71.68,71.936,clench,1,128,1.0,False,False,31.099360716171727,36.954327166380864,3907.7864194820663,40.0,37.0,84.48206403272133,85.9375,85.9375,1038.0984940139442
session_5.csv,session_5,561,35904,36032,35904,36032,71.808,72.064,clench,1,128,1.0,False,False,30.108615902237958,37.69662613618714,3922.43972172283,40.0,33.0,78.8638243719853,74.21875,74.21875,1116.921384039847
session_5.csv,session_5,562,35968,36096,35968,36096,71.936,72.192,clench,1,121,0.9453125,True,True,21.814057148446782,30.06204804609068,2830.042831097947,40.0,28.0,84.09681420469336,82.03125,93.75,620.1408911869202
session_5.csv,session_5,563,36032,36160,36032,36160,72.064,72.32,relax,0,57,0.4453125,True,True,8.44910560366147,11.626528186109269,1036.6980969750812,37.0,12.0,79.46910851280443,78.125,78.125,86.79425867016433
session_5.csv,session_5,564,36096,36224,36096,36224,72.192,72.448,relax,0,0,0.0,False,True,3.6155156920009315,4.292625266052098,451.02858313529384,35.0,4.0,78.61076215682569,78.125,78.125,14.277141017611864
session_5.csv,session_5,565,36160,36288,36160,36288,72.32,72.576,relax,0,0,0.0,False,False,3.3957894079951334,4.156553686655586,449.45911236750806,35.0,7.0,78.53553747925395,74.21875,70.3125,14.138962409571619
session_5.csv,session_5,566,36224,36352,36224,36352,72.448,72.704,relax,0,0,0.0,False,False,2.8985759764908847,3.5257085124398717,407.4806410072663,38.0,5.0,82.33779523492566,82.03125,97.65625,6.9915423725612476
session_5.csv,session_5,567,36288,36416,36288,36416,72.576,72.832,relax,0,0,0.0,False,False,2.982351217762897,3.5545516276025824,410.8749101173246,40.0,5.0,82.82958793396648,85.9375,97.65625,11.04963758950674
session_5.csv,session_5,568,36352,36480,36352,36480,72.704,72.96,relax,0,0,0.0,False,False,3.0834130144461014,3.6907415332714515,410.7463353642936,37.0,5.0,85.00043663758682,93.75,97.65625,9.340762631540523
session_5.csv,session_5,569,36416,36544,36416,36544,72.832,73.088,relax,0,0,0.0,False,False,2.8574854905072815,3.4894136983710395,391.38790558114147,34.0,4.0,77.7223090274679,70.3125,97.65625,4.590297910642936
session_5.csv,session_5,570,36480,36608,36480,36608,72.96,73.216,relax,0,0,0.0,False,False,3.1457460729385973,3.988298071878402,449.06837313460744,36.0,7.0,83.88077431737655,85.9375,97.65625,7.862104666166622
session_5.csv,session_5,571,36544,36672,36544,36672,73.088,73.344,relax,0,0,0.0,False,False,3.1933950842407146,3.948839012699219,455.77793995869456,39.0,8.0,86.35794217439516,93.75,97.65625,8.38769875451202
session_5.csv,session_5,572,36608,36736,36608,36736,73.216,73.472,relax,0,0,0.0,False,False,2.7241928089024396,3.3752687708425673,387.6724795741982,36.0,4.0,82.0830558983679,85.9375,97.65625,8.116623957123426
session_5.csv,session_5,573,36672,36800,36672,36800,73.344,73.6,relax,0,0,0.0,False,False,2.7595447257862196,3.5119127888655153,383.4599010203791,33.0,5.0,86.70619341368837,97.65625,97.65625,5.537137636213034
session_5.csv,session_5,574,36736,36864,36736,36864,73.472,73.728,relax,0,0,0.0,False,False,3.1773627367894965,3.839011471551863,448.8024864876413,40.0,10.0,86.07393175826057,89.84375,97.65625,10.61757848767958
session_5.csv,session_5,575,36800,36928,36800,36928,73.6,73.856,relax,0,0,0.0,False,False,3.151868190234863,3.7043394989995133,449.7548201890312,46.0,9.0,87.65976698834635,93.75,97.65625,6.537043030623975
session_5.csv,session_5,576,36864,36992,36864,36992,73.728,73.984,relax,0,0,0.0,False,False,3.1072541689855715,3.6956344664926393,433.9032067834901,41.0,6.0,89.76381823903024,97.65625,97.65625,9.16257840810044
session_5.csv,session_5,577,36928,37056,36928,37056,73.856,74.112,relax,0,0,0.0,False,False,3.005805079312455,3.6120529869365465,416.41351188375654,38.0,5.0,82.60943973889707,78.125,97.65625,7.433338308622586
session_5.csv,session_5,578,36992,37120,36992,37120,73.984,74.24,relax,0,0,0.0,False,False,3.72598946651971,4.544260621714388,529.6063341321006,44.0,12.0,85.64195772301602,93.75,97.65625,6.761308770818831
session_5.csv,session_5,579,37056,37184,37056,37184,74.112,74.368,relax,0,0,0.0,False,False,3.658798520934809,4.574581126239442,512.9856732429872,39.0,11.0,85.4651747004199,89.84375,97.65625,14.448339384475178
session_5.csv,session_5,580,37120,37248,37120,37248,74.24,74.496,relax,0,0,0.0,False,False,3.331213479063684,4.171179434434653,467.4267791464815,39.0,7.0,85.13720789025766,89.84375,97.65625,12.857016817546626
session_5.csv,session_5,581,37184,37312,37184,37312,74.368,74.624,relax,0,0,0.0,False,False,3.5008654974020548,4.192977387048456,506.4879880036947,48.0,8.0,87.4472973478735,97.65625,97.65625,6.268594113837691
session_5.csv,session_5,582,37248,37376,37248,37376,74.496,74.752,relax,0,0,0.0,False,False,2.7597059859992266,3.2547475058008173,392.6995389550242,42.0,3.0,78.87024099696599,74.21875,97.65625,6.058062447541387
session_5.csv,session_5,583,37312,37440,37312,37440,74.624,74.88,relax,0,0,0.0,False,False,3.1300847846395614,3.7634363416217846,435.05623396191936,37.0,6.0,88.47333870162443,97.65625,97.65625,10.846555115281653
session_5.csv,session_5,584,37376,37504,37376,37504,74.752,75.008,relax,0,0,0.0,False,False,3.585332773995365,4.3590788955966735,491.2570963068182,36.0,10.0,80.75643622368878,82.03125,70.3125,12.595875899009044
session_5.csv,session_5,585,37440,37568,37440,37568,74.88,75.136,relax,0,0,0.0,False,False,3.2629719526516077,4.055766545523611,449.6295539577977,37.0,7.0,79.4160560964519,82.03125,97.65625,6.304456395851762
session_5.csv,session_5,586,37504,37632,37504,37632,75.008,75.264,relax,0,0,0.0,False,False,3.463094132204203,4.176801885296154,500.71185186228956,44.0,9.0,86.40804998852649,97.65625,97.65625,11.256469884370073
session_5.csv,session_5,587,37568,37696,37568,37696,75.136,75.392,relax,0,0,0.0,False,False,3.880336609894097,4.640419817505354,561.0695469961139,44.0,12.0,87.10222208598992,89.84375,97.65625,9.319378460253036
session_5.csv,session_5,588,37632,37760,37632,37760,75.264,75.52,relax,0,0,0.0,False,False,3.6457865914806584,4.423132875149031,502.76975602188395,40.0,10.0,88.50159108314652,89.84375,97.65625,10.633756422814125
session_5.csv,session_5,589,37696,37824,37696,37824,75.392,75.648,relax,0,0,0.0,False,True,4.981442077825113,6.575421753510897,668.1131288614257,40.0,14.0,83.1034467356807,82.03125,97.65625,21.31784940474708
session_5.csv,session_5,590,37760,37888,37760,37888,75.52,75.776,relax,0,59,0.4609375,True,True,7.50034990900207,10.07594684138674,1019.5913835788617,40.0,20.0,89.18419980597258,93.75,93.75,91.31145669485755
session_5.csv,session_5,591,37824,37952,37824,37952,75.648,75.904,clench,1,123,0.9609375,True,True,9.285840649372819,11.681151892998797,1248.5418359693435,42.0,27.0,79.99951997446722,82.03125,74.21875,121.89420939229609
session_5.csv,session_5,592,37888,38016,37888,38016,75.776,76.032,clench,1,128,1.0,False,False,12.785705857258364,15.577745753233689,1694.5879009974647,45.0,33.0,81.69863580344536,82.03125,85.9375,157.10882114545288
session_5.csv,session_5,593,37952,38080,37952,38080,75.904,76.16,clench,1,128,1.0,False,False,17.65615308912749,23.113236801581575,2333.878533350122,43.0,33.0,86.78605657699735,89.84375,93.75,689.538487510004
session_5.csv,session_5,594,38016,38144,38016,38144,76.032,76.288,clench,1,128,1.0,False,False,19.505018258007638,25.395968215698154,2496.6859340309347,40.0,32.0,80.95258727589346,82.03125,82.03125,378.09942747299226
session_5.csv,session_5,595,38080,38208,38080,38208,76.16,76.416,clench,1,128,1.0,False,False,22.342399332769396,27.00391699243004,2798.7111588713433,41.0,35.0,75.86922732871507,74.21875,74.21875,637.8096668258805
session_5.csv,session_5,596,38144,38272,38144,38272,76.288,76.544,clench,1,128,1.0,False,False,24.170295412591056,31.87135483819612,3151.834939993734,45.0,34.0,82.37101847830672,82.03125,93.75,455.49078804416916
session_5.csv,session_5,597,38208,38336,38208,38336,76.416,76.672,clench,1,128,1.0,False,False,18.342478852985764,27.244563198406723,2430.646325287083,42.0,31.0,81.9584760339253,78.125,97.65625,1101.8687790916065
session_5.csv,session_5,598,38272,38400,38272,38400,76.544,76.8,clench,1,103,0.8046875,True,True,8.96476208436087,13.577553125831317,1155.7743905327538,35.0,23.0,79.54062347628395,74.21875,66.40625,67.9330807011748
session_5.csv,session_5,599,38336,38464,38336,38464,76.672,76.928,relax,0,39,0.3046875,True,True,4.276846220271708,5.489260476665666,567.8086005683488,37.0,11.0,84.96365355887062,89.84375,97.65625,38.05775316384777
session_5.csv,session_5,600,38400,38528,38400,38528,76.8,77.056,relax,0,0,0.0,False,True,4.261705630113346,5.3690255588922104,596.3125857207142,45.0,12.0,85.25419398277072,93.75,97.65625,8.575619144136143
session_5.csv,session_5,601,38464,38592,38464,38592,76.928,77.184,relax,0,0,0.0,False,False,4.312567770991698,5.0614526248535086,624.3179873691926,45.0,16.0,92.01103020761002,97.65625,97.65625,17.2175207832494
session_5.csv,session_5,602,38528,38656,38528,38656,77.056,77.312,relax,0,0,0.0,False,False,4.330127501096426,5.1102164045078755,630.1278576995588,44.0,15.0,88.7416103498745,97.65625,97.65625,12.677662837729763
session_5.csv,session_5,603,38592,38720,38592,38720,77.184,77.44,relax,0,0,0.0,False,False,3.8206320891538015,4.687527915091009,543.4293098055978,43.0,9.0,84.83276284234886,89.84375,97.65625,12.599864477859539
session_5.csv,session_5,604,38656,38784,38656,38784,77.312,77.568,relax,0,0,0.0,False,False,3.878355806035218,4.803275978313175,544.5091357696625,44.0,10.0,86.21202753203099,85.9375,97.65625,20.04641921215405
session_5.csv,session_5,605,38720,38848,38720,38848,77.44,77.696,relax,0,0,0.0,False,False,3.5795448111528794,4.4332586490853165,501.3300986522803,44.0,10.0,90.18305097163261,97.65625,97.65625,6.9300329427884035
session_5.csv,session_5,606,38784,38912,38784,38912,77.568,77.824,relax,0,0,0.0,False,False,3.2227630925279787,4.036833855954336,461.2503465283859,41.0,7.0,83.04146753535332,85.9375,97.65625,14.368559040590036
session_5.csv,session_5,607,38848,38976,38848,38976,77.696,77.952,relax,0,0,0.0,False,False,3.803259019536096,4.558469616801964,552.326382936629,48.0,8.0,89.3040827364929,97.65625,97.65625,12.493580564228754
session_5.csv,session_5,608,38912,39040,38912,39040,77.824,78.08,relax,0,0,0.0,False,False,3.879089053104802,4.549943105504307,561.1194793641087,47.0,10.0,90.14518150590658,97.65625,97.65625,12.382195169534537
session_5.csv,session_5,609,38976,39104,38976,39104,77.952,78.208,relax,0,0,0.0,False,False,3.62065724727412,4.293847092184767,524.6147700559715,46.0,9.0,86.86683716505748,97.65625,97.65625,8.201422245452308
session_5.csv,session_5,610,39040,39168,39040,39168,78.08,78.336,relax,0,0,0.0,False,False,4.164138691180146,5.028913143739416,605.5571395622368,49.0,10.0,88.85721577198231,97.65625,97.65625,8.526997956099475
session_5.csv,session_5,611,39104,39232,39104,39232,78.208,78.464,relax,0,0,0.0,False,False,4.6488297150214795,5.551969531646109,674.8915574606921,50.0,16.0,89.60147695034738,97.65625,97.65625,14.338382536465074
session_5.csv,session_5,612,39168,39296,39168,39296,78.336,78.592,relax,0,0,0.0,False,False,4.327889178894248,5.18932279737229,627.9020413424528,47.0,16.0,89.10309588619157,93.75,97.65625,22.03296837997901
session_5.csv,session_5,613,39232,39360,39232,39360,78.464,78.72,relax,0,0,0.0,False,False,4.2498176407115285,5.0022022804817805,612.1888216022699,45.0,17.0,88.09483845256237,97.65625,97.65625,15.17000295749164
session_5.csv,session_5,614,39296,39424,39296,39424,78.592,78.848,relax,0,0,0.0,False,False,3.8951513000261064,4.521776180194268,576.5845974102346,49.0,15.0,90.37159470147637,97.65625,97.65625,11.657367008126108
session_5.csv,session_5,615,39360,39488,39360,39488,78.72,78.976,relax,0,0,0.0,False,False,3.843622225123533,4.571931872420917,558.1361037318788,46.0,15.0,83.56656477241816,85.9375,97.65625,10.596801702872973
session_5.csv,session_5,616,39424,39552,39424,39552,78.848,79.104,relax,0,0,0.0,False,False,4.185959282838879,5.00337564382554,609.082718932307,45.0,15.0,91.08876766365657,97.65625,97.65625,10.384853374110465
session_5.csv,session_5,617,39488,39616,39488,39616,78.976,79.232,relax,0,0,0.0,False,False,4.235912637121988,4.981380274339605,616.9865829197324,48.0,13.0,89.05515073621862,97.65625,97.65625,14.98554787531492
session_5.csv,session_5,618,39552,39680,39552,39680,79.104,79.36,relax,0,0,0.0,False,False,4.26860113551625,5.106049948691704,622.2846265941512,50.0,17.0,90.66058670120127,97.65625,97.65625,24.268461128644134
session_5.csv,session_5,619,39616,39744,39616,39744,79.232,79.488,relax,0,0,0.0,False,False,3.6178490759730604,4.473073554129283,520.9147567469324,47.0,9.0,86.4821386366195,97.65625,97.65625,6.170246005941536
session_5.csv,session_5,620,39680,39808,39680,39808,79.36,79.616,relax,0,0,0.0,False,False,3.03575231387222,3.6056657305768463,416.87345206209443,41.0,5.0,83.04307248110328,85.9375,89.84375,9.947975767440296
session_5.csv,session_5,621,39744,39872,39744,39872,79.488,79.744,relax,0,0,0.0,False,False,3.056818390607262,3.5812835141344475,426.7364368767096,41.0,7.0,85.50013812587295,93.75,97.65625,7.796345263978828
session_5.csv,session_5,622,39808,39936,39808,39936,79.616,79.872,relax,0,0,0.0,False,False,3.433469640665055,4.052580959712723,490.08330199877,43.0,12.0,86.85523405814199,97.65625,97.65625,8.428860231176994
session_5.csv,session_5,623,39872,40000,39872,40000,79.744,80.0,relax,0,0,0.0,False,False,4.587160898045199,5.791556991847934,618.7056241453444,38.0,13.0,81.79441083704795,78.125,74.21875,17.527906324584535
session_5.csv,session_5,624,39936,40064,39936,40064,79.872,80.128,relax,0,37,0.2890625,True,True,7.894046067338145,10.574531048616638,1014.675636740413,36.0,15.0,79.8826667163264,82.03125,85.9375,74.29589299905054
session_5.csv,session_5,625,40000,40128,40000,40128,80.0,80.256,clench,1,101,0.7890625,True,True,12.140454716277812,15.846267941661278,1603.7617993787928,41.0,26.0,81.85576483189826,82.03125,78.125,332.22821173762077
session_5.csv,session_5,626,40064,40192,40064,40192,80.128,80.384,clench,1,128,1.0,False,False,15.602660608844854,19.38542492110653,2101.386784774852,44.0,35.0,79.34180092714143,70.3125,70.3125,185.9797915767803
session_5.csv,session_5,627,40128,40256,40128,40256,80.256,80.512,clench,1,128,1.0,False,False,16.9430713357048,20.495916868256913,2212.803799820831,43.0,33.0,80.3400380572071,78.125,74.21875,368.6398116906885
session_5.csv,session_5,628,40192,40320,40192,40320,80.384,80.64,clench,1,128,1.0,False,False,18.977982046485096,23.245739873204595,2547.749929425653,45.0,36.0,79.87736653350917,82.03125,82.03125,298.91041078238135
session_5.csv,session_5,629,40256,40384,40256,40384,80.512,80.768,clench,1,128,1.0,False,False,24.74510598744684,31.106644323403202,3400.7593734052284,48.0,41.0,85.68834690564304,89.84375,97.65625,839.4074434980624
session_5.csv,session_5,630,40320,40448,40320,40448,80.64,80.896,clench,1,128,1.0,False,False,26.007270877888,32.338078337614796,3609.8616955378984,47.0,40.0,89.4723649278832,93.75,97.65625,703.4022878344272
session_5.csv,session_5,631,40384,40512,40384,40512,80.768,81.024,clench,1,128,1.0,False,False,27.734585798318516,34.023953551512655,3759.3334745693937,45.0,37.0,83.36489608492153,82.03125,82.03125,814.4946394641169
session_5.csv,session_5,632,40448,40576,40448,40576,80.896,81.152,clench,1,128,1.0,False,True,19.603460642153543,28.112551956513244,2529.361597902284,39.0,24.0,80.64344232970765,82.03125,82.03125,603.4543596893668
session_5.csv,session_5,633,40512,40640,40512,40640,81.024,81.28,clench,1,77,0.6015625,True,True,6.164937816438678,7.680274220999418,786.800972970277,43.0,17.0,80.90433055664168,74.21875,74.21875,37.02643747725426
session_5.csv,session_5,634,40576,40704,40576,40704,81.152,81.408,relax,0,13,0.1015625,True,True,4.4885809564111945,5.235257166729764,650.8343165381991,49.0,20.0,90.10947806712934,97.65625,97.65625,18.47886977341771
session_5.csv,session_5,635,40640,40768,40640,40768,81.28,81.536,relax,0,0,0.0,False,False,4.864598442523573,5.647081974736378,713.5816988644244,49.0,22.0,85.4567400499969,97.65625,97.65625,11.67947703138291
session_5.csv,session_5,636,40704,40832,40704,40832,81.408,81.664,relax,0,0,0.0,False,False,5.281744679447551,6.067933185504474,780.4725776825895,51.0,23.0,92.98980494716436,97.65625,97.65625,18.845888726535822
session_5.csv,session_5,637,40768,40896,40768,40896,81.536,81.792,relax,0,0,0.0,False,False,4.294721004638639,5.06743255604811,627.8950141101533,50.0,15.0,92.56209202046611,97.65625,97.65625,16.183924854677333
session_5.csv,session_5,638,40832,40960,40832,40960,81.664,81.92,relax,0,0,0.0,False,False,3.801315473794549,4.5645409298780395,550.2731460847887,46.0,9.0,88.68453241330754,97.65625,97.65625,12.869455564560397
session_5.csv,session_5,639,40896,41024,40896,41024,81.792,82.048,relax,0,0,0.0,False,False,4.311844711448898,5.214491114103106,627.0830527527057,46.0,14.0,86.09277526982179,97.65625,97.65625,12.190594440162558
session_5.csv,session_5,640,40960,41088,40960,41088,81.92,82.176,relax,0,0,0.0,False,False,4.4169683197616125,5.182045282854549,641.6866163419727,51.0,18.0,88.98334717255912,97.65625,97.65625,16.105087943624184
session_5.csv,session_5,641,41024,41152,41024,41152,82.048,82.304,relax,0,0,0.0,False,False,4.142946522164121,4.766700007674351,606.8377767796948,51.0,16.0,90.70673346581567,97.65625,97.65625,11.166694365553713
session_5.csv,session_5,642,41088,41216,41088,41216,82.176,82.432,relax,0,0,0.0,False,False,3.8198052117970143,4.456330326380389,559.7616239144056,49.0,12.0,88.19532864224495,97.65625,97.65625,8.712347029858416
session_5.csv,session_5,643,41152,41280,41152,41280,82.304,82.56,relax,0,0,0.0,False,False,4.3402482130950455,5.063551690967547,623.6722757950964,47.0,13.0,87.80845873296651,97.65625,97.65625,14.906927587601533
session_5.csv,session_5,644,41216,41344,41216,41344,82.432,82.688,relax,0,0,0.0,False,False,4.439457814527815,5.342773943315476,622.3832902922148,46.0,13.0,90.91402714603102,93.75,97.65625,27.49783487618058
session_5.csv,session_5,645,41280,41408,41280,41408,82.56,82.816,relax,0,0,0.0,False,False,5.017181700896827,6.5537919712816635,697.2705717940423,46.0,13.0,86.71405761147555,85.9375,97.65625,24.038311481120143
session_5.csv,session_5,646,41344,41472,41344,41472,82.688,82.944,relax,0,0,0.0,False,False,4.918409047467112,6.483293297294391,692.9386267470123,43.0,14.0,87.73331091602122,85.9375,97.65625,26.549742039836662
session_5.csv,session_5,647,41408,41536,41408,41536,82.816,83.072,relax,0,0,0.0,False,False,3.9572692399852816,5.196702904073873,555.1627083321916,42.0,10.0,81.19077353479845,82.03125,85.9375,15.108928581769941
session_5.csv,session_5,648,41472,41600,41472,41600,82.944,83.2,relax,0,0,0.0,False,False,3.7074023173892945,4.806693402996799,523.6827467098348,41.0,7.0,86.94839062738903,93.75,97.65625,11.030240122738068
session_5.csv,session_5,649,41536,41664,41536,41664,83.072,83.328,relax,0,0,0.0,False,False,3.3391312224195193,4.000820558303746,463.3273902103267,39.0,4.0,85.72733219148607,89.84375,97.65625,13.186520446515365
session_5.csv,session_5,650,41600,41728,41600,41728,83.2,83.456,relax,0,0,0.0,False,False,3.4430078182566852,4.201196199577034,461.52781038898456,40.0,3.0,80.91401833659805,82.03125,89.84375,10.206452158038214
session_5.csv,session_5,651,41664,41792,41664,41792,83.328,83.584,relax,0,0,0.0,False,False,6.95784020399464,9.636681078703196,907.7085620717364,41.0,14.0,83.80304697260162,82.03125,85.9375,60.267727338768175
session_5.csv,session_5,652,41728,41856,41728,41856,83.456,83.712,relax,0,34,0.265625,True,True,11.344714954557158,14.454092492879708,1445.979878203147,40.0,23.0,77.44014855517503,74.21875,74.21875,138.62202977138267
session_5.csv,session_5,653,41792,41920,41792,41920,83.584,83.84,clench,1,98,0.765625,True,True,13.337942851510578,16.659910655970958,1702.778706238211,40.0,29.0,80.47720017344126,82.03125,74.21875,274.8571285469862
session_5.csv,session_5,654,41856,41984,41856,41984,83.712,83.968,clench,1,128,1.0,False,False,14.46210304983467,17.74042943204101,1936.2310085479926,44.0,35.0,83.67591554687093,82.03125,78.125,281.22214164768906
session_5.csv,session_5,655,41920,42048,41920,42048,83.84,84.096,clench,1,128,1.0,False,False,19.81426817099024,25.569279925554675,2553.916096690287,43.0,32.0,80.79628175454653,78.125,78.125,295.5110748066769
session_5.csv,session_5,656,41984,42112,41984,42112,83.968,84.224,clench,1,128,1.0,False,False,23.22586233192061,29.917234028862723,2956.5599643555315,41.0,29.0,80.20552047846442,78.125,74.21875,1204.148825155045
session_5.csv,session_5,657,42048,42176,42048,42176,84.096,84.352,clench,1,128,1.0,False,False,25.026425451270832,31.607045583011825,3269.8941449220774,43.0,32.0,87.2932682129704,89.84375,93.75,747.5007281264188
session_5.csv,session_5,658,42112,42240,42112,42240,84.224,84.48,clench,1,128,1.0,False,False,26.317970046897475,31.927876558260653,3335.6635071893725,42.0,32.0,81.24396121761312,82.03125,82.03125,829.8251164451337
session_5.csv,session_5,659,42176,42304,42176,42304,84.352,84.608,clench,1,128,1.0,False,False,20.774006951061985,26.542939099970884,2698.2474834852887,42.0,31.0,78.05416823567057,74.21875,66.40625,388.0112612743617
session_5.csv,session_5,660,42240,42368,42240,42368,84.48,84.736,clench,1,128,1.0,False,True,12.699506883356438,18.43829827732525,1714.3373622387412,40.0,23.0,79.13315495379406,78.125,70.3125,120.3324929615391
session_5.csv,session_5,661,42304,42432,42304,42432,84.608,84.864,clench,1,85,0.6640625,True,True,5.769865180341308,8.403254807945622,732.4204463038421,33.0,11.0,85.14214135305934,85.9375,89.84375,105.28148058053978
session_5.csv,session_5,662,42368,42496,42368,42496,84.736,84.992,relax,0,21,0.1640625,True,True,4.104728580357715,4.864219793434814,555.1722469873871,40.0,9.0,86.25069331574757,93.75,97.65625,13.06381000764222
session_5.csv,session_5,663,42432,42560,42432,42560,84.864,85.12,relax,0,0,0.0,False,False,3.9300446401877593,4.603664131202354,569.6759882379504,48.0,11.0,85.74846727407473,93.75,97.65625,7.896495710899305
session_5.csv,session_5,664,42496,42624,42496,42624,84.992,85.248,relax,0,0,0.0,False,False,3.6443075935328606,4.3471630203989635,520.7429160928742,45.0,10.0,90.28223981182997,97.65625,97.65625,12.65198228459499
session_5.csv,session_5,665,42560,42688,42560,42688,85.12,85.376,relax,0,0,0.0,False,False,3.3781189693060227,4.048352312208647,491.0427198280746,43.0,7.0,86.53767111974021,97.65625,97.65625,7.548589732623264
session_5.csv,session_5,666,42624,42752,42624,42752,85.248,85.504,relax,0,0,0.0,False,False,3.472238697483121,4.132147713325057,504.6230724506047,46.0,8.0,82.9833824540306,85.9375,97.65625,7.14817408469417
session_5.csv,session_5,667,42688,42816,42688,42816,85.376,85.632,relax,0,0,0.0,False,False,3.0719438575785807,3.8516593807866206,436.9046307959858,35.0,8.0,86.6963871032932,89.84375,97.65625,10.798398701621469
session_5.csv,session_5,668,42752,42880,42752,42880,85.504,85.76,relax,0,0,0.0,False,False,2.7777532824334106,3.580838440017765,398.7288712066328,34.0,5.0,84.22907755439252,93.75,97.65625,8.419901802095962
session_5.csv,session_5,669,42816,42944,42816,42944,85.632,85.888,relax,0,0,0.0,False,False,3.1174931766679173,3.830396754705952,449.51427839719804,44.0,5.0,84.75658308785405,85.9375,97.65625,7.269973504773367
session_5.csv,session_5,670,42880,43008,42880,43008,85.76,86.016,relax,0,0,0.0,False,False,3.0170650687269394,3.6075140455270174,423.5216717497427,43.0,5.0,88.05465130353667,93.75,97.65625,12.063780048750111
session_5.csv,session_5,671,42944,43072,42944,43072,85.888,86.144,relax,0,0,0.0,False,False,2.925536515396484,3.6048401250483324,399.71837194651084,35.0,5.0,80.73783590261122,85.9375,70.3125,6.20974609166322
session_5.csv,session_5,672,43008,43136,43008,43136,86.016,86.272,relax,0,0,0.0,False,False,2.751017956169937,3.46289411113139,383.235318748948,32.0,3.0,85.09896010158097,85.9375,97.65625,12.528889433195797
session_5.csv,session_5,673,43072,43200,43072,43200,86.144,86.4,relax,0,0,0.0,False,False,2.867148108416867,3.4861178036137312,411.2326333239007,37.0,4.0,79.83820298272894,74.21875,97.65625,5.45507929152792
session_5.csv,session_5,674,43136,43264,43136,43264,86.272,86.528,relax,0,0,0.0,False,False,3.0015638327234635,3.561366915246406,429.6877932567719,40.0,5.0,92.87760686004738,97.65625,97.65625,8.593504095595325
session_5.csv,session_5,675,43200,43328,43200,43328,86.4,86.656,relax,0,0,0.0,False,False,2.8598043494409824,3.45256457616715,392.2141384520976,36.0,3.0,78.39210336004852,78.125,78.125,8.098083039578107
session_5.csv,session_5,676,43264,43392,43264,43392,86.528,86.784,relax,0,0,0.0,False,False,2.641933108388649,3.1457092336910875,366.7617306739827,39.0,2.0,88.14779030576722,89.84375,97.65625,6.655855290917854
session_5.csv,session_5,677,43328,43456,43328,43456,86.656,86.912,relax,0,0,0.0,False,False,2.421382331226461,2.9222165743967135,345.18979738179826,35.0,2.0,87.2495123676676,93.75,97.65625,5.135536014107373
session_5.csv,session_5,678,43392,43520,43392,43520,86.784,87.04,relax,0,0,0.0,False,False,2.436258652470979,3.0651972646034022,325.5749007735012,27.0,1.0,77.9773152866314,74.21875,70.3125,7.981732947366833
session_5.csv,session_5,679,43456,43584,43456,43584,86.912,87.168,relax,0,0,0.0,False,False,2.7313291486850764,3.48036797938502,359.57225309195815,27.0,4.0,81.99972140329949,78.125,74.21875,8.450873460999338
session_5.csv,session_5,680,43520,43648,43520,43648,87.04,87.296,relax,0,0,0.0,False,False,3.1356823661425146,4.053750409890041,427.04226526493926,28.0,8.0,80.50911476661591,82.03125,78.125,11.18920102936967
session_5.csv,session_5,681,43584,43712,43584,43712,87.168,87.424,relax,0,0,0.0,False,False,3.9487788224125415,4.827902507667454,530.8514452600482,38.0,8.0,85.4161892464881,85.9375,97.65625,14.119665660385593
session_5.csv,session_5,682,43648,43776,43648,43776,87.296,87.552,relax,0,37,0.2890625,True,True,5.4920906678333345,6.673692726310116,754.2414839927948,46.0,15.0,89.18998332840802,93.75,97.65625,28.197395534309017
session_5.csv,session_5,683,43712,43840,43712,43840,87.424,87.68,clench,1,101,0.7890625,True,True,7.901596037837022,9.681923204255972,1081.0004306137116,46.0,29.0,85.2775964760552,85.9375,85.9375,72.94356633625623
session_5.csv,session_5,684,43776,43904,43776,43904,87.552,87.808,clench,1,128,1.0,False,False,10.50440863056908,12.862872936636593,1393.151901087639,43.0,29.0,83.63596583018568,82.03125,97.65625,170.6439903370314
session_5.csv,session_5,685,43840,43968,43840,43968,87.68,87.936,clench,1,128,1.0,False,False,11.858429253658677,14.376677520786926,1524.8379160675192,43.0,23.0,82.6502530500186,82.03125,82.03125,147.8427083868349
session_5.csv,session_5,686,43904,44032,43904,44032,87.808,88.064,clench,1,128,1.0,False,False,16.461280788205762,19.830100331735462,2028.433949453041,40.0,30.0,80.65753309257852,78.125,74.21875,403.2649038860596
session_5.csv,session_5,687,43968,44096,43968,44096,87.936,88.192,clench,1,128,1.0,False,False,17.357089903224598,20.337146027250395,2241.2861420495065,42.0,35.0,80.56832387849293,78.125,78.125,369.86128209553686
session_5.csv,session_5,688,44032,44160,44032,44160,88.064,88.32,clench,1,128,1.0,False,False,10.761880978803436,12.883435680801503,1429.1904315746774,44.0,28.0,87.47114048498953,89.84375,85.9375,164.06898504639844
session_5.csv,session_5,689,44096,44224,44096,44224,88.192,88.448,clench,1,123,0.9609375,True,True,7.3633122624436815,8.757850652959853,939.1147426534507,40.0,20.0,82.934829112969,85.9375,89.84375,82.17575713456931
session_5.csv,session_5,690,44160,44288,44160,44288,88.32,88.576,relax,0,59,0.4609375,True,True,5.755625138077098,6.995185541995471,785.229451216621,44.0,18.0,82.00614355824554,78.125,74.21875,35.8125287255864
session_5.csv,session_5,691,44224,44352,44224,44352,88.448,88.704,relax,0,0,0.0,False,True,4.716921460806653,5.417090590502603,682.325753367886,50.0,18.0,91.46264825321286,97.65625,97.65625,11.444180641810823
session_5.csv,session_5,692,44288,44416,44288,44416,88.576,88.832,relax,0,0,0.0,False,False,4.351016722940542,5.087419795988687,625.1641970020071,48.0,16.0,88.01770411255056,97.65625,97.65625,12.61600774891286
session_5.csv,session_5,693,44352,44480,44352,44480,88.704,88.96,relax,0,0,0.0,False,False,3.7695810325695156,4.40820653393043,543.9101082271052,46.0,11.0,87.80821919075143,89.84375,97.65625,11.263929233949307
session_5.csv,session_5,694,44416,44544,44416,44544,88.832,89.088,relax,0,0,0.0,False,False,3.424333259595035,3.9942612392391283,504.6287315660677,48.0,12.0,88.78165970195269,97.65625,97.65625,8.121193789633963
session_5.csv,session_5,695,44480,44608,44480,44608,88.96,89.216,relax,0,0,0.0,False,False,3.2577310026824673,3.8475097185066223,468.69178533837044,47.0,10.0,85.4616307061737,97.65625,97.65625,6.539681600849854
session_5.csv,session_5,696,44544,44672,44544,44672,89.088,89.344,relax,0,0,0.0,False,False,3.320813687207881,3.887674957234615,476.4764597859513,49.0,8.0,85.11897726309,97.65625,97.65625,8.463207120447903
session_5.csv,session_5,697,44608,44736,44608,44736,89.216,89.472,relax,0,0,0.0,False,False,4.017460601771795,4.808155414988689,572.9934837515342,49.0,15.0,87.53270237429395,89.84375,97.65625,18.339982272206978
session_5.csv,session_5,698,44672,44800,44672,44800,89.344,89.6,relax,0,0,0.0,False,False,4.3590027861990315,5.1908479742387215,612.1998751354871,46.0,16.0,84.46695869794762,89.84375,97.65625,9.209152466899868
session_5.csv,session_5,699,44736,44864,44736,44864,89.472,89.728,relax,0,0,0.0,False,False,4.089716579523361,4.871839604908713,580.3924662308858,46.0,12.0,81.08392449482234,82.03125,97.65625,17.412760067002992
session_5.csv,session_5,700,44800,44928,44800,44928,89.6,89.856,relax,0,0,0.0,False,False,3.880894942539789,4.577550893049469,546.8600830026185,46.0,12.0,90.45905010178282,97.65625,97.65625,19.43750810946298
session_5.csv,session_5,701,44864,44992,44864,44992,89.728,89.984,relax,0,0,0.0,False,False,3.095330915970518,3.7075029952424776,434.93522239583535,39.0,6.0,82.05656895052738,85.9375,97.65625,6.943475891286799
session_5.csv,session_5,702,44928,45056,44928,45056,89.856,90.112,relax,0,0,0.0,False,False,2.9541401806328107,3.5729768927516523,433.9353925542581,41.0,3.0,87.52370664555133,97.65625,97.65625,6.632000836978139
session_5.csv,session_5,703,44992,45120,44992,45120,89.984,90.24,relax,0,0,0.0,False,False,3.0999894017688856,3.7543516702662116,443.2825836404453,40.0,4.0,87.32954052193102,89.84375,97.65625,11.170856999742405
session_5.csv,session_5,704,45056,45184,45056,45184,90.112,90.368,relax,0,0,0.0,False,False,3.289620701019863,4.004480897123765,461.92730469283447,37.0,6.0,85.29631508750391,89.84375,97.65625,8.091016123864721
session_5.csv,session_5,705,45120,45248,45120,45248,90.24,90.496,relax,0,0,0.0,False,False,3.851187677844809,4.699170655398311,554.4981793596492,45.0,11.0,83.80663661325103,89.84375,97.65625,6.240712279150174
session_5.csv,session_5,706,45184,45312,45184,45312,90.368,90.624,relax,0,0,0.0,False,False,3.4812125039167237,4.624063102750943,483.6307158819094,34.0,7.0,84.33615068297672,85.9375,89.84375,22.149239941246748
session_5.csv,session_5,707,45248,45376,45248,45376,90.496,90.752,relax,0,0,0.0,False,False,3.894467142464202,5.114009340912729,541.913762412528,34.0,9.0,86.1916249419601,89.84375,97.65625,18.259029907781066
session_5.csv,session_5,708,45312,45440,45312,45440,90.624,90.88,relax,0,0,0.0,False,False,4.392622786648923,5.373991323826382,625.6407902470607,43.0,15.0,88.41795041849109,97.65625,97.65625,12.914604288211056
session_5.csv,session_5,709,45376,45504,45376,45504,90.752,91.008,relax,0,0,0.0,False,True,6.700882224293864,8.85344443842855,893.787971868299,41.0,17.0,81.86061481511399,82.03125,89.84375,43.321655477174886
session_5.csv,session_5,710,45440,45568,45440,45568,90.88,91.136,relax,0,51,0.3984375,True,True,11.978343343637276,14.894684974533838,1528.320300165982,39.0,26.0,78.9353367868404,78.125,78.125,142.96289477514193
session_5.csv,session_5,711,45504,45632,45504,45632,91.008,91.264,clench,1,115,0.8984375,True,True,14.805462911666584,18.32843988630905,1892.5027776515083,39.0,28.0,82.58409158746963,78.125,78.125,447.3910914914894
session_5.csv,session_5,712,45568,45696,45568,45696,91.136,91.392,clench,1,128,1.0,False,False,15.90222849918625,19.570746822518533,2058.1273287242325,42.0,28.0,84.04224320129947,82.03125,78.125,288.0592819694998
session_5.csv,session_5,713,45632,45760,45632,45760,91.264,91.52,clench,1,128,1.0,False,False,18.096196862574708,23.207428520599283,2442.9489065706343,44.0,34.0,85.75230839671796,85.9375,85.9375,632.7439169175018
session_5.csv,session_5,714,45696,45824,45696,45824,91.392,91.648,clench,1,128,1.0,False,False,16.691079936750565,22.276692307197987,2255.0433625809383,46.0,32.0,85.57850997907123,89.84375,89.84375,167.509917030012
session_5.csv,session_5,715,45760,45888,45760,45888,91.52,91.776,clench,1,128,1.0,False,False,14.265581710059898,17.787643582953702,1863.8123063214098,44.0,22.0,81.49448124998901,82.03125,82.03125,427.53693387445304
session_5.csv,session_5,716,45824,45952,45824,45952,91.648,91.904,clench,1,128,1.0,False,False,14.590108749797349,17.789046383197704,1991.6717448595614,45.0,28.0,84.83071267557858,85.9375,97.65625,233.42718448637413
session_5.csv,session_5,717,45888,46016,45888,46016,91.776,92.032,clench,1,128,1.0,False,False,24.440683168376708,31.45824116392423,3226.4344456387325,46.0,37.0,84.71724744723691,85.9375,89.84375,509.5849297231572
session_5.csv,session_5,718,45952,46080,45952,46080,91.904,92.16,clench,1,128,1.0,False,False,34.93533611599025,45.26238063051023,4436.168641049374,40.0,34.0,79.27168821623108,78.125,78.125,1618.2224402203508
session_5.csv,session_5,719,46016,46144,46016,46144,92.032,92.288,clench,1,128,1.0,False,False,29.732167210420275,41.44807632610364,3795.6915938231723,41.0,28.0,78.42744959608493,74.21875,74.21875,1860.993558665917
session_5.csv,session_5,720,46080,46208,46080,46208,92.16,92.416,clench,1,96,0.75,True,True,15.578422247281328,23.266230262164868,1965.9297290830032,39.0,20.0,86.35054219046215,85.9375,85.9375,364.23044124148447
session_5.csv,session_5,721,46144,46272,46144,46272,92.288,92.544,relax,0,32,0.25,True,True,4.997573994274173,6.918007044221533,610.6268951050537,32.0,9.0,76.97418812311665,78.125,78.125,31.169131657012166
session_5.csv,session_5,722,46208,46336,46208,46336,92.416,92.672,relax,0,0,0.0,False,False,2.432621672701032,2.9266534272874556,326.3433017989837,29.0,2.0,87.72405777477175,97.65625,97.65625,2.862856247935145
session_5.csv,session_5,723,46272,46400,46272,46400,92.544,92.8,relax,0,0,0.0,False,False,2.821603288517749,3.464505995006524,407.2285701646282,37.0,5.0,87.33413933402545,97.65625,97.65625,7.888856156843732
session_5.csv,session_5,724,46336,46464,46336,46464,92.672,92.928,relax,0,0,0.0,False,False,3.1810956198895006,3.8634152030170315,453.7557661896345,42.0,6.0,80.10733982723384,74.21875,97.65625,8.76420285232893
session_5.csv,session_5,725,46400,46528,46400,46528,92.8,93.056,relax,0,0,0.0,False,False,2.704849772888247,3.327448826267002,375.38288724859945,35.0,3.0,81.83115328598322,78.125,97.65625,6.842374785032327
session_5.csv,session_5,726,46464,46592,46464,46592,92.928,93.184,relax,0,0,0.0,False,False,2.9181923720952465,3.5429065519315093,414.6831581363235,37.0,5.0,85.45554301656902,89.84375,97.65625,7.969903142568721
session_5.csv,session_5,727,46528,46656,46528,46656,93.056,93.312,relax,0,0,0.0,False,False,2.773356638976921,3.3529137300120473,393.03044133946014,37.0,3.0,85.59029297685646,97.65625,97.65625,4.8651899393075215
session_5.csv,session_5,728,46592,46720,46592,46720,93.184,93.44,relax,0,0,0.0,False,False,2.4157250504188914,2.911112780704663,339.9161916621881,35.0,1.0,82.21235467961499,82.03125,97.65625,7.413777799377241
session_5.csv,session_5,729,46656,46784,46656,46784,93.312,93.568,relax,0,0,0.0,False,False,2.4519279500685105,2.983681864234817,349.22930875185807,35.0,2.0,88.70751208012304,93.75,97.65625,6.859862588806276
session_5.csv,session_5,730,46720,46848,46720,46848,93.44,93.696,relax,0,0,0.0,False,False,2.1940313729596364,2.684623679725866,303.67486366642083,23.0,2.0,79.47517816209117,78.125,97.65625,4.321450445927323
session_5.csv,session_5,731,46784,46912,46784,46912,93.568,93.824,relax,0,0,0.0,False,False,2.0734223886915357,2.487874905284359,294.89104369025233,23.0,2.0,87.06327242319648,97.65625,97.65625,4.579387989771091
session_5.csv,session_5,732,46848,46976,46848,46976,93.696,93.952,relax,0,0,0.0,False,False,2.6741480190012856,3.24286690461907,388.80985599500525,37.0,3.0,89.28388540483881,97.65625,97.65625,5.647129838101603
session_5.csv,session_5,733,46912,47040,46912,47040,93.824,94.08,relax,0,0,0.0,False,False,4.141694412090554,5.350107514131855,557.7009580912409,42.0,7.0,81.59289057941227,78.125,97.65625,13.987706012195451
session_5.csv,session_5,734,46976,47104,46976,47104,93.952,94.208,relax,0,0,0.0,False,True,8.197260190805482,10.47830139594325,1001.1422548902588,40.0,17.0,75.69882206801807,74.21875,70.3125,93.97291320175619
session_5.csv,session_5,735,47040,47168,47040,47168,94.08,94.336,relax,0,61,0.4765625,True,True,11.780829953361714,14.320392666424446,1413.9938251932997,36.0,25.0,76.85204483243997,74.21875,74.21875,222.80448791529506
session_5.csv,session_5,736,47104,47232,47104,47232,94.208,94.464,clench,1,125,0.9765625,True,True,13.04485531801559,16.784600238625057,1629.212851899244,40.0,30.0,83.4047446799068,82.03125,78.125,152.51960482412784
session_5.csv,session_5,737,47168,47296,47168,47296,94.336,94.592,clench,1,128,1.0,False,False,13.610917468814932,17.264394623333203,1749.8608861809275,43.0,31.0,80.8142172896532,82.03125,74.21875,386.9380027953832
session_5.csv,session_5,738,47232,47360,47232,47360,94.464,94.72,clench,1,128,1.0,False,False,15.668249074335973,20.428948629603152,1966.1719250554606,40.0,29.0,78.71778323461704,78.125,78.125,176.74820336202924
session_5.csv,session_5,739,47296,47424,47296,47424,94.592,94.848,clench,1,128,1.0,False,False,18.623262394060458,23.474730355629294,2336.544084249499,41.0,34.0,74.77768827840444,74.21875,70.3125,831.9842656726314
session_5.csv,session_5,740,47360,47488,47360,47488,94.72,94.976,clench,1,128,1.0,False,True,18.934072845208178,24.086945888304804,2351.472599049416,43.0,32.0,78.47001658297577,74.21875,66.40625,639.8203856138693
session_5.csv,session_5,741,47424,47552,47424,47552,94.848,95.104,clench,1,66,0.515625,True,True,13.354253377569638,19.104025434868774,1599.3329294141845,40.0,21.0,75.60632848547323,74.21875,74.21875,183.27527913510056
session_5.csv,session_5,742,47488,47616,47488,47616,94.976,95.232,relax,0,2,0.015625,True,True,6.079163716234207,7.936302445485003,757.9195637582553,42.0,13.0,77.261787910623,74.21875,66.40625,25.117885322911935
session_5.csv,session_5,743,47552,47680,47552,47680,95.104,95.36,relax,0,0,0.0,False,False,3.192771984614395,3.974406598980123,451.6821388288099,38.0,5.0,86.39609063441817,97.65625,97.65625,7.539588721720707
session_5.csv,session_5,744,47616,47744,47616,47744,95.232,95.488,relax,0,0,0.0,False,False,3.083018822069503,3.736472651314093,437.3829583873503,40.0,5.0,85.61971369886194,97.65625,97.65625,6.617786210830286
session_5.csv,session_5,745,47680,47808,47680,47808,95.36,95.616,relax,0,0,0.0,False,False,3.7258948088486807,4.334602373509049,543.7932128880765,48.0,9.0,90.25436365697931,97.65625,97.65625,11.859759087186246
session_5.csv,session_5,746,47744,47872,47744,47872,95.488,95.744,relax,0,0,0.0,False,False,3.641137908868422,4.261138966277754,538.9976208111577,47.0,11.0,89.69809172280296,97.65625,97.65625,9.863301444066414
session_5.csv,session_5,747,47808,47936,47808,47936,95.616,95.872,relax,0,0,0.0,False,False,3.0101991119134963,3.6674223115749465,427.30815865841646,37.0,9.0,89.69101463918784,97.65625,97.65625,9.704063034175089
session_5.csv,session_5,748,47872,48000,47872,48000,95.744,96.0,relax,0,0,0.0,False,False,2.6809633035685287,3.24196112623579,371.9916529665476,34.0,5.0,83.36719890237153,93.75,93.75,5.3577167398115835
session_5.csv,session_5,749,47936,48064,47936,48064,95.872,96.128,relax,0,0,0.0,False,False,2.8150762687710618,3.4295138413787756,402.46600781733116,40.0,3.0,88.13661731124293,97.65625,97.65625,7.104239027816418
session_5.csv,session_5,750,48000,48128,48000,48128,96.0,96.256,relax,0,0,0.0,False,False,2.4946257509780088,3.1514580183635146,357.3422406540212,32.0,2.0,87.19657256984978,93.75,97.65625,7.237677751979577
session_5.csv,session_5,751,48064,48192,48064,48192,96.128,96.384,relax,0,0,0.0,False,False,2.5709659403530605,3.133313098945773,369.2177173845786,31.0,6.0,83.9923157215559,93.75,97.65625,2.8895571426150086
session_5.csv,session_5,752,48128,48256,48128,48256,96.256,96.512,relax,0,0,0.0,False,False,2.7988945884469913,3.3662950200236343,401.2105212398583,38.0,5.0,83.53566335690641,93.75,97.65625,4.457349704259909
session_5.csv,session_5,753,48192,48320,48192,48320,96.384,96.64,relax,0,0,0.0,False,False,3.084332135578615,3.677576730836484,446.2432854796516,42.0,4.0,83.3531130789627,85.9375,97.65625,7.106339055274401
session_5.csv,session_5,754,48256,48384,48256,48384,96.512,96.768,relax,0,0,0.0,False,False,2.859775917983887,3.4452091522739203,407.2971905653526,39.0,3.0,86.2781467522824,89.84375,93.75,9.144904181648354
session_5.csv,session_5,755,48320,48448,48320,48448,96.64,96.896,relax,0,0,0.0,False,False,2.415181158944235,3.073041977917126,339.82120966105754,31.0,2.0,88.13089694851851,93.75,97.65625,9.730037265532662
session_5.csv,session_5,756,48384,48512,48384,48512,96.768,97.024,relax,0,0,0.0,False,False,2.2203991002244425,2.8878192668616007,303.72364270369746,24.0,3.0,77.1330072792235,78.125,89.84375,3.2388568325919613
session_5.csv,session_5,757,48448,48576,48448,48576,96.896,97.152,relax,0,0,0.0,False,False,2.434419537355649,3.0409251643359267,329.4928026510677,28.0,4.0,84.84585443529801,89.84375,97.65625,5.697213509276048
session_5.csv,session_5,758,48512,48640,48512,48640,97.024,97.28,relax,0,20,0.15625,True,True,8.940415657821898,13.167496679575109,1155.6604152277873,38.0,16.0,86.8311205605588,85.9375,82.03125,141.69353384644236
session_5.csv,session_5,759,48576,48704,48576,48704,97.152,97.408,clench,1,84,0.65625,True,True,13.854579637323877,17.033964517793954,1779.5872230988302,40.0,26.0,80.40496194816002,78.125,78.125,272.2001127310382
session_5.csv,session_5,760,48640,48768,48640,48768,97.28,97.536,clench,1,128,1.0,False,True,13.19757876324324,15.85488578555563,1681.1271014131862,40.0,31.0,83.04732856983988,85.9375,89.84375,226.15948082181026
session_5.csv,session_5,761,48704,48832,48704,48832,97.408,97.664,clench,1,128,1.0,False,False,18.553619026102048,23.448360279703362,2343.152960080541,42.0,35.0,81.79354914359413,82.03125,85.9375,291.50075116058997
session_5.csv,session_5,762,48768,48896,48768,48896,97.536,97.792,clench,1,128,1.0,False,False,26.68687412883062,33.23951794066077,3238.8802603670215,40.0,31.0,77.31356618392738,74.21875,70.3125,1009.242807533627
session_5.csv,session_5,763,48832,48960,48832,48960,97.664,97.92,clench,1,128,1.0,False,False,25.487556377116732,31.91036989324296,2989.7946036499043,38.0,24.0,75.66198933669229,74.21875,70.3125,1402.9691323074333
session_5.csv,session_5,764,48896,49024,48896,49024,97.792,98.048,clench,1,97,0.7578125,True,True,14.544576205629083,19.5822389774762,1732.736514249646,42.0,25.0,78.95595335019979,78.125,74.21875,338.7031909592784
session_5.csv,session_5,765,48960,49088,48960,49088,97.92,98.176,relax,0,33,0.2578125,True,True,5.35557550444501,7.31595110452225,688.4153751079068,38.0,14.0,82.99205584371748,85.9375,85.9375,44.74011708428624
session_5.csv,session_5,766,49024,49152,49024,49152,98.048,98.304,relax,0,0,0.0,False,False,3.1754893737841305,3.9015328452603018,444.1259743649472,41.0,4.0,84.24362078982277,89.84375,97.65625,6.82131751706575
session_5.csv,session_5,767,49088,49216,49088,49216,98.176,98.432,relax,0,0,0.0,False,False,3.6362555762805373,4.352838269049721,529.1241884635186,50.0,8.0,83.60349948106428,85.9375,97.65625,11.06974861246158
session_5.csv,session_5,768,49152,49280,49152,49280,98.304,98.56,relax,0,0,0.0,False,False,3.2027542765134207,3.7563480672044745,462.46431810501304,46.0,8.0,86.26141144360226,93.75,97.65625,10.800065320834898
session_5.csv,session_5,769,49216,49344,49216,49344,98.432,98.688,relax,0,0,0.0,False,False,3.2390254150313353,3.812229076232834,477.2960818455754,46.0,7.0,86.3237395861105,97.65625,97.65625,4.793231270935654
session_5.csv,session_5,770,49280,49408,49280,49408,98.56,98.816,relax,0,0,0.0,False,False,2.987313904306121,3.6293823204782996,438.47696152138224,41.0,4.0,87.07162440753852,93.75,97.65625,9.054306456332089
session_5.csv,session_5,771,49344,49472,49344,49472,98.688,98.944,relax,0,0,0.0,False,False,2.6880233810534824,3.2870903789671027,383.5278710248722,36.0,4.0,89.23987745276844,97.65625,97.65625,6.693362815369599
session_5.csv,session_5,772,49408,49536,49408,49536,98.816,99.072,relax,0,0,0.0,False,False,2.8793572485873513,3.4261842960857987,415.6588067486505,43.0,6.0,85.58607463448193,89.84375,97.65625,6.006343316159777
session_5.csv,session_5,773,49472,49600,49472,49600,98.944,99.2,relax,0,0,0.0,False,False,2.415867698958732,2.8983633052965714,333.8494347820126,37.0,2.0,86.16236437104767,93.75,97.65625,5.024755770344485
session_5.csv,session_5,774,49536,49664,49536,49664,99.072,99.328,relax,0,0,0.0,False,False,2.2976526284903995,2.7716156224479924,317.87202318148684,35.0,0.0,80.92806594575238,78.125,97.65625,4.3043647890374785
session_5.csv,session_5,775,49600,49728,49600,49728,99.2,99.456,relax,0,0,0.0,False,False,2.757519912123149,3.310829603448147,396.6595945558338,40.0,3.0,87.71472044891858,97.65625,97.65625,7.597266093310747
session_5.csv,session_5,776,49664,49792,49664,49792,99.328,99.584,relax,0,0,0.0,False,False,3.0625519449232756,3.566730254715957,445.1814632471669,46.0,5.0,85.63128504435238,97.65625,97.65625,4.657613730321717
session_5.csv,session_5,777,49728,49856,49728,49856,99.456,99.712,relax,0,0,0.0,False,False,3.0438060525896704,3.5528366475686246,436.07063678345685,48.0,5.0,90.22787611861624,93.75,97.65625,5.368918853139684
session_5.csv,session_5,778,49792,49920,49792,49920,99.584,99.84,relax,0,0,0.0,False,False,3.4709194514430486,4.41735204754511,494.99648230312914,42.0,7.0,84.55733237041765,89.84375,89.84375,12.273341110294965
session_5.csv,session_5,779,49856,49984,49856,49984,99.712,99.968,relax,0,0,0.0,False,False,3.964884516824629,5.017616799374799,569.2639767883619,43.0,9.0,86.86719913975296,93.75,97.65625,14.204346239801726
session_5.csv,session_5,780,49920,50048,49920,50048,99.84,100.096,relax,0,35,0.2734375,True,True,8.496576508915943,11.803968362107339,1085.7112090966962,43.0,15.0,80.42883342012782,78.125,74.21875,112.77367860765537
session_5.csv,session_5,781,49984,50112,49984,50112,99.968,100.224,clench,1,99,0.7734375,True,True,13.741989214348695,16.89671998786586,1774.1029222392267,42.0,28.0,83.97942040384942,85.9375,85.9375,238.2091427225279
session_5.csv,session_5,782,50048,50176,50048,50176,100.096,100.352,clench,1,128,1.0,False,False,18.103835667487647,22.590786054374366,2392.61338738595,45.0,31.0,79.65273018566747,82.03125,85.9375,521.5369975089616
session_5.csv,session_5,783,50112,50240,50112,50240,100.224,100.48,clench,1,128,1.0,False,False,20.010699798668476,24.84067727313695,2518.0167983557085,41.0,29.0,81.11091087303187,82.03125,85.9375,404.26089373173477
session_5.csv,session_5,784,50176,50304,50176,50304,100.352,100.608,clench,1,128,1.0,False,False,28.102942742833463,38.29260673381841,3502.448258743958,42.0,32.0,79.86380656028274,74.21875,74.21875,643.3710409667462
session_5.csv,session_5,785,50240,50368,50240,50368,100.48,100.736,clench,1,128,1.0,False,False,32.95273435560324,42.93772629373792,4417.0700502564605,46.0,39.0,82.85221212517014,82.03125,85.9375,2483.70350324577
session_5.csv,session_5,786,50304,50432,50304,50432,100.608,100.864,clench,1,128,1.0,False,True,21.561046698497165,28.35736569064712,2945.0298808848815,46.0,38.0,85.44449603306104,85.9375,93.75,435.8676728921908
session_5.csv,session_5,787,50368,50496,50368,50496,100.736,100.992,clench,1,77,0.6015625,True,True,8.670064823641525,12.89513845889309,1148.2826218119362,33.0,17.0,79.41833166148659,82.03125,85.9375,62.25094785325079
session_5.csv,session_5,788,50432,50560,50432,50560,100.864,101.12,relax,0,13,0.1015625,True,True,3.0760872290589747,3.9458875895888177,436.1879269007983,35.0,6.0,90.74841889995854,97.65625,97.65625,9.91935643839015
session_5.csv,session_5,789,50496,50624,50496,50624,100.992,101.248,relax,0,0,0.0,False,False,3.673707007374789,4.397056596208987,532.7184115822754,47.0,9.0,84.98975168464342,89.84375,97.65625,12.443935090160215
session_5.csv,session_5,790,50560,50688,50560,50688,101.12,101.376,relax,0,0,0.0,False,False,3.4412330221519776,4.036280154149412,496.24917724114164,48.0,9.0,87.43090127744044,97.65625,97.65625,7.449042816288017
session_5.csv,session_5,791,50624,50752,50624,50752,101.248,101.504,relax,0,0,0.0,False,False,3.4188266680889807,3.965965898704656,486.63362372400195,47.0,8.0,87.52115329176769,97.65625,97.65625,8.445790615547157
session_5.csv,session_5,792,50688,50816,50688,50816,101.376,101.632,relax,0,0,0.0,False,False,3.64474267476085,4.390832767674502,517.620751886343,43.0,7.0,86.66874909326644,93.75,97.65625,10.644881913890709
session_5.csv,session_5,793,50752,50880,50752,50880,101.504,101.76,relax,0,0,0.0,False,False,3.6670978102630327,4.480848481941613,529.1192703402877,43.0,9.0,83.01128937752598,85.9375,97.65625,11.180734610058517
session_5.csv,session_5,794,50816,50944,50816,50944,101.632,101.888,relax,0,0,0.0,False,False,3.5168075967120824,4.215640533075294,504.5241116471908,45.0,9.0,87.25738246900906,97.65625,97.65625,9.427118268987332
session_5.csv,session_5,795,50880,51008,50880,51008,101.76,102.016,relax,0,0,0.0,False,False,2.9839844981677794,3.686288795847942,422.80722870893953,38.0,8.0,90.56618989995303,97.65625,97.65625,13.224820177124126
session_5.csv,session_5,796,50944,51072,50944,51072,101.888,102.144,relax,0,0,0.0,False,False,2.8414638961419003,3.445268516012002,403.2480207321387,39.0,6.0,82.82115623604582,82.03125,97.65625,7.265312432240003
session_5.csv,session_5,797,51008,51136,51008,51136,102.016,102.272,relax,0,0,0.0,False,False,6.040228419408829,8.123345365800532,799.2142620104576,45.0,13.0,80.36059617483471,78.125,97.65625,34.39644229644492
session_5.csv,session_5,798,51072,51200,51072,51200,102.144,102.4,relax,0,6,0.046875,True,True,11.158286527958424,14.440457133890439,1463.2591473724037,40.0,25.0,79.9336621070491,78.125,78.125,187.10491796693142
session_5.csv,session_5,799,51136,51264,51136,51264,102.272,102.528,clench,1,70,0.546875,True,True,13.906679191513557,17.729528970583896,1845.2392907131862,42.0,34.0,83.00030702281155,85.9375,93.75,219.35678125800297
session_5.csv,session_5,800,51200,51328,51200,51328,102.4,102.656,clench,1,128,1.0,False,True,15.472425886309509,19.15528151040677,1923.0416505529456,41.0,30.0,80.69438775335882,82.03125,82.03125,392.65132226936225
session_5.csv,session_5,801,51264,51392,51264,51392,102.528,102.784,clench,1,128,1.0,False,False,15.95717231170467,19.331744679389956,2028.1920254431257,41.0,32.0,78.45071858171589,74.21875,74.21875,317.1335768179697
session_5.csv,session_5,802,51328,51456,51328,51456,102.656,102.912,clench,1,128,1.0,False,False,18.195128715941664,23.41281513647105,2479.366663774193,45.0,36.0,83.0655533298279,85.9375,85.9375,219.88145510356603
session_5.csv,session_5,803,51392,51520,51392,51520,102.784,103.04,clench,1,128,1.0,False,False,22.40283959487465,27.474532229093082,3107.592331769492,46.0,35.0,85.75655260050306,85.9375,97.65625,551.7393396084866
session_5.csv,session_5,804,51456,51584,51456,51584,102.912,103.168,clench,1,128,1.0,False,False,21.919255521143267,26.29531893078145,2961.328571393681,45.0,38.0,89.53275441875805,89.84375,89.84375,839.721281454953
session_5.csv,session_5,805,51520,51648,51520,51648,103.04,103.296,clench,1,128,1.0,False,False,26.59987931824607,33.713127385421146,3536.4237883139876,45.0,43.0,84.37417956466527,85.9375,89.84375,1068.2747823135087
session_5.csv,session_5,806,51584,51712,51584,51712,103.168,103.424,clench,1,128,1.0,False,False,34.67925332453626,43.12902729854682,4369.771121994739,41.0,39.0,78.46694195929706,78.125,78.125,1068.8500988184808
session_5.csv,session_5,807,51648,51776,51648,51776,103.296,103.552,clench,1,128,1.0,False,False,36.94746416782287,46.93751286197001,4719.00975795496,39.0,37.0,77.45730064993971,74.21875,85.9375,1894.1891178000913
session_5.csv,session_5,808,51712,51840,51712,51840,103.424,103.68,clench,1,128,1.0,False,False,26.959717692544572,38.373968115442416,3612.8693856047976,44.0,30.0,81.59507651263239,82.03125,82.03125,1590.7153325020151
session_5.csv,session_5,809,51776,51904,51776,51904,103.552,103.808,clench,1,128,1.0,False,False,11.535233255511947,18.770850576848442,1459.3585086028925,41.0,16.0,84.85100663301867,85.9375,93.75,120.39443976079546
session_5.csv,session_5,810,51840,51968,51840,51968,103.68,103.936,clench,1,128,1.0,False,False,5.62175478124442,7.876561001348275,743.2942238639195,39.0,12.0,83.26753681314017,85.9375,85.9375,14.241011122360506
session_5.csv,session_5,811,51904,52032,51904,52032,103.808,104.064,clench,1,101,0.7890625,True,True,4.2888434502339114,5.2350844984014815,606.113512326288,43.0,16.0,83.11070177670106,82.03125,97.65625,21.99947236758996
session_5.csv,session_5,812,51968,52096,51968,52096,103.936,104.192,relax,0,37,0.2890625,True,True,3.768025043800022,4.499668724609647,541.0982880816811,42.0,12.0,85.76940677934638,97.65625,97.65625,10.905540422157495
session_5.csv,session_5,813,52032,52160,52032,52160,104.064,104.32,relax,0,0,0.0,False,False,3.472735145618035,4.218676755477006,486.32858264847073,42.0,6.0,85.92830311600628,82.03125,97.65625,14.78793235788793
session_5.csv,session_5,814,52096,52224,52096,52224,104.192,104.448,relax,0,0,0.0,False,False,3.0971175143373344,3.7713980319230687,430.2847306883932,40.0,4.0,82.63080734260916,82.03125,97.65625,7.817784229706634
session_5.csv,session_5,815,52160,52288,52160,52288,104.32,104.576,relax,0,0,0.0,False,False,3.4469923399517093,4.22361557535233,494.5614227483545,43.0,8.0,81.19346403153118,82.03125,97.65625,7.738624831126633
session_5.csv,session_5,816,52224,52352,52224,52352,104.448,104.704,relax,0,0,0.0,False,False,4.0594500459228335,4.773826002571854,593.1549432692455,50.0,13.0,87.57600421111823,97.65625,97.65625,9.466587431821626
session_5.csv,session_5,817,52288,52416,52288,52416,104.576,104.832,relax,0,0,0.0,False,False,3.520434259554296,4.122551776241295,506.9753362881189,45.0,9.0,89.61196959004741,97.65625,97.65625,13.497378337714546
session_5.csv,session_5,818,52352,52480,52352,52480,104.704,104.96,relax,0,0,0.0,False,False,3.0881438942010426,3.612062762258938,437.30115641075133,43.0,5.0,89.25946040354836,97.65625,97.65625,8.84973426415824
session_5.csv,session_5,819,52416,52544,52416,52544,104.832,105.088,relax,0,0,0.0,False,False,3.1869907090402174,3.7191946569269376,452.86902057014356,40.0,7.0,82.27465385012842,82.03125,97.65625,5.640500105322289
session_5.csv,session_5,820,52480,52608,52480,52608,104.96,105.216,relax,0,0,0.0,False,False,3.294643521312862,3.9128641096986243,473.32644747244717,41.0,8.0,88.77741331220356,97.65625,97.65625,7.111043878243265
session_5.csv,session_5,821,52544,52672,52544,52672,105.088,105.344,relax,0,0,0.0,False,False,3.3239283599907266,4.022450835042464,477.046910956759,44.0,5.0,85.61190811856353,89.84375,97.65625,10.412836222777951
session_5.csv,session_5,822,52608,52736,52608,52736,105.216,105.472,relax,0,0,0.0,False,False,3.071931198914613,3.7126458096851724,432.81131030552683,41.0,3.0,80.5530218024708,78.125,97.65625,5.991162415865333
session_5.csv,session_5,823,52672,52800,52672,52800,105.344,105.6,relax,0,0,0.0,False,False,2.9497714613206876,3.506381229369569,425.63346362033235,41.0,3.0,87.03373853095117,97.65625,97.65625,5.386662870474481
session_5.csv,session_5,824,52736,52864,52736,52864,105.472,105.728,relax,0,0,0.0,False,False,2.450267737512842,3.0625446755691685,355.28741352841416,31.0,3.0,86.04333337075671,93.75,97.65625,5.213035742867047
session_5.csv,session_5,825,52800,52928,52800,52928,105.6,105.856,relax,0,0,0.0,False,False,2.383071015911155,2.9324816418204156,327.54937749184853,29.0,2.0,83.49711161493448,93.75,97.65625,6.872279265582445
session_5.csv,session_5,826,52864,52992,52864,52992,105.728,105.984,relax,0,0,0.0,False,False,2.9109105814506604,3.3935930008425346,415.0109386521019,42.0,4.0,80.44661070582775,78.125,97.65625,5.216663862209392
session_5.csv,session_5,827,52928,53056,52928,53056,105.856,106.112,relax,0,0,0.0,False,False,2.737883734196571,3.2311077477238013,390.276037869197,41.0,2.0,86.14762249258179,97.65625,97.65625,6.223629526300154
session_5.csv,session_5,828,52992,53120,52992,53120,105.984,106.24,relax,0,0,0.0,False,False,2.7487068690938923,3.289480017752234,387.7075913212574,40.0,2.0,86.47178189310674,97.65625,97.65625,6.113872895004567
session_5.csv,session_5,829,53056,53184,53056,53184,106.112,106.368,relax,0,0,0.0,False,False,2.6909290274846134,3.2292613147930394,396.08263702488887,39.0,1.0,81.61840392654538,89.84375,97.65625,4.130360571301665
session_5.csv,session_5,830,53120,53248,53120,53248,106.24,106.496,relax,0,0,0.0,False,False,2.4902992859901367,3.0597360786837564,357.8476237473062,35.0,0.0,84.96067765693101,93.75,97.65625,5.430388479663473
session_5.csv,session_5,831,53184,53312,53184,53312,106.368,106.624,relax,0,0,0.0,False,False,2.9284419243361723,3.5255613122047076,412.92703807552107,40.0,3.0,79.14852298827395,78.125,74.21875,7.1219690526214094
session_5.csv,session_5,832,53248,53376,53248,53376,106.496,106.752,relax,0,0,0.0,False,False,4.086115353621837,4.793420972308647,577.2751606188416,45.0,14.0,92.84924349934748,97.65625,97.65625,12.93040177304719
session_5.csv,session_5,833,53312,53440,53312,53440,106.624,106.88,relax,0,0,0.0,False,False,4.327267730162944,5.016730251617628,614.3583965071944,48.0,14.0,84.85910479429099,85.9375,97.65625,18.095463654847336
session_5.csv,session_5,834,53376,53504,53376,53504,106.752,107.008,relax,0,0,0.0,False,False,3.5213406918140304,4.123517821287645,504.3673734255259,48.0,6.0,88.4036657750332,97.65625,97.65625,8.164466568469159
session_5.csv,session_5,835,53440,53568,53440,53568,106.88,107.136,relax,0,0,0.0,False,False,3.314575410672732,4.0401965161083915,470.29845169053965,43.0,7.0,83.31742718582974,85.9375,97.65625,8.185830329021705
session_5.csv,session_5,836,53504,53632,53504,53632,107.008,107.264,relax,0,0,0.0,False,False,3.3752935989560457,4.159171943751754,472.28711659747785,40.0,9.0,87.95467470434502,93.75,97.65625,13.129725747980315
session_5.csv,session_5,837,53568,53696,53568,53696,107.136,107.392,relax,0,0,0.0,False,False,3.104276544927796,3.7987385760752543,440.19334162442874,39.0,7.0,87.91353652335341,93.75,97.65625,12.797949153600673
session_5.csv,session_5,838,53632,53760,53632,53760,107.264,107.52,relax,0,0,0.0,False,False,2.9955239369208604,3.520650667764177,439.71958997480795,43.0,4.0,91.459850127147,97.65625,97.65625,7.101950491220795
session_5.csv,session_5,839,53696,53824,53696,53824,107.392,107.648,relax,0,4,0.03125,True,True,6.5662123255417955,9.344833339920596,834.228542848421,43.0,10.0,80.11759089426816,78.125,78.125,19.18735540930699
session_5.csv,session_5,840,53760,53888,53760,53888,107.52,107.776,clench,1,68,0.53125,True,True,11.521516666472646,14.217884360654718,1451.9846217622203,41.0,23.0,78.82099837811327,78.125,78.125,288.02424231092397
session_5.csv,session_5,841,53824,53952,53824,53952,107.648,107.904,clench,1,128,1.0,False,True,10.75728897162318,13.20930737741043,1395.860949032955,43.0,25.0,81.6695529238527,78.125,74.21875,134.01123018452117
session_5.csv,session_5,842,53888,54016,53888,54016,107.776,108.032,clench,1,128,1.0,False,False,8.372588015012543,11.011682619578103,1121.6907493320118,44.0,18.0,82.83475184968404,82.03125,82.03125,73.20532830696764
session_5.csv,session_5,843,53952,54080,53952,54080,107.904,108.16,clench,1,128,1.0,False,False,8.380458933879922,10.942721475792327,1117.9113633840004,44.0,19.0,87.6581306091359,93.75,93.75,108.50050850506699
session_5.csv,session_5,844,54016,54144,54016,54144,108.032,108.288,clench,1,128,1.0,False,False,9.747987531548734,12.507883799040012,1225.6005120488467,41.0,22.0,79.88676996688218,82.03125,70.3125,179.48486815333797
session_5.csv,session_5,845,54080,54208,54080,54208,108.16,108.416,clench,1,128,1.0,False,False,12.352665482522294,16.046861574495875,1608.697425420647,44.0,26.0,80.86449948749065,82.03125,82.03125,174.42551585788118
session_5.csv,session_5,846,54144,54272,54144,54272,108.288,108.544,clench,1,128,1.0,False,False,13.847508180792609,17.30087392335553,1880.9481272988394,47.0,33.0,80.85856566369797,82.03125,85.9375,176.98077297535735
session_5.csv,session_5,847,54208,54336,54208,54336,108.416,108.672,clench,1,128,1.0,False,False,12.969488164144384,15.716851100601962,1748.6463777839363,45.0,33.0,87.65663633033856,93.75,93.75,286.6095250756807
session_5.csv,session_5,848,54272,54400,54272,54400,108.544,108.8,clench,1,128,1.0,False,False,10.964071569627052,13.235494493982836,1449.317214289114,43.0,28.0,83.15367271383808,85.9375,89.84375,97.5263794849954
session_5.csv,session_5,849,54336,54464,54336,54464,108.672,108.928,clench,1,128,1.0,False,True,11.50230003139796,13.752580130733062,1421.371732400949,41.0,24.0,74.54290577130404,70.3125,70.3125,181.22074351346708
session_5.csv,session_5,850,54400,54528,54400,54528,108.8,109.056,clench,1,72,0.5625,True,True,10.228932247965616,12.695282112528345,1265.0638928564335,41.0,21.0,83.34536701539038,82.03125,85.9375,185.3665224980518
session_5.csv,session_5,851,54464,54592,54464,54592,108.928,109.184,relax,0,8,0.0625,True,True,5.854742557917621,7.673369456999819,783.4028967566983,47.0,16.0,85.6225622281923,93.75,97.65625,18.29355229461145
session_5.csv,session_5,852,54528,54656,54528,54656,109.056,109.312,relax,0,0,0.0,False,False,4.7815105680931875,5.734579142198355,693.4331606160722,49.0,19.0,89.38715575725972,97.65625,97.65625,27.36661077494069
session_5.csv,session_5,853,54592,54720,54592,54720,109.184,109.44,relax,0,0,0.0,False,False,4.783529883944194,5.758626434307898,675.2686173579508,44.0,16.0,84.16365912897004,85.9375,97.65625,11.263470908947161
session_5.csv,session_5,854,54656,54784,54656,54784,109.312,109.568,relax,0,0,0.0,False,False,3.8270643677508884,4.508551878791415,542.0432491167759,45.0,10.0,88.8299351645422,97.65625,97.65625,13.555211539136799
session_5.csv,session_5,855,54720,54848,54720,54848,109.44,109.696,relax,0,0,0.0,False,False,3.7278356303484212,4.347514994439976,540.7521639823658,46.0,13.0,87.31630196765074,97.65625,97.65625,9.089551024923912
session_5.csv,session_5,856,54784,54912,54784,54912,109.568,109.824,relax,0,0,0.0,False,False,3.7814619688349786,4.390386799352596,543.0323946760107,45.0,13.0,89.7476286260496,97.65625,97.65625,12.954936465684893
session_5.csv,session_5,857,54848,54976,54848,54976,109.696,109.952,relax,0,0,0.0,False,False,4.223142535647174,4.91607077439251,617.8862114926858,48.0,18.0,89.54645615456644,97.65625,97.65625,10.942251145714007
session_5.csv,session_5,858,54912,55040,54912,55040,109.824,110.08,relax,0,0,0.0,False,False,4.453184532697286,5.1748818856352115,652.7465651329827,50.0,24.0,87.72772393805947,97.65625,97.65625,15.113726477439354
session_5.csv,session_5,859,54976,55104,54976,55104,109.952,110.208,relax,0,0,0.0,False,False,3.675910317622165,4.296720930102086,531.3670907008604,48.0,15.0,89.92161401393552,97.65625,97.65625,7.907307762781304
session_5.csv,session_5,860,55040,55168,55040,55168,110.08,110.336,relax,0,0,0.0,False,False,3.180949293302164,3.74396715754665,447.10385319478223,41.0,7.0,84.60828363182816,89.84375,97.65625,12.137328789510738
session_5.csv,session_5,861,55104,55232,55104,55232,110.208,110.464,relax,0,0,0.0,False,False,3.8961103087010294,4.649618263850136,555.3858455483461,44.0,13.0,86.87622205288945,97.65625,97.65625,9.77149111733576
session_5.csv,session_5,862,55168,55296,55168,55296,110.336,110.592,relax,0,0,0.0,False,False,4.232905016749825,4.929489203972295,618.3132572260687,50.0,18.0,91.59529315843027,97.65625,97.65625,10.946744927825968
session_5.csv,session_5,863,55232,55360,55232,55360,110.464,110.72,relax,0,0,0.0,False,False,4.028785840693692,4.745026719798725,590.6848246054742,49.0,15.0,85.25131482687301,89.84375,97.65625,10.886905319407479
session_5.csv,session_5,864,55296,55424,55296,55424,110.592,110.848,relax,0,0,0.0,False,False,4.578891222963438,5.30746377408321,679.4117847368661,51.0,17.0,92.22892614255962,97.65625,97.65625,16.039982045816213
session_5.csv,session_5,865,55360,55488,55360,55488,110.72,110.976,relax,0,0,0.0,False,False,4.1679241482253255,4.861439935189678,611.1891684189659,49.0,14.0,87.02273453622234,97.65625,97.65625,11.59157823894827
session_5.csv,session_5,866,55424,55552,55424,55552,110.848,111.104,relax,0,0,0.0,False,False,4.065511523295134,4.796886407781288,597.5848235749497,49.0,11.0,92.15342231079956,97.65625,97.65625,13.05795068869467
session_5.csv,session_5,867,55488,55616,55488,55616,110.976,111.232,relax,0,0,0.0,False,False,4.347906828396572,5.109627323171605,639.4813507939324,50.0,16.0,87.40067929752357,97.65625,97.65625,12.963157635787807
session_5.csv,session_5,868,55552,55680,55552,55680,111.104,111.36,relax,0,0,0.0,False,False,5.5973686412863115,9.176295555230277,727.5014103429088,45.0,15.0,86.39568245800486,93.75,97.65625,10.978525238177813
session_5.csv,session_5,869,55616,55744,55616,55744,111.232,111.488,relax,0,22,0.171875,True,True,14.135609744303306,19.8903728121285,1798.2015120291017,42.0,23.0,81.5005171960831,82.03125,82.03125,437.1291570522752
session_5.csv,session_5,870,55680,55808,55680,55808,111.36,111.616,clench,1,86,0.671875,True,True,18.80522646421072,23.095804782375946,2416.2440228730834,41.0,33.0,80.26746722166743,78.125,70.3125,458.3048732037026
session_5.csv,session_5,871,55744,55872,55744,55872,111.488,111.744,clench,1,128,1.0,False,True,13.45880499114553,17.356104098219276,1805.9157108020277,44.0,34.0,78.54706709516564,74.21875,70.3125,255.1821909621197
session_5.csv,session_5,872,55808,55936,55808,55936,111.616,111.872,clench,1,128,1.0,False,False,15.760367666349413,20.534007703417124,2179.0683252443055,48.0,36.0,87.33480152335154,89.84375,97.65625,400.3859296700609
session_5.csv,session_5,873,55872,56000,55872,56000,111.744,112.0,clench,1,128,1.0,False,False,23.103071649107928,29.191051846405305,3058.9660193240425,45.0,36.0,79.3335542842236,82.03125,82.03125,814.4351406244134
session_5.csv,session_5,874,55936,56064,55936,56064,111.872,112.128,clench,1,128,1.0,False,False,18.182899668878573,24.73735030152089,2328.867914163139,43.0,30.0,83.18577756513176,82.03125,82.03125,266.004648730075
session_5.csv,session_5,875,56000,56128,56000,56128,112.0,112.256,clench,1,91,0.7109375,True,True,8.234772272889483,10.78462586622535,1078.7331511545287,43.0,21.0,82.71251396742782,82.03125,82.03125,103.0616746133126
session_5.csv,session_5,876,56064,56192,56064,56192,112.128,112.384,relax,0,27,0.2109375,True,True,5.01862079979152,6.432364257727988,715.7417003919229,47.0,18.0,87.56077904489767,97.65625,97.65625,19.659790264353763
session_5.csv,session_5,877,56128,56256,56128,56256,112.256,112.512,relax,0,0,0.0,False,False,3.920526736750073,4.8337505250131665,573.6506476387535,46.0,12.0,84.396427485143,93.75,97.65625,9.170029147670363
session_5.csv,session_5,878,56192,56320,56192,56320,112.384,112.64,relax,0,0,0.0,False,False,3.674432689077669,4.495325458329448,535.0298960966345,45.0,11.0,86.82410577556635,93.75,97.65625,15.812326585748812
session_5.csv,session_5,879,56256,56384,56256,56384,112.512,112.768,relax,0,0,0.0,False,False,4.164001531192672,4.8570015152197605,596.7311441412229,47.0,14.0,90.90705657712769,97.65625,97.65625,11.026248751960104
session_5.csv,session_5,880,56320,56448,56320,56448,112.64,112.896,relax,0,0,0.0,False,False,4.201559380712453,4.938723666152174,598.7530445439055,45.0,13.0,79.69114128723237,74.21875,97.65625,11.43073670826712
session_5.csv,session_5,881,56384,56512,56384,56512,112.768,113.024,relax,0,0,0.0,False,False,4.615598513392664,5.42034434952805,674.2221643388508,48.0,23.0,89.87477063109591,97.65625,97.65625,20.004548801067624
session_5.csv,session_5,882,56448,56576,56448,56576,112.896,113.152,relax,0,0,0.0,False,False,4.9567239572132475,5.726605197864282,720.8510768675799,51.0,22.0,89.25230058942488,97.65625,97.65625,15.132176516212473
session_5.csv,session_5,883,56512,56640,56512,56640,113.024,113.28,relax,0,0,0.0,False,False,4.640462329414774,5.39954066664621,680.0459311014715,51.0,19.0,91.23398239070212,97.65625,97.65625,19.229338892350885
session_5.csv,session_5,884,56576,56704,56576,56704,113.152,113.408,relax,0,0,0.0,False,False,4.076837593388443,4.806834150972369,607.9739743937763,50.0,14.0,91.69072378815785,97.65625,97.65625,14.47327560581854
session_5.csv,session_5,885,56640,56768,56640,56768,113.28,113.536,relax,0,0,0.0,False,False,3.5355939408929498,4.188718941091764,518.9240255829761,47.0,8.0,83.40620568310625,93.75,97.65625,7.780991115498594
session_5.csv,session_5,886,56704,56832,56704,56832,113.408,113.664,relax,0,0,0.0,False,False,3.7271273852744695,4.372031957185926,542.6224546422088,48.0,11.0,86.54556234497102,97.65625,97.65625,7.212725139617706
session_5.csv,session_5,887,56768,56896,56768,56896,113.536,113.792,relax,0,0,0.0,False,False,4.107147221519042,4.774897441231805,602.2150089809209,50.0,15.0,89.04206458463494,97.65625,97.65625,10.124868195903707
session_5.csv,session_5,888,56832,56960,56832,56960,113.664,113.92,relax,0,0,0.0,False,False,4.0161176671243926,4.680166368759712,589.902032972044,50.0,13.0,92.64240228643473,97.65625,97.65625,11.812277132281443
session_5.csv,session_5,889,56896,57024,56896,57024,113.792,114.048,relax,0,0,0.0,False,False,4.428214453770607,5.169529000213939,653.6010788433035,50.0,16.0,90.53435763979239,97.65625,97.65625,11.06212595649284
session_5.csv,session_5,890,56960,57088,56960,57088,113.92,114.176,relax,0,0,0.0,False,False,4.839327600754333,5.613335950719876,712.5397353073522,51.0,21.0,91.79881854130562,97.65625,97.65625,16.155908701616433
session_5.csv,session_5,891,57024,57152,57024,57152,114.048,114.304,relax,0,24,0.1875,True,True,11.586483944913248,16.40308322010094,1560.9701241502767,48.0,29.0,84.56495665863808,85.9375,89.84375,183.41026144940878
session_5.csv,session_5,892,57088,57216,57088,57216,114.176,114.432,clench,1,88,0.6875,True,True,17.096542546010987,21.042203170755776,2224.3180393608213,44.0,30.0,83.75980109094763,82.03125,82.03125,401.00683975144506
session_5.csv,session_5,893,57152,57280,57152,57280,114.304,114.56,clench,1,128,1.0,False,True,17.950653213330146,22.276815187383132,2351.056969918819,42.0,33.0,82.08043250765651,82.03125,74.21875,599.8883256586915
session_5.csv,session_5,894,57216,57344,57216,57344,114.432,114.688,clench,1,128,1.0,False,False,19.136679523561714,23.631070736101524,2434.651933801225,40.0,29.0,85.35746808103156,89.84375,74.21875,457.0213657729433
session_5.csv,session_5,895,57280,57408,57280,57408,114.56,114.816,clench,1,128,1.0,False,False,19.723745897139963,23.708557877150536,2381.468077800616,39.0,28.0,75.66656105369607,74.21875,74.21875,470.9365318570624
session_5.csv,session_5,896,57344,57472,57344,57472,114.688,114.944,clench,1,128,1.0,False,False,20.692286615207223,24.68186498370113,2683.7495811531358,43.0,32.0,79.03593163465536,78.125,70.3125,481.2158426230573
session_5.csv,session_5,897,57408,57536,57408,57536,114.816,115.072,clench,1,128,1.0,False,False,34.280503495968176,45.2432234113407,4479.24893276215,43.0,32.0,79.26774755855128,78.125,78.125,1162.5203152031434
session_5.csv,session_5,898,57472,57600,57472,57600,114.944,115.2,clench,1,128,1.0,False,False,37.45477783190641,47.24125272373041,4859.054514228859,43.0,35.0,85.7327589312792,89.84375,89.84375,2971.2022965771766
session_5.csv,session_5,899,57536,57664,57536,57664,115.072,115.328,clench,1,128,1.0,False,False,21.37807368836426,27.519172985626625,2767.362753620496,43.0,31.0,84.10983677964677,85.9375,85.9375,568.5775177965364
session_5.csv,session_5,900,57600,57728,57600,57728,115.2,115.456,clench,1,105,0.8203125,True,True,19.25087231795088,26.522297546532972,2508.07390612306,43.0,28.0,81.47883915841605,82.03125,78.125,592.8548510760239
session_5.csv,session_5,901,57664,57792,57664,57792,115.328,115.584,relax,0,41,0.3203125,True,True,13.888582293584546,21.298101299464243,1781.3906143538438,40.0,24.0,83.05373723797818,82.03125,74.21875,171.2951529651311
session_5.csv,session_5,902,57728,57856,57728,57856,115.456,115.712,relax,0,0,0.0,False,True,4.22501400789968,5.5875190691994066,569.6743910850555,35.0,12.0,81.265275056332,78.125,78.125,27.623968173688137
session_5.csv,session_5,903,57792,57920,57792,57920,115.584,115.84,relax,0,0,0.0,False,False,3.1332322470910974,3.8455211813847323,444.32677961457193,40.0,8.0,88.3965717258538,97.65625,97.65625,12.960542272604096
session_5.csv,session_5,904,57856,57984,57856,57984,115.712,115.968,relax,0,0,0.0,False,False,3.112538005060368,3.6827153751450163,442.70657952588965,41.0,8.0,86.69462710555023,89.84375,97.65625,6.83637079666227
session_5.csv,session_5,905,57920,58048,57920,58048,115.84,116.096,relax,0,0,0.0,False,False,3.1027426290234965,3.642435795806735,444.8563853356966,40.0,8.0,90.22599024778472,97.65625,97.65625,9.229608342104319
session_5.csv,session_5,906,57984,58112,57984,58112,115.968,116.224,relax,0,0,0.0,False,False,2.894642170239128,3.464102817231128,406.3583677639592,38.0,6.0,84.50277449755842,93.75,97.65625,8.690118488140785
session_5.csv,session_5,907,58048,58176,58048,58176,116.096,116.352,relax,0,0,0.0,False,False,3.3384040004169533,4.204620316776397,473.2722884672646,41.0,7.0,83.55123371988138,89.84375,97.65625,5.334127166993597
session_5.csv,session_5,908,58112,58240,58112,58240,116.224,116.48,relax,0,0,0.0,False,False,3.7701809027408055,4.528329221001713,542.6872955698028,50.0,8.0,89.26631513273551,97.65625,97.65625,15.017552839575291
session_5.csv,session_5,909,58176,58304,58176,58304,116.352,116.608,relax,0,0,0.0,False,False,3.3807873994115782,3.9941629610035303,479.7429227142429,46.0,8.0,87.18769739888987,93.75,97.65625,8.359031650261924
session_5.csv,session_5,910,58240,58368,58240,58368,116.48,116.736,relax,0,0,0.0,False,False,3.25140918168288,3.890601067014749,466.6416718176281,44.0,9.0,90.1503552600853,97.65625,97.65625,11.186362356798488
session_5.csv,session_5,911,58304,58432,58304,58432,116.608,116.864,relax,0,0,0.0,False,False,3.5676034923565627,4.247569426208588,529.0302888604916,49.0,8.0,88.82103447677011,97.65625,97.65625,9.181710204332992
session_5.csv,session_5,912,58368,58496,58368,58496,116.736,116.992,relax,0,0,0.0,False,False,3.8643260136847593,4.5378653150017945,571.1364815797141,51.0,11.0,90.28636094744019,97.65625,97.65625,9.411846657381608
session_5.csv,session_5,913,58432,58560,58432,58560,116.864,117.12,relax,0,0,0.0,False,False,3.7979944921189164,4.4318002526271965,543.1804879196714,48.0,12.0,83.73395247706263,93.75,97.65625,9.756419212668485
session_5.csv,session_5,914,58496,58624,58496,58624,116.992,117.248,relax,0,0,0.0,False,False,3.111225825295076,3.745488258228964,439.15669037742225,41.0,7.0,88.18850825156065,93.75,97.65625,10.453119197906739
session_5.csv,session_5,915,58560,58688,58560,58688,117.12,117.376,relax,0,0,0.0,False,False,2.8301257451468356,3.4218158223924906,408.02192575073263,43.0,5.0,89.0071967558574,97.65625,97.65625,8.954080481971609
session_5.csv,session_5,916,58624,58752,58624,58752,117.248,117.504,relax,0,0,0.0,False,False,3.588619908840002,4.363200943391432,510.25969795426363,46.0,10.0,90.08636169949004,97.65625,97.65625,10.646924687868943
session_5.csv,session_5,917,58688,58816,58688,58816,117.376,117.632,relax,0,0,0.0,False,False,3.984325551155986,4.848965985490856,570.759049414689,45.0,10.0,83.84651455346602,82.03125,97.65625,16.728307869956176
session_5.csv,session_5,918,58752,58880,58752,58880,117.504,117.76,relax,0,0,0.0,False,False,3.6699090397891485,4.42513319209591,536.7811750577273,45.0,9.0,88.73087119348712,97.65625,97.65625,7.9502904531667005
session_5.csv,session_5,919,58816,58944,58816,58944,117.632,117.888,relax,0,0,0.0,False,False,2.8967883739384863,3.5073604017135573,416.6846546319565,37.0,5.0,84.81401090770576,85.9375,97.65625,8.799039667965982
session_5.csv,session_5,920,58880,59008,58880,59008,117.76,118.016,relax,0,0,0.0,False,False,2.6613919854408845,3.2683173380285937,374.07490901085555,36.0,2.0,83.81210151905893,82.03125,97.65625,6.044210078017486
session_5.csv,session_5,921,58944,59072,58944,59072,117.888,118.144,relax,0,0,0.0,False,True,3.4954406123369086,4.299126167542481,503.2073823891825,41.0,9.0,86.84367203624865,89.84375,97.65625,9.413351612997916
session_5.csv,session_5,922,59008,59136,59008,59136,118.016,118.272,relax,0,54,0.421875,True,True,9.99407936818001,13.592763347492177,1253.9227999652196,42.0,22.0,74.37780827860118,74.21875,74.21875,200.01623095243374
session_5.csv,session_5,923,59072,59200,59072,59200,118.144,118.4,clench,1,118,0.921875,True,True,15.84879899603599,18.902439245070024,1981.6138424793116,41.0,33.0,81.57393179445364,78.125,74.21875,238.0415612982669
session_5.csv,session_5,924,59136,59264,59136,59264,118.272,118.528,clench,1,128,1.0,False,False,24.577202013589144,37.970836609709146,3076.579044165029,45.0,36.0,80.26476040643925,82.03125,85.9375,455.3874156406654
session_5.csv,session_5,925,59200,59328,59200,59328,118.4,118.656,clench,1,128,1.0,False,False,47.018911042141,63.744169461187546,5783.91521330555,43.0,36.0,76.5272357555696,74.21875,74.21875,6197.791864956726
session_5.csv,session_5,926,59264,59392,59264,59392,118.528,118.784,clench,1,128,1.0,False,False,47.486138864804715,62.03906247559356,5695.723452001563,40.0,36.0,80.30638142320016,82.03125,85.9375,2906.1343745316135
session_5.csv,session_5,927,59328,59456,59328,59456,118.656,118.912,clench,1,128,1.0,False,False,35.72434326252176,45.05739600570755,4390.861995316668,39.0,37.0,78.22307411665854,74.21875,74.21875,1215.6994991370227
session_5.csv,session_5,928,59392,59520,59392,59520,118.784,119.04,clench,1,112,0.875,True,True,26.321114050122723,35.47126024306446,3164.988290684785,37.0,29.0,75.92690262503646,74.21875,74.21875,1509.966090139741
session_5.csv,session_5,929,59456,59584,59456,59584,118.912,119.168,relax,0,48,0.375,True,True,9.501446343938465,16.767466112314192,1143.6232533069572,37.0,14.0,82.90642868428286,82.03125,82.03125,28.159462146327012
session_5.csv,session_5,930,59520,59648,59520,59648,119.04,119.296,relax,0,0,0.0,False,True,3.98607852132604,4.88487501341172,566.7830023704984,45.0,10.0,86.92989217437953,97.65625,97.65625,14.9698075251682
session_5.csv,session_5,931,59584,59712,59584,59712,119.168,119.424,relax,0,0,0.0,False,False,3.7759693698983314,4.517461552652201,543.3091784999743,45.0,13.0,87.88078334207755,93.75,97.65625,18.11626220992285
session_5.csv,session_5,932,59648,59776,59648,59776,119.296,119.552,relax,0,0,0.0,False,False,3.1841744625172987,3.7744791110743554,459.84260621475414,45.0,9.0,82.79588897102514,85.9375,97.65625,4.958034138425597
session_5.csv,session_5,933,59712,59840,59712,59840,119.424,119.68,relax,0,0,0.0,False,False,2.690933261155797,3.2253199055748105,385.3188556102036,41.0,5.0,89.56474440418232,97.65625,97.65625,5.508712399444914
session_5.csv,session_5,934,59776,59904,59776,59904,119.552,119.808,relax,0,0,0.0,False,False,2.6508551628794805,3.3097056241164657,372.9090222479466,35.0,4.0,79.39629081838068,82.03125,97.65625,5.436619845346969
session_5.csv,session_5,935,59840,59968,59840,59968,119.68,119.936,relax,0,0,0.0,False,False,2.629662842793331,3.2574530025687176,372.4340333917917,35.0,4.0,88.19965251839842,93.75,97.65625,9.811482724017367
session_5.csv,session_5,936,59904,60032,59904,60032,119.808,120.064,relax,0,0,0.0,False,False,2.672734494932013,3.1812372291683766,379.8633971966718,39.0,3.0,81.23084617809573,82.03125,97.65625,4.6064236519060335
session_5.csv,session_5,937,59968,60096,59968,60096,119.936,120.192,relax,0,0,0.0,False,False,3.3028975217971315,3.804709886519136,477.4413616423716,49.0,7.0,91.53771687073329,97.65625,97.65625,8.50035581986378
session_5.csv,session_5,938,60032,60160,60032,60160,120.064,120.32,relax,0,0,0.0,False,False,3.2992944408091054,3.8498407393763974,477.963912296878,45.0,7.0,89.95634739834445,97.65625,97.65625,9.59900285621192
session_5.csv,session_5,939,60096,60224,60096,60224,120.192,120.448,relax,0,0,0.0,False,False,2.9804373298525926,3.5506792637553795,431.1081055591021,39.0,3.0,91.0540016004222,97.65625,97.65625,7.762858298939036
session_5.csv,session_5,940,60160,60288,60160,60288,120.32,120.576,relax,0,0,0.0,False,False,2.940426732157313,3.515046091888697,425.7793567889753,43.0,1.0,88.54004696022946,97.65625,97.65625,6.312787317240623
session_5.csv,session_5,941,60224,60352,60224,60352,120.448,120.704,relax,0,0,0.0,False,False,3.259968538222659,3.9329610223183384,470.69004977459974,46.0,6.0,86.60008022335737,89.84375,97.65625,7.544935909320733
session_5.csv,session_5,942,60288,60416,60288,60416,120.576,120.832,relax,0,0,0.0,False,False,3.2524901789000964,3.860039457644684,466.42545137695663,46.0,8.0,89.1618474452722,89.84375,97.65625,8.308043412932037
session_5.csv,session_5,943,60352,60480,60352,60480,120.704,120.96,relax,0,0,0.0,False,False,2.842971911498279,3.2962752417339893,414.7110851337063,47.0,4.0,90.01720612161724,97.65625,97.65625,4.638015421257126
session_5.csv,session_5,944,60416,60544,60416,60544,120.832,121.088,relax,0,0,0.0,False,False,2.920350993617567,3.4195102588461035,429.3466185445468,48.0,3.0,87.271564342044,97.65625,97.65625,6.095002169801583
session_5.csv,session_5,945,60480,60608,60480,60608,120.96,121.216,relax,0,0,0.0,False,False,2.9208763429828126,3.4410418002818113,420.01012880891994,44.0,3.0,87.50276732112592,93.75,97.65625,5.748153777786682
session_5.csv,session_5,946,60544,60672,60544,60672,121.088,121.344,relax,0,0,0.0,False,False,2.9841804875870324,3.652831246981073,431.0847454322179,40.0,5.0,87.60981824818288,97.65625,97.65625,8.414526320705436
session_5.csv,session_5,947,60608,60736,60608,60736,121.216,121.472,relax,0,0,0.0,False,False,2.7152222780234423,3.4809256813390737,385.1701909581236,32.0,6.0,84.5659109087577,93.75,97.65625,4.243370588449588
session_5.csv,session_5,948,60672,60800,60672,60800,121.344,121.6,relax,0,0,0.0,False,False,2.5815737405979293,3.30290274661656,354.1941999995021,30.0,4.0,85.6818318363241,89.84375,97.65625,10.225781568333222
