frame_index,recording_sample_index,recording_elapsed_s,button_label,Channel1_raw,Channel1_display,sim_true_label,sim_activation_envelope
0,0,0.0,0,996,-0.6736318655339346,0,0.0
1,1,0.002,0,1002,5.326368134466065,0,0.0
2,2,0.004,0,1004,7.326368134466065,0,0.0
3,3,0.006,0,1000,3.3263681344660654,0,0.0
4,4,0.008,0,994,-2.6736318655339346,0,0.0
5,5,0.01,0,991,-5.673631865533935,0,0.0
6,6,0.012,0,992,-4.673631865533935,0,0.0
7,7,0.014,0,995,-1.6736318655339346,0,0.0
8,8,0.016,0,999,2.3263681344660654,0,0.0
9,9,0.018,0,1003,6.326368134466065,0,0.0
10,10,0.02,0,1000,3.3263681344660654,0,0.0
11,11,0.022,0,997,0.3263681344660654,0,0.0
12,12,0.024,0,994,-2.6736318655339346,0,0.0
13,13,0.026,0,994,-2.6736318655339346,0,0.0
14,14,0.028,0,998,1.3263681344660654,0,0.0
15,15,0.03,0,1000,3.3263681344660654,0,0.0
16,16,0.032,0,1000,3.3263681344660654,0,0.0
17,17,0.034,0,1000,3.3263681344660654,0,0.0
18,18,0.036,0,1000,3.3263681344660654,0,0.0
19,19,0.038,0,999,2.3263681344660654,0,0.0
20,20,0.04,0,998,1.3263681344660654,0,0.0
21,21,0.042,0,995,-1.6736318655339346,0,0.0
22,22,0.044,0,992,-4.673631865533935,0,0.0
23,23,0.046,0,991,-5.673631865533935,0,0.0
24,24,0.048,0,995,-1.6736318655339346,0,0.0
25,25,0.05,0,1001,4.326368134466065,0,0.0
26,26,0.052,0,1007,10.326368134466065,0,0.0
27,27,0.054,0,1010,13.326368134466065,0,0.0
28,28,0.056,0,1007,10.326368134466065,0,0.0
29,29,0.058,0,1001,4.326368134466065,0,0.0
30,30,0.06,0,992,-4.673631865533935,0,0.0
31,31,0.062,0,985,-11.673631865533935,0,0.0
32,32,0.064,0,986,-10.673631865533935,0,0.0
33,33,0.066,0,988,-8.673631865533935,0,0.0
34,34,0.068,0,996,-0.6736318655339346,0,0.0
35,35,0.07,0,1002,5.326368134466065,0,0.0
36,36,0.072,0,1004,7.326368134466065,0,0.0
37,37,0.074,0,1002,5.326368134466065,0,0.0
38,38,0.076,0,1002,5.326368134466065,0,0.0
39,39,0.078,0,999,2.3263681344660654,0,0.0
40,40,0.08,0,997,0.3263681344660654,0,0.0
41,41,0.082,0,998,1.3263681344660654,0,0.0
42,42,0.084,0,999,2.3263681344660654,0,0.0
43,43,0.086,0,999,2.3263681344660654,0,0.0
44,44,0.088,0,998,1.3263681344660654,0,0.0
45,45,0.09,0,999,2.3263681344660654,0,0.0
46,46,0.092,0,999,2.3263681344660654,0,0.0
47,47,0.094,0,999,2.3263681344660654,0,0.0
48,48,0.096,0,996,-0.6736318655339346,0,0.0
49,49,0.098,0,992,-4.673631865533935,0,0.0
50,50,0.1,0,991,-5.673631865533935,0,0.0
51,51,0.102,0,992,-4.673631865533935,0,0.0
52,52,0.104,0,996,-0.6736318655339346,0,0.0
53,53,0.106,0,1000,3.3263681344660654,0,0.0
54,54,0.108,0,1001,4.326368134466065,0,0.0
55,55,0.11,0,1001,4.326368134466065,0,0.0
56,56,0.112,0,998,1.3263681344660654,0,0.0
57,57,0.114,0,994,-2.6736318655339346,0,0.0
58,58,0.116,0,991,-5.673631865533935,0,0.0
59,59,0.118,0,994,-2.6736318655339346,0,0.0
60,60,0.12,0,998,1.3263681344660654,0,0.0
61,61,0.122,0,1003,6.326368134466065,0,0.0
62,62,0.124,0,1007,10.326368134466065,0,0.0
63,63,0.126,0,1007,10.326368134466065,0,0.0
64,64,0.128,0,1004,7.326368134466065,0,0.0
65,65,0.13,0,1000,3.3263681344660654,0,0.0
66,66,0.132,0,995,-1.6736318655339346,0,0.0
67,67,0.134,0,990,-6.673631865533935,0,0.0
68,68,0.136,0,991,-5.673631865533935,0,0.0
69,69,0.138,0,992,-4.673631865533935,0,0.0
70,70,0.14,0,996,-0.6736318655339346,0,0.0
71,71,0.142,0,998,1.3263681344660654,0,0.0
72,72,0.144,0,1000,3.3263681344660654,0,0.0
73,73,0.146,0,999,2.3263681344660654,0,0.0
74,74,0.148,0,1000,3.3263681344660654,0,0.0
75,75,0.15,0,1000,3.3263681344660654,0,0.0
76,76,0.152,0,1002,5.326368134466065,0,0.0
77,77,0.154,0,1003,6.326368134466065,0,0.0
78,78,0.156,0,1000,3.3263681344660654,0,0.0
79,79,0.158,0,991,-5.673631865533935,0,0.0
80,80,0.16,0,989,-7.673631865533935,0,0.0
81,81,0.162,0,993,-3.6736318655339346,0,0.0
82,82,0.164,0,999,2.3263681344660654,0,0.0
83,83,0.166,0,1004,7.326368134466065,0,0.0
84,84,0.168,0,1004,7.326368134466065,0,0.0
85,85,0.17,0,999,2.3263681344660654,0,0.0
86,86,0.172,0,996,-0.6736318655339346,0,0.0
87,87,0.174,0,993,-3.6736318655339346,0,0.0
88,88,0.176,0,992,-4.673631865533935,0,0.0
89,89,0.178,0,993,-3.6736318655339346,0,0.0
90,90,0.18,0,996,-0.6736318655339346,0,0.0
91,91,0.182,0,997,0.3263681344660654,0,0.0
92,92,0.184,0,1001,4.326368134466065,0,0.0
93,93,0.186,0,1001,4.326368134466065,0,0.0
94,94,0.188,0,1000,3.3263681344660654,0,0.0
95,95,0.19,0,999,2.3263681344660654,0,0.0
96,96,0.192,0,1000,3.3263681344660654,0,0.0
97,97,0.194,0,1001,4.326368134466065,0,0.0
98,98,0.196,0,1001,4.326368134466065,0,0.0
99,99,0.198,0,998,1.3263681344660654,0,0.0
100,100,0.2,0,995,-1.6736318655339346,0,0.0
101,101,0.202,0,990,-6.673631865533935,0,0.0
102,102,0.204,0,992,-4.673631865533935,0,0.0
103,103,0.206,0,996,-0.6736318655339346,0,0.0
104,104,0.208,0,1001,4.326368134466065,0,0.0
105,105,0.21,0,1005,8.326368134466065,0,0.0
106,106,0.212,0,1004,7.326368134466065,0,0.0
107,107,0.214,0,1000,3.3263681344660654,0,0.0
108,108,0.216,0,998,1.3263681344660654,0,0.0
109,109,0.218,0,997,0.3263681344660654,0,0.0
110,110,0.22,0,995,-1.6736318655339346,0,0.0
111,111,0.222,0,995,-1.6736318655339346,0,0.0
112,112,0.224,0,996,-0.6736318655339346,0,0.0
113,113,0.226,0,999,2.3263681344660654,0,0.0
114,114,0.228,0,999,2.3263681344660654,0,0.0
115,115,0.23,0,999,2.3263681344660654,0,0.0
116,116,0.232,0,997,0.3263681344660654,0,0.0
117,117,0.234,0,996,-0.6736318655339346,0,0.0
118,118,0.236,0,995,-1.6736318655339346,0,0.0
119,119,0.238,0,997,0.3263681344660654,0,0.0
120,120,0.24,0,1000,3.3263681344660654,0,0.0
121,121,0.242,0,1002,5.326368134466065,0,0.0
122,122,0.244,0,1000,3.3263681344660654,0,0.0
123,123,0.246,0,996,-0.6736318655339346,0,0.0
124,124,0.248,0,992,-4.673631865533935,0,0.0
125,125,0.25,0,989,-7.673631865533935,0,0.0
126,126,0.252,0,993,-3.6736318655339346,0,0.0
127,127,0.254,0,999,2.3263681344660654,0,0.0
128,128,0.256,0,1002,5.326368134466065,0,0.0
129,129,0.258,0,1005,8.326368134466065,0,0.0
130,130,0.26,0,1005,8.326368134466065,0,0.0
131,131,0.262,0,1006,9.326368134466065,0,0.0
132,132,0.264,0,1003,6.326368134466065,0,0.0
133,133,0.266,0,1001,4.326368134466065,0,0.0
134,134,0.268,0,1000,3.3263681344660654,0,0.0
135,135,0.27,0,996,-0.6736318655339346,0,0.0
136,136,0.272,0,996,-0.6736318655339346,0,0.0
137,137,0.274,0,994,-2.6736318655339346,0,0.0
138,138,0.276,0,995,-1.6736318655339346,0,0.0
139,139,0.278,0,995,-1.6736318655339346,0,0.0
140,140,0.28,0,996,-0.6736318655339346,0,0.0
141,141,0.282,0,997,0.3263681344660654,0,0.0
142,142,0.284,0,996,-0.6736318655339346,0,0.0
143,143,0.286,0,995,-1.6736318655339346,0,0.0
144,144,0.288,0,997,0.3263681344660654,0,0.0
145,145,0.29,0,1002,5.326368134466065,0,0.0
146,146,0.292,0,1003,6.326368134466065,0,0.0
147,147,0.294,0,1000,3.3263681344660654,0,0.0
148,148,0.296,0,992,-4.673631865533935,0,0.0
149,149,0.298,0,987,-9.673631865533935,0,0.0
150,150,0.3,0,984,-12.673631865533935,0,0.0
151,151,0.302,0,991,-5.673631865533935,0,0.0
152,152,0.304,0,1003,6.326368134466065,0,0.0
153,153,0.306,0,1011,14.326368134466065,0,0.0
154,154,0.308,0,1014,17.326368134466065,0,0.0
155,155,0.31,0,1006,9.326368134466065,0,0.0
156,156,0.312,0,998,1.3263681344660654,0,0.0
157,157,0.314,0,992,-4.673631865533935,0,0.0
158,158,0.316,0,994,-2.6736318655339346,0,0.0
159,159,0.318,0,998,1.3263681344660654,0,0.0
160,160,0.32,0,1002,5.326368134466065,0,0.0
161,161,0.322,0,1003,6.326368134466065,0,0.0
162,162,0.324,0,999,2.3263681344660654,0,0.0
163,163,0.326,0,996,-0.6736318655339346,0,0.0
164,164,0.328,0,993,-3.6736318655339346,0,0.0
165,165,0.33,0,994,-2.6736318655339346,0,0.0
166,166,0.332,0,996,-0.6736318655339346,0,0.0
167,167,0.334,0,998,1.3263681344660654,0,0.0
168,168,0.336,0,998,1.3263681344660654,0,0.0
169,169,0.338,0,996,-0.6736318655339346,0,0.0
170,170,0.34,0,995,-1.6736318655339346,0,0.0
171,171,0.342,0,998,1.3263681344660654,0,0.0
172,172,0.344,0,1001,4.326368134466065,0,0.0
173,173,0.346,0,1000,3.3263681344660654,0,0.0
174,174,0.348,0,999,2.3263681344660654,0,0.0
175,175,0.35,0,997,0.3263681344660654,0,0.0
176,176,0.352,0,996,-0.6736318655339346,0,0.0
177,177,0.354,0,995,-1.6736318655339346,0,0.0
178,178,0.356,0,997,0.3263681344660654,0,0.0
179,179,0.358,0,995,-1.6736318655339346,0,0.0
180,180,0.36,0,998,1.3263681344660654,0,0.0
181,181,0.362,0,996,-0.6736318655339346,0,0.0
182,182,0.364,0,997,0.3263681344660654,0,0.0
183,183,0.366,0,1000,3.3263681344660654,0,0.0
184,184,0.368,0,1005,8.326368134466065,0,0.0
185,185,0.37,0,1008,11.326368134466065,0,0.0
186,186,0.372,0,1007,10.326368134466065,0,0.0
187,187,0.374,0,1004,7.326368134466065,0,0.0
188,188,0.376,0,998,1.3263681344660654,0,0.0
189,189,0.378,0,993,-3.6736318655339346,0,0.0
190,190,0.38,0,990,-6.673631865533935,0,0.0
191,191,0.382,0,990,-6.673631865533935,0,0.0
192,192,0.384,0,993,-3.6736318655339346,0,0.0
193,193,0.386,0,995,-1.6736318655339346,0,0.0
194,194,0.388,0,998,1.3263681344660654,0,0.0
195,195,0.39,0,1001,4.326368134466065,0,0.0
196,196,0.392,0,1000,3.3263681344660654,0,0.0
197,197,0.394,0,999,2.3263681344660654,0,0.0
198,198,0.396,0,998,1.3263681344660654,0,0.0
199,199,0.398,0,1001,4.326368134466065,0,0.0
200,200,0.4,0,999,2.3263681344660654,0,0.0
201,201,0.402,0,999,2.3263681344660654,0,0.0
202,202,0.404,0,997,0.3263681344660654,0,0.0
203,203,0.406,0,998,1.3263681344660654,0,0.0
204,204,0.408,0,997,0.3263681344660654,0,0.0
205,205,0.41,0,997,0.3263681344660654,0,0.0
206,206,0.412,0,998,1.3263681344660654,0,0.0
207,207,0.414,0,997,0.3263681344660654,0,0.0
208,208,0.416,0,999,2.3263681344660654,0,0.0
209,209,0.418,0,1002,5.326368134466065,0,0.0
210,210,0.42,0,1000,3.3263681344660654,0,0.0
211,211,0.422,0,1000,3.3263681344660654,0,0.0
212,212,0.424,0,1000,3.3263681344660654,0,0.0
213,213,0.426,0,1000,3.3263681344660654,0,0.0
214,214,0.428,0,1000,3.3263681344660654,0,0.0
215,215,0.43,0,997,0.3263681344660654,0,0.0
216,216,0.432,0,993,-3.6736318655339346,0,0.0
217,217,0.434,0,993,-3.6736318655339346,0,0.0
218,218,0.436,0,996,-0.6736318655339346,0,0.0
219,219,0.438,0,997,0.3263681344660654,0,0.0
220,220,0.44,0,999,2.3263681344660654,0,0.0
221,221,0.442,0,997,0.3263681344660654,0,0.0
222,222,0.444,0,995,-1.6736318655339346,0,0.0
223,223,0.446,0,994,-2.6736318655339346,0,0.0
224,224,0.448,0,995,-1.6736318655339346,0,0.0
225,225,0.45,0,997,0.3263681344660654,0,0.0
226,226,0.452,0,1000,3.3263681344660654,0,0.0
227,227,0.454,0,998,1.3263681344660654,0,0.0
228,228,0.456,0,999,2.3263681344660654,0,0.0
229,229,0.458,0,1002,5.326368134466065,0,0.0
230,230,0.46,0,1007,10.326368134466065,0,0.0
231,231,0.462,0,1009,12.326368134466065,0,0.0
232,232,0.464,0,1006,9.326368134466065,0,0.0
233,233,0.466,0,1000,3.3263681344660654,0,0.0
234,234,0.468,0,996,-0.6736318655339346,0,0.0
235,235,0.47,0,991,-5.673631865533935,0,0.0
236,236,0.472,0,991,-5.673631865533935,0,0.0
237,237,0.474,0,992,-4.673631865533935,0,0.0
238,238,0.476,0,998,1.3263681344660654,0,0.0
239,239,0.478,0,999,2.3263681344660654,0,0.0
240,240,0.48,0,1000,3.3263681344660654,0,0.0
241,241,0.482,0,998,1.3263681344660654,0,0.0
242,242,0.484,0,994,-2.6736318655339346,0,0.0
243,243,0.486,0,991,-5.673631865533935,0,0.0
244,244,0.488,0,991,-5.673631865533935,0,0.0
245,245,0.49,0,993,-3.6736318655339346,0,0.0
246,246,0.492,0,994,-2.6736318655339346,0,0.0
247,247,0.494,0,997,0.3263681344660654,0,0.0
248,248,0.496,0,1003,6.326368134466065,0,0.0
249,249,0.498,0,1007,10.326368134466065,0,0.0
250,250,0.5,0,1006,9.326368134466065,0,0.0
251,251,0.502,0,1003,6.326368134466065,0,0.0
252,252,0.504,0,1003,6.326368134466065,0,0.0
253,253,0.506,0,1002,5.326368134466065,0,0.0
254,254,0.508,0,1004,7.326368134466065,0,0.0
255,255,0.51,0,1000,3.3263681344660654,0,0.0
256,256,0.512,0,997,0.3263681344660654,0,0.0
257,257,0.514,0,992,-4.673631865533935,0,0.0
258,258,0.516,0,991,-5.673631865533935,0,0.0
259,259,0.518,0,990,-6.673631865533935,0,0.0
260,260,0.52,0,991,-5.673631865533935,0,0.0
261,261,0.522,0,994,-2.6736318655339346,0,0.0
262,262,0.524,0,996,-0.6736318655339346,0,0.0
263,263,0.526,0,998,1.3263681344660654,0,0.0
264,264,0.528,0,998,1.3263681344660654,0,0.0
265,265,0.53,0,995,-1.6736318655339346,0,0.0
266,266,0.532,0,995,-1.6736318655339346,0,0.0
267,267,0.534,0,996,-0.6736318655339346,0,0.0
268,268,0.536,0,999,2.3263681344660654,0,0.0
269,269,0.538,0,1003,6.326368134466065,0,0.0
270,270,0.54,0,1005,8.326368134466065,0,0.0
271,271,0.542,0,1005,8.326368134466065,0,0.0
272,272,0.544,0,1005,8.326368134466065,0,0.0
273,273,0.546,0,1004,7.326368134466065,0,0.0
274,274,0.548,0,997,0.3263681344660654,0,0.0
275,275,0.55,0,992,-4.673631865533935,0,0.0
276,276,0.552,0,987,-9.673631865533935,0,0.0
277,277,0.554,0,987,-9.673631865533935,0,0.0
278,278,0.556,0,990,-6.673631865533935,0,0.0
279,279,0.558,0,998,1.3263681344660654,0,0.0
280,280,0.56,0,1000,3.3263681344660654,0,0.0
281,281,0.562,0,1004,7.326368134466065,0,0.0
282,282,0.564,0,1004,7.326368134466065,0,0.0
283,283,0.566,0,1003,6.326368134466065,0,0.0
284,284,0.568,0,1001,4.326368134466065,0,0.0
285,285,0.57,0,998,1.3263681344660654,0,0.0
286,286,0.572,0,997,0.3263681344660654,0,0.0
287,287,0.574,0,999,2.3263681344660654,0,0.0
288,288,0.576,0,997,0.3263681344660654,0,0.0
289,289,0.578,0,997,0.3263681344660654,0,0.0
290,290,0.58,0,994,-2.6736318655339346,0,0.0
291,291,0.582,0,992,-4.673631865533935,0,0.0
292,292,0.584,0,991,-5.673631865533935,0,0.0
293,293,0.586,0,993,-3.6736318655339346,0,0.0
294,294,0.588,0,998,1.3263681344660654,0,0.0
295,295,0.59,0,1001,4.326368134466065,0,0.0
296,296,0.592,0,1005,8.326368134466065,0,0.0
297,297,0.594,0,1007,10.326368134466065,0,0.0
298,298,0.596,0,1007,10.326368134466065,0,0.0
299,299,0.598,0,1004,7.326368134466065,0,0.0
300,300,0.6,0,997,0.3263681344660654,0,0.0
301,301,0.602,0,994,-2.6736318655339346,0,0.0
302,302,0.604,0,992,-4.673631865533935,0,0.0
303,303,0.606,0,992,-4.673631865533935,0,0.0
304,304,0.608,0,992,-4.673631865533935,0,0.0
305,305,0.61,0,992,-4.673631865533935,0,0.0
306,306,0.612,0,994,-2.6736318655339346,0,0.0
307,307,0.614,0,996,-0.6736318655339346,0,0.0
308,308,0.616,0,998,1.3263681344660654,0,0.0
309,309,0.618,0,1000,3.3263681344660654,0,0.0
310,310,0.62,0,999,2.3263681344660654,0,0.0
311,311,0.622,0,1002,5.326368134466065,0,0.0
312,312,0.624,0,1004,7.326368134466065,0,0.0
313,313,0.626,0,1005,8.326368134466065,0,0.0
314,314,0.628,0,1004,7.326368134466065,0,0.0
315,315,0.63,0,1002,5.326368134466065,0,0.0
316,316,0.632,0,998,1.3263681344660654,0,0.0
317,317,0.634,0,993,-3.6736318655339346,0,0.0
318,318,0.636,0,990,-6.673631865533935,0,0.0
319,319,0.638,0,990,-6.673631865533935,0,0.0
320,320,0.64,0,994,-2.6736318655339346,0,0.0
321,321,0.642,0,998,1.3263681344660654,0,0.0
322,322,0.644,0,999,2.3263681344660654,0,0.0
323,323,0.646,0,1002,5.326368134466065,0,0.0
324,324,0.648,0,1001,4.326368134466065,0,0.0
325,325,0.65,0,999,2.3263681344660654,0,0.0
326,326,0.652,0,999,2.3263681344660654,0,0.0
327,327,0.654,0,995,-1.6736318655339346,0,0.0
328,328,0.656,0,994,-2.6736318655339346,0,0.0
329,329,0.658,0,992,-4.673631865533935,0,0.0
330,330,0.66,0,993,-3.6736318655339346,0,0.0
331,331,0.662,0,994,-2.6736318655339346,0,0.0
332,332,0.664,0,999,2.3263681344660654,0,0.0
333,333,0.666,0,1005,8.326368134466065,0,0.0
334,334,0.668,0,1004,7.326368134466065,0,0.0
335,335,0.67,0,1003,6.326368134466065,0,0.0
336,336,0.672,0,1001,4.326368134466065,0,0.0
337,337,0.674,0,996,-0.6736318655339346,0,0.0
338,338,0.676,0,994,-2.6736318655339346,0,0.0
339,339,0.678,0,991,-5.673631865533935,0,0.0
340,340,0.68,0,992,-4.673631865533935,0,0.0
341,341,0.682,0,995,-1.6736318655339346,0,0.0
342,342,0.684,0,999,2.3263681344660654,0,0.0
343,343,0.686,0,1001,4.326368134466065,0,0.0
344,344,0.688,0,1000,3.3263681344660654,0,0.0
345,345,0.69,0,1000,3.3263681344660654,0,0.0
346,346,0.692,0,998,1.3263681344660654,0,0.0
347,347,0.694,0,996,-0.6736318655339346,0,0.0
348,348,0.696,0,998,1.3263681344660654,0,0.0
349,349,0.698,0,998,1.3263681344660654,0,0.0
350,350,0.7,0,997,0.3263681344660654,0,0.0
351,351,0.702,0,996,-0.6736318655339346,0,0.0
352,352,0.704,0,997,0.3263681344660654,0,0.0
353,353,0.706,0,995,-1.6736318655339346,0,0.0
354,354,0.708,0,994,-2.6736318655339346,0,0.0
355,355,0.71,0,995,-1.6736318655339346,0,0.0
356,356,0.712,0,999,2.3263681344660654,0,0.0
357,357,0.714,0,1001,4.326368134466065,0,0.0
358,358,0.716,0,1004,7.326368134466065,0,0.0
359,359,0.718,0,1003,6.326368134466065,0,0.0
360,360,0.72,0,998,1.3263681344660654,0,0.0
361,361,0.722,1,990,-6.673631865533935,0,0.0
362,362,0.724,1,988,-8.673631865533935,0,0.0
363,363,0.726,1,989,-7.673631865533935,0,0.0
364,364,0.728,1,997,0.3263681344660654,0,0.0
365,365,0.73,1,1001,4.326368134466065,0,0.0
366,366,0.732,1,1005,8.326368134466065,0,0.0
367,367,0.734,1,1004,7.326368134466065,0,0.0
368,368,0.736,1,999,2.3263681344660654,0,0.0
369,369,0.738,1,999,2.3263681344660654,0,0.0
370,370,0.74,1,997,0.3263681344660654,0,0.0
371,371,0.742,1,1001,4.326368134466065,0,0.0
372,372,0.744,1,1003,6.326368134466065,0,0.0
373,373,0.746,1,999,2.3263681344660654,0,0.0
374,374,0.748,1,994,-2.6736318655339346,1,0.02121604010698741
375,375,0.75,1,993,-3.6736318655339346,1,0.04198195985615352
376,376,0.752,1,993,-3.6736318655339346,1,0.06230730901906284
377,377,0.754,1,995,-1.6736318655339346,1,0.08220143475894336
378,378,0.756,1,995,-1.6736318655339346,1,0.10167348592923312
379,379,0.758,1,996,-0.6736318655339346,1,0.12073241728092869
380,380,0.76,1,997,0.3263681344660654,1,0.1393869935806704
381,381,0.762,1,991,-5.673631865533935,1,0.1576457936414579
382,382,0.764,1,987,-9.673631865533935,1,0.17551721426785027
383,383,0.766,1,987,-9.673631865533935,1,0.19300947411746427
384,384,0.768,1,994,-2.6736318655339346,1,0.210130617480547
385,385,0.77,1,1000,3.3263681344660654,1,0.2268885179793611
386,386,0.772,1,998,1.3263681344660654,1,0.24329088218908346
387,387,0.774,1,998,1.3263681344660654,1,0.25934525318188295
388,388,0.776,1,1000,3.3263681344660654,1,0.27505901399580673
389,389,0.778,1,1001,4.326368134466065,1,0.2904393910300707
390,390,0.78,1,1000,3.3263681344660654,1,0.3054934573683151
391,391,0.782,1,994,-2.6736318655339346,1,0.32022813603135414
392,392,0.784,1,985,-11.673631865533935,1,0.33465020316091454
393,393,0.786,1,974,-22.673631865533935,1,0.3487662911358285
394,394,0.788,1,981,-15.673631865533935,1,0.36258289162211293
395,395,0.79,1,996,-0.6736318655339346,1,0.3761063585583381
396,396,0.792,1,1003,6.326368134466065,1,0.38934291107765884
397,397,0.794,1,1000,3.3263681344660654,1,0.4022986363678514
398,398,0.796,1,993,-3.6736318655339346,1,0.4149794924706721
399,399,0.798,1,995,-1.6736318655339346,1,0.4273913110218245
400,400,0.8,1,1000,3.3263681344660654,1,0.43953979993279496
401,401,0.802,1,999,2.3263681344660654,1,0.45143054601579097
402,402,0.804,1,990,-6.673631865533935,1,0.4630690175529881
403,403,0.806,1,987,-9.673631865533935,1,0.4744605668112681
404,404,0.808,1,988,-8.673631865533935,1,0.48561043250360364
405,405,0.81,1,995,-1.6736318655339346,1,0.4965237421982231
406,406,0.812,1,1001,4.326368134466065,1,0.5072055146766615
407,407,0.814,1,1007,10.326368134466065,1,0.5176606622417836
408,408,0.816,1,1002,5.326368134466065,1,0.5278939929768397
409,409,0.818,1,993,-3.6736318655339346,1,0.5379102129565927
410,410,0.82,1,986,-10.673631865533935,1,0.5477139284115349
411,411,0.822,1,991,-5.673631865533935,1,0.5573096478461875
412,412,0.824,1,1001,4.326368134466065,1,0.5667017841124592
413,413,0.826,1,1003,6.326368134466065,1,0.5758946564390154
414,414,0.828,1,999,2.3263681344660654,1,0.5848924924175929
415,415,0.83,1,998,1.3263681344660654,1,0.5936994299471728
416,416,0.832,1,1001,4.326368134466065,1,0.6023195191369055
417,417,0.834,1,1002,5.326368134466065,1,0.610756724168663
418,418,0.836,1,995,-1.6736318655339346,1,0.6190149251200758
419,419,0.838,1,984,-12.673631865533935,1,0.627097919748892
420,420,0.84,1,989,-7.673631865533935,1,0.6350094252394785
421,421,0.842,1,1007,10.326368134466065,1,0.64275307991227
422,422,0.844,1,1018,21.326368134466065,1,0.6503324448969491
423,423,0.846,1,1007,10.326368134466065,1,0.6577510057701277
424,424,0.848,1,984,-12.673631865533935,1,0.6650121741582847
425,425,0.85,1,973,-23.673631865533935,1,0.6721192893066951
426,426,0.852,1,986,-10.673631865533935,1,0.6790756196150718
427,427,0.854,1,1007,10.326368134466065,1,0.6858843641406285
428,428,0.856,1,1021,24.326368134466065,1,0.6925486540692528
429,429,0.858,1,1020,23.326368134466065,1,0.6990715541554668
430,430,0.86,1,1009,12.326368134466065,1,0.7054560641318378
431,431,0.862,1,995,-1.6736318655339346,1,0.7117051200884866
432,432,0.864,1,990,-6.673631865533935,1,0.7178215958233284
433,433,0.866,1,994,-2.6736318655339346,1,0.7238083041636664
434,434,0.868,1,1001,4.326368134466065,1,0.7296679982597469
435,435,0.87,1,1002,5.326368134466065,1,0.7354033728508703
436,436,0.872,1,988,-8.673631865533935,1,0.7410170655046399
437,437,0.874,1,974,-22.673631865533935,1,0.7465116578299187
438,438,0.876,1,977,-19.673631865533935,1,0.7518896766640529
439,439,0.878,1,994,-2.6736318655339346,1,0.757153595234906
440,440,0.88,1,1011,14.326368134466065,1,0.76230583429824
441,441,0.882,1,1020,23.326368134466065,1,0.7673487632509653
442,442,0.884,1,1022,25.326368134466065,1,0.7722847012207731
443,443,0.886,1,1019,22.326368134466065,1,0.7771159181326478
444,444,0.888,1,1012,15.326368134466065,1,0.7818446357527546
445,445,0.89,1,999,2.3263681344660654,1,0.7864730287101787
446,446,0.892,1,982,-14.673631865533935,1,0.7910032254969871
447,447,0.894,1,973,-23.673631865533935,1,0.795437309447074
448,448,0.896,1,977,-19.673631865533935,1,0.7997773196942382
449,449,0.898,1,988,-8.673631865533935,1,0.8040252521099337
450,450,0.9,1,995,-1.6736318655339346,1,0.8081830602211261
451,451,0.902,1,1000,3.3263681344660654,1,0.8122526561086743
452,452,0.904,1,1009,12.326368134466065,1,0.816235911286653
453,453,0.906,1,1016,19.326368134466065,1,0.8201346575630193
454,454,0.908,1,1010,13.326368134466065,1,0.8239506878820193
455,455,0.91,1,993,-3.6736318655339346,1,0.827685757148722
456,456,0.912,1,978,-18.673631865533935,1,0.8313415830360599
457,457,0.914,1,971,-25.673631865533935,1,0.8349198467747478
458,458,0.916,1,983,-13.673631865533935,1,0.8384221939264425
459,459,0.918,1,1009,12.326368134466065,1,0.8418502351404981
460,460,0.92,1,1034,37.326368134466065,1,0.8452055468946679
461,461,0.922,1,1032,35.326368134466065,1,0.8484896722200898
462,462,0.924,1,1004,7.326368134466065,1,0.8517041214108911
463,463,0.926,1,977,-19.673631865533935,1,0.8548503727187386
464,464,0.928,1,975,-21.673631865533935,1,0.8579298730326521
465,465,0.93,1,994,-2.6736318655339346,1,0.8609440385443962
466,466,0.932,1,1007,10.326368134466065,1,0.863894255399754
467,467,0.934,1,1003,6.326368134466065,1,0.8667818803359841
468,468,0.936,1,990,-6.673631865533935,1,0.8696082413057533
469,469,0.938,1,982,-14.673631865533935,1,0.8723746380878311
470,470,0.94,1,984,-12.673631865533935,1,0.8750823428848284
471,471,0.942,1,991,-5.673631865533935,1,0.8777326009082548
472,472,0.944,1,993,-3.6736318655339346,1,0.8803266309511623
473,473,0.946,1,991,-5.673631865533935,1,0.8828656259486407
474,474,0.948,1,1004,7.326368134466065,1,0.8853507535264212
475,475,0.95,1,1027,30.326368134466065,1,0.8877831565378406
476,476,0.952,1,1029,32.326368134466065,1,0.8901639535894132
477,477,0.954,1,997,0.3263681344660654,1,0.8924942395552532
478,478,0.956,1,966,-30.673631865533935,1,0.8947750860805811
479,479,0.958,1,970,-26.673631865533935,1,0.8970075420745498
480,480,0.96,1,999,2.3263681344660654,1,0.8991926341926134
481,481,0.962,1,1018,21.326368134466065,1,0.9013313673086627
482,482,0.964,1,1013,16.326368134466065,1,0.9034247249771438
483,483,0.966,1,999,2.3263681344660654,1,0.905473669885372
484,484,0.968,1,987,-9.673631865533935,1,0.9074791442962503
485,485,0.97,1,979,-17.673631865533935,1,0.9094420704815939
486,486,0.972,1,975,-21.673631865533935,1,0.9113633511462621
487,487,0.974,1,985,-11.673631865533935,1,0.913243869843292
488,488,0.976,1,1005,8.326368134466065,1,0.9150844913802237
489,489,0.978,1,1019,22.326368134466065,1,0.9168860622168061
490,490,0.98,1,1012,15.326368134466065,1,0.918649410854264
491,491,0.982,1,992,-4.673631865533935,1,0.920375348216307
492,492,0.984,1,978,-18.673631865533935,1,0.9220646680220547
493,493,0.986,1,988,-8.673631865533935,1,0.9237181471510502
494,494,0.988,1,1006,9.326368134466065,1,0.9253365460005288
495,495,0.99,1,1014,17.326368134466065,1,0.9269206088351079
496,496,0.992,1,1015,18.326368134466065,1,0.9284710641290564
497,497,0.994,1,1019,22.326368134466065,1,0.9299886249013045
498,498,0.996,1,1016,19.326368134466065,1,0.9314739890433438
499,499,0.998,1,992,-4.673631865533935,1,0.932927839640172
500,500,1.0,1,974,-22.673631865533935,1,0.9343508452844284
501,501,1.002,1,975,-21.673631865533935,1,0.9357436603838637
502,502,1.004,1,990,-6.673631865533935,1,0.9371069254622878
503,503,1.006,1,1000,3.3263681344660654,1,0.9384412674541317
504,504,1.008,1,1001,4.326368134466065,1,0.9397472999927602
505,505,1.01,1,988,-8.673631865533935,1,0.9410256236926681
506,506,1.012,1,978,-18.673631865533935,1,0.942276826425689
507,507,1.014,1,972,-24.673631865533935,1,0.9435014835913442
508,508,1.016,1,974,-22.673631865533935,1,0.9447001583814556
509,509,1.018,1,987,-9.673631865533935,1,0.9458734020391447
510,510,1.02,1,1015,18.326368134466065,1,0.947021754112337
511,511,1.022,1,1042,45.326368134466065,1,0.9481457427018876
512,512,1.024,1,1047,50.326368134466065,1,0.9492458847044424
513,513,1.026,1,1030,33.326368134466065,1,0.9503226860501476
514,514,1.028,1,1003,6.326368134466065,1,0.951376641935315
515,515,1.03,1,984,-12.673631865533935,1,0.9524082370501518
516,516,1.032,1,969,-27.673631865533935,1,0.953417945801658
517,517,1.034,1,963,-33.673631865533935,1,0.9544062325317958
518,518,1.036,1,967,-29.673631865533935,1,0.9553735517310299
519,519,1.038,1,988,-8.673631865533935,1,0.9563203482473368
520,520,1.04,1,1007,10.326368134466065,1,0.9572470574907805
521,521,1.042,1,1015,18.326368134466065,1,0.9581541056337479
522,522,1.044,1,1002,5.326368134466065,1,0.959041909806935
523,523,1.046,1,991,-5.673631865533935,1,0.9599108782911767
524,524,1.048,1,996,-0.6736318655339346,1,0.960761410705205
525,525,1.05,1,1012,15.326368134466065,1,0.961593898189425
526,526,1.052,1,1015,18.326368134466065,1,0.9624087235857912
527,527,1.054,1,1003,6.326368134466065,1,0.9632062616138679
528,528,1.056,1,989,-7.673631865533935,1,0.963986879043154
529,529,1.058,1,980,-16.673631865533935,1,0.9647509348617523
530,530,1.06,1,984,-12.673631865533935,1,0.9654987804414592
531,531,1.062,1,988,-8.673631865533935,1,0.9662307596993532
532,532,1.064,1,991,-5.673631865533935,1,0.9669472092559542
533,533,1.066,1,996,-0.6736318655339346,1,0.9676484585900278
534,534,1.068,1,1007,10.326368134466065,1,0.9683348301901046
535,535,1.07,1,1018,21.326368134466065,1,0.9690066397027859
536,536,1.072,1,1015,18.326368134466065,1,0.9696641960779019
537,537,1.074,1,999,2.3263681344660654,1,0.9703078017105908
538,538,1.076,1,977,-19.673631865533935,1,0.9709377525803635
539,539,1.078,1,967,-29.673631865533935,1,0.9715543383872177
540,540,1.08,1,980,-16.673631865533935,1,0.9721578426848643
541,541,1.082,1,1013,16.326368134466065,1,0.9727485430111272
542,542,1.084,1,1038,41.326368134466065,1,0.973326711015577
543,543,1.086,1,1030,33.326368134466065,1,0.9738926125844558
544,544,1.088,1,1003,6.326368134466065,1,0.9744465079629526
545,545,1.09,1,977,-19.673631865533935,1,0.9749886518748841
546,546,1.092,1,967,-29.673631865533935,1,0.9755192936398365
547,547,1.094,1,969,-27.673631865533935,1,0.9760386772878211
548,548,1.096,1,973,-23.673631865533935,1,0.9765470416714992
549,549,1.098,1,990,-6.673631865533935,1,0.9770446205760241
550,550,1.1,1,1015,18.326368134466065,1,0.9775316428265544
551,551,1.102,1,1040,43.326368134466065,1,0.9780083323934843
552,552,1.104,1,1036,39.326368134466065,1,0.9784749084954436
553,553,1.106,1,1007,10.326368134466065,1,0.9789315857001109
554,554,1.108,1,971,-25.673631865533935,1,0.979378574022888
555,555,1.11,1,959,-37.673631865533935,1,0.9798160790234817
556,556,1.112,1,970,-26.673631865533935,1,0.9802443019004358
557,557,1.114,1,990,-6.673631865533935,1,0.9806634395836576
558,558,1.116,1,1004,7.326368134466065,1,0.9810736848249819
559,559,1.118,1,1014,17.326368134466065,1,0.9814752262868126
560,560,1.12,1,1017,20.326368134466065,1,0.9818682486288844
561,561,1.122,1,1016,19.326368134466065,1,0.9822529325931839
562,562,1.124,1,1002,5.326368134466065,1,0.9826294550870683
563,563,1.126,1,979,-17.673631865533935,1,0.9829979892646213
564,564,1.128,1,962,-34.673631865533935,1,0.9833587046062826
565,565,1.13,1,972,-24.673631865533935,1,0.983711766996788
566,566,1.132,1,1006,9.326368134466065,1,0.9840573388014561
567,567,1.134,1,1037,40.326368134466065,1,0.9843955789408565
568,568,1.136,1,1040,43.326368134466065,1,0.9847266429638936
569,569,1.138,1,1009,12.326368134466065,1,0.98505068311934
570,570,1.14,1,969,-27.673631865533935,1,0.9853678484258521
571,571,1.142,1,957,-39.673631865533935,1,0.9856782847405008
572,572,1.144,1,982,-14.673631865533935,1,0.9859821348258472
573,573,1.146,1,1015,18.326368134466065,1,0.9862795384155963
574,574,1.148,1,1022,25.326368134466065,1,0.9865706322788574
575,575,1.15,1,998,1.3263681344660654,1,0.9868555502830407
576,576,1.152,1,972,-24.673631865533935,1,0.98713442345542
577,577,1.154,1,972,-24.673631865533935,1,0.9874073800433893
578,578,1.156,1,994,-2.6736318655339346,1,0.9876745455734408
579,579,1.158,1,1009,12.326368134466065,1,0.9879360429088916
580,580,1.16,1,1009,12.326368134466065,1,0.9881919923063855
581,581,1.162,1,1012,15.326368134466065,1,0.9884425114711969
582,582,1.164,1,1017,20.326368134466065,1,0.98868771561136
583,583,1.166,1,1012,15.326368134466065,1,0.9889277174906511
584,584,1.168,1,993,-3.6736318655339346,1,0.9891626274804454
585,585,1.17,1,975,-21.673631865533935,1,0.9893925536104746
586,586,1.172,1,975,-21.673631865533935,1,0.9896176016185075
587,587,1.174,1,985,-11.673631865533935,1,0.989837874998976
588,588,1.176,1,997,0.3263681344660654,1,0.99005347505057
589,589,1.178,1,999,2.3263681344660654,1,0.9902645009228223
590,590,1.18,1,992,-4.673631865533935,1,0.9904710496617052
591,591,1.182,1,988,-8.673631865533935,1,0.99067321625426
592,592,1.184,1,999,2.3263681344660654,1,0.9908710936722788
593,593,1.186,1,1013,16.326368134466065,1,0.9910647729150607
594,594,1.188,1,1010,13.326368134466065,1,0.9912543430512598
595,595,1.19,1,1002,5.326368134466065,1,0.9914398912598462
596,596,1.192,1,997,0.3263681344660654,1,0.9916215028701975
597,597,1.194,1,1000,3.3263681344660654,1,0.9917992614013397
598,598,1.196,1,994,-2.6736318655339346,1,0.9919732486003557
599,599,1.198,1,986,-10.673631865533935,1,0.9921435444799794
600,600,1.2,0,987,-9.673631865533935,1,0.992310227355391
601,601,1.202,0,1004,7.326368134466065,1,0.9924733738802326
602,602,1.204,0,1017,20.326368134466065,1,0.9926330590818598
603,603,1.206,0,1006,9.326368134466065,1,0.9927893563958449
604,604,1.208,0,984,-12.673631865533935,1,0.9929423376997478
605,605,1.21,0,964,-32.673631865533935,1,0.9930920733461716
606,606,1.212,0,971,-25.673631865533935,1,0.9932386321951153
607,607,1.214,0,1000,3.3263681344660654,1,0.9933820816456419
608,608,1.216,0,1027,30.326368134466065,1,0.9935224876668727
609,609,1.218,0,1031,34.326368134466065,1,0.9936599148283258
610,610,1.22,0,1014,17.326368134466065,1,0.9937944263296098
611,611,1.222,0,993,-3.6736318655339346,1,0.9939260840294877
612,612,1.224,0,982,-14.673631865533935,1,0.9940549484743245
613,613,1.226,0,979,-17.673631865533935,1,0.9941810789259313
614,614,1.228,0,978,-18.673631865533935,1,0.9943045333888182
615,615,1.23,0,984,-12.673631865533935,1,0.994425368636869
616,616,1.232,0,994,-2.6736318655339346,1,0.9945436402394509
617,617,1.234,0,1008,11.326368134466065,1,0.9946594025869688
618,618,1.236,0,1007,10.326368134466065,1,0.994772708915879
619,619,1.238,0,1003,6.326368134466065,1,0.9948836113331706
620,620,1.24,0,1000,3.3263681344660654,1,0.994992160840329
621,621,1.242,0,1002,5.326368134466065,1,0.99509840735679
622,622,1.244,0,1007,10.326368134466065,1,0.9952023997428965
623,623,1.246,0,1008,11.326368134466065,1,0.9953041858223685
624,624,1.248,0,999,2.3263681344660654,0,0.9752251536814902
625,625,1.25,0,983,-13.673631865533935,0,0.9555511912041956
626,626,1.252,0,976,-20.673631865533935,0,0.9362741266105301
627,627,1.254,0,981,-15.673631865533935,0,0.9173859529761025
628,628,1.256,0,996,-0.6736318655339346,0,0.8988788249063279
629,629,1.258,0,1015,18.326368134466065,0,0.8807450552777631
630,630,1.26,0,1019,22.326368134466065,0,0.8629771120451825
631,631,1.262,0,1004,7.326368134466065,0,0.8455676151130658
632,632,1.264,0,988,-8.673631865533935,0,0.828509333270201
633,633,1.266,0,985,-11.673631865533935,0,0.8117951811861276
634,634,1.268,0,996,-0.6736318655339346,0,0.7954182164681721
635,635,1.27,0,1006,9.326368134466065,0,0.7793716367778554
636,636,1.272,0,1005,8.326368134466065,0,0.7636487770054718
637,637,1.274,0,996,-0.6736318655339346,0,0.7482431065016689
638,638,1.276,0,993,-3.6736318655339346,0,0.7331482263648753
639,639,1.278,0,1001,4.326368134466065,0,0.7183578667834524
640,640,1.28,0,1011,14.326368134466065,0,0.7038658844314643
641,641,1.282,0,1013,16.326368134466065,0,0.689666259916985
642,642,1.284,0,1004,7.326368134466065,0,0.6757530952818834
643,643,1.286,0,990,-6.673631865533935,0,0.6621206115520457
644,644,1.288,0,988,-8.673631865533935,0,0.6487631463370204
645,645,1.29,0,990,-6.673631865533935,0,0.6356751514780867
646,646,1.292,0,999,2.3263681344660654,0,0.622851190743771
647,647,1.294,0,1006,9.326368134466065,0,0.6102859375718523
648,648,1.296,0,1009,12.326368134466065,0,0.5979741728569211
649,649,1.298,0,1009,12.326368134466065,0,0.5859107827825705
650,650,1.3,0,1006,9.326368134466065,0,0.574090756697321
651,651,1.302,0,997,0.3263681344660654,0,0.5625091850333958
652,652,1.304,0,990,-6.673631865533935,0,0.5511612572674811
653,653,1.306,0,987,-9.673631865533935,0,0.5400422599226276
654,654,1.308,0,991,-5.673631865533935,0,0.5291475746104589
655,655,1.31,0,997,0.3263681344660654,0,0.5184726761128781
656,656,1.312,0,1004,7.326368134466065,0,0.5080131305024715
657,657,1.314,0,1009,12.326368134466065,0,0.49776459330083284
658,658,1.316,0,1005,8.326368134466065,0,0.4877228076740392
659,659,1.318,0,1001,4.326368134466065,0,0.47788360266453256
660,660,1.32,0,999,2.3263681344660654,0,0.4682428914586698
661,661,1.322,0,998,1.3263681344660654,0,0.45879666968922345
662,662,1.324,0,998,1.3263681344660654,0,0.44954101377212685
663,663,1.326,0,1000,3.3263681344660654,0,0.44047207927677406
664,664,1.328,0,994,-2.6736318655339346,0,0.4315860993291963
665,665,1.33,0,988,-8.673631865533935,0,0.42287938304745265
666,666,1.332,0,990,-6.673631865533935,0,0.414348314008585
667,667,1.334,0,998,1.3263681344660654,0,0.4059893487464999
668,668,1.336,0,1003,6.326368134466065,0,0.39779901528015393
669,669,1.338,0,998,1.3263681344660654,0,0.3897739116714312
670,670,1.34,0,990,-6.673631865533935,0,0.38191070461211396
671,671,1.342,0,988,-8.673631865533935,0,0.3742061280393589
672,672,1.344,0,994,-2.6736318655339346,0,0.3666569817791051
673,673,1.346,0,1003,6.326368134466065,0,0.35926013021684916
674,674,1.348,0,1009,12.326368134466065,0,0.3520125009952359
675,675,1.35,0,1012,15.326368134466065,0,0.34491108373792345
676,676,1.352,0,1007,10.326368134466065,0,0.3379529287991931
677,677,1.354,0,997,0.3263681344660654,0,0.3311351460387838
678,678,1.356,0,986,-10.673631865533935,0,0.3244549036214433
679,679,1.358,0,985,-11.673631865533935,0,0.3179094268406964
680,680,1.36,0,989,-7.673631865533935,0,0.31149599696634267
681,681,1.362,0,996,-0.6736318655339346,0,0.3052119501152041
682,682,1.364,0,997,0.3263681344660654,0,0.2990546761446543
683,683,1.366,0,996,-0.6736318655339346,0,0.29302161756846934
684,684,1.368,0,993,-3.6736318655339346,0,0.2871102684945497
685,685,1.37,0,994,-2.6736318655339346,0,0.28131817358407263
686,686,1.372,0,998,1.3263681344660654,0,0.27564292703164245
687,687,1.374,0,1000,3.3263681344660654,0,0.2700821715660145
688,688,1.376,0,999,2.3263681344660654,0,0.264633597470979
689,689,1.378,0,995,-1.6736318655339346,0,0.2592949416259966
690,690,1.38,0,996,-0.6736318655339346,0,0.25406398656618867
691,691,1.382,0,997,0.3263681344660654,0,0.2489385595612905
692,692,1.384,0,999,2.3263681344660654,0,0.24391653171318584
693,693,1.386,0,996,-0.6736318655339346,0,0.2389958170716474
694,694,1.388,0,992,-4.673631865533935,0,0.23417437176791642
695,695,1.39,0,991,-5.673631865533935,0,0.2294501931657608
696,696,1.392,0,994,-2.6736318655339346,0,0.22482131902966
697,697,1.394,0,1000,3.3263681344660654,0,0.22028582670977054
698,698,1.396,0,1002,5.326368134466065,0,0.2158418323433339
699,699,1.398,0,1000,3.3263681344660654,0,0.21148749007219497
700,700,1.4,0,995,-1.6736318655339346,0,0.2072209912761062
701,701,1.402,0,989,-7.673631865533935,0,0.2030405638214987
702,702,1.404,0,992,-4.673631865533935,0,0.19894447132540877
703,703,1.406,0,996,-0.6736318655339346,0,0.19493101243425343
704,704,1.408,0,998,1.3263681344660654,0,0.19099852011715607
705,705,1.41,0,995,-1.6736318655339346,0,0.1871453609735282
706,706,1.412,0,993,-3.6736318655339346,0,0.18336993455461997
707,707,1.414,0,994,-2.6736318655339346,0,0.1796706726987575
708,708,1.416,0,995,-1.6736318655339346,0,0.17604603887999104
709,709,1.418,0,997,0.3263681344660654,0,0.17249452756988337
710,710,1.42,0,994,-2.6736318655339346,0,0.16901466361217324
711,711,1.422,0,993,-3.6736318655339346,0,0.1656050016100542
712,712,1.424,0,994,-2.6736318655339346,0,0.1622641253258145
713,713,1.426,0,996,-0.6736318655339346,0,0.15899064709258823
714,714,1.428,0,998,1.3263681344660654,0,0.15578320723797393
715,715,1.43,0,1001,4.326368134466065,0,0.15264047351928078
716,716,1.432,0,1001,4.326368134466065,0,0.14956114057016817
717,717,1.434,0,999,2.3263681344660654,0,0.14654392935844845
718,718,1.436,0,996,-0.6736318655339346,0,0.143587586654828
719,719,1.438,0,993,-3.6736318655339346,0,0.1406908845123656
720,720,1.44,0,992,-4.673631865533935,0,0.13785261975643245
721,721,1.442,0,993,-3.6736318655339346,0,0.13507161348496113
722,722,1.444,0,996,-0.6736318655339346,0,0.13234671057877678
723,723,1.446,0,999,2.3263681344660654,0,0.12967677922180665
724,724,1.448,0,1000,3.3263681344660654,0,0.12706071043096875
725,725,1.45,0,1000,3.3263681344660654,0,0.1244974175955445
726,726,1.452,0,995,-1.6736318655339346,0,0.12198583602584395
727,727,1.454,0,992,-4.673631865533935,0,0.11952492251097609
728,728,1.456,0,988,-8.673631865533935,0,0.11711365488554064
729,729,1.458,0,992,-4.673631865533935,0,0.11475103160506127
730,730,1.46,0,995,-1.6736318655339346,0,0.11243607132998396
731,731,1.462,0,997,0.3263681344660654,0,0.11016781251806759
732,732,1.464,0,1000,3.3263681344660654,0,0.10794531302499773
733,733,1.466,0,1000,3.3263681344660654,0,0.10576764971305733
734,734,1.468,0,1001,4.326368134466065,0,0.10363391806769214
735,735,1.47,0,1000,3.3263681344660654,0,0.10154323182181142
736,736,1.472,0,998,1.3263681344660654,0,0.09949472258766792
737,737,1.474,0,1000,3.3263681344660654,0,0.09748753949616419
738,738,1.476,0,998,1.3263681344660654,0,0.09552084884343548
739,739,1.478,0,996,-0.6736318655339346,0,0.09359383374456237
740,740,1.48,0,992,-4.673631865533935,0,0.09170569379426935
741,741,1.482,0,990,-6.673631865533935,0,0.08985564473446836
742,742,1.484,0,989,-7.673631865533935,0,0.0880429181285092
743,743,1.486,0,993,-3.6736318655339346,0,0.08626676104200164
744,744,1.488,0,998,1.3263681344660654,0,0.0845264357300764
745,745,1.49,0,1002,5.326368134466065,0,0.0828212193309554
746,746,1.492,0,1003,6.326368134466065,0,0.08115040356570374
747,747,1.494,0,1001,4.326368134466065,0,0.0795132944440389
748,748,1.496,0,999,2.3263681344660654,0,0.07790921197607477
749,749,1.498,0,996,-0.6736318655339346,0,0.07633748988988102
750,750,1.5,0,992,-4.673631865533935,0,0.07479747535474027
751,751,1.502,0,990,-6.673631865533935,0,0.07328852870998817
752,752,1.504,0,991,-5.673631865533935,0,0.07181002319932396
753,753,1.506,0,995,-1.6736318655339346,0,0.07036134471048079
754,754,1.508,0,1000,3.3263681344660654,0,0.06894189152014799
755,755,1.51,0,1003,6.326368134466065,0,0.06755107404403919
756,756,1.512,0,1001,4.326368134466065,0,0.06618831459200251
757,757,1.514,0,995,-1.6736318655339346,0,0.06485304712807108
758,758,1.516,0,992,-4.673631865533935,0,0.06354471703535425
759,759,1.518,0,989,-7.673631865533935,0,0.06226278088567186
760,760,1.52,0,990,-6.673631865533935,0,0.061006706213835825
761,761,1.522,0,994,-2.6736318655339346,0,0.0597759712964853
762,762,1.524,0,996,-0.6736318655339346,0,0.0585700649353836
763,763,1.526,0,998,1.3263681344660654,0,0.05738848624508683
764,764,1.528,0,1001,4.326368134466065,0,0.05623074444489601
765,765,1.53,0,1002,5.326368134466065,0,0.05509635865500637
766,766,1.532,0,1004,7.326368134466065,0,0.053984857696769
767,767,1.534,0,1000,3.3263681344660654,0,0.052895779896982055
768,768,1.536,0,999,2.3263681344660654,0,0.05182867289613008
769,769,1.538,0,995,-1.6736318655339346,0,0.05078309346049191
770,770,1.54,0,991,-5.673631865533935,0,0.049758607298039034
771,771,1.542,0,991,-5.673631865533935,0,0.04875478887804801
772,772,1.544,0,996,-0.6736318655339346,0,0.04777122125435194
773,773,1.546,0,1001,4.326368134466065,0,0.046807495892157665
774,774,1.548,0,1003,6.326368134466065,0,0.0458632124983567
775,775,1.55,0,1000,3.3263681344660654,0,0.04493797885525939
776,776,1.552,0,994,-2.6736318655339346,0,0.04403141065768336
777,777,1.554,0,992,-4.673631865533935,0,0.043143131353328444
778,778,1.556,0,991,-5.673631865533935,0,0.042272771986371846
779,779,1.558,0,992,-4.673631865533935,0,0.04141997104421861
780,780,1.56,0,992,-4.673631865533935,0,0.0405843743073437
781,781,1.562,0,992,-4.673631865533935,0,0.03976563470216332
782,782,1.564,0,991,-5.673631865533935,0,0.03896341215687438
783,783,1.566,0,994,-2.6736318655339346,0,0.03817737346020221
784,784,1.568,0,996,-0.6736318655339346,0,0.03740719212299791
785,785,1.57,0,997,0.3263681344660654,0,0.036652548242627724
786,786,1.572,0,997,0.3263681344660654,0,0.03591312837009827
787,787,1.574,0,999,2.3263681344660654,0,0.035188625379862296
788,788,1.576,0,1002,5.326368134466065,0,0.034478738342250986
789,789,1.578,0,1003,6.326368134466065,0,0.03378317239847976
790,790,1.58,0,1002,5.326368134466065,0,0.03310163863817569
791,791,1.582,0,998,1.3263681344660654,0,0.03243385397937563
792,792,1.584,0,994,-2.6736318655339346,0,0.03177954105094526
793,793,1.586,0,993,-3.6736318655339346,0,0.031138428077370196
794,794,1.588,0,993,-3.6736318655339346,0,0.030510248765871224
795,795,1.59,0,994,-2.6736318655339346,0,0.029894742195796926
796,796,1.592,0,997,0.3263681344660654,0,0.02929165271024763
797,797,1.594,0,998,1.3263681344660654,0,0.02870072980988572
798,798,1.596,0,996,-0.6736318655339346,0,0.028121728048888198
799,799,1.598,0,993,-3.6736318655339346,0,0.02755440693299827
800,800,1.6,0,992,-4.673631865533935,0,0.026998530819633614
801,801,1.602,0,993,-3.6736318655339346,0,0.02645386882000985
802,802,1.604,0,997,0.3263681344660654,0,0.025920194703238527
803,803,1.606,0,999,2.3263681344660654,0,0.025397286802359836
804,804,1.608,0,999,2.3263681344660654,0,0.024884927922270993
805,805,1.61,0,998,1.3263681344660654,0,0.024382905249512043
806,806,1.612,0,995,-1.6736318655339346,0,0.023891010263871627
807,807,1.614,0,993,-3.6736318655339346,0,0.023409038651776
808,808,1.616,0,993,-3.6736318655339346,0,0.022936790221425325
809,809,1.618,0,993,-3.6736318655339346,0,0.02247406881964196
810,810,1.62,0,993,-3.6736318655339346,0,0.02202068225039625
811,811,1.622,0,992,-4.673631865533935,0,0.02157644219497596
812,812,1.624,0,995,-1.6736318655339346,0,0.021141164133766197
813,813,1.626,0,998,1.3263681344660654,0,0.02071466726960729
814,814,1.628,0,1002,5.326368134466065,0,0.02029677445269888
815,815,1.63,0,1002,5.326368134466065,0,0.019887312107018933
816,816,1.632,0,998,1.3263681344660654,0,0.019486110158227193
817,817,1.634,0,995,-1.6736318655339346,0,0.019093001963023073
818,818,1.636,0,991,-5.673631865533935,0,0.01870782423992867
819,819,1.638,0,990,-6.673631865533935,0,0.018330417001468136
820,820,1.64,0,992,-4.673631865533935,0,0.01796062348771528
821,821,1.642,0,995,-1.6736318655339346,0,0.01759829010118172
822,822,1.644,0,1002,5.326368134466065,0,0.017243266343018614
823,823,1.646,0,1003,6.326368134466065,0,0.016895404750505442
824,824,1.648,0,1002,5.326368134466065,0,0.016554560835799863
825,825,1.65,0,1000,3.3263681344660654,0,0.016220593025923224
826,826,1.652,0,996,-0.6736318655339346,0,0.015893362603956785
827,827,1.654,0,994,-2.6736318655339346,0,0.015572733651424243
828,828,1.656,0,991,-5.673631865533935,0,0.015258572991836614
829,829,1.658,0,992,-4.673631865533935,0,0.014950750135376023
830,830,1.66,0,996,-0.6736318655339346,0,0.014649137224695439
831,831,1.662,0,1001,4.326368134466065,0,0.01435360898181182
832,832,1.664,0,1001,4.326368134466065,0,0.014064042656070641
833,833,1.666,0,996,-0.6736318655339346,0,0.013780317973160162
834,834,1.668,0,989,-7.673631865533935,0,0.013502317085154265
835,835,1.67,0,987,-9.673631865533935,0,0.013229924521563132
836,836,1.672,0,991,-5.673631865533935,0,0.012963027141371396
837,837,1.674,0,999,2.3263681344660654,0,0.012701514086043881
838,838,1.676,0,1005,8.326368134466065,0,0.012445276733479378
839,839,1.678,0,1003,6.326368134466065,0,0.012194208652893355
840,840,1.68,0,997,0.3263681344660654,0,0.011948205560610853
841,841,1.682,0,987,-9.673631865533935,0,0.011707165276751199
842,842,1.684,0,985,-11.673631865533935,0,0.01147098768278656
843,843,1.686,0,988,-8.673631865533935,0,0.011239574679956694
844,844,1.688,0,999,2.3263681344660654,0,0.011012830148522635
845,845,1.69,0,1006,9.326368134466065,0,0.010790659907842382
846,846,1.692,0,1008,11.326368134466065,0,0.010572971677252019
847,847,1.694,0,1002,5.326368134466065,0,0.010359675037736
848,848,1.696,0,994,-2.6736318655339346,0,0.010150681394370696
849,849,1.698,0,987,-9.673631865533935,0,0.009945903939525592
850,850,1.7,0,985,-11.673631865533935,0,0.009745257616806858
851,851,1.702,0,990,-6.673631865533935,0,0.009548659085728314
852,852,1.704,0,998,1.3263681344660654,0,0.009356026687095113
853,853,1.706,0,1004,7.326368134466065,0,0.009167280409085765
854,854,1.708,0,1004,7.326368134466065,0,0.008982341854018413
855,855,1.71,0,998,1.3263681344660654,0,0.008801134205787564
856,856,1.712,0,990,-6.673631865533935,0,0.00862358219795774
857,857,1.714,0,986,-10.673631865533935,0,0.008449612082500795
858,858,1.716,0,986,-10.673631865533935,0,0.008279151599163929
859,859,1.718,0,993,-3.6736318655339346,0,0.008112129945455659
860,860,1.72,0,1001,4.326368134466065,0,0.00794847774723728
861,861,1.722,0,1004,7.326368134466065,0,0.007788127029907617
862,862,1.724,0,1004,7.326368134466065,0,0.0076310111901690845
863,863,1.726,0,1002,5.326368134466065,0,0.00747706496836333
864,864,1.728,0,1000,3.3263681344660654,0,0.007326224421364972
865,865,1.73,0,998,1.3263681344660654,0,0.007178426896022174
866,866,1.732,0,996,-0.6736318655339346,0,0.007033611003133025
867,867,1.734,0,994,-2.6736318655339346,0,0.006891716591946907
868,868,1.736,0,993,-3.6736318655339346,0,0.006752684725180276
869,869,1.738,0,992,-4.673631865533935,0,0.006616457654536457
870,870,1.74,0,989,-7.673631865533935,0,0.006482978796719308
871,871,1.742,0,988,-8.673631865533935,0,0.006352192709930771
872,872,1.744,0,991,-5.673631865533935,0,0.0062240450708425585
873,873,1.746,0,995,-1.6736318655339346,0,0.0060984826520324095
874,874,1.748,0,998,1.3263681344660654,0,0.00597545329987554
875,875,1.75,0,1003,6.326368134466065,0,0.005854905912882102
876,876,1.752,0,1001,4.326368134466065,0,0.005736790420471666
877,877,1.754,0,999,2.3263681344660654,0,0.005621057762175892
878,878,1.756,0,995,-1.6736318655339346,0,0.005507659867260773
879,879,1.758,0,989,-7.673631865533935,0,0.005396549634759962
880,880,1.76,0,988,-8.673631865533935,0,0.005287680913910909
881,881,1.762,0,991,-5.673631865533935,0,0.005181008484985674
882,882,1.764,0,998,1.3263681344660654,0,0.005076488040508456
883,883,1.766,0,1005,8.326368134466065,0,0.004974076166852029
884,884,1.768,0,1008,11.326368134466065,0,0.0048737303262054565
885,885,1.77,0,1005,8.326368134466065,0,0.004775408838905575
886,886,1.772,0,997,0.3263681344660654,0,0.004679070866124928
887,887,1.774,0,989,-7.673631865533935,0,0.004584676392908942
888,888,1.776,0,986,-10.673631865533935,0,0.004492186211555305
889,889,1.778,0,986,-10.673631865533935,0,0.004401561905328659
890,890,1.78,0,990,-6.673631865533935,0,0.004312765832503811
891,891,1.782,0,992,-4.673631865533935,0,0.0042257611107308635
892,892,1.784,0,997,0.3263681344660654,0,0.004140511601715756
893,893,1.786,0,1000,3.3263681344660654,0,0.004056981896209858
894,894,1.788,0,1002,5.326368134466065,0,0.003975137299302379
895,895,1.79,0,1002,5.326368134466065,0,0.0038949438160094823
896,896,1.792,0,1002,5.326368134466065,0,0.003816368137154127
897,897,1.794,0,998,1.3263681344660654,0,0.0037393776255307616
898,898,1.796,0,994,-2.6736318655339346,0,0.0036639403023491298
899,899,1.798,0,991,-5.673631865533935,0,0.0035900248339515548
900,900,1.8,0,989,-7.673631865533935,0,0.003517600518798188
901,901,1.802,0,992,-4.673631865533935,0,0.003446637274714812
902,902,1.804,0,996,-0.6736318655339346,0,0.0033771056263979036
903,903,1.806,0,998,1.3263681344660654,0,0.0033089766931717695
904,904,1.808,0,997,0.3263681344660654,0,0.0032422221769926617
905,905,1.81,0,994,-2.6736318655339346,0,0.003176814350694901
906,906,1.812,0,992,-4.673631865533935,0,0.0031127260464741146
907,907,1.814,0,991,-5.673631865533935,0,0.003049930644602815
908,908,1.816,0,996,-0.6736318655339346,0,0.0029884020623736243
909,909,1.818,0,998,1.3263681344660654,0,0.0029281147432655584
910,910,1.82,0,1000,3.3263681344660654,1,0.024082031850421987
911,911,1.822,0,999,2.3263681344660654,1,0.0447871466038131
912,912,1.824,0,997,0.3263681344660654,1,0.06505298081217648
913,913,1.826,0,996,-0.6736318655339346,1,0.08488885426917367
914,914,1.828,0,996,-0.6736318655339346,1,0.10430388903935009
915,915,1.83,0,1001,4.326368134466065,1,0.12330701365316388
916,916,1.832,0,1003,6.326368134466065,1,0.1419069672130129
917,917,1.834,0,1002,5.326368134466065,1,0.1601123034121481
918,918,1.836,0,998,1.3263681344660654,1,0.17793139446832124
919,919,1.838,0,993,-3.6736318655339346,1,0.19537243497397655
920,920,1.84,0,993,-3.6736318655339346,1,0.2124434456647563
921,921,1.842,0,998,1.3263681344660654,1,0.22915227710805364
922,922,1.844,0,1006,9.326368134466065,1,0.24550661331330909
923,923,1.846,0,1010,13.326368134466065,1,0.2615139752657107
924,924,1.848,1,1010,13.326368134466065,1,0.27718172438492306
925,925,1.85,1,1004,7.326368134466065,1,0.292517065910436
926,926,1.852,1,998,1.3263681344660654,1,0.30752705221508936
927,927,1.854,1,997,0.3263681344660654,1,0.32221858604829784
928,928,1.856,1,996,-0.6736318655339346,1,0.3365984237104678
929,929,1.858,1,995,-1.6736318655339346,1,0.35067317816006516
930,930,1.86,1,992,-4.673631865533935,1,0.3644493220547639
931,931,1.862,1,993,-3.6736318655339346,1,0.3779331907280731
932,932,1.864,1,993,-3.6736318655339346,1,0.39113098510281197
933,933,1.866,1,996,-0.6736318655339346,1,0.4040487745427726
934,934,1.868,1,1003,6.326368134466065,1,0.41669249964388144
935,935,1.87,1,1005,8.326368134466065,1,0.4290679749661434
936,936,1.872,1,1010,13.326368134466065,1,0.44118089170762526
937,937,1.874,1,1008,11.326368134466065,1,0.4530368203217072
938,938,1.876,1,1002,5.326368134466065,1,0.46464121307880724
939,939,1.878,1,996,-0.6736318655339346,1,0.4759994065737554
940,940,1.88,1,995,-1.6736318655339346,1,0.4871166241799718
941,941,1.882,1,994,-2.6736318655339346,1,0.4979979784515766
942,942,1.884,1,995,-1.6736318655339346,1,0.5086484734745367
943,943,1.886,1,999,2.3263681344660654,1,0.5190730071679304
944,944,1.888,1,999,2.3263681344660654,1,0.5292763735363885
945,945,1.89,1,993,-3.6736318655339346,1,0.539263264874747
946,946,1.892,1,986,-10.673631865533935,1,0.5490382739259267
947,947,1.894,1,993,-3.6736318655339346,1,0.5586058959930306
948,948,1.896,1,1011,14.326368134466065,1,0.5679705310066302
949,949,1.898,1,1021,24.326368134466065,1,0.577136485548194
950,950,1.9,1,1009,12.326368134466065,1,0.5861079748305852
951,951,1.902,1,985,-11.673631865533935,1,0.5948891246365418
952,952,1.904,1,972,-24.673631865533935,1,0.6034839732160296
953,953,1.906,1,979,-17.673631865533935,1,0.6118964731433416
954,954,1.908,1,986,-10.673631865533935,1,0.6201304931347957
955,955,1.91,1,990,-6.673631865533935,1,0.6281898198278695
956,956,1.912,1,995,-1.6736318655339346,1,0.6360781595225876
957,957,1.914,1,1001,4.326368134466065,1,0.643799139885965
958,958,1.916,1,1002,5.326368134466065,1,0.6513563116202878
959,959,1.918,1,1000,3.3263681344660654,1,0.6587531500959999
960,960,1.92,1,995,-1.6736318655339346,1,0.6659930569499463
961,961,1.922,1,991,-5.673631865533935,1,0.6730793616497085
962,962,1.924,1,986,-10.673631865533935,1,0.6800153230247502
963,963,1.926,1,989,-7.673631865533935,1,0.6868041307650785
964,964,1.928,1,998,1.3263681344660654,1,0.6934489068881093
965,965,1.93,1,1006,9.326368134466065,1,0.699952707174412
966,966,1.932,1,1004,7.326368134466065,1,0.7063185225729928
967,967,1.934,1,999,2.3263681344660654,1,0.7125492805767635
968,968,1.936,1,990,-6.673631865533935,1,0.7186478465688293
969,969,1.938,1,988,-8.673631865533935,1,0.7246170251402123
970,970,1.94,1,990,-6.673631865533935,1,0.7304595613796191
971,971,1.942,1,993,-3.6736318655339346,1,0.7361781421358441
972,972,1.944,1,992,-4.673631865533935,1,0.7417753972533899
973,973,1.946,1,984,-12.673631865533935,1,0.7472539007818729
974,974,1.948,1,979,-17.673631865533935,1,0.7526161721597693
975,975,1.95,1,986,-10.673631865533935,1,0.7578646773730476
976,976,1.952,1,999,2.3263681344660654,1,0.7630018300892194
977,977,1.954,1,1014,17.326368134466065,1,0.7680299927673291
978,978,1.956,1,1021,24.326368134466065,1,0.7729514777443955
979,979,1.958,1,1011,14.326368134466065,1,0.7777685482988027
980,980,1.96,1,987,-9.673631865533935,1,0.7824834196911293
981,981,1.962,1,966,-30.673631865533935,1,0.7870982601828971
982,982,1.964,1,972,-24.673631865533935,1,0.7916151920337041
983,983,1.966,1,990,-6.673631865533935,1,0.7960362924772039
984,984,1.968,1,1003,6.326368134466065,1,0.8003635946763774
985,985,1.97,1,1006,9.326368134466065,1,0.8045990886585381
986,986,1.972,1,1003,6.326368134466065,1,0.8087447222305004
987,987,1.974,1,1004,7.326368134466065,1,0.8128024018743312
988,988,1.976,1,1004,7.326368134466065,1,0.8167739936240971
989,989,1.978,1,1002,5.326368134466065,1,0.8206613239240114
990,990,1.98,1,994,-2.6736318655339346,1,0.8244661804683736
991,991,1.982,1,989,-7.673631865533935,1,0.8281903130236893
992,992,1.984,1,993,-3.6736318655339346,1,0.8318354342333476
993,993,1.986,1,992,-4.673631865533935,1,0.8354032204052271
994,994,1.988,1,985,-11.673631865533935,1,0.8388953122825907
995,995,1.99,1,984,-12.673631865533935,1,0.842313315798627
996,996,1.992,1,999,2.3263681344660654,1,0.8456588028149812
997,997,1.994,1,1015,18.326368134466065,1,0.848933311844619
998,998,1.996,1,1009,12.326368134466065,1,0.8521383487593532
999,999,1.998,1,991,-5.673631865533935,1,0.8552753874823602
1000,1000,2.0,1,988,-8.673631865533935,1,0.8583458706660027
1001,1001,2.002,1,1001,4.326368134466065,1,0.8613512103552731
1002,1002,2.004,1,1007,10.326368134466065,1,0.8642927886371609
1003,1003,2.006,1,993,-3.6736318655339346,1,0.8671719582762423
1004,1004,2.008,1,973,-23.673631865533935,1,0.8699900433367861
1005,1005,2.01,1,979,-17.673631865533935,1,0.8727483397916606
1006,1006,2.012,1,1008,11.326368134466065,1,0.8754481161183214
1007,1007,2.014,1,1027,30.326368134466065,1,0.8780906138821559
1008,1008,2.016,1,1017,20.326368134466065,1,0.8806770483074503
1009,1009,2.018,1,993,-3.6736318655339346,1,0.8832086088362435
1010,1010,2.02,1,978,-18.673631865533935,1,0.8856864596753247
1011,1011,2.022,1,977,-19.673631865533935,1,0.8881117403316247
1012,1012,2.024,1,985,-11.673631865533935,1,0.89048556613625
1013,1013,2.026,1,995,-1.6736318655339346,1,0.8928090287573973
1014,1014,2.028,1,1002,5.326368134466065,1,0.8950831967023873
1015,1015,2.03,1,1004,7.326368134466065,1,0.8973091158090464
1016,1016,2.032,1,998,1.3263681344660654,1,0.8994878097266636
1017,1017,2.034,1,987,-9.673631865533935,1,0.9016202803867439
1018,1018,2.036,1,985,-11.673631865533935,1,0.9037075084637729
1019,1019,2.038,1,989,-7.673631865533935,1,0.9057504538262072
1020,1020,2.04,1,993,-3.6736318655339346,1,0.9077500559778958
1021,1021,2.042,1,1000,3.3263681344660654,1,0.9097072344901361
1022,1022,2.044,1,1011,14.326368134466065,1,0.9116228894245643
1023,1023,2.046,1,1015,18.326368134466065,1,0.9134979017470723
1024,1024,2.048,1,1008,11.326368134466065,1,0.915333133732945
1025,1025,2.05,1,995,-1.6736318655339346,1,0.9171294293633998
1026,1026,2.052,1,996,-0.6736318655339346,1,0.9188876147137148
1027,1027,2.054,1,996,-0.6736318655339346,1,0.9206084983331221
1028,1028,2.056,1,982,-14.673631865533935,1,0.9222928716166405
1029,1029,2.058,1,961,-35.673631865533935,1,0.9239415091690207
1030,1030,2.06,1,962,-34.673631865533935,1,0.9255551691609677
1031,1031,2.062,1,997,0.3263681344660654,1,0.9271345936778065
1032,1032,2.064,1,1029,32.326368134466065,1,0.9286805090607501
1033,1033,2.066,1,1033,36.326368134466065,1,0.9301936262409272
1034,1034,2.068,1,1015,18.326368134466065,1,0.931674641066323
1035,1035,2.07,1,995,-1.6736318655339346,1,0.9331242346217842
1036,1036,2.072,1,977,-19.673631865533935,1,0.9345430735422339
1037,1037,2.074,1,968,-28.673631865533935,1,0.935931810319242
1038,1038,2.076,1,974,-22.673631865533935,1,0.937291083601091
1039,1039,2.078,1,990,-6.673631865533935,1,0.938621518486476
1040,1040,2.08,1,1007,10.326368134466065,1,0.9399237268119729
1041,1041,2.082,1,1018,21.326368134466065,1,0.9411983074334084
1042,1042,2.084,1,1012,15.326368134466065,1,0.94244584650126
1043,1043,2.086,1,991,-5.673631865533935,1,0.9436669177302129
1044,1044,2.088,1,973,-23.673631865533935,1,0.944862082662999
1045,1045,2.09,1,979,-17.673631865533935,1,0.9460318909286366
1046,1046,2.092,1,1007,10.326368134466065,1,0.9471768804951929
1047,1047,2.094,1,1025,28.326368134466065,1,0.948297577917183
1048,1048,2.096,1,1019,22.326368134466065,1,0.9493944985777205
1049,1049,2.098,1,996,-0.6736318655339346,1,0.9504681469255298
1050,1050,2.1,1,980,-16.673631865533935,1,0.9515190167069312
1051,1051,2.102,1,978,-18.673631865533935,1,0.9525475911929031
1052,1052,2.104,1,979,-17.673631865533935,1,0.9535543434013276
1053,1053,2.106,1,985,-11.673631865533935,1,0.9545397363145204
1054,1054,2.108,1,998,1.3263681344660654,1,0.9555042230921458
1055,1055,2.11,1,1008,11.326368134466065,1,0.9564482472796144
1056,1056,2.112,1,1006,9.326368134466065,1,0.9573722430120597
1057,1057,2.114,1,999,2.3263681344660654,1,0.9582766352139868
1058,1058,2.116,1,998,1.3263681344660654,1,0.9591618397946853
1059,1059,2.118,1,1000,3.3263681344660654,1,0.9600282638394968
1060,1060,2.12,1,1001,4.326368134466065,1,0.960876305797024
1061,1061,2.122,1,997,0.3263681344660654,1,0.9617063556623678
1062,1062,2.124,1,994,-2.6736318655339346,1,0.9625187951564778
1063,1063,2.126,1,993,-3.6736318655339346,1,0.9633139979016961
1064,1064,2.128,1,993,-3.6736318655339346,1,0.9640923295935788
1065,1065,2.13,1,995,-1.6736318655339346,1,0.9648541481690699
1066,1066,2.132,1,992,-4.673631865533935,1,0.9655998039711091
1067,1067,2.134,1,989,-7.673631865533935,1,0.9663296399097463
1068,1068,2.136,1,983,-13.673631865533935,1,0.9670439916198378
1069,1069,2.138,1,982,-14.673631865533935,1,0.9677431876153976
1070,1070,2.14,1,991,-5.673631865533935,1,0.9684275494406729
1071,1071,2.142,1,1008,11.326368134466065,1,0.9690973918180155
1072,1072,2.144,1,1016,19.326368134466065,1,0.969753022792615
1073,1073,2.146,1,1011,14.326368134466065,1,0.970394743874162
1074,1074,2.148,1,1001,4.326368134466065,1,0.9710228501755055
1075,1075,2.15,1,992,-4.673631865533935,1,0.9716376305483682
1076,1076,2.152,1,984,-12.673631865533935,1,0.9722393677161831
1077,1077,2.154,1,977,-19.673631865533935,1,0.9728283384041119
1078,1078,2.156,1,979,-17.673631865533935,1,0.9734048134663037
1079,1079,2.158,1,997,0.3263681344660654,1,0.9739690580104554
1080,1080,2.16,1,1022,25.326368134466065,1,0.9745213315197283
1081,1081,2.162,1,1030,33.326368134466065,1,0.9750618879720784
1082,1082,2.164,1,1016,19.326368134466065,1,0.9755909759570554
1083,1083,2.166,1,979,-17.673631865533935,1,0.9761088387901229
1084,1084,2.168,1,954,-42.673631865533935,1,0.9766157146245541
1085,1085,2.17,1,962,-34.673631865533935,1,0.9771118365609528
1086,1086,2.172,1,996,-0.6736318655339346,1,0.9775974327544509
1087,1087,2.174,1,1015,18.326368134466065,1,0.978072726519632
1088,1088,2.176,1,1015,18.326368134466065,1,0.9785379364332283
1089,1089,2.178,1,1009,12.326368134466065,1,0.9789932764346396
1090,1090,2.18,1,1003,6.326368134466065,1,0.9794389559243187
1091,1091,2.182,1,995,-1.6736318655339346,1,0.9798751798600699
1092,1092,2.184,1,986,-10.673631865533935,1,0.9803021488513045
1093,1093,2.186,1,980,-16.673631865533935,1,0.9807200592512967
1094,1094,2.188,1,975,-21.673631865533935,1,0.9811291032474815
1095,1095,2.19,1,975,-21.673631865533935,1,0.9815294689498377
1096,1096,2.192,1,985,-11.673631865533935,1,0.9819213404773953
1097,1097,2.194,1,1010,13.326368134466065,1,0.9823048980429074
1098,1098,2.196,1,1035,38.326368134466065,1,0.9826803180357263
1099,1099,2.198,1,1037,40.326368134466065,1,0.9830477731029206
1100,1100,2.2,1,1012,15.326368134466065,1,0.9834074322286718
1101,1101,2.202,1,980,-16.673631865533935,1,0.9837594608119862
1102,1102,2.204,1,963,-33.673631865533935,1,0.9841040207427582
1103,1103,2.206,1,970,-26.673631865533935,1,0.9844412704762197
1104,1104,2.208,1,992,-4.673631865533935,1,0.98477136510581
1105,1105,2.21,1,1011,14.326368134466065,1,0.9850944564344998
1106,1106,2.212,1,1005,8.326368134466065,1,0.9854106930446018
1107,1107,2.214,1,981,-15.673631865533935,1,0.9857202203661007
1108,1108,2.216,1,970,-26.673631865533935,1,0.9860231807435325
1109,1109,2.218,1,984,-12.673631865533935,1,0.9863197135014458
1110,1110,2.22,1,1015,18.326368134466065,1,0.9866099550084741
1111,1111,2.222,1,1036,39.326368134466065,1,0.9868940387400488
1112,1112,2.224,1,1027,30.326368134466065,1,0.9871720953397806
1113,1113,2.226,1,992,-4.673631865533935,1,0.9874442526795404
1114,1114,2.228,1,958,-38.673631865533935,1,0.9877106359182645
1115,1115,2.23,1,957,-39.673631865533935,1,0.987971367559512
1116,1116,2.232,1,989,-7.673631865533935,1,0.9882265675078016
1117,1117,2.234,1,1017,20.326368134466065,1,0.9884763531237529
1118,1118,2.236,1,1019,22.326368134466065,1,0.9887208392780581
1119,1119,2.238,1,997,0.3263681344660654,1,0.988960138404308
1120,1120,2.24,1,981,-15.673631865533935,1,0.9891943605506978
1121,1121,2.242,1,988,-8.673631865533935,1,0.9894236134306358
1122,1122,2.244,1,1008,11.326368134466065,1,0.9896480024722785
1123,1123,2.246,1,1010,13.326368134466065,1,0.989867630867014
1124,1124,2.248,1,993,-3.6736318655339346,1,0.9900825996169182
1125,1125,2.25,1,975,-21.673631865533935,1,0.9902930075812028
1126,1126,2.252,1,985,-11.673631865533935,1,0.9904989515216782
1127,1127,2.254,1,1004,7.326368134466065,1,0.9907005261472527
1128,1128,2.256,1,1010,13.326368134466065,1,0.9908978241574864
1129,1129,2.258,1,993,-3.6736318655339346,1,0.991090936285222
1130,1130,2.26,1,980,-16.673631865533935,1,0.9912799513383105
1131,1131,2.262,1,987,-9.673631865533935,1,0.9914649562404517
1132,1132,2.264,1,1006,9.326368134466065,1,0.9916460360711692
1133,1133,2.266,1,1013,16.326368134466065,1,0.9918232741049355
1134,1134,2.268,1,1006,9.326368134466065,1,0.9919967518494691
1135,1135,2.27,1,993,-3.6736318655339346,1,0.992166549083217
1136,1136,2.272,1,980,-16.673631865533935,1,0.9923327438920436
1137,1137,2.274,1,980,-16.673631865533935,1,0.9924954127051405
1138,1138,2.276,1,991,-5.673631865533935,1,0.9926546303301746
1139,1139,2.278,1,1008,11.326368134466065,1,0.9928104699876903
1140,1140,2.28,1,1013,16.326368134466065,1,0.9929630033447818
1141,1141,2.282,1,1010,13.326368134466065,1,0.9931123005480517
1142,1142,2.284,1,1000,3.3263681344660654,1,0.9932584302558691
1143,1143,2.286,1,988,-8.673631865533935,1,0.9934014596699446
1144,1144,2.288,1,976,-20.673631865533935,1,0.9935414545662347
1145,1145,2.29,1,971,-25.673631865533935,1,0.9936784793251903
1146,1146,2.292,1,985,-11.673631865533935,1,0.9938125969613641
1147,1147,2.294,1,1001,4.326368134466065,1,0.99394386915239
1148,1148,2.296,1,1006,9.326368134466065,1,0.994072356267346
1149,1149,2.298,1,996,-0.6736318655339346,1,0.9941981173945179
1150,1150,2.3,1,990,-6.673631865533935,1,0.9943212103685719
1151,1151,2.302,1,1003,6.326368134466065,1,0.9944416917971515
1152,1152,2.304,1,1019,22.326368134466065,1,0.9945596170869101
1153,1153,2.306,1,1016,19.326368134466065,1,0.9946750404689916
1154,1154,2.308,1,1000,3.3263681344660654,1,0.9947880150239695
1155,1155,2.31,1,993,-3.6736318655339346,1,0.994898592706258
1156,1156,2.312,1,996,-0.6736318655339346,1,0.9950068243680041
1157,1157,2.314,1,997,0.3263681344660654,1,0.9951127597824738
1158,1158,2.316,1,984,-12.673631865533935,1,0.9952164476669413
1159,1159,2.318,1,968,-28.673631865533935,1,0.9953179357050933
1160,1160,2.32,1,967,-29.673631865533935,1,0.9954172705689576
1161,1161,2.322,1,975,-21.673631865533935,1,0.9955144979403661
1162,1162,2.324,1,988,-8.673631865533935,1,0.9956096625319633
1163,1163,2.326,1,1005,8.326368134466065,1,0.9957028081077683
1164,1164,2.328,1,1025,28.326368134466065,1,0.9957939775033013
1165,1165,2.33,1,1040,43.326368134466065,1,0.9958832126452822
1166,1166,2.332,1,1035,38.326368134466065,1,0.9959705545709119
1167,1167,2.334,1,1002,5.326368134466065,1,0.9960560434467444
1168,1168,2.336,1,963,-33.673631865533935,1,0.9961397185871584
1169,1169,2.338,1,949,-47.673631865533935,1,0.9962216184724375
1170,1170,2.34,1,974,-22.673631865533935,1,0.9963017807664658
1171,1171,2.342,1,1012,15.326368134466065,1,0.9963802423340489
1172,1172,2.344,1,1026,29.326368134466065,1,0.9964570392578672
1173,1173,2.346,1,1011,14.326368134466065,1,0.9965322068550698
1174,1174,2.348,1,987,-9.673631865533935,1,0.9966057796935154
1175,1175,2.35,1,973,-23.673631865533935,1,0.9966777916076697
1176,1176,2.352,1,976,-20.673631865533935,1,0.9967482757141651
1177,1177,2.354,1,990,-6.673631865533935,1,0.9968172644270302
1178,1178,2.356,1,1002,5.326368134466065,1,0.9968847894725963
1179,1179,2.358,1,1005,8.326368134466065,1,0.9969508819040874
1180,1180,2.36,1,997,0.3263681344660654,1,0.9970155721159012
1181,1181,2.362,1,995,-1.6736318655339346,1,0.9970788898575866
1182,1182,2.364,1,1000,3.3263681344660654,1,0.997140864247525
1183,1183,2.366,1,1017,20.326368134466065,1,0.9972015237863209
1184,1184,2.368,1,1024,27.326368134466065,1,0.9972608963699088
1185,1185,2.37,1,1001,4.326368134466065,1,0.997319009302382
1186,1186,2.372,1,958,-38.673631865533935,1,0.9973758893085491
1187,1187,2.374,1,950,-46.673631865533935,1,0.9974315625462241
1188,1188,2.376,1,986,-10.673631865533935,1,0.9974860546182557
1189,1189,2.378,1,1027,30.326368134466065,1,0.9975393905843015
1190,1190,2.38,1,1027,30.326368134466065,1,0.9975915949723526
1191,1191,2.382,1,997,0.3263681344660654,1,0.9976426917900131
1192,1192,2.384,1,974,-22.673631865533935,1,0.9976927045355407
1193,1193,2.386,1,981,-15.673631865533935,1,0.9977416562086533
1194,1194,2.388,1,1000,3.3263681344660654,1,0.9977895693211059
1195,1195,2.39,1,1009,12.326368134466065,1,0.997836465907043
1196,1196,2.392,1,1001,4.326368134466065,1,0.997882367533132
1197,1197,2.394,1,992,-4.673631865533935,1,0.9979272953084809
1198,1198,2.396,1,999,2.3263681344660654,1,0.9979712698943461
1199,1199,2.398,1,1015,18.326368134466065,1,0.998014311513634
1200,1200,2.4,1,1009,12.326368134466065,1,0.9980564399602007
1201,1201,2.402,1,976,-20.673631865533935,1,0.9980976746079554
1202,1202,2.404,1,947,-49.673631865533935,1,0.9981380344197696
1203,1203,2.406,1,959,-37.673631865533935,1,0.9981775379561976
1204,1204,2.408,1,1004,7.326368134466065,1,0.9982162033840123
1205,1205,2.41,1,1037,40.326368134466065,1,0.9982540484845598
1206,1206,2.412,1,1039,42.326368134466065,1,0.9982910906619362
1207,1207,2.414,1,1013,16.326368134466065,1,0.9983273469509918
1208,1208,2.416,1,977,-19.673631865533935,1,0.9983628340251646
1209,1209,2.418,1,961,-35.673631865533935,1,0.9983975682041485
1210,1210,2.42,1,978,-18.673631865533935,1,0.998431565461398
1211,1211,2.422,1,1007,10.326368134466065,1,0.9984648414314742
1212,1212,2.424,1,1014,17.326368134466065,1,0.9984974114172346
1213,1213,2.426,1,1001,4.326368134466065,1,0.9985292903968709
1214,1214,2.428,1,993,-3.6736318655339346,1,0.9985604930307966
1215,1215,2.43,1,992,-4.673631865533935,1,0.9985910336683895
1216,1216,2.432,1,992,-4.673631865533935,1,0.9986209263545903
1217,1217,2.434,1,990,-6.673631865533935,1,0.9986501848363618
1218,1218,2.436,1,989,-7.673631865533935,1,0.9986788225690105
1219,1219,2.438,1,991,-5.673631865533935,1,0.9987068527223748
1220,1220,2.44,1,991,-5.673631865533935,1,0.9987342881868811
1221,1221,2.442,1,999,2.3263681344660654,1,0.9987611415794722
1222,1222,2.444,1,1012,15.326368134466065,1,0.998787425249409
1223,1223,2.446,1,1016,19.326368134466065,1,0.9988131512839502
1224,1224,2.448,1,1008,11.326368134466065,1,0.9988383315139109
1225,1225,2.45,1,989,-7.673631865533935,1,0.9988629775191028
1226,1226,2.452,1,977,-19.673631865533935,1,0.99888710063366
1227,1227,2.454,1,976,-20.673631865533935,1,0.9989107119512514
1228,1228,2.456,1,983,-13.673631865533935,1,0.9989338223301817
1229,1229,2.458,1,995,-1.6736318655339346,1,0.9989564423983858
1230,1230,2.46,1,1002,5.326368134466065,1,0.9989785825583156
1231,1231,2.462,1,1005,8.326368134466065,1,0.9990002529917243
1232,1232,2.464,1,1004,7.326368134466065,1,0.9990214636643487
1233,1233,2.466,1,1007,10.326368134466065,1,0.9990422243304921
1234,1234,2.468,1,1003,6.326368134466065,1,0.9990625445375099
1235,1235,2.47,1,996,-0.6736318655339346,1,0.9990824336302006
1236,1236,2.472,1,981,-15.673631865533935,1,0.9991019007551031
1237,1237,2.474,1,977,-19.673631865533935,1,0.9991209548647029
1238,1238,2.476,1,988,-8.673631865533935,1,0.9991396047215492
1239,1239,2.478,1,1010,13.326368134466065,1,0.9991578589022846
1240,1240,2.48,1,1010,13.326368134466065,1,0.9991757258015894
1241,1241,2.482,1,995,-1.6736318655339346,1,0.9991932136360421
1242,1242,2.484,1,986,-10.673631865533935,1,0.9992103304478975
1243,1243,2.486,1,996,-0.6736318655339346,1,0.9992270841087862
1244,1244,2.488,1,1001,4.326368134466065,1,0.9992434823233336
1245,1245,2.49,1,988,-8.673631865533935,1,0.9992595326327034
1246,1246,2.492,1,974,-22.673631865533935,1,0.9992752424180659
1247,1247,2.494,1,992,-4.673631865533935,1,0.9992906189039921
1248,1248,2.496,1,1017,20.326368134466065,1,0.9993056691617761
1249,1249,2.498,1,1019,22.326368134466065,1,0.9993204001126874
1250,1250,2.5,1,1001,4.326368134466065,1,0.9993348185311534
1251,1251,2.502,1,990,-6.673631865533935,1,0.9993489310478748
1252,1252,2.504,1,993,-3.6736318655339346,1,0.9993627441528755
1253,1253,2.506,1,997,0.3263681344660654,1,0.9993762641984866
1254,1254,2.508,1,986,-10.673631865533935,1,0.9993894974022677
1255,1255,2.51,1,976,-20.673631865533935,1,0.9994024498498666
1256,1256,2.512,1,983,-13.673631865533935,1,0.9994151274978178
1257,1257,2.514,1,999,2.3263681344660654,1,0.9994275361762816
1258,1258,2.516,1,1003,6.326368134466065,1,0.9994396815917254
1259,1259,2.518,1,999,2.3263681344660654,1,0.999451569329548
1260,1260,2.52,1,1003,6.326368134466065,1,0.9994632048566483
1261,1261,2.522,1,1012,15.326368134466065,1,0.9994745935239389
1262,1262,2.524,1,1004,7.326368134466065,1,0.9994857405688075
1263,1263,2.526,1,985,-11.673631865533935,1,0.9994966511175251
1264,1264,2.528,1,975,-21.673631865533935,1,0.9995073301876034
1265,1265,2.53,1,980,-16.673631865533935,1,0.9995177826901027
1266,1266,2.532,1,998,1.3263681344660654,1,0.9995280134318898
1267,1267,2.534,1,1020,23.326368134466065,1,0.9995380271178488
1268,1268,2.536,1,1031,34.326368134466065,1,0.9995478283530449
1269,1269,2.538,1,1018,21.326368134466065,1,0.999557421644842
1270,1270,2.54,1,991,-5.673631865533935,1,0.9995668114049755
1271,1271,2.542,1,968,-28.673631865533935,1,0.9995760019515815
1272,1272,2.544,1,967,-29.673631865533935,1,0.999584997511182
1273,1273,2.546,1,978,-18.673631865533935,1,0.9995938022206293
1274,1274,2.548,1,991,-5.673631865533935,1,0.9996024201290078
1275,1275,2.55,1,994,-2.6736318655339346,1,0.9996108551994966
1276,1276,2.552,1,998,1.3263681344660654,1,0.9996191113111914
1277,1277,2.554,1,1006,9.326368134466065,1,0.9996271922608895
1278,1278,2.556,1,1013,16.326368134466065,1,0.9996351017648346
1279,1279,2.558,1,1009,12.326368134466065,1,0.9996428434604269
1280,1280,2.56,1,992,-4.673631865533935,1,0.9996504209078949
1281,1281,2.562,1,980,-16.673631865533935,1,0.9996578375919336
1282,1282,2.564,1,980,-16.673631865533935,1,0.9996650969233063
1283,1283,2.566,1,993,-3.6736318655339346,1,0.9996722022404134
1284,1284,2.568,1,1010,13.326368134466065,1,0.9996791568108278
1285,1285,2.57,1,1023,26.326368134466065,1,0.9996859638327973
1286,1286,2.572,1,1022,25.326368134466065,1,0.9996926264367157
1287,1287,2.574,1,1006,9.326368134466065,1,0.9996991476865622
1288,1288,2.576,1,989,-7.673631865533935,1,0.9997055305813104
1289,1289,2.578,1,975,-21.673631865533935,1,0.9997117780563076
1290,1290,2.58,1,965,-31.673631865533935,1,0.9997178929846248
1291,1291,2.582,1,966,-30.673631865533935,1,0.9997238781783774
1292,1292,2.584,1,988,-8.673631865533935,1,0.9997297363900194
1293,1293,2.586,1,1020,23.326368134466065,1,0.9997354703136082
1294,1294,2.588,1,1034,37.326368134466065,1,0.9997410825860442
1295,1295,2.59,1,1019,22.326368134466065,1,0.9997465757882831
1296,1296,2.592,1,989,-7.673631865533935,1,0.9997519524465229
1297,1297,2.594,1,971,-25.673631865533935,1,0.9997572150333659
1298,1298,2.596,1,970,-26.673631865533935,1,0.9997623659689554
1299,1299,2.598,1,986,-10.673631865533935,1,0.9997674076220888
1300,1300,2.6,1,1003,6.326368134466065,1,0.9997723423113072
1301,1301,2.602,1,1013,16.326368134466065,1,0.9997771723059612
1302,1302,2.604,1,1010,13.326368134466065,1,0.9997818998272548
1303,1303,2.606,1,1001,4.326368134466065,1,0.9997865270492672
1304,1304,2.608,1,997,0.3263681344660654,1,0.9997910560999517
1305,1305,2.61,1,993,-3.6736318655339346,1,0.9997954890621152
1306,1306,2.612,1,993,-3.6736318655339346,1,0.9997998279743757
1307,1307,2.614,1,996,-0.6736318655339346,1,0.9998040748320997
1308,1308,2.616,1,1008,11.326368134466065,1,0.9998082315883198
1309,1309,2.618,1,1013,16.326368134466065,1,0.9998123001546332
1310,1310,2.62,1,999,2.3263681344660654,1,0.9998162824020805
1311,1311,2.622,1,971,-25.673631865533935,1,0.9998201801620064
1312,1312,2.624,1,954,-42.673631865533935,1,0.9998239952269012
1313,1313,2.626,1,961,-35.673631865533935,1,0.9998277293512263
1314,1314,2.628,1,990,-6.673631865533935,1,0.99983138425222
1315,1315,2.63,1,1021,24.326368134466065,1,0.9998349616106875
1316,1316,2.632,1,1037,40.326368134466065,1,0.9998384630717744
1317,1317,2.634,1,1035,38.326368134466065,1,0.9998418902457223
1318,1318,2.636,1,1012,15.326368134466065,1,0.9998452447086104
1319,1319,2.638,1,982,-14.673631865533935,1,0.9998485280030792
1320,1320,2.64,1,964,-32.673631865533935,1,0.999851741639041
1321,1321,2.642,1,968,-28.673631865533935,1,0.9998548870943733
1322,1322,2.644,1,981,-15.673631865533935,1,0.9998579658155992
1323,1323,2.646,1,998,1.3263681344660654,1,0.999860979218552
1324,1324,2.648,1,1016,19.326368134466065,1,0.9998639286890268
1325,1325,2.65,1,1022,25.326368134466065,1,0.9998668155834178
1326,1326,2.652,1,1013,16.326368134466065,1,0.9998696412293416
1327,1327,2.654,1,995,-1.6736318655339346,1,0.9998724069262482
1328,1328,2.656,1,988,-8.673631865533935,1,0.9998751139460184
1329,1329,2.658,1,986,-10.673631865533935,1,0.9998777635335484
1330,1330,2.66,1,986,-10.673631865533935,1,0.9998803569073231
1331,1331,2.662,1,989,-7.673631865533935,1,0.9998828952599759
1332,1332,2.664,1,995,-1.6736318655339346,1,0.999885379758837
1333,1333,2.666,1,998,1.3263681344660654,1,0.9998878115464706
1334,1334,2.668,1,997,0.3263681344660654,1,0.9998901917412002
1335,1335,2.67,1,995,-1.6736318655339346,1,0.999892521437623
1336,1336,2.672,1,996,-0.6736318655339346,1,0.999894801707113
1337,1337,2.674,1,1000,3.3263681344660654,1,0.9998970335983141
1338,1338,2.676,1,1004,7.326368134466065,1,0.999899218137622
1339,1339,2.678,1,1002,5.326368134466065,1,0.9999013563296563
1340,1340,2.68,1,999,2.3263681344660654,1,0.9999034491577226
1341,1341,2.682,1,989,-7.673631865533935,1,0.9999054975842647
1342,1342,2.684,1,985,-11.673631865533935,1,0.9999075025513072
1343,1343,2.686,1,990,-6.673631865533935,1,0.9999094649808885
1344,1344,2.688,1,992,-4.673631865533935,1,0.9999113857754851
1345,1345,2.69,1,998,1.3263681344660654,1,0.9999132658184264
1346,1346,2.692,1,1008,11.326368134466065,1,0.9999151059743013
1347,1347,2.694,1,1012,15.326368134466065,1,0.9999169070893554
1348,1348,2.696,1,1002,5.326368134466065,1,0.9999186699918803
1349,1349,2.698,1,987,-9.673631865533935,1,0.9999203954925945
1350,1350,2.7,1,976,-20.673631865533935,1,0.9999220843850163
1351,1351,2.702,1,978,-18.673631865533935,1,0.9999237374458287
1352,1352,2.704,1,991,-5.673631865533935,1,0.9999253554352368
1353,1353,2.706,1,1010,13.326368134466065,1,0.9999269390973166
1354,1354,2.708,1,1011,14.326368134466065,1,0.9999284891603581
1355,1355,2.71,1,1002,5.326368134466065,1,0.9999300063372001
1356,1356,2.712,1,1006,9.326368134466065,1,0.9999314913255573
1357,1357,2.714,1,1017,20.326368134466065,1,0.9999329448083419
1358,1358,2.716,1,1012,15.326368134466065,1,0.9999343674539776
1359,1359,2.718,1,982,-14.673631865533935,1,0.9999357599167064
1360,1360,2.72,1,956,-40.673631865533935,1,0.99993712283689
1361,1361,2.722,1,958,-38.673631865533935,1,0.9999384568413043
1362,1362,2.724,1,985,-11.673631865533935,1,0.9999397625434275
1363,1363,2.726,1,1013,16.326368134466065,1,0.9999410405437221
1364,1364,2.728,1,1028,31.326368134466065,1,0.9999422914299112
1365,1365,2.73,1,1022,25.326368134466065,1,0.9999435157772487
1366,1366,2.732,1,999,2.3263681344660654,1,0.999944714148784
1367,1367,2.734,1,981,-15.673631865533935,1,0.9999458870956208
1368,1368,2.736,1,978,-18.673631865533935,1,0.9999470351571704
1369,1369,2.738,1,988,-8.673631865533935,1,0.9999481588614002
1370,1370,2.74,1,994,-2.6736318655339346,1,0.9999492587250759
1371,1371,2.742,1,998,1.3263681344660654,1,0.9999503352539998
1372,1372,2.744,1,1005,8.326368134466065,1,0.9999513889432429
1373,1373,2.746,1,1012,15.326368134466065,1,0.9999524202773726
1374,1374,2.748,1,1004,7.326368134466065,1,0.9999534297306761
1375,1375,2.75,1,992,-4.673631865533935,1,0.9999544177673779
1376,1376,2.752,1,993,-3.6736318655339346,1,0.9999553848418534
1377,1377,2.754,1,1008,11.326368134466065,1,0.999956331398838
1378,1378,2.756,1,1013,16.326368134466065,1,0.9999572578736317
1379,1379,2.758,1,990,-6.673631865533935,1,0.9999581646922989
1380,1380,2.76,1,956,-40.673631865533935,1,0.999959052271865
1381,1381,2.762,1,943,-53.673631865533935,1,0.9999599210205073
1382,1382,2.764,1,963,-33.673631865533935,1,0.9999607713377437
1383,1383,2.766,1,1011,14.326368134466065,1,0.9999616036146155
1384,1384,2.768,1,1052,55.326368134466065,1,0.9999624182338678
1385,1385,2.77,1,1062,65.32636813446607,1,0.9999632155701254
1386,1386,2.772,1,1030,33.326368134466065,1,0.9999639959900649
1387,1387,2.774,1,977,-19.673631865533935,1,0.9999647598525837
1388,1388,2.776,1,946,-50.673631865533935,1,0.9999655075089646
1389,1389,2.778,1,961,-35.673631865533935,1,0.9999662393030379
1390,1390,2.78,1,1000,3.3263681344660654,1,0.9999669555713386
1391,1391,2.782,1,1023,26.326368134466065,1,0.9999676566432624
1392,1392,2.784,1,1017,20.326368134466065,1,0.9999683428412162
1393,1393,2.786,1,996,-0.6736318655339346,1,0.9999690144807666
1394,1394,2.788,1,980,-16.673631865533935,1,0.9999696718707853
1395,1395,2.79,1,980,-16.673631865533935,1,0.9999703153135912
1396,1396,2.792,1,984,-12.673631865533935,1,0.9999709451050885
1397,1397,2.794,1,984,-12.673631865533935,1,0.9999715615349043
1398,1398,2.796,1,988,-8.673631865533935,1,0.9999721648865203
1399,1399,2.798,1,1012,15.326368134466065,1,0.9999727554374043
1400,1400,2.8,1,1026,29.326368134466065,1,0.999973333459137
1401,1401,2.802,1,1016,19.326368134466065,1,0.9999738992175374
1402,1402,2.804,1,994,-2.6736318655339346,1,0.999974452972785
1403,1403,2.806,1,993,-3.6736318655339346,1,0.999974994979539
1404,1404,2.808,1,1006,9.326368134466065,1,0.999975525487056
1405,1405,2.81,1,1002,5.326368134466065,1,0.9999760447393042
1406,1406,2.812,1,976,-20.673631865533935,1,0.9999765529750759
1407,1407,2.814,1,959,-37.673631865533935,1,0.9999770504280971
1408,1408,2.816,1,977,-19.673631865533935,1,0.9999775373271351
1409,1409,2.818,1,1010,13.326368134466065,1,0.9999780138961035
1410,1410,2.82,1,1023,26.326368134466065,1,0.9999784803541656
1411,1411,2.822,1,1011,14.326368134466065,1,0.9999789369158347
1412,1412,2.824,1,995,-1.6736318655339346,1,0.9999793837910732
1413,1413,2.826,1,995,-1.6736318655339346,1,0.9999798211853886
1414,1414,2.828,1,1005,8.326368134466065,1,0.9999802492999288
1415,1415,2.83,1,1007,10.326368134466065,1,0.9999806683315736
1416,1416,2.832,1,1004,7.326368134466065,1,0.9999810784730263
1417,1417,2.834,1,992,-4.673631865533935,1,0.9999814799129014
1418,1418,2.836,1,969,-27.673631865533935,1,0.9999818728358121
1419,1419,2.838,1,955,-41.673631865533935,1,0.9999822574224545
1420,1420,2.84,1,972,-24.673631865533935,1,0.9999826338496913
1421,1421,2.842,1,1007,10.326368134466065,1,0.9999830022906327
1422,1422,2.844,1,1029,32.326368134466065,1,0.9999833629147165
1423,1423,2.846,1,1028,31.326368134466065,1,0.9999837158877851
1424,1424,2.848,1,1012,15.326368134466065,1,0.999984061372163
1425,1425,2.85,1,1002,5.326368134466065,1,0.9999843995267305
1426,1426,2.852,1,988,-8.673631865533935,1,0.999984730506997
1427,1427,2.854,1,979,-17.673631865533935,1,0.9999850544651729
1428,1428,2.856,1,986,-10.673631865533935,1,0.9999853715502393
1429,1429,2.858,1,999,2.3263681344660654,1,0.9999856819080161
1430,1430,2.86,1,1006,9.326368134466065,1,0.9999859856812299
1431,1431,2.862,1,1006,9.326368134466065,1,0.9999862830095789
1432,1432,2.864,1,1003,6.326368134466065,1,0.9999865740297978
1433,1433,2.866,1,996,-0.6736318655339346,1,0.9999868588757201
1434,1434,2.868,1,974,-22.673631865533935,1,0.9999871376783399
1435,1435,2.87,1,952,-44.673631865533935,1,0.9999874105658721
1436,1436,2.872,1,966,-30.673631865533935,1,0.9999876776638116
1437,1437,2.874,1,1006,9.326368134466065,1,0.9999879390949904
1438,1438,2.876,1,1039,42.326368134466065,1,0.9999881949796348
1439,1439,2.878,1,1039,42.326368134466065,1,0.9999884454354203
1440,1440,2.88,1,1015,18.326368134466065,1,0.9999886905775258
1441,1441,2.882,1,992,-4.673631865533935,1,0.9999889305186866
1442,1442,2.884,1,981,-15.673631865533935,1,0.9999891653692462
1443,1443,2.886,1,987,-9.673631865533935,1,0.9999893952372069
1444,1444,2.888,1,996,-0.6736318655339346,1,0.9999896202282796
1445,1445,2.89,1,1003,6.326368134466065,1,0.9999898404459328
1446,1446,2.892,1,1005,8.326368134466065,1,0.9999900559914393
1447,1447,2.894,1,998,1.3263681344660654,1,0.9999902669639238
1448,1448,2.896,1,982,-14.673631865533935,1,0.9999904734604076
1449,1449,2.898,1,968,-28.673631865533935,1,0.9999906755758536
1450,1450,2.9,1,974,-22.673631865533935,1,0.9999908734032104
1451,1451,2.902,1,997,0.3263681344660654,1,0.9999910670334539
1452,1452,2.904,1,1016,19.326368134466065,1,0.9999912565556304
1453,1453,2.906,1,1015,18.326368134466065,1,0.9999914420568968
1454,1454,2.908,1,1001,4.326368134466065,1,0.9999916236225609
1455,1455,2.91,1,995,-1.6736318655339346,1,0.9999918013361205
1456,1456,2.912,1,999,2.3263681344660654,1,0.9999919752793022
1457,1457,2.914,1,1009,12.326368134466065,1,0.9999921455320984
1458,1458,2.916,1,1002,5.326368134466065,1,0.9999923121728044
1459,1459,2.918,1,974,-22.673631865533935,1,0.9999924752780545
1460,1460,2.92,1,955,-41.673631865533935,1,0.9999926349228571
1461,1461,2.922,1,972,-24.673631865533935,1,0.9999927911806291
1462,1462,2.924,1,1011,14.326368134466065,1,0.99999294412323
1463,1463,2.926,1,1040,43.326368134466065,1,0.9999930938209945
1464,1464,2.928,1,1046,49.326368134466065,1,0.9999932403427653
1465,1465,2.93,1,1028,31.326368134466065,1,0.9999933837559243
1466,1466,2.932,1,998,1.3263681344660654,1,0.999993524126424
1467,1467,2.934,1,972,-24.673631865533935,1,0.9999936615188174
1468,1468,2.936,1,962,-34.673631865533935,1,0.9999937959962883
1469,1469,2.938,1,976,-20.673631865533935,1,0.99999392762068
1470,1470,2.94,1,992,-4.673631865533935,1,0.9999940564525232
1471,1471,2.942,1,992,-4.673631865533935,1,0.9999941825510648
1472,1472,2.944,1,982,-14.673631865533935,1,0.9999943059742947
1473,1473,2.946,1,973,-23.673631865533935,1,0.9999944267789724
1474,1474,2.948,1,984,-12.673631865533935,1,0.9999945450206533
1475,1475,2.95,1,1006,9.326368134466065,1,0.9999946607537139
1476,1476,2.952,1,1025,28.326368134466065,1,0.9999947740313773
1477,1477,2.954,1,1020,23.326368134466065,1,0.9999948849057372
1478,1478,2.956,1,1007,10.326368134466065,1,0.9999949934277822
1479,1479,2.958,1,999,2.3263681344660654,1,0.9999950996474192
1480,1480,2.96,1,1002,5.326368134466065,1,0.999995203613496
1481,1481,2.962,1,1011,14.326368134466065,1,0.9999953053738244
1482,1482,2.964,1,1017,20.326368134466065,1,0.9999954049752017
1483,1483,2.966,1,1013,16.326368134466065,1,0.999995502463432
1484,1484,2.968,1,993,-3.6736318655339346,1,0.9999955978833482
1485,1485,2.97,1,964,-32.673631865533935,1,0.9999956912788317
1486,1486,2.972,1,952,-44.673631865533935,1,0.9999957826928328
1487,1487,2.974,1,965,-31.673631865533935,1,0.9999958721673908
1488,1488,2.976,1,989,-7.673631865533935,1,0.9999959597436531
1489,1489,2.978,1,1004,7.326368134466065,1,0.9999960454618938
1490,1490,2.98,1,1004,7.326368134466065,1,0.9999961293615328
1491,1491,2.982,1,1004,7.326368134466065,1,0.9999962114811538
1492,1492,2.984,1,1009,12.326368134466065,1,0.9999962918585216
1493,1493,2.986,1,1014,17.326368134466065,1,0.9999963705305999
1494,1494,2.988,1,1011,14.326368134466065,1,0.9999964475335682
1495,1495,2.99,1,1000,3.3263681344660654,1,0.9999965229028385
1496,1496,2.992,1,995,-1.6736318655339346,1,0.9999965966730713
1497,1497,2.994,1,1005,8.326368134466065,1,0.9999966688781919
1498,1498,2.996,1,1020,23.326368134466065,1,0.9999967395514058
1499,1499,2.998,1,1009,12.326368134466065,1,0.9999968087252139
1500,1500,3.0,1,974,-22.673631865533935,1,0.9999968764314278
1501,1501,3.002,1,945,-51.673631865533935,1,0.9999969427011839
1502,1502,3.004,1,947,-49.673631865533935,1,0.9999970075649582
1503,1503,3.006,1,979,-17.673631865533935,1,0.9999970710525801
1504,1504,3.008,1,1017,20.326368134466065,1,0.999997133193246
1505,1505,3.01,1,1039,42.326368134466065,1,0.9999971940155331
1506,1506,3.012,1,1042,45.326368134466065,1,0.9999972535474121
1507,1507,3.014,1,1018,21.326368134466065,1,0.9999973118162604
1508,1508,3.016,1,980,-16.673631865533935,1,0.9999973688488745
1509,1509,3.018,1,959,-37.673631865533935,1,0.9999974246714822
1510,1510,3.02,1,969,-27.673631865533935,1,0.9999974793097554
1511,1511,3.022,1,994,-2.6736318655339346,1,0.9999975327888206
1512,1512,3.024,1,1015,18.326368134466065,1,0.999997585133272
1513,1513,3.026,1,1020,23.326368134466065,1,0.9999976363671813
1514,1514,3.028,1,1011,14.326368134466065,1,0.99999768651411
1515,1515,3.03,1,1003,6.326368134466065,1,0.9999977355971195
1516,1516,3.032,1,1004,7.326368134466065,1,0.9999977836387818
1517,1517,3.034,1,1001,4.326368134466065,1,0.9999978306611903
1518,1518,3.036,1,986,-10.673631865533935,1,0.9999978766859695
1519,1519,3.038,1,968,-28.673631865533935,1,0.9999979217342851
1520,1520,3.04,1,963,-33.673631865533935,1,0.9999979658268539
1521,1521,3.042,1,972,-24.673631865533935,1,0.9999980089839529
1522,1522,3.044,1,995,-1.6736318655339346,1,0.9999980512254292
1523,1523,3.046,1,1014,17.326368134466065,1,0.9999980925707086
1524,1524,3.048,1,1021,24.326368134466065,1,0.9999981330388049
1525,1525,3.05,1,1016,19.326368134466065,1,0.9999981726483285
1526,1526,3.052,1,1006,9.326368134466065,1,0.9999982114174948
1527,1527,3.054,1,1001,4.326368134466065,1,0.999998249364133
1528,1528,3.056,1,997,0.3263681344660654,1,0.9999982865056937
1529,1529,3.058,1,996,-0.6736318655339346,1,0.9999983228592576
1530,1530,3.06,1,998,1.3263681344660654,1,0.9999983584415428
1531,1531,3.062,1,1001,4.326368134466065,1,0.9999983932689129
1532,1532,3.064,1,997,0.3263681344660654,1,0.9999984273573841
1533,1533,3.066,1,981,-15.673631865533935,1,0.9999984607226329
1534,1534,3.068,1,967,-29.673631865533935,1,0.9999984933800032
1535,1535,3.07,1,973,-23.673631865533935,1,0.9999985253445135
1536,1536,3.072,1,1000,3.3263681344660654,1,0.9999985566308635
1537,1537,3.074,1,1018,21.326368134466065,1,0.9999985872534409
1538,1538,3.076,1,1012,15.326368134466065,1,0.9999986172263285
1539,1539,3.078,1,997,0.3263681344660654,1,0.9999986465633102
1540,1540,3.08,1,993,-3.6736318655339346,1,0.9999986752778772
1541,1541,3.082,1,1008,11.326368134466065,1,0.9999987033832349
1542,1542,3.084,1,1015,18.326368134466065,1,0.9999987308923082
1543,1543,3.086,1,1003,6.326368134466065,1,0.9999987578177478
1544,1544,3.088,1,984,-12.673631865533935,1,0.9999987841719363
1545,1545,3.09,1,978,-18.673631865533935,1,0.9999988099669933
1546,1546,3.092,1,990,-6.673631865533935,1,0.9999988352147813
1547,1547,3.094,1,1004,7.326368134466065,1,0.9999988599269112
1548,1548,3.096,1,1008,11.326368134466065,1,0.9999988841147476
1549,1549,3.098,1,999,2.3263681344660654,1,0.9999989077894138
1550,1550,3.1,1,987,-9.673631865533935,1,0.9999989309617974
1551,1551,3.102,1,986,-10.673631865533935,1,0.9999989536425548
1552,1552,3.104,1,996,-0.6736318655339346,1,0.9999989758421163
1553,1553,3.106,1,1006,9.326368134466065,1,0.999998997570691
1554,1554,3.108,1,1002,5.326368134466065,1,0.9999990188382715
1555,1555,3.11,1,995,-1.6736318655339346,1,0.9999990396546381
1556,1556,3.112,1,994,-2.6736318655339346,1,0.9999990600293638
1557,1557,3.114,1,996,-0.6736318655339346,1,0.9999990799718185
1558,1558,3.116,1,990,-6.673631865533935,1,0.9999990994911733
1559,1559,3.118,1,979,-17.673631865533935,1,0.9999991185964047
1560,1560,3.12,1,979,-17.673631865533935,1,0.9999991372962987
1561,1561,3.122,1,1001,4.326368134466065,1,0.9999991555994551
1562,1562,3.124,1,1025,28.326368134466065,1,0.9999991735142909
1563,1563,3.126,1,1032,35.326368134466065,1,0.9999991910490449
1564,1564,3.128,1,1014,17.326368134466065,1,0.9999992082117808
1565,1565,3.13,1,987,-9.673631865533935,1,0.9999992250103914
1566,1566,3.132,1,979,-17.673631865533935,1,0.999999241452602
1567,1567,3.134,1,990,-6.673631865533935,1,0.999999257545974
1568,1568,3.136,1,1000,3.3263681344660654,1,0.9999992732979084
1569,1569,3.138,1,995,-1.6736318655339346,1,0.9999992887156491
1570,1570,3.14,1,978,-18.673631865533935,1,0.9999993038062864
1571,1571,3.142,1,971,-25.673631865533935,1,0.9999993185767602
1572,1572,3.144,1,982,-14.673631865533935,1,0.9999993330338629
1573,1573,3.146,1,1002,5.326368134466065,1,0.9999993471842432
1574,1574,3.148,1,1017,20.326368134466065,1,0.9999993610344085
1575,1575,3.15,1,1018,21.326368134466065,1,0.9999993745907281
1576,1576,3.152,1,1014,17.326368134466065,1,0.9999993878594363
1577,1577,3.154,1,1009,12.326368134466065,1,0.9999994008466351
1578,1578,3.156,1,1005,8.326368134466065,1,0.9999994135582969
1579,1579,3.158,1,996,-0.6736318655339346,1,0.9999994260002676
1580,1580,3.16,1,985,-11.673631865533935,1,0.999999438178269
1581,1581,3.162,1,985,-11.673631865533935,1,0.9999994500979014
1582,1582,3.164,1,988,-8.673631865533935,1,0.9999994617646464
1583,1583,3.166,1,981,-15.673631865533935,1,0.9999994731838693
1584,1584,3.168,1,971,-25.673631865533935,1,0.9999994843608214
1585,1585,3.17,1,970,-26.673631865533935,1,0.9999994953006429
1586,1586,3.172,1,999,2.3263681344660654,1,0.9999995060083647
1587,1587,3.174,1,1037,40.326368134466065,1,0.999999516488911
1588,1588,3.176,1,1052,55.326368134466065,1,0.9999995267471017
1589,1589,3.178,1,1035,38.326368134466065,1,0.9999995367876542
1590,1590,3.18,1,1001,4.326368134466065,1,0.9999995466151859
1591,1591,3.182,1,981,-15.673631865533935,1,0.9999995562342162
1592,1592,3.184,1,970,-26.673631865533935,1,0.9999995656491689
1593,1593,3.186,1,966,-30.673631865533935,1,0.9999995748643735
1594,1594,3.188,1,972,-24.673631865533935,1,0.9999995838840681
1595,1595,3.19,1,991,-5.673631865533935,1,0.9999995927124004
1596,1596,3.192,1,1007,10.326368134466065,1,0.9999996013534304
1597,1597,3.194,1,1003,6.326368134466065,1,0.999999609811132
1598,1598,3.196,1,997,0.3263681344660654,1,0.9999996180893946
1599,1599,3.198,1,1004,7.326368134466065,1,0.9999996261920253
1600,1600,3.2,1,1021,24.326368134466065,1,0.9999996341227503
1601,1601,3.202,1,1021,24.326368134466065,1,0.9999996418852167
1602,1602,3.204,1,994,-2.6736318655339346,1,0.9999996494829944
1603,1603,3.206,1,964,-32.673631865533935,1,0.9999996569195773
1604,1604,3.208,1,962,-34.673631865533935,1,0.9999996641983853
1605,1605,3.21,1,993,-3.6736318655339346,1,0.9999996713227658
1606,1606,3.212,1,1023,26.326368134466065,1,0.9999996782959952
1607,1607,3.214,1,1021,24.326368134466065,1,0.9999996851212803
1608,1608,3.216,1,999,2.3263681344660654,1,0.9999996918017598
1609,1609,3.218,1,986,-10.673631865533935,1,0.9999996983405061
1610,1610,3.22,1,996,-0.6736318655339346,1,0.999999704740526
1611,1611,3.222,1,1007,10.326368134466065,1,0.9999997110047628
1612,1612,3.224,1,1005,8.326368134466065,1,0.9999997171360974
1613,1613,3.226,1,993,-3.6736318655339346,1,0.9999997231373493
1614,1614,3.228,1,989,-7.673631865533935,1,0.9999997290112784
1615,1615,3.23,1,994,-2.6736318655339346,1,0.999999734760586
1616,1616,3.232,1,990,-6.673631865533935,1,0.9999997403879161
1617,1617,3.234,1,975,-21.673631865533935,1,0.9999997458958565
1618,1618,3.236,1,968,-28.673631865533935,1,0.9999997512869402
1619,1619,3.238,1,983,-13.673631865533935,1,0.9999997565636465
1620,1620,3.24,1,1019,22.326368134466065,1,0.9999997617284019
1621,1621,3.242,1,1048,51.326368134466065,1,0.9999997667835817
1622,1622,3.244,1,1046,49.326368134466065,1,0.9999997717315106
1623,1623,3.246,1,1019,22.326368134466065,1,0.999999776574464
1624,1624,3.248,1,984,-12.673631865533935,1,0.9999997813146692
1625,1625,3.25,1,957,-39.673631865533935,1,0.9999997859543059
1626,1626,3.252,1,952,-44.673631865533935,1,0.999999790495508
1627,1627,3.254,1,975,-21.673631865533935,1,0.9999997949403637
1628,1628,3.256,1,1011,14.326368134466065,1,0.9999997992909172
1629,1629,3.258,1,1032,35.326368134466065,1,0.9999998035491692
1630,1630,3.26,1,1022,25.326368134466065,1,0.9999998077170779
1631,1631,3.262,1,992,-4.673631865533935,1,0.9999998117965601
1632,1632,3.264,1,974,-22.673631865533935,1,0.9999998157894918
1633,1633,3.266,1,981,-15.673631865533935,1,0.9999998196977093
1634,1634,3.268,1,1003,6.326368134466065,1,0.99999982352301
1635,1635,3.27,1,1017,20.326368134466065,1,0.9999998272671529
1636,1636,3.272,1,1016,19.326368134466065,1,0.9999998309318598
1637,1637,3.274,1,1004,7.326368134466065,1,0.9999998345188162
1638,1638,3.276,1,984,-12.673631865533935,1,0.9999998380296716
1639,1639,3.278,1,963,-33.673631865533935,1,0.9999998414660406
1640,1640,3.28,1,963,-33.673631865533935,1,0.9999998448295034
1641,1641,3.282,1,987,-9.673631865533935,1,0.9999998481216069
1642,1642,3.284,1,1029,32.326368134466065,1,0.999999851343865
1643,1643,3.286,1,1046,49.326368134466065,1,0.9999998544977595
1644,1644,3.288,1,1030,33.326368134466065,1,0.9999998575847409
1645,1645,3.29,1,1001,4.326368134466065,1,0.9999998606062287
1646,1646,3.292,1,980,-16.673631865533935,1,0.9999998635636126
1647,1647,3.294,1,968,-28.673631865533935,1,0.9999998664582525
1648,1648,3.296,1,971,-25.673631865533935,1,0.9999998692914795
1649,1649,3.298,1,989,-7.673631865533935,1,0.9999998720645967
1650,1650,3.3,1,1010,13.326368134466065,1,0.9999998747788794
1651,1651,3.302,1,1017,20.326368134466065,1,0.9999998774355757
1652,1652,3.304,1,1013,16.326368134466065,1,0.9999998800359075
1653,1653,3.306,1,1001,4.326368134466065,1,0.9999998825810704
1654,1654,3.308,1,987,-9.673631865533935,1,0.9999998850722351
1655,1655,3.31,1,973,-23.673631865533935,1,0.9999998875105472
1656,1656,3.312,1,960,-36.673631865533935,1,0.999999889897128
1657,1657,3.314,1,968,-28.673631865533935,1,0.999999892233075
1658,1658,3.316,1,1008,11.326368134466065,1,0.9999998945194624
1659,1659,3.318,1,1053,56.326368134466065,1,0.9999998967573417
1660,1660,3.32,1,1065,68.32636813446607,1,0.9999998989477421
1661,1661,3.322,1,1031,34.326368134466065,1,0.9999999010916708
1662,1662,3.324,1,981,-15.673631865533935,1,0.9999999031901139
1663,1663,3.326,1,947,-49.673631865533935,1,0.9999999052440364
1664,1664,3.328,1,949,-47.673631865533935,1,0.9999999072543827
1665,1665,3.33,1,979,-17.673631865533935,1,0.9999999092220775
1666,1666,3.332,1,1017,20.326368134466065,1,0.9999999111480256
1667,1667,3.334,1,1035,38.326368134466065,1,0.9999999130331126
1668,1668,3.336,1,1019,22.326368134466065,1,0.9999999148782056
1669,1669,3.338,1,982,-14.673631865533935,1,0.999999916684153
1670,1670,3.34,1,954,-42.673631865533935,1,0.9999999184517854
1671,1671,3.342,1,950,-46.673631865533935,1,0.9999999201819155
1672,1672,3.344,1,981,-15.673631865533935,1,0.9999999218753393
1673,1673,3.346,1,1026,29.326368134466065,1,0.9999999235328352
1674,1674,3.348,1,1056,59.326368134466065,1,0.9999999251551656
1675,1675,3.35,1,1056,59.326368134466065,1,0.9999999267430766
1676,1676,3.352,1,1031,34.326368134466065,1,0.9999999282972984
1677,1677,3.354,1,996,-0.6736318655339346,1,0.9999999298185458
1678,1678,3.356,1,957,-39.673631865533935,1,0.9999999313075183
1679,1679,3.358,1,942,-54.673631865533935,1,0.9999999327649007
1680,1680,3.36,1,965,-31.673631865533935,1,0.9999999341913633
1681,1681,3.362,1,1006,9.326368134466065,1,0.9999999355875621
1682,1682,3.364,1,1018,21.326368134466065,1,0.9999999369541389
1683,1683,3.366,1,996,-0.6736318655339346,1,0.9999999382917224
1684,1684,3.368,1,971,-25.673631865533935,1,0.9999999396009277
1685,1685,3.37,1,977,-19.673631865533935,1,0.9999999408823569
1686,1686,3.372,1,1011,14.326368134466065,1,0.9999999421365992
1687,1687,3.374,1,1037,40.326368134466065,1,0.9999999433642314
1688,1688,3.376,1,1030,33.326368134466065,1,0.9999999445658181
1689,1689,3.378,1,1001,4.326368134466065,1,0.9999999457419119
1690,1690,3.38,1,982,-14.673631865533935,1,0.9999999468930536
1691,1691,3.382,1,982,-14.673631865533935,1,0.9999999480197727
1692,1692,3.384,1,986,-10.673631865533935,1,0.9999999491225873
1693,1693,3.386,1,993,-3.6736318655339346,1,0.9999999502020045
1694,1694,3.388,1,1004,7.326368134466065,1,0.9999999512585208
1695,1695,3.39,1,1012,15.326368134466065,1,0.999999952292622
1696,1696,3.392,1,1001,4.326368134466065,1,0.9999999533047836
1697,1697,3.394,1,987,-9.673631865533935,1,0.9999999542954712
1698,1698,3.396,1,987,-9.673631865533935,1,0.9999999552651403
1699,1699,3.398,1,999,2.3263681344660654,1,0.9999999562142369
1700,1700,3.4,1,1001,4.326368134466065,1,0.9999999571431973
1701,1701,3.402,1,994,-2.6736318655339346,1,0.999999958052449
1702,1702,3.404,1,991,-5.673631865533935,1,0.9999999589424099
1703,1703,3.406,1,1002,5.326368134466065,1,0.9999999598134893
1704,1704,3.408,1,1009,12.326368134466065,1,0.999999960666088
1705,1705,3.41,1,1001,4.326368134466065,1,0.9999999615005979
1706,1706,3.412,1,982,-14.673631865533935,1,0.9999999623174027
1707,1707,3.414,1,977,-19.673631865533935,1,0.9999999631168782
1708,1708,3.416,1,993,-3.6736318655339346,1,0.999999963899392
1709,1709,3.418,1,1018,21.326368134466065,1,0.999999964665304
1710,1710,3.42,1,1030,33.326368134466065,1,0.9999999654149664
1711,1711,3.422,1,1022,25.326368134466065,1,0.9999999661487239
1712,1712,3.424,1,1003,6.326368134466065,1,0.999999966866914
1713,1713,3.426,1,982,-14.673631865533935,1,0.9999999675698669
1714,1714,3.428,1,969,-27.673631865533935,1,0.9999999682579058
1715,1715,3.43,1,970,-26.673631865533935,1,0.9999999689313473
1716,1716,3.432,1,991,-5.673631865533935,1,0.9999999695905011
1717,1717,3.434,1,1016,19.326368134466065,1,0.9999999702356702
1718,1718,3.436,1,1020,23.326368134466065,1,0.9999999708671514
1719,1719,3.438,1,996,-0.6736318655339346,1,0.9999999714852351
1720,1720,3.44,1,967,-29.673631865533935,1,0.9999999720902055
1721,1721,3.442,1,965,-31.673631865533935,1,0.9999999726823409
1722,1722,3.444,1,995,-1.6736318655339346,1,0.9999999732619134
1723,1723,3.446,1,1032,35.326368134466065,1,0.9999999738291897
1724,1724,3.448,1,1042,45.326368134466065,1,0.9999999743844307
1725,1725,3.45,1,1025,28.326368134466065,1,0.9999999749278916
1726,1726,3.452,1,1000,3.3263681344660654,1,0.9999999754598224
1727,1727,3.454,1,979,-17.673631865533935,1,0.9999999759804679
1728,1728,3.456,1,971,-25.673631865533935,1,0.9999999764900672
1729,1729,3.458,1,980,-16.673631865533935,1,0.9999999769888549
1730,1730,3.46,1,998,1.3263681344660654,1,0.9999999774770603
1731,1731,3.462,1,1003,6.326368134466065,1,0.9999999779549078
1732,1732,3.464,1,996,-0.6736318655339346,1,0.9999999784226173
1733,1733,3.466,1,984,-12.673631865533935,1,0.9999999788804039
1734,1734,3.468,1,978,-18.673631865533935,1,0.9999999793284782
1735,1735,3.47,1,987,-9.673631865533935,1,0.999999979767046
1736,1736,3.472,1,1011,14.326368134466065,1,0.9999999801963092
1737,1737,3.474,1,1029,32.326368134466065,1,0.9999999806164651
1738,1738,3.476,1,1029,32.326368134466065,1,0.9999999810277069
1739,1739,3.478,1,1020,23.326368134466065,1,0.9999999814302238
1740,1740,3.48,1,1004,7.326368134466065,1,0.9999999818242009
1741,1741,3.482,1,990,-6.673631865533935,1,0.9999999822098194
1742,1742,3.484,1,980,-16.673631865533935,1,0.9999999825872566
1743,1743,3.486,1,974,-22.673631865533935,1,0.9999999829566861
1744,1744,3.488,1,976,-20.673631865533935,1,0.9999999833182778
1745,1745,3.49,1,984,-12.673631865533935,1,0.9999999836721979
1746,1746,3.492,1,989,-7.673631865533935,1,0.9999999840186092
1747,1747,3.494,1,987,-9.673631865533935,1,0.999999984357671
1748,1748,3.496,1,988,-8.673631865533935,1,0.9999999846895393
1749,1749,3.498,1,1005,8.326368134466065,1,0.9999999850143667
1750,1750,3.5,1,1031,34.326368134466065,1,0.9999999853323025
1751,1751,3.502,1,1046,49.326368134466065,1,0.9999999856434929
1752,1752,3.504,1,1029,32.326368134466065,1,0.9999999859480811
1753,1753,3.506,1,990,-6.673631865533935,1,0.9999999862462072
1754,1754,3.508,1,967,-29.673631865533935,1,0.9999999865380083
1755,1755,3.51,1,979,-17.673631865533935,1,0.9999999868236185
1756,1756,3.512,1,1006,9.326368134466065,1,0.9999999871031691
1757,1757,3.514,1,1017,20.326368134466065,1,0.9999999873767887
1758,1758,3.516,1,1001,4.326368134466065,1,0.9999999876446033
1759,1759,3.518,1,981,-15.673631865533935,1,0.9999999879067358
1760,1760,3.52,1,979,-17.673631865533935,1,0.999999988163307
1761,1761,3.522,1,986,-10.673631865533935,1,0.9999999884144348
1762,1762,3.524,1,984,-12.673631865533935,1,0.9999999886602347
1763,1763,3.526,1,975,-21.673631865533935,1,0.9999999889008195
1764,1764,3.528,1,982,-14.673631865533935,1,0.9999999891363002
1765,1765,3.53,1,1008,11.326368134466065,1,0.9999999893667849
1766,1766,3.532,1,1028,31.326368134466065,1,0.9999999895923797
1767,1767,3.534,1,1028,31.326368134466065,1,0.9999999898131882
1768,1768,3.536,1,1017,20.326368134466065,1,0.999999990029312
1769,1769,3.538,1,1001,4.326368134466065,1,0.9999999902408505
1770,1770,3.54,1,987,-9.673631865533935,1,0.999999990447901
1771,1771,3.542,1,987,-9.673631865533935,1,0.9999999906505587
1772,1772,3.544,1,997,0.3263681344660654,1,0.9999999908489168
1773,1773,3.546,1,999,2.3263681344660654,1,0.9999999910430665
1774,1774,3.548,1,987,-9.673631865533935,1,0.9999999912330971
1775,1775,3.55,1,975,-21.673631865533935,1,0.9999999914190961
1776,1776,3.552,1,988,-8.673631865533935,1,0.9999999916011489
1777,1777,3.554,1,1014,17.326368134466065,1,0.9999999917793393
1778,1778,3.556,1,1022,25.326368134466065,1,0.9999999919537491
1779,1779,3.558,1,1006,9.326368134466065,1,0.9999999921244587
1780,1780,3.56,1,993,-3.6736318655339346,1,0.9999999922915465
1781,1781,3.562,1,998,1.3263681344660654,1,0.9999999924550893
1782,1782,3.564,1,1000,3.3263681344660654,1,0.9999999926151625
1783,1783,3.566,1,994,-2.6736318655339346,1,0.9999999927718395
1784,1784,3.568,1,981,-15.673631865533935,1,0.9999999929251925
1785,1785,3.57,1,974,-22.673631865533935,1,0.9999999930752919
1786,1786,3.572,1,983,-13.673631865533935,1,0.9999999932222068
1787,1787,3.574,1,1009,12.326368134466065,1,0.9999999933660048
1788,1788,3.576,1,1026,29.326368134466065,1,0.9999999935067518
1789,1789,3.578,1,1015,18.326368134466065,1,0.9999999936445129
1790,1790,3.58,1,990,-6.673631865533935,1,0.9999999937793511
1791,1791,3.582,1,984,-12.673631865533935,1,0.9999999939113287
1792,1792,3.584,1,1009,12.326368134466065,1,0.9999999940405061
1793,1793,3.586,1,1024,27.326368134466065,1,0.999999994166943
1794,1794,3.588,1,1001,4.326368134466065,1,0.9999999942906973
1795,1795,3.59,1,971,-25.673631865533935,1,0.9999999944118261
1796,1796,3.592,1,968,-28.673631865533935,1,0.999999994530385
1797,1797,3.594,1,995,-1.6736318655339346,1,0.9999999946464286
1798,1798,3.596,1,1024,27.326368134466065,1,0.9999999947600102
1799,1799,3.598,1,1022,25.326368134466065,1,0.9999999948711821
1800,1800,3.6,1,991,-5.673631865533935,1,0.9999999949799953
1801,1801,3.602,1,962,-34.673631865533935,1,0.9999999950864998
1802,1802,3.604,1,979,-17.673631865533935,1,0.9999999951907449
1803,1803,3.606,1,1014,17.326368134466065,1,0.9999999952927783
1804,1804,3.608,1,1028,31.326368134466065,1,0.9999999953926468
1805,1805,3.61,1,1011,14.326368134466065,1,0.9999999954903966
1806,1806,3.612,1,987,-9.673631865533935,1,0.9999999955860726
1807,1807,3.614,1,980,-16.673631865533935,1,0.9999999956797186
1808,1808,3.616,1,989,-7.673631865533935,1,0.9999999957713779
1809,1809,3.618,1,1005,8.326368134466065,1,0.9999999958610924
1810,1810,3.62,1,1009,12.326368134466065,1,0.9999999959489037
1811,1811,3.622,1,1008,11.326368134466065,1,0.9999999960348519
1812,1812,3.624,1,1003,6.326368134466065,1,0.9999999961189766
1813,1813,3.626,1,999,2.3263681344660654,1,0.9999999962013165
1814,1814,3.628,1,990,-6.673631865533935,1,0.9999999962819095
1815,1815,3.63,1,982,-14.673631865533935,1,0.9999999963607926
1816,1816,3.632,1,981,-15.673631865533935,1,0.9999999964380022
1817,1817,3.634,1,989,-7.673631865533935,1,0.9999999965135736
1818,1818,3.636,1,1007,10.326368134466065,1,0.9999999965875418
1819,1819,3.638,1,1020,23.326368134466065,1,0.9999999966599407
1820,1820,3.64,1,1013,16.326368134466065,1,0.9999999967308035
1821,1821,3.642,1,988,-8.673631865533935,1,0.9999999968001629
1822,1822,3.644,1,973,-23.673631865533935,1,0.9999999968680509
1823,1823,3.646,1,984,-12.673631865533935,1,0.9999999969344984
1824,1824,3.648,1,1018,21.326368134466065,1,0.9999999969995361
1825,1825,3.65,1,1041,44.326368134466065,1,0.9999999970631941
1826,1826,3.652,1,1030,33.326368134466065,1,0.9999999971255015
1827,1827,3.654,1,988,-8.673631865533935,1,0.9999999971864869
1828,1828,3.656,1,954,-42.673631865533935,1,0.9999999972461785
1829,1829,3.658,1,954,-42.673631865533935,1,0.9999999973046036
1830,1830,3.66,1,977,-19.673631865533935,1,0.9999999973617892
1831,1831,3.662,1,995,-1.6736318655339346,1,0.9999999974177616
1832,1832,3.664,1,1006,9.326368134466065,1,0.9999999974725464
1833,1833,3.666,1,1014,17.326368134466065,1,0.999999997526169
1834,1834,3.668,1,1011,14.326368134466065,1,0.9999999975786539
1835,1835,3.67,1,1004,7.326368134466065,1,0.9999999976300252
1836,1836,3.672,1,1003,6.326368134466065,1,0.9999999976803067
1837,1837,3.674,1,1009,12.326368134466065,1,0.9999999977295214
1838,1838,3.676,1,1012,15.326368134466065,1,0.999999997777692
1839,1839,3.678,1,1010,13.326368134466065,1,0.9999999978248406
1840,1840,3.68,1,1008,11.326368134466065,1,0.9999999978709889
1841,1841,3.682,1,1004,7.326368134466065,1,0.9999999979161581
1842,1842,3.684,1,990,-6.673631865533935,1,0.999999997960369
1843,1843,3.686,1,968,-28.673631865533935,1,0.9999999980036419
1844,1844,3.688,1,964,-32.673631865533935,1,0.9999999980459967
1845,1845,3.69,1,985,-11.673631865533935,1,0.9999999980874529
1846,1846,3.692,1,1007,10.326368134466065,1,0.9999999981280295
1847,1847,3.694,1,1010,13.326368134466065,1,0.9999999981677453
1848,1848,3.696,1,1002,5.326368134466065,1,0.9999999982066186
1849,1849,3.698,1,1000,3.3263681344660654,1,0.999999998244667
1850,1850,3.7,1,1002,5.326368134466065,1,0.9999999982819082
1851,1851,3.702,1,1001,4.326368134466065,1,0.9999999983183593
1852,1852,3.704,1,986,-10.673631865533935,1,0.9999999983540371
1853,1853,3.706,1,975,-21.673631865533935,1,0.9999999983889579
1854,1854,3.708,1,984,-12.673631865533935,1,0.9999999984231378
1855,1855,3.71,1,1018,21.326368134466065,1,0.9999999984565926
1856,1856,3.712,1,1044,47.326368134466065,1,0.9999999984893376
1857,1857,3.714,1,1040,43.326368134466065,1,0.9999999985213879
1858,1858,3.716,1,1005,8.326368134466065,1,0.9999999985527581
1859,1859,3.718,1,972,-24.673631865533935,1,0.9999999985834629
1860,1860,3.72,1,954,-42.673631865533935,1,0.9999999986135162
1861,1861,3.722,1,960,-36.673631865533935,1,0.9999999986429319
1862,1862,3.724,1,973,-23.673631865533935,1,0.9999999986717235
1863,1863,3.726,1,995,-1.6736318655339346,1,0.9999999986999043
1864,1864,3.728,1,1022,25.326368134466065,1,0.9999999987274872
1865,1865,3.73,1,1051,54.326368134466065,1,0.9999999987544849
1866,1866,3.732,1,1052,55.326368134466065,1,0.9999999987809097
1867,1867,3.734,1,1019,22.326368134466065,1,0.999999998806774
1868,1868,3.736,1,978,-18.673631865533935,1,0.9999999988320896
1869,1869,3.738,1,962,-34.673631865533935,1,0.999999998856868
1870,1870,3.74,1,971,-25.673631865533935,1,0.9999999988811207
1871,1871,3.742,1,988,-8.673631865533935,1,0.9999999989048589
1872,1872,3.744,1,989,-7.673631865533935,1,0.9999999989280934
1873,1873,3.746,1,977,-19.673631865533935,1,0.999999998950835
1874,1874,3.748,1,964,-32.673631865533935,1,0.9999999989730941
1875,1875,3.75,1,959,-37.673631865533935,1,0.999999998994881
1876,1876,3.752,1,981,-15.673631865533935,1,0.9999999990162056
1877,1877,3.754,1,1027,30.326368134466065,1,0.9999999990370778
1878,1878,3.756,1,1077,80.32636813446607,1,0.9999999990575072
1879,1879,3.758,1,1085,88.32636813446607,1,0.9999999990775033
1880,1880,3.76,1,1045,48.326368134466065,1,0.9999999990970749
1881,1881,3.762,1,988,-8.673631865533935,1,0.9999999991162314
1882,1882,3.764,1,960,-36.673631865533935,1,0.9999999991349815
1883,1883,3.766,1,967,-29.673631865533935,1,0.9999999991533338
1884,1884,3.768,1,982,-14.673631865533935,1,0.9999999991712967
1885,1885,3.77,1,982,-14.673631865533935,1,0.9999999991888785
1886,1886,3.772,1,967,-29.673631865533935,1,0.9999999992060873
1887,1887,3.774,1,960,-36.673631865533935,1,0.9999999992229309
1888,1888,3.776,1,976,-20.673631865533935,1,0.9999999992394173
1889,1889,3.778,1,1007,10.326368134466065,1,0.9999999992555538
1890,1890,3.78,1,1030,33.326368134466065,1,0.9999999992713481
1891,1891,3.782,1,1026,29.326368134466065,1,0.9999999992868072
1892,1892,3.784,1,1006,9.326368134466065,1,0.9999999993019383
1893,1893,3.786,1,994,-2.6736318655339346,1,0.9999999993167484
1894,1894,3.788,1,1003,6.326368134466065,1,0.9999999993312443
1895,1895,3.79,1,1017,20.326368134466065,1,0.9999999993454326
1896,1896,3.792,1,1018,21.326368134466065,1,0.9999999993593199
1897,1897,3.794,1,1003,6.326368134466065,1,0.9999999993729126
1898,1898,3.796,1,984,-12.673631865533935,1,0.999999999386217
1899,1899,3.798,1,978,-18.673631865533935,1,0.999999999399239
1900,1900,3.8,1,987,-9.673631865533935,1,0.9999999994119848
1901,1901,3.802,1,993,-3.6736318655339346,1,0.9999999994244602
1902,1902,3.804,1,993,-3.6736318655339346,1,0.9999999994366708
1903,1903,3.806,1,996,-0.6736318655339346,1,0.9999999994486225
1904,1904,3.808,1,1003,6.326368134466065,1,0.9999999994603206
1905,1905,3.81,1,1004,7.326368134466065,1,0.9999999994717704
1906,1906,3.812,1,993,-3.6736318655339346,1,0.9999999994829774
1907,1907,3.814,1,985,-11.673631865533935,1,0.9999999994939466
1908,1908,3.816,1,996,-0.6736318655339346,1,0.999999999504683
1909,1909,3.818,1,1013,16.326368134466065,1,0.9999999995151917
1910,1910,3.82,1,1027,30.326368134466065,0,0.9798262351352565
1911,1911,3.822,1,1017,20.326368134466065,0,0.9600594515247757
1912,1912,3.824,1,989,-7.673631865533935,0,0.9406914383495952
1913,1913,3.826,1,969,-27.673631865533935,0,0.9217141509089077
1914,1914,3.828,1,973,-23.673631865533935,0,0.9031197067938046
1915,1915,3.83,1,994,-2.6736318655339346,0,0.8849003826132373
1916,1916,3.832,1,1014,17.326368134466065,0,0.8670486107860287
1917,1917,3.834,1,1023,26.326368134466065,0,0.8495569763976011
1918,1918,3.836,1,1021,24.326368134466065,0,0.8324182141201166
1919,1919,3.838,1,1015,18.326368134466065,0,0.8156252051947496
1920,1920,3.84,1,1005,8.326368134466065,0,0.7991709744748372
1921,1921,3.842,1,996,-0.6736318655339346,0,0.7830486875286824
1922,1922,3.844,0,984,-12.673631865533935,0,0.7672516478008027
1923,1923,3.846,0,978,-18.673631865533935,0,0.7517732938304482
1924,1924,3.848,0,996,-0.6736318655339346,0,0.7366071965262323
1925,1925,3.85,0,1021,24.326368134466065,0,0.7217470564957431
1926,1926,3.852,0,1029,32.326368134466065,0,0.7071867014290272
1927,1927,3.854,0,1012,15.326368134466065,0,0.6929200835348578
1928,1928,3.856,0,991,-5.673631865533935,0,0.6789412770287235
1929,1929,3.858,0,989,-7.673631865533935,0,0.6652444756714934
1930,1930,3.86,0,1006,9.326368134466065,0,0.6518239903577367
1931,1931,3.862,0,1017,20.326368134466065,0,0.6386742467526955
1932,1932,3.864,0,1016,19.326368134466065,0,0.6257897829769274
1933,1933,3.866,0,1011,14.326368134466065,0,0.6131652473376596
1934,1934,3.868,0,1009,12.326368134466065,0,0.600795396105908
1935,1935,3.87,0,1011,14.326368134466065,0,0.5886750913384415
1936,1936,3.872,0,1002,5.326368134466065,0,0.5767992987436855
1937,1937,3.874,0,995,-1.6736318655339346,0,0.5651630855906772
1938,1938,3.876,0,997,0.3263681344660654,0,0.5537616186602061
1939,1939,3.878,0,1004,7.326368134466065,0,0.5425901622372876
1940,1940,3.88,0,1005,8.326368134466065,0,0.531644076144135
1941,1941,3.882,0,1000,3.3263681344660654,0,0.5209188138128152
1942,1942,3.884,0,993,-3.6736318655339346,0,0.5104099203967853
1943,1943,3.886,0,993,-3.6736318655339346,0,0.5001130309205271
1944,1944,3.888,0,1001,4.326368134466065,0,0.4900238684665098
1945,1945,3.89,0,1014,17.326368134466065,0,0.48013824239872943
1946,1946,3.892,0,1019,22.326368134466065,0,0.4704520466220853
1947,1947,3.894,0,1009,12.326368134466065,0,0.4609612578768718
1948,1948,3.896,0,999,2.3263681344660654,0,0.45166193406767685
1949,1949,3.898,0,1002,5.326368134466065,0,0.44255021262599226
1950,1950,3.9,0,1012,15.326368134466065,0,0.43362230890585696
1951,1951,3.902,0,1014,17.326368134466065,0,0.4248745146118657
1952,1952,3.904,0,1005,8.326368134466065,0,0.4163031962588911
1953,1953,3.906,0,991,-5.673631865533935,0,0.4079047936628787
1954,1954,3.908,0,986,-10.673631865533935,0,0.3996758184620882
1955,1955,3.91,0,990,-6.673631865533935,0,0.3916128526681673
1956,1956,3.912,0,1000,3.3263681344660654,0,0.38371254724645526
1957,1957,3.914,0,1010,13.326368134466065,0,0.3759716207249276
1958,1958,3.916,0,1009,12.326368134466065,0,0.3683868578312034
1959,1959,3.918,0,999,2.3263681344660654,0,0.360955108157049
1960,1960,3.92,0,984,-12.673631865533935,0,0.35367328484982435
1961,1961,3.922,0,978,-18.673631865533935,0,0.3465383633303272
1962,1962,3.924,0,986,-10.673631865533935,0,0.33954738003650353
1963,1963,3.926,0,1003,6.326368134466065,0,0.3326974311925019
1964,1964,3.928,0,1011,14.326368134466065,0,0.32598567160256076
1965,1965,3.93,0,1014,17.326368134466065,0,0.31940931346922746
1966,1966,3.932,0,1010,13.326368134466065,0,0.31296562523541843
1967,1967,3.934,0,1010,13.326368134466065,0,0.30665193044983907
1968,1968,3.936,0,1007,10.326368134466065,0,0.30046560665529254
1969,1969,3.938,0,995,-1.6736318655339346,0,0.29440408429941567
1970,1970,3.94,0,986,-10.673631865533935,0,0.2884648456673893
1971,1971,3.942,0,983,-13.673631865533935,0,0.2826454238361797
1972,1972,3.944,0,991,-5.673631865533935,0,0.2769434016498773
1973,1973,3.946,0,1002,5.326368134466065,0,0.27135641071570626
1974,1974,3.948,0,1005,8.326368134466065,0,0.2658821304202887
1975,1975,3.95,0,1001,4.326368134466065,0,0.26051828696575413
1976,1976,3.952,0,994,-2.6736318655339346,0,0.25526265242529467
1977,1977,3.954,0,992,-4.673631865533935,0,0.2501130438177729
1978,1978,3.956,0,993,-3.6736318655339346,0,0.2450673222009985
1979,1979,3.958,0,994,-2.6736318655339346,0,0.24012339178329703
1980,1980,3.96,0,990,-6.673631865533935,0,0.23527919905300143
1981,1981,3.962,0,988,-8.673631865533935,0,0.23053273192550516
1982,1982,3.964,0,990,-6.673631865533935,0,0.22588201890752255
1983,1983,3.966,0,997,0.3263681344660654,0,0.22132512827820888
1984,1984,3.968,0,1002,5.326368134466065,0,0.21686016728680071
1985,1985,3.97,0,1006,9.326368134466065,0,0.21248528136644249
1986,1986,3.972,0,1004,7.326368134466065,0,0.20819865336387344
1987,1987,3.974,0,1000,3.3263681344660654,0,0.2039985027846546
1988,1988,3.976,0,996,-0.6736318655339346,0,0.19988308505362223
1989,1989,3.978,0,995,-1.6736318655339346,0,0.19585069079026096
1990,1990,3.98,0,994,-2.6736318655339346,0,0.1918996450986952
1991,1991,3.982,0,991,-5.673631865533935,0,0.1880283068720041
1992,1992,3.984,0,993,-3.6736318655339346,0,0.18423506811057114
1993,1993,3.986,0,999,2.3263681344660654,0,0.18051835325418528
1994,1994,3.988,0,1006,9.326368134466065,0,0.17687661852761588
1995,1995,3.99,0,1005,8.326368134466065,0,0.17330835129939015
1996,1996,3.992,0,996,-0.6736318655339346,0,0.1698120694535062
1997,1997,3.994,0,984,-12.673631865533935,0,0.16638632077382112
1998,1998,3.996,0,980,-16.673631865533935,0,0.1630296823408584
1999,1999,3.998,0,989,-7.673631865533935,0,0.15974075994078374
2000,2000,4.0,0,1003,6.326368134466065,0,0.15651818748630425
2001,2001,4.002,0,1007,10.326368134466065,0,0.15336062644925022
2002,2002,4.004,0,1001,4.326368134466065,0,0.15026676530460387
2003,2003,4.006,0,995,-1.6736318655339346,0,0.1472353189857441
2004,2004,4.008,0,996,-0.6736318655339346,0,0.14426502835068108
2005,2005,4.01,0,1000,3.3263681344660654,0,0.1413546596590588
2006,2006,4.012,0,1000,3.3263681344660654,0,0.1385030040597085
2007,2007,4.014,0,998,1.3263681344660654,0,0.13570887708854013
2008,2008,4.016,0,997,0.3263681344660654,0,0.13297111817656304
2009,2009,4.018,0,995,-1.6736318655339346,0,0.13028859016783204
2010,2010,4.02,0,995,-1.6736318655339346,0,0.12766017884711797
2011,2011,4.022,0,991,-5.673631865533935,0,0.12508479247710724
2012,2012,4.024,0,991,-5.673631865533935,0,0.12256136134493761
2013,2013,4.026,0,993,-3.6736318655339346,0,0.12008883731788204
2014,2014,4.028,0,996,-0.6736318655339346,0,0.1176661934079962
2015,2015,4.03,0,1000,3.3263681344660654,0,0.11529242334554857
2016,2016,4.032,0,1002,5.326368134466065,0,0.11296654116105612
2017,2017,4.034,0,1001,4.326368134466065,0,0.11068758077575186
2018,2018,4.036,0,996,-0.6736318655339346,0,0.10845459560031423
2019,2019,4.038,0,994,-2.6736318655339346,0,0.1062666581416916
2020,2020,4.04,0,994,-2.6736318655339346,0,0.10412285961785867
2021,2021,4.042,0,1001,4.326368134466065,0,0.10202230958034454
2022,2022,4.044,0,1003,6.326368134466065,0,0.09996413554437604
2023,2023,4.046,0,1002,5.326368134466065,0,0.0979474826264822
2024,2024,4.048,0,999,2.3263681344660654,0,0.09597151318940979
2025,2025,4.05,0,996,-0.6736318655339346,0,0.09403540649420215
2026,2026,4.052,0,997,0.3263681344660654,0,0.09213835835929698
2027,2027,4.054,0,998,1.3263681344660654,0,0.09027958082650134
2028,2028,4.056,0,998,1.3263681344660654,0,0.0884583018337052
2029,2029,4.058,0,997,0.3263681344660654,0,0.08667376489419769
2030,2030,4.06,0,998,1.3263681344660654,0,0.08492522878245254
2031,2031,4.062,0,1000,3.3263681344660654,0,0.08321196722625264
2032,2032,4.064,0,998,1.3263681344660654,0,0.08153326860502548
2033,2033,4.066,0,994,-2.6736318655339346,0,0.0798884356542643
2034,2034,4.068,0,994,-2.6736318655339346,0,0.07827678517591222
2035,2035,4.07,0,996,-0.6736318655339346,0,0.07669764775458898
2036,2036,4.072,0,999,2.3263681344660654,0,0.0751503674795425
2037,2037,4.074,0,1001,4.326368134466065,0,0.07363430167220966
2038,2038,4.076,0,1003,6.326368134466065,0,0.07214882061927326
2039,2039,4.078,0,1003,6.326368134466065,0,0.07069330731110418
2040,2040,4.08,0,998,1.3263681344660654,0,0.06926715718548021
2041,2041,4.082,0,990,-6.673631865533935,0,0.06786977787647494
2042,2042,4.084,0,988,-8.673631865533935,0,0.0665005889684126
2043,2043,4.086,0,989,-7.673631865533935,0,0.06515902175478652
2044,2044,4.088,0,1000,3.3263681344660654,0,0.0638445190020411
2045,2045,4.09,0,1006,9.326368134466065,0,0.0625565347181192
2046,2046,4.092,0,1007,10.326368134466065,0,0.061294533925678796
2047,2047,4.094,0,1000,3.3263681344660654,0,0.06005799243988472
2048,2048,4.096,0,993,-3.6736318655339346,0,0.05884639665068317
2049,2049,4.098,0,991,-5.673631865533935,0,0.05765924330946853
2050,2050,4.1,0,992,-4.673631865533935,0,0.05649603932005403
2051,2051,4.102,0,998,1.3263681344660654,0,0.05535630153385915
2052,2052,4.104,0,1004,7.326368134466065,0,0.05423955654922902
2053,2053,4.106,0,1008,11.326368134466065,0,0.053145340514802214
2054,2054,4.108,0,1007,10.326368134466065,0,0.05207319893684539
2055,2055,4.11,0,1002,5.326368134466065,0,0.05102268649047468
2056,2056,4.112,0,998,1.3263681344660654,0,0.04999336683468552
2057,2057,4.114,0,995,-1.6736318655339346,0,0.04898481243111395
2058,2058,4.116,0,992,-4.673631865533935,0,0.04799660436645425
2059,2059,4.118,0,992,-4.673631865533935,0,0.047028332178459004
2060,2060,4.12,0,992,-4.673631865533935,0,0.04607959368544949
2061,2061,4.122,0,996,-0.6736318655339346,0,0.045149994819265404
2062,2062,4.124,0,996,-0.6736318655339346,0,0.044239149461584665
2063,2063,4.126,0,995,-1.6736318655339346,0,0.04334667928354524
2064,2064,4.128,0,994,-2.6736318655339346,0,0.04247221358860243
2065,2065,4.13,0,997,0.3263681344660654,0,0.04161538915855629
2066,2066,4.132,0,1001,4.326368134466065,0,0.040775850102685245
2067,2067,4.134,0,1004,7.326368134466065,0,0.03995324770992331
2068,2068,4.136,0,1004,7.326368134466065,0,0.03914724030401937
2069,2069,4.138,0,1003,6.326368134466065,0,0.038357493101618505
2070,2070,4.14,0,1001,4.326368134466065,0,0.03758367807320631
2071,2071,4.142,0,998,1.3263681344660654,0,0.03682547380685853
2072,2072,4.144,0,997,0.3263681344660654,0,0.03608256537473932
2073,2073,4.146,0,998,1.3263681344660654,0,0.03535464420229282
2074,2074,4.148,0,996,-0.6736318655339346,0,0.03464140794007354
2075,2075,4.15,0,994,-2.6736318655339346,0,0.033942560338162474
2076,2076,4.152,0,993,-3.6736318655339346,0,0.033257811123116675
2077,2077,4.154,0,992,-4.673631865533935,0,0.03258687587740126
2078,2078,4.156,0,994,-2.6736318655339346,0,0.031929475921253656
2079,2079,4.158,0,997,0.3263681344660654,0,0.03128533819693118
2080,2080,4.16,0,1000,3.3263681344660654,0,0.03065419515529372
2081,2081,4.162,0,1003,6.326368134466065,0,0.030035784644674463
2082,2082,4.164,0,1003,6.326368134466065,0,0.02942984980199256
2083,2083,4.166,0,1003,6.326368134466065,0,0.028836138946062444
2084,2084,4.168,0,1000,3.3263681344660654,0,0.028254405473055477
2085,2085,4.17,0,998,1.3263681344660654,0,0.027684407754070564
2086,2086,4.172,0,999,2.3263681344660654,0,0.027125909034771127
2087,2087,4.174,0,998,1.3263681344660654,0,0.026578677337046795
2088,2088,4.176,0,998,1.3263681344660654,0,0.026042485362658938
2089,2089,4.178,0,998,1.3263681344660654,0,0.025517110398830038
2090,2090,4.18,0,997,0.3263681344660654,0,0.025002334225737676
2091,2091,4.182,0,997,0.3263681344660654,0,0.02449794302587472
2092,2092,4.184,0,996,-0.6736318655339346,0,0.024003727295238045
2093,2093,4.186,0,994,-2.6736318655339346,0,0.023519481756308927
2094,2094,4.188,0,991,-5.673631865533935,0,0.023045005272788934
2095,2095,4.19,0,991,-5.673631865533935,0,0.022580100766055936
2096,2096,4.192,0,993,-3.6736318655339346,0,0.022124575133305485
2097,2097,4.194,0,997,0.3263681344660654,0,0.02167823916734362
2098,2098,4.196,0,998,1.3263681344660654,0,0.021240907477997725
2099,2099,4.198,0,998,1.3263681344660654,0,0.02081239841511285
2100,2100,4.2,0,999,2.3263681344660654,0,0.020392533993101473
2101,2101,4.202,0,1001,4.326368134466065,0,0.019981139817015377
2102,2102,4.204,0,1003,6.326368134466065,0,0.019578045010108944
2103,2103,4.206,0,1006,9.326368134466065,0,0.01918308214286376
2104,2104,4.208,0,1004,7.326368134466065,0,0.018796087163445066
2105,2105,4.21,0,1001,4.326368134466065,0,0.018416899329561167
2106,2106,4.212,0,998,1.3263681344660654,0,0.01804536114169749
2107,2107,4.214,0,997,0.3263681344660654,0,0.017681318277697554
2108,2108,4.216,0,996,-0.6736318655339346,0,0.01732461952866371
2109,2109,4.218,0,995,-1.6736318655339346,0,0.016975116736150982
2110,2110,4.22,0,996,-0.6736318655339346,0,0.016632664730627952
2111,2111,4.222,0,996,-0.6736318655339346,0,0.016297121271179132
2112,2112,4.224,0,994,-2.6736318655339346,0,0.015968346986423743
2113,2113,4.226,0,995,-1.6736318655339346,0,0.015646205316626405
2114,2114,4.228,0,998,1.3263681344660654,0,0.015330562456975668
2115,2115,4.23,0,1000,3.3263681344660654,0,0.01502128730200682
2116,2116,4.232,0,999,2.3263681344660654,0,0.014718251391145907
2117,2117,4.234,0,995,-1.6736318655339346,0,0.014421328855352326
2118,2118,4.236,0,995,-1.6736318655339346,0,0.01413039636483784
2119,2119,4.238,0,995,-1.6736318655339346,0,0.013845333077840308
2120,2120,4.24,0,997,0.3263681344660654,0,0.013566020590430822
2121,2121,4.242,0,997,0.3263681344660654,0,0.01329234288733344
2122,2122,4.244,0,996,-0.6736318655339346,0,0.013024186293737063
2123,2123,4.246,0,993,-3.6736318655339346,0,0.012761439428079448
2124,2124,4.248,0,995,-1.6736318655339346,0,0.012503993155783745
2125,2125,4.25,0,999,2.3263681344660654,0,0.012251740543928347
2126,2126,4.252,0,1004,7.326368134466065,0,0.01200457681683121
2127,2127,4.254,0,1007,10.326368134466065,0,0.011762399312530215
2128,2128,4.256,0,1006,9.326368134466065,0,0.011525107440141477
2129,2129,4.258,0,1003,6.326368134466065,0,0.011292602638077904
2130,2130,4.26,0,997,0.3263681344660654,0,0.011064788333110639
2131,2131,4.262,0,997,0.3263681344660654,0,0.01084156990025639
2132,2132,4.264,0,998,1.3263681344660654,0,0.010622854623473985
2133,2133,4.266,0,999,2.3263681344660654,0,0.01040855165715382
2134,2134,4.268,0,999,2.3263681344660654,0,0.010198571988384215
2135,2135,4.27,0,996,-0.6736318655339346,0,0.009992828399978998
2136,2136,4.272,0,992,-4.673631865533935,0,0.009791235434250962
2137,2137,4.274,0,990,-6.673631865533935,0,0.009593709357516148
2138,2138,4.276,0,991,-5.673631865533935,0,0.009400168125314207
2139,2139,4.278,0,997,0.3263681344660654,0,0.009210531348330404
2140,2140,4.28,0,998,1.3263681344660654,0,0.009024720259005097
2141,2141,4.282,0,999,2.3263681344660654,0,0.008842657678816835
2142,2142,4.284,0,998,1.3263681344660654,0,0.008664267986225474
2143,2143,4.286,0,996,-0.6736318655339346,0,0.008489477085262006
2144,2144,4.288,0,994,-2.6736318655339346,0,0.00831821237475204
2145,2145,4.29,0,995,-1.6736318655339346,0,0.008150402718160176
2146,2146,4.292,0,996,-0.6736318655339346,0,0.007985978414042715
2147,2147,4.294,0,998,1.3263681344660654,0,0.007824871167096462
2148,2148,4.296,0,1000,3.3263681344660654,0,0.0076670140597915794
2149,2149,4.298,0,1002,5.326368134466065,0,0.007512341524576707
2150,2150,4.3,0,1004,7.326368134466065,0,0.007360789316644819
2151,2151,4.302,0,1002,5.326368134466065,0,0.007212294487248491
2152,2152,4.304,0,998,1.3263681344660654,0,0.0070667953575534945
2153,2153,4.306,0,991,-5.673631865533935,0,0.006924231493019874
2154,2154,4.308,0,990,-6.673631865533935,0,0.006784543678299842
2155,2155,4.31,0,991,-5.673631865533935,0,0.006647673892642087
2156,2156,4.312,0,995,-1.6736318655339346,0,0.006513565285792261
2157,2157,4.314,0,998,1.3263681344660654,0,0.006382162154379658
2158,2158,4.316,0,1004,7.326368134466065,0,0.0062534099187802426
2159,2159,4.318,0,1008,11.326368134466065,0,0.006127255100446459
2160,2160,4.32,0,1011,14.326368134466065,0,0.006003645299694369
2161,2161,4.322,0,1010,13.326368134466065,0,0.005882529173938911
2162,2162,4.324,0,1005,8.326368134466065,0,0.005763856416368239
2163,2163,4.326,0,995,-1.6736318655339346,0,0.005647577735048276
2164,2164,4.328,0,986,-10.673631865533935,0,0.005533644832448808
2165,2165,4.33,0,982,-14.673631865533935,0,0.005422010385382618
2166,2166,4.332,0,984,-12.673631865533935,0,0.005312628025349318
2167,2167,4.334,0,993,-3.6736318655339346,0,0.005205452319275721
2168,2168,4.336,0,999,2.3263681344660654,0,0.0051004387506447535
2169,2169,4.338,0,1004,7.326368134466065,0,0.004997543701005071
2170,2170,4.34,0,1005,8.326368134466065,0,0.004896724431853687
2171,2171,4.342,0,1000,3.3263681344660654,0,0.004797939066884107
2172,2172,4.344,0,995,-1.6736318655339346,0,0.004701146574592575
2173,2173,4.346,0,992,-4.673631865533935,0,0.004606306751235225
2174,2174,4.348,0,994,-2.6736318655339346,0,0.00451338020412905
2175,2175,4.35,0,996,-0.6736318655339346,0,0.0044223283352897436
2176,2176,4.352,0,999,2.3263681344660654,0,0.004333113325399645
2177,2177,4.354,0,1001,4.326368134466065,0,0.004245698118099096
2178,2178,4.356,0,999,2.3263681344660654,0,0.0041600464045947055
2179,2179,4.358,0,1000,3.3263681344660654,0,0.004076122608578129
2180,2180,4.36,0,1000,3.3263681344660654,0,0.003993891871449081
2181,2181,4.362,0,998,1.3263681344660654,0,0.003913320037836466
2182,2182,4.364,0,997,0.3263681344660654,0,0.0038343736414116003
2183,2183,4.366,0,997,0.3263681344660654,0,0.003757019890987627
2184,2184,4.368,0,1000,3.3263681344660654,0,0.0036812266568993675
2185,2185,4.37,0,1002,5.326368134466065,0,0.003606962457657939
2186,2186,4.372,0,1004,7.326368134466065,0,0.003534196446874598
2187,2187,4.374,0,1000,3.3263681344660654,0,0.0034628984004483796
2188,2188,4.376,0,994,-2.6736318655339346,0,0.0033930387040122106
2189,2189,4.378,0,990,-6.673631865533935,0,0.003324588340632282
2190,2190,4.38,0,990,-6.673631865533935,0,0.003257518878755571
2191,2191,4.382,0,994,-2.6736318655339346,0,0.0031918024604005056
2192,2192,4.384,0,996,-0.6736318655339346,0,0.003127411789585871
2193,2193,4.386,0,997,0.3263681344660654,0,0.003064320120993147
2194,2194,4.388,0,997,0.3263681344660654,0,0.0030025012488575664
2195,2195,4.39,0,997,0.3263681344660654,0,0.0029419294960832867
2196,2196,4.392,0,995,-1.6736318655339346,0,0.0028825797035781477
2197,2197,4.394,0,998,1.3263681344660654,0,0.002824427219803586
2198,2198,4.396,0,1000,3.3263681344660654,0,0.0027674478905353687
2199,2199,4.398,0,1002,5.326368134466065,0,0.0027116180488308927
2200,2200,4.4,0,1004,7.326368134466065,0,0.0026569145051988778
2201,2201,4.402,0,1005,8.326368134466065,0,0.002603314537967378
2202,2202,4.404,0,1003,6.326368134466065,0,0.0025507958838461024
2203,2203,4.406,0,1001,4.326368134466065,0,0.002499336728679135
2204,2204,4.408,0,997,0.3263681344660654,0,0.0024489156983841993
2205,2205,4.41,0,997,0.3263681344660654,0,0.0023995118500747207
2206,2206,4.412,0,994,-2.6736318655339346,0,0.0023511046633609826
2207,2207,4.414,0,993,-3.6736318655339346,0,0.0023036740318267764
2208,2208,4.416,0,990,-6.673631865533935,0,0.0022572002546779966
2209,2209,4.418,0,991,-5.673631865533935,0,0.0022116640285597166
2210,2210,4.42,0,995,-1.6736318655339346,0,0.0021670464395383434
2211,2211,4.422,0,999,2.3263681344660654,0,0.002123328955245525
2212,2212,4.424,0,1001,4.326368134466065,0,0.0020804934171805406
2213,2213,4.426,0,998,1.3263681344660654,0,0.0020385220331679862
2214,2214,4.428,0,994,-2.6736318655339346,0,0.0019973973699676114
2215,2215,4.43,0,991,-5.673631865533935,0,0.0019571023460332473
2216,2216,4.432,0,992,-4.673631865533935,0,0.0019176202244178128
2217,2217,4.434,0,994,-2.6736318655339346,0,0.0018789346058214543
2218,2218,4.436,0,1000,3.3263681344660654,0,0.001841029421779929
2219,2219,4.438,0,1003,6.326368134466065,0,0.0018038889279904063
2220,2220,4.44,0,1002,5.326368134466065,0,0.0017674976977719112
2221,2221,4.442,0,1002,5.326368134466065,0,0.001731840615657696
2222,2222,4.444,0,1005,8.326368134466065,0,0.0016969028711168775
2223,2223,4.446,0,1005,8.326368134466065,0,0.0016626699524027336
2224,2224,4.448,0,1001,4.326368134466065,0,0.0016291276405251012
2225,2225,4.45,0,995,-1.6736318655339346,0,0.0015962620033443745
2226,2226,4.452,0,993,-3.6736318655339346,0,0.0015640593897846497
2227,2227,4.454,0,994,-2.6736318655339346,0,0.0015325064241636117
2228,2228,4.456,0,996,-0.6736318655339346,0,0.0015015900006368093
2229,2229,4.458,0,995,-1.6736318655339346,0,0.0014712972777540093
2230,2230,4.46,0,992,-4.673631865533935,0,0.00144161567312537
2231,2231,4.462,0,990,-6.673631865533935,0,0.0014125328581952173
2232,2232,4.464,0,990,-6.673631865533935,0,0.0013840367531212554
2233,2233,4.466,0,994,-2.6736318655339346,0,0.0013561155217570802
2234,2234,4.468,0,999,2.3263681344660654,0,0.0013287575667359165
2235,2235,4.47,0,1002,5.326368134466065,0,0.0013019515246535344
2236,2236,4.472,0,1003,6.326368134466065,0,0.001275686261348343
2237,2237,4.474,0,1002,5.326368134466065,0,0.0012499508672767043
2238,2238,4.476,0,1000,3.3263681344660654,0,0.0012247346529815433
2239,2239,4.478,0,1002,5.326368134466065,0,0.0012000271446523734
2240,2240,4.48,0,1005,8.326368134466065,0,0.0011758180797748932
2241,2241,4.482,0,1007,10.326368134466065,0,0.0011520974028683467
2242,2242,4.484,0,1003,6.326368134466065,0,0.0011288552613088773
2243,2243,4.486,0,997,0.3263681344660654,0,0.0011060820012371412
2244,2244,4.488,0,990,-6.673631865533935,0,0.001083768163548478
2245,2245,4.49,0,988,-8.673631865533935,0,0.0010619044799639763
2246,2246,4.492,0,990,-6.673631865533935,0,0.0010404818691807996
2247,2247,4.494,0,991,-5.673631865533935,0,0.0010194914331001753
2248,2248,4.496,0,992,-4.673631865533935,0,0.0009989244531314787
2249,2249,4.498,0,995,-1.6736318655339346,0,0.0009787723865708788
2250,2250,4.5,0,997,0.3263681344660654,0,0.0009590268630530382
2251,2251,4.502,0,1001,4.326368134466065,0,0.0009396796810743982
2252,2252,4.504,0,1001,4.326368134466065,0,0.0009207228045866002
2253,2253,4.506,0,1004,7.326368134466065,0,0.000902148359658632
2254,2254,4.508,0,1002,5.326368134466065,0,0.0008839486312063103
2255,2255,4.51,0,999,2.3263681344660654,0,0.0008661160597877426
2256,2256,4.512,0,994,-2.6736318655339346,0,0.0008486432384634358
2257,2257,4.514,0,989,-7.673631865533935,0,0.0008315229097197492
2258,2258,4.516,0,987,-9.673631865533935,0,0.0008147479624544122
2259,2259,4.518,0,989,-7.673631865533935,0,0.000798311429022856
2260,2260,4.52,0,993,-3.6736318655339346,0,0.0007822064823441317
2261,2261,4.522,0,996,-0.6736318655339346,1,0.021981651265230183
2262,2262,4.524,0,999,2.3263681344660654,1,0.04273132777735666
2263,2263,4.526,1,1003,6.326368134466065,1,0.06304077832039484
2264,2264,4.528,1,1006,9.326368134466065,1,0.08291934274616106
2265,2265,4.53,1,1008,11.326368134466065,1,0.10237616275180088
2266,2266,4.532,1,1005,8.326368134466065,1,0.12142018608384661
2267,2267,4.534,1,999,2.3263681344660654,1,0.14006017065308124
2268,2268,4.536,1,993,-3.6736318655339346,1,0.15830468856210136
2269,2269,4.538,1,988,-8.673631865533935,1,0.1761621300474311
2270,2270,4.54,1,988,-8.673631865533935,1,0.19364070733799987
2271,2271,4.542,1,989,-7.673631865533935,1,0.21074845843175888
2272,2272,4.544,1,990,-6.673631865533935,1,0.2274932507921723
2273,2273,4.546,1,991,-5.673631865533935,1,0.24388278496628404
2274,2274,4.548,1,994,-2.6736318655339346,1,0.259924598126023
2275,2275,4.55,1,992,-4.673631865533935,1,0.2756260675343761
2276,2276,4.552,1,988,-8.673631865533935,1,0.29099441393802294
2277,2277,4.554,1,985,-11.673631865533935,1,0.30603670488799195
2278,2278,4.556,1,987,-9.673631865533935,1,0.32075985798986545
2279,2279,4.558,1,992,-4.673631865533935,1,0.3351706440850283
2280,2280,4.56,1,1000,3.3263681344660654,1,0.3492756903644229
2281,2281,4.562,1,1002,5.326368134466065,1,0.363081483416243
2282,2282,4.564,1,1000,3.3263681344660654,1,0.37659437220896697
2283,2283,4.566,1,993,-3.6736318655339346,1,0.3898205710111032
2284,2284,4.568,1,987,-9.673631865533935,1,0.4027661622489903
2285,2285,4.57,1,987,-9.673631865533935,1,0.4154370993039658
2286,2286,4.572,1,991,-5.673631865533935,1,0.42783920925018976
2287,2287,4.574,1,989,-7.673631865533935,1,0.4399781955343834
2288,2288,4.576,1,986,-10.673631865533935,1,0.45185964059871336
2289,2289,4.578,1,983,-13.673631865533935,1,0.46348900844802954
2290,2290,4.58,1,989,-7.673631865533935,1,0.47487164716263575
2291,2291,4.582,1,1002,5.326368134466065,1,0.4860127913577495
2292,2292,4.584,1,1006,9.326368134466065,1,0.496917564590782
2293,2293,4.586,1,994,-2.6736318655339346,1,0.5075909817175449
2294,2294,4.588,1,985,-11.673631865533935,1,0.5180379511984677
2295,2295,4.59,1,992,-4.673631865533935,1,0.5282632773558869
2296,2296,4.592,1,1008,11.326368134466065,1,0.5382716625834432
2297,2297,4.594,1,1014,17.326368134466065,1,0.5480677095086055
2298,2298,4.596,1,1003,6.326368134466065,1,0.5576559231093137
2299,2299,4.598,1,984,-12.673631865533935,1,0.5670407127857148
2300,2300,4.6,1,972,-24.673631865533935,1,0.5762263943879458
2301,2301,4.602,1,974,-22.673631865533935,1,0.5852171922008937
2302,2302,4.604,1,990,-6.673631865533935,1,0.5940172408868485
2303,2303,4.606,1,1006,9.326368134466065,1,0.6026305873869385
2304,2304,4.608,1,1012,15.326368134466065,1,0.6110611927822273
2305,2305,4.61,1,1002,5.326368134466065,1,0.6193129341153234
2306,2306,4.612,1,986,-10.673631865533935,1,0.627389606173344
2307,2307,4.614,1,982,-14.673631865533935,1,0.6352949232330507
2308,2308,4.616,1,990,-6.673631865533935,1,0.6430325207689602
2309,2309,4.618,1,1001,4.326368134466065,1,0.6506059571252162
2310,2310,4.62,1,1006,9.326368134466065,1,0.6580187151519901
2311,2311,4.622,1,1005,8.326368134466065,1,0.6652742038071645
2312,2312,4.624,1,1004,7.326368134466065,1,0.672375759724035
2313,2313,4.626,1,1005,8.326368134466065,1,0.6793266487457511
2314,2314,4.628,1,1004,7.326368134466065,1,0.6861300674272033
2315,2315,4.63,1,1003,6.326368134466065,1,0.6927891445050451
2316,2316,4.632,1,995,-1.6736318655339346,1,0.699306942336528
2317,2317,4.634,1,985,-11.673631865533935,1,0.705686458307809
2318,2318,4.636,1,986,-10.673631865533935,1,0.71193062621238
2319,2319,4.638,1,998,1.3263681344660654,1,0.7180423176002529
2320,2320,4.64,1,1007,10.326368134466065,1,0.7240243430985192
2321,2321,4.642,1,1007,10.326368134466065,1,0.7298794537038932
2322,2322,4.644,1,990,-6.673631865533935,1,0.7356103420478327
2323,2323,4.646,1,972,-24.673631865533935,1,0.7412196436348186
2324,2324,4.648,1,972,-24.673631865533935,1,0.7467099380543628
2325,2325,4.65,1,995,-1.6736318655339346,1,0.7520837501673028
2326,2326,4.652,1,1024,27.326368134466065,1,0.7573435512669272
2327,2327,4.654,1,1035,38.326368134466065,1,0.7624917602154672
2328,2328,4.656,1,1025,28.326368134466065,1,0.7675307445564757
2329,2329,4.658,1,1003,6.326368134466065,1,0.772462821603607
2330,2330,4.66,1,986,-10.673631865533935,1,0.7772902595062956
2331,2331,4.662,1,981,-15.673631865533935,1,0.7820152782928268
2332,2332,4.664,1,991,-5.673631865533935,1,0.7866400508912766
2333,2333,4.666,1,1000,3.3263681344660654,1,0.7911667041287921
2334,2334,4.668,1,1002,5.326368134466065,1,0.79559731970967
2335,2335,4.67,1,1000,3.3263681344660654,1,0.7999339351726853
2336,2336,4.672,1,1000,3.3263681344660654,1,0.8041785448281088
2337,2337,4.674,1,994,-2.6736318655339346,1,0.8083331006748443
2338,2338,4.676,1,988,-8.673631865533935,1,0.8123995132981088
2339,2339,4.678,1,984,-12.673631865533935,1,0.8163796527480665
2340,2340,4.68,1,985,-11.673631865533935,1,0.8202753493998224
2341,2341,4.682,1,987,-9.673631865533935,1,0.82408839479517
2342,2342,4.684,1,996,-0.6736318655339346,1,0.8278205424664803
2343,2343,4.686,1,1015,18.326368134466065,1,0.8314735087431108
2344,2344,4.688,1,1029,32.326368134466065,1,0.8350489735407068
2345,2345,4.69,1,1020,23.326368134466065,1,0.838548581133756
2346,2346,4.692,1,994,-2.6736318655339346,1,0.8419739409117523
2347,2347,4.694,1,976,-20.673631865533935,1,0.8453266281193177
2348,2348,4.696,1,989,-7.673631865533935,1,0.8486081845806213
2349,2349,4.698,1,1015,18.326368134466065,1,0.8518201194084284
2350,2350,4.7,1,1029,32.326368134466065,1,0.8549639096981078
2351,2351,4.702,1,1013,16.326368134466065,1,0.8580410012069134
2352,2352,4.704,1,981,-15.673631865533935,1,0.8610528090188553
2353,2353,4.706,1,959,-37.673631865533935,1,0.8640007181954645
2354,2354,4.708,1,965,-31.673631865533935,1,0.8668860844127511
2355,2355,4.71,1,984,-12.673631865533935,1,0.8697102345846482
2356,2356,4.712,1,997,0.3263681344660654,1,0.8724744674732303
2357,2357,4.714,1,1001,4.326368134466065,1,0.8751800542859832
2358,2358,4.716,1,1007,10.326368134466065,1,0.8778282392604038
2359,2359,4.718,1,1018,21.326368134466065,1,0.8804202402361964
2360,2360,4.72,1,1023,26.326368134466065,1,0.8829572492153291
2361,2361,4.722,1,1018,21.326368134466065,1,0.8854404329102088
2362,2362,4.724,1,1001,4.326368134466065,1,0.8878709332802249
2363,2363,4.726,1,983,-13.673631865533935,1,0.8902498680569108
2364,2364,4.728,1,975,-21.673631865533935,1,0.8925783312579625
2365,2365,4.73,1,982,-14.673631865533935,1,0.8948573936903531
2366,2366,4.732,1,997,0.3263681344660654,1,0.8970881034427718
2367,2367,4.734,1,1006,9.326368134466065,1,0.8992714863676161
2368,2368,4.736,1,1001,4.326368134466065,1,0.901408546552758
2369,2369,4.738,1,998,1.3263681344660654,1,0.9035002667833009
2370,2370,4.74,1,1001,4.326368134466065,1,0.9055476089935399
2371,2371,4.742,1,998,1.3263681344660654,1,0.9075515147093338
2372,2372,4.744,1,985,-11.673631865533935,1,0.9095129054810909
2373,2373,4.746,1,979,-17.673631865533935,1,0.9114326833075688
2374,2374,4.748,1,993,-3.6736318655339346,1,0.9133117310506836
2375,2375,4.75,1,1016,19.326368134466065,1,0.9151509128415176
2376,2376,4.752,1,1027,30.326368134466065,1,0.9169510744777133
2377,2377,4.754,1,1011,14.326368134466065,1,0.9187130438124363
2378,2378,4.756,1,980,-16.673631865533935,1,0.9204376311350866
2379,2379,4.758,1,961,-35.673631865533935,1,0.9221256295439315
2380,2380,4.76,1,975,-21.673631865533935,1,0.9237778153108338
2381,2381,4.762,1,1003,6.326368134466065,1,0.9253949482382413
2382,2382,4.764,1,1015,18.326368134466065,1,0.9269777720086027
2383,2383,4.766,1,1002,5.326368134466065,1,0.9285270145263698
2384,2384,4.768,1,983,-13.673631865533935,1,0.9300433882527445
2385,2385,4.77,1,986,-10.673631865533935,1,0.9315275905333232
2386,2386,4.772,1,1010,13.326368134466065,1,0.9329803039187903
2387,2387,4.774,1,1031,34.326368134466065,1,0.9344021964788073
2388,2388,4.776,1,1023,26.326368134466065,1,0.9357939221092432
2389,2389,4.778,1,995,-1.6736318655339346,1,0.9371561208328858
2390,2390,4.78,1,973,-23.673631865533935,1,0.9384894190937739
2391,2391,4.782,1,980,-16.673631865533935,1,0.9397944300452845
2392,2392,4.784,1,998,1.3263681344660654,1,0.9410717538321078
2393,2393,4.786,1,1002,5.326368134466065,1,0.9423219778662403
2394,2394,4.788,1,981,-15.673631865533935,1,0.9435456770971218
2395,2395,4.79,1,963,-33.673631865533935,1,0.944743414276042
2396,2396,4.792,1,972,-24.673631865533935,1,0.9459157402149367
2397,2397,4.794,1,1006,9.326368134466065,1,0.9470631940396934
2398,2398,4.796,1,1043,46.326368134466065,1,0.9481863034380831
2399,2399,4.798,1,1050,53.326368134466065,1,0.949285584902432
2400,2400,4.8,1,1014,17.326368134466065,1,0.9503615439671443
2401,2401,4.802,1,961,-35.673631865533935,1,0.9514146754411863
2402,2402,4.804,1,942,-54.673631865533935,1,0.9524454636356371
2403,2403,4.806,1,970,-26.673631865533935,1,0.9534543825864126
2404,2404,4.808,1,1016,19.326368134466065,1,0.9544418962722637
2405,2405,4.81,1,1037,40.326368134466065,1,0.9554084588281496
2406,2406,4.812,1,1031,34.326368134466065,1,0.956354514754084
2407,2407,4.814,1,1007,10.326368134466065,1,0.9572804991195503
2408,2408,4.816,1,979,-17.673631865533935,1,0.9581868377635804
2409,2409,4.818,1,959,-37.673631865533935,1,0.9590739474905883
2410,2410,4.82,1,964,-32.673631865533935,1,0.9599422362620487
2411,2411,4.822,1,990,-6.673631865533935,0,0.9405765877599613
2412,2412,4.824,0,1008,11.326368134466065,0,0.9216016172880092
2413,2413,4.826,0,1008,11.326368134466065,0,0.9030094433996599
2414,2414,4.828,0,1007,10.326368134466065,0,0.8847923436468269
2415,2415,4.83,0,1017,20.326368134466065,0,0.8669427513722715
2416,2416,4.832,0,1018,21.326368134466065,0,0.8494532525667154
2417,2417,4.834,0,998,1.3263681344660654,0,0.8323165827893569
2418,2418,4.836,0,970,-26.673631865533935,0,0.8155256241505112
2419,2419,4.838,0,962,-34.673631865533935,0,0.799073402355123
2420,2420,4.84,0,978,-18.673631865533935,0,0.7829530838059223
2421,2421,4.842,0,998,1.3263681344660654,0,0.7671579727650204
2422,2422,4.844,0,1008,11.326368134466065,0,0.751681508572767
2423,2423,4.846,0,1003,6.326368134466065,0,0.736517262922714
2424,2424,4.848,0,992,-4.673631865533935,0,0.7216589371915529
2425,2425,4.85,0,981,-15.673631865533935,0,0.707100359822918
2426,2426,4.852,0,970,-26.673631865533935,0,0.6928354837639673
2427,2427,4.854,0,978,-18.673631865533935,0,0.6788583839536784
2428,2428,4.856,0,1001,4.326368134466065,0,0.6651632548618137
2429,2429,4.858,0,1021,24.326368134466065,0,0.6517444080775351
2430,2430,4.86,0,1020,23.326368134466065,0,0.6385962699466642
2431,2431,4.862,0,1003,6.326368134466065,0,0.625713379256609
2432,2432,4.864,0,979,-17.673631865533935,0,0.6130903849679934
2433,2433,4.866,0,970,-26.673631865533935,0,0.6007220439920491
2434,2434,4.868,0,980,-16.673631865533935,0,0.5886032190128451
2435,2435,4.87,0,998,1.3263681344660654,0,0.5767288763534517
2436,2436,4.872,0,1005,8.326368134466065,0,0.5650940838851517
2437,2437,4.874,0,988,-8.673631865533935,0,0.5536940089788305
2438,2438,4.876,0,966,-30.673631865533935,0,0.5425239164976945
2439,2439,4.878,0,966,-30.673631865533935,0,0.5315791668304842
2440,2440,4.88,0,992,-4.673631865533935,0,0.5208552139643647
2441,2441,4.882,0,1018,21.326368134466065,0,0.5103476035966927
2442,2442,4.884,0,1021,24.326368134466065,0,0.5000519712848771
2443,2443,4.886,0,997,0.3263681344660654,0,0.48996404063356314
2444,2444,4.888,0,971,-25.673631865533935,0,0.48007962151838857
2445,2445,4.89,0,965,-31.673631865533935,0,0.47039460834557273
2446,2446,4.892,0,981,-15.673631865533935,0,0.4609049783466166
2447,2447,4.894,0,1005,8.326368134466065,0,0.45160678990740494
2448,2448,4.896,0,1009,12.326368134466065,0,0.44249618093101717
2449,2449,4.898,0,999,2.3263681344660654,0,0.43356936723356587
2450,2450,4.9,0,986,-10.673631865533935,0,0.4248226409723978
2451,2451,4.902,0,985,-11.673631865533935,0,0.4162523691060039
2452,2452,4.904,0,990,-6.673631865533935,0,0.4078549918849984
2453,2453,4.906,0,998,1.3263681344660654,0,0.39962702137354106
2454,2454,4.908,0,995,-1.6736318655339346,0,0.3915650400005874
2455,2455,4.91,0,987,-9.673631865533935,0,0.38366569914036597
2456,2456,4.912,0,984,-12.673631865533935,0,0.3759257177214927
2457,2457,4.914,0,990,-6.673631865533935,0,0.36834188086414454
2458,2458,4.916,0,995,-1.6736318655339346,0,0.3609110385447266
2459,2459,4.918,0,994,-2.6736318655339346,0,0.3536301042874777
2460,2460,4.92,0,988,-8.673631865533935,0,0.34649605388247157
2461,2461,4.922,0,993,-3.6736318655339346,0,0.3395059241294804
2462,2462,4.924,0,1001,4.326368134466065,0,0.3326568116071796
2463,2463,4.926,0,1002,5.326368134466065,0,0.32594587146718235
2464,2464,4.928,0,992,-4.673631865533935,0,0.31937031625240286
2465,2465,4.93,0,986,-10.673631865533935,0,0.3129274147392579
2466,2466,4.932,0,989,-7.673631865533935,0,0.3066144908032253
2467,2467,4.934,0,993,-3.6736318655339346,0,0.3004289223072884
2468,2468,4.936,0,994,-2.6736318655339346,0,0.294368140012805
2469,2469,4.938,0,997,0.3263681344660654,0,0.2884296265123478
2470,2470,4.94,0,1003,6.326368134466065,0,0.28261091518407405
2471,2471,4.942,0,1006,9.326368134466065,0,0.2769095891671886
2472,2472,4.944,0,1001,4.326368134466065,0,0.2713232803580768
2473,2473,4.946,0,990,-6.673631865533935,0,0.26584966842668817
2474,2474,4.948,0,982,-14.673631865533935,0,0.26048647985276413
2475,2475,4.95,0,982,-14.673631865533935,0,0.25523148698150805
2476,2476,4.952,0,990,-6.673631865533935,0,0.2500825070983063
2477,2477,4.954,0,998,1.3263681344660654,0,0.2450374015221157
2478,2478,4.956,0,1004,7.326368134466065,0,0.2400940747171404
2479,2479,4.958,0,1006,9.326368134466065,0,0.23525047342243002
2480,2480,4.96,0,1006,9.326368134466065,0,0.23050458579903685
2481,2481,4.962,0,1002,5.326368134466065,0,0.2258544405943781
2482,2482,4.964,0,994,-2.6736318655339346,0,0.2212981063234561
2483,2483,4.966,0,984,-12.673631865533935,0,0.21683369046659645
2484,2484,4.968,0,983,-13.673631865533935,0,0.2124593386833708
2485,2485,4.97,0,989,-7.673631865533935,0,0.2081732340423777
2486,2486,4.972,0,998,1.3263681344660654,0,0.20397359626656164
2487,2487,4.974,0,1002,5.326368134466065,0,0.19985868099375706
2488,2488,4.976,0,999,2.3263681344660654,0,0.19582677905214968
2489,2489,4.978,0,991,-5.673631865533935,0,0.1918762157503547
2490,2490,4.98,0,987,-9.673631865533935,0,0.1880053501818168
2491,2491,4.982,0,990,-6.673631865533935,0,0.18421257454324286
2492,2492,4.984,0,997,0.3263681344660654,0,0.18049631346678455
2493,2493,4.986,0,1004,7.326368134466065,0,0.1768550233656934
2494,2494,4.988,0,1009,12.326368134466065,0,0.17328719179317625
2495,2495,4.99,0,1007,10.326368134466065,0,0.16979133681418526
2496,2496,4.992,0,1006,9.326368134466065,0,0.16636600638988103
2497,2497,4.994,0,1000,3.3263681344660654,0,0.16300977777451364
2498,2498,4.996,0,995,-1.6736318655339346,0,0.1597212569244707
2499,2499,4.998,0,993,-3.6736318655339346,0,0.1564990779192472
2500,2500,5.0,0,994,-2.6736318655339346,0,0.15334190239409656
2501,2501,5.002,0,993,-3.6736318655339346,0,0.15024841898412727
2502,2502,5.004,0,993,-3.6736318655339346,0,0.1472173427796142
2503,2503,5.006,0,993,-3.6736318655339346,0,0.14424741479229827
2504,2504,5.008,0,995,-1.6736318655339346,0,0.14133740143245285
2505,2505,5.01,0,997,0.3263681344660654,0,0.1384860939964999
2506,2506,5.012,0,996,-0.6736318655339346,0,0.1356923081649625
2507,2507,5.014,0,993,-3.6736318655339346,0,0.13295488351054585
2508,2508,5.016,0,992,-4.673631865533935,0,0.130272683016142
2509,2509,5.018,0,994,-2.6736318655339346,0,0.12764459260255825
2510,2510,5.02,0,998,1.3263681344660654,0,0.125069520665773
2511,2511,5.022,0,1002,5.326368134466065,0,0.12254639762352704
2512,2512,5.024,0,1003,6.326368134466065,0,0.1200741754710616
2513,2513,5.026,0,1001,4.326368134466065,0,0.11765182734581903
2514,2514,5.028,0,994,-2.6736318655339346,0,0.11527834710092497
2515,2515,5.03,0,992,-4.673631865533935,0,0.11295274888727505
2516,2516,5.032,0,994,-2.6736318655339346,0,0.11067406674405245
2517,2517,5.034,0,1002,5.326368134466065,0,0.10844135419750627
2518,2518,5.036,0,1009,12.326368134466065,0,0.10625368386782408
2519,2519,5.038,0,1009,12.326368134466065,0,0.10411014708393526
2520,2520,5.04,0,1003,6.326368134466065,0,0.10200985350608531
2521,2521,5.042,0,991,-5.673631865533935,0,0.09995193075602414
2522,2522,5.044,0,987,-9.673631865533935,0,0.09793552405465494
2523,2523,5.046,0,988,-8.673631865533935,0,0.095959795866993
2524,2524,5.048,0,992,-4.673631865533935,0,0.09402392555428708
2525,2525,5.05,0,995,-1.6736318655339346,0,0.09212710903315874
2526,2526,5.052,0,993,-3.6736318655339346,0,0.09026855844161816
2527,2527,5.054,0,993,-3.6736318655339346,0,0.08844750181181768
2528,2528,5.056,0,996,-0.6736318655339346,0,0.08666318274940712
2529,2529,5.058,0,998,1.3263681344660654,0,0.08491486011935771
2530,2530,5.06,0,997,0.3263681344660654,0,0.08320180773812413
2531,2531,5.062,0,998,1.3263681344660654,0,0.0815233140720168
2532,2532,5.064,0,997,0.3263681344660654,0,0.07987868194165913
2533,2533,5.066,0,998,1.3263681344660654,0,0.07826722823240707
2534,2534,5.068,0,998,1.3263681344660654,0,0.07668828361061039
2535,2535,5.07,0,997,0.3263681344660654,0,0.07514119224559825
2536,2536,5.072,0,995,-1.6736318655339346,0,0.07362531153727322
2537,2537,5.074,0,995,-1.6736318655339346,0,0.07214001184920087
2538,2538,5.076,0,995,-1.6736318655339346,0,0.0706846762470838
2539,2539,5.078,0,996,-0.6736318655339346,0,0.06925870024251181
2540,2540,5.08,0,998,1.3263681344660654,0,0.06786149154188144
2541,2541,5.082,0,1000,3.3263681344660654,0,0.06649246980038084
2542,2542,5.084,0,1000,3.3263681344660654,0,0.06515106638093768
2543,2543,5.086,0,1001,4.326368134466065,0,0.06383672411802992
2544,2544,5.088,0,1003,6.326368134466065,0,0.0625488970862615
2545,2545,5.09,0,1000,3.3263681344660654,0,0.0612870503736067
2546,2546,5.092,0,996,-0.6736318655339346,0,0.06005065985922892
2547,2547,5.094,0,994,-2.6736318655339346,0,0.05883921199578188
2548,2548,5.096,0,994,-2.6736318655339346,0,0.05765220359610245
2549,2549,5.098,0,999,2.3263681344660654,0,0.05648914162420676
2550,2550,5.1,0,1000,3.3263681344660654,0,0.05534954299050274
2551,2551,5.102,0,995,-1.6736318655339346,0,0.054232934351133896
2552,2552,5.104,0,987,-9.673631865533935,0,0.05313885191137121
2553,2553,5.106,0,984,-12.673631865533935,0,0.052066841232971214
2554,2554,5.108,0,988,-8.673631865533935,0,0.05101645704542052
2555,2555,5.11,0,995,-1.6736318655339346,0,0.04998726306098816
2556,2556,5.112,0,1000,3.3263681344660654,0,0.04897883179350905
2557,2557,5.114,0,1003,6.326368134466065,0,0.047990744380823284
2558,2558,5.116,0,999,2.3263681344660654,0,0.04702259041079749
2559,2559,5.118,0,996,-0.6736318655339346,0,0.04607396775085596
2560,2560,5.12,0,994,-2.6736318655339346,0,0.04514448238095084
2561,2561,5.122,0,993,-3.6736318655339346,0,0.04423374822990187
2562,2562,5.124,0,995,-1.6736318655339346,0,0.04334138701503783
2563,2563,5.126,0,1000,3.3263681344660654,0,0.04246702808507297
2564,2564,5.128,0,1001,4.326368134466065,0,0.04161030826615327
2565,2565,5.13,0,999,2.3263681344660654,0,0.04077087171100846
2566,2566,5.132,0,996,-0.6736318655339346,0,0.03994836975114725
2567,2567,5.134,0,992,-4.673631865533935,0,0.03914246075203436
2568,2568,5.136,0,993,-3.6736318655339346,0,0.03835280997118913
2569,2569,5.138,0,995,-1.6736318655339346,0,0.037579089419146824
2570,2570,5.14,0,998,1.3263681344660654,0,0.0368209777232249
2571,2571,5.142,0,999,2.3263681344660654,0,0.036078159994037594
2572,2572,5.144,0,1002,5.326368134466065,0,0.035350327694703414
2573,2573,5.146,0,1003,6.326368134466065,0,0.03463717851269123
2574,2574,5.148,0,1003,6.326368134466065,0,0.03393841623425167
2575,2575,5.15,0,1000,3.3263681344660654,0,0.03325375062138178
2576,2576,5.152,0,994,-2.6736318655339346,0,0.03258289729127166
2577,2577,5.154,0,988,-8.673631865533935,0,0.03192557759818324
2578,2578,5.156,0,986,-10.673631865533935,0,0.03128151851771191
2579,2579,5.158,0,988,-8.673631865533935,0,0.03065045253338306
2580,2580,5.16,0,992,-4.673631865533935,0,0.03003211752553643
2581,2581,5.162,0,993,-3.6736318655339346,0,0.029426256662452008
2582,2582,5.164,0,993,-3.6736318655339346,0,0.0288326182936724
2583,2583,5.166,0,996,-0.6736318655339346,0,0.02825095584547725
2584,2584,5.168,0,1001,4.326368134466065,0,0.027681027718466332
2585,2585,5.17,0,1004,7.326368134466065,0,0.027122597187208806
2586,2586,5.172,0,1005,8.326368134466065,0,0.02657543230191689
2587,2587,5.174,0,997,0.3263681344660654,0,0.02603930579210318
2588,2588,5.176,0,988,-8.673631865533935,0,0.025513994972181535
2589,2589,5.178,0,987,-9.673631865533935,0,0.024999281648972357
2590,2590,5.18,0,989,-7.673631865533935,0,0.024494952031073845
2591,2591,5.182,0,999,2.3263681344660654,0,0.024000796640061575
2592,2592,5.184,0,1005,8.326368134466065,0,0.023516610223479492
2593,2593,5.186,0,1005,8.326368134466065,0,0.02304219166958624
2594,2594,5.188,0,1000,3.3263681344660654,0,0.02257734392382134
2595,2595,5.19,0,996,-0.6736318655339346,0,0.02212187390695659
2596,2596,5.192,0,994,-2.6736318655339346,0,0.02167559243489865
2597,2597,5.194,0,992,-4.673631865533935,0,0.0212383141401095
2598,2598,5.196,0,993,-3.6736318655339346,0,0.020809857394612167
2599,2599,5.198,0,994,-2.6736318655339346,0,0.020390044234549678
2600,2600,5.2,0,993,-3.6736318655339346,0,0.019978700286265992
2601,2601,5.202,0,995,-1.6736318655339346,0,0.019575654693878116
2602,2602,5.204,0,998,1.3263681344660654,0,0.01918074004830939
2603,2603,5.206,0,998,1.3263681344660654,0,0.018793792317754413
2604,2604,5.208,0,1000,3.3263681344660654,0,0.01841465077954679
2605,2605,5.21,0,998,1.3263681344660654,0,0.01804315795340132
2606,2606,5.212,0,995,-1.6736318655339346,0,0.017679159536002978
2607,2607,5.214,0,991,-5.673631865533935,0,0.01732250433691546
2608,2608,5.216,0,986,-10.673631865533935,0,0.0169730442157827
2609,2609,5.218,0,984,-12.673631865533935,0,0.016630634020797275
2610,2610,5.22,0,987,-9.673631865533935,0,0.016295131528410122
2611,2611,5.222,0,995,-1.6736318655339346,0,0.01596639738425655
2612,2612,5.224,0,1003,6.326368134466065,0,0.01564429504527399
2613,2613,5.226,0,1010,13.326368134466065,0,0.015328690722987436
2614,2614,5.228,0,1012,15.326368134466065,0,0.015019453327939069
2615,2615,5.23,0,1007,10.326368134466065,0,0.014716454415238896
2616,2616,5.232,0,999,2.3263681344660654,0,0.014419568131213875
2617,2617,5.234,0,992,-4.673631865533935,0,0.014128671161133314
2618,2618,5.236,0,987,-9.673631865533935,0,0.01384364267798884
2619,2619,5.238,0,988,-8.673631865533935,0,0.013564364292307682
2620,2620,5.24,0,991,-5.673631865533935,0,0.013290720002978396
2621,2621,5.242,0,991,-5.673631865533935,0,0.01302259614906863
2622,2622,5.244,0,993,-3.6736318655339346,0,0.0127598813626149
2623,2623,5.246,0,996,-0.6736318655339346,0,0.012502466522364784
2624,2624,5.248,0,1001,4.326368134466065,0,0.012250244708452289
2625,2625,5.25,0,1002,5.326368134466065,0,0.012003111157987611
2626,2626,5.252,0,1000,3.3263681344660654,0,0.011760963221542802
2627,2627,5.254,0,997,0.3263681344660654,0,0.011523700320515287
2628,2628,5.256,0,996,-0.6736318655339346,0,0.01129122390535152
2629,2629,5.258,0,994,-2.6736318655339346,0,0.011063437414613434
2630,2630,5.26,0,993,-3.6736318655339346,0,0.010840246234870659
2631,2631,5.262,0,994,-2.6736318655339346,0,0.010621557661401876
2632,2632,5.264,0,994,-2.6736318655339346,0,0.010407280859688976
2633,2633,5.266,0,997,0.3263681344660654,0,0.010197326827688013
2634,2634,5.268,0,998,1.3263681344660654,0,0.00999160835886131
2635,2635,5.27,0,1001,4.326368134466065,0,0.009790040005955328
2636,2636,5.272,0,999,2.3263681344660654,0,0.009592538045509295
2637,2637,5.274,0,996,-0.6736318655339346,0,0.009399020443079808
2638,2638,5.276,0,993,-3.6736318655339346,0,0.009209406819166996
2639,2639,5.278,0,989,-7.673631865533935,0,0.009023618415828081
2640,2640,5.28,0,990,-6.673631865533935,0,0.008841578063964467
2641,2641,5.282,0,993,-3.6736318655339346,0,0.00866321015126877
2642,2642,5.284,0,1000,3.3263681344660654,0,0.00848844059081848
2643,2643,5.286,0,1002,5.326368134466065,0,0.00831719679030321
2644,2644,5.288,0,1000,3.3263681344660654,0,0.008149407621872735
2645,2645,5.29,0,995,-1.6736318655339346,0,0.007985003392593322
2646,2646,5.292,0,990,-6.673631865533935,0,0.007823915815500064
2647,2647,5.294,0,990,-6.673631865533935,0,0.007666077981233196
2648,2648,5.296,0,993,-3.6736318655339346,0,0.0075114243302466105
2649,2649,5.298,0,994,-2.6736318655339346,0,0.007359890625577038
2650,2650,5.3,0,997,0.3263681344660654,0,0.00721141392616257
2651,2651,5.302,0,996,-0.6736318655339346,0,0.007065932560699453
2652,2652,5.304,0,999,2.3263681344660654,0,0.006923386102026282
2653,2653,5.306,0,999,2.3263681344660654,0,0.006783715342024972
2654,2654,5.308,0,997,0.3263681344660654,0,0.006646862267028061
2655,2655,5.31,0,992,-4.673631865533935,0,0.006512770033722146
2656,2656,5.312,0,992,-4.673631865533935,0,0.006381382945537435
2657,2657,5.314,0,992,-4.673631865533935,0,0.006252646429513614
2658,2658,5.316,0,996,-0.6736318655339346,0,0.006126507013632409
2659,2659,5.318,0,999,2.3263681344660654,0,0.006002912304607449
2660,2660,5.32,0,1004,7.326368134466065,0,0.005881810966122173
2661,2661,5.322,0,1007,10.326368134466065,0,0.005763152697506779
2662,2662,5.324,0,1007,10.326368134466065,0,0.005646888212845323
2663,2663,5.326,0,1000,3.3263681344660654,0,0.005532969220504319
2664,2664,5.328,0,991,-5.673631865533935,0,0.005421348403074316
2665,2665,5.33,0,984,-12.673631865533935,0,0.005311979397716134
2666,2666,5.332,0,984,-12.673631865533935,0,0.005204816776903585
2667,2667,5.334,0,985,-11.673631865533935,0,0.005099816029554693
2668,2668,5.336,0,993,-3.6736318655339346,0,0.004996933542543562
2669,2669,5.338,0,1001,4.326368134466065,0,0.00489612658258522
2670,2670,5.34,0,1004,7.326368134466065,0,0.0047973532784859226
2671,2671,5.342,0,1000,3.3263681344660654,0,0.004700572603751518
2672,2672,5.344,0,996,-0.6736318655339346,0,0.0046057443595466825
2673,2673,5.346,0,993,-3.6736318655339346,0,0.004512829157997926
2674,2674,5.348,0,991,-5.673631865533935,0,0.004421788405833437
2675,2675,5.35,0,992,-4.673631865533935,0,0.0043325842883529765
2676,2676,5.352,0,994,-2.6736318655339346,0,0.00424517975372116
2677,2677,5.354,0,993,-3.6736318655339346,0,0.004159538497577598
2678,2678,5.356,0,993,-3.6736318655339346,0,0.004075624947957516
2679,2679,5.358,0,995,-1.6736318655339346,0,0.003993404250516574
2680,2680,5.36,0,998,1.3263681344660654,0,0.003912842254053764
2681,2681,5.362,0,1002,5.326368134466065,0,0.0038339054963263592
2682,2682,5.364,0,1002,5.326368134466065,0,0.0037565611901510354
2683,2683,5.366,0,1004,7.326368134466065,0,0.003680777209785379
2684,2684,5.368,0,1000,3.3263681344660654,0,0.0036065220775841336
2685,2685,5.37,0,997,0.3263681344660654,0,0.0035337649509246437
2686,2686,5.372,0,997,0.3263681344660654,0,0.003462475609396055
2687,2687,5.374,0,999,2.3263681344660654,1,0.024605055694985053
2688,2688,5.376,0,996,-0.6736318655339346,1,0.045299073953513
2689,2689,5.378,0,992,-4.673631865533935,1,0.06555404709069329
2690,2690,5.38,0,985,-11.673631865533935,1,0.08537928990542921
2691,2691,5.382,1,981,-15.673631865533935,1,0.10478391957347694
2692,2692,5.384,1,983,-13.673631865533935,1,0.12377685984022611
2693,2693,5.386,1,987,-9.673631865533935,1,0.14236684512452633
2694,2694,5.388,1,988,-8.673631865533935,1,0.16056242453544653
2695,2695,5.39,1,991,-5.673631865533935,1,0.17837196580381476
2696,2696,5.392,1,996,-0.6736318655339346,1,0.19580365913034625
2697,2697,5.394,1,1002,5.326368134466065,1,0.21286552095212935
2698,2698,5.396,1,1006,9.326368134466065,1,0.2295653976292016
2699,2699,5.398,1,1002,5.326368134466065,1,0.24591096905291138
2700,2700,5.4,1,992,-4.673631865533935,1,0.26190975217772405
2701,2701,5.402,1,984,-12.673631865533935,1,0.27756910447809774
2702,2702,5.404,1,985,-11.673631865533935,1,0.29289622733201726
2703,2703,5.406,1,993,-3.6736318655339346,1,0.3078981693327433
2704,2704,5.408,1,996,-0.6736318655339346,1,0.3225818295302992
2705,2705,5.41,1,997,0.3263681344660654,1,0.33695396060418636
2706,2706,5.412,1,988,-8.673631865533935,1,0.3510211719687871
2707,2707,5.414,1,984,-12.673631865533935,1,0.364789932812883
2708,2708,5.416,1,986,-10.673631865533935,1,0.3782665750746871
2709,2709,5.418,1,986,-10.673631865533935,1,0.39145729635375714
2710,2710,5.42,1,990,-6.673631865533935,1,0.4043681627611304
2711,2711,5.422,1,994,-2.6736318655339346,1,0.41700511170898885
2712,2712,5.424,1,1001,4.326368134466065,1,0.4293739546411396
2713,2713,5.426,1,1000,3.3263681344660654,1,0.4414803797055648
2714,2714,5.428,1,985,-11.673631865533935,1,0.4533299543702709
2715,2715,5.43,1,977,-19.673631865533935,1,0.46492812798363986
2716,2716,5.432,1,987,-9.673631865533935,1,0.4762802342804598
2717,2717,5.434,1,1011,14.326368134466065,1,0.4873914938347876
2718,2718,5.436,1,1023,26.326368134466065,1,0.49826701646077165
2719,2719,5.438,1,1006,9.326368134466065,1,0.5089118035625384
2720,2720,5.44,1,979,-17.673631865533935,1,0.5193307504342237
2721,2721,5.442,0,964,-32.673631865533935,1,0.5295286485112067
2722,2722,5.444,0,970,-26.673631865533935,1,0.5395101875735815
2723,2723,5.446,0,986,-10.673631865533935,1,0.5492799579028795
2724,2724,5.448,0,1004,7.326368134466065,1,0.5588424523930351
2725,2725,5.45,0,1021,24.326368134466065,1,0.5682020686165646
2726,2726,5.452,0,1028,31.326368134466065,1,0.5773631108469098
2727,2727,5.454,0,1019,22.326368134466065,1,0.5863297920378742
2728,2728,5.456,0,995,-1.6736318655339346,1,0.5951062357610645
2729,2729,5.458,0,969,-27.673631865533935,1,0.6036964781022268
2730,2730,5.46,0,959,-37.673631865533935,1,0.6121044695173503
2731,2731,5.462,0,972,-24.673631865533935,1,0.6203340766493913
2732,2732,5.464,0,996,-0.6736318655339346,1,0.6283890841064542
2733,2733,5.466,0,1018,21.326368134466065,1,0.636273196202246
2734,2734,5.468,0,1028,31.326368134466065,1,0.6439900386596055
2735,2735,5.47,0,1018,21.326368134466065,1,0.6515431602778903
2736,2736,5.472,0,991,-5.673631865533935,1,0.6589360345649886
2737,2737,5.474,0,975,-21.673631865533935,0,0.6456428142557811
2738,2738,5.476,0,983,-13.673631865533935,0,0.632617768241072
2739,2739,5.478,0,1004,7.326368134466065,0,0.6198554864358289
2740,2740,5.48,0,1017,20.326368134466065,0,0.6073506678967999
2741,2741,5.482,0,1005,8.326368134466065,0,0.5950981186207135
2742,2742,5.484,0,983,-13.673631865533935,0,0.5830927493868961
2743,2743,5.486,0,979,-17.673631865533935,0,0.5713295736434134
2744,2744,5.488,0,997,0.3263681344660654,0,0.5598037054358546
2745,2745,5.49,0,1016,19.326368134466065,0,0.5485103573779019
2746,2746,5.492,0,1018,21.326368134466065,0,0.5374448386628413
2747,2747,5.494,0,1010,13.326368134466065,0,0.5266025531151884
2748,2748,5.496,0,1000,3.3263681344660654,0,0.5159789972816199
2749,2749,5.498,0,996,-0.6736318655339346,0,0.5055697585604187
2750,2750,5.5,0,994,-2.6736318655339346,0,0.49537051336865545
2751,2751,5.502,0,993,-3.6736318655339346,0,0.4853770253463437
2752,2752,5.504,0,993,-3.6736318655339346,0,0.4755851435968255
2753,2753,5.506,0,1000,3.3263681344660654,0,0.4659908009626541
2754,2754,5.508,0,1010,13.326368134466065,0,0.4565900123362586
2755,2755,5.51,0,1016,19.326368134466065,0,0.4473788730046896
2756,2756,5.512,0,1011,14.326368134466065,0,0.43835355702775647
2757,2757,5.514,0,1001,4.326368134466065,0,0.42951031564888476
2758,2758,5.516,0,999,2.3263681344660654,0,0.42084547573803177
2759,2759,5.518,0,1004,7.326368134466065,0,0.41235543826601495
2760,2760,5.52,0,1004,7.326368134466065,0,0.4040366768096184
2761,2761,5.522,0,990,-6.673631865533935,0,0.3958857360868575
2762,2762,5.524,0,979,-17.673631865533935,0,0.3878992305217921
2763,2763,5.526,0,988,-8.673631865533935,0,0.3800738428382935
2764,2764,5.528,0,1010,13.326368134466065,0,0.37240632268217994
2765,2765,5.53,0,1024,27.326368134466065,0,0.36489348527114923
2766,2766,5.532,0,1023,26.326368134466065,0,0.3575322100719469
2767,2767,5.534,0,1010,13.326368134466065,0,0.3503194395042211
2768,2768,5.536,0,993,-3.6736318655339346,0,0.34325217767052574
2769,2769,5.538,0,989,-7.673631865533935,0,0.33632748911194377
2770,2770,5.54,0,990,-6.673631865533935,0,0.32954249758881476
2771,2771,5.542,0,995,-1.6736318655339346,0,0.3228943848860596
2772,2772,5.544,0,997,0.3263681344660654,0,0.31638038964260606
2773,2773,5.546,0,997,0.3263681344660654,0,0.3099978062044297
2774,2774,5.548,0,998,1.3263681344660654,0,0.3037439835007328
2775,2775,5.55,0,1000,3.3263681344660654,0,0.2976163239427953
2776,2776,5.552,0,1003,6.326368134466065,0,0.29161228234504005
2777,2777,5.554,0,1005,8.326368134466065,0,0.285729364867864
2778,2778,5.556,0,1003,6.326368134466065,0,0.2799651279817966
2779,2779,5.558,0,994,-2.6736318655339346,0,0.2743171774525553
2780,2780,5.56,0,988,-8.673631865533935,0,0.26878316734657565
2781,2781,5.562,0,992,-4.673631865533935,0,0.2633607990566043
2782,2782,5.564,0,999,2.3263681344660654,0,0.2580478203469491
2783,2783,5.566,0,1001,4.326368134466065,0,0.2528420244179901
2784,2784,5.568,0,1001,4.326368134466065,0,0.24774124898956282
2785,2785,5.57,0,996,-0.6736318655339346,0,0.2427433754028335
2786,2786,5.572,0,998,1.3263681344660654,0,0.23784632774029243
2787,2787,5.574,0,1003,6.326368134466065,0,0.2330480719635007
2788,2788,5.576,0,1002,5.326368134466065,0,0.22834661506823153
2789,2789,5.578,0,998,1.3263681344660654,0,0.22374000425665594
2790,2790,5.58,0,991,-5.673631865533935,0,0.2192263261262282
2791,2791,5.582,0,993,-3.6736318655339346,0,0.2148037058749347
2792,2792,5.584,0,997,0.3263681344660654,0,0.21047030652257598
2793,2793,5.586,0,998,1.3263681344660654,0,0.2062243281477583
2794,2794,5.588,0,997,0.3263681344660654,0,0.202064007140278
2795,2795,5.59,0,996,-0.6736318655339346,0,0.19798761546858823
2796,2796,5.592,0,994,-2.6736318655339346,0,0.1939934599620433
2797,2797,5.594,0,992,-4.673631865533935,0,0.19007988160762332
2798,2798,5.596,0,986,-10.673631865533935,0,0.1862452548608461
2799,2799,5.598,0,986,-10.673631865533935,0,0.18248798697058083
2800,2800,5.6,0,990,-6.673631865533935,0,0.17880651731748284
2801,2801,5.602,0,995,-1.6736318655339346,0,0.17519931676577433
2802,2802,5.604,0,1002,5.326368134466065,0,0.17166488702810245
2803,2803,5.606,0,1004,7.326368134466065,0,0.16820176004321036
2804,2804,5.608,0,998,1.3263681344660654,0,0.16480849736616315
2805,2805,5.61,0,993,-3.6736318655339346,0,0.1614836895708751
2806,2806,5.612,0,988,-8.673631865533935,0,0.1582259556646903
2807,2807,5.614,0,992,-4.673631865533935,0,0.15503394251477326
2808,2808,5.616,0,997,0.3263681344660654,0,0.1519063242860715
2809,2809,5.618,0,998,1.3263681344660654,0,0.14884180189061658
2810,2810,5.62,0,996,-0.6736318655339346,0,0.14583910244793455
2811,2811,5.622,0,993,-3.6736318655339346,0,0.14289697875634233
2812,2812,5.624,0,995,-1.6736318655339346,0,0.1400142087749097
2813,2813,5.626,0,996,-0.6736318655339346,0,0.1371895951158722
2814,2814,5.628,0,994,-2.6736318655339346,0,0.1344219645472841
2815,2815,5.63,0,992,-4.673631865533935,0,0.1317101675057045
2816,2816,5.632,0,990,-6.673631865533935,0,0.12905307761871443
2817,2817,5.634,0,994,-2.6736318655339346,0,0.1264495912370668
2818,2818,5.636,0,1002,5.326368134466065,0,0.12389862697627438
2819,2819,5.638,0,1008,11.326368134466065,0,0.12139912526744576
2820,2820,5.64,0,1005,8.326368134466065,0,0.11895004791718274
2821,2821,5.642,0,996,-0.6736318655339346,0,0.1165503776763561
2822,2822,5.644,0,986,-10.673631865533935,0,0.11419911781758092
2823,2823,5.646,0,980,-16.673631865533935,0,0.11189529172121566
2824,2824,5.648,0,980,-16.673631865533935,0,0.10963794246971337
2825,2825,5.65,0,985,-11.673631865533935,0,0.10742613245015617
2826,2826,5.652,0,995,-1.6736318655339346,0,0.10525894296480834
2827,2827,5.654,0,1003,6.326368134466065,0,0.10313547384952577
2828,2828,5.656,0,1004,7.326368134466065,0,0.10105484309986376
2829,2829,5.658,0,995,-1.6736318655339346,0,0.09901618650472743
2830,2830,5.66,0,988,-8.673631865533935,0,0.09701865728741292
2831,2831,5.662,0,986,-10.673631865533935,0,0.09506142575389008
2832,2832,5.664,0,992,-4.673631865533935,0,0.09314367894818065
2833,2833,5.666,0,999,2.3263681344660654,0,0.09126462031468874
2834,2834,5.668,0,1003,6.326368134466065,0,0.08942346936734336
2835,2835,5.67,0,1001,4.326368134466065,0,0.08761946136541562
2836,2836,5.672,0,993,-3.6736318655339346,0,0.08585184699587593
2837,2837,5.674,0,991,-5.673631865533935,0,0.08411989206215921
2838,2838,5.676,0,993,-3.6736318655339346,0,0.0824228771792089
2839,2839,5.678,0,997,0.3263681344660654,0,0.08076009747467307
2840,2840,5.68,0,998,1.3263681344660654,0,0.07913086229612855
2841,2841,5.682,0,997,0.3263681344660654,0,0.07753449492421143
2842,2842,5.684,0,998,1.3263681344660654,0,0.07597033229153478
2843,2843,5.686,0,994,-2.6736318655339346,0,0.07443772470727696
2844,2844,5.688,0,995,-1.6736318655339346,0,0.07293603558732584
2845,2845,5.69,0,993,-3.6736318655339346,0,0.07146464118986721
2846,2846,5.692,0,994,-2.6736318655339346,0,0.07002293035630727
2847,2847,5.694,0,995,-1.6736318655339346,0,0.06861030425742166
2848,2848,5.696,0,994,-2.6736318655339346,0,0.06722617614462574
2849,2849,5.698,0,992,-4.673631865533935,0,0.06586997110626254
2850,2850,5.7,0,991,-5.673631865533935,0,0.06454112582880742
2851,2851,5.702,0,993,-3.6736318655339346,0,0.06323908836289006
2852,2852,5.704,0,995,-1.6736318655339346,0,0.06196331789403671
2853,2853,5.706,0,996,-0.6736318655339346,0,0.06071328451803736
2854,2854,5.708,0,999,2.3263681344660654,0,0.05948846902084471
2855,2855,5.71,0,1000,3.3263681344660654,0,0.05828836266291329
2856,2856,5.712,0,998,1.3263681344660654,0,0.05711246696788938
2857,2857,5.714,0,995,-1.6736318655339346,0,0.055960293515563767
2858,2858,5.716,0,996,-0.6736318655339346,0,0.05483136373900145
2859,2859,5.718,0,997,0.3263681344660654,0,0.053725208725764036
2860,2860,5.72,0,997,0.3263681344660654,0,0.052641369023142176
2861,2861,5.722,0,997,0.3263681344660654,0,0.05157939444731723
2862,2862,5.724,0,996,-0.6736318655339346,0,0.05053884389637285
2863,2863,5.726,0,993,-3.6736318655339346,0,0.049519285167078805
2864,2864,5.728,0,990,-6.673631865533935,0,0.048520294775371016
2865,2865,5.73,0,992,-4.673631865533935,0,0.04754145778045313
2866,2866,5.732,0,996,-0.6736318655339346,0,0.046582367612446655
2867,2867,5.734,0,999,2.3263681344660654,0,0.04564262590351804
2868,2868,5.736,0,1000,3.3263681344660654,0,0.04472184232241253
2869,2869,5.738,0,996,-0.6736318655339346,0,0.04381963441232617
2870,2870,5.74,0,994,-2.6736318655339346,0,0.04293562743204843
2871,2871,5.742,0,992,-4.673631865533935,0,0.04206945420030967
2872,2872,5.744,0,991,-5.673631865533935,0,0.04122075494326869
2873,2873,5.746,0,993,-3.6736318655339346,0,0.040389177145076983
2874,2874,5.748,0,993,-3.6736318655339346,0,0.039574375401457716
2875,2875,5.75,0,996,-0.6736318655339346,0,0.03877601127623855
2876,2876,5.752,0,999,2.3263681344660654,0,0.037993753160778757
2877,2877,5.754,0,1001,4.326368134466065,0,0.037227276136232196
2878,2878,5.756,0,1000,3.3263681344660654,0,0.036476261838588965
2879,2879,5.758,0,998,1.3263681344660654,0,0.035740398326439694
2880,2880,5.76,0,996,-0.6736318655339346,0,0.03501937995140751
2881,2881,5.762,0,995,-1.6736318655339346,0,0.03431290723119389
2882,2882,5.764,0,992,-4.673631865533935,0,0.03362068672518561
2883,2883,5.766,0,992,-4.673631865533935,0,0.03294243091257128
2884,2884,5.768,0,990,-6.673631865533935,0,0.03227785807291658
2885,2885,5.77,0,993,-3.6736318655339346,0,0.03162669216914888
2886,2886,5.772,0,995,-1.6736318655339346,0,0.030988662732902406
2887,2887,5.774,0,995,-1.6736318655339346,0,0.03036350475217647
2888,2888,5.776,0,997,0.3263681344660654,0,0.02975095856126005
2889,2889,5.778,0,997,0.3263681344660654,0,0.029150769732876995
2890,2890,5.78,0,998,1.3263681344660654,0,0.02856268897250708
2891,2891,5.782,0,999,2.3263681344660654,0,0.027986472014838993
2892,2892,5.784,0,1001,4.326368134466065,0,0.027421879522312263
2893,2893,5.786,0,1002,5.326368134466065,0,0.026868676985705966
2894,2894,5.788,0,998,1.3263681344660654,0,0.02632663462673296
2895,2895,5.79,0,994,-2.6736318655339346,0,0.025795527302599118
2896,2896,5.792,0,988,-8.673631865533935,0,0.025275134412488007
2897,2897,5.794,0,987,-9.673631865533935,0,0.02476523980593208
2898,2898,5.796,0,988,-8.673631865533935,0,0.024265631693032398
2899,2899,5.798,0,992,-4.673631865533935,0,0.023776102556489546
2900,2900,5.8,0,995,-1.6736318655339346,0,0.02329644906540921
2901,2901,5.802,0,1001,4.326368134466065,0,0.022826471990846635
2902,2902,5.804,0,1005,8.326368134466065,0,0.02236597612305485
2903,2903,5.806,0,1007,10.326368134466065,0,0.021914770190402336
2904,2904,5.808,0,1003,6.326368134466065,0,0.021472666779926396
2905,2905,5.81,0,998,1.3263681344660654,0,0.021039482259489286
2906,2906,5.812,0,993,-3.6736318655339346,0,0.020615036701504746
2907,2907,5.814,0,988,-8.673631865533935,0,0.02019915380820325
2908,2908,5.816,0,989,-7.673631865533935,0,0.019791660838404928
2909,2909,5.818,0,989,-7.673631865533935,0,0.019392388535769786
2910,2910,5.82,0,990,-6.673631865533935,0,0.019001171058495345
2911,2911,5.822,0,995,-1.6736318655339346,0,0.018617845910432577
2912,2912,5.824,0,996,-0.6736318655339346,0,0.01824225387359148
2913,2913,5.826,0,994,-2.6736318655339346,0,0.017874238942008267
2914,2914,5.828,0,994,-2.6736318655339346,0,0.017513648256946714
2915,2915,5.83,0,994,-2.6736318655339346,0,0.017160332043406716
2916,2916,5.832,0,994,-2.6736318655339346,0,0.016814143547913742
2917,2917,5.834,0,998,1.3263681344660654,0,0.016474938977563275
2918,2918,5.836,0,1001,4.326368134466065,0,0.016142577440294972
2919,2919,5.838,0,1001,4.326368134466065,0,0.015816920886371724
2920,2920,5.84,0,997,0.3263681344660654,0,0.01549783405103929
2921,2921,5.842,0,995,-1.6736318655339346,0,0.01518518439834271
2922,2922,5.844,0,997,0.3263681344660654,0,0.014878842066076158
2923,2923,5.846,0,1001,4.326368134466065,0,0.014578679811843348
2924,2924,5.848,0,1001,4.326368134466065,0,0.014284572960206117
2925,2925,5.85,0,998,1.3263681344660654,0,0.013996399350899216
2926,2926,5.852,0,996,-0.6736318655339346,0,0.013714039288089806
2927,2927,5.854,0,993,-3.6736318655339346,0,0.01343737549066058
2928,2928,5.856,0,992,-4.673631865533935,0,0.013166293043495854
2929,2929,5.858,0,993,-3.6736318655339346,0,0.012900679349750416
2930,2930,5.86,0,994,-2.6736318655339346,0,0.012640424084081281
2931,2931,5.862,0,994,-2.6736318655339346,0,0.012385419146822937
2932,2932,5.864,0,990,-6.673631865533935,0,0.012135558619087059
2933,2933,5.866,0,987,-9.673631865533935,0,0.011890738718768014
2934,2934,5.868,0,990,-6.673631865533935,0,0.011650857757435918
2935,2935,5.87,0,995,-1.6736318655339346,0,0.011415816098099316
2936,2936,5.872,0,998,1.3263681344660654,0,0.011185516113819937
2937,2937,5.874,0,999,2.3263681344660654,0,0.010959862147162366
2938,2938,5.876,0,998,1.3263681344660654,0,0.01073876047046175
2939,2939,5.878,0,996,-0.6736318655339346,0,0.010522119246893061
2940,2940,5.88,0,995,-1.6736318655339346,0,0.01030984849232575
2941,2941,5.882,0,996,-0.6736318655339346,0,0.010101860037947904
2942,2942,5.884,0,996,-0.6736318655339346,0,0.009898067493644459
2943,2943,5.886,0,997,0.3263681344660654,0,0.009698386212114172
2944,2944,5.888,0,998,1.3263681344660654,0,0.009502733253710514
2945,2945,5.89,0,997,0.3263681344660654,0,0.009311027351991841
2946,2946,5.892,0,997,0.3263681344660654,0,0.00912318887996656
2947,2947,5.894,0,994,-2.6736318655339346,0,0.008939139817019241
2948,2948,5.896,0,993,-3.6736318655339346,0,0.00875880371650397
2949,2949,5.898,0,994,-2.6736318655339346,0,0.008582105673991453
2950,2950,5.9,0,996,-0.6736318655339346,0,0.008408972296156707
2951,2951,5.902,0,998,1.3263681344660654,0,0.008239331670294395
2952,2952,5.904,0,1000,3.3263681344660654,0,0.008073113334449154
2953,2953,5.906,0,1001,4.326368134466065,0,0.007910248248148505
2954,2954,5.908,0,1001,4.326368134466065,0,0.0077506687637261965
2955,2955,5.91,0,997,0.3263681344660654,0,0.0075943085982240555
2956,2956,5.912,0,992,-4.673631865533935,0,0.007441102805860692
2957,2957,5.914,0,989,-7.673631865533935,0,0.007290987751055607
2958,2958,5.916,0,993,-3.6736318655339346,0,0.007143901081997509
2959,2959,5.918,0,996,-0.6736318655339346,0,0.006999781704745856
2960,2960,5.92,0,999,2.3263681344660654,0,0.006858569757854871
2961,2961,5.922,0,997,0.3263681344660654,0,0.006720206587509478
2962,2962,5.924,0,993,-3.6736318655339346,0,0.006584634723162847
2963,2963,5.926,0,990,-6.673631865533935,0,0.006451797853665419
2964,2964,5.928,0,991,-5.673631865533935,0,0.0063216408038755
2965,2965,5.93,0,993,-3.6736318655339346,0,0.006194109511741703
2966,2966,5.932,0,994,-2.6736318655339346,0,0.0060691510058477295
2967,2967,5.934,0,995,-1.6736318655339346,0,0.005946713383410152
2968,2968,5.936,0,991,-5.673631865533935,0,0.005826745788720067
2969,2969,5.938,0,992,-4.673631865533935,0,0.005709198392019661
2970,2970,5.94,0,993,-3.6736318655339346,0,0.005594022368804913
2971,2971,5.942,0,1000,3.3263681344660654,0,0.005481169879545844
2972,2972,5.944,0,1004,7.326368134466065,0,0.005370594049815881
2973,2973,5.946,0,1006,9.326368134466065,0,0.005262248950822087
2974,2974,5.948,0,1002,5.326368134466065,0,0.0051560895803281735
2975,2975,5.95,0,997,0.3263681344660654,0,0.005052071843962365
2976,2976,5.952,0,994,-2.6736318655339346,0,0.004950152536902353
2977,2977,5.954,0,997,0.3263681344660654,0,0.004850289325929732
2978,2978,5.956,0,999,2.3263681344660654,0,0.0047524407318464724
2979,2979,5.958,0,1001,4.326368134466065,0,0.004656566112246114
2980,2980,5.96,0,1000,3.3263681344660654,0,0.004562625644632527
2981,2981,5.962,0,996,-0.6736318655339346,0,0.004470580309879236
2982,2982,5.964,0,993,-3.6736318655339346,0,0.004380391876022431
2983,2983,5.966,0,991,-5.673631865533935,0,0.00429202288238093
2984,2984,5.968,0,987,-9.673631865533935,0,0.004205436623996509
2985,2985,5.97,0,988,-8.673631865533935,0,0.004120597136388122
2986,2986,5.972,0,991,-5.673631865533935,0,0.004037469180613692
2987,2987,5.974,0,994,-2.6736318655339346,0,0.0039560182286332525
2988,2988,5.976,0,996,-0.6736318655339346,0,0.003876210448967385
2989,2989,5.978,0,998,1.3263681344660654,0,0.0037980126926449634
2990,2990,5.98,0,999,2.3263681344660654,0,0.0037213924794343945
2991,2991,5.982,0,999,2.3263681344660654,0,0.0036463179843526255
2992,2992,5.984,0,996,-0.6736318655339346,0,0.0035727580244463127
2993,2993,5.986,0,995,-1.6736318655339346,0,0.003500682045839667
2994,2994,5.988,0,994,-2.6736318655339346,0,0.0034300601110435897
2995,2995,5.99,0,994,-2.6736318655339346,0,0.0033608628865208342
2996,2996,5.992,0,995,-1.6736318655339346,0,0.0032930616305020233
2997,2997,5.994,0,998,1.3263681344660654,0,0.0032266281810474627
2998,2998,5.996,0,999,2.3263681344660654,0,0.0031615349443497942
2999,2999,5.998,0,1000,3.3263681344660654,0,0.003097754883272629
3000,3000,6.0,0,1000,3.3263681344660654,0,0.003035261506120396
3001,3001,6.002,0,1001,4.326368134466065,0,0.0029740288556347498
3002,3002,6.004,0,999,2.3263681344660654,0,0.002914031498212959
3003,3003,6.006,0,996,-0.6736318655339346,0,0.0028552445133438005
3004,3004,6.008,0,992,-4.673631865533935,0,0.0027976434832565743
3005,3005,6.01,0,990,-6.673631865533935,0,0.002741204482778933
3006,3006,6.012,0,991,-5.673631865533935,0,0.002685904069399318
3007,3007,6.014,0,992,-4.673631865533935,0,0.002631719273529878
3008,3008,6.016,0,994,-2.6736318655339346,0,0.0025786275889658123
3009,3009,6.018,0,994,-2.6736318655339346,0,0.0025266069635371956
3010,3010,6.02,0,997,0.3263681344660654,0,0.0024756357899493814
3011,3011,6.022,0,999,2.3263681344660654,0,0.002425692896808195
3012,3012,6.024,0,998,1.3263681344660654,0,0.0023767575398261796
3013,3013,6.026,0,995,-1.6736318655339346,0,0.002328809393206246
3014,3014,6.028,0,993,-3.6736318655339346,0,0.0022818285411991468
3015,3015,6.03,0,993,-3.6736318655339346,0,0.002235795469831267
3016,3016,6.032,0,992,-4.673631865533935,0,0.0021906910587992973
3017,3017,6.034,0,995,-1.6736318655339346,0,0.0021464965735284234
3018,3018,6.036,0,997,0.3263681344660654,0,0.0021031936573907293
3019,3019,6.038,0,1002,5.326368134466065,0,0.0020607643240805845
3020,3020,6.04,0,1001,4.326368134466065,0,0.0020191909501438513
3021,3021,6.042,0,1003,6.326368134466065,0,0.001978456267657803
3022,3022,6.044,0,1005,8.326368134466065,0,0.0019385433570587183
3023,3023,6.046,0,1000,3.3263681344660654,0,0.0018994356401141673
3024,3024,6.048,0,995,-1.6736318655339346,0,0.0018611168730370755
3025,3025,6.05,0,990,-6.673631865533935,0,0.0018235711397387013
3026,3026,6.052,0,987,-9.673631865533935,0,0.0017867828452177274
3027,3027,6.054,0,988,-8.673631865533935,0,0.0017507367090827193
3028,3028,6.056,0,991,-5.673631865533935,0,0.0017154177592052585
3029,3029,6.058,0,995,-1.6736318655339346,0,0.0016808113255011175
3030,3030,6.06,0,998,1.3263681344660654,0,0.0016469030338368924
3031,3031,6.062,0,1001,4.326368134466065,0,0.001613678800059559
3032,3032,6.064,0,1002,5.326368134466065,0,0.0015811248241464784
3033,3033,6.066,0,1002,5.326368134466065,0,0.0015492275844734167
3034,3034,6.068,0,1001,4.326368134466065,0,0.0015179738321982018
3035,3035,6.07,0,998,1.3263681344660654,0,0.0014873505857576814
3036,3036,6.072,0,995,-1.6736318655339346,0,0.0014573451254757004
3037,3037,6.074,0,991,-5.673631865533935,0,0.0014279449882798531
3038,3038,6.076,0,989,-7.673631865533935,0,0.0013991379625248202
3039,3039,6.078,0,989,-7.673631865533935,0,0.0013709120829201377
3040,3040,6.08,0,989,-7.673631865533935,0,0.0013432556255602926
3041,3041,6.082,0,994,-2.6736318655339346,0,0.001316157103055079
3042,3042,6.084,0,999,2.3263681344660654,0,0.0012896052597581953
3043,3043,6.086,0,1003,6.326368134466065,0,0.0012635890670920954
3044,3044,6.088,0,1001,4.326368134466065,0,0.0012380977189671589
3045,3045,6.09,0,999,2.3263681344660654,0,0.001213120627293271
3046,3046,6.092,0,999,2.3263681344660654,0,0.0011886474175819524
3047,3047,6.094,0,999,2.3263681344660654,0,0.0011646679246372102
3048,3048,6.096,0,997,0.3263681344660654,0,0.00114117218833332
3049,3049,6.098,0,997,0.3263681344660654,0,0.0011181504494777875
3050,3050,6.1,0,995,-1.6736318655339346,0,0.001095593145757768
3051,3051,6.102,0,992,-4.673631865533935,0,0.0010734909077682634
3052,3052,6.104,0,991,-5.673631865533935,0,0.0010518345551204446
3053,3053,6.106,0,993,-3.6736318655339346,0,0.0010306150926284834
3054,3054,6.108,0,995,-1.6736318655339346,0,0.0010098237065733113
3055,3055,6.11,0,997,0.3263681344660654,0,0.000989451761041752
3056,3056,6.112,0,1000,3.3263681344660654,0,0.0009694907943395065
3057,3057,6.114,0,997,0.3263681344660654,0,0.0009499325154765031
3058,3058,6.116,0,996,-0.6736318655339346,0,0.0009307688007231502
3059,3059,6.118,0,993,-3.6736318655339346,0,0.0009119916902360632
3060,3060,6.12,0,993,-3.6736318655339346,0,0.0008935933847518623
3061,3061,6.122,0,996,-0.6736318655339346,0,0.0008755662423476697
3062,3062,6.124,0,997,0.3263681344660654,0,0.0008579027752669592
3063,3063,6.126,0,996,-0.6736318655339346,0,0.0008405956468094404
3064,3064,6.128,0,993,-3.6736318655339346,0,0.0008236376682836861
3065,3065,6.13,0,996,-0.6736318655339346,0,0.0008070217960212362
3066,3066,6.132,0,1000,3.3263681344660654,0,0.0007907411284509387
3067,3067,6.134,0,1005,8.326368134466065,0,0.0007747889032323115
3068,3068,6.136,0,1005,8.326368134466065,0,0.0007591584944467367
3069,3069,6.138,0,1003,6.326368134466065,0,0.000743843409845317
3070,3070,6.14,0,995,-1.6736318655339346,0,0.0007288372881522549
3071,3071,6.142,0,991,-5.673631865533935,0,0.000714133896422632
3072,3072,6.144,0,986,-10.673631865533935,0,0.0006997271274534922
3073,3073,6.146,0,985,-11.673631865533935,0,0.0006856109972471529
3074,3074,6.148,0,984,-12.673631865533935,0,0.0006717796425256909
3075,3075,6.15,0,989,-7.673631865533935,0,0.0006582273182955702
3076,3076,6.152,0,995,-1.6736318655339346,0,0.000644948395461401
3077,3077,6.154,0,999,2.3263681344660654,0,0.0006319373584878376
3078,3078,6.156,0,1002,5.326368134466065,0,0.0006191888031086447
3079,3079,6.158,0,1006,9.326368134466065,0,0.0006066974340819809
3080,3080,6.16,0,1008,11.326368134466065,0,0.0005944580629909659
3081,3081,6.162,0,1007,10.326368134466065,0,0.0005824656060886194
3082,3082,6.164,0,1004,7.326368134466065,0,0.0005707150821862747
3083,3083,6.166,0,997,0.3263681344660654,0,0.0005592016105845916
3084,3084,6.168,0,991,-5.673631865533935,0,0.0005479204090463086
3085,3085,6.17,0,988,-8.673631865533935,0,0.0005368667918098917
3086,3086,6.172,0,990,-6.673631865533935,0,0.0005260361676432565
3087,3087,6.174,0,993,-3.6736318655339346,0,0.0005154240379367525
3088,3088,6.176,0,993,-3.6736318655339346,0,0.0005050259948346206
3089,3089,6.178,0,991,-5.673631865533935,0,0.0004948377194041452
3090,3090,6.18,0,992,-4.673631865533935,0,0.00048485497984174176
3091,3091,6.182,0,991,-5.673631865533935,0,0.0004750736297152341
3092,3092,6.184,0,993,-3.6736318655339346,0,0.000465489606241592
3093,3093,6.186,0,999,2.3263681344660654,0,0.00045609892859941264
3094,3094,6.188,0,1003,6.326368134466065,0,0.00044689769627544634
3095,3095,6.19,0,1004,7.326368134466065,0,0.0004378820874444788
3096,3096,6.192,0,1003,6.326368134466065,0,0.00042904835738189704
3097,3097,6.194,0,999,2.3263681344660654,0,0.00042039283690828015
3098,3098,6.196,0,997,0.3263681344660654,0,0.00041191193086536834
3099,3099,6.198,0,996,-0.6736318655339346,0,0.00040360211662277755
3100,3100,6.2,0,996,-0.6736318655339346,0,0.0003954599426148391
3101,3101,6.202,0,996,-0.6736318655339346,0,0.0003874820269069569
3102,3102,6.204,0,993,-3.6736318655339346,0,0.0003796650557908865
3103,3103,6.206,0,991,-5.673631865533935,0,0.0003720057824083529
3104,3104,6.208,0,989,-7.673631865533935,0,0.00036450102540243497
3105,3105,6.21,0,989,-7.673631865533935,0,0.0003571476675961565
3106,3106,6.212,0,990,-6.673631865533935,0,0.00034994265469773516
3107,3107,6.214,0,995,-1.6736318655339346,0,0.00034288299403195145
3108,3108,6.216,0,1001,4.326368134466065,0,0.0003359657532971106
3109,3109,6.218,0,1007,10.326368134466065,0,0.00032918805934708135
3110,3110,6.22,0,1010,13.326368134466065,0,0.0003225470969979056
3111,3111,6.222,0,1006,9.326368134466065,0,0.0003160401078584831
3112,3112,6.224,0,1001,4.326368134466065,0,0.0003096643891848458
3113,3113,6.226,0,994,-2.6736318655339346,0,0.00030341729275754547
3114,3114,6.228,0,986,-10.673631865533935,0,0.00029729622378168937
3115,3115,6.23,0,983,-13.673631865533935,0,0.0002912986398091654
3116,3116,6.232,0,984,-12.673631865533935,0,0.00028542204968261064
3117,3117,6.234,0,990,-6.673631865533935,0,0.0002796640125006839
3118,3118,6.236,0,1000,3.3263681344660654,0,0.00027402213660421266
3119,3119,6.238,0,1003,6.326368134466065,0,0.0002684940785827928
3120,3120,6.24,0,1000,3.3263681344660654,0,0.00026307754230142974
3121,3121,6.242,0,996,-0.6736318655339346,0,0.00025777027794681524
3122,3122,6.244,0,994,-2.6736318655339346,0,0.00025257008109284465
3123,3123,6.246,0,998,1.3263681344660654,0,0.00024747479178498623
3124,3124,6.248,0,1002,5.326368134466065,0,0.000242482293643122
3125,3125,6.25,0,1004,7.326368134466065,0,0.00023759051298248782
3126,3126,6.252,0,1002,5.326368134466065,0,0.00023279741795234743
3127,3127,6.254,0,997,0.3263681344660654,0,0.0002281010176920426
3128,3128,6.256,0,991,-5.673631865533935,0,0.00022349936150406897
3129,3129,6.258,0,986,-10.673631865533935,0,0.000218990538043834
3130,3130,6.26,0,985,-11.673631865533935,0,0.00021457267452576064
3131,3131,6.262,0,986,-10.673631865533935,0,0.0002102439359454068
3132,3132,6.264,0,991,-5.673631865533935,0,0.0002060025243172777
3133,3133,6.266,0,997,0.3263681344660654,0,0.00020184667792801425
3134,3134,6.268,0,1002,5.326368134466065,0,0.00019777467060464767
3135,3135,6.27,0,1005,8.326368134466065,0,0.0001937848109976159
3136,3136,6.272,0,1003,6.326368134466065,0,0.0001898754418782444
3137,3137,6.274,0,1002,5.326368134466065,0,0.00018604493945039956
3138,3138,6.276,0,1000,3.3263681344660654,0,0.00018229171267602828
3139,3139,6.278,0,997,0.3263681344660654,0,0.00017861420261430436
3140,3140,6.28,0,996,-0.6736318655339346,0,0.00017501088177410644
3141,3141,6.282,0,996,-0.6736318655339346,0,0.00017148025347955923
3142,3142,6.284,0,993,-3.6736318655339346,0,0.00016802085124837388
3143,3143,6.286,0,993,-3.6736318655339346,0,0.00016463123818272974
3144,3144,6.288,0,995,-1.6736318655339346,0,0.0001613100063724442
3145,3145,6.29,0,998,1.3263681344660654,0,0.00015805577631018298
3146,3146,6.292,0,997,0.3263681344660654,0,0.00015486719631846777
3147,3147,6.294,0,992,-4.673631865533935,0,0.00015174294198824317
3148,3148,6.296,0,989,-7.673631865533935,0,0.00014868171562877006
3149,3149,6.298,0,989,-7.673631865533935,0,0.00014568224572861655
3150,3150,6.3,0,994,-2.6736318655339346,0,0.00014274328642752278
3151,3151,6.302,0,999,2.3263681344660654,0,0.00013986361699892024
3152,3152,6.304,0,1000,3.3263681344660654,0,0.0001370420413428906
3153,3153,6.306,0,1003,6.326368134466065,0,0.00013427738748935346
3154,3154,6.308,0,1001,4.326368134466065,0,0.0001315685071112767
3155,3155,6.31,0,999,2.3263681344660654,0,0.00012891427504770718
3156,3156,6.312,0,997,0.3263681344660654,0,0.00012631358883642373
3157,3157,6.314,0,994,-2.6736318655339346,0,0.0001237653682560183
3158,3158,6.316,0,992,-4.673631865533935,0,0.00012126855487721501
3159,3159,6.318,0,993,-3.6736318655339346,0,0.00011882211162324077
3160,3160,6.32,0,997,0.3263681344660654,0,0.00011642502233906502
3161,3161,6.322,0,998,1.3263681344660654,0,0.00011407629136932934
3162,3162,6.324,0,999,2.3263681344660654,0,0.00011177494314479194
3163,3163,6.326,0,997,0.3263681344660654,0,0.00010952002177711505
3164,3164,6.328,0,995,-1.6736318655339346,0,0.000107310590661827
3165,3165,6.33,0,993,-3.6736318655339346,0,0.00010514573208929408
3166,3166,6.332,0,994,-2.6736318655339346,0,0.00010302454686354049
3167,3167,6.334,0,993,-3.6736318655339346,0,0.00010094615392875821
3168,3168,6.336,1,994,-2.6736318655339346,0,9.890969000335148e-05
3169,3169,6.338,1,998,1.3263681344660654,0,9.691430922136405e-05
3170,3170,6.34,1,1002,5.326368134466065,0,9.495918278114021e-05
3171,3171,6.342,1,1002,5.326368134466065,1,0.02130898463193814
3172,3172,6.344,1,1002,5.326368134466065,1,0.04207293246633517
3173,3173,6.346,1,996,-0.6736318655339346,1,0.06239635155069824
3174,3174,6.348,1,992,-4.673631865533935,1,0.08228858816065635
3175,3175,6.35,1,987,-9.673631865533935,1,0.1017587902808799
3176,3176,6.352,1,987,-9.673631865533935,1,0.12081591181202965
3177,3177,6.354,1,990,-6.673631865533935,1,0.1394687166884508
3178,3178,6.356,1,998,1.3263681344660654,1,0.15772578290850597
3179,3179,6.358,1,1006,9.326368134466065,1,0.17559550647940053
3180,3180,6.36,1,1005,8.326368134466065,1,0.1930861052783142
3181,3181,6.362,1,996,-0.6736318655339346,1,0.21020562283161492
3182,3182,6.364,1,991,-5.673631865533935,1,0.22696193201389253
3183,3183,6.366,1,992,-4.673631865533935,1,0.24336273866851385
3184,3184,6.368,1,997,0.3263681344660654,1,0.25941558515136376
3185,3185,6.37,1,996,-0.6736318655339346,1,0.27512785379940224
3186,3186,6.372,1,990,-6.673631865533935,1,0.29050677032563216
3187,3187,6.374,1,983,-13.673631865533935,1,0.30555940714203955
3188,3188,6.376,1,983,-13.673631865533935,1,0.32029268661203414
3189,3189,6.378,1,991,-5.673631865533935,1,0.33471338423388586
3190,3190,6.38,1,1000,3.3263681344660654,1,0.34882813175662164
3191,3191,6.382,1,1000,3.3263681344660654,1,0.3626434202298151
3192,3192,6.384,1,991,-5.673631865533935,1,0.3761656029886717
3193,3193,6.386,1,986,-10.673631865533935,1,0.38940089857578236
3194,3194,6.388,1,987,-9.673631865533935,1,0.402355393600889
3195,3195,6.39,1,991,-5.673631865533935,1,0.4150350455399773
3196,3196,6.392,1,995,-1.6736318655339346,1,0.4274456854749832
3197,3197,6.394,1,995,-1.6736318655339346,1,0.4395930207753746
3198,3198,6.396,1,997,0.3263681344660654,1,0.4514826377228399
3199,3199,6.398,1,999,2.3263681344660654,1,0.4631200040802911
3200,3200,6.4,1,999,2.3263681344660654,1,0.47451047160636284
3201,3201,6.402,1,995,-1.6736318655339346,1,0.48565927851656415
3202,3202,6.404,1,990,-6.673631865533935,1,0.4965715518922136
3203,3203,6.406,1,993,-3.6736318655339346,1,0.5072523100382668
3204,3204,6.408,1,1002,5.326368134466065,1,0.5177064647911203
3205,3205,6.41,1,1001,4.326368134466065,1,0.5279388237774526
3206,3206,6.412,1,989,-7.673631865533935,1,0.5379540926251418
3207,3207,6.414,1,977,-19.673631865533935,1,0.5477568771272762
3208,3208,6.416,1,977,-19.673631865533935,1,0.5573516853602531
3209,3209,6.418,1,981,-15.673631865533935,1,0.5667429297569404
3210,3210,6.42,1,987,-9.673631865533935,1,0.575934929135853
3211,3211,6.422,1,995,-1.6736318655339346,1,0.5849319106872792
3212,3212,6.424,1,1004,7.326368134466065,1,0.5937380119172686
3213,3213,6.426,1,1011,14.326368134466065,1,0.6023572825503762
3214,3214,6.428,1,1007,10.326368134466065,1,0.6107936863920389
3215,3215,6.43,1,1003,6.326368134466065,1,0.6190511031514381
3216,3216,6.432,1,999,2.3263681344660654,1,0.6271333302256897
3217,3217,6.434,1,997,0.3263681344660654,1,0.6350440844461803
3218,3218,6.436,1,994,-2.6736318655339346,1,0.6427870037878525
3219,3219,6.438,1,993,-3.6736318655339346,1,0.6503656490422265
3220,3220,6.44,1,990,-6.673631865533935,1,0.6577835054549271
3221,3221,6.442,1,987,-9.673631865533935,1,0.665043984328468
3222,3222,6.444,1,982,-14.673631865533935,1,0.6721504245910319
3223,3223,6.446,1,978,-18.673631865533935,1,0.6791060943319673
3224,3224,6.448,1,979,-17.673631865533935,1,0.6859141923047082
3225,3225,6.45,1,993,-3.6736318655339346,1,0.692577849397807
3226,3226,6.452,1,1008,11.326368134466065,1,0.6991001300747595
3227,3227,6.454,1,1018,21.326368134466065,1,0.7054840337832806
3228,3228,6.456,1,1017,20.326368134466065,1,0.7117324963346827
3229,3229,6.458,1,1005,8.326368134466065,1,0.7178483912539873
3230,3230,6.46,1,988,-8.673631865533935,1,0.7238345311013937
3231,3231,6.462,1,981,-15.673631865533935,1,0.7296936687657115
3232,3232,6.464,1,990,-6.673631865533935,1,0.7354284987303508
3233,3233,6.466,1,1004,7.326368134466065,1,0.7410416583124535
3234,3234,6.468,1,1006,9.326368134466065,1,0.7465357288757354
3235,3235,6.47,1,997,0.3263681344660654,1,0.7519132370175962
3236,3236,6.472,1,986,-10.673631865533935,1,0.7571766557310435
3237,3237,6.474,1,983,-13.673631865533935,1,0.7623284055419666
3238,3238,6.476,1,988,-8.673631865533935,1,0.7673708556222798
3239,3239,6.478,1,999,2.3263681344660654,1,0.7723063248794517
3240,3240,6.48,1,1009,12.326368134466065,1,0.7771370830229166
3241,3241,6.482,1,1015,18.326368134466065,1,0.7818653516078626
3242,3242,6.484,1,1003,6.326368134466065,1,0.7864933050568739
3243,3243,6.486,1,982,-14.673631865533935,1,0.7910230716598976
3244,3244,6.488,1,969,-27.673631865533935,1,0.7954567345529963
3245,3245,6.49,1,979,-17.673631865533935,1,0.7997963326763341
3246,3246,6.492,1,1002,5.326368134466065,1,0.804043861711839
3247,3247,6.494,1,1013,16.326368134466065,1,0.8082012750009709
3248,3248,6.496,1,1008,11.326368134466065,1,0.8122704844430194
3249,3249,6.498,1,996,-0.6736318655339346,1,0.8162533613743417
3250,3250,6.5,1,998,1.3263681344660654,1,0.8201517374289478
3251,3251,6.502,1,1005,8.326368134466065,1,0.8239674053808272
3252,3252,6.504,1,1007,10.326368134466065,1,0.8277021199684047
3253,3253,6.506,1,1000,3.3263681344660654,1,0.8313575987015039
3254,3254,6.508,1,1000,3.3263681344660654,1,0.8349355226511915
3255,3255,6.51,1,1003,6.326368134466065,1,0.8384375372228627
3256,3256,6.512,1,998,1.3263681344660654,1,0.8418652529129261
3257,3257,6.514,1,980,-16.673631865533935,1,0.8452202460494338
3258,3258,6.516,1,962,-34.673631865533935,1,0.8485040595169987
3259,3259,6.518,1,959,-37.673631865533935,1,0.8517182034663319
3260,3260,6.52,1,983,-13.673631865533935,1,0.8548641560087263
3261,3261,6.522,1,1023,26.326368134466065,1,0.8579433638958067
3262,3262,6.524,1,1050,53.326368134466065,1,0.860957243184857
3263,3263,6.526,1,1045,48.326368134466065,1,0.8639071798900332
3264,3264,6.528,1,1016,19.326368134466065,1,0.8667945306197593
3265,3265,6.53,1,985,-11.673631865533935,1,0.8696206232006006
3266,3266,6.532,1,967,-29.673631865533935,1,0.8723867572879007
3267,3267,6.534,1,965,-31.673631865533935,1,0.8750942049634634
3268,3268,6.536,1,975,-21.673631865533935,1,0.8777442113205537
3269,3269,6.538,1,991,-5.673631865533935,1,0.8803379950364882
3270,3270,6.54,1,1005,8.326368134466065,1,0.8828767489330767
3271,3271,6.542,1,1013,16.326368134466065,1,0.8853616405251733
3272,3272,6.544,1,1017,20.326368134466065,1,0.8877938125575905
3273,3273,6.546,1,1004,7.326368134466065,1,0.8901743835306208
3274,3274,6.548,1,989,-7.673631865533935,1,0.8925044482144098
3275,3275,6.55,1,983,-13.673631865533935,1,0.8947850781524156
3276,3276,6.552,1,993,-3.6736318655339346,1,0.8970173221541875
3277,3277,6.554,1,1011,14.326368134466065,1,0.8992022067776893
3278,3278,6.556,1,1015,18.326368134466065,1,0.9013407368013896
3279,3279,6.558,1,1001,4.326368134466065,1,0.9034338956863371
3280,3280,6.56,1,984,-12.673631865533935,1,0.9054826460284313
3281,3281,6.562,1,979,-17.673631865533935,1,0.9074879300010984
3282,3282,6.564,1,989,-7.673631865533935,1,0.9094506697885755
3283,3283,6.566,1,1003,6.326368134466065,1,0.9113717680100019
3284,3284,6.568,1,1010,13.326368134466065,1,0.9132521081345131
3285,3285,6.57,1,1011,14.326368134466065,1,0.9150925548875278
3286,3286,6.572,1,1003,6.326368134466065,1,0.9168939546484158
3287,3287,6.574,1,994,-2.6736318655339346,1,0.9186571358397282
3288,3288,6.576,1,986,-10.673631865533935,1,0.9203829093081698
3289,3289,6.578,1,984,-12.673631865533935,1,0.9220720686974894
3290,3290,6.58,1,995,-1.6736318655339346,1,0.923725390813458
3291,3291,6.582,1,1008,11.326368134466065,1,0.9253436359811044
3292,3292,6.584,1,1010,13.326368134466065,1,0.9269275483943711
3293,3293,6.586,1,998,1.3263681344660654,1,0.928477856458352
3294,3294,6.588,1,979,-17.673631865533935,1,0.9299952731242693
3295,3295,6.59,1,982,-14.673631865533935,1,0.9314804962173435
3296,3296,6.592,1,999,2.3263681344660654,1,0.9329342087577073
3297,3297,6.594,1,1010,13.326368134466065,1,0.9343570792745106
3298,3298,6.596,1,1002,5.326368134466065,1,0.9357497621133624
3299,3299,6.598,1,997,0.3263681344660654,1,0.9371128977372487
3300,3300,6.6,1,1002,5.326368134466065,1,0.9384471130210674
3301,3301,6.602,1,1005,8.326368134466065,1,0.9397530215399134
3302,3302,6.604,1,994,-2.6736318655339346,1,0.9410312238512474
3303,3303,6.606,1,979,-17.673631865533935,1,0.9422823077710792
3304,3304,6.608,1,978,-18.673631865533935,1,0.9435068486442908
3305,3305,6.61,1,995,-1.6736318655339346,1,0.9447054096092237
3306,3306,6.612,1,1013,16.326368134466065,1,0.9458785418566538
3307,3307,6.614,1,1015,18.326368134466065,1,0.9470267848832716
3308,3308,6.616,1,1005,8.326368134466065,1,0.9481506667397842
3309,3309,6.618,1,995,-1.6736318655339346,1,0.9492507042737535
3310,3310,6.62,1,1000,3.3263681344660654,1,0.9503274033672828
3311,3311,6.622,1,1004,7.326368134466065,1,0.9513812591696608
3312,3312,6.624,1,992,-4.673631865533935,1,0.9524127563250685
3313,3313,6.626,1,971,-25.673631865533935,1,0.9534223691954569
3314,3314,6.628,1,961,-35.673631865533935,1,0.9544105620786945
3315,3315,6.63,1,971,-25.673631865533935,1,0.9553777894220878
3316,3316,6.632,1,998,1.3263681344660654,1,0.9563244960313713
3317,3317,6.634,1,1027,30.326368134466065,1,0.9572511172752626
3318,3318,6.636,1,1043,46.326368134466065,1,0.9581580792856795
3319,3319,6.638,1,1040,43.326368134466065,1,0.9590457991537079
3320,3320,6.64,1,1019,22.326368134466065,1,0.9599146851214124
3321,3321,6.642,1,980,-16.673631865533935,1,0.9607651367695778
3322,3322,6.644,1,947,-49.673631865533935,1,0.9615975452014666
3323,3323,6.646,1,946,-50.673631865533935,1,0.9624122932226791
3324,3324,6.648,1,984,-12.673631865533935,1,0.9632097555171963
3325,3325,6.65,1,1024,27.326368134466065,1,0.9639902988196893
3326,3326,6.652,1,1032,35.326368134466065,1,0.9647542820841715
3327,3327,6.654,1,1006,9.326368134466065,1,0.9655020566490733
3328,3328,6.656,1,981,-15.673631865533935,1,0.9662339663988151
3329,3329,6.658,1,980,-16.673631865533935,1,0.9669503479219517
3330,3330,6.66,1,999,2.3263681344660654,1,0.9676515306659615
3331,3331,6.662,1,1012,15.326368134466065,1,0.9683378370887522
3332,3332,6.664,1,1004,7.326368134466065,1,0.9690095828069513
3333,3333,6.666,1,991,-5.673631865533935,1,0.9696670767410512
3334,3334,6.668,1,989,-7.673631865533935,1,0.9703106212574752
3335,3335,6.67,1,998,1.3263681344660654,1,0.9709405123076282
3336,3336,6.672,1,999,2.3263681344660654,1,0.9715570395639981
3337,3337,6.674,1,997,0.3263681344660654,1,0.9721604865533697
3338,3338,6.676,1,994,-2.6736318655339346,1,0.9727511307872124
3339,3339,6.678,1,995,-1.6736318655339346,1,0.973329243889301
3340,3340,6.68,1,999,2.3263681344660654,1,0.9738950917206293
3341,3341,6.682,1,1008,11.326368134466065,1,0.9744489345016736
3342,3342,6.684,1,1015,18.326368134466065,1,0.9749910269320623
3343,3343,6.686,1,1002,5.326368134466065,1,0.9755216183077062
3344,3344,6.688,1,970,-26.673631865533935,1,0.9760409526354441
3345,3345,6.69,1,955,-41.673631865533935,1,0.9765492687452557
3346,3346,6.692,1,974,-22.673631865533935,1,0.9770468004000945
3347,3347,6.694,1,1011,14.326368134466065,1,0.9775337764033898
3348,3348,6.696,1,1040,43.326368134466065,1,0.978010420704268
3349,3349,6.698,1,1042,45.326368134466065,1,0.978476952500542
3350,3350,6.7,1,1013,16.326368134466065,1,0.9789335863395151
3351,3351,6.702,1,976,-20.673631865533935,1,0.9793805322166463
3352,3352,6.704,1,957,-39.673631865533935,1,0.9798179956721227
3353,3353,6.706,1,970,-26.673631865533935,1,0.9802461778853824
3354,3354,6.708,1,1008,11.326368134466065,1,0.9806652757676324
3355,3355,6.71,1,1032,35.326368134466065,1,0.9810754820524038
3356,3356,6.712,1,1017,20.326368134466065,1,0.9814769853841854
3357,3357,6.714,1,982,-14.673631865533935,1,0.9818699704051768
3358,3358,6.716,1,965,-31.673631865533935,1,0.9822546178402014
3359,3359,6.718,1,988,-8.673631865533935,1,0.9826311045798175
3360,3360,6.72,1,1012,15.326368134466065,1,0.9829996037616662
3361,3361,6.722,1,1008,11.326368134466065,1,0.9833602848500933
3362,3362,6.724,1,987,-9.673631865533935,1,0.9837133137140825
3363,3363,6.726,1,980,-16.673631865533935,1,0.9840588527035345
3364,3364,6.728,1,988,-8.673631865533935,1,0.9843970607239277
3365,3365,6.73,1,1004,7.326368134466065,1,0.9847280933093958
3366,3366,6.732,1,1017,20.326368134466065,1,0.9850521026942538
3367,3367,6.734,1,1025,28.326368134466065,1,0.9853692378830077
3368,3368,6.736,1,1016,19.326368134466065,1,0.9856796447188776
3369,3369,6.738,1,986,-10.673631865533935,1,0.9859834659508682
3370,3370,6.74,1,963,-33.673631865533935,1,0.9862808412994155
3371,3371,6.742,1,967,-29.673631865533935,1,0.9865719075206413
3372,3372,6.744,1,987,-9.673631865533935,1,0.9868567984692437
3373,3373,6.746,1,1005,8.326368134466065,1,0.9871356451600545
3374,3374,6.748,1,1011,14.326368134466065,1,0.9874085758282892
3375,3375,6.75,1,1014,17.326368134466065,1,0.9876757159885203
3376,3376,6.752,1,1016,19.326368134466065,1,0.9879371884923978
3377,3377,6.754,1,1012,15.326368134466065,1,0.988193113585146
3378,3378,6.756,1,998,1.3263681344660654,1,0.9884436089608623
3379,3379,6.758,1,988,-8.673631865533935,1,0.9886887898166407
3380,3380,6.76,1,988,-8.673631865533935,1,0.9889287689055494
3381,3381,6.762,1,991,-5.673631865533935,1,0.9891636565884829
3382,3382,6.764,1,986,-10.673631865533935,1,0.9893935608849148
3383,3383,6.766,1,970,-26.673631865533935,1,0.9896185875225728
3384,3384,6.768,1,966,-30.673631865533935,1,0.989838839986061
3385,3385,6.77,1,983,-13.673631865533935,1,0.9900544195644503
3386,3386,6.772,1,1017,20.326368134466065,1,0.9902654253978582
3387,3387,6.774,1,1052,55.326368134466065,1,0.9904719545230417
3388,3388,6.776,1,1057,60.326368134466065,1,0.9906741019180221
3389,3389,6.778,1,1031,34.326368134466065,1,0.990871960545763
3390,3390,6.78,1,984,-12.673631865533935,1,0.9910656213969222
3391,3391,6.782,1,952,-44.673631865533935,1,0.9912551735316961
3392,3392,6.784,1,951,-45.673631865533935,1,0.9914407041207763
3393,3393,6.786,1,971,-25.673631865533935,1,0.9916222984854375
3394,3394,6.788,1,985,-11.673631865533935,1,0.9918000401367748
3395,3395,6.79,1,986,-10.673631865533935,1,0.9919740108141086
3396,3396,6.792,1,996,-0.6736318655339346,1,0.9921442905225748
3397,3397,6.794,1,1013,16.326368134466065,1,0.9923109575699167
3398,3398,6.796,1,1030,33.326368134466065,1,0.9924740886024976
3399,3399,6.798,1,1037,40.326368134466065,1,0.9926337586405487
3400,3400,6.8,1,1031,34.326368134466065,1,0.9927900411126686
3401,3401,6.802,1,1014,17.326368134466065,1,0.9929430078895919
3402,3402,6.804,1,981,-15.673631865533935,1,0.993092729317241
3403,3403,6.806,1,949,-47.673631865533935,1,0.9932392742490762
3404,3404,6.808,1,944,-52.673631865533935,1,0.9933827100777601
3405,3405,6.81,1,970,-26.673631865533935,1,0.99352310276615
3406,3406,6.812,1,1009,12.326368134466065,1,0.9936605168776321
3407,3407,6.814,1,1033,36.326368134466065,1,0.9937950156058138
3408,3408,6.816,1,1028,31.326368134466065,1,0.9939266608035842
3409,3409,6.818,1,1006,9.326368134466065,1,0.9940555130115587
3410,3410,6.82,1,993,-3.6736318655339346,1,0.994181631485921
3411,3411,6.822,1,993,-3.6736318655339346,1,0.9943050742256729
3412,3412,6.824,1,1000,3.3263681344660654,1,0.9944258979993074
3413,3413,6.826,1,995,-1.6736318655339346,1,0.9945441583709145
3414,3414,6.828,1,980,-16.673631865533935,1,0.9946599097257345
3415,3415,6.83,1,974,-22.673631865533935,1,0.9947732052951682
3416,3416,6.832,1,985,-11.673631865533935,1,0.9948840971812569
3417,3417,6.834,1,1003,6.326368134466065,1,0.9949926363806428
3418,3418,6.836,1,1006,9.326368134466065,1,0.9950988728080213
3419,3419,6.838,1,1005,8.326368134466065,1,0.9952028553190958
3420,3420,6.84,1,1013,16.326368134466065,1,0.9953046317330448
3421,3421,6.842,1,1024,27.326368134466065,0,0.9752255905964697
3422,3422,6.844,1,1020,23.326368134466065,0,0.9555516193049552
3423,3423,6.846,1,1000,3.3263681344660654,0,0.9362745460748858
3424,3424,6.848,1,978,-18.673631865533935,0,0.9173863639782831
3425,3425,6.85,1,967,-29.673631865533935,0,0.8988792276170473
3426,3426,6.852,1,964,-32.673631865533935,0,0.8807454498642914
3427,3427,6.854,1,965,-31.673631865533935,0,0.862977498671415
3428,3428,6.856,1,976,-20.673631865533935,0,0.8455679939395918
3429,3429,6.858,1,997,0.3263681344660654,0,0.82850970445437
3430,3430,6.86,1,1020,23.326368134466065,0,0.8117955448821146
3431,3431,6.862,1,1024,27.326368134466065,0,0.795418572827042
3432,3432,6.864,1,1007,10.326368134466065,0,0.7793719859476254
3433,3433,6.866,1,980,-16.673631865533935,0,0.7636491191311732
3434,3434,6.868,1,970,-26.673631865533935,0,0.748243441725407
3435,3435,6.87,1,982,-14.673631865533935,0,0.7331485548258887
3436,3436,6.872,1,1000,3.3263681344660654,0,0.7183581886181707
3437,3437,6.874,1,999,2.3263681344660654,0,0.7038661997735648
3438,3438,6.876,1,990,-6.673631865533935,0,0.6896665688974484
3439,3439,6.878,1,989,-7.673631865533935,0,0.6757533980290477
3440,3440,6.88,1,989,-7.673631865533935,0,0.6621209081916599
3441,3441,6.882,1,983,-13.673631865533935,0,0.6487634369922969
3442,3442,6.884,1,979,-17.673631865533935,0,0.6356754362697522
3443,3443,6.886,1,985,-11.673631865533935,0,0.6228514697901165
3444,3444,6.888,1,998,1.3263681344660654,0,0.6102862109887827
3445,3445,6.89,1,1009,12.326368134466065,0,0.5979744407580027
3446,3446,6.892,1,1003,6.326368134466065,0,0.5859110452790788
3447,3447,6.894,1,989,-7.673631865533935,0,0.5740910138982867
3448,3448,6.896,1,978,-18.673631865533935,0,0.5625094370456497
3449,3449,6.898,1,973,-23.673631865533935,0,0.5511615041956992
3450,3450,6.9,1,973,-23.673631865533935,0,0.5400425018693739
3451,3451,6.902,1,978,-18.673631865533935,0,0.5291478116762286
3452,3452,6.904,1,985,-11.673631865533935,0,0.5184729083961388
3453,3453,6.906,1,999,2.3263681344660654,0,0.5080133580997045
3454,3454,6.908,1,1011,14.326368134466065,0,0.4977648163065728
3455,3455,6.91,1,1012,15.326368134466065,0,0.48772302618091395
3456,3456,6.912,1,1007,10.326368134466065,0,0.4778838167633011
3457,3457,6.914,1,1006,9.326368134466065,0,0.46824310123826024
3458,3458,6.916,1,1008,11.326368134466065,0,0.4587968752367698
3459,3459,6.918,1,1004,7.326368134466065,0,0.4495412151730055
3460,3460,6.92,1,987,-9.673631865533935,0,0.44047227661463884
3461,3461,6.922,1,972,-24.673631865533935,0,0.43158629268601345
3462,3462,6.924,1,972,-24.673631865533935,0,0.422879572503535
3463,3463,6.926,1,986,-10.673631865533935,0,0.414348499642625
3464,3464,6.928,0,1002,5.326368134466065,0,0.4059895306356025
3465,3465,6.93,0,1011,14.326368134466065,0,0.39779919349986864
3466,3466,6.932,0,1012,15.326368134466065,0,0.3897740862957834
3467,3467,6.934,0,1004,7.326368134466065,0,0.3819108757136356
3468,3468,6.936,0,996,-0.6736318655339346,0,0.37420629568911873
3469,3469,6.938,0,991,-5.673631865533935,0,0.3666571460467382
3470,3470,6.94,0,996,-0.6736318655339346,0,0.3592602911705858
3471,3471,6.942,0,1001,4.326368134466065,0,0.35201265870192977
3472,3472,6.944,0,1000,3.3263681344660654,0,0.3449112382630797
3473,3473,6.946,0,998,1.3263681344660654,0,0.3379530802069952
3474,3474,6.948,0,994,-2.6736318655339346,0,0.33113529439212064
3475,3475,6.95,0,995,-1.6736318655339346,0,0.3244550489819349
3476,3476,6.952,0,1001,4.326368134466065,0,0.3179095692687197
3477,3477,6.954,0,1006,9.326368134466065,0,0.31149613652105657
3478,3478,6.956,0,1008,11.326368134466065,0,0.30521208685457407
3479,3479,6.958,0,1006,9.326368134466065,0,0.29905481012547647
3480,3480,6.96,0,1003,6.326368134466065,0,0.293021748846394
3481,3481,6.962,0,998,1.3263681344660654,0,0.2871103971241044
3482,3482,6.964,0,995,-1.6736318655339346,0,0.28131829961868504
3483,3483,6.966,0,997,0.3263681344660654,0,0.2756430505236623
3484,3484,6.968,0,1001,4.326368134466065,0,0.27008229256673544
3485,3485,6.97,0,1003,6.326368134466065,0,0.2646337160306599
3486,3486,6.972,0,1005,8.326368134466065,0,0.25929505779388246
3487,3487,6.974,0,1002,5.326368134466065,0,0.25406410039053096
3488,3488,6.976,0,996,-0.6736318655339346,0,0.24893867108936732
3489,3489,6.978,0,989,-7.673631865533935,0,0.24391664099132151
3490,3490,6.98,0,988,-8.673631865533935,0,0.23899592414523174
3491,3491,6.982,0,994,-2.6736318655339346,0,0.2341744766814235
3492,3492,6.984,0,1005,8.326368134466065,0,0.2294502959627675
3493,3493,6.986,0,1011,14.326368134466065,0,0.2248214197528641
3494,3494,6.988,0,1010,13.326368134466065,0,0.22028592540100847
3495,3495,6.99,0,1001,4.326368134466065,0,0.21584192904359806
3496,3496,6.992,0,994,-2.6736318655339346,0,0.21148758482165078
3497,3497,6.994,0,993,-3.6736318655339346,0,0.2072210841141088
3498,3498,6.996,0,990,-6.673631865533935,0,0.20304065478660932
3499,3499,6.998,0,994,-2.6736318655339346,0,0.19894456045541067
3500,3500,7.0,0,999,2.3263681344660654,0,0.19493109976616768
3501,3501,7.002,0,1006,9.326368134466065,0,0.19099860568725685
3502,3502,7.004,0,1008,11.326368134466065,0,0.18714544481735793
3503,3503,7.006,0,1005,8.326368134466065,0,0.183370016707004
3504,3504,7.008,0,1001,4.326368134466065,0,0.1796707531938187
3505,3505,7.01,0,998,1.3263681344660654,0,0.17604611775116386
3506,3506,7.012,0,995,-1.6736318655339346,0,0.17249460484992774
3507,3507,7.014,0,995,-1.6736318655339346,0,0.1690147393331882
3508,3508,7.016,0,992,-4.673631865533935,0,0.16560507580349126
3509,3509,7.018,0,992,-4.673631865533935,0,0.16226419802249065
3510,3510,7.02,0,993,-3.6736318655339346,0,0.15899071832269876
3511,3511,7.022,0,995,-1.6736318655339346,0,0.15578327703110498
3512,3512,7.024,0,995,-1.6736318655339346,0,0.15264054190442167
3513,3513,7.026,0,996,-0.6736318655339346,0,0.14956120757572336
3514,3514,7.028,0,998,1.3263681344660654,0,0.14654399501224935
3515,3515,7.03,0,999,2.3263681344660654,0,0.14358765098414458
3516,3516,7.032,0,1001,4.326368134466065,0,0.14069094754391773
3517,3517,7.034,0,1000,3.3263681344660654,0,0.1378526815164009
3518,3518,7.036,0,998,1.3263681344660654,0,0.13507167399899853
3519,3519,7.038,0,995,-1.6736318655339346,0,0.13234676987201824
3520,3520,7.04,0,993,-3.6736318655339346,0,0.12967683731888022
3521,3521,7.042,0,994,-2.6736318655339346,0,0.12706076735600563
3522,3522,7.044,0,996,-0.6736318655339346,0,0.12449747337218911
3523,3523,7.046,0,999,2.3263681344660654,0,0.12198589067726368
3524,3524,7.048,0,1000,3.3263681344660654,0,0.11952497605987095
3525,3525,7.05,0,997,0.3263681344660654,0,0.1171137073541527
3526,3526,7.052,0,995,-1.6736318655339346,0,0.11475108301518393
3527,3527,7.054,0,992,-4.673631865533935,0,0.1124361217029709
3528,3528,7.056,0,993,-3.6736318655339346,0,0.11016786187484177
3529,3529,7.058,0,994,-2.6736318655339346,0,0.10794536138605998
3530,3530,7.06,0,996,-0.6736318655339346,0,0.1057676970984949
3531,3531,7.062,0,998,1.3263681344660654,0,0.10363396449718705
3532,3532,7.064,0,998,1.3263681344660654,0,0.10154327731464864
3533,3533,7.066,0,997,0.3263681344660654,0,0.09949476716274336
3534,3534,7.068,0,997,0.3263681344660654,0,0.09748758317199256
3535,3535,7.07,0,999,2.3263681344660654,0,0.09552089163815798
3536,3536,7.072,0,1000,3.3263681344660654,0,0.09359387567595423
3537,3537,7.074,0,1001,4.326368134466065,0,0.09170573487974719
3538,3538,7.076,0,1001,4.326368134466065,0,0.08985568499109745
3539,3539,7.078,0,999,2.3263681344660654,0,0.08804295757301053
3540,3540,7.08,0,999,2.3263681344660654,0,0.08626679969075889
3541,3541,7.082,0,998,1.3263681344660654,0,0.08452647359914273
3542,3542,7.084,0,997,0.3263681344660654,0,0.0828212564360601
3543,3543,7.086,0,996,-0.6736318655339346,0,0.0811504399222588
3544,3544,7.088,0,998,1.3263681344660654,0,0.07951333006714538
3545,3545,7.09,0,996,-0.6736318655339346,0,0.0779092468805291
3546,3546,7.092,0,994,-2.6736318655339346,0,0.07633752409018112
3547,3547,7.094,0,993,-3.6736318655339346,0,0.07479750886509157
3548,3548,7.096,0,993,-3.6736318655339346,0,0.07328856154430954
3549,3549,7.098,0,995,-1.6736318655339346,0,0.07181005537125347
3550,3550,7.1,0,997,0.3263681344660654,0,0.07036137623338137
3551,3551,7.102,0,998,1.3263681344660654,0,0.068941922407113
3552,3552,7.104,0,998,1.3263681344660654,0,0.06755110430789785
3553,3553,7.106,0,996,-0.6736318655339346,0,0.06618834424532521
3554,3554,7.108,0,994,-2.6736318655339346,0,0.06485307618317464
3555,3555,7.11,0,998,1.3263681344660654,0,0.063544745504307
3556,3556,7.112,0,1004,7.326368134466065,0,0.06226280878029867
3557,3557,7.114,0,1008,11.326368134466065,0,0.06100673354572301
3558,3558,7.116,0,1008,11.326368134466065,0,0.05977599807698543
3559,3559,7.118,0,1003,6.326368134466065,0,0.05857009117562023
3560,3560,7.12,0,998,1.3263681344660654,0,0.05738851195595911
3561,3561,7.122,0,997,0.3263681344660654,0,0.05623076963708321
3562,3562,7.124,0,996,-0.6736318655339346,0,0.05509638333897232
3563,3563,7.126,0,996,-0.6736318655339346,0,0.05398488188276644
3564,3564,7.128,0,994,-2.6736318655339346,0,0.052895803595056884
3565,3565,7.13,0,994,-2.6736318655339346,0,0.05182869611612553
3566,3566,7.132,0,993,-3.6736318655339346,0,0.05078311621205265
3567,3567,7.134,0,992,-4.673631865533935,0,0.04975862959061515
3568,3568,7.136,0,994,-2.6736318655339346,0,0.04875481072089895
3569,3569,7.138,0,993,-3.6736318655339346,0,0.04777124265655035
3570,3570,7.14,0,994,-2.6736318655339346,0,0.04680751686259317
3571,3571,7.142,0,997,0.3263681344660654,0,0.045863233045739575
3572,3572,7.144,0,998,1.3263681344660654,0,0.04493799898812421
3573,3573,7.146,0,1000,3.3263681344660654,0,0.04403143038439251
3574,3574,7.148,0,1002,5.326368134466065,0,0.04314315068207561
3575,3575,7.15,0,1001,4.326368134466065,0,0.04227279092518542
3576,3576,7.152,0,999,2.3263681344660654,0,0.04141998960096502
3577,3577,7.154,0,997,0.3263681344660654,0,0.04058439248973068
3578,3578,7.156,0,997,0.3263681344660654,0,0.039765652517743104
3579,3579,7.158,0,997,0.3263681344660654,0,0.03896342961304685
3580,3580,7.16,0,998,1.3263681344660654,0,0.038177390564217976
3581,3581,7.162,0,1000,3.3263681344660654,0,0.03740720888196129
3582,3582,7.164,0,1000,3.3263681344660654,0,0.036652564663499726
3583,3583,7.166,0,1001,4.326368134466065,0,0.03591314445969947
3584,3584,7.168,0,999,2.3263681344660654,0,0.03518864114487567
3585,3585,7.17,0,997,0.3263681344660654,0,0.03447875378922469
3586,3586,7.172,0,1000,3.3263681344660654,0,0.03378318753382986
3587,3587,7.174,0,998,1.3263681344660654,0,0.0331016534681888
3588,3588,7.176,0,994,-2.6736318655339346,0,0.032433868510211544
3589,3589,7.178,0,991,-5.673631865533935,0,0.031779555288639516
3590,3590,7.18,0,991,-5.673631865533935,0,0.03113844202783656
3591,3591,7.182,0,992,-4.673631865533935,0,0.030510262434904168
3592,3592,7.184,0,996,-0.6736318655339346,0,0.02989475558907402
3593,3593,7.186,0,1000,3.3263681344660654,0,0.02929166583333191
3594,3594,7.188,0,1004,7.326368134466065,0,0.028700742668227988
3595,3595,7.19,0,1005,8.326368134466065,0,0.0281217406478293
3596,3596,7.192,0,1003,6.326368134466065,0,0.027554419277771303
3597,3597,7.194,0,998,1.3263681344660654,0,0.026998542915366106
3598,3598,7.196,0,994,-2.6736318655339346,0,0.026453880671725886
3599,3599,7.198,0,996,-0.6736318655339346,0,0.025920206315860835
3600,3600,7.2,0,996,-0.6736318655339346,0,0.02539729818071184
3601,3601,7.202,0,997,0.3263681344660654,0,0.024884939071078804
3602,3602,7.204,0,994,-2.6736318655339346,0,0.024382916173406433
3603,3603,7.206,0,995,-1.6736318655339346,0,0.023891020967389945
3604,3604,7.208,0,999,2.3263681344660654,0,0.023409049139364063
3605,3605,7.21,0,1002,5.326368134466065,0,0.022936800497439257
3606,3606,7.212,0,1002,5.326368134466065,0,0.022474078888350006
3607,3607,7.214,0,999,2.3263681344660654,0,0.02202069211598055
3608,3608,7.216,0,996,-0.6736318655339346,0,0.02157645186153429
3609,3609,7.218,0,994,-2.6736318655339346,0,0.021141173605313653
3610,3610,7.22,0,994,-2.6736318655339346,0,0.02071467655007798
3611,3611,7.222,0,995,-1.6736318655339346,0,0.02029678354594754
3612,3612,7.224,0,995,-1.6736318655339346,0,0.019887321016822536
3613,3613,7.226,0,994,-2.6736318655339346,0,0.019486118888286517
3614,3614,7.228,0,995,-1.6736318655339346,0,0.01909301051696424
3615,3615,7.23,0,996,-0.6736318655339346,0,0.01870783262130464
3616,3616,7.232,0,999,2.3263681344660654,0,0.018330425213760205
3617,3617,7.234,0,999,2.3263681344660654,0,0.017960631534334505
3618,3618,7.236,0,1002,5.326368134466065,0,0.017598297985470343
3619,3619,7.238,0,1002,5.326368134466065,0,0.017243274068251456
3620,3620,7.24,0,1002,5.326368134466065,0,0.016895412319891258
3621,3621,7.242,0,998,1.3263681344660654,0,0.016554568252482672
3622,3622,7.244,0,994,-2.6736318655339346,0,0.01622060029298362
3623,3623,7.246,0,991,-5.673631865533935,0,0.015893369724413218
3624,3624,7.248,0,993,-3.6736318655339346,0,0.015572740628234267
3625,3625,7.25,0,999,2.3263681344660654,0,0.015258579827898116
3626,3626,7.252,0,1006,9.326368134466065,0,0.014950756833528431
3627,3627,7.254,0,1007,10.326368134466065,0,0.014649143787720897
3628,3628,7.256,0,1004,7.326368134466065,0,0.014353615412436349
3629,3629,7.258,0,998,1.3263681344660654,0,0.014064048956965267
3630,3630,7.26,0,993,-3.6736318655339346,0,0.013780324146942023
3631,3631,7.262,0,992,-4.673631865533935,0,0.013502323134387706
3632,3632,7.264,0,995,-1.6736318655339346,0,0.013229930448760762
3633,3633,7.266,0,998,1.3263681344660654,0,0.012963032948995137
3634,3634,7.268,0,998,1.3263681344660654,0,0.01270151977650599
3635,3635,7.27,0,1000,3.3263681344660654,0,0.012445282309143444
3636,3636,7.272,0,998,1.3263681344660654,0,0.012194214116075288
3637,3637,7.274,0,995,-1.6736318655339346,0,0.011948210913579841
3638,3638,7.276,0,993,-3.6736318655339346,0,0.011707170521730653
3639,3639,7.278,0,992,-4.673631865533935,0,0.011470992821955035
3640,3640,7.28,0,993,-3.6736318655339346,0,0.011239579715448795
3641,3641,7.282,0,996,-0.6736318655339346,0,0.011012835082429904
3642,3642,7.284,0,1000,3.3263681344660654,0,0.010790664742214169
3643,3643,7.286,0,1001,4.326368134466065,0,0.010572976414096328
3644,3644,7.288,0,1002,5.326368134466065,0,0.010359679679020328
3645,3645,7.29,0,1005,8.326368134466065,0,0.010150685942022846
3646,3646,7.292,0,1003,6.326368134466065,0,0.009945908395434478
3647,3647,7.294,0,998,1.3263681344660654,0,0.009745261982823288
3648,3648,7.296,0,995,-1.6736318655339346,0,0.009548663363665758
3649,3649,7.298,0,995,-1.6736318655339346,0,0.009356030878730456
3650,3650,7.3,0,999,2.3263681344660654,0,0.009167284516160043
3651,3651,7.302,0,1000,3.3263681344660654,0,0.008982345878237543
3652,3652,7.304,0,1000,3.3263681344660654,0,0.008801138148823046
3653,3653,7.306,0,996,-0.6736318655339346,0,0.008623586061447351
3654,3654,7.308,0,995,-1.6736318655339346,0,0.008449615868049277
3655,3655,7.31,0,993,-3.6736318655339346,0,0.008279155308343649
3656,3656,7.312,0,992,-4.673631865533935,0,0.00811213357980726
3657,3657,7.314,0,995,-1.6736318655339346,0,0.007948481308270328
3658,3658,7.316,0,997,0.3263681344660654,0,0.007788130519101224
3659,3659,7.318,0,1003,6.326368134466065,0,0.007631014608972522
3660,3660,7.32,0,1005,8.326368134466065,0,0.007477068318196632
3661,3661,7.322,0,1004,7.326368134466065,0,0.007326227703619526
3662,3662,7.324,0,1001,4.326368134466065,0,0.007178430112061298
3663,3663,7.326,0,998,1.3263681344660654,0,0.007033614154292533
3664,3664,7.328,0,994,-2.6736318655339346,0,0.006891719679535667
3665,3665,7.33,0,992,-4.673631865533935,0,0.006752687750480747
3666,3666,7.332,0,993,-3.6736318655339346,0,0.0066164606188052295
3667,3667,7.334,0,996,-0.6736318655339346,0,0.006482981701187621
3668,3668,7.336,0,999,2.3263681344660654,0,0.006352195555805024
3669,3669,7.338,0,1002,5.326368134466065,0,0.006224047859304815
3670,3670,7.34,0,1001,4.326368134466065,0,0.0060984853842408855
3671,3671,7.342,0,998,1.3263681344660654,0,0.005975455976965085
3672,3672,7.344,0,994,-2.6736318655339346,0,0.0058549085359646735
3673,3673,7.346,0,994,-2.6736318655339346,0,0.005736792990636787
3674,3674,7.348,0,996,-0.6736318655339346,0,0.005621060280491108
3675,3675,7.35,0,998,1.3263681344660654,0,0.005507662334772092
3676,3676,7.352,0,999,2.3263681344660654,0,0.005396552052492289
3677,3677,7.354,0,1000,3.3263681344660654,0,0.005287683282868473
3678,3678,7.356,0,997,0.3263681344660654,0,0.005181010806152447
3679,3679,7.358,0,998,1.3263681344660654,0,0.005076490314848556
3680,3680,7.36,0,997,0.3263681344660654,0,0.004974078395310128
3681,3681,7.362,0,998,1.3263681344660654,0,0.004873732509707167
3682,3682,7.364,0,1000,3.3263681344660654,0,0.0047754109783578365
3683,3683,7.366,0,1002,5.326368134466065,0,0.004679072962416384
3684,3684,7.368,0,1001,4.326368134466065,0,0.004584678446910307
3685,3685,7.37,0,999,2.3263681344660654,0,0.004492188224119732
3686,3686,7.372,0,994,-2.6736318655339346,0,0.004401563877292085
3687,3687,7.374,0,993,-3.6736318655339346,0,0.004312767764685311
3688,3688,7.376,0,996,-0.6736318655339346,0,0.004225763003932989
3689,3689,7.378,0,997,0.3263681344660654,0,0.004140513456724868
3690,3690,7.38,0,1002,5.326368134466065,0,0.0040569837137964535
3691,3691,7.382,0,1004,7.326368134466065,0,0.00397513908022141
3692,3692,7.384,0,1001,4.326368134466065,0,0.0038949455610006725
3693,3693,7.386,0,996,-0.6736318655339346,0,0.0038163698469422763
3694,3694,7.388,0,992,-4.673631865533935,0,0.003739379300826048
3695,3695,7.39,0,991,-5.673631865533935,0,0.0036639419438474034
3696,3696,7.392,0,994,-2.6736318655339346,0,0.003590026442334629
3697,3697,7.394,0,998,1.3263681344660654,0,0.003517602094734121
3698,3698,7.396,0,999,2.3263681344660654,0,0.0034466388188581845
3699,3699,7.398,0,999,2.3263681344660654,0,0.0033771071393900918
3700,3700,7.4,0,995,-1.6736318655339346,0,0.0033089781756412097
3701,3701,7.402,0,993,-3.6736318655339346,0,0.0032422236295551127
3702,3702,7.404,0,995,-1.6736318655339346,0,0.0031768157739536992
3703,3703,7.406,0,998,1.3263681344660654,0,0.003112727441020425
3704,3704,7.408,0,1002,5.326368134466065,0,0.0030499320110158766
3705,3705,7.41,0,1002,5.326368134466065,0,0.0029884034012209906
3706,3706,7.412,0,1004,7.326368134466065,0,0.0029281160551033335
3707,3707,7.414,0,1002,5.326368134466065,0,0.002869044931701935
3708,3708,7.416,0,999,2.3263681344660654,0,0.0028111654952262723
3709,3709,7.418,0,996,-0.6736318655339346,0,0.002754453704865079
3710,3710,7.42,0,995,-1.6736318655339346,0,0.0026988860048007515
3711,3711,7.422,0,994,-2.6736318655339346,0,0.0026444393144252005
3712,3712,7.424,0,996,-0.6736318655339346,0,0.0025910910187530852
3713,3713,7.426,0,1001,4.326368134466065,0,0.002538818959028452
3714,3714,7.428,0,1002,5.326368134466065,0,0.002487601423520869
3715,3715,7.43,0,1003,6.326368134466065,0,0.0024374171385072377
3716,3716,7.432,0,998,1.3263681344660654,0,0.002388245259435538
3717,3717,7.434,0,996,-0.6736318655339346,0,0.00234006536226683
3718,3718,7.436,0,994,-2.6736318655339346,0,0.002292857434991924
3719,3719,7.438,0,996,-0.6736318655339346,0,0.0022466018693191895
3720,3720,7.44,0,995,-1.6736318655339346,0,0.0022012794525300495
3721,3721,7.442,0,994,-2.6736318655339346,0,0.002156871359498786
3722,3722,7.444,0,993,-3.6736318655339346,0,0.002113359144873332
3723,3723,7.446,0,997,0.3263681344660654,0,0.0020707247354138066
3724,3724,7.448,0,998,1.3263681344660654,0,0.0020289504224856123
3725,3725,7.45,0,999,2.3263681344660654,0,0.0019880188547039736
3726,3726,7.452,0,995,-1.6736318655339346,0,0.0019479130307268634
3727,3727,7.454,0,994,-2.6736318655339346,0,0.0019086162921933228
3728,3728,7.456,0,992,-4.673631865533935,0,0.001870112316804242
3729,3729,7.458,0,994,-2.6736318655339346,0,0.0018323851115427281
3730,3730,7.46,0,999,2.3263681344660654,0,0.0017954190060312423
3731,3731,7.462,0,1007,10.326368134466065,0,0.0017591986460227505
3732,3732,7.464,0,1010,13.326368134466065,0,0.0017237089870231809
3733,3733,7.466,0,1008,11.326368134466065,0,0.0016889352880425398
3734,3734,7.468,0,1001,4.326368134466065,0,0.0016548631054720932
3735,3735,7.47,0,995,-1.6736318655339346,0,0.001621478287085066
3736,3736,7.472,0,992,-4.673631865533935,0,0.0015887669661583722
3737,3737,7.474,0,995,-1.6736318655339346,0,0.0015567155557129298
3738,3738,7.476,0,1002,5.326368134466065,0,0.001525310742870172
3739,3739,7.478,0,1005,8.326368134466065,0,0.001494539483322407
3740,3740,7.48,0,1003,6.326368134466065,0,0.0014643889959147336
3741,3741,7.482,0,999,2.3263681344660654,0,0.0014348467573362575
3742,3742,7.484,0,995,-1.6736318655339346,0,0.0014059004969184084
3743,3743,7.486,0,992,-4.673631865533935,0,0.0013775381915381924
3744,3744,7.488,0,991,-5.673631865533935,0,0.001349748060624266
3745,3745,7.49,0,989,-7.673631865533935,0,0.0013225185612637566
3746,3746,7.492,0,990,-6.673631865533935,0,0.0012958383834077959
3747,3747,7.494,0,994,-2.6736318655339346,0,0.001269696445173777
3748,3748,7.496,0,995,-1.6736318655339346,0,0.0012440818882423817
3749,3749,7.498,0,996,-0.6736318655339346,0,0.0012189840733474674
3750,3750,7.5,0,998,1.3263681344660654,0,0.0011943925758569397
3751,3751,7.502,0,1002,5.326368134466065,0,0.0011702971814427762
3752,3752,7.504,0,1005,8.326368134466065,0,0.0011466878818384013
3753,3753,7.506,0,1006,9.326368134466065,0,0.0011235548706816513
3754,3754,7.508,0,1005,8.326368134466065,0,0.0011008885394416022
3755,3755,7.51,0,1002,5.326368134466065,0,0.0010786794734275692
3756,3756,7.512,0,1001,4.326368134466065,0,0.001056918447878619
3757,3757,7.514,0,1001,4.326368134466065,0,0.0010355964241319717
3758,3758,7.516,0,999,2.3263681344660654,0,0.0010147045458687013
3759,3759,7.518,0,996,-0.6736318655339346,0,0.0009942341354351727
3760,3760,7.52,0,994,-2.6736318655339346,0,0.000974176690238691
3761,3761,7.522,0,991,-5.673631865533935,0,0.0009545238792158626
3762,3762,7.524,0,993,-3.6736318655339346,0,0.0009352675393722045
3763,3763,7.526,0,996,-0.6736318655339346,0,0.0009163996723915605
3764,3764,7.528,0,1001,4.326368134466065,0,0.0008979124413139206
3765,3765,7.53,0,1004,7.326368134466065,0,0.0008797981672802592
3766,3766,7.532,0,1004,7.326368134466065,0,0.0008620493263430437
3767,3767,7.534,0,997,0.3263681344660654,0,0.0008446585463410861
3768,3768,7.536,0,990,-6.673631865533935,0,0.0008276186038374413
3769,3769,7.538,0,985,-11.673631865533935,0,0.0008109224211190794
3770,3770,7.54,0,985,-11.673631865533935,0,0.0007945630632570854
3771,3771,7.542,0,994,-2.6736318655339346,0,0.0007785337352261663
3772,3772,7.544,0,1003,6.326368134466065,0,0.0007628277790822683
3773,3773,7.546,0,1008,11.326368134466065,0,0.0007474386711971326
3774,3774,7.548,0,1008,11.326368134466065,0,0.0007323600195486396
3775,3775,7.55,0,1004,7.326368134466065,0,0.0007175855610658178
3776,3776,7.552,0,997,0.3263681344660654,0,0.0007031091590274141
3777,3777,7.554,0,993,-3.6736318655339346,0,0.000688924800512944
3778,3778,7.556,0,996,-0.6736318655339346,0,0.000675026593905164
3779,3779,7.558,0,1001,4.326368134466065,0,0.0006614087664429289
3780,3780,7.56,0,1000,3.3263681344660654,0,0.0006480656618234168
3781,3781,7.562,0,999,2.3263681344660654,0,0.0006349917378527261
3782,3782,7.564,0,996,-0.6736318655339346,0,0.0006221815641438691
3783,3783,7.566,0,991,-5.673631865533935,0,0.0006096298198612059
3784,3784,7.568,0,993,-3.6736318655339346,0,0.0005973312915103811
3785,3785,7.57,0,997,0.3263681344660654,0,0.0005852808707728462
3786,3786,7.572,0,999,2.3263681344660654,0,0.0005734735523840672
3787,3787,7.574,0,1003,6.326368134466065,0,0.0005619044320545378
3788,3788,7.576,0,1004,7.326368134466065,0,0.0005505687044327325
3789,3789,7.578,0,1002,5.326368134466065,0,0.0005394616611091556
3790,3790,7.58,0,1003,6.326368134466065,0,0.0005285786886606548
3791,3791,7.582,0,1002,5.326368134466065,0,0.0005179152667341899
3792,3792,7.584,0,1000,3.3263681344660654,0,0.0005074669661692577
3793,3793,7.586,0,995,-1.6736318655339346,0,0.0004972294471581953
3794,3794,7.588,0,989,-7.673631865533935,0,0.0004871984574435973
3795,3795,7.59,0,988,-8.673631865533935,0,0.0004773698305520973
3796,3796,7.592,0,989,-7.673631865533935,0,0.0004677394840637808
3797,3797,7.594,0,995,-1.6736318655339346,0,0.00045830341791651093
3798,3798,7.596,0,1002,5.326368134466065,0,0.00044905771274446186
3799,3799,7.598,0,1003,6.326368134466065,0,0.0004399985282501705
3800,3800,7.6,0,1004,7.326368134466065,0,0.0004311221016094299
3801,3801,7.602,0,1001,4.326368134466065,0,0.0004224247459083622
3802,3802,7.604,0,1001,4.326368134466065,0,0.00041390284861202143
3803,3803,7.606,0,997,0.3263681344660654,0,0.0004055528700638904
3804,3804,7.608,0,998,1.3263681344660654,0,0.00039737134201564854
3805,3805,7.61,0,997,0.3263681344660654,0,0.0003893548661865997
3806,3806,7.612,0,993,-3.6736318655339346,0,0.000381500112852162
3807,3807,7.614,0,989,-7.673631865533935,0,0.0003738038194608326
3808,3808,7.616,0,988,-8.673631865533935,0,0.00036626278927905396
3809,3809,7.618,0,993,-3.6736318655339346,0,0.00035887389006341826
3810,3810,7.62,0,998,1.3263681344660654,0,0.00035163405275965816
3811,3811,7.622,0,1005,8.326368134466065,0,0.00034454027022788397
3812,3812,7.624,0,1011,14.326368134466065,0,0.0003375895959935377
3813,3813,7.626,0,1011,14.326368134466065,0,0.0003307791430235448
3814,3814,7.628,0,1005,8.326368134466065,0,0.00032410608252715574
3815,3815,7.63,0,996,-0.6736318655339346,0,0.00031756764278097915
3816,3816,7.632,0,991,-5.673631865533935,0,0.0003111611079777183
3817,3817,7.634,0,992,-4.673631865533935,0,0.00030488381709813296
3818,3818,7.636,0,996,-0.6736318655339346,0,0.00029873316280575805
3819,3819,7.638,0,998,1.3263681344660654,0,0.00029270659036392013
3820,3820,7.64,0,997,0.3263681344660654,0,0.0002868015965746014
3821,3821,7.642,0,995,-1.6736318655339346,0,0.0002810157287387111
3822,3822,7.644,0,995,-1.6736318655339346,0,0.0002753465836373321
3823,3823,7.646,0,994,-2.6736318655339346,0,0.0002697918065335194
3824,3824,7.648,0,995,-1.6736318655339346,0,0.00026434909019423645
3825,3825,7.65,0,996,-0.6736318655339346,0,0.00025901617393202226
3826,3826,7.652,0,996,-0.6736318655339346,0,0.00025379084266599205
3827,3827,7.654,0,997,0.3263681344660654,0,0.00024867092600178094
3828,3828,7.656,0,997,0.3263681344660654,0,0.0002436542973300486
3829,3829,7.658,0,997,0.3263681344660654,0,0.00023873887294317047
3830,3830,7.66,0,999,2.3263681344660654,0,0.0002339226111697487
3831,3831,7.662,0,1004,7.326368134466065,0,0.00022920351152658312
3832,3832,7.664,0,1002,5.326368134466065,0,0.00022457961388775035
3833,3833,7.666,0,1002,5.326368134466065,0,0.00022004899767044556
3834,3834,7.668,0,999,2.3263681344660654,0,0.00021560978103724892
3835,3835,7.67,0,998,1.3263681344660654,0,0.0002112601201144853
3836,3836,7.672,0,999,2.3263681344660654,0,0.00020699820822635262
3837,3837,7.674,0,999,2.3263681344660654,0,0.0002028222751445009
3838,3838,7.676,0,996,-0.6736318655339346,0,0.00019873058635274966
3839,3839,7.678,0,994,-2.6736318655339346,0,0.00019472144232663926
3840,3840,7.68,0,993,-3.6736318655339346,0,0.00019079317782751603
3841,3841,7.682,0,992,-4.673631865533935,0,0.0001869441612108586
3842,3842,7.684,0,995,-1.6736318655339346,0,0.00018317279374855774
3843,3843,7.686,0,1000,3.3263681344660654,0,0.00017947750896486837
3844,3844,7.688,0,1004,7.326368134466065,0,0.00017585677198575804
3845,3845,7.69,0,1007,10.326368134466065,0,0.0001723090789013814
3846,3846,7.692,0,1005,8.326368134466065,0,0.00016883295614141601
3847,3847,7.694,0,998,1.3263681344660654,0,0.00016542695986299989
3848,3848,7.696,0,990,-6.673631865533935,0,0.00016208967535101678
3849,3849,7.698,0,987,-9.673631865533935,0,0.00015881971643047987
3850,3850,7.7,0,991,-5.673631865533935,0,0.00015561572489076992
3851,3851,7.702,0,995,-1.6736318655339346,0,0.00015247636992148873
3852,3852,7.704,0,1000,3.3263681344660654,0,0.00014940034755969348
3853,3853,7.706,0,1001,4.326368134466065,0,0.0001463863801482826
3854,3854,7.708,0,998,1.3263681344660654,0,0.0001434332158053078
3855,3855,7.71,1,994,-2.6736318655339346,0,0.0001405396279039923
3856,3856,7.712,1,996,-0.6736318655339346,0,0.00013770441456323885
3857,3857,7.714,1,995,-1.6736318655339346,0,0.00013492639814841634
3858,3858,7.716,1,998,1.3263681344660654,0,0.0001322044247822172
3859,3859,7.718,1,999,2.3263681344660654,0,0.00012953736386538288
3860,3860,7.72,1,1000,3.3263681344660654,0,0.00012692410760709779
3861,3861,7.722,1,1000,3.3263681344660654,0,0.00012436357056485727
3862,3862,7.724,1,1000,3.3263681344660654,0,0.00012185468919361807
3863,3863,7.726,1,997,0.3263681344660654,0,0.00011939642140404399
3864,3864,7.728,1,997,0.3263681344660654,0,0.00011698774612966361
3865,3865,7.73,1,996,-0.6736318655339346,0,0.0001146276629027599
3866,3866,7.732,1,999,2.3263681344660654,0,0.00011231519143881587
3867,3867,7.734,1,1001,4.326368134466065,0,0.0001100493712293434
3868,3868,7.736,1,1003,6.326368134466065,0,0.00010782926114292628
3869,3869,7.738,1,1003,6.326368134466065,0,0.00010565393903431176
3870,3870,7.74,1,997,0.3263681344660654,1,0.021319452487813712
3871,3871,7.742,1,992,-4.673631865533935,1,0.04208317823576065
3872,3872,7.744,1,990,-6.673631865533935,1,0.06240637994546867
3873,3873,7.746,1,991,-5.673631865533935,1,0.08229840379260112
3874,3874,7.748,1,995,-1.6736318655339346,1,0.10176839766398366
3875,3875,7.75,1,1002,5.326368134466065,1,0.12082531536450815
3876,3876,7.752,1,1005,8.326368134466065,1,0.13947792073478277
3877,3877,7.754,1,1005,8.326368134466065,1,0.15773479168142182
3878,3878,7.756,1,1002,5.326368134466065,1,0.1756043241218289
3879,3879,7.758,1,1002,5.326368134466065,1,0.19309473584528716
3880,3880,7.76,1,1001,4.326368134466065,1,0.21021407029213282
3881,3881,7.762,1,999,2.3263681344660654,1,0.22697020025274928
3882,3882,7.764,1,999,2.3263681344660654,1,0.2433708314880834
3883,3883,7.766,1,1004,7.326368134466065,1,0.25942350627334876
3884,3884,7.768,1,1009,12.326368134466065,1,0.2751356068665455
3885,3885,7.77,1,1010,13.326368134466065,1,0.29051435890339194
3886,3886,7.772,1,1005,8.326368134466065,1,0.3055668347202293
3887,3887,7.774,1,1002,5.326368134466065,1,0.3202999566064271
3888,3888,7.776,1,1002,5.326368134466065,1,0.33472049998778625
3889,3889,7.778,1,1000,3.3263681344660654,1,0.3488350965424019
3890,3890,7.78,1,996,-0.6736318655339346,1,0.3626502372504209
3891,3891,7.782,1,998,1.3263681344660654,1,0.37617227537909487
3892,3892,7.784,1,1002,5.326368134466065,1,0.3894074294045027
3893,3893,7.786,1,1007,10.326368134466065,1,0.4023617858712853
3894,3894,7.788,1,1012,15.326368134466065,1,0.4150413021917084
3895,3895,7.79,1,1013,16.326368134466065,1,0.4274518093853403
3896,3896,7.792,1,1012,15.326368134466065,1,0.439599014760604
3897,3897,7.794,1,1006,9.326368134466065,1,0.4514885045394383
3898,3898,7.796,1,996,-0.6736318655339346,1,0.4631257464262732
3899,3899,7.798,1,989,-7.673631865533935,1,0.4745160921225023
3900,3900,7.8,1,991,-5.673631865533935,1,0.48566477978760775
3901,3901,7.802,1,1000,3.3263681344660654,1,0.49657693644807005
3902,3902,7.804,1,1005,8.326368134466065,1,0.5072575803551702
3903,3903,7.806,1,1007,10.326368134466065,1,0.517711623292769
3904,3904,7.808,1,1004,7.326368134466065,1,0.5279438728361234
3905,3905,7.81,1,1003,6.326368134466065,1,0.5379590345627814
3906,3906,7.812,1,1007,10.326368134466065,1,0.5477617142165686
3907,3907,7.814,1,1010,13.326368134466065,1,0.5573564198256651
3908,3908,7.816,1,1002,5.326368134466065,1,0.5667475637757443
3909,3909,7.818,1,988,-8.673631865533935,1,0.5759394648391282
3910,3910,7.82,1,978,-18.673631865533935,1,0.5849363501608917
3911,3911,7.822,1,986,-10.673631865533935,1,0.5937423572028309
3912,3912,7.824,1,1006,9.326368134466065,1,0.6023615356461858
3913,3913,7.826,1,1021,24.326368134466065,1,0.6107978492539972
3914,3914,7.828,1,1022,25.326368134466065,1,0.6190551776939501
3915,3915,7.83,1,1011,14.326368134466065,1,0.6271373183225445
3916,3916,7.832,1,993,-3.6736318655339346,1,0.6350479879314123
3917,3917,7.834,1,983,-13.673631865533935,1,0.6427908244565852
3918,3918,7.836,1,984,-12.673631865533935,1,0.6503693886514982
3919,3919,7.838,1,991,-5.673631865533935,1,0.6577871657244985
3920,3920,7.84,1,993,-3.6736318655339346,1,0.6650475669416134
3921,3921,7.842,1,993,-3.6736318655339346,1,0.6721539311953131
3922,3922,7.844,1,997,0.3263681344660654,1,0.6791095265399915
3923,3923,7.846,1,1010,13.326368134466065,1,0.6859175516948692
3924,3924,7.848,1,1016,19.326368134466065,1,0.6925811375150117
3925,3925,7.85,1,1008,11.326368134466065,1,0.6991033484311376
3926,3926,7.852,1,998,1.3263681344660654,1,0.7054871838588809
3927,3927,7.854,1,990,-6.673631865533935,1,0.7117355795781527
3928,3928,7.856,1,987,-9.673631865533935,1,0.7178514090832401
3929,3929,7.858,1,987,-9.673631865533935,1,0.72383748490426
3930,3930,7.86,1,991,-5.673631865533935,1,0.7296965599005778
3931,3931,7.862,1,1000,3.3263681344660654,1,0.7354313285267838
3932,3932,7.864,1,1008,11.326368134466065,1,0.7410444280718119
3933,3933,7.866,1,1004,7.326368134466065,1,0.7465384398717683
3934,3934,7.868,1,990,-6.673631865533935,1,0.7519158904970284
3935,3935,7.87,1,980,-16.673631865533935,1,0.7571792529141498
3936,3936,7.872,1,981,-15.673631865533935,1,0.7623309476231318
3937,3937,7.874,1,992,-4.673631865533935,1,0.7673733437705491
3938,3938,7.876,1,1005,8.326368134466065,1,0.7723087602390675
3939,3939,7.878,1,1012,15.326368134466065,1,0.7771394667138452
3940,3940,7.88,1,1014,17.326368134466065,1,0.7818676847263089
3941,3941,7.882,1,1011,14.326368134466065,1,0.7864955886757855
3942,3942,7.884,1,1002,5.326368134466065,1,0.7910253068294588
3943,3943,7.886,1,985,-11.673631865533935,1,0.7954589223011104
3944,3944,7.888,1,970,-26.673631865533935,1,0.7997984740090964
3945,3945,7.89,1,973,-23.673631865533935,1,0.8040459576139996
3946,3946,7.892,1,991,-5.673631865533935,1,0.8082033264363873
3947,3947,7.894,1,1004,7.326368134466065,1,0.8122724923550997
3948,3948,7.896,1,1001,4.326368134466065,1,0.8162553266864787
3949,3949,7.898,1,995,-1.6736318655339346,1,0.8201536610449437
3950,3950,7.9,1,1001,4.326368134466065,1,0.823969288185309
3951,3951,7.902,1,1012,15.326368134466065,1,0.827703962827231
3952,3952,7.904,1,1011,14.326368134466065,1,0.8313594024621634
3953,3953,7.906,1,996,-0.6736318655339346,1,0.8349372881431925
3954,3954,7.908,1,986,-10.673631865533935,1,0.8384392652581146
3955,3955,7.91,1,989,-7.673631865533935,1,0.8418669442861129
3956,3956,7.912,1,1000,3.3263681344660654,1,0.8452219015383792
3957,3957,7.914,1,1004,7.326368134466065,1,0.8485056798830242
3958,3958,7.916,1,993,-3.6736318655339346,1,0.8517197894546067
3959,3959,7.918,1,984,-12.673631865533935,1,0.8548657083486103
3960,3960,7.92,1,986,-10.673631865533935,1,0.8579448833011853
3961,3961,7.922,1,994,-2.6736318655339346,1,0.8609587303544701
3962,3962,7.924,1,1002,5.326368134466065,1,0.8639086355077962
3963,3963,7.926,1,1006,9.326368134466065,1,0.8667959553550774
3964,3964,7.928,1,1006,9.326368134466065,1,0.869622017708677
3965,3965,7.93,1,997,0.3263681344660654,1,0.8723881222100378
3966,3966,7.932,1,984,-12.673631865533935,1,0.8750955409273576
3967,3967,7.934,1,980,-16.673631865533935,1,0.8777455189405844
3968,3968,7.936,1,994,-2.6736318655339346,1,0.8803392749139999
3969,3969,7.938,1,1014,17.326368134466065,1,0.8828780016566556
3970,3970,7.94,1,1016,19.326368134466065,1,0.8853628666709186
3971,3971,7.942,1,999,2.3263681344660654,1,0.8877950126893784
3972,3972,7.944,1,989,-7.673631865533935,1,0.8901755582003646
3973,3973,7.946,1,999,2.3263681344660654,1,0.8925055979623132
3974,3974,7.948,1,1005,8.326368134466065,1,0.8947862035072214
3975,3975,7.95,1,996,-0.6736318655339346,1,0.8970184236334205
3976,3976,7.952,1,983,-13.673631865533935,1,0.8992032848878947
3977,3977,7.954,1,980,-16.673631865533935,1,0.9013417920383657
3978,3978,7.956,1,987,-9.673631865533935,1,0.9034349285353632
3979,3979,7.958,1,990,-6.673631865533935,1,0.9054836569644911
3980,3980,7.96,1,992,-4.673631865533935,1,0.9074889194890982
3981,3981,7.962,1,1001,4.326368134466065,1,0.9094516382835582
3982,3982,7.964,1,1021,24.326368134466065,1,0.9113727159573562
3983,3983,7.966,1,1040,43.326368134466065,1,0.9132530359701784
3984,3984,7.968,1,1036,39.326368134466065,1,0.9150934630381945
3985,3985,7.97,1,1005,8.326368134466065,1,0.9168948435317216
3986,3986,7.972,1,962,-34.673631865533935,1,0.91865800586445
3987,3987,7.974,1,947,-49.673631865533935,1,0.9203837608744122
3988,3988,7.976,1,973,-23.673631865533935,1,0.9220729021968682
3989,3989,7.978,1,1009,12.326368134466065,1,0.9237262066292806
3990,3990,7.98,1,1019,22.326368134466065,1,0.9253444344885459
3991,3991,7.982,1,997,0.3263681344660654,1,0.9269283299606467
3992,3992,7.984,1,979,-17.673631865533935,1,0.9284786214428862
3993,3993,7.986,1,985,-11.673631865533935,1,0.9299960218788609
3994,3994,7.988,1,1003,6.326368134466065,1,0.9314812290863277
3995,3995,7.99,1,1014,17.326368134466065,1,0.9329349260781137
3996,3996,7.992,1,1010,13.326368134466065,1,0.9343577813762185
3997,3997,7.994,1,1006,9.326368134466065,1,0.9357504493192523
3998,3998,7.996,1,1010,13.326368134466065,1,0.937113570363351
3999,3999,7.998,1,1008,11.326368134466065,1,0.9384477713767073
4000,4000,8.0,1,991,-5.673631865533935,1,0.9397536659278536
4001,4001,8.002,1,970,-26.673631865533935,1,0.9410318545678272
4002,4002,8.004,1,966,-30.673631865533935,1,0.9422829251063509
4003,4003,8.006,1,988,-8.673631865533935,1,0.9435074528821525
4004,4004,8.008,1,1019,22.326368134466065,1,0.9447060010275506
4005,4005,8.01,1,1027,30.326368134466065,1,0.9458791207274259
4006,4006,8.012,1,1008,11.326368134466065,1,0.9470273514726982
4007,4007,8.014,1,983,-13.673631865533935,1,0.9481512213084268
4008,4008,8.016,1,981,-15.673631865533935,1,0.9492512470766455
4009,4009,8.018,1,1004,7.326368134466065,1,0.9503279346540471
4010,4010,8.02,1,1019,22.326368134466065,1,0.9513817791846237
4011,4011,8.022,1,1010,13.326368134466065,1,0.9524132653073731
4012,4012,8.024,0,988,-8.673631865533935,1,0.9534228673791725
4013,4013,8.026,0,975,-21.673631865533935,1,0.9544110496929245
4014,4014,8.028,0,978,-18.673631865533935,1,0.9553782666910748
4015,4015,8.03,0,994,-2.6736318655339346,1,0.9563249631746003
4016,4016,8.032,0,1000,3.3263681344660654,1,0.957251574507562
4017,4017,8.034,0,999,2.3263681344660654,1,0.9581585268173202
4018,4018,8.036,0,999,2.3263681344660654,1,0.9590462371904993
4019,4019,8.038,0,1009,12.326368134466065,1,0.9599151138647978
4020,4020,8.04,0,1019,22.326368134466065,0,0.9405500125235623
4021,4021,8.042,0,1016,19.326368134466065,0,0.9215755781741679
4022,4022,8.044,0,1001,4.326368134466065,0,0.9029839295927663
4023,4023,8.046,0,986,-10.673631865533935,0,0.8847673445494623
4024,4024,8.048,0,983,-13.673631865533935,0,0.866918256600807
4025,4025,8.05,0,986,-10.673631865533935,0,0.8494292519469993
4026,4026,8.052,0,987,-9.673631865533935,0,0.8322930663524881
4027,4027,8.054,0,984,-12.673631865533935,0,0.8155025821286991
4028,4028,8.056,0,987,-9.673631865533935,0,0.79905082517763
4029,4029,8.058,0,1001,4.326368134466065,0,0.7829309620950887
4030,4030,8.06,0,1027,30.326368134466065,0,0.767136297332369
4031,4031,8.062,0,1044,47.326368134466065,0,0.7516602704151869
4032,4032,8.064,0,1031,34.326368134466065,0,0.736496453218721
4033,4033,8.066,0,1004,7.326368134466065,0,0.7216385472976253
4034,4034,8.068,0,983,-13.673631865533935,0,0.7070803812699064
4035,4035,8.07,0,982,-14.673631865533935,0,0.692815908253577
4036,4036,8.072,0,989,-7.673631865533935,0,0.6788392033550225
4037,4037,8.074,0,994,-2.6736318655339346,0,0.6651444612080359
4038,4038,8.076,0,994,-2.6736318655339346,0,0.6517259935625007
4039,4039,8.078,0,993,-3.6736318655339346,0,0.6385782269217175
4040,4040,8.08,0,994,-2.6736318655339346,0,0.6256957002273964
4041,4041,8.082,0,1001,4.326368134466065,0,0.6130730625913507
4042,4042,8.084,0,1008,11.326368134466065,0,0.6007050710729515
4043,4043,8.086,0,1008,11.326368134466065,0,0.5885865885014183
4044,4044,8.088,0,1002,5.326368134466065,0,0.5767125813420442
4045,4045,8.09,0,1000,3.3263681344660654,0,0.5650781176054651
4046,4046,8.092,0,1005,8.326368134466065,0,0.5536783647991085
4047,4047,8.094,0,1016,19.326368134466065,0,0.5425085879199683
4048,4048,8.096,0,1018,21.326368134466065,0,0.5315641474878735
4049,4049,8.098,0,1009,12.326368134466065,0,0.5208404976184331
4050,4050,8.1,0,989,-7.673631865533935,0,0.5103331841348566
4051,4051,8.102,0,976,-20.673631865533935,0,0.5000378427178667
4052,4052,8.104,0,981,-15.673631865533935,0,0.48995019709293475
4053,4053,8.106,0,1003,6.326368134466065,0,0.48006605725408713
4054,4054,8.108,0,1024,27.326368134466065,0,0.47038131772354347
4055,4055,8.11,0,1031,34.326368134466065,0,0.46089195584646475
4056,4056,8.112,0,1012,15.326368134466065,0,0.45159403012010296
4057,4057,8.114,0,985,-11.673631865533935,0,0.4424836785566579
4058,4058,8.116,0,971,-25.673631865533935,0,0.43355711707916117
4059,4059,8.118,0,978,-18.673631865533935,0,0.4248106379497218
4060,4060,8.12,0,996,-0.6736318655339346,0,0.41624060822947934
4061,4061,8.122,0,1004,7.326368134466065,0,0.4078434682696259
4062,4062,8.124,0,1002,5.326368134466065,0,0.39961573023287
4063,4063,8.126,0,1000,3.3263681344660654,0,0.3915539766447279
4064,4064,8.128,0,1001,4.326368134466065,0,0.38365485897404095
4065,4065,8.13,0,1004,7.326368134466065,0,0.37591509624212904
4066,4066,8.132,0,1008,11.326368134466065,0,0.3683314736600031
4067,4067,8.134,0,1010,13.326368134466065,0,0.36090084129306943
4068,4068,8.136,0,1012,15.326368134466065,0,0.3536201127527729
4069,4069,8.138,0,1010,13.326368134466065,0,0.3464862639146338
4070,4070,8.14,0,1000,3.3263681344660654,0,0.3394963316621471
4071,4071,8.142,0,986,-10.673631865533935,0,0.3326474126560222
4072,4072,8.144,0,982,-14.673631865533935,0,0.3259366621282511
4073,4073,8.146,0,986,-10.673631865533935,0,0.31936129270050545
4074,4074,8.148,0,995,-1.6736318655339346,0,0.31291857322637046
4075,4075,8.15,0,998,1.3263681344660654,0,0.30660582765693567
4076,4076,8.152,0,993,-3.6736318655339346,0,0.30042043392927087
4077,4077,8.154,0,986,-10.673631865533935,0,0.29435982287732565
4078,4078,8.156,0,988,-8.673631865533935,0,0.28842147716480004
4079,4079,8.158,0,996,-0.6736318655339346,0,0.28260293023954364
4080,4080,8.16,0,1007,10.326368134466065,0,0.27690176530904786
4081,4081,8.162,0,1012,15.326368134466065,0,0.2713156143366068
4082,4082,8.164,0,1009,12.326368134466065,0,0.2658421570577291
4083,4083,8.166,0,1001,4.326368134466065,0,0.26047912001639273
4084,4084,8.168,0,996,-0.6736318655339346,0,0.25522427562074157
4085,4085,8.17,0,994,-2.6736318655339346,0,0.2500754412178329
4086,4086,8.172,0,998,1.3263681344660654,0,0.24503047818705012
4087,4087,8.174,0,1000,3.3263681344660654,0,0.2400872910518052
4088,4088,8.176,0,998,1.3263681344660654,0,0.23524382660916102
4089,4089,8.178,0,991,-5.673631865533935,0,0.2304980730770127
4090,4090,8.18,0,984,-12.673631865533935,0,0.2258480592584736
4091,4091,8.182,0,984,-12.673631865533935,0,0.2212918537231186
4092,4092,8.184,0,990,-6.673631865533935,0,0.21682756400474498
4093,4093,8.186,0,1001,4.326368134466065,0,0.21245333581531728
4094,4094,8.188,0,1005,8.326368134466065,0,0.20816735227476993
4095,4095,8.19,0,1003,6.326368134466065,0,0.20396783315634778
4096,4096,8.192,0,998,1.3263681344660654,0,0.1998530341471708
4097,4097,8.194,0,996,-0.6736318655339346,0,0.195821246123716
4098,4098,8.196,0,998,1.3263681344660654,0,0.19187079444191563
4099,4099,8.198,0,997,0.3263681344660654,0,0.18800003824157685
4100,4100,8.2,0,997,0.3263681344660654,0,0.18420736976483376
4101,4101,8.202,0,997,0.3263681344660654,0,0.18049121368834878
4102,4102,8.204,0,992,-4.673631865533935,0,0.1768500264689862
4103,4103,8.206,0,990,-6.673631865533935,0,0.1732822957026859
4104,4104,8.208,0,988,-8.673631865533935,0,0.1697865394962709
4105,4105,8.21,0,986,-10.673631865533935,0,0.166361305851928
4106,4106,8.212,0,991,-5.673631865533935,0,0.16300517206410578
4107,4107,8.214,0,998,1.3263681344660654,0,0.15971674412857945
4108,4108,8.216,0,1004,7.326368134466065,0,0.156494656163437
4109,4109,8.218,0,1004,7.326368134466065,0,0.15333756984174626
4110,4110,8.22,0,1002,5.326368134466065,0,0.15024417383566732
4111,4111,8.222,0,998,1.3263681344660654,0,0.1472131832717791
4112,4112,8.224,0,994,-2.6736318655339346,0,0.1442433391973942
4113,4113,8.226,0,993,-3.6736318655339346,0,0.14133340805764014
4114,4114,8.228,0,994,-2.6736318655339346,0,0.13848218118308978
4115,4115,8.23,0,997,0.3263681344660654,0,0.1356884742877282
4116,4116,8.232,0,998,1.3263681344660654,0,0.13295112697704758
4117,4117,8.234,0,999,2.3263681344660654,0,0.13026900226606547
4118,4118,8.236,0,998,1.3263681344660654,0,0.12764098610706653
4119,4119,8.238,0,995,-1.6736318655339346,0,0.1250659869268716
4120,4120,8.24,0,996,-0.6736318655339346,0,0.12254293517344163
4121,4121,8.242,0,997,0.3263681344660654,0,0.12007078287162842
4122,4122,8.244,0,994,-2.6736318655339346,0,0.11764850318788748
4123,4123,8.246,0,995,-1.6736318655339346,0,0.11527509000377234
4124,4124,8.248,0,995,-1.6736318655339346,0,0.11294955749803297
4125,4125,8.25,0,997,0.3263681344660654,0,0.11067093973714501
4126,4126,8.252,0,998,1.3263681344660654,0,0.10843829027409943
4127,4127,8.254,0,998,1.3263681344660654,0,0.10625068175528615
4128,4128,8.256,0,998,1.3263681344660654,0,0.10410720553530835
4129,4129,8.258,0,997,0.3263681344660654,0,0.10200697129956734
4130,4130,8.26,0,998,1.3263681344660654,0,0.09994910669446139
4131,4131,8.262,0,1000,3.3263681344660654,0,0.09793275696504478
4132,4132,8.264,0,996,-0.6736318655339346,0,0.09595708459999668
4133,4133,8.266,0,995,-1.6736318655339346,0,0.09402126898375233
4134,4134,8.268,0,993,-3.6736318655339346,0,0.09212450605565203
4135,4135,8.27,0,990,-6.673631865533935,0,0.09026600797596637
4136,4136,8.272,0,991,-5.673631865533935,0,0.08844500279865904
4137,4137,8.274,0,992,-4.673631865533935,0,0.08666073415075115
4138,4138,8.276,0,996,-0.6736318655339346,0,0.08491246091815412
4139,4139,8.278,0,1002,5.326368134466065,0,0.08319945693784034
4140,4140,8.28,0,1006,9.326368134466065,0,0.08152101069622406
4141,4141,8.282,0,1007,10.326368134466065,0,0.07987642503362695
4142,4142,8.284,0,1005,8.326368134466065,0,0.07826501685470577
4143,4143,8.286,0,998,1.3263681344660654,0,0.07668611684472182
4144,4144,8.288,0,993,-3.6736318655339346,0,0.0751390691915342
4145,4145,8.29,0,992,-4.673631865533935,0,0.07362323131320164
4146,4146,8.292,0,994,-2.6736318655339346,0,0.07213797359107958
4147,4147,8.294,0,996,-0.6736318655339346,0,0.07068267910830162
4148,4148,8.296,0,995,-1.6736318655339346,0,0.06925674339353687
4149,4149,8.298,0,992,-4.673631865533935,0,0.06785957416991666
4150,4150,8.3,0,991,-5.673631865533935,0,0.06649059110902633
4151,4151,8.302,0,993,-3.6736318655339346,0,0.06514922558985992
4152,4152,8.304,0,995,-1.6736318655339346,0,0.06383492046263765
4153,4153,8.306,0,1000,3.3263681344660654,0,0.06254712981738816
4154,4154,8.308,0,998,1.3263681344660654,0,0.06128531875719922
4155,4155,8.31,0,999,2.3263681344660654,0,0.060048963176042865
4156,4156,8.312,0,997,0.3263681344660654,0,0.05883754954108267
4157,4157,8.314,0,996,-0.6736318655339346,0,0.057650574679372645
4158,4158,8.316,0,993,-3.6736318655339346,0,0.05648754556885927
4159,4159,8.318,0,993,-3.6736318655339346,0,0.05534797913359978
4160,4160,8.32,0,995,-1.6736318655339346,0,0.054231402043111644
4161,4161,8.322,0,998,1.3263681344660654,0,0.05313735051576997
4162,4162,8.324,0,1000,3.3263681344660654,0,0.05206537012617109
4163,4163,8.326,0,1000,3.3263681344660654,0,0.05101501561638237
4164,4164,8.328,0,1000,3.3263681344660654,0,0.04998585071099981
4165,4165,8.33,0,998,1.3263681344660654,0,0.048977447935936606
4166,4166,8.332,0,997,0.3263681344660654,0,0.047989388440867455
4167,4167,8.334,0,997,0.3263681344660654,0,0.04702126182525485
4168,4168,8.336,0,998,1.3263681344660654,0,0.04607266596788503
4169,4169,8.338,0,997,0.3263681344660654,0,0.04514320685984285
4170,4170,8.34,0,996,-0.6736318655339346,0,0.04423249844085619
4171,4171,8.342,0,996,-0.6736318655339346,0,0.04334016243894189
4172,4172,8.344,0,995,-1.6736318655339346,0,0.04246582821328668
4173,4173,8.346,0,998,1.3263681344660654,0,0.041609132600297694
4174,4174,8.348,0,999,2.3263681344660654,0,0.04076971976275885
4175,4175,8.35,0,999,2.3263681344660654,0,0.03994724104203022
4176,4176,8.352,0,995,-1.6736318655339346,0,0.039141354813229126
4177,4177,8.354,0,992,-4.673631865533935,0,0.03835172634333278
4178,4178,8.356,0,990,-6.673631865533935,0,0.037578027652143534
4179,4179,8.358,0,993,-3.6736318655339346,0,0.03681993737605897
4180,4180,8.36,0,993,-3.6736318655339346,0,0.03607714063459028
4181,4181,8.362,0,995,-1.6736318655339346,0,0.035349328899573415
4182,4182,8.364,0,996,-0.6736318655339346,0,0.03463619986701885
4183,4183,8.366,0,999,2.3263681344660654,0,0.03393745733154652
4184,4184,8.368,0,1003,6.326368134466065,0,0.03325281106335387
4185,4185,8.37,0,1003,6.326368134466065,0,0.03258197668766604
4186,4186,8.372,0,1002,5.326368134466065,0,0.031924675566617856
4187,4187,8.374,0,993,-3.6736318655339346,0,0.0312806346835188
4188,4188,8.376,0,992,-4.673631865533935,0,0.030649586529452724
4189,4189,8.378,0,995,-1.6736318655339346,0,0.030031268992165343
4190,4190,8.38,0,998,1.3263681344660654,0,0.029425425247193226
4191,4191,8.382,0,999,2.3263681344660654,0,0.02883180365118916
4192,4192,8.384,0,996,-0.6736318655339346,0,0.028250157637399527
4193,4193,8.386,0,993,-3.6736318655339346,0,0.027680245613250304
4194,4194,8.388,0,989,-7.673631865533935,0,0.027121830859999134
4195,4195,8.39,0,991,-5.673631865533935,0,0.026574681434411794
4196,4196,8.392,0,998,1.3263681344660654,0,0.02603857007242222
4197,4197,8.394,0,1006,9.326368134466065,0,0.025513274094736076
4198,4198,8.396,0,1010,13.326368134466065,0,0.024998575314338634
4199,4199,8.398,0,1006,9.326368134466065,0,0.024494259945868603
4200,4200,8.4,0,999,2.3263681344660654,0,0.024000118516820202
4201,4201,8.402,0,989,-7.673631865533935,0,0.02351594578053662
4202,4202,8.404,0,987,-9.673631865533935,0,0.02304154063095875
4203,4203,8.406,0,988,-8.673631865533935,0,0.02257670601909373
4204,4204,8.408,0,992,-4.673631865533935,0,0.022121248871168658
4205,4205,8.41,0,996,-0.6736318655339346,0,0.02167498000843544
4206,4206,8.412,0,1000,3.3263681344660654,0,0.021237714068593466
4207,4207,8.414,0,1000,3.3263681344660654,0,0.020809269428797513
4208,4208,8.416,0,998,1.3263681344660654,0,0.02038946813021884
4209,4209,8.418,0,1000,3.3263681344660654,0,0.01997813580412819
4210,4210,8.42,0,999,2.3263681344660654,0,0.019575101599469964
4211,4211,8.422,0,999,2.3263681344660654,0,0.01918019811189751
4212,4212,8.424,0,997,0.3263681344660654,0,0.01879326131424002
4213,4213,8.426,0,994,-2.6736318655339346,0,0.018414130488372187
4214,4214,8.428,0,990,-6.673631865533935,0,0.018042648158458286
4215,4215,8.43,0,991,-5.673631865533935,0,0.01767866002554301
4216,4216,8.432,0,992,-4.673631865533935,0,0.017322014903461823
4217,4217,8.434,0,994,-2.6736318655339346,0,0.016972564656044242
4218,4218,8.436,0,997,0.3263681344660654,0,0.01663016413558399
4219,4219,8.438,0,997,0.3263681344660654,0,0.01629467112255042
4220,4220,8.44,0,1000,3.3263681344660654,0,0.015965946266516186
4221,4221,8.442,0,1004,7.326368134466065,0,0.015643853028276627
4222,4222,8.444,0,1006,9.326368134466065,0,0.015328257623136835
4223,4223,8.446,0,1003,6.326368134466065,0,0.01501902896534281
4224,4224,8.448,0,996,-0.6736318655339346,0,0.014716038613633669
4225,4225,8.45,0,989,-7.673631865533935,0,0.014419160717892265
4226,4226,8.452,0,987,-9.673631865533935,0,0.014128271966872063
4227,4227,8.454,0,992,-4.673631865533935,0,0.013843251536978561
4228,4228,8.456,0,994,-2.6736318655339346,0,0.013563981042083987
4229,4229,8.458,0,998,1.3263681344660654,0,0.013290344484354415
4230,4230,8.46,0,998,1.3263681344660654,0,0.013022228206068893
4231,4231,8.462,0,996,-0.6736318655339346,0,0.01275952084241055
4232,4232,8.464,0,995,-1.6736318655339346,0,0.012502113275210093
4233,4233,8.466,0,997,0.3263681344660654,0,0.012249898587622468
4234,4234,8.468,0,1000,3.3263681344660654,0,0.012002772019717863
4235,4235,8.47,0,1003,6.326368134466065,0,0.011760630924968603
4236,4236,8.472,0,1002,5.326368134466065,0,0.011523374727613883
4237,4237,8.474,0,998,1.3263681344660654,0,0.011290904880884597
4238,4238,8.476,0,994,-2.6736318655339346,0,0.011063124826070941
4239,4239,8.478,0,990,-6.673631865533935,0,0.010839939952415773
4240,4240,8.48,0,988,-8.673631865533935,0,0.010621257557817072
4241,4241,8.482,0,989,-7.673631865533935,0,0.010406986810323184
4242,4242,8.484,0,992,-4.673631865533935,0,0.010197038710404845
4243,4243,8.486,0,998,1.3263681344660654,0,0.009991326053988328
4244,4244,8.488,0,1002,5.326368134466065,0,0.00978976339623434
4245,4245,8.49,0,1003,6.326368134466065,0,0.009592267016047647
4246,4246,8.492,0,1002,5.326368134466065,0,0.009398754881302662
4247,4247,8.494,0,1000,3.3263681344660654,0,0.009209146614770573
4248,4248,8.496,0,995,-1.6736318655339346,0,0.009023363460733843
4249,4249,8.498,0,992,-4.673631865533935,0,0.00884132825227423
4250,4250,8.5,0,990,-6.673631865533935,0,0.008662965379220714
4251,4251,8.502,0,991,-5.673631865533935,0,0.008488200756744052
4252,4252,8.504,0,996,-0.6736318655339346,0,0.008316961794584892
4253,4253,8.506,0,998,1.3263681344660654,0,0.00814917736690267
4254,4254,8.508,0,998,1.3263681344660654,0,0.007984777782732773
4255,4255,8.51,0,997,0.3263681344660654,0,0.007823694757039685
4256,4256,8.512,0,998,1.3263681344660654,0,0.007665861382354113
4257,4257,8.514,0,999,2.3263681344660654,0,0.007511212100982281
4258,4258,8.516,0,1000,3.3263681344660654,0,0.007359682677775884
4259,4259,8.518,0,1003,6.326368134466065,0,0.007211210173451362
4260,4260,8.52,0,1003,6.326368134466065,0,0.0070657329184474335
4261,4261,8.522,0,998,1.3263681344660654,0,0.006923190487310017
4262,4262,8.524,0,992,-4.673631865533935,0,0.006783523673593904
4263,4263,8.526,0,988,-8.673631865533935,0,0.006646674465270763
4264,4264,8.528,0,987,-9.673631865533935,0,0.006512586020633251
4265,4265,8.53,0,992,-4.673631865533935,0,0.00638120264468524
4266,4266,8.532,0,998,1.3263681344660654,0,0.00625246976600833
4267,4267,8.534,0,1002,5.326368134466065,0,0.006126333914095057
4268,4268,8.536,0,1003,6.326368134466065,0,0.0060027426971393785
4269,4269,8.538,0,1002,5.326368134466065,0,0.005881644780275202
4270,4270,8.54,0,996,-0.6736318655339346,0,0.005762989864253929
4271,4271,8.542,0,988,-8.673631865533935,0,0.005646728664552151
4272,4272,8.544,0,987,-9.673631865533935,0,0.0055328128909008225
4273,4273,8.546,0,989,-7.673631865533935,0,0.005421195227227408
4274,4274,8.548,0,995,-1.6736318655339346,0,0.005311829312002672
4275,4275,8.55,0,1000,3.3263681344660654,0,0.005204669718983945
4276,4276,8.552,0,1000,3.3263681344660654,0,0.005099671938346875
4277,4277,8.554,0,997,0.3263681344660654,0,0.004996792358197821
4278,4278,8.556,0,996,-0.6736318655339346,0,0.004895988246459207
4279,4279,8.558,0,998,1.3263681344660654,0,0.004797217733120322
4280,4280,8.56,0,1000,3.3263681344660654,0,0.004700439792846187
4281,4281,8.562,0,998,1.3263681344660654,0,0.004605614227937265
4282,4282,8.564,0,997,0.3263681344660654,0,0.004512701651632936
4283,4283,8.566,0,998,1.3263681344660654,0,0.004421663471751812
4284,4284,8.568,0,995,-1.6736318655339346,0,0.004332461874662079
4285,4285,8.57,0,997,0.3263681344660654,0,0.004245059809575221
4286,4286,8.572,0,998,1.3263681344660654,0,0.004159420973156599
4287,4287,8.574,0,997,0.3263681344660654,0,0.004075509794446496
4288,4288,8.576,0,996,-0.6736318655339346,0,0.003993291420085354
4289,4289,8.578,0,995,-1.6736318655339346,0,0.003912731699837079
4290,4290,8.58,0,995,-1.6736318655339346,0,0.003833797172404394
4291,4291,8.582,0,994,-2.6736318655339346,0,0.00375645505153035
4292,4292,8.584,0,992,-4.673631865533935,0,0.0036806732123802195
4293,4293,8.586,0,992,-4.673631865533935,0,0.0036064201781981233
4294,4294,8.588,0,991,-5.673631865533935,0,0.003533665107232838
4295,4295,8.59,0,994,-2.6736318655339346,0,0.0034623777799273636
4296,4296,8.592,0,1000,3.3263681344660654,0,0.003392528586366922
4297,4297,8.594,0,1008,11.326368134466065,0,0.0033240885139801807
4298,4298,8.596,0,1009,12.326368134466065,0,0.0032570291354885846
4299,4299,8.598,0,1006,9.326368134466065,0,0.0031913225970987987
4300,4300,8.6,0,998,1.3263681344660654,0,0.003126941606933352
4301,4301,8.602,0,991,-5.673631865533935,0,0.0030638594236946795
4302,4302,8.604,0,991,-5.673631865533935,0,0.003002049845557853
4303,4303,8.606,0,990,-6.673631865533935,0,0.0029414871992873865
4304,4304,8.608,0,990,-6.673631865533935,0,0.0028821463295735984
4305,4305,8.61,0,986,-10.673631865533935,0,0.0028240025885840968
4306,4306,8.612,0,987,-9.673631865533935,0,0.002767031825726054
4307,4307,8.614,1,991,-5.673631865533935,0,0.002711210377615012
4308,4308,8.616,1,998,1.3263681344660654,0,0.002656515058246055
4309,4309,8.618,1,1004,7.326368134466065,0,0.0026029231493632675
4310,4310,8.62,1,1002,5.326368134466065,1,0.02376373953441838
4311,4311,8.622,1,1001,4.326368134466065,1,0.04447560719035157
4312,4312,8.624,1,1001,4.326368134466065,1,0.06474805103140586
4313,4313,8.626,1,1003,6.326368134466065,1,0.0845903938908617
4314,4314,8.628,1,1005,8.326368134466065,1,0.10401176080839473
4315,4315,8.63,1,1004,7.326368134466065,1,0.12302108322647286
4316,4316,8.632,1,995,-1.6736318655339346,1,0.1416271030977224
4317,4317,8.634,1,984,-12.673631865533935,1,0.15983837690515207
4318,4318,8.636,1,976,-20.673631865533935,1,0.177663279597084
4319,4319,8.638,1,982,-14.673631865533935,1,0.19511000843860077
4320,4320,8.64,1,998,1.3263681344660654,1,0.21218658678128016
4321,4321,8.642,1,1010,13.326368134466065,1,0.22890086775295115
4322,4322,8.644,1,1013,16.326368134466065,1,0.24526053786916774
4323,4323,8.646,1,1008,11.326368134466065,1,0.26127312056806157
4324,4324,8.648,1,1003,6.326368134466065,1,0.27694597967019924
4325,4325,8.65,1,1000,3.3263681344660654,1,0.2922863227650348
4326,4326,8.652,1,1003,6.326368134466065,1,0.30730120452551535
4327,4327,8.654,1,1003,6.326368134466065,1,0.32199752995236386
4328,4328,8.656,1,998,1.3263681344660654,1,0.33638205754953104
4329,4329,8.658,1,989,-7.673631865533935,1,0.35046140243227664
4330,4330,8.66,1,979,-17.673631865533935,1,0.3642420393693098
4331,4331,8.662,1,979,-17.673631865533935,1,0.3777303057603871
4332,4332,8.664,1,990,-6.673631865533935,1,0.3909324045507375
4333,4333,8.666,1,1004,7.326368134466065,1,0.40385440708365544
4334,4334,8.668,1,1016,19.326368134466065,1,0.4165022558925724
4335,4335,8.67,1,1020,23.326368134466065,1,0.4288817674338923
4336,4336,8.672,1,1017,20.326368134466065,1,0.4409986347618466
4337,4337,8.674,1,1006,9.326368134466065,1,0.4528584301466
4338,4338,8.676,1,995,-1.6736318655339346,1,0.4644666076368098
4339,4339,8.678,1,988,-8.673631865533935,1,0.47582850556781825
4340,4340,8.68,1,994,-2.6736318655339346,1,0.48694934901663095
4341,4341,8.682,1,998,1.3263681344660654,1,0.4978342522048101
4342,4342,8.684,1,997,0.3263681344660654,1,0.5084882208503881
4343,4343,8.686,1,992,-4.673631865533935,1,0.518916154469883
4344,4344,8.688,1,987,-9.673631865533935,1,0.5291228486314737
4345,4345,8.69,1,994,-2.6736318655339346,1,0.5391129971603724
4346,4346,8.692,1,1001,4.326368134466065,1,0.5488911942974072
4347,4347,8.694,1,999,2.3263681344660654,1,0.5584619368118086
4348,4348,8.696,1,996,-0.6736318655339346,1,0.5678296260691708
4349,4349,8.698,1,997,0.3263681344660654,1,0.576998570055539
4350,4350,8.7,1,1002,5.326368134466065,1,0.5859729853585537
4351,4351,8.702,1,1005,8.326368134466065,1,0.5947569991065629
4352,4352,8.704,1,998,1.3263681344660654,1,0.603354650866594
4353,4353,8.706,1,990,-6.673631865533935,1,0.6117698945020584
4354,4354,8.708,1,996,-0.6736318655339346,1,0.6200065999910427
4355,4355,8.71,1,1008,11.326368134466065,1,0.6280685552060232
4356,4356,8.712,1,1011,14.326368134466065,1,0.635959467655822
4357,4357,8.714,1,997,0.3263681344660654,1,0.6436829661906052
4358,4358,8.716,1,980,-16.673631865533935,1,0.6512426026707081
4359,4359,8.718,1,982,-14.673631865533935,1,0.6586418536000549
4360,4360,8.72,1,999,2.3263681344660654,1,0.6658841217249231
4361,4361,8.722,1,1011,14.326368134466065,1,0.6729727375987884
4362,4362,8.724,1,1009,12.326368134466065,1,0.6799109611139708
4363,4363,8.726,1,996,-0.6736318655339346,1,0.6867019830007838
4364,4364,8.728,1,981,-15.673631865533935,1,0.6933489262948788
4365,4365,8.73,1,969,-27.673631865533935,1,0.6998548477734574
4366,4366,8.732,1,969,-27.673631865533935,1,0.7062227393610135
4367,4367,8.734,1,996,-0.6736318655339346,1,0.7124555295052512
4368,4368,8.736,1,1030,33.326368134466065,1,0.7185560845238101
4369,4369,8.738,1,1041,44.326368134466065,1,0.7245272099224206
4370,4370,8.74,1,1024,27.326368134466065,1,0.7303716516850902
4371,4371,8.742,1,995,-1.6736318655339346,1,0.7360920975369201
4372,4372,8.744,1,970,-26.673631865533935,1,0.7416911781801276
4373,4373,8.746,1,959,-37.673631865533935,1,0.7471714685038467
4374,4374,8.748,1,963,-33.673631865533935,1,0.7525354887682598
4375,4375,8.75,1,981,-15.673631865533935,1,0.7577857057636085
4376,4376,8.752,1,1007,10.326368134466065,1,0.7629245339446135
4377,4377,8.754,1,1028,31.326368134466065,1,0.7679543365408272
4378,4378,8.756,1,1025,28.326368134466065,1,0.7728774266434295
4379,4379,8.758,1,1001,4.326368134466065,1,0.7776960682689646
4380,4380,8.76,1,974,-22.673631865533935,1,0.7824124774005112
4381,4381,8.762,1,967,-29.673631865533935,1,0.787028823006762
4382,4382,8.764,1,982,-14.673631865533935,1,0.7915472280394829
4383,4383,8.766,1,1002,5.326368134466065,1,0.7959697704098099
4384,4384,8.768,1,1005,8.326368134466065,1,0.8002984839438332
4385,4385,8.77,1,999,2.3263681344660654,1,0.804535359317907
4386,4386,8.772,1,997,0.3263681344660654,1,0.8086823449741162
4387,4387,8.774,1,998,1.3263681344660654,1,0.8127413480163201
4388,4388,8.776,1,1003,6.326368134466065,1,0.8167142350871863
4389,4389,8.778,1,1011,14.326368134466065,1,0.8206028332266164
4390,4390,8.78,1,1018,21.326368134466065,1,0.8244089307119604
4391,4391,8.782,1,1010,13.326368134466065,1,0.8281342778804043
4392,4392,8.784,1,979,-17.673631865533935,1,0.83178058793391
4393,4393,8.786,1,953,-43.673631865533935,1,0.835349537727078
4394,4394,8.788,1,954,-42.673631865533935,1,0.8388427685382943
4395,4395,8.79,1,981,-15.673631865533935,1,0.842261886824517
4396,4396,8.792,1,1009,12.326368134466065,1,0.8456084649600485
4397,4397,8.794,1,1022,25.326368134466065,1,0.8488840419596354
4398,4398,8.796,1,1019,22.326368134466065,1,0.8520901241862257
4399,4399,8.798,1,1008,11.326368134466065,1,0.8552281860437102
4400,4400,8.8,1,995,-1.6736318655339346,1,0.8582996706549681
4401,4401,8.802,1,988,-8.673631865533935,1,0.8613059905255257
4402,4402,8.804,1,992,-4.673631865533935,1,0.864248528193135
4403,4403,8.806,1,994,-2.6736318655339346,1,0.867128636863572
4404,4404,8.808,1,991,-5.673631865533935,1,0.8699476410329445
4405,4405,8.81,1,983,-13.673631865533935,1,0.8727068370967979
4406,4406,8.812,1,977,-19.673631865533935,1,0.8754074939462975
4407,4407,8.814,1,989,-7.673631865533935,1,0.8780508535517629
4408,4408,8.816,1,1014,17.326368134466065,1,0.8806381315338216
4409,4409,8.818,1,1026,29.326368134466065,1,0.883170517722445
4410,4410,8.82,1,1012,15.326368134466065,1,0.8856491767041242
4411,4411,8.822,1,986,-10.673631865533935,1,0.8880752483574366
4412,4412,8.824,1,984,-12.673631865533935,1,0.8904498483772498
4413,4413,8.826,1,999,2.3263681344660654,1,0.8927740687878046
4414,4414,8.828,1,1005,8.326368134466065,1,0.8950489784449116
4415,4415,8.83,1,996,-0.6736318655339346,1,0.8972756235274937
4416,4416,8.832,1,976,-20.673631865533935,1,0.8994550280186997
4417,4417,8.834,1,965,-31.673631865533935,1,0.9015881941768109
4418,4418,8.836,1,970,-26.673631865533935,1,0.9036761029961567
4419,4419,8.838,1,1002,5.326368134466065,1,0.9057197146582516
4420,4420,8.84,1,1031,34.326368134466065,1,0.9077199689733604
4421,4421,8.842,1,1028,31.326368134466065,1,0.9096777858126956
4422,4422,8.844,1,995,-1.6736318655339346,1,0.9115940655314454
4423,4423,8.846,1,966,-30.673631865533935,1,0.9134696893828259
4424,4424,8.848,1,968,-28.673631865533935,1,0.91530551992335
4425,4425,8.85,1,1001,4.326368134466065,1,0.9171024014094966
4426,4426,8.852,1,1033,36.326368134466065,1,0.9188611601859656
4427,4427,8.854,1,1038,41.326368134466065,1,0.9205826050656947
4428,4428,8.856,1,1015,18.326368134466065,1,0.9222675277018133
4429,4429,8.858,1,978,-18.673631865533935,1,0.9239167029517069
4430,4430,8.86,1,954,-42.673631865533935,1,0.9255308892333554
4431,4431,8.862,1,955,-41.673631865533935,1,0.9271108288741122
4432,4432,8.864,1,973,-23.673631865533935,1,0.9286572484520841
4433,4433,8.866,1,989,-7.673631865533935,1,0.9301708591302675
4434,4434,8.868,1,1000,3.3263681344660654,1,0.9316523569835963
4435,4435,8.87,1,1013,16.326368134466065,1,0.9331024233190504
4436,4436,8.872,1,1030,33.326368134466065,1,0.9345217249889737
4437,4437,8.874,1,1039,42.326368134466065,1,0.935910914697744
4438,4438,8.876,1,1029,32.326368134466065,1,0.9372706313019368
4439,4439,8.878,1,1005,8.326368134466065,1,0.9386015001041209
4440,4440,8.88,1,982,-14.673631865533935,1,0.9399041331404208
4441,4441,8.882,1,966,-30.673631865533935,1,0.9411791294619778
4442,4442,8.884,1,961,-35.673631865533935,1,0.9424270754104404
4443,4443,8.886,1,964,-32.673631865533935,1,0.943648544887609
4444,4444,8.888,1,985,-11.673631865533935,1,0.9448440996193606
4445,4445,8.89,1,1011,14.326368134466065,1,0.9460142894139733
4446,4446,8.892,1,1019,22.326368134466065,1,0.9471596524149706
4447,4447,8.894,1,1006,9.326368134466065,1,0.9482807153486017
4448,4448,8.896,1,989,-7.673631865533935,1,0.9493779937660705
4449,4449,8.898,1,988,-8.673631865533935,1,0.9504519922806257
4450,4450,8.9,1,997,0.3263681344660654,1,0.9515032047996212
4451,4451,8.902,1,999,2.3263681344660654,1,0.9525321147516529
4452,4452,8.904,1,999,2.3263681344660654,1,0.9535391953088757
4453,4453,8.906,1,1004,7.326368134466065,1,0.9545249096046055
4454,4454,8.908,1,1007,10.326368134466065,1,0.955489710946303
4455,4455,8.91,1,1003,6.326368134466065,1,0.9564340430240398
4456,4456,8.912,1,992,-4.673631865533935,1,0.957358340114541
4457,4457,8.914,1,986,-10.673631865533935,1,0.9582630272808994
4458,4458,8.916,1,989,-7.673631865533935,1,0.9591485205680521
4459,4459,8.918,1,991,-5.673631865533935,1,0.96001522719411
4460,4460,8.92,1,993,-3.6736318655339346,1,0.9608635457376286
4461,4461,8.922,1,993,-3.6736318655339346,1,0.9616938663209043
4462,4462,8.924,1,992,-4.673631865533935,1,0.9625065707893836
4463,4463,8.926,1,996,-0.6736318655339346,1,0.9633020328872646
4464,4464,8.928,1,1003,6.326368134466065,1,0.9640806184293733
4465,4465,8.93,1,1005,8.326368134466065,1,0.9648426854693939
4466,4466,8.932,1,999,2.3263681344660654,1,0.9655885844645292
4467,4467,8.934,1,998,1.3263681344660654,1,0.966318658436668
4468,4468,8.936,1,995,-1.6736318655339346,1,0.9670332431301327
4469,4469,8.938,1,990,-6.673631865533935,1,0.9677326671660811
4470,4470,8.94,1,987,-9.673631865533935,1,0.9684172521936311
4471,4471,8.942,1,993,-3.6736318655339346,1,0.9690873130377798
4472,4472,8.944,1,996,-0.6736318655339346,1,0.9697431578441851
4473,4473,8.946,1,994,-2.6736318655339346,1,0.9703850882208737
4474,4474,8.948,1,987,-9.673631865533935,1,0.9710133993769445
4475,4475,8.95,1,993,-3.6736318655339346,1,0.9716283802583285
4476,4476,8.952,1,1012,15.326368134466065,1,0.972230313680668
4477,4477,8.954,1,1031,34.326368134466065,1,0.9728194764593774
4478,4478,8.956,1,1029,32.326368134466065,1,0.9733961395369441
4479,4479,8.958,1,998,1.3263681344660654,1,0.9739605681075291
4480,4480,8.96,1,963,-33.673631865533935,1,0.9745130217389228
4481,4481,8.962,1,945,-51.673631865533935,1,0.9750537544919158
4482,4482,8.964,1,959,-37.673631865533935,1,0.9755830150371341
4483,4483,8.966,1,988,-8.673631865533935,1,0.9761010467693979
4484,4484,8.968,1,1018,21.326368134466065,1,0.9766080879196534
4485,4485,8.97,1,1027,30.326368134466065,1,0.9771043716645291
4486,4486,8.972,1,1016,19.326368134466065,1,0.9775901262335691
4487,4487,8.974,1,990,-6.673631865533935,1,0.9780655750141902
4488,4488,8.976,1,979,-17.673631865533935,1,0.9785309366544128
4489,4489,8.978,1,986,-10.673631865533935,1,0.9789864251634123
4490,4490,8.98,1,1001,4.326368134466065,1,0.9794322500099365
4491,4491,8.982,1,1014,17.326368134466065,1,0.9798686162186362
4492,4492,8.984,1,1026,29.326368134466065,1,0.9802957244643508
4493,4493,8.986,1,1022,25.326368134466065,1,0.9807137711643942
4494,4494,8.988,1,995,-1.6736318655339346,1,0.9811229485688829
4495,4495,8.99,1,965,-31.673631865533935,1,0.9815234448491472
4496,4496,8.992,1,958,-38.673631865533935,1,0.9819154441842667
4497,4497,8.994,1,975,-21.673631865533935,1,0.9822991268457704
4498,4498,8.996,1,996,-0.6736318655339346,1,0.9826746692805391
4499,4499,8.998,1,1008,11.326368134466065,1,0.9830422441919501
4500,4500,9.0,1,1007,10.326368134466065,1,0.9834020206192982
4501,4501,9.002,1,998,1.3263681344660654,1,0.9837541640155341
4502,4502,9.004,1,986,-10.673631865533935,1,0.984098836323352
4503,4503,9.006,1,982,-14.673631865533935,1,0.9844361960496636
4504,4504,9.008,1,991,-5.673631865533935,1,0.9847663983384912
4505,4505,9.01,1,997,0.3263681344660654,1,0.9850895950423156
4506,4506,9.012,1,1001,4.326368134466065,1,0.9854059347919093
4507,4507,9.014,1,1015,18.326368134466065,1,0.9857155630646881
4508,4508,9.016,1,1030,33.326368134466065,1,0.9860186222516134
4509,4509,9.018,1,1029,32.326368134466065,1,0.9863152517226741
4510,4510,9.02,1,999,2.3263681344660654,1,0.9866055878909799
4511,4511,9.022,1,959,-37.673631865533935,1,0.9868897642754944
4512,4512,9.024,1,943,-53.673631865533935,1,0.9871679115624376
4513,4513,9.026,1,966,-30.673631865533935,1,0.9874401576653853
4514,4514,9.028,1,1005,8.326368134466065,1,0.9877066277840939
4515,4515,9.03,1,1026,29.326368134466065,1,0.9879674444620767
4516,4516,9.032,1,1024,27.326368134466065,1,0.9882227276429588
4517,4517,9.034,1,1010,13.326368134466065,1,0.9884725947256368
4518,4518,9.036,1,997,0.3263681344660654,1,0.9887171606182672
4519,4519,9.038,1,977,-19.673631865533935,1,0.9889565377911107
4520,4520,9.04,1,955,-41.673631865533935,1,0.9891908363282544
4521,4521,9.042,1,959,-37.673631865533935,1,0.9894201639782372
4522,4522,9.044,1,995,-1.6736318655339346,1,0.9896446262036003
4523,4523,9.046,1,1029,32.326368134466065,1,0.9898643262293876
4524,4524,9.048,1,1029,32.326368134466065,1,0.9900793650906162
4525,4525,9.05,1,1010,13.326368134466065,1,0.9902898416787405
4526,4526,9.052,1,1008,11.326368134466065,1,0.9904958527871295
4527,4527,9.054,1,1020,23.326368134466065,1,0.9906974931555804
4528,4528,9.056,1,1014,17.326368134466065,1,0.9908948555138871
4529,4529,9.058,1,966,-30.673631865533935,1,0.9910880306244844
4530,4530,9.06,1,918,-78.67363186553393,1,0.9912771073241875
4531,4531,9.062,1,929,-67.67363186553393,1,0.9914621725650465
4532,4532,9.064,1,1001,4.326368134466065,1,0.991643311454333
4533,4533,9.066,1,1068,71.32636813446607,1,0.9918206072936795
4534,4534,9.068,1,1064,67.32636813446607,1,0.9919941416173876
4535,4535,9.07,1,1016,19.326368134466065,1,0.992163994229924
4536,4536,9.072,1,976,-20.673631865533935,1,0.9923302432426205
4537,4537,9.074,1,979,-17.673631865533935,1,0.992492965109596
4538,4538,9.076,1,996,-0.6736318655339346,1,0.9926522346629153
4539,4539,9.078,1,996,-0.6736318655339346,1,0.9928081251470037
4540,4540,9.08,1,973,-23.673631865533935,1,0.9929607082523293
4541,4541,9.082,1,956,-40.673631865533935,1,0.9931100541483726
4542,4542,9.084,1,961,-35.673631865533935,1,0.9932562315158957
4543,4543,9.086,1,987,-9.673631865533935,1,0.9933993075785267
4544,4544,9.088,1,1010,13.326368134466065,1,0.9935393481336745
4545,4545,9.09,1,1024,27.326368134466065,1,0.9936764175827878
4546,4546,9.092,1,1027,30.326368134466065,1,0.9938105789609712
4547,4547,9.094,1,1029,32.326368134466065,1,0.9939418939659743
4548,4548,9.096,1,1013,16.326368134466065,1,0.9940704229865646
4549,4549,9.098,1,985,-11.673631865533935,1,0.994196225130299
4550,4550,9.1,1,968,-28.673631865533935,1,0.9943193582507065
4551,4551,9.102,1,980,-16.673631865533935,1,0.994439878973893
4552,4552,9.104,1,1000,3.3263681344660654,1,0.9945578427245826
4553,4553,9.106,1,1005,8.326368134466065,1,0.9946733037516063
4554,4554,9.108,1,991,-5.673631865533935,1,0.99478631515285
4555,4555,9.11,1,975,-21.673631865533935,1,0.9948969288996723
4556,4556,9.112,1,973,-23.673631865533935,1,0.9950051958608056
4557,4557,9.114,1,989,-7.673631865533935,1,0.9951111658257493
4558,4558,9.116,1,1008,11.326368134466065,1,0.9952148875276666
4559,4559,9.118,1,1018,21.326368134466065,1,0.9953164086657961
4560,4560,9.12,1,1012,15.326368134466065,1,0.9954157759273873
4561,4561,9.122,1,1001,4.326368134466065,1,0.9955130350091712
4562,4562,9.124,1,1000,3.3263681344660654,1,0.9956082306383753
4563,4563,9.126,1,1008,11.326368134466065,1,0.9957014065932922
4564,4564,9.128,1,995,-1.6736318655339346,1,0.9957926057234125
4565,4565,9.13,1,964,-32.673631865533935,1,0.9958818699691305
4566,4566,9.132,1,945,-51.673631865533935,1,0.9959692403810313
4567,4567,9.134,1,968,-28.673631865533935,1,0.996054757138769
4568,4568,9.136,1,1014,17.326368134466065,1,0.9961384595695447
4569,4569,9.138,1,1041,44.326368134466065,1,0.996220386166192
4570,4570,9.14,1,1035,38.326368134466065,1,0.996300574604879
4571,4571,9.142,1,1009,12.326368134466065,1,0.9963790617624346
4572,4572,9.144,1,985,-11.673631865533935,1,0.9964558837333077
4573,4573,9.146,1,973,-23.673631865533935,1,0.9965310758461657
4574,4574,9.148,1,974,-22.673631865533935,1,0.9966046726801416
4575,4575,9.15,1,987,-9.673631865533935,1,0.996676708080736
4576,4576,9.152,1,1001,4.326368134466065,1,0.9967472151753823
4577,4577,9.154,1,1002,5.326368134466065,1,0.9968162263886808
4578,4578,9.156,1,995,-1.6736318655339346,1,0.9968837734573102
4579,4579,9.158,1,989,-7.673631865533935,1,0.9969498874446223
4580,4580,9.16,1,986,-10.673631865533935,1,0.997014598754928
4581,4581,9.162,1,993,-3.6736318655339346,1,0.9970779371474789
4582,4582,9.164,1,1011,14.326368134466065,1,0.9971399317501531
4583,4583,9.166,1,1023,26.326368134466065,1,0.9972006110728506
4584,4584,9.168,1,1001,4.326368134466065,1,0.9972600030206041
4585,4585,9.17,1,971,-25.673631865533935,1,0.997318134906412
4586,4586,9.172,1,970,-26.673631865533935,1,0.9973750334637991
4587,4587,9.174,1,1007,10.326368134466065,1,0.9974307248591107
4588,4588,9.176,1,1042,45.326368134466065,1,0.9974852347035457
4589,4589,9.178,1,1025,28.326368134466065,1,0.9975385880649349
4590,4590,9.18,1,965,-31.673631865533935,1,0.997590809479269
4591,4591,9.182,1,929,-67.67363186553393,1,0.9976419229619823
4592,4592,9.184,1,955,-41.673631865533935,1,0.9976919520189962
4593,4593,9.186,1,1014,17.326368134466065,1,0.99774091965753
4594,4594,9.188,1,1050,53.326368134466065,1,0.9977888483966807
4595,4595,9.19,1,1038,41.326368134466065,1,0.9978357602777793
4596,4596,9.192,1,1005,8.326368134466065,1,0.9978816768745271
4597,4597,9.194,1,976,-20.673631865533935,1,0.9979266193029167
4598,4598,9.196,1,968,-28.673631865533935,1,0.9979706082309431
4599,4599,9.198,1,975,-21.673631865533935,1,0.9980136638881082
4600,4600,9.2,1,985,-11.673631865533935,1,0.998055806074724
4601,4601,9.202,1,989,-7.673631865533935,1,0.9980970541710185
4602,4602,9.204,1,995,-1.6736318655339346,1,0.9981374271460476
4603,4603,9.206,1,1003,6.326368134466065,1,0.9981769435664192
4604,4604,9.208,1,1012,15.326368134466065,1,0.9982156216048313
4605,4605,9.21,1,1017,20.326368134466065,1,0.9982534790484293
4606,4606,9.212,1,1016,19.326368134466065,1,0.9982905333069856
4607,4607,9.214,1,1011,14.326368134466065,1,0.9983268014209061
4608,4608,9.216,1,999,2.3263681344660654,1,0.9983623000690671
4609,4609,9.218,1,987,-9.673631865533935,1,0.998397045576485
4610,4610,9.22,1,981,-15.673631865533935,1,0.998431053921824
4611,4611,9.222,1,972,-24.673631865533935,1,0.9984643407447442
4612,4612,9.224,1,964,-32.673631865533935,1,0.9984969213530944
4613,4613,9.226,1,969,-27.673631865533935,1,0.9985288107299511
4614,4614,9.228,1,996,-0.6736318655339346,1,0.9985600235405094
4615,4615,9.23,1,1029,32.326368134466065,1,0.9985905741388271
4616,4616,9.232,1,1039,42.326368134466065,1,0.9986204765744255
4617,4617,9.234,1,1011,14.326368134466065,1,0.9986497445987511
4618,4618,9.236,1,980,-16.673631865533935,1,0.9986783916714986
4619,4619,9.238,1,975,-21.673631865533935,1,0.9987064309668019
4620,4620,9.24,1,987,-9.673631865533935,1,0.9987338753792914
4621,4621,9.242,1,992,-4.673631865533935,1,0.9987607375300248
4622,4622,9.244,1,1000,3.3263681344660654,1,0.9987870297722908
4623,4623,9.246,1,1010,13.326368134466065,1,0.9988127641972905
4624,4624,9.248,1,1009,12.326368134466065,1,0.9988379526396972
4625,4625,9.25,1,995,-1.6736318655339346,1,0.9988626066830996
4626,4626,9.252,1,982,-14.673631865533935,1,0.9988867376653283
4627,4627,9.254,1,974,-22.673631865533935,1,0.9989103566836703
4628,4628,9.256,1,982,-14.673631865533935,1,0.998933474599972
4629,4629,9.258,1,1001,4.326368134466065,1,0.9989561020456341
4630,4630,9.26,1,1017,20.326368134466065,1,0.9989782494265016
4631,4631,9.262,1,1017,20.326368134466065,1,0.9989999269276483
4632,4632,9.264,1,1003,6.326368134466065,1,0.9990211445180612
4633,4633,9.266,1,988,-8.673631865533935,1,0.999041911955225
4634,4634,9.268,1,984,-12.673631865533935,1,0.999062238789609
4635,4635,9.27,1,990,-6.673631865533935,1,0.9990821343690595
4636,4636,9.272,1,1003,6.326368134466065,1,0.9991016078430983
4637,4637,9.274,1,1005,8.326368134466065,1,0.999120668167131
4638,4638,9.276,1,989,-7.673631865533935,1,0.9991393241065645
4639,4639,9.278,1,972,-24.673631865533935,1,0.9991575842408387
4640,4640,9.28,1,979,-17.673631865533935,1,0.9991754569673718
4641,4641,9.282,1,1000,3.3263681344660654,1,0.9991929505054219
4642,4642,9.284,1,1014,17.326368134466065,1,0.9992100728998672
4643,4643,9.286,1,1006,9.326368134466065,1,0.9992268320249053
4644,4644,9.288,1,985,-11.673631865533935,1,0.9992432355876743
4645,4645,9.29,1,981,-15.673631865533935,1,0.9992592911317977
4646,4646,9.292,1,1006,9.326368134466065,1,0.9992750060408531
4647,4647,9.294,1,1031,34.326368134466065,1,0.9992903875417677
4648,4648,9.296,1,1023,26.326368134466065,1,0.9993054427081419
4649,4649,9.298,1,984,-12.673631865533935,1,0.9993201784635026
4650,4650,9.3,1,953,-43.673631865533935,1,0.9993346015844865
4651,4651,9.302,1,960,-36.673631865533935,1,0.9993487187039571
4652,4652,9.304,1,993,-3.6736318655339346,1,0.9993625363140549
4653,4653,9.306,1,1012,15.326368134466065,1,0.9993760607691827
4654,4654,9.308,1,1010,13.326368134466065,1,0.9993892982889281
4655,4655,9.31,1,1003,6.326368134466065,1,0.9994022549609236
4656,4656,9.312,1,1002,5.326368134466065,1,0.9994149367436465
4657,4657,9.314,1,1008,11.326368134466065,1,0.9994273494691583
4658,4658,9.316,1,1012,15.326368134466065,1,0.999439498845788
4659,4659,9.318,1,1002,5.326368134466065,1,0.9994513904607557
4660,4660,9.32,1,991,-5.673631865533935,1,0.9994630297827434
4661,4661,9.322,1,987,-9.673631865533935,1,0.999474422164409
4662,4662,9.324,1,981,-15.673631865533935,1,0.9994855728448482
4663,4663,9.326,1,971,-25.673631865533935,1,0.999496486952004
4664,4664,9.328,1,958,-38.673631865533935,1,0.9995071695050247
4665,4665,9.33,1,960,-36.673631865533935,1,0.9995176254165721
4666,4666,9.332,1,988,-8.673631865533935,1,0.9995278594950807
4667,4667,9.334,1,1030,33.326368134466065,1,0.9995378764469692
4668,4668,9.336,1,1051,54.326368134466065,1,0.9995476808788047
4669,4669,9.338,1,1047,50.326368134466065,1,0.9995572772994212
4670,4670,9.34,1,1021,24.326368134466065,1,0.999566670121993
4671,4671,9.342,1,987,-9.673631865533935,1,0.9995758636660643
4672,4672,9.344,1,966,-30.673631865533935,1,0.9995848621595359
4673,4673,9.346,1,973,-23.673631865533935,1,0.9995936697406091
4674,4674,9.348,1,994,-2.6736318655339346,1,0.9996022904596891
4675,4675,9.35,1,999,2.3263681344660654,1,0.9996107282812472
4676,4676,9.352,1,982,-14.673631865533935,1,0.9996189870856448
4677,4677,9.354,1,968,-28.673631865533935,1,0.999627070670917
4678,4678,9.356,1,980,-16.673631865533935,1,0.9996349827545199
4679,4679,9.358,1,1011,14.326368134466065,1,0.9996427269750398
4680,4680,9.36,1,1027,30.326368134466065,1,0.9996503068938665
4681,4681,9.362,1,1016,19.326368134466065,1,0.9996577259968313
4682,4682,9.364,1,990,-6.673631865533935,1,0.9996649876958101
4683,4683,9.366,1,969,-27.673631865533935,1,0.9996720953302921
4684,4684,9.368,1,968,-28.673631865533935,1,0.999679052168916
4685,4685,9.37,1,984,-12.673631865533935,1,0.9996858614109725
4686,4686,9.372,1,1005,8.326368134466065,1,0.9996925261878764
4687,4687,9.374,1,1017,20.326368134466065,1,0.9996990495646063
4688,4688,9.376,1,1021,24.326368134466065,1,0.9997054345411138
4689,4689,9.378,1,1018,21.326368134466065,1,0.9997116840537037
4690,4690,9.38,1,1014,17.326368134466065,1,0.9997178009763839
4691,4691,9.382,1,1003,6.326368134466065,1,0.9997237881221871
4692,4692,9.384,1,994,-2.6736318655339346,1,0.9997296482444648
4693,4693,9.386,1,986,-10.673631865533935,1,0.9997353840381532
4694,4694,9.388,1,974,-22.673631865533935,1,0.9997409981410127
4695,4695,9.39,1,960,-36.673631865533935,1,0.9997464931348408
4696,4696,9.392,1,961,-35.673631865533935,1,0.9997518715466593
4697,4697,9.394,1,978,-18.673631865533935,1,0.9997571358498771
4698,4698,9.396,1,997,0.3263681344660654,1,0.9997622884654267
4699,4699,9.398,1,1011,14.326368134466065,1,0.9997673317628781
4700,4700,9.4,1,1026,29.326368134466065,1,0.9997722680615285
4701,4701,9.402,1,1035,38.326368134466065,1,0.9997770996314688
4702,4702,9.404,1,1017,20.326368134466065,1,0.9997818286946274
4703,4703,9.406,1,977,-19.673631865533935,1,0.9997864574257924
4704,4704,9.408,1,954,-42.673631865533935,1,0.9997909879536113
4705,4705,9.41,1,972,-24.673631865533935,1,0.9997954223615704
4706,4706,9.412,1,1013,16.326368134466065,1,0.9997997626889523
4707,4707,9.414,1,1041,44.326368134466065,1,0.9998040109317744
4708,4708,9.416,1,1032,35.326368134466065,1,0.9998081690437064
4709,4709,9.418,1,1000,3.3263681344660654,1,0.9998122389369689
4710,4710,9.42,1,978,-18.673631865533935,1,0.9998162224832127
4711,4711,9.422,1,981,-15.673631865533935,1,0.9998201215143796
4712,4712,9.424,1,984,-12.673631865533935,1,0.999823937823545
4713,4713,9.426,1,971,-25.673631865533935,1,0.999827673165742
4714,4714,9.428,1,950,-46.673631865533935,1,0.999831329258769
4715,4715,9.43,1,952,-44.673631865533935,1,0.9998349077839799
4716,4716,9.432,1,993,-3.6736318655339346,1,0.9998384103870563
4717,4717,9.434,1,1037,40.326368134466065,1,0.9998418386787654
4718,4718,9.436,1,1047,50.326368134466065,1,0.9998451942357001
4719,4719,9.438,1,1025,28.326368134466065,1,0.9998484786010042
4720,4720,9.44,1,1010,13.326368134466065,1,0.9998516932850824
4721,4721,9.442,1,1018,21.326368134466065,1,0.9998548397662942
4722,4722,9.444,1,1023,26.326368134466065,1,0.9998579194916344
4723,4723,9.446,1,1005,8.326368134466065,1,0.9998609338773983
4724,4724,9.448,1,965,-31.673631865533935,1,0.9998638843098329
4725,4725,9.45,1,929,-67.67363186553393,1,0.9998667721457747
4726,4726,9.452,1,930,-66.67363186553393,1,0.9998695987132733
4727,4727,9.454,1,973,-23.673631865533935,1,0.9998723653122025
4728,4728,9.456,1,1016,19.326368134466065,1,0.9998750732148578
4729,4729,9.458,1,1024,27.326368134466065,1,0.9998777236665418
4730,4730,9.46,1,1006,9.326368134466065,1,0.9998803178861366
4731,4731,9.462,1,999,2.3263681344660654,1,0.9998828570666645
4732,4732,9.464,1,1015,18.326368134466065,1,0.9998853423758364
4733,4733,9.466,1,1031,34.326368134466065,1,0.9998877749565892
4734,4734,9.468,1,1018,21.326368134466065,1,0.9998901559276112
4735,4735,9.47,1,988,-8.673631865533935,1,0.9998924863838565
4736,4736,9.472,1,976,-20.673631865533935,1,0.9998947673970486
4737,4737,9.474,1,990,-6.673631865533935,1,0.9998970000161734
4738,4738,9.476,1,999,2.3263681344660654,1,0.9998991852679613
4739,4739,9.478,1,998,1.3263681344660654,1,0.9999013241573596
4740,4740,9.48,1,994,-2.6736318655339346,1,0.9999034176679946
4741,4741,9.482,1,977,-19.673631865533935,1,0.999905466762624
4742,4742,9.484,1,963,-33.673631865533935,1,0.9999074723835797
4743,4743,9.486,1,962,-34.673631865533935,1,0.9999094354532007
4744,4744,9.488,1,987,-9.673631865533935,1,0.9999113568742578
4745,4745,9.49,1,1028,31.326368134466065,1,0.9999132375303688
4746,4746,9.492,1,1052,55.326368134466065,1,0.9999150782864042
4747,4747,9.494,1,1046,49.326368134466065,1,0.9999168799888859
4748,4748,9.496,1,1012,15.326368134466065,1,0.9999186434663754
4749,4749,9.498,1,973,-23.673631865533935,1,0.9999203695298557
4750,4750,9.5,1,950,-46.673631865533935,1,0.999922058973104
4751,4751,9.502,1,950,-46.673631865533935,1,0.9999237125730567
4752,4752,9.504,1,964,-32.673631865533935,1,0.9999253310901663
4753,4753,9.506,1,987,-9.673631865533935,1,0.9999269152687521
4754,4754,9.508,1,1014,17.326368134466065,1,0.9999284658373415
4755,4755,9.51,1,1036,39.326368134466065,1,0.9999299835090055
4756,4756,9.512,1,1042,45.326368134466065,1,0.9999314689816866
4757,4757,9.514,1,1025,28.326368134466065,1,0.9999329229385198
4758,4758,9.516,1,992,-4.673631865533935,1,0.9999343460481463
4759,4759,9.518,1,976,-20.673631865533935,1,0.9999357389650221
4760,4760,9.52,1,983,-13.673631865533935,1,0.9999371023297174
4761,4761,9.522,1,994,-2.6736318655339346,1,0.9999384367692128
4762,4762,9.524,1,991,-5.673631865533935,1,0.9999397428971862
4763,4763,9.526,1,983,-13.673631865533935,1,0.9999410213142963
4764,4764,9.528,1,989,-7.673631865533935,1,0.9999422726084577
4765,4765,9.53,1,992,-4.673631865533935,1,0.9999434973551119
4766,4766,9.532,1,982,-14.673631865533935,1,0.999944696117492
4767,4767,9.534,1,979,-17.673631865533935,1,0.9999458694468814
4768,4768,9.536,1,995,-1.6736318655339346,1,0.9999470178828673
4769,4769,9.538,1,1021,24.326368134466065,1,0.9999481419535894
4770,4770,9.54,1,1027,30.326368134466065,1,0.9999492421759819
4771,4771,9.542,1,1008,11.326368134466065,1,0.9999503190560121
4772,4772,9.544,1,986,-10.673631865533935,1,0.9999513730889122
4773,4773,9.546,1,979,-17.673631865533935,1,0.9999524047594082
4774,4774,9.548,1,985,-11.673631865533935,1,0.9999534145419414
4775,4775,9.55,1,1003,6.326368134466065,1,0.999954402900888
4776,4776,9.552,1,1013,16.326368134466065,1,0.9999553702907715
4777,4777,9.554,1,1010,13.326368134466065,1,0.9999563171564725
4778,4778,9.556,1,998,1.3263681344660654,1,0.9999572439334328
4779,4779,9.558,1,991,-5.673631865533935,1,0.9999581510478559
4780,4780,9.56,1,989,-7.673631865533935,1,0.9999590389169031
4781,4781,9.562,1,976,-20.673631865533935,1,0.9999599079488849
4782,4782,9.564,1,959,-37.673631865533935,1,0.9999607585434493
4783,4783,9.566,1,964,-32.673631865533935,1,0.9999615910917654
4784,4784,9.568,1,1006,9.326368134466065,1,0.9999624059767029
4785,4785,9.57,1,1052,55.326368134466065,1,0.9999632035730089
4786,4786,9.572,1,1057,60.326368134466065,1,0.9999639842474798
4787,4787,9.574,1,1015,18.326368134466065,1,0.9999647483591297
4788,4788,9.576,1,970,-26.673631865533935,1,0.9999654962593563
4789,4789,9.578,1,953,-43.673631865533935,1,0.9999662282921016
4790,4790,9.58,1,971,-25.673631865533935,1,0.9999669447940108
4791,4791,9.582,1,999,2.3263681344660654,1,0.9999676460945869
4792,4792,9.584,1,1008,11.326368134466065,1,0.9999683325163418
4793,4793,9.586,1,998,1.3263681344660654,1,0.9999690043749452
4794,4794,9.588,1,988,-8.673631865533935,1,0.9999696619793695
4795,4795,9.59,1,997,0.3263681344660654,1,0.999970305632032
4796,4796,9.592,1,1016,19.326368134466065,1,0.9999709356289338
4797,4797,9.594,1,1016,19.326368134466065,1,0.9999715522597961
4798,4798,9.596,1,986,-10.673631865533935,1,0.9999721558081932
4799,4799,9.598,1,952,-44.673631865533935,1,0.9999727465516833
4800,4800,9.6,1,958,-38.673631865533935,1,0.9999733247619359
4801,4801,9.602,1,998,1.3263681344660654,1,0.9999738907048565
4802,4802,9.604,1,1038,41.326368134466065,1,0.9999744446407095
4803,4803,9.606,1,1047,50.326368134466065,1,0.9999749868242371
4804,4804,9.608,1,1025,28.326368134466065,1,0.9999755175047773
4805,4805,9.61,1,985,-11.673631865533935,1,0.9999760369263778
4806,4806,9.612,1,951,-45.673631865533935,1,0.9999765453279089
4807,4807,9.614,1,941,-55.673631865533935,1,0.9999770429431727
4808,4808,9.616,1,963,-33.673631865533935,1,0.9999775300010111
4809,4809,9.618,1,1003,6.326368134466065,1,0.9999780067254108
4810,4810,9.62,1,1030,33.326368134466065,1,0.9999784733356066
4811,4811,9.622,1,1027,30.326368134466065,1,0.9999789300461818
4812,4812,9.624,1,1008,11.326368134466065,1,0.999979377067167
4813,4813,9.626,1,1000,3.3263681344660654,1,0.9999798146041371
4814,4814,9.628,1,995,-1.6736318655339346,1,0.9999802428583053
4815,4815,9.63,1,991,-5.673631865533935,1,0.999980662026616
4816,4816,9.632,1,996,-0.6736318655339346,1,0.9999810723018349
4817,4817,9.634,1,1006,9.326368134466065,1,0.9999814738726382
4818,4818,9.636,1,1011,14.326368134466065,1,0.9999818669236994
4819,4819,9.638,1,1002,5.326368134466065,1,0.9999822516357735
4820,4820,9.64,1,980,-16.673631865533935,1,0.9999826281857808
4821,4821,9.642,1,964,-32.673631865533935,1,0.999982996746888
4822,4822,9.644,1,973,-23.673631865533935,1,0.9999833574885879
4823,4823,9.646,1,990,-6.673631865533935,1,0.9999837105767775
4824,4824,9.648,1,998,1.3263681344660654,1,0.9999840561738339
4825,4825,9.65,1,997,0.3263681344660654,1,0.9999843944386893
4826,4826,9.652,1,1010,13.326368134466065,1,0.9999847255269039
4827,4827,9.654,1,1029,32.326368134466065,1,0.9999850495907376
4828,4828,9.656,1,1020,23.326368134466065,1,0.9999853667792201
4829,4829,9.658,1,987,-9.673631865533935,1,0.9999856772382191
4830,4830,9.66,1,962,-34.673631865533935,1,0.9999859811105074
4831,4831,9.662,1,971,-25.673631865533935,1,0.9999862785358291
4832,4832,9.664,1,997,0.3263681344660654,1,0.9999865696509633
4833,4833,9.666,1,1011,14.326368134466065,1,0.9999868545897871
4834,4834,9.668,1,1011,14.326368134466065,1,0.9999871334833373
4835,4835,9.67,1,1007,10.326368134466065,1,0.9999874064598709
4836,4836,9.672,1,1002,5.326368134466065,1,0.9999876736449234
4837,4837,9.674,1,995,-1.6736318655339346,1,0.9999879351613671
4838,4838,9.676,1,982,-14.673631865533935,1,0.9999881911294674
4839,4839,9.678,1,975,-21.673631865533935,1,0.9999884416669382
4840,4840,9.68,1,985,-11.673631865533935,1,0.999988686888996
4841,4841,9.682,1,1008,11.326368134466065,1,0.9999889269084128
4842,4842,9.684,1,1021,24.326368134466065,1,0.999989161835568
4843,4843,9.686,1,1014,17.326368134466065,1,0.9999893917784992
4844,4844,9.688,1,997,0.3263681344660654,1,0.9999896168429521
4845,4845,9.69,1,989,-7.673631865533935,1,0.9999898371324284
4846,4846,9.692,1,988,-8.673631865533935,1,0.9999900527482344
4847,4847,9.694,1,985,-11.673631865533935,1,0.9999902637895268
4848,4848,9.696,1,982,-14.673631865533935,1,0.9999904703533588
4849,4849,9.698,1,984,-12.673631865533935,1,0.9999906725347241
4850,4850,9.7,1,990,-6.673631865533935,1,0.9999908704266015
4851,4851,9.702,1,1001,4.326368134466065,1,0.9999910641199969
4852,4852,9.704,1,1019,22.326368134466065,1,0.9999912537039854
4853,4853,9.706,1,1029,32.326368134466065,1,0.9999914392657525
4854,4854,9.708,1,1016,19.326368134466065,1,0.9999916208906336
4855,4855,9.71,1,989,-7.673631865533935,1,0.999991798662154
4856,4856,9.712,1,968,-28.673631865533935,1,0.9999919726620667
4857,4857,9.714,1,957,-39.673631865533935,1,0.9999921429703903
4858,4858,9.716,1,961,-35.673631865533935,1,0.9999923096654456
4859,4859,9.718,1,983,-13.673631865533935,1,0.9999924728238919
4860,4860,9.72,1,1018,21.326368134466065,1,0.9999926325207621
4861,4861,9.722,1,1050,53.326368134466065,1,0.999992788829497
4862,4862,9.724,1,1056,59.326368134466065,1,0.9999929418219796
4863,4863,9.726,1,1027,30.326368134466065,1,0.9999930915685675
4864,4864,9.728,1,989,-7.673631865533935,1,0.9999932381381259
4865,4865,9.73,1,965,-31.673631865533935,1,0.9999933815980586
4866,4866,9.732,1,962,-34.673631865533935,1,0.9999935220143397
4867,4867,9.734,1,967,-29.673631865533935,1,0.9999936594515433
4868,4868,9.736,1,970,-26.673631865533935,1,0.9999937939728737
4869,4869,9.738,1,973,-23.673631865533935,1,0.9999939256401941
4870,4870,9.74,1,986,-10.673631865533935,1,0.9999940545140553
4871,4871,9.742,1,1008,11.326368134466065,1,0.9999941806537236
4872,4872,9.744,1,1018,21.326368134466065,1,0.9999943041172076
4873,4873,9.746,1,1012,15.326368134466065,1,0.9999944249612853
4874,4874,9.748,1,1009,12.326368134466065,1,0.9999945432415303
4875,4875,9.75,1,1027,30.326368134466065,1,0.9999946590123368
4876,4876,9.752,1,1044,47.326368134466065,1,0.9999947723269452
4877,4877,9.754,1,1019,22.326368134466065,1,0.9999948832374664
4878,4878,9.756,1,973,-23.673631865533935,1,0.9999949917949056
4879,4879,9.758,1,946,-50.673631865533935,1,0.9999950980491857
4880,4880,9.76,1,955,-41.673631865533935,1,0.9999952020491708
4881,4881,9.762,1,980,-16.673631865533935,1,0.999995303842688
4882,4882,9.764,1,998,1.3263681344660654,1,0.9999954034765498
4883,4883,9.766,1,1000,3.3263681344660654,1,0.9999955009965756
4884,4884,9.768,1,995,-1.6736318655339346,1,0.9999955964476127
4885,4885,9.77,1,995,-1.6736318655339346,1,0.9999956898735568
4886,4886,9.772,1,1011,14.326368134466065,1,0.9999957813173723
4887,4887,9.774,1,1032,35.326368134466065,1,0.9999958708211122
4888,4888,9.776,1,1026,29.326368134466065,1,0.999995958425937
4889,4889,9.778,1,994,-2.6736318655339346,1,0.9999960441721344
4890,4890,9.78,1,972,-24.673631865533935,1,0.9999961280991371
4891,4891,9.782,1,975,-21.673631865533935,1,0.9999962102455411
4892,4892,9.784,1,981,-15.673631865533935,1,0.9999962906491237
4893,4893,9.786,1,985,-11.673631865533935,1,0.9999963693468606
4894,4894,9.788,1,997,0.3263681344660654,1,0.9999964463749432
4895,4895,9.79,1,1012,15.326368134466065,1,0.9999965217687949
4896,4896,9.792,1,1012,15.326368134466065,1,0.9999965955630877
4897,4897,9.794,1,999,2.3263681344660654,1,0.9999966677917578
4898,4898,9.796,1,996,-0.6736318655339346,1,0.9999967384880215
4899,4899,9.798,1,1004,7.326368134466065,1,0.9999968076843905
4900,4900,9.8,1,1003,6.326368134466065,1,0.9999968754126864
4901,4901,9.802,1,988,-8.673631865533935,1,0.9999969417040562
4902,4902,9.804,1,970,-26.673631865533935,1,0.9999970065889856
4903,4903,9.806,1,974,-22.673631865533935,1,0.9999970700973138
4904,4904,9.808,1,999,2.3263681344660654,1,0.9999971322582466
4905,4905,9.81,1,1018,21.326368134466065,1,0.9999971931003706
4906,4906,9.812,1,1006,9.326368134466065,1,0.9999972526516657
4907,4907,9.814,1,986,-10.673631865533935,1,0.9999973109395182
4908,4908,9.816,1,992,-4.673631865533935,1,0.9999973679907332
4909,4909,9.818,1,1011,14.326368134466065,1,0.9999974238315474
4910,4910,9.82,1,1014,17.326368134466065,1,0.9999974784876406
4911,4911,9.822,1,998,1.3263681344660654,1,0.999997531984148
4912,4912,9.824,1,990,-6.673631865533935,1,0.9999975843456713
4913,4913,9.826,1,991,-5.673631865533935,1,0.9999976355962904
4914,4914,9.828,1,990,-6.673631865533935,1,0.9999976857595744
4915,4915,9.83,1,987,-9.673631865533935,1,0.9999977348585921
4916,4916,9.832,1,987,-9.673631865533935,1,0.9999977829159231
4917,4917,9.834,1,987,-9.673631865533935,1,0.9999978299536678
4918,4918,9.836,1,992,-4.673631865533935,1,0.9999978759934578
4919,4919,9.838,1,995,-1.6736318655339346,1,0.9999979210564658
4920,4920,9.84,1,996,-0.6736318655339346,1,0.9999979651634152
4921,4921,9.842,1,1006,9.326368134466065,1,0.9999980083345898
4922,4922,9.844,1,1027,30.326368134466065,1,0.999998050589843
4923,4923,9.846,1,1038,41.326368134466065,1,0.9999980919486071
4924,4924,9.848,1,1012,15.326368134466065,1,0.999998132429902
4925,4925,9.85,1,969,-27.673631865533935,1,0.9999981720523441
4926,4926,9.852,1,947,-49.673631865533935,1,0.9999982108341549
4927,4927,9.854,1,960,-36.673631865533935,1,0.9999982487931692
4928,4928,9.856,1,987,-9.673631865533935,1,0.9999982859468436
4929,4929,9.858,1,1010,13.326368134466065,1,0.9999983223122642
4930,4930,9.86,1,1016,19.326368134466065,1,0.9999983579061544
4931,4931,9.862,1,1012,15.326368134466065,1,0.9999983927448833
4932,4932,9.864,1,1004,7.326368134466065,1,0.9999984268444724
4933,4933,9.866,1,1002,5.326368134466065,1,0.9999984602206031
4934,4934,9.868,1,1002,5.326368134466065,1,0.9999984928886245
4935,4935,9.87,1,1000,3.3263681344660654,1,0.9999985248635599
4936,4936,9.872,1,994,-2.6736318655339346,1,0.9999985561601138
4937,4937,9.874,1,992,-4.673631865533935,1,0.9999985867926787
4938,4938,9.876,1,993,-3.6736318655339346,1,0.999998616775342
4939,4939,9.878,1,990,-6.673631865533935,1,0.9999986461218918
4940,4940,9.88,1,983,-13.673631865533935,1,0.999998674845824
4941,4941,9.882,1,979,-17.673631865533935,1,0.9999987029603482
4942,4942,9.884,1,987,-9.673631865533935,1,0.9999987304783935
4943,4943,9.886,1,1003,6.326368134466065,1,0.9999987574126148
4944,4944,9.888,1,1022,25.326368134466065,1,0.9999987837753986
4945,4945,9.89,1,1029,32.326368134466065,1,0.9999988095788686
4946,4946,9.892,1,1014,17.326368134466065,1,0.999998834834891
4947,4947,9.894,1,984,-12.673631865533935,1,0.9999988595550807
4948,4948,9.896,1,969,-27.673631865533935,1,0.9999988837508059
4949,4949,9.898,1,972,-24.673631865533935,1,0.9999989074331936
4950,4950,9.9,1,983,-13.673631865533935,1,0.9999989306131348
4951,4951,9.902,1,985,-11.673631865533935,1,0.9999989533012894
4952,4952,9.904,1,988,-8.673631865533935,1,0.9999989755080912
4953,4953,9.906,1,1004,7.326368134466065,1,0.9999989972437526
4954,4954,9.908,1,1030,33.326368134466065,1,0.9999990185182694
4955,4955,9.91,1,1037,40.326368134466065,1,0.9999990393414252
4956,4956,9.912,1,1020,23.326368134466065,1,0.999999059722796
4957,4957,9.914,1,991,-5.673631865533935,1,0.9999990796717548
4958,4958,9.916,1,967,-29.673631865533935,1,0.9999990991974758
4959,4959,9.918,1,968,-28.673631865533935,1,0.9999991183089383
4960,4960,9.92,1,991,-5.673631865533935,1,0.9999991370149313
4961,4961,9.922,1,1017,20.326368134466065,1,0.9999991553240571
4962,4962,9.924,1,1015,18.326368134466065,1,0.9999991732447359
4963,4963,9.926,1,991,-5.673631865533935,1,0.9999991907852087
4964,4964,9.928,1,972,-24.673631865533935,1,0.9999992079535421
4965,4965,9.93,1,975,-21.673631865533935,1,0.9999992247576316
4966,4966,9.932,1,991,-5.673631865533935,1,0.9999992412052048
4967,4967,9.934,1,1006,9.326368134466065,1,0.9999992573038256
4968,4968,9.936,1,1013,16.326368134466065,1,0.9999992730608974
4969,4969,9.938,1,1007,10.326368134466065,1,0.9999992884836666
4970,4970,9.94,1,999,2.3263681344660654,1,0.9999993035792256
4971,4971,9.942,1,989,-7.673631865533935,1,0.9999993183545167
4972,4972,9.944,1,984,-12.673631865533935,1,0.9999993328163347
4973,4973,9.946,1,986,-10.673631865533935,1,0.9999993469713301
4974,4974,9.948,1,996,-0.6736318655339346,1,0.9999993608260125
4975,4975,9.95,1,1004,7.326368134466065,1,0.9999993743867535
4976,4976,9.952,1,1008,11.326368134466065,1,0.9999993876597892
4977,4977,9.954,1,1009,12.326368134466065,1,0.9999994006512237
4978,4978,9.956,1,1006,9.326368134466065,1,0.9999994133670314
4979,4979,9.958,1,987,-9.673631865533935,1,0.9999994258130599
4980,4980,9.96,1,971,-25.673631865533935,1,0.999999437995033
4981,4981,9.962,1,981,-15.673631865533935,1,0.9999994499185529
4982,4982,9.964,1,1012,15.326368134466065,1,0.999999461589103
4983,4983,9.966,1,1031,34.326368134466065,1,0.9999994730120502
4984,4984,9.968,1,1018,21.326368134466065,1,0.9999994841926476
4985,4985,9.97,1,986,-10.673631865533935,1,0.9999994951360371
4986,4986,9.972,1,970,-26.673631865533935,1,0.9999995058472513
4987,4987,9.974,1,976,-20.673631865533935,1,0.9999995163312159
4988,4988,9.976,1,994,-2.6736318655339346,1,0.9999995265927522
4989,4989,9.978,1,1004,7.326368134466065,1,0.9999995366365793
4990,4990,9.98,1,1000,3.3263681344660654,1,0.9999995464673161
4991,4991,9.982,1,985,-11.673631865533935,1,0.9999995560894838
4992,4992,9.984,1,976,-20.673631865533935,1,0.9999995655075071
4993,4993,9.986,1,981,-15.673631865533935,1,0.9999995747257173
4994,4994,9.988,1,1005,8.326368134466065,1,0.9999995837483535
4995,4995,9.99,1,1027,30.326368134466065,1,0.9999995925795652
4996,4996,9.992,1,1035,38.326368134466065,1,0.9999996012234135
4997,4997,9.994,1,1028,31.326368134466065,1,0.9999996096838735
4998,4998,9.996,1,1013,16.326368134466065,1,0.999999617964836
4999,4999,9.998,1,996,-0.6736318655339346,1,0.9999996260701094
5000,5000,10.0,1,980,-16.673631865533935,1,0.999999634003421
5001,5001,10.002,1,969,-27.673631865533935,1,0.999999641768419
5002,5002,10.004,1,961,-35.673631865533935,1,0.9999996493686746
5003,5003,10.006,1,959,-37.673631865533935,1,0.9999996568076829
5004,5004,10.008,1,978,-18.673631865533935,1,0.9999996640888649
5005,5005,10.01,1,1014,17.326368134466065,1,0.999999671215569
5006,5006,10.012,1,1043,46.326368134466065,1,0.9999996781910727
5007,5007,10.014,1,1033,36.326368134466065,1,0.9999996850185838
5008,5008,10.016,1,989,-7.673631865533935,1,0.9999996917012421
5009,5009,10.018,1,961,-35.673631865533935,1,0.999999698242121
5010,5010,10.02,1,975,-21.673631865533935,1,0.9999997046442283
5011,5011,10.022,1,1004,7.326368134466065,1,0.9999997109105082
5012,5012,10.024,1,1014,17.326368134466065,1,0.9999997170438425
5013,5013,10.026,1,1002,5.326368134466065,1,0.9999997230470516
5014,5014,10.028,1,992,-4.673631865533935,1,0.9999997289228965
5015,5015,10.03,1,994,-2.6736318655339346,1,0.9999997346740792
5016,5016,10.032,1,994,-2.6736318655339346,1,0.9999997403032446
5017,5017,10.034,1,995,-1.6736318655339346,1,0.9999997458129813
5018,5018,10.036,1,1013,16.326368134466065,1,0.9999997512058233
5019,5019,10.038,1,1037,40.326368134466065,1,0.9999997564842505
5020,5020,10.04,1,1036,39.326368134466065,1,0.9999997616506905
5021,5021,10.042,1,999,2.3263681344660654,1,0.999999766707519
5022,5022,10.044,1,952,-44.673631865533935,1,0.9999997716570617
5023,5023,10.046,1,930,-66.67363186553393,1,0.9999997765015946
5024,5024,10.048,1,944,-52.673631865533935,1,0.9999997812433457
5025,5025,10.05,1,983,-13.673631865533935,1,0.9999997858844956
5026,5026,10.052,1,1023,26.326368134466065,1,0.9999997904271787
5027,5027,10.054,1,1041,44.326368134466065,1,0.9999997948734841
5028,5028,10.056,1,1027,30.326368134466065,1,0.9999997992254565
5029,5029,10.058,1,999,2.3263681344660654,1,0.9999998034850972
5030,5030,10.06,1,984,-12.673631865533935,1,0.9999998076543652
5031,5031,10.062,1,993,-3.6736318655339346,1,0.9999998117351779
5032,5032,10.064,1,1014,17.326368134466065,1,0.999999815729412
5033,5033,10.066,1,1017,20.326368134466065,1,0.9999998196389042
5034,5034,10.068,1,1000,3.3263681344660654,1,0.9999998234654524
5035,5035,10.07,1,980,-16.673631865533935,1,0.9999998272108164
5036,5036,10.072,1,973,-23.673631865533935,1,0.9999998308767186
5037,5037,10.074,1,978,-18.673631865533935,1,0.999999834464845
5038,5038,10.076,1,984,-12.673631865533935,1,0.9999998379768454
5039,5039,10.078,1,988,-8.673631865533935,1,0.9999998414143352
5040,5040,10.08,1,996,-0.6736318655339346,1,0.999999844778895
5041,5041,10.082,1,1014,17.326368134466065,1,0.9999998480720722
5042,5042,10.084,1,1023,26.326368134466065,1,0.9999998512953813
5043,5043,10.086,1,1017,20.326368134466065,1,0.9999998544503044
5044,5044,10.088,1,1007,10.326368134466065,1,0.9999998575382926
5045,5045,10.09,1,1001,4.326368134466065,1,0.9999998605607658
5046,5046,10.092,1,991,-5.673631865533935,1,0.9999998635191142
5047,5047,10.094,1,977,-19.673631865533935,1,0.9999998664146982
5048,5048,10.096,1,973,-23.673631865533935,1,0.9999998692488493
5049,5049,10.098,1,985,-11.673631865533935,1,0.999999872022871
5050,5050,10.1,1,1003,6.326368134466065,1,0.9999998747380389
5051,5051,10.102,1,1008,11.326368134466065,1,0.9999998773956017
5052,5052,10.104,1,1001,4.326368134466065,1,0.9999998799967815
5053,5053,10.106,1,995,-1.6736318655339346,1,0.9999998825427746
5054,5054,10.108,1,990,-6.673631865533935,1,0.9999998850347518
5055,5055,10.11,1,984,-12.673631865533935,1,0.9999998874738592
5056,5056,10.112,1,990,-6.673631865533935,1,0.9999998898612182
5057,5057,10.114,1,1006,9.326368134466065,1,0.9999998921979271
5058,5058,10.116,1,1025,28.326368134466065,1,0.9999998944850602
5059,5059,10.118,1,1029,32.326368134466065,1,0.9999998967236694
5060,5060,10.12,1,1015,18.326368134466065,1,0.9999998989147841
5061,5061,10.122,1,994,-2.6736318655339346,1,0.9999999010594122
5062,5062,10.124,1,973,-23.673631865533935,1,0.9999999031585396
5063,5063,10.126,1,962,-34.673631865533935,1,0.9999999052131319
5064,5064,10.128,1,975,-21.673631865533935,1,0.9999999072241339
5065,5065,10.13,1,1001,4.326368134466065,1,0.9999999091924704
5066,5066,10.132,1,1011,14.326368134466065,1,0.9999999111190466
5067,5067,10.134,1,993,-3.6736318655339346,1,0.9999999130047484
5068,5068,10.136,1,980,-16.673631865533935,1,0.9999999148504432
5069,5069,10.138,1,989,-7.673631865533935,1,0.9999999166569795
5070,5070,10.14,1,1013,16.326368134466065,1,0.9999999184251884
5071,5071,10.142,1,1025,28.326368134466065,1,0.9999999201558829
5072,5072,10.144,1,1016,19.326368134466065,1,0.9999999218498589
5073,5073,10.146,1,1001,4.326368134466065,1,0.9999999235078953
5074,5074,10.148,1,998,1.3263681344660654,1,0.9999999251307549
5075,5075,10.15,1,1000,3.3263681344660654,1,0.9999999267191838
5076,5076,10.152,1,986,-10.673631865533935,1,0.9999999282739126
5077,5077,10.154,1,960,-36.673631865533935,1,0.9999999297956561
5078,5078,10.156,1,957,-39.673631865533935,1,0.9999999312851143
5079,5079,10.158,1,975,-21.673631865533935,1,0.999999932742972
5080,5080,10.16,1,1005,8.326368134466065,1,0.9999999341698999
5081,5081,10.162,1,1041,44.326368134466065,1,0.9999999355665539
5082,5082,10.164,1,1062,65.32636813446607,1,0.9999999369335765
5083,5083,10.166,1,1043,46.326368134466065,1,0.9999999382715963
5084,5084,10.168,1,991,-5.673631865533935,1,0.9999999395812286
5085,5085,10.17,1,949,-47.673631865533935,1,0.9999999408630756
5086,5086,10.172,1,951,-45.673631865533935,1,0.999999942117727
5087,5087,10.174,1,980,-16.673631865533935,1,0.9999999433457597
5088,5088,10.176,1,1003,6.326368134466065,1,0.9999999445477383
5089,5089,10.178,1,1001,4.326368134466065,1,0.9999999457242157
5090,5090,10.18,1,991,-5.673631865533935,1,0.9999999468757329
5091,5091,10.182,1,995,-1.6736318655339346,1,0.9999999480028194
5092,5092,10.184,1,1010,13.326368134466065,1,0.9999999491059937
5093,5093,10.186,1,1017,20.326368134466065,1,0.9999999501857629
5094,5094,10.188,1,1006,9.326368134466065,1,0.9999999512426238
5095,5095,10.19,1,990,-6.673631865533935,1,0.9999999522770622
5096,5096,10.192,1,987,-9.673631865533935,1,0.9999999532895539
5097,5097,10.194,1,1005,8.326368134466065,1,0.9999999542805647
5098,5098,10.196,1,1019,22.326368134466065,1,0.9999999552505501
5099,5099,10.198,1,1007,10.326368134466065,1,0.9999999561999562
5100,5100,10.2,1,973,-23.673631865533935,1,0.9999999571292196
5101,5101,10.202,1,953,-43.673631865533935,1,0.9999999580387678
5102,5102,10.204,1,970,-26.673631865533935,1,0.999999958929019
5103,5103,10.206,1,1014,17.326368134466065,1,0.9999999598003826
5104,5104,10.208,1,1043,46.326368134466065,1,0.9999999606532592
5105,5105,10.21,1,1031,34.326368134466065,1,0.9999999614880413
5106,5106,10.212,1,994,-2.6736318655339346,1,0.9999999623051126
5107,5107,10.214,1,968,-28.673631865533935,1,0.9999999631048488
5108,5108,10.216,1,968,-28.673631865533935,1,0.9999999638876178
5109,5109,10.218,1,983,-13.673631865533935,1,0.9999999646537796
5110,5110,10.22,1,1003,6.326368134466065,1,0.9999999654036864
5111,5111,10.222,1,1020,23.326368134466065,1,0.9999999661376832
5112,5112,10.224,1,1019,22.326368134466065,1,0.9999999668561075
5113,5113,10.226,1,993,-3.6736318655339346,1,0.9999999675592897
5114,5114,10.228,1,971,-25.673631865533935,1,0.9999999682475531
5115,5115,10.23,1,975,-21.673631865533935,1,0.9999999689212143
5116,5116,10.232,1,1005,8.326368134466065,1,0.9999999695805831
5117,5117,10.234,1,1033,36.326368134466065,1,0.9999999702259627
5118,5118,10.236,1,1043,46.326368134466065,1,0.9999999708576498
5119,5119,10.238,1,1024,27.326368134466065,1,0.9999999714759351
5120,5120,10.24,1,982,-14.673631865533935,1,0.9999999720811028
5121,5121,10.242,1,939,-57.673631865533935,1,0.9999999726734312
5122,5122,10.244,1,928,-68.67363186553393,1,0.9999999732531928
5123,5123,10.246,1,956,-40.673631865533935,1,0.9999999738206541
5124,5124,10.248,1,1004,7.326368134466065,1,0.9999999743760761
5125,5125,10.25,1,1042,45.326368134466065,1,0.9999999749197144
5126,5126,10.252,1,1049,52.326368134466065,1,0.9999999754518187
5127,5127,10.254,1,1034,37.326368134466065,1,0.9999999759726339
5128,5128,10.256,1,1009,12.326368134466065,1,0.9999999764823995
5129,5129,10.258,1,989,-7.673631865533935,1,0.9999999769813498
5130,5130,10.26,1,987,-9.673631865533935,1,0.9999999774697144
5131,5131,10.262,1,989,-7.673631865533935,1,0.9999999779477178
5132,5132,10.264,1,979,-17.673631865533935,1,0.9999999784155799
5133,5133,10.266,1,968,-28.673631865533935,1,0.9999999788735158
5134,5134,10.268,1,976,-20.673631865533935,1,0.9999999793217361
5135,5135,10.27,1,1001,4.326368134466065,1,0.999999979760447
5136,5136,10.272,1,1018,21.326368134466065,1,0.9999999801898501
5137,5137,10.274,1,1009,12.326368134466065,1,0.9999999806101431
5138,5138,10.276,1,980,-16.673631865533935,1,0.999999981021519
5139,5139,10.278,1,968,-28.673631865533935,1,0.9999999814241672
5140,5140,10.28,1,993,-3.6736318655339346,1,0.9999999818182729
5141,5141,10.282,1,1035,38.326368134466065,1,0.9999999822040171
5142,5142,10.284,1,1053,56.326368134466065,1,0.9999999825815774
5143,5143,10.286,1,1031,34.326368134466065,1,0.9999999829511274
5144,5144,10.288,1,984,-12.673631865533935,1,0.9999999833128369
5145,5145,10.29,1,949,-47.673631865533935,1,0.9999999836668724
5146,5146,10.292,1,952,-44.673631865533935,1,0.9999999840133966
5147,5147,10.294,1,984,-12.673631865533935,1,0.9999999843525691
5148,5148,10.296,1,1012,15.326368134466065,1,0.9999999846845457
5149,5149,10.298,1,1011,14.326368134466065,1,0.999999985009479
5150,5150,10.3,1,993,-3.6736318655339346,1,0.9999999853275184
5151,5151,10.302,1,983,-13.673631865533935,1,0.9999999856388104
5152,5152,10.304,1,1000,3.3263681344660654,1,0.999999985943498
5153,5153,10.306,1,1031,34.326368134466065,1,0.9999999862417214
5154,5154,10.308,1,1041,44.326368134466065,1,0.9999999865336175
5155,5155,10.31,1,1017,20.326368134466065,1,0.9999999868193209
5156,5156,10.312,1,988,-8.673631865533935,1,0.9999999870989628
5157,5157,10.314,1,976,-20.673631865533935,1,0.9999999873726717
5158,5158,10.316,1,973,-23.673631865533935,1,0.9999999876405736
5159,5159,10.318,1,952,-44.673631865533935,1,0.9999999879027918
5160,5160,10.32,1,937,-59.673631865533935,1,0.9999999881594466
5161,5161,10.322,1,967,-29.673631865533935,1,0.9999999884106562
5162,5162,10.324,1,1035,38.326368134466065,1,0.9999999886565362
5163,5163,10.326,1,1078,81.32636813446607,1,0.9999999888971995
5164,5164,10.328,1,1061,64.32636813446607,1,0.999999989132757
5165,5165,10.33,1,1013,16.326368134466065,1,0.9999999893633169
5166,5166,10.332,1,973,-23.673631865533935,1,0.9999999895889852
5167,5167,10.334,1,957,-39.673631865533935,1,0.9999999898098657
5168,5168,10.336,1,956,-40.673631865533935,1,0.99999999002606
5169,5169,10.338,1,970,-26.673631865533935,1,0.9999999902376675
5170,5170,10.34,1,992,-4.673631865533935,1,0.9999999904447855
5171,5171,10.342,1,1005,8.326368134466065,1,0.9999999906475093
5172,5172,10.344,1,1006,9.326368134466065,1,0.9999999908459322
5173,5173,10.346,1,1020,23.326368134466065,1,0.9999999910401453
5174,5174,10.348,1,1040,43.326368134466065,1,0.9999999912302379
5175,5175,10.35,1,1038,41.326368134466065,1,0.9999999914162975
5176,5176,10.352,1,1002,5.326368134466065,1,0.9999999915984097
5177,5177,10.354,1,960,-36.673631865533935,1,0.9999999917766582
5178,5178,10.356,1,942,-54.673631865533935,1,0.999999991951125
5179,5179,10.358,1,952,-44.673631865533935,1,0.9999999921218903
5180,5180,10.36,1,981,-15.673631865533935,1,0.9999999922890326
5181,5181,10.362,1,1018,21.326368134466065,1,0.9999999924526288
5182,5182,10.364,1,1052,55.326368134466065,1,0.9999999926127542
5183,5183,10.366,1,1062,65.32636813446607,1,0.9999999927694823
5184,5184,10.368,1,1032,35.326368134466065,1,0.9999999929228852
5185,5185,10.37,1,975,-21.673631865533935,1,0.9999999930730336
5186,5186,10.372,1,937,-59.673631865533935,1,0.9999999932199963
5187,5187,10.374,1,947,-49.673631865533935,1,0.9999999933638412
5188,5188,10.376,1,988,-8.673631865533935,1,0.9999999935046342
5189,5189,10.378,1,1016,19.326368134466065,1,0.9999999936424402
5190,5190,10.38,1,1022,25.326368134466065,1,0.9999999937773224
5191,5191,10.382,1,1015,18.326368134466065,1,0.999999993909343
5192,5192,10.384,1,999,2.3263681344660654,1,0.9999999940385627
5193,5193,10.386,1,979,-17.673631865533935,1,0.9999999941650407
5194,5194,10.388,1,968,-28.673631865533935,1,0.9999999942888355
5195,5195,10.39,1,969,-27.673631865533935,1,0.9999999944100038
5196,5196,10.392,1,993,-3.6736318655339346,1,0.9999999945286013
5197,5197,10.394,1,1031,34.326368134466065,1,0.9999999946446827
5198,5198,10.396,1,1055,58.326368134466065,1,0.9999999947583014
5199,5199,10.398,1,1049,52.326368134466065,1,0.9999999948695094
5200,5200,10.4,1,1016,19.326368134466065,1,0.9999999949783581
5201,5201,10.402,1,987,-9.673631865533935,1,0.9999999950848975
5202,5202,10.404,1,966,-30.673631865533935,1,0.9999999951891765
5203,5203,10.406,1,956,-40.673631865533935,1,0.9999999952912431
5204,5204,10.408,1,957,-39.673631865533935,1,0.9999999953911443
5205,5205,10.41,1,970,-26.673631865533935,1,0.9999999954889259
5206,5206,10.412,1,991,-5.673631865533935,1,0.999999995584633
5207,5207,10.414,1,1010,13.326368134466065,1,0.9999999956783097
5208,5208,10.416,1,1020,23.326368134466065,1,0.9999999957699988
5209,5209,10.418,1,1021,24.326368134466065,1,0.9999999958597426
5210,5210,10.42,1,1012,15.326368134466065,1,0.9999999959475825
5211,5211,10.422,1,993,-3.6736318655339346,1,0.9999999960335587
5212,5212,10.424,1,981,-15.673631865533935,1,0.9999999961177108
5213,5213,10.426,1,987,-9.673631865533935,1,0.9999999962000776
5214,5214,10.428,1,1004,7.326368134466065,1,0.9999999962806969
5215,5215,10.43,1,1018,21.326368134466065,1,0.9999999963596058
5216,5216,10.432,1,1021,24.326368134466065,1,0.9999999964368406
5217,5217,10.434,1,1016,19.326368134466065,1,0.9999999965124367
5218,5218,10.436,1,993,-3.6736318655339346,1,0.9999999965864289
5219,5219,10.438,1,972,-24.673631865533935,1,0.9999999966588514
5220,5220,10.44,1,965,-31.673631865533935,1,0.9999999967297374
5221,5221,10.442,1,979,-17.673631865533935,1,0.9999999967991194
5222,5222,10.444,1,999,2.3263681344660654,1,0.9999999968670295
5223,5223,10.446,1,1014,17.326368134466065,1,0.9999999969334987
5224,5224,10.448,1,1016,19.326368134466065,1,0.9999999969985578
5225,5225,10.45,1,1009,12.326368134466065,1,0.9999999970622365
5226,5226,10.452,1,996,-0.6736318655339346,1,0.9999999971245642
5227,5227,10.454,1,987,-9.673631865533935,1,0.9999999971855695
5228,5228,10.456,1,987,-9.673631865533935,1,0.9999999972452807
5229,5229,10.458,1,987,-9.673631865533935,1,0.9999999973037249
5230,5230,10.46,1,989,-7.673631865533935,1,0.9999999973609291
5231,5231,10.462,1,989,-7.673631865533935,1,0.9999999974169198
5232,5232,10.464,1,989,-7.673631865533935,1,0.9999999974717225
5233,5233,10.466,1,1004,7.326368134466065,1,0.9999999975253625
5234,5234,10.468,1,1025,28.326368134466065,1,0.9999999975778645
5235,5235,10.47,1,1034,37.326368134466065,1,0.9999999976292526
5236,5236,10.472,1,1028,31.326368134466065,1,0.9999999976795505
5237,5237,10.474,1,1009,12.326368134466065,1,0.9999999977287812
5238,5238,10.476,1,983,-13.673631865533935,1,0.9999999977769675
5239,5239,10.478,1,958,-38.673631865533935,1,0.9999999978241314
5240,5240,10.48,1,949,-47.673631865533935,1,0.9999999978702947
5241,5241,10.482,1,968,-28.673631865533935,1,0.9999999979154787
5242,5242,10.484,1,1006,9.326368134466065,1,0.999999997959704
5243,5243,10.486,1,1027,30.326368134466065,1,0.999999998002991
5244,5244,10.488,1,1014,17.326368134466065,1,0.9999999980453597
5245,5245,10.49,1,992,-4.673631865533935,1,0.9999999980868294
5246,5246,10.492,1,988,-8.673631865533935,1,0.9999999981274192
5247,5247,10.494,1,1004,7.326368134466065,1,0.999999998167148
5248,5248,10.496,1,1021,24.326368134466065,1,0.9999999982060339
5249,5249,10.498,1,1030,33.326368134466065,1,0.9999999982440948
5250,5250,10.5,1,1015,18.326368134466065,1,0.9999999982813481
5251,5251,10.502,1,987,-9.673631865533935,1,0.9999999983178111
5252,5252,10.504,1,963,-33.673631865533935,1,0.9999999983535004
5253,5253,10.506,1,953,-43.673631865533935,1,0.9999999983884326
5254,5254,10.508,1,963,-33.673631865533935,1,0.9999999984226237
5255,5255,10.51,1,984,-12.673631865533935,1,0.9999999984560893
5256,5256,10.512,1,1006,9.326368134466065,1,0.999999998488845
5257,5257,10.514,1,1023,26.326368134466065,1,0.9999999985209057
5258,5258,10.516,1,1027,30.326368134466065,1,0.9999999985522863
5259,5259,10.518,1,1020,23.326368134466065,1,0.999999998583001
5260,5260,10.52,1,1016,19.326368134466065,1,0.9999999986130641
5261,5261,10.522,1,1021,24.326368134466065,1,0.9999999986424893
5262,5262,10.524,1,1016,19.326368134466065,1,0.9999999986712903
5263,5263,10.526,1,987,-9.673631865533935,1,0.9999999986994803
5264,5264,10.528,1,957,-39.673631865533935,1,0.9999999987270722
5265,5265,10.53,1,953,-43.673631865533935,1,0.9999999987540787
5266,5266,10.532,1,977,-19.673631865533935,1,0.9999999987805123
5267,5267,10.534,1,1006,9.326368134466065,1,0.999999998806385
5268,5268,10.536,1,1013,16.326368134466065,1,0.9999999988317088
5269,5269,10.538,1,999,2.3263681344660654,1,0.9999999988564953
5270,5270,10.54,1,989,-7.673631865533935,1,0.9999999988807559
5271,5271,10.542,1,997,0.3263681344660654,1,0.9999999989045018
5272,5272,10.544,1,1019,22.326368134466065,1,0.9999999989277439
5273,5273,10.546,1,1026,29.326368134466065,1,0.999999998950493
5274,5274,10.548,1,1005,8.326368134466065,1,0.9999999989727594
5275,5275,10.55,1,971,-25.673631865533935,1,0.9999999989945534
5276,5276,10.552,1,960,-36.673631865533935,1,0.999999999015885
5277,5277,10.554,1,986,-10.673631865533935,1,0.9999999990367641
5278,5278,10.556,1,1022,25.326368134466065,1,0.9999999990572002
5279,5279,10.558,1,1036,39.326368134466065,1,0.9999999990772026
5280,5280,10.56,1,1018,21.326368134466065,1,0.9999999990967807
5281,5281,10.562,1,987,-9.673631865533935,1,0.9999999991159435
5282,5282,10.564,1,972,-24.673631865533935,1,0.9999999991346997
5283,5283,10.566,1,979,-17.673631865533935,1,0.9999999991530579
5284,5284,10.568,1,1001,4.326368134466065,1,0.9999999991710267
5285,5285,10.57,1,1020,23.326368134466065,1,0.9999999991886142
5286,5286,10.572,1,1011,14.326368134466065,1,0.9999999992058285
5287,5287,10.574,1,976,-20.673631865533935,1,0.9999999992226777
5288,5288,10.576,1,949,-47.673631865533935,1,0.9999999992391694
5289,5289,10.578,1,971,-25.673631865533935,1,0.9999999992553112
5290,5290,10.58,1,1017,20.326368134466065,1,0.9999999992711106
5291,5291,10.582,1,1042,45.326368134466065,1,0.9999999992865748
5292,5292,10.584,1,1036,39.326368134466065,1,0.9999999993017108
5293,5293,10.586,1,1019,22.326368134466065,1,0.9999999993165257
5294,5294,10.588,1,996,-0.6736318655339346,1,0.9999999993310263
5295,5295,10.59,1,974,-22.673631865533935,1,0.9999999993452193
5296,5296,10.592,1,963,-33.673631865533935,1,0.9999999993591112
5297,5297,10.594,1,980,-16.673631865533935,1,0.9999999993727083
5298,5298,10.596,1,1006,9.326368134466065,1,0.999999999386017
5299,5299,10.598,1,1014,17.326368134466065,1,0.9999999993990433
5300,5300,10.6,1,997,0.3263681344660654,1,0.9999999994117932
5301,5301,10.602,1,977,-19.673631865533935,1,0.9999999994242726
5302,5302,10.604,1,982,-14.673631865533935,1,0.9999999994364873
5303,5303,10.606,1,1013,16.326368134466065,1,0.9999999994484429
5304,5304,10.608,1,1030,33.326368134466065,1,0.9999999994601447
5305,5305,10.61,1,1015,18.326368134466065,1,0.9999999994715983
5306,5306,10.612,1,982,-14.673631865533935,1,0.9999999994828089
5307,5307,10.614,1,971,-25.673631865533935,1,0.9999999994937817
5308,5308,10.616,1,990,-6.673631865533935,1,0.9999999995045217
5309,5309,10.618,1,1015,18.326368134466065,1,0.9999999995150337
5310,5310,10.62,1,1021,24.326368134466065,0,0.9798262351351017
5311,5311,10.622,1,1012,15.326368134466065,0,0.960059451524624
5312,5312,10.624,1,993,-3.6736318655339346,0,0.9406914383494467
5313,5313,10.626,1,974,-22.673631865533935,0,0.9217141509087622
5314,5314,10.628,1,966,-30.673631865533935,0,0.903119706793662
5315,5315,10.63,1,984,-12.673631865533935,0,0.8849003826130977
5316,5316,10.632,0,1017,20.326368134466065,0,0.8670486107858918
5317,5317,10.634,0,1037,40.326368134466065,0,0.849556976397467
5318,5318,10.636,0,1018,21.326368134466065,0,0.8324182141199853
5319,5319,10.638,0,981,-15.673631865533935,0,0.8156252051946209
5320,5320,10.64,0,962,-34.673631865533935,0,0.7991709744747112
5321,5321,10.642,0,970,-26.673631865533935,0,0.7830486875285589
5322,5322,10.644,0,1001,4.326368134466065,0,0.7672516478006818
5323,5323,10.646,0,1032,35.326368134466065,0,0.7517732938303298
5324,5324,10.648,0,1050,53.326368134466065,0,0.7366071965261163
5325,5325,10.65,0,1039,42.326368134466065,0,0.7217470564956294
5326,5326,10.652,0,1005,8.326368134466065,0,0.7071867014289158
5327,5327,10.654,0,968,-28.673631865533935,0,0.6929200835347487
5328,5328,10.656,0,949,-47.673631865533935,0,0.6789412770286165
5329,5329,10.658,0,957,-39.673631865533935,0,0.6652444756713886
5330,5330,10.66,0,986,-10.673631865533935,0,0.651823990357634
5331,5331,10.662,0,1015,18.326368134466065,0,0.6386742467525949
5332,5332,10.664,0,1024,27.326368134466065,0,0.625789782976829
5333,5333,10.666,0,1015,18.326368134466065,0,0.6131652473375632
5334,5334,10.668,0,1002,5.326368134466065,0,0.6007953961058135
5335,5335,10.67,0,999,2.3263681344660654,0,0.5886750913383489
5336,5336,10.672,0,1004,7.326368134466065,0,0.5767992987435948
5337,5337,10.674,0,1005,8.326368134466065,0,0.5651630855905884
5338,5338,10.676,0,1004,7.326368134466065,0,0.5537616186601192
5339,5339,10.678,0,1005,8.326368134466065,0,0.5425901622372024
5340,5340,10.68,0,1006,9.326368134466065,0,0.5316440761440514
5341,5341,10.682,0,995,-1.6736318655339346,0,0.5209188138127333
5342,5342,10.684,0,981,-15.673631865533935,0,0.5104099203967051
5343,5343,10.686,0,985,-11.673631865533935,0,0.5001130309204485
5344,5344,10.688,0,1003,6.326368134466065,0,0.49002386846643275
5345,5345,10.69,0,1014,17.326368134466065,0,0.48013824239865394
5346,5346,10.692,0,1010,13.326368134466065,0,0.47045204662201134
5347,5347,10.694,0,999,2.3263681344660654,0,0.46096125787679937
5348,5348,10.696,0,993,-3.6736318655339346,0,0.45166193406760585
5349,5349,10.698,0,995,-1.6736318655339346,0,0.4425502126259227
5350,5350,10.7,0,1001,4.326368134466065,0,0.4336223089057888
5351,5351,10.702,0,1001,4.326368134466065,0,0.4248745146117989
5352,5352,10.704,0,1000,3.3263681344660654,0,0.4163031962588257
5353,5353,10.706,0,998,1.3263681344660654,0,0.4079047936628146
5354,5354,10.708,0,996,-0.6736318655339346,0,0.39967581846202543
5355,5355,10.71,0,994,-2.6736318655339346,0,0.39161285266810575
5356,5356,10.712,0,992,-4.673631865533935,0,0.383712547246395
5357,5357,10.714,0,996,-0.6736318655339346,0,0.37597162072486856
5358,5358,10.716,0,1007,10.326368134466065,0,0.36838685783114555
5359,5359,10.718,0,1014,17.326368134466065,0,0.36095510815699233
5360,5360,10.72,0,1012,15.326368134466065,0,0.35367328484976884
5361,5361,10.722,0,1006,9.326368134466065,0,0.3465383633302728
5362,5362,10.724,0,999,2.3263681344660654,0,0.33954738003645024
5363,5363,10.726,0,989,-7.673631865533935,0,0.33269743119244966
5364,5364,10.728,0,986,-10.673631865533935,0,0.3259856716025096
5365,5365,10.73,0,991,-5.673631865533935,0,0.31940931346917734
5366,5366,10.732,0,998,1.3263681344660654,0,0.3129656252353693
5367,5367,10.734,0,1000,3.3263681344660654,0,0.30665193044979094
5368,5368,10.736,0,991,-5.673631865533935,0,0.3004656066552454
5369,5369,10.738,0,988,-8.673631865533935,0,0.29440408429936954
5370,5370,10.74,0,995,-1.6736318655339346,0,0.2884648456673441
5371,5371,10.742,0,1008,11.326368134466065,0,0.2826454238361354
5372,5372,10.744,0,1019,22.326368134466065,0,0.2769434016498339
5373,5373,10.746,0,1021,24.326368134466065,0,0.27135641071566374
5374,5374,10.748,0,1011,14.326368134466065,0,0.26588213042024705
5375,5375,10.75,0,995,-1.6736318655339346,0,0.26051828696571333
5376,5376,10.752,0,988,-8.673631865533935,0,0.2552626524252547
5377,5377,10.754,0,983,-13.673631865533935,0,0.25011304381773375
5378,5378,10.756,0,989,-7.673631865533935,0,0.24506732220096017
5379,5379,10.758,0,998,1.3263681344660654,0,0.24012339178325948
5380,5380,10.76,0,999,2.3263681344660654,0,0.23527919905296463
5381,5381,10.762,0,994,-2.6736318655339346,0,0.2305327319254691
5382,5382,10.764,0,991,-5.673631865533935,0,0.22588201890748721
5383,5383,10.766,0,995,-1.6736318655339346,0,0.22132512827817427
5384,5384,10.768,0,1001,4.326368134466065,0,0.2168601672867668
5385,5385,10.77,0,1006,9.326368134466065,0,0.21248528136640923
5386,5386,10.772,0,1006,9.326368134466065,0,0.20819865336384086
5387,5387,10.774,0,1000,3.3263681344660654,0,0.20399850278462267
5388,5388,10.776,0,992,-4.673631865533935,0,0.19988308505359095
5389,5389,10.778,0,992,-4.673631865533935,0,0.19585069079023032
5390,5390,10.78,0,995,-1.6736318655339346,0,0.19189964509866517
5391,5391,10.782,0,1001,4.326368134466065,0,0.18802830687197464
5392,5392,10.784,0,1002,5.326368134466065,0,0.18423506811054227
5393,5393,10.786,0,1000,3.3263681344660654,0,0.180518353254157
5394,5394,10.788,0,997,0.3263681344660654,0,0.17687661852758818
5395,5395,10.79,0,998,1.3263681344660654,0,0.173308351299363
5396,5396,10.792,0,999,2.3263681344660654,0,0.1698120694534796
5397,5397,10.794,0,999,2.3263681344660654,0,0.16638632077379506
5398,5398,10.796,0,999,2.3263681344660654,0,0.16302968234083287
5399,5399,10.798,0,997,0.3263681344660654,0,0.15974075994075873
5400,5400,10.8,0,998,1.3263681344660654,0,0.15651818748627974
5401,5401,10.802,0,993,-3.6736318655339346,0,0.15336062644922618
5402,5402,10.804,0,988,-8.673631865533935,0,0.1502667653045803
5403,5403,10.806,0,989,-7.673631865533935,0,0.147235318985721
5404,5404,10.808,0,999,2.3263681344660654,0,0.14426502835065844
5405,5405,10.81,0,1008,11.326368134466065,0,0.1413546596590366
5406,5406,10.812,0,1010,13.326368134466065,0,0.13850300405968674
5407,5407,10.814,0,1004,7.326368134466065,0,0.13570887708851878
5408,5408,10.816,0,994,-2.6736318655339346,0,0.1329711181765421
5409,5409,10.818,0,989,-7.673631865533935,0,0.13028859016781152
5410,5410,10.82,0,990,-6.673631865533935,0,0.12766017884709788
5411,5411,10.822,0,996,-0.6736318655339346,0,0.12508479247708756
5412,5412,10.824,0,1000,3.3263681344660654,0,0.12256136134491832
5413,5413,10.826,0,1004,7.326368134466065,0,0.12008883731786314
5414,5414,10.828,0,1004,7.326368134466065,0,0.11766619340797768
5415,5415,10.83,0,1001,4.326368134466065,0,0.11529242334553043
5416,5416,10.832,0,997,0.3263681344660654,0,0.11296654116103835
5417,5417,10.834,0,993,-3.6736318655339346,0,0.11068758077573446
5418,5418,10.836,0,991,-5.673631865533935,0,0.10845459560029717
5419,5419,10.838,0,994,-2.6736318655339346,0,0.1062666581416749
5420,5420,10.84,0,997,0.3263681344660654,0,0.10412285961784229
5421,5421,10.842,0,997,0.3263681344660654,0,0.1020223095803285
5422,5422,10.844,0,993,-3.6736318655339346,0,0.09996413554436033
5423,5423,10.846,0,992,-4.673631865533935,0,0.09794748262646681
5424,5424,10.848,0,994,-2.6736318655339346,0,0.0959715131893947
5425,5425,10.85,0,997,0.3263681344660654,0,0.09403540649418737
5426,5426,10.852,0,999,2.3263681344660654,0,0.0921383583592825
5427,5427,10.854,0,998,1.3263681344660654,0,0.09027958082648714
5428,5428,10.856,0,998,1.3263681344660654,0,0.0884583018336913
5429,5429,10.858,0,1000,3.3263681344660654,0,0.08667376489418406
5430,5430,10.86,0,1000,3.3263681344660654,0,0.08492522878243919
5431,5431,10.862,0,1001,4.326368134466065,0,0.08321196722623957
5432,5432,10.864,0,1002,5.326368134466065,0,0.08153326860501267
5433,5433,10.866,0,1003,6.326368134466065,0,0.07988843565425174
5434,5434,10.868,0,1002,5.326368134466065,0,0.07827678517589991
5435,5435,10.87,0,1002,5.326368134466065,0,0.07669764775457692
5436,5436,10.872,0,1001,4.326368134466065,0,0.07515036747953069
5437,5437,10.874,0,997,0.3263681344660654,0,0.07363430167219809
5438,5438,10.876,0,994,-2.6736318655339346,0,0.07214882061926192
5439,5439,10.878,0,990,-6.673631865533935,0,0.07069330731109308
5440,5440,10.88,0,989,-7.673631865533935,0,0.06926715718546933
5441,5441,10.882,0,993,-3.6736318655339346,0,0.06786977787646427
5442,5442,10.884,0,997,0.3263681344660654,0,0.06650058896840215
5443,5443,10.886,0,1001,4.326368134466065,0,0.06515902175477628
5444,5444,10.888,0,999,2.3263681344660654,0,0.06384451900203107
5445,5445,10.89,0,996,-0.6736318655339346,0,0.06255653471810937
5446,5446,10.892,0,996,-0.6736318655339346,0,0.06129453392566917
5447,5447,10.894,0,995,-1.6736318655339346,0,0.06005799243987529
5448,5448,10.896,0,1000,3.3263681344660654,0,0.05884639665067393
5449,5449,10.898,0,1000,3.3263681344660654,0,0.05765924330945948
5450,5450,10.9,0,1002,5.326368134466065,0,0.056496039320045155
5451,5451,10.902,0,995,-1.6736318655339346,0,0.055356301533850454
5452,5452,10.904,0,994,-2.6736318655339346,0,0.054239556549220504
5453,5453,10.906,0,993,-3.6736318655339346,0,0.05314534051479387
5454,5454,10.908,0,997,0.3263681344660654,0,0.05207319893683721
5455,5455,10.91,0,1000,3.3263681344660654,0,0.05102268649046667
5456,5456,10.912,0,1004,7.326368134466065,0,0.04999336683467767
5457,5457,10.914,0,1008,11.326368134466065,0,0.04898481243110626
5458,5458,10.916,0,1007,10.326368134466065,0,0.047996604366446705
5459,5459,10.918,0,1001,4.326368134466065,0,0.047028332178451614
5460,5460,10.92,0,994,-2.6736318655339346,0,0.04607959368544225
5461,5461,10.922,0,992,-4.673631865533935,0,0.045149994819258306
5462,5462,10.924,0,993,-3.6736318655339346,0,0.044239149461577705
5463,5463,10.926,0,994,-2.6736318655339346,0,0.04334667928353842
5464,5464,10.928,0,994,-2.6736318655339346,0,0.04247221358859575
5465,5465,10.93,0,993,-3.6736318655339346,0,0.04161538915854974
5466,5466,10.932,0,995,-1.6736318655339346,0,0.04077585010267883
5467,5467,10.934,0,1000,3.3263681344660654,0,0.039953247709917025
5468,5468,10.936,0,1004,7.326368134466065,0,0.03914724030401321
5469,5469,10.938,0,1002,5.326368134466065,0,0.03835749310161247
5470,5470,10.94,0,999,2.3263681344660654,0,0.03758367807320039
5471,5471,10.942,0,996,-0.6736318655339346,0,0.03682547380685273
5472,5472,10.944,0,995,-1.6736318655339346,0,0.03608256537473364
5473,5473,10.946,0,995,-1.6736318655339346,0,0.03535464420228725
5474,5474,10.948,0,997,0.3263681344660654,0,0.03464140794006808
5475,5475,10.95,0,995,-1.6736318655339346,0,0.03394256033815712
5476,5476,10.952,0,993,-3.6736318655339346,0,0.03325781112311143
5477,5477,10.954,0,992,-4.673631865533935,0,0.032586875877396115
5478,5478,10.956,0,995,-1.6736318655339346,0,0.03192947592124862
5479,5479,10.958,0,1000,3.3263681344660654,0,0.03128533819692625
5480,5480,10.96,0,1007,10.326368134466065,0,0.030654195155288888
5481,5481,10.962,0,1009,12.326368134466065,0,0.030035784644669727
5482,5482,10.964,0,1006,9.326368134466065,0,0.02942984980198792
5483,5483,10.966,0,1002,5.326368134466065,0,0.0288361389460579
5484,5484,10.968,0,1000,3.3263681344660654,0,0.028254405473051025
5485,5485,10.97,0,1000,3.3263681344660654,0,0.027684407754066203
5486,5486,10.972,0,1000,3.3263681344660654,0,0.027125909034766856
5487,5487,10.974,0,999,2.3263681344660654,0,0.02657867733704261
5488,5488,10.976,0,995,-1.6736318655339346,0,0.026042485362654837
5489,5489,10.978,0,992,-4.673631865533935,0,0.02551711039882602
5490,5490,10.98,0,989,-7.673631865533935,0,0.025002334225733742
5491,5491,10.982,0,988,-8.673631865533935,0,0.024497943025870866
5492,5492,10.984,0,990,-6.673631865533935,0,0.02400372729523427
5493,5493,10.986,0,994,-2.6736318655339346,0,0.02351948175630523
5494,5494,10.988,0,996,-0.6736318655339346,0,0.023045005272785312
5495,5495,10.99,0,999,2.3263681344660654,0,0.022580100766052387
5496,5496,10.992,0,997,0.3263681344660654,0,0.02212457513330201
5497,5497,10.994,0,1003,6.326368134466065,0,0.021678239167340213
5498,5498,10.996,0,1008,11.326368134466065,0,0.021240907477994387
5499,5499,10.998,0,1009,12.326368134466065,0,0.020812398415109578
5500,5500,11.0,0,1008,11.326368134466065,0,0.020392533993098268
5501,5501,11.002,0,1000,3.3263681344660654,0,0.019981139817012238
5502,5502,11.004,0,994,-2.6736318655339346,0,0.019578045010105866
5503,5503,11.006,0,990,-6.673631865533935,0,0.01918308214286074
5504,5504,11.008,0,991,-5.673631865533935,0,0.018796087163442107
5505,5505,11.01,0,996,-0.6736318655339346,0,0.018416899329558267
5506,5506,11.012,0,1001,4.326368134466065,0,0.018045361141694645
5507,5507,11.014,0,1004,7.326368134466065,0,0.017681318277694768
5508,5508,11.016,0,1002,5.326368134466065,0,0.017324619528660982
5509,5509,11.018,0,998,1.3263681344660654,0,0.01697511673614831
5510,5510,11.02,0,992,-4.673631865533935,0,0.016632664730625336
5511,5511,11.022,0,987,-9.673631865533935,0,0.01629712127117657
5512,5512,11.024,0,991,-5.673631865533935,0,0.01596834698642123
5513,5513,11.026,0,996,-0.6736318655339346,0,0.015646205316623942
5514,5514,11.028,0,1005,8.326368134466065,0,0.015330562456973255
5515,5515,11.03,0,1009,12.326368134466065,0,0.015021287302004457
5516,5516,11.032,0,1006,9.326368134466065,0,0.014718251391143591
5517,5517,11.034,0,1002,5.326368134466065,0,0.014421328855350057
5518,5518,11.036,0,994,-2.6736318655339346,0,0.014130396364835618
5519,5519,11.038,0,992,-4.673631865533935,0,0.01384533307783813
5520,5520,11.04,0,992,-4.673631865533935,0,0.013566020590428687
5521,5521,11.042,0,994,-2.6736318655339346,0,0.013292342887331348
5522,5522,11.044,0,997,0.3263681344660654,0,0.013024186293735012
5523,5523,11.046,0,998,1.3263681344660654,0,0.012761439428077438
5524,5524,11.048,0,996,-0.6736318655339346,0,0.012503993155781776
5525,5525,11.05,0,996,-0.6736318655339346,0,0.012251740543926418
5526,5526,11.052,0,996,-0.6736318655339346,0,0.01200457681682932
5527,5527,11.054,0,1001,4.326368134466065,0,0.011762399312528364
5528,5528,11.056,0,1002,5.326368134466065,0,0.011525107440139664
5529,5529,11.058,0,1000,3.3263681344660654,0,0.011292602638076127
5530,5530,11.06,0,995,-1.6736318655339346,0,0.011064788333108899
5531,5531,11.062,0,992,-4.673631865533935,0,0.010841569900254686
5532,5532,11.064,0,994,-2.6736318655339346,0,0.010622854623472315
5533,5533,11.066,0,1000,3.3263681344660654,0,0.010408551657152184
5534,5534,11.068,0,1003,6.326368134466065,0,0.010198571988382612
5535,5535,11.07,0,1006,9.326368134466065,0,0.009992828399977427
5536,5536,11.072,0,1002,5.326368134466065,0,0.009791235434249423
5537,5537,11.074,0,995,-1.6736318655339346,0,0.00959370935751464
5538,5538,11.076,0,992,-4.673631865533935,0,0.00940016812531273
5539,5539,11.078,0,994,-2.6736318655339346,0,0.009210531348328955
5540,5540,11.08,0,995,-1.6736318655339346,0,0.009024720259003678
5541,5541,11.082,0,999,2.3263681344660654,0,0.008842657678815443
5542,5542,11.084,0,1000,3.3263681344660654,0,0.00866426798622411
5543,5543,11.086,0,1000,3.3263681344660654,0,0.00848947708526067
5544,5544,11.088,0,997,0.3263681344660654,0,0.008318212374750732
5545,5545,11.09,0,999,2.3263681344660654,0,0.008150402718158894
5546,5546,11.092,0,1001,4.326368134466065,0,0.007985978414041459
5547,5547,11.094,0,1002,5.326368134466065,0,0.00782487116709523
5548,5548,11.096,0,998,1.3263681344660654,0,0.007667014059790372
5549,5549,11.098,0,994,-2.6736318655339346,0,0.007512341524575524
5550,5550,11.1,0,991,-5.673631865533935,0,0.0073607893166436605
5551,5551,11.102,0,989,-7.673631865533935,0,0.0072122944872473555
5552,5552,11.104,0,992,-4.673631865533935,0,0.0070667953575523825
5553,5553,11.106,0,998,1.3263681344660654,0,0.006924231493018785
5554,5554,11.108,0,1003,6.326368134466065,0,0.006784543678298775
5555,5555,11.11,0,1007,10.326368134466065,0,0.006647673892641041
5556,5556,11.112,0,1006,9.326368134466065,0,0.006513565285791237
5557,5557,11.114,0,1002,5.326368134466065,0,0.006382162154378653
5558,5558,11.116,0,997,0.3263681344660654,0,0.006253409918779258
5559,5559,11.118,0,999,2.3263681344660654,0,0.006127255100445495
5560,5560,11.12,0,1002,5.326368134466065,0,0.006003645299693424
5561,5561,11.122,0,1003,6.326368134466065,0,0.005882529173937985
5562,5562,11.124,0,999,2.3263681344660654,0,0.005763856416367332
5563,5563,11.126,0,995,-1.6736318655339346,0,0.005647577735047387
5564,5564,11.128,0,990,-6.673631865533935,0,0.005533644832447937
5565,5565,11.13,0,989,-7.673631865533935,0,0.005422010385381764
5566,5566,11.132,0,991,-5.673631865533935,0,0.005312628025348482
5567,5567,11.134,0,996,-0.6736318655339346,0,0.005205452319274901
5568,5568,11.136,0,995,-1.6736318655339346,0,0.00510043875064395
5569,5569,11.138,0,996,-0.6736318655339346,0,0.004997543701004283
5570,5570,11.14,0,993,-3.6736318655339346,0,0.004896724431852915
5571,5571,11.142,0,995,-1.6736318655339346,0,0.004797939066883351
5572,5572,11.144,0,997,0.3263681344660654,0,0.004701146574591834
5573,5573,11.146,0,1002,5.326368134466065,0,0.004606306751234499
5574,5574,11.148,0,1006,9.326368134466065,0,0.004513380204128338
5575,5575,11.15,0,1007,10.326368134466065,0,0.004422328335289046
5576,5576,11.152,0,1006,9.326368134466065,0,0.004333113325398962
5577,5577,11.154,0,1003,6.326368134466065,0,0.004245698118098426
5578,5578,11.156,0,999,2.3263681344660654,0,0.004160046404594049
5579,5579,11.158,0,996,-0.6736318655339346,0,0.004076122608577485
5580,5580,11.16,0,998,1.3263681344660654,0,0.00399389187144845
5581,5581,11.162,0,999,2.3263681344660654,0,0.003913320037835849
5582,5582,11.164,0,998,1.3263681344660654,0,0.0038343736414109954
5583,5583,11.166,0,994,-2.6736318655339346,0,0.003757019890987034
5584,5584,11.168,0,988,-8.673631865533935,0,0.0036812266568987864
5585,5585,11.17,0,988,-8.673631865533935,0,0.0036069624576573695
5586,5586,11.172,0,992,-4.673631865533935,0,0.0035341964468740402
5587,5587,11.174,0,996,-0.6736318655339346,0,0.003462898400447833
5588,5588,11.176,0,999,2.3263681344660654,0,0.0033930387040116755
5589,5589,11.178,0,1002,5.326368134466065,0,0.003324588340631758
5590,5590,11.18,0,1000,3.3263681344660654,0,0.003257518878755057
5591,5591,11.182,0,1000,3.3263681344660654,0,0.003191802460400002
5592,5592,11.184,0,1000,3.3263681344660654,0,0.0031274117895853776
5593,5593,11.186,0,998,1.3263681344660654,0,0.0030643201209926635
5594,5594,11.188,0,997,0.3263681344660654,0,0.003002501248857093
5595,5595,11.19,0,996,-0.6736318655339346,0,0.002941929496082823
5596,5596,11.192,0,994,-2.6736318655339346,0,0.002882579703577693
5597,5597,11.194,0,994,-2.6736318655339346,0,0.0028244272198031405
5598,5598,11.196,0,999,2.3263681344660654,0,0.0027674478905349324
5599,5599,11.198,0,1005,8.326368134466065,0,0.002711618048830465
5600,5600,11.2,0,1005,8.326368134466065,0,0.002656914505198459
5601,5601,11.202,0,1004,7.326368134466065,0,0.002603314537966967
5602,5602,11.204,0,996,-0.6736318655339346,0,0.0025507958838457004
5603,5603,11.206,0,993,-3.6736318655339346,0,0.0024993367286787406
5604,5604,11.208,0,993,-3.6736318655339346,0,0.002448915698383813
5605,5605,11.21,0,994,-2.6736318655339346,0,0.002399511850074342
5606,5606,11.212,0,995,-1.6736318655339346,0,0.002351104663360612
5607,5607,11.214,0,995,-1.6736318655339346,0,0.002303674031826413
5608,5608,11.216,0,997,0.3263681344660654,0,0.0022572002546776405
5609,5609,11.218,0,999,2.3263681344660654,0,0.002211664028559368
5610,5610,11.22,0,999,2.3263681344660654,0,0.002167046439538002
5611,5611,11.222,0,1002,5.326368134466065,0,0.00212332895524519
5612,5612,11.224,0,1001,4.326368134466065,0,0.002080493417180213
5613,5613,11.226,0,1002,5.326368134466065,0,0.002038522033167665
5614,5614,11.228,0,999,2.3263681344660654,0,0.0019973973699672965
5615,5615,11.23,0,999,2.3263681344660654,0,0.0019571023460329385
5616,5616,11.232,0,996,-0.6736318655339346,0,0.0019176202244175103
5617,5617,11.234,0,994,-2.6736318655339346,0,0.0018789346058211579
5618,5618,11.236,0,993,-3.6736318655339346,0,0.0018410294217796387
5619,5619,11.238,0,993,-3.6736318655339346,0,0.0018038889279901218
5620,5620,11.24,0,993,-3.6736318655339346,0,0.0017674976977716324
5621,5621,11.242,0,995,-1.6736318655339346,0,0.0017318406156574227
5622,5622,11.244,0,995,-1.6736318655339346,0,0.0016969028711166098
5623,5623,11.246,0,999,2.3263681344660654,0,0.0016626699524024712
5624,5624,11.248,0,1000,3.3263681344660654,0,0.001629127640524844
5625,5625,11.25,0,1002,5.326368134466065,0,0.0015962620033441225
5626,5626,11.252,0,1002,5.326368134466065,0,0.0015640593897844027
5627,5627,11.254,0,1004,7.326368134466065,0,0.0015325064241633697
5628,5628,11.256,0,1003,6.326368134466065,0,0.0015015900006365723
5629,5629,11.258,0,1001,4.326368134466065,0,0.0014712972777537771
5630,5630,11.26,0,1000,3.3263681344660654,0,0.0014416156731251425
5631,5631,11.262,0,996,-0.6736318655339346,0,0.0014125328581949944
5632,5632,11.264,0,997,0.3263681344660654,0,0.001384036753121037
5633,5633,11.266,0,997,0.3263681344660654,0,0.0013561155217568662
5634,5634,11.268,0,997,0.3263681344660654,0,0.0013287575667357068
5635,5635,11.27,0,995,-1.6736318655339346,0,0.0013019515246533288
5636,5636,11.272,0,993,-3.6736318655339346,0,0.0012756862613481415
5637,5637,11.274,0,990,-6.673631865533935,0,0.001249950867276507
5638,5638,11.276,0,990,-6.673631865533935,0,0.00122473465298135
5639,5639,11.278,0,995,-1.6736318655339346,0,0.001200027144652184
5640,5640,11.28,0,1002,5.326368134466065,0,0.0011758180797747078
5641,5641,11.282,0,1008,11.326368134466065,0,0.001152097402868165
5642,5642,11.284,0,1008,11.326368134466065,0,0.0011288552613086993
5643,5643,11.286,0,1003,6.326368134466065,0,0.0011060820012369667
5644,5644,11.288,0,994,-2.6736318655339346,0,0.001083768163548307
5645,5645,11.29,0,987,-9.673631865533935,0,0.0010619044799638087
5646,5646,11.292,0,988,-8.673631865533935,0,0.0010404818691806355
5647,5647,11.294,0,994,-2.6736318655339346,0,0.0010194914331000144
5648,5648,11.296,0,1003,6.326368134466065,0,0.000998924453131321
5649,5649,11.298,0,1008,11.326368134466065,0,0.0009787723865707244
5650,5650,11.3,0,1004,7.326368134466065,0,0.0009590268630528869
5651,5651,11.302,0,1000,3.3263681344660654,0,0.00093967968107425
5652,5652,11.304,0,998,1.3263681344660654,0,0.0009207228045864549
5653,5653,11.306,0,998,1.3263681344660654,0,0.0009021483596584896
5654,5654,11.308,0,996,-0.6736318655339346,0,0.0008839486312061707
5655,5655,11.31,0,994,-2.6736318655339346,0,0.0008661160597876059
5656,5656,11.312,0,994,-2.6736318655339346,0,0.0008486432384633019
5657,5657,11.314,0,995,-1.6736318655339346,0,0.000831522909719618
5658,5658,11.316,0,995,-1.6736318655339346,0,0.0008147479624542837
5659,5659,11.318,0,997,0.3263681344660654,0,0.0007983114290227301
5660,5660,11.32,0,997,0.3263681344660654,0,0.0007822064823440084
5661,5661,11.322,0,997,0.3263681344660654,0,0.0007664264330650921
5662,5662,11.324,0,999,2.3263681344660654,0,0.0007509647267823868
5663,5663,11.326,0,998,1.3263681344660654,0,0.0007358149413192917
5664,5664,11.328,0,999,2.3263681344660654,0,0.0007209707840586839
5665,5665,11.33,0,1001,4.326368134466065,0,0.0007064260893292155
5666,5666,11.332,0,997,0.3263681344660654,0,0.0006921748158443397
5667,5667,11.334,0,995,-1.6736318655339346,0,0.0006782110441930012
5668,5668,11.336,0,994,-2.6736318655339346,0,0.0006645289743809486
5669,5669,11.338,0,996,-0.6736318655339346,0,0.0006511229234216479
5670,5670,11.34,0,1000,3.3263681344660654,0,0.0006379873229757967
5671,5671,11.342,0,1004,7.326368134466065,0,0.0006251167170384576
5672,5672,11.344,0,1006,9.326368134466065,0,0.0006125057596728512
5673,5673,11.346,0,1003,6.326368134466065,0,0.0006001492127898672
5674,5674,11.348,0,999,2.3263681344660654,0,0.0005880419439723712
5675,5675,11.35,0,991,-5.673631865533935,0,0.0005761789243434022
5676,5676,11.352,0,984,-12.673631865533935,0,0.0005645552264773786
5677,5677,11.354,0,984,-12.673631865533935,0,0.0005531660223534415
5678,5678,11.356,0,990,-6.673631865533935,0,0.000542006581350087
5679,5679,11.358,0,1001,4.326368134466065,0,0.0005310722682802552
5680,5680,11.36,0,1010,13.326368134466065,0,0.0005203585414660575
5681,5681,11.362,0,1012,15.326368134466065,0,0.0005098609508523452
5682,5682,11.364,0,1008,11.326368134466065,0,0.0004995751361583337
5683,5683,11.366,0,1003,6.326368134466065,0,0.0004894968250665153
5684,5684,11.368,0,995,-1.6736318655339346,0,0.00047962183144810953
5685,5685,11.37,0,989,-7.673631865533935,0,0.0004699460536243115
5686,5686,11.372,0,987,-9.673631865533935,0,0.00046046547266261794
5687,5687,11.374,0,989,-7.673631865533935,0,0.00045117615070752325
5688,5688,11.376,0,994,-2.6736318655339346,0,0.0004420742293448908
5689,5689,11.378,0,1000,3.3263681344660654,0,0.0004331559279993219
5690,5690,11.38,0,1001,4.326368134466065,0,0.0004244175423638549
5691,5691,11.382,0,997,0.3263681344660654,0,0.00041585544286134435
5692,5692,11.384,0,999,2.3263681344660654,0,0.00040746607313687876
5693,5693,11.386,0,1001,4.326368134466065,0,0.0003992459485806127
5694,5694,11.388,0,1001,4.326368134466065,0,0.0003911916548803989
5695,5695,11.39,0,1002,5.326368134466065,0,0.0003832998466036188
5696,5696,11.392,0,1000,3.3263681344660654,0,0.0003755672458076232
5697,5697,11.394,0,998,1.3263681344660654,0,0.0003679906406782058
5698,5698,11.396,0,995,-1.6736318655339346,0,0.00036056688419554316
5699,5699,11.398,0,995,-1.6736318655339346,0,0.0003532928928270484
5700,5700,11.4,0,994,-2.6736318655339346,0,0.0003461656452465945
5701,5701,11.402,0,994,-2.6736318655339346,0,0.0003391821810795758
5702,5702,11.404,0,994,-2.6736318655339346,0,0.0003323395996732866
5703,5703,11.406,0,994,-2.6736318655339346,0,0.0003256350588921053
5704,5704,11.408,0,995,-1.6736318655339346,0,0.00031906577393698475
5705,5705,11.41,0,998,1.3263681344660654,0,0.0003126290161887578
5706,5706,11.412,0,999,2.3263681344660654,0,0.0003063221120747772
5707,5707,11.414,0,1000,3.3263681344660654,0,0.0003001424419584206
5708,5708,11.416,0,999,2.3263681344660654,0,0.0002940874390509975
5709,5709,11.418,0,1000,3.3263681344660654,0,0.0002881545883456078
5710,5710,11.42,0,999,2.3263681344660654,0,0.000282341425572508
5711,5711,11.422,0,999,2.3263681344660654,0,0.00027664553617555177
5712,5712,11.424,0,1000,3.3263681344660654,0,0.00027106455430927963
5713,5713,11.426,0,1002,5.326368134466065,0,0.00026559616185624097
5714,5714,11.428,0,1000,3.3263681344660654,0,0.0002602380874641404
5715,5715,11.43,0,999,2.3263681344660654,0,0.00025498810560240865
5716,5716,11.432,0,995,-1.6736318655339346,0,0.00024984403563780574
5717,5717,11.434,0,994,-2.6736318655339346,0,0.00024480374092867294
5718,5718,11.436,0,994,-2.6736318655339346,0,0.0002398651279374569
5719,5719,11.438,0,995,-1.6736318655339346,0,0.00023502614536113765
5720,5720,11.44,0,995,-1.6736318655339346,0,0.000230284783279199
5721,5721,11.442,0,994,-2.6736318655339346,0,0.0002256390723187877
5722,5722,11.444,0,993,-3.6736318655339346,0,0.00022108708283671448
5723,5723,11.446,0,997,0.3263681344660654,0,0.00021662692411795705
5724,5724,11.448,0,999,2.3263681344660654,0,0.0002122567435903326
5725,5725,11.45,0,1000,3.3263681344660654,0,0.00020797472605501294
5726,5726,11.452,0,998,1.3263681344660654,0,0.00020377909293256346
5727,5727,11.454,0,998,1.3263681344660654,0,0.00019966810152419195
5728,5728,11.456,0,997,0.3263681344660654,0,0.00019564004428790108
5729,5729,11.458,0,998,1.3263681344660654,0,0.00019169324812924344
5730,5730,11.46,0,999,2.3263681344660654,0,0.0001878260737063848
5731,5731,11.462,0,1002,5.326368134466065,0,0.00018403691474918682
5732,5732,11.464,0,1004,7.326368134466065,0,0.00018032419739202654
5733,5733,11.466,0,1003,6.326368134466065,0,0.00017668637952007523
5734,5734,11.468,0,997,0.3263681344660654,0,0.00017312195012876536
5735,5735,11.47,0,990,-6.673631865533935,0,0.00016962942869617955
5736,5736,11.472,0,988,-8.673631865533935,0,0.00016620736456810075
5737,5737,11.474,0,989,-7.673631865533935,0,0.0001628543363554683
5738,5738,11.476,0,995,-1.6736318655339346,0,0.0001595689513439896
5739,5739,11.478,0,1002,5.326368134466065,0,0.00015634984491566195
5740,5740,11.48,0,1003,6.326368134466065,0,0.00015319567998196482
5741,5741,11.482,0,1001,4.326368134466065,0,0.00015010514642848637
5742,5742,11.484,0,995,-1.6736318655339346,0,0.00014707696057075434
5743,5743,11.486,0,990,-6.673631865533935,0,0.00014410986462104445
5744,5744,11.488,0,993,-3.6736318655339346,0,0.0001412026261659457
5745,5745,11.49,0,998,1.3263681344660654,0,0.00013835403765446482
5746,5746,11.492,0,1002,5.326368134466065,0,0.0001355629158964578
5747,5747,11.494,0,1001,4.326368134466065,0,0.00013282810157117983
5748,5748,11.496,0,1001,4.326368134466065,0,0.00013014845874574963
5749,5749,11.498,0,998,1.3263681344660654,0,0.00012752287440332826
5750,5750,11.5,0,997,0.3263681344660654,0,0.0001249502579808162
5751,5751,11.502,0,997,0.3263681344660654,1,0.021338339415283524
5752,5752,11.504,0,996,-0.6736318655339346,1,0.042101664457419766
5753,5753,11.506,0,996,-0.6736318655339346,1,0.06242447396270763
5754,5754,11.508,0,995,-1.6736318655339346,1,0.08231611392644464
5755,5755,11.51,0,993,-3.6736318655339346,1,0.10178573205891725
5756,5756,11.512,1,996,-0.6736318655339346,1,0.1208422819922236
5757,5757,11.514,1,997,0.3263681344660654,1,0.13949452739784413
5758,5758,11.516,1,995,-1.6736318655339346,1,0.15775104601685364
5759,5759,11.518,1,991,-5.673631865533935,1,0.17562023360462825
5760,5760,11.52,1,989,-7.673631865533935,1,0.19311030779186136
5761,5761,11.522,1,992,-4.673631865533935,1,0.21022931186366395
5762,5762,11.524,1,987,-9.673631865533935,1,0.2269851184584875
5763,5763,11.526,1,979,-17.673631865533935,1,0.24338543318857037
5764,5764,11.528,1,975,-21.673631865533935,1,0.25943779818357254
5765,5765,11.53,1,978,-18.673631865533935,1,0.2751495955590288
5766,5766,11.532,1,988,-8.673631865533935,1,0.29052805081121447
5767,5767,11.534,1,995,-1.6736318655339346,1,0.30558023613998625
5768,5768,11.536,1,1001,4.326368134466065,1,0.32031307370112505
5769,5769,11.538,1,1003,6.326368134466065,1,0.334733338789677
5770,5770,11.54,1,1000,3.3263681344660654,1,0.3488476629557568
5771,5771,11.542,1,994,-2.6736318655339346,1,0.36266253705424606
5772,5772,11.544,1,989,-7.673631865533935,1,0.37618431422978876
5773,5773,11.546,1,990,-6.673631865533935,1,0.38941921283845743
5774,5774,11.548,1,993,-3.6736318655339346,1,0.40237331930743264
5775,5775,11.55,1,992,-4.673631865533935,1,0.4150525909340119
5776,5776,11.552,1,984,-12.673631865533935,1,0.4274628586252343
5777,5777,11.554,1,978,-18.673631865533935,1,0.4396098295793813
5778,5778,11.556,1,983,-13.673631865533935,1,0.4514990899105866
5779,5779,11.558,1,998,1.3263681344660654,1,0.4631361072177627
5780,5780,11.56,1,1009,12.326368134466065,1,0.47452623309902403
5781,5781,11.562,1,1003,6.326368134466065,1,0.4856747056127649
5782,5782,11.564,1,986,-10.673631865533935,1,0.49658665168652255
5783,5783,11.566,1,978,-18.673631865533935,1,0.5072670894747341
5784,5784,11.568,1,988,-8.673631865533935,1,0.5177209306664707
5785,5785,11.57,1,1001,4.326368134466065,1,0.5279529827442114
5786,5786,11.572,0,1005,8.326368134466065,1,0.537967951194694
5787,5787,11.574,0,998,1.3263681344660654,1,0.5477704416728609
5788,5788,11.576,0,987,-9.673631865533935,1,0.5573649621198947
5789,5789,11.578,0,992,-4.673631865533935,1,0.566755924836317
5790,5790,11.58,0,1006,9.326368134466065,1,0.5759476485111044
5791,5791,11.582,0,1018,21.326368134466065,1,0.5849443602077551
5792,5792,11.584,0,1008,11.326368134466065,1,0.5937501973082187
5793,5793,11.586,0,992,-4.673631865533935,1,0.6023692094155833
5794,5794,11.588,0,982,-14.673631865533935,1,0.6108053602163953
5795,5795,11.59,0,978,-18.673631865533935,1,0.6190625293034688
5796,5796,11.592,0,974,-22.673631865533935,1,0.6271445139600208
5797,5797,11.594,0,977,-19.673631865533935,1,0.6350550309059553
5798,5798,11.596,0,992,-4.673631865533935,1,0.6427977180070978
5799,5799,11.598,0,1015,18.326368134466065,1,0.6503761359481667
5800,5800,11.6,0,1031,34.326368134466065,1,0.6577937698702503
5801,5801,11.602,0,1035,38.326368134466065,0,0.6445235933398651
5802,5802,11.604,0,1026,29.326368134466065,0,0.6315211262242137
5803,5803,11.606,0,1011,14.326368134466065,0,0.6187809678166386
5804,5804,11.608,0,998,1.3263681344660654,0,0.6062978263630655
5805,5805,11.61,0,992,-4.673631865533935,0,0.5940665168640203
5806,5806,11.612,0,988,-8.673631865533935,0,0.5820819589209866
5807,5807,11.614,0,985,-11.673631865533935,0,0.5703391746262104
5808,5808,11.616,0,987,-9.673631865533935,0,0.5588332864950764
5809,5809,11.618,0,996,-0.6736318655339346,0,0.5475595154401942
5810,5810,11.62,0,1008,11.326368134466065,0,0.5365131787863568
5811,5811,11.622,0,1020,23.326368134466065,0,0.5256896883255435
5812,5812,11.624,0,1024,27.326368134466065,0,0.5150845484111609
5813,5813,11.626,0,1023,26.326368134466065,0,0.5046933540907311
5814,5814,11.628,0,1018,21.326368134466065,0,0.4945117892762494
5815,5815,11.63,0,1013,16.326368134466065,0,0.48453562495145364
5816,5816,11.632,0,1013,16.326368134466065,0,0.4747607174152594
5817,5817,11.634,0,1012,15.326368134466065,0,0.46518300656063155
5818,5818,11.636,0,1001,4.326368134466065,0,0.45579851418817785
5819,5819,11.638,0,992,-4.673631865533935,0,0.4466033423537631
5820,5820,11.64,0,988,-8.673631865533935,0,0.4375936717494588
5821,5821,11.642,0,996,-0.6736318655339346,0,0.42876576011715467
5822,5822,11.644,0,1014,17.326368134466065,0,0.42011594069417385
5823,5823,11.646,0,1021,24.326368134466065,0,0.4116406206902458
5824,5824,11.648,0,1012,15.326368134466065,0,0.4033362797952045
5825,5825,11.65,0,1000,3.3263681344660654,0,0.3951994687167916
5826,5826,11.652,0,997,0.3263681344660654,0,0.38722680774795826
5827,5827,11.654,0,1002,5.326368134466065,0,0.3794149853630692
5828,5828,11.656,0,1009,12.326368134466065,0,0.37176075684242726
5829,5829,11.658,0,1009,12.326368134466065,0,0.36426094292454575
5830,5830,11.66,0,1007,10.326368134466065,0,0.35691242848561033
5831,5831,11.662,0,1004,7.326368134466065,0,0.3497121612455804
5832,5832,11.664,0,1001,4.326368134466065,0,0.3426571505003938
5833,5833,11.666,0,997,0.3263681344660654,0,0.33574446587974754
5834,5834,11.668,0,994,-2.6736318655339346,0,0.3289712361299386
5835,5835,11.67,0,994,-2.6736318655339346,0,0.3223346479212597
5836,5836,11.672,0,995,-1.6736318655339346,0,0.3158319446794543
5837,5837,11.674,0,993,-3.6736318655339346,0,0.3094604254407453
5838,5838,11.676,0,987,-9.673631865533935,0,0.30321744372996257
5839,5839,11.678,0,986,-10.673631865533935,0,0.2971004064613024
5840,5840,11.68,0,989,-7.673631865533935,0,0.29110677286126335
5841,5841,11.682,0,992,-4.673631865533935,0,0.28523405341330976
5842,5842,11.684,0,997,0.3263681344660654,0,0.2794798088238261
5843,5843,11.686,0,1000,3.3263681344660654,0,0.2738416490089315
5844,5844,11.688,0,1003,6.326368134466065,0,0.2683172321017341
5845,5845,11.69,0,1000,3.3263681344660654,0,0.26290426347961304
5846,5846,11.692,0,996,-0.6736318655339346,0,0.2576004948111236
5847,5847,11.694,0,991,-5.673631865533935,0,0.25240372312212983
5848,5848,11.696,0,989,-7.673631865533935,0,0.24731178988077696
5849,5849,11.698,0,990,-6.673631865533935,0,0.2423225801009233
5850,5850,11.7,0,992,-4.673631865533935,0,0.23743402146365927
5851,5851,11.702,0,993,-3.6736318655339346,0,0.23264408345654872
5852,5852,11.704,0,992,-4.673631865533935,0,0.22795077653023496
5853,5853,11.706,0,991,-5.673631865533935,0,0.2233521512720613
5854,5854,11.708,0,992,-4.673631865533935,0,0.2188462975963626
5855,5855,11.71,0,991,-5.673631865533935,0,0.21443134395109198
5856,5856,11.712,0,993,-3.6736318655339346,0,0.21010545654045257
5857,5857,11.714,0,993,-3.6736318655339346,0,0.20586683856321183
5858,5858,11.716,0,994,-2.6736318655339346,0,0.20171372946638197
5859,5859,11.718,0,994,-2.6736318655339346,0,0.19764440421395635
5860,5860,11.72,0,998,1.3263681344660654,0,0.19365717257039827
5861,5861,11.722,0,999,2.3263681344660654,0,0.18975037839858455
5862,5862,11.724,0,1002,5.326368134466065,0,0.18592239897191212
5863,5863,11.726,0,1000,3.3263681344660654,0,0.18217164430028207
5864,5864,11.728,0,995,-1.6736318655339346,0,0.1784965564696811
5865,5865,11.73,0,988,-8.673631865533935,0,0.1748956089950862
5866,5866,11.732,0,985,-11.673631865533935,0,0.17136730618642348
5867,5867,11.734,0,985,-11.673631865533935,0,0.16791018252731832
5868,5868,11.736,0,989,-7.673631865533935,0,0.16452280206637807
5869,5869,11.738,0,997,0.3263681344660654,0,0.16120375782075513
5870,5870,11.74,0,1001,4.326368134466065,0,0.15795167119174244
5871,5871,11.742,0,1003,6.326368134466065,0,0.15476519139215839
5872,5872,11.744,0,998,1.3263681344660654,0,0.15164299488528374
5873,5873,11.746,0,993,-3.6736318655339346,0,0.14858378483511717
5874,5874,11.748,0,994,-2.6736318655339346,0,0.14558629056772132
5875,5875,11.75,0,995,-1.6736318655339346,0,0.14264926704343545
5876,5876,11.752,0,999,2.3263681344660654,0,0.13977149433973554
5877,5877,11.754,0,1004,7.326368134466065,0,0.13695177714452725
5878,5878,11.756,0,1009,12.326368134466065,0,0.13418894425966071
5879,5879,11.758,0,1007,10.326368134466065,0,0.13148184811446165
5880,5880,11.76,0,1003,6.326368134466065,0,0.12882936428907613
5881,5881,11.762,0,997,0.3263681344660654,0,0.12623039104743147
5882,5882,11.764,0,993,-3.6736318655339346,0,0.12368384887961892
5883,5883,11.766,0,994,-2.6736318655339346,0,0.12118868005350829
5884,5884,11.768,0,994,-2.6736318655339346,0,0.11874384817540819
5885,5885,11.77,0,996,-0.6736318655339346,0,0.11634833775958933
5886,5886,11.772,0,997,0.3263681344660654,0,0.11400115380649233
5887,5887,11.774,0,998,1.3263681344660654,0,0.11170132138944441
5888,5888,11.776,0,1001,4.326368134466065,0,0.10944788524971386
5889,5889,11.778,0,1000,3.3263681344660654,0,0.10723990939973349
5890,5890,11.78,0,999,2.3263681344660654,0,0.10507647673432882
5891,5891,11.782,0,998,1.3263681344660654,0,0.10295668864978903
5892,5892,11.784,0,997,0.3263681344660654,0,0.10087966467062288
5893,5893,11.786,0,997,0.3263681344660654,0,0.09884454208384422
5894,5894,11.788,0,998,1.3263681344660654,0,0.0968504755806354
5895,5895,11.79,0,996,-0.6736318655339346,0,0.09489663690523976
5896,5896,11.792,0,997,0.3263681344660654,0,0.09298221451093706
5897,5897,11.794,0,996,-0.6736318655339346,0,0.09110641322295943
5898,5898,11.796,0,999,2.3263681344660654,0,0.08926845390820737
5899,5899,11.798,0,1001,4.326368134466065,0,0.08746757315162901
5900,5900,11.8,0,1002,5.326368134466065,0,0.08570302293912782
5901,5901,11.802,0,1000,3.3263681344660654,0,0.08397407034686746
5902,5902,11.804,0,993,-3.6736318655339346,0,0.08227999723684436
5903,5903,11.806,0,989,-7.673631865533935,0,0.08062009995860181
5904,5904,11.808,0,992,-4.673631865533935,0,0.07899368905696165
5905,5905,11.81,0,996,-0.6736318655339346,0,0.07740008898565205
5906,5906,11.812,0,1001,4.326368134466065,0,0.07583863782671248
5907,5907,11.814,0,1003,6.326368134466065,0,0.0743086870155594
5908,5908,11.816,0,1001,4.326368134466065,0,0.07280960107159838
5909,5909,11.818,0,998,1.3263681344660654,0,0.07134075733427077
5910,5910,11.82,0,994,-2.6736318655339346,0,0.06990154570442532
5911,5911,11.822,0,991,-5.673631865533935,0,0.0684913683909073
5912,5912,11.824,0,992,-4.673631865533935,0,0.06710963966225993
5913,5913,11.826,0,995,-1.6736318655339346,0,0.06575578560343479
5914,5914,11.828,0,998,1.3263681344660654,0,0.06442924387741043
5915,5915,11.83,0,998,1.3263681344660654,0,0.06312946349162003
5916,5916,11.832,0,997,0.3263681344660654,0,0.06185590456909094
5917,5917,11.834,0,995,-1.6736318655339346,0,0.06060803812420136
5918,5918,11.836,0,993,-3.6736318655339346,0,0.05938534584296082
5919,5919,11.838,0,994,-2.6736318655339346,0,0.058187319867723145
5920,5920,11.84,0,997,0.3263681344660654,0,0.05701346258624268
5921,5921,11.842,0,998,1.3263681344660654,0,0.055863286424985954
5922,5922,11.844,0,1005,8.326368134466065,0,0.05473631364661309
5923,5923,11.846,0,1005,8.326368134466065,0,0.05363207615154474
5924,5924,11.848,0,1004,7.326368134466065,0,0.05255011528353219
5925,5925,11.85,0,999,2.3263681344660654,0,0.05148998163914982
5926,5926,11.852,0,993,-3.6736318655339346,0,0.050451234881130826
5927,5927,11.854,0,987,-9.673631865533935,0,0.04943344355546869
5928,5928,11.856,0,986,-10.673631865533935,0,0.04843618491220836
5929,5929,11.858,0,991,-5.673631865533935,0,0.04745904472985277
5930,5930,11.86,0,995,-1.6736318655339346,0,0.04650161714331174
5931,5931,11.862,0,999,2.3263681344660654,0,0.04556350447532181
5932,5932,11.864,0,999,2.3263681344660654,0,0.04464431707126691
5933,5933,11.866,0,997,0.3263681344660654,0,0.043743673137331414
5934,5934,11.868,0,995,-1.6736318655339346,0,0.042861198581918156
5935,5935,11.87,0,997,0.3263681344660654,0,0.041996526860265726
5936,5936,11.872,0,999,2.3263681344660654,0,0.041149298822200364
5937,5937,11.874,0,1002,5.326368134466065,0,0.04031916256295929
5938,5938,11.876,0,1000,3.3263681344660654,0,0.0395057732770235
5939,5939,11.878,0,1000,3.3263681344660654,0,0.038708793114899304
5940,5940,11.88,0,999,2.3263681344660654,0,0.037927891042789076
5941,5941,11.882,0,995,-1.6736318655339346,0,0.037162742705093045
5942,5942,11.884,0,996,-0.6736318655339346,0,0.03641303028968487
5943,5943,11.886,0,996,-0.6736318655339346,0,0.03567844239590519
5944,5944,11.888,0,997,0.3263681344660654,0,0.03495867390521815
5945,5945,11.89,0,992,-4.673631865533935,0,0.03425342585447738
5946,5946,11.892,0,992,-4.673631865533935,0,0.03356240531174856
5947,5947,11.894,0,991,-5.673631865533935,0,0.03288532525463721
5948,5948,11.896,0,992,-4.673631865533935,0,0.03222190445107099
5949,5949,11.898,0,995,-1.6736318655339346,0,0.03157186734248715
5950,5950,11.9,0,997,0.3263681344660654,0,0.03093494392937646
5951,5951,11.902,0,999,2.3263681344660654,0,0.030310869659136156
5952,5952,11.904,0,1000,3.3263681344660654,0,0.029699385316185364
5953,5953,11.906,0,1002,5.326368134466065,0,0.02910023691429726
5954,5954,11.908,0,999,2.3263681344660654,0,0.028513175591103324
5955,5955,11.91,0,999,2.3263681344660654,0,0.027937957504725816
5956,5956,11.912,0,1002,5.326368134466065,0,0.02737434373249559
5957,5957,11.914,0,1003,6.326368134466065,0,0.026822100171713135
5958,5958,11.916,0,999,2.3263681344660654,0,0.026280997442411642
5959,5959,11.918,0,997,0.3263681344660654,0,0.02575081079208171
5960,5960,11.92,0,994,-2.6736318655339346,0,0.02523132000231811
5961,5961,11.922,0,992,-4.673631865533935,0,0.024722309297349823
5962,5962,11.924,0,992,-4.673631865533935,0,0.02422356725441541
5963,5963,11.926,0,992,-4.673631865533935,0,0.023734886715946403
5964,5964,11.928,0,991,-5.673631865533935,0,0.02325606470352231
5965,5965,11.93,0,990,-6.673631865533935,0,0.022786902333561468
5966,5966,11.932,0,994,-2.6736318655339346,0,0.02232720473471274
5967,5967,11.934,0,999,2.3263681344660654,0,0.0218767809669137
5968,5968,11.936,0,1001,4.326368134466065,0,0.02143544394208177
5969,5969,11.938,0,1001,4.326368134466065,0,0.021003010346405254
5970,5970,11.94,0,1001,4.326368134466065,0,0.020579300564202114
5971,5971,11.942,0,999,2.3263681344660654,0,0.020164138603314757
5972,5972,11.944,0,996,-0.6736318655339346,0,0.019757352022009917
5973,5973,11.946,0,994,-2.6736318655339346,0,0.019358771857353217
5974,5974,11.948,0,990,-6.673631865533935,0,0.018968232555028715
5975,5975,11.95,0,989,-7.673631865533935,0,0.018585571900574232
5976,5976,11.952,0,992,-4.673631865533935,0,0.01821063095200393
5977,5977,11.954,0,998,1.3263681344660654,0,0.01784325397379014
5978,5978,11.956,0,1003,6.326368134466065,0,0.01748328837217704
5979,5979,11.958,0,1006,9.326368134466065,0,0.017130584631799284
5980,5980,11.96,0,1004,7.326368134466065,0,0.016784996253579283
5981,5981,11.962,0,1004,7.326368134466065,0,0.016446379693877314
5982,5982,11.964,0,1000,3.3263681344660654,0,0.01611459430486923
5983,5983,11.966,0,998,1.3263681344660654,0,0.015789502276126945
5984,5984,11.968,0,994,-2.6736318655339346,0,0.01547096857737748
5985,5985,11.97,0,994,-2.6736318655339346,0,0.015158860902416773
5986,5986,11.972,0,992,-4.673631865533935,0,0.014853049614154946
5987,5987,11.974,0,993,-3.6736318655339346,0,0.014553407690770227
5988,5988,11.976,0,991,-5.673631865533935,0,0.014259810672949152
5989,5989,11.978,0,990,-6.673631865533935,0,0.013972136612191124
5990,5990,11.98,0,990,-6.673631865533935,0,0.013690266020155861
5991,5991,11.982,0,991,-5.673631865533935,0,0.013414081819032706
5992,5992,11.984,0,994,-2.6736318655339346,0,0.013143469292911172
5993,5993,11.986,0,999,2.3263681344660654,0,0.01287831604013252
5994,5994,11.988,0,1000,3.3263681344660654,0,0.01261851192660259
5995,5995,11.99,0,1000,3.3263681344660654,0,0.012363949040046493
5996,5996,11.992,0,998,1.3263681344660654,0,0.012114521645186144
5997,5997,11.994,0,997,0.3263681344660654,0,0.011870126139822048
5998,5998,11.996,0,997,0.3263681344660654,0,0.011630661011801073
5999,5999,11.998,0,998,1.3263681344660654,0,0.011396026796852346
6000,6000,12.0,0,999,2.3263681344660654,0,0.01116612603727376
6001,6001,12.002,0,1000,3.3263681344660654,0,0.01094086324145193
6002,6002,12.004,0,1001,4.326368134466065,0,0.010720144844198778
6003,6003,12.006,0,996,-0.6736318655339346,0,0.010503879167888287
6004,6004,12.008,0,993,-3.6736318655339346,0,0.010291976384377267
6005,6005,12.01,0,992,-4.673631865533935,0,0.010084348477694323
6006,6006,12.012,0,993,-3.6736318655339346,0,0.00988090920748153
6007,6007,12.014,0,995,-1.6736318655339346,0,0.009681574073173627
6008,6008,12.016,0,996,-0.6736318655339346,0,0.009486260278899842
6009,6009,12.018,0,997,0.3263681344660654,0,0.009294886699093799
6010,6010,12.02,0,995,-1.6736318655339346,0,0.009107373844797179
6011,6011,12.022,0,994,-2.6736318655339346,0,0.008923643830643181
6012,6012,12.024,0,992,-4.673631865533935,0,0.008743620342506047
6013,6013,12.026,0,993,-3.6736318655339346,0,0.008567228605803204
6014,6014,12.028,0,997,0.3263681344660654,0,0.008394395354436899
6015,6015,12.03,0,1003,6.326368134466065,0,0.008225048800362365
6016,6016,12.032,0,1006,9.326368134466065,0,0.008059118603769943
6017,6017,12.034,0,1005,8.326368134466065,0,0.007896535843868714
6018,6018,12.036,0,995,-1.6736318655339346,0,0.007737232990259562
6019,6019,12.038,0,988,-8.673631865533935,0,0.007581143874885731
6020,6020,12.04,0,987,-9.673631865533935,0,0.00742820366454925
6021,6021,12.042,0,994,-2.6736318655339346,0,0.007278348833981811
6022,6022,12.044,0,1000,3.3263681344660654,0,0.007131517139458901
6023,6023,12.046,0,1003,6.326368134466065,0,0.006987647592946238
6024,6024,12.048,0,1000,3.3263681344660654,0,0.006846680436767776
6025,6025,12.05,0,996,-0.6736318655339346,0,0.006708557118784748
6026,6026,12.052,0,993,-3.6736318655339346,0,0.006573220268075435
6027,6027,12.054,0,994,-2.6736318655339346,0,0.006440613671105578
6028,6028,12.056,0,994,-2.6736318655339346,0,0.006310682248379512
6029,6029,12.058,0,995,-1.6736318655339346,0,0.0061833720315623425
6030,6030,12.06,0,998,1.3263681344660654,0,0.006058630141063647
6031,6031,12.062,0,1000,3.3263681344660654,0,0.005936404764073399
6032,6032,12.064,0,998,1.3263681344660654,0,0.005816645133040997
6033,6033,12.066,0,996,-0.6736318655339346,0,0.005699301504588442
6034,6034,12.068,0,990,-6.673631865533935,0,0.005584325138848923
6035,6035,12.07,0,988,-8.673631865533935,0,0.005471668279222219
6036,6036,12.072,0,991,-5.673631865533935,0,0.005361284132538509
6037,6037,12.074,0,994,-2.6736318655339346,0,0.005253126849622356
6038,6038,12.076,0,998,1.3263681344660654,0,0.005147151506248786
6039,6039,12.078,0,1000,3.3263681344660654,0,0.005043314084483553
6040,6040,12.08,0,1002,5.326368134466065,0,0.004941571454399847
6041,6041,12.082,0,1002,5.326368134466065,0,0.004841881356163841
6042,6042,12.084,0,1001,4.326368134466065,0,0.004744202382481634
6043,6043,12.086,0,1000,3.3263681344660654,0,0.004648493961400322
6044,6044,12.088,0,997,0.3263681344660654,0,0.004554716339456017
6045,6045,12.09,0,996,-0.6736318655339346,0,0.004462830565161843
6046,6046,12.092,0,993,-3.6736318655339346,0,0.0043727984728290465
6047,6047,12.094,0,992,-4.673631865533935,0,0.004284582666714485
6048,6048,12.096,0,992,-4.673631865533935,0,0.004198146505487927
6049,6049,12.098,0,995,-1.6736318655339346,0,0.004113454087012706
6050,6050,12.1,0,1000,3.3263681344660654,0,0.004030470233433399
6051,6051,12.102,0,1002,5.326368134466065,0,0.0039491604765643515
6052,6052,12.104,0,1002,5.326368134466065,0,0.003869491043572965
6053,6053,12.106,0,997,0.3263681344660654,0,0.0037914288429518094
6054,6054,12.108,0,993,-3.6736318655339346,0,0.0037149414507737276
6055,6055,12.11,0,991,-5.673631865533935,0,0.0036399970972242303
6056,6056,12.112,0,991,-5.673631865533935,0,0.00356656465340558
6057,6057,12.114,0,992,-4.673631865533935,0,0.003494613618407088
6058,6058,12.116,0,996,-0.6736318655339346,0,0.0034241141066362517
6059,6059,12.118,0,998,1.3263681344660654,0,0.0033550368354054705
6060,6060,12.12,0,995,-1.6736318655339346,0,0.0032873531127691836
6061,6061,12.122,0,993,-3.6736318655339346,0,0.00322103482560638
6062,6062,12.124,0,993,-3.6736318655339346,0,0.003156054427943528
6063,6063,12.126,0,998,1.3263681344660654,0,0.0030923849295130764
6064,6064,12.128,0,1003,6.326368134466065,0,0.003029999884542772
6065,6065,12.13,0,1005,8.326368134466065,0,0.0029688733807711407
6066,6066,12.132,0,1002,5.326368134466065,0,0.002908980028684565
6067,6067,12.134,0,998,1.3263681344660654,0,0.0028502949509714944
6068,6068,12.136,0,994,-2.6736318655339346,0,0.0027927937721893992
6069,6069,12.138,0,993,-3.6736318655339346,0,0.002736452608640185
6070,6070,12.14,0,995,-1.6736318655339346,0,0.0026812480584498554
6071,6071,12.142,0,993,-3.6736318655339346,0,0.0026271571918483057
6072,6072,12.144,0,995,-1.6736318655339346,0,0.002574157541645211
6073,6073,12.146,0,994,-2.6736318655339346,0,0.002522227093898051
6074,6074,12.148,0,991,-5.673631865533935,0,0.0024713442787683945
6075,6075,12.15,0,991,-5.673631865533935,0,0.0024214879615626493
6076,6076,12.152,0,990,-6.673631865533935,0,0.002372637433953552
6077,6077,12.154,0,990,-6.673631865533935,0,0.0023247724053787533
6078,6078,12.156,0,998,1.3263681344660654,0,0.00227787299461293
6079,6079,12.158,0,1002,5.326368134466065,0,0.0022319197215099128
6080,6080,12.16,0,1005,8.326368134466065,0,0.002186893498911412
6081,6081,12.162,0,1004,7.326368134466065,0,0.0021427756247189723
6082,6082,12.164,0,1003,6.326368134466065,0,0.002099547774125866
6083,6083,12.166,0,997,0.3263681344660654,0,0.002057191992005699
6084,6084,12.168,0,994,-2.6736318655339346,0,0.002015690685454566
6085,6085,12.17,0,993,-3.6736318655339346,0,0.0019750266164836614
6086,6086,12.172,0,995,-1.6736318655339346,0,0.0019351828948593027
6087,6087,12.174,0,996,-0.6736318655339346,0,0.0018961429710874032
6088,6088,12.176,0,997,0.3263681344660654,0,0.0018578906295394705
6089,6089,12.178,0,997,0.3263681344660654,0,0.0018204099817172809
6090,6090,12.18,0,995,-1.6736318655339346,0,0.0017836854596534298
6091,6091,12.182,0,991,-5.673631865533935,0,0.0017477018094450199
6092,6092,12.184,0,991,-5.673631865533935,0,0.0017124440849177964
6093,6093,12.186,0,993,-3.6736318655339346,0,0.0016778976414181025
6094,6094,12.188,0,997,0.3263681344660654,0,0.001644048129730074
6095,6095,12.19,0,1000,3.3263681344660654,0,0.0016108814901155469
6096,6096,12.192,0,1002,5.326368134466065,0,0.0015783839464742018
6097,6097,12.194,0,999,2.3263681344660654,0,0.0015465420006215216
6098,6098,12.196,0,995,-1.6736318655339346,0,0.0015153424266821835
6099,6099,12.198,0,993,-3.6736318655339346,0,0.0014847722655965572
6100,6100,12.2,0,997,0.3263681344660654,0,0.001454818819738028
6101,6101,12.202,0,1000,3.3263681344660654,0,0.0014254696476389088
6102,6102,12.204,0,1002,5.326368134466065,0,0.0013967125588227505
6103,6103,12.206,0,999,2.3263681344660654,0,0.0013685356087409035
6104,6104,12.208,0,995,-1.6736318655339346,0,0.0013409270938112285
6105,6105,12.21,0,990,-6.673631865533935,0,0.0013138755465568947
6106,6106,12.212,0,990,-6.673631865533935,0,0.001287369730843247
6107,6107,12.214,0,991,-5.673631865533935,0,0.0012613986372107637
6108,6108,12.216,0,996,-0.6736318655339346,0,0.0012359514783021653
6109,6109,12.218,0,999,2.3263681344660654,0,0.0012110176843817767
6110,6110,12.22,0,1002,5.326368134466065,0,0.0011865868989452797
6111,6111,12.222,0,1002,5.326368134466065,0,0.0011626489744180342
6112,6112,12.224,0,1000,3.3263681344660654,0,0.0011391939679401802
6113,6113,12.226,0,997,0.3263681344660654,0,0.0011162121372367698
6114,6114,12.228,0,994,-2.6736318655339346,0,0.0010936939365712142
6115,6115,12.23,0,994,-2.6736318655339346,0,0.001071630012780366
6116,6116,12.232,0,992,-4.673631865533935,0,0.0010500112013895869
6117,6117,12.234,0,994,-2.6736318655339346,0,0.001028828522806191
6118,6118,12.236,0,992,-4.673631865533935,0,0.0010080731785896797
6119,6119,12.238,0,992,-4.673631865533935,0,0.0009877365477972198
6120,6120,12.24,0,990,-6.673631865533935,0,0.0009678101834028476
6121,6121,12.242,0,992,-4.673631865533935,0,0.0009482858087889112
6122,6122,12.244,0,993,-3.6736318655339346,0,0.0009291553143082927
6123,6123,12.246,0,996,-0.6736318655339346,0,0.000910410753915985
6124,6124,12.248,0,999,2.3263681344660654,0,0.0008920443418686206
6125,6125,12.25,0,998,1.3263681344660654,0,0.0008740484494905841
6126,6126,12.252,0,999,2.3263681344660654,0,0.0008564156020053647
6127,6127,12.254,0,999,2.3263681344660654,0,0.0008391384754308321
6128,6128,12.256,0,1002,5.326368134466065,0,0.0008222098935371453
6129,6129,12.258,0,1001,4.326368134466065,0,0.0008056228248660337
6130,6130,12.26,0,1002,5.326368134466065,0,0.0007893703798102093
6131,6131,12.262,0,1002,5.326368134466065,0,0.0007734458077516978
6132,6132,12.264,0,999,2.3263681344660654,0,0.0007578424942579017
6133,6133,12.266,0,995,-1.6736318655339346,0,0.0007425539583342285
6134,6134,12.268,0,990,-6.673631865533935,0,0.000727573849732143
6135,6135,12.27,0,990,-6.673631865533935,0,0.0007128959463115283
6136,6136,12.272,0,991,-5.673631865533935,0,0.0006985141514562562
6137,6137,12.274,0,994,-2.6736318655339346,0,0.0006844224915418956
6138,6138,12.276,0,993,-3.6736318655339346,0,0.0006706151134545072
6139,6139,12.278,0,994,-2.6736318655339346,0,0.0006570862821594936
6140,6140,12.28,0,994,-2.6736318655339346,0,0.0006438303783194938
6141,6141,12.282,0,996,-0.6736318655339346,0,0.0006308418959603348
6142,6142,12.284,0,996,-0.6736318655339346,0,0.0006181154401840696
6143,6143,12.286,1,996,-0.6736318655339346,0,0.0006056457249281507
6144,6144,12.288,1,997,0.3263681344660654,1,0.02180883642792486
6145,6145,12.29,1,995,-1.6736318655339346,1,0.042562179386570684
6146,6146,12.292,1,994,-2.6736318655339346,1,0.06287521858865182
6147,6147,12.294,1,991,-5.673631865533935,1,0.0827572955363268
6148,6148,12.296,1,990,-6.673631865533935,1,0.10221755354206968
6149,6149,12.298,1,989,-7.673631865533935,1,0.12126494193347041
6150,6150,12.3,1,989,-7.673631865533935,1,0.13990822016882581
6151,6151,12.302,1,990,-6.673631865533935,1,0.1581559618654142
6152,6152,12.304,1,992,-4.673631865533935,1,0.17601655874230582
6153,6153,12.306,1,994,-2.6736318655339346,1,0.19349822447952256
6154,6154,12.308,1,991,-5.673631865533935,1,0.21060899849532155
6155,6155,12.31,1,992,-4.673631865533935,1,0.22735674964333977
6156,6156,12.312,1,991,-5.673631865533935,1,0.2437491798312998
6157,6157,12.314,1,992,-4.673631865533935,1,0.25979382756294106
6158,6158,12.316,1,992,-4.673631865533935,1,0.27549807140480537
6159,6159,12.318,1,992,-4.673631865533935,1,0.29086913337947073
6160,6160,12.32,1,993,-3.6736318655339346,1,0.3059140822867946
6161,6161,12.322,1,992,-4.673631865533935,1,0.32063983695469317
6162,6162,12.324,1,993,-3.6736318655339346,1,0.3350531694209519
6163,6163,12.326,1,988,-8.673631865533935,1,0.3491607080475312
6164,6164,12.328,1,981,-15.673631865533935,1,0.362968940568798
6165,6165,12.33,1,981,-15.673631865533935,1,0.3764842170750871
6166,6166,12.332,1,986,-10.673631865533935,1,0.3897127529329617
6167,6167,12.334,1,988,-8.673631865533935,1,0.40266063164351895
6168,6168,12.336,1,984,-12.673631865533935,1,0.41533380764005257
6169,6169,12.338,1,984,-12.673631865533935,1,0.42773810902636084
6170,6170,12.34,1,987,-9.673631865533935,1,0.439879240256958
6171,6171,12.342,1,992,-4.673631865533935,1,0.45176278476042264
6172,6172,12.344,1,996,-0.6736318655339346,1,0.4633942075070886
6173,6173,12.346,1,997,0.3263681344660654,1,0.47477885752225996
6174,6174,12.348,1,996,-0.6736318655339346,1,0.48592197034610546
6175,6175,12.35,1,996,-0.6736318655339346,1,0.49682867044136353
6176,6176,12.352,1,997,0.3263681344660654,1,0.5075039735499658
6177,6177,12.354,1,991,-5.673631865533935,1,0.5179527889996617
6178,6178,12.356,1,986,-10.673631865533935,1,0.5281799219617063
6179,6179,12.358,1,986,-10.673631865533935,1,0.5381900756606486
6180,6180,12.36,1,991,-5.673631865533935,1,0.5479878535372371
6181,6181,12.362,1,996,-0.6736318655339346,1,0.5575777613654366
6182,6182,12.364,1,996,-0.6736318655339346,1,0.5669642093245306
6183,6183,12.366,1,994,-2.6736318655339346,1,0.5761515140272624
6184,6184,12.368,1,989,-7.673631865533935,1,0.5851439005049459
6185,6185,12.37,1,988,-8.673631865533935,1,0.5939455041504613
6186,6186,12.372,1,992,-4.673631865533935,1,0.6025603726200277
6187,6187,12.374,1,1003,6.326368134466065,1,0.6109924676946273
6188,6188,12.376,1,1007,10.326368134466065,1,0.6192456671019383
6189,6189,12.378,1,1001,4.326368134466065,1,0.6273237662996128
6190,6190,12.38,1,992,-4.673631865533935,1,0.6352304802207213
6191,6191,12.382,1,987,-9.673631865533935,1,0.642969444982165
6192,6192,12.384,1,994,-2.6736318655339346,1,0.6505442195568434
6193,6193,12.386,1,995,-1.6736318655339346,1,0.657958287410344
6194,6194,12.388,1,994,-2.6736318655339346,1,0.6652150581029088
6195,6195,12.39,1,995,-1.6736318655339346,1,0.672317868857413
6196,6196,12.392,1,1003,6.326368134466065,1,0.6792699860940772
6197,6197,12.394,1,1011,14.326368134466065,1,0.6860746069326199
6198,6198,12.396,1,1009,12.326368134466065,1,0.6927348606625392
6199,6199,12.398,1,993,-3.6736318655339346,1,0.6992538101822019
6200,6200,12.4,1,978,-18.673631865533935,1,0.7056344534073999
6201,6201,12.402,1,978,-18.673631865533935,1,0.7118797246500238
6202,6202,12.404,1,989,-7.673631865533935,1,0.7179924959674852
6203,6203,12.406,1,998,1.3263681344660654,1,0.7239755784835104
6204,6204,12.408,1,1003,6.326368134466065,1,0.7298317236809122
6205,6205,12.41,1,1012,15.326368134466065,1,0.7355636246669336
6206,6206,12.412,1,1023,26.326368134466065,1,0.7411739174117463
6207,6207,12.414,1,1021,24.326368134466065,1,0.7466651819606731
6208,6208,12.416,1,994,-2.6736318655339346,1,0.7520399436206918
6209,6209,12.418,1,969,-27.673631865533935,1,0.757300674121766
6210,6210,12.42,1,971,-25.673631865533935,1,0.7624497927535374
6211,6211,12.422,1,996,-0.6736318655339346,1,0.7674896674779015
6212,6212,12.424,1,1018,21.326368134466065,1,0.7724226160179793
6213,6213,12.426,1,1015,18.326368134466065,1,0.7772509069239851
6214,6214,12.428,1,993,-3.6736318655339346,1,0.7819767606164809
6215,6215,12.43,1,983,-13.673631865533935,1,0.7866023504074969
6216,6216,12.432,1,989,-7.673631865533935,1,0.7911298034999883
6217,6217,12.434,1,999,2.3263681344660654,1,0.7955612019660869
6218,6218,12.436,1,1003,6.326368134466065,1,0.7998985837045988
6219,6219,12.438,1,1000,3.3263681344660654,1,0.804143943378187
6220,6220,12.44,1,996,-0.6736318655339346,1,0.8082992333306718
6221,6221,12.442,1,998,1.3263681344660654,1,0.8123663644848684
6222,6222,12.444,1,1006,9.326368134466065,1,0.8163472072213773
6223,6223,12.446,1,1012,15.326368134466065,1,0.8202435922387288
6224,6224,12.448,1,1011,14.326368134466065,1,0.8240573113952799
6225,6225,12.45,1,998,1.3263681344660654,1,0.8277901185332489
6226,6226,12.452,1,983,-13.673631865533935,1,0.8314437302852671
6227,6227,12.454,1,975,-21.673631865533935,1,0.835019826863819
6228,6228,12.456,1,983,-13.673631865533935,1,0.8385200528339339
6229,6229,12.458,1,990,-6.673631865533935,1,0.8419460178694834
6230,6230,12.46,1,992,-4.673631865533935,1,0.8452992974934336
6231,6231,12.462,1,988,-8.673631865533935,1,0.848581433802392
6232,6232,12.464,1,987,-9.673631865533935,1,0.851793936175783
6233,6233,12.466,1,1007,10.326368134466065,1,0.8549382819699763
6234,6234,12.468,1,1033,36.326368134466065,1,0.8580159171976898
6235,6235,12.47,1,1035,38.326368134466065,1,0.8610282571929774
6236,6236,12.472,1,1002,5.326368134466065,1,0.8639766872621091
6237,6237,12.474,1,966,-30.673631865533935,1,0.8668625633206415
6238,6238,12.476,1,953,-43.673631865533935,1,0.8696872125169722
6239,6239,12.478,1,973,-23.673631865533935,1,0.8724519338426655
6240,6240,12.48,1,1006,9.326368134466065,1,0.8751579987298282
6241,6241,12.482,1,1031,34.326368134466065,1,0.8778066516358127
6242,6242,12.484,1,1022,25.326368134466065,1,0.8803991106155145
6243,6243,12.486,1,993,-3.6736318655339346,1,0.8829365678815271
6244,6244,12.488,1,981,-15.673631865533935,1,0.8854201903524141
6245,6245,12.49,1,994,-2.6736318655339346,1,0.8878511201893483
6246,6246,12.492,1,1010,13.326368134466065,1,0.8902304753213648
6247,6247,12.494,1,995,-1.6736318655339346,1,0.8925593499594716
6248,6248,12.496,1,964,-32.673631865533935,1,0.8948388150998523
6249,6249,12.498,1,955,-41.673631865533935,1,0.8970699190163921
6250,6250,12.5,1,978,-18.673631865533935,1,0.8992536877427558
6251,6251,12.502,1,1014,17.326368134466065,1,0.9013911255442366
6252,6252,12.504,1,1031,34.326368134466065,1,0.903483215379595
6253,6253,12.506,1,1018,21.326368134466065,1,0.9055309193530989
6254,6254,12.508,1,996,-0.6736318655339346,1,0.9075351791569738
6255,6255,12.51,1,984,-12.673631865533935,1,0.9094969165044648
6256,6256,12.512,1,989,-7.673631865533935,1,0.9114170335537122
6257,6257,12.514,1,996,-0.6736318655339346,1,0.9132964133226326
6258,6258,12.516,1,998,1.3263681344660654,1,0.9151359200949992
6259,6259,12.518,1,990,-6.673631865533935,1,0.9169363998179063
6260,6260,12.52,1,979,-17.673631865533935,1,0.9186986804908004
6261,6261,12.522,1,980,-16.673631865533935,1,0.9204235725462586
6262,6262,12.524,1,1000,3.3263681344660654,1,0.922111869222688
6263,6263,12.526,1,1020,23.326368134466065,1,0.9237643469291177
6264,6264,12.528,1,1020,23.326368134466065,1,0.9253817656022519
6265,6265,12.53,1,1000,3.3263681344660654,1,0.9269648690559471
6266,6266,12.532,1,978,-18.673631865533935,1,0.9285143853232752
6267,6267,12.534,1,974,-22.673631865533935,1,0.9300310269913292
6268,6268,12.536,1,987,-9.673631865533935,1,0.9315154915289259
6269,6269,12.538,1,1005,8.326368134466065,1,0.9329684616073555
6270,6270,12.54,1,1011,14.326368134466065,1,0.9343906054143268
6271,6271,12.542,1,1003,6.326368134466065,1,0.9357825769612517
6272,6272,12.544,1,997,0.3263681344660654,1,0.9371450163840092
6273,6273,12.546,1,997,0.3263681344660654,1,0.9384785502373301
6274,6274,12.548,1,994,-2.6736318655339346,1,0.9397837917829349
6275,6275,12.55,1,982,-14.673631865533935,1,0.9410613412715588
6276,6276,12.552,1,974,-22.673631865533935,1,0.9423117862189935
6277,6277,12.554,1,981,-15.673631865533935,1,0.9435357016762718
6278,6278,12.556,1,999,2.3263681344660654,1,0.9447336504941208
6279,6279,12.558,1,1019,22.326368134466065,1,0.9459061835818043
6280,6280,12.56,1,1023,26.326368134466065,1,0.9470538401604728
6281,6281,12.562,1,1004,7.326368134466065,1,0.9481771480111392
6282,6282,12.564,1,976,-20.673631865533935,1,0.9492766237173933
6283,6283,12.566,0,968,-28.673631865533935,1,0.9503527729029669
6284,6284,12.568,0,988,-8.673631865533935,1,0.9514060904642583
6285,6285,12.57,0,1015,18.326368134466065,1,0.9524370607979239
6286,6286,12.572,0,1026,29.326368134466065,1,0.9534461580236413
6287,6287,12.574,0,1014,17.326368134466065,1,0.9544338462021461
6288,6288,12.576,0,993,-3.6736318655339346,1,0.9554005795486425
6289,6289,12.578,0,981,-15.673631865533935,1,0.9563468026416869
6290,6290,12.58,0,983,-13.673631865533935,1,0.9572729506276392
6291,6291,12.582,0,982,-14.673631865533935,1,0.9581794494207764
6292,6292,12.584,0,975,-21.673631865533935,1,0.9590667158991615
6293,6293,12.586,0,973,-23.673631865533935,1,0.9599351580963555
6294,6294,12.588,0,989,-7.673631865533935,0,0.9405696523875152
6295,6295,12.59,0,1007,10.326368134466065,0,0.9215948218281328
6296,6296,12.592,0,1021,24.326368134466065,0,0.90300278502979
6297,6297,12.594,0,1024,27.326368134466065,0,0.8847858196013421
6298,6298,12.596,0,1009,12.326368134466065,0,0.8669363589413431
6299,6299,12.598,0,987,-9.673631865533935,0,0.8494469890951826
6300,6300,12.6,0,977,-19.673631865533935,0,0.832310445675623
6301,6301,12.602,0,985,-11.673631865533935,0,0.8155196108454638
6302,6302,12.604,0,997,0.3263681344660654,0,0.7990675103610748
6303,6303,12.606,0,1000,3.3263681344660654,0,0.7829473106755739
6304,6304,12.608,0,992,-4.673631865533935,0,0.7671523161004433
6305,6305,12.61,0,984,-12.673631865533935,0,0.7516759660244083
6306,6306,12.612,0,981,-15.673631865533935,0,0.73651183218842
6307,6307,12.614,0,988,-8.673631865533935,0,0.7216536160156131
6308,6308,12.616,0,988,-8.673631865533935,0,0.7070951459951278
6309,6309,12.618,0,991,-5.673631865533935,0,0.6928303751187105
6310,6310,12.62,0,999,2.3263681344660654,0,0.6788533783690274
6311,6311,12.622,0,1002,5.326368134466065,0,0.6651583502586481
6312,6312,12.624,0,995,-1.6736318655339346,0,0.6517396024186782
6313,6313,12.626,0,984,-12.673631865533935,0,0.6385915612360369
6314,6314,12.628,0,982,-14.673631865533935,0,0.6257087655384004
6315,6315,12.63,0,988,-8.673631865533935,0,0.6130858643258489
6316,6316,12.632,0,997,0.3263681344660654,0,0.600717614548274
6317,6317,12.634,0,1002,5.326368134466065,0,0.5885988789276251
6318,6318,12.636,0,999,2.3263681344660654,0,0.5767246238240884
6319,6319,12.638,0,998,1.3263681344660654,0,0.5650899171453139
6320,6320,12.64,0,992,-4.673631865533935,0,0.5536899262978204
6321,6321,12.642,0,989,-7.673631865533935,0,0.5425199161797292
6322,6322,12.644,0,984,-12.673631865533935,0,0.5315752472139911
6323,6323,12.646,0,982,-14.673631865533935,0,0.5208513734212912
6324,6324,12.648,0,985,-11.673631865533935,0,0.5103438405318302
6325,6325,12.65,0,989,-7.673631865533935,0,0.5000482841351985
6326,6326,12.652,0,990,-6.673631865533935,0,0.48996042786757343
6327,6327,12.654,0,991,-5.673631865533935,0,0.48007608163548876
6328,6328,12.656,0,991,-5.673631865533935,0,0.4703911398754365
6329,6329,12.658,0,997,0.3263681344660654,0,0.4609015798485797
6330,6330,12.66,0,1003,6.326368134466065,0,0.4516034599698668
6331,6331,12.662,0,1007,10.326368134466065,0,0.44249291817085434
6332,6332,12.664,0,998,1.3263681344660654,0,0.43356617029555783
6333,6333,12.666,0,978,-18.673631865533935,0,0.4248195085286639
6334,6334,12.668,0,969,-27.673631865533935,0,0.41624929985545184
6335,6335,12.67,0,981,-15.673631865533935,0,0.4078519845527839
6336,6336,12.672,0,1002,5.326368134466065,0,0.39962407471053807
6337,6337,12.674,0,1006,9.326368134466065,0,0.39156215278286954
6338,6338,12.676,0,994,-2.6736318655339346,0,0.3836628701686981
6339,6339,12.678,0,989,-7.673631865533935,0,0.37592294582083274
6340,6340,12.68,0,997,0.3263681344660654,0,0.36833916488315543
6341,6341,12.682,0,1005,8.326368134466065,0,0.360908377355298
6342,6342,12.684,0,999,2.3263681344660654,0,0.35362749678425764
6343,6343,12.686,0,986,-10.673631865533935,0,0.3464934989824071
6344,6344,12.688,0,978,-18.673631865533935,0,0.33950342077136786
6345,6345,12.69,0,981,-15.673631865533935,0,0.3326543587512238
6346,6346,12.692,0,993,-3.6736318655339346,0,0.32594346809456465
6347,6347,12.694,0,1000,3.3263681344660654,0,0.3193679613648581
6348,6348,12.696,0,998,1.3263681344660654,0,0.3129251073586597
6349,6349,12.698,0,994,-2.6736318655339346,0,0.30661222997117965
6350,6350,12.7,0,994,-2.6736318655339346,0,0.3004267070847358
6351,6351,12.702,0,993,-3.6736318655339346,0,0.29436596947963023
6352,6352,12.704,0,996,-0.6736318655339346,0,0.28842749976699794
6353,6353,12.706,0,1002,5.326368134466065,0,0.28260883134318376
6354,6354,12.708,0,1009,12.326368134466065,0,0.2769075473652135
6355,6355,12.71,0,1006,9.326368134466065,0,0.27132127974693365
6356,6356,12.712,0,993,-3.6736318655339346,0,0.2658477081754029
6357,6357,12.714,0,984,-12.673631865533935,0,0.2604845591471264
6358,6358,12.716,0,982,-14.673631865533935,0,0.2552296050237334
6359,6359,12.718,0,985,-11.673631865533935,0,0.2500806631067044
6360,6360,12.72,0,990,-6.673631865533935,0,0.2450355947307659
6361,6361,12.722,0,998,1.3263681344660654,0,0.24009230437557358
6362,6362,12.724,0,1005,8.326368134466065,0,0.23524873879531685
6363,6363,12.726,0,1005,8.326368134466065,0,0.23050288616588238
6364,6364,12.728,0,1002,5.326368134466065,0,0.22585277524922243
6365,6365,12.73,0,999,2.3263681344660654,0,0.2212964745745812
6366,6366,12.732,0,994,-2.6736318655339346,0,0.2168320916362389
6367,6367,12.734,0,989,-7.673631865533935,0,0.21245777210744018
6368,6368,12.736,0,988,-8.673631865533935,0,0.2081716990701808
6369,6369,12.738,0,989,-7.673631865533935,0,0.20397209226053217
6370,6370,12.74,0,995,-1.6736318655339346,0,0.19985720732919085
6371,6371,12.742,0,1001,4.326368134466065,0,0.1958253351169452
6372,6372,12.744,0,1002,5.326368134466065,0,0.19187480094475884
6373,6373,12.746,0,1002,5.326368134466065,0,0.1880039639181757
6374,6374,12.748,0,999,2.3263681344660654,0,0.18421121624575781
6375,6375,12.75,0,997,0.3263681344660654,0,0.18049498257127294
6376,6376,12.752,0,992,-4.673631865533935,0,0.17685371931935426
6377,6377,12.754,0,993,-3.6736318655339346,0,0.1732859140543607
6378,6378,12.756,0,995,-1.6736318655339346,0,0.1697900848521715
6379,6379,12.758,0,998,1.3263681344660654,0,0.16636477968465396
6380,6380,12.76,0,999,2.3263681344660654,0,0.16300857581654882
6381,6381,12.762,0,997,0.3263681344660654,0,0.15972007921452266
6382,6382,12.764,0,998,1.3263681344660654,0,0.15649792396814216
6383,6383,12.766,0,999,2.3263681344660654,0,0.15334077172252922
6384,6384,12.768,0,999,2.3263681344660654,0,0.15024731112246176
6385,6385,12.77,0,999,2.3263681344660654,0,0.14721625726768892
6386,6386,12.772,0,994,-2.6736318655339346,0,0.1442463511792348
6387,6387,12.774,0,988,-8.673631865533935,0,0.14133635927646873
6388,6388,12.776,0,990,-6.673631865533935,0,0.13848507286472506
6389,6389,12.778,0,993,-3.6736318655339346,0,0.13569130763325948
6390,6390,12.78,0,998,1.3263681344660654,0,0.1329539031633337
6391,6391,12.782,0,996,-0.6736318655339346,0,0.13027172244622354
6392,6392,12.784,0,996,-0.6736318655339346,0,0.127643651410951
6393,6393,12.786,0,999,2.3263681344660654,0,0.12506859846154347
6394,6394,12.788,0,1003,6.326368134466065,0,0.12254549402362834
6395,6395,12.79,0,1006,9.326368134466065,0,0.12007329010017435
6396,6396,12.792,0,1002,5.326368134466065,0,0.11765095983619546
6397,6397,12.794,0,995,-1.6736318655339346,0,0.11527749709223616
6398,6398,12.796,0,989,-7.673631865533935,0,0.11295191602646125
6399,6399,12.798,0,987,-9.673631865533935,0,0.11067325068517647
6400,6400,12.8,0,992,-4.673631865533935,0,0.10844055460160978
6401,6401,12.802,0,998,1.3263681344660654,0,0.10625290040278682
6402,6402,12.804,0,1000,3.3263681344660654,0,0.10410937942433707
6403,6403,12.806,0,1000,3.3263681344660654,0,0.10200910133307098
6404,6404,12.808,0,994,-2.6736318655339346,0,0.09995119375717097
6405,6405,12.81,0,989,-7.673631865533935,0,0.09793480192384299
6406,6406,12.812,0,991,-5.673631865533935,0,0.0959590883042779
6407,6407,12.814,0,994,-2.6736318655339346,0,0.09402323226577548
6408,6408,12.816,0,1000,3.3263681344660654,0,0.09212642973088622
6409,6409,12.818,0,1003,6.326368134466065,0,0.09026789284342963
6410,6410,12.82,0,1003,6.326368134466065,0,0.08844684964125019
6411,6411,12.822,0,1003,6.326368134466065,0,0.086662543735575
6412,6412,12.824,0,1000,3.3263681344660654,0,0.08491423399684009
6413,6413,12.826,0,998,1.3263681344660654,0,0.08320119424685465
6414,6414,12.828,0,995,-1.6736318655339346,0,0.08152271295717564
6415,6415,12.83,0,994,-2.6736318655339346,0,0.07987809295356717
6416,6416,12.832,0,991,-5.673631865533935,0,0.0782666511264221
6417,6417,12.834,0,990,-6.673631865533935,0,0.07668771814702559
6418,6418,12.836,0,989,-7.673631865533935,0,0.07514063818954257
6419,6419,12.838,0,992,-4.673631865533935,0,0.07362476865861386
6420,6420,12.84,0,991,-5.673631865533935,0,0.07213947992244767
6421,6421,12.842,0,991,-5.673631865533935,0,0.07068415505129559
6422,6422,12.844,0,995,-1.6736318655339346,0,0.06925818956120462
6423,6423,12.846,0,998,1.3263681344660654,0,0.06786099116293862
6424,6424,12.848,0,1005,8.326368134466065,0,0.06649197951596492
6425,6425,12.85,0,1007,10.326368134466065,0,0.06515058598740404
6426,6426,12.852,0,1006,9.326368134466065,0,0.06383625341584225
6427,6427,12.854,0,997,0.3263681344660654,0,0.06254843587990887
6428,6428,12.856,0,987,-9.673631865533935,0,0.061286598471522354
6429,6429,12.858,0,983,-13.673631865533935,0,0.060050217073710756
6430,6430,12.86,0,984,-12.673631865533935,0,0.05883877814291444
6431,6431,12.862,0,990,-6.673631865533935,0,0.05765177849568053
6432,6432,12.864,0,998,1.3263681344660654,0,0.056488725099660596
6433,6433,12.866,0,1002,5.326368134466065,0,0.055349134868824625
6434,6434,12.868,0,1000,3.3263681344660654,0,0.05423253446280636
6435,6435,12.87,0,999,2.3263681344660654,0,0.053138460090296574
6436,6436,12.872,0,995,-1.6736318655339346,0,0.05206645731640262
6437,6437,12.874,0,990,-6.673631865533935,0,0.05101608087389433
6438,6438,12.876,0,989,-7.673631865533935,0,0.04998689447825771
6439,6439,12.878,0,993,-3.6736318655339346,0,0.04897847064647976
6440,6440,12.88,0,998,1.3263681344660654,0,0.04799039051948908
6441,6441,12.882,0,1004,7.326368134466065,0,0.047022243688178464
6442,6442,12.884,0,1003,6.326368134466065,0,0.04607362802293736
6443,6443,12.886,0,1000,3.3263681344660654,0,0.045144149506623224
6444,6444,12.888,0,993,-3.6736318655339346,0,0.04423342207090251
6445,6445,12.89,0,988,-8.673631865533935,0,0.04334106743589327
6446,6446,12.892,0,988,-8.673631865533935,0,0.04246671495304278
6447,6447,12.894,0,991,-5.673631865533935,0,0.04161000145117488
6448,6448,12.896,0,995,-1.6736318655339346,0,0.04077057108564316
6449,6449,12.898,0,997,0.3263681344660654,0,0.03994807519052724
6450,6450,12.9,0,998,1.3263681344660654,0,0.039142172133810896
6451,6451,12.902,0,998,1.3263681344660654,0,0.0383525271754817
6452,6452,12.904,0,1000,3.3263681344660654,0,0.03757881232849337
6453,6453,12.906,0,1001,4.326368134466065,0,0.036820706222533
6454,6454,12.908,0,997,0.3263681344660654,0,0.036077893970536686
6455,6455,12.91,0,993,-3.6736318655339346,0,0.035350067037897934
6456,6456,12.912,0,989,-7.673631865533935,0,0.03463692311431473
6457,6457,12.914,0,987,-9.673631865533935,0,0.03393816598822185
6458,6458,12.916,0,991,-5.673631865533935,0,0.0332535054237564
6459,6459,12.918,0,994,-2.6736318655339346,0,0.03258265704020541
6460,6460,12.92,0,998,1.3263681344660654,0,0.031925342193885396
6461,6461,12.922,0,998,1.3263681344660654,0,0.0312812878624049
6462,6462,12.924,0,999,2.3263681344660654,0,0.030650226531261874
6463,6463,12.926,0,998,1.3263681344660654,0,0.030031896082728785
6464,6464,12.928,0,996,-0.6736318655339346,0,0.02942603968697939
6465,6465,12.93,0,994,-2.6736318655339346,0,0.028832405695411848
6466,6466,12.932,0,993,-3.6736318655339346,0,0.028250747536123916
6467,6467,12.934,0,994,-2.6736318655339346,0,0.027680823611496812
6468,6468,12.936,0,998,1.3263681344660654,0,0.027122397197845198
6469,6469,12.938,0,1001,4.326368134466065,0,0.026575236347091587
6470,6470,12.94,0,1000,3.3263681344660654,0,0.026039113790424354
6471,6471,12.942,0,997,0.3263681344660654,0,0.02551380684389934
6472,6472,12.944,0,993,-3.6736318655339346,0,0.0249990973159458
6473,6473,12.946,0,993,-3.6736318655339346,0,0.024494771416738337
6474,6474,12.948,0,994,-2.6736318655339346,0,0.024000619669397115
6475,6475,12.95,0,994,-2.6736318655339346,0,0.023516436822979523
6476,6476,12.952,0,994,-2.6736318655339346,0,0.0230420217672271
6477,6477,12.954,0,993,-3.6736318655339346,0,0.022577177449032364
6478,6478,12.956,0,993,-3.6736318655339346,0,0.022121710790590783
6479,6479,12.958,0,995,-1.6736318655339346,0,0.021675432609203973
6480,6480,12.96,0,995,-1.6736318655339346,0,0.021238157538700734
6481,6481,12.962,0,996,-0.6736318655339346,0,0.02080970395244332
6482,6482,12.964,0,999,2.3263681344660654,0,0.020389893887886996
6483,6483,12.966,0,1001,4.326368134466065,0,0.019978552972661462
6484,6484,12.968,0,1004,7.326368134466065,0,0.019575510352143537
6485,6485,12.97,0,1003,6.326368134466065,0,0.019180598618490953
6486,6486,12.972,0,1002,5.326368134466065,0,0.01879365374110781
6487,6487,12.974,0,995,-1.6736318655339346,0,0.018414514998512804
6488,6488,12.976,0,991,-5.673631865533935,0,0.018043024911581922
6489,6489,12.978,0,987,-9.673631865533935,0,0.0176790291781379
6490,6490,12.98,0,989,-7.673631865533935,0,0.017322376608859238
6491,6491,12.982,0,994,-2.6736318655339346,0,0.01697291906448219
6492,6492,12.984,0,997,0.3263681344660654,0,0.016630511394269614
6493,6493,12.986,0,999,2.3263681344660654,0,0.016295011375721136
6494,6494,12.988,0,997,0.3263681344660654,0,0.015966279655499602
6495,6495,12.99,0,995,-1.6736318655339346,0,0.015644179691549243
6496,6496,12.992,0,991,-5.673631865533935,0,0.015328577696381554
6497,6497,12.994,0,990,-6.673631865533935,0,0.015019342581505304
6498,6498,12.996,0,992,-4.673631865533935,0,0.014716345902977592
6499,6499,12.998,0,997,0.3263681344660654,0,0.014419461808053365
6500,6500,13.0,0,1000,3.3263681344660654,0,0.014128566982911194
6501,6501,13.002,0,1001,4.326368134466065,0,0.013843540601433628
6502,6502,13.004,0,999,2.3263681344660654,0,0.013564264275020844
6503,6503,13.006,0,994,-2.6736318655339346,0,0.013290622003416738
6504,6504,13.008,0,992,-4.673631865533935,0,0.013022500126527038
6505,6505,13.01,0,990,-6.673631865533935,0,0.01275978727720944
6506,6506,13.012,0,991,-5.673631865533935,0,0.012502374335016124
6507,6507,13.014,0,995,-1.6736318655339346,0,0.012250154380869481
6508,6508,13.016,0,996,-0.6736318655339346,0,0.012003022652652177
6509,6509,13.018,0,996,-0.6736318655339346,0,0.011760876501693152
6510,6510,13.02,0,999,2.3263681344660654,0,0.01152361535013145
6511,6511,13.022,0,1003,6.326368134466065,0,0.01129114064914019
6512,6512,13.024,0,1007,10.326368134466065,0,0.011063355837993295
6513,6513,13.026,0,1003,6.326368134466065,0,0.010840166303958034
6514,6514,13.028,0,997,0.3263681344660654,0,0.01062147934299665
6515,6515,13.03,0,986,-10.673631865533935,0,0.010407204121260803
6516,6516,13.032,0,979,-17.673631865533935,0,0.010197251637362811
6517,6517,13.034,0,983,-13.673631865533935,0,0.009991534685408011
6518,6518,13.036,0,992,-4.673631865533935,0,0.00978996781877292
6519,6519,13.038,0,999,2.3263681344660654,0,0.009592467314614096
6520,6520,13.04,0,1003,6.326368134466065,0,0.009398951139093023
6521,6521,13.042,0,1000,3.3263681344660654,0,0.009209338913302511
6522,6522,13.044,0,999,2.3263681344660654,0,0.009023551879880506
6523,6523,13.046,0,998,1.3263681344660654,0,0.008841512870297422
6524,6524,13.048,0,1001,4.326368134466065,0,0.008663146272803403
6525,6525,13.05,0,1000,3.3263681344660654,0,0.008488378001022224
6526,6526,13.052,0,997,0.3263681344660654,0,0.008317135463178756
6527,6527,13.054,0,991,-5.673631865533935,0,0.00814934753194724
6528,6528,13.056,0,988,-8.673631865533935,0,0.007984944514907825
6529,6529,13.058,0,987,-9.673631865533935,0,0.007823858125599123
6530,6530,13.06,0,991,-5.673631865533935,0,0.007666021455154724
6531,6531,13.062,0,995,-1.6736318655339346,0,0.007511368944511928
6532,6532,13.064,0,999,2.3263681344660654,0,0.007359836357181117
6533,6533,13.066,0,1002,5.326368134466065,0,0.007211360752564482
6534,6534,13.068,0,1000,3.3263681344660654,0,0.007065880459813004
6535,6535,13.07,0,999,2.3263681344660654,0,0.006923335052210841
6536,6536,13.072,0,996,-0.6736318655339346,0,0.0067836653220764796
6537,6537,13.074,0,992,-4.673631865533935,0,0.0066468132561702245
6538,6538,13.076,0,989,-7.673631865533935,0,0.006512722011597808
6539,6539,13.078,0,990,-6.673631865533935,0,0.0063813358922001195
6540,6540,13.08,0,994,-2.6736318655339346,0,0.006252600325419238
6541,6541,13.082,0,1000,3.3263681344660654,0,0.006126461839631171
6542,6542,13.084,0,1002,5.326368134466065,0,0.006002868041935868
6543,6543,13.086,0,1002,5.326368134466065,0,0.0058817675963953
6544,6544,13.088,0,999,2.3263681344660654,0,0.005763110202710557
6545,6545,13.09,0,996,-0.6736318655339346,0,0.005646846575329108
6546,6546,13.092,0,994,-2.6736318655339346,0,0.005532928422973545
6547,6547,13.094,0,992,-4.673631865533935,0,0.005421308428583316
6548,6548,13.096,0,993,-3.6736318655339346,0,0.005311940229661097
6549,6549,13.098,0,994,-2.6736318655339346,0,0.005204778399015662
6550,6550,13.1,0,995,-1.6736318655339346,0,0.005099778425893238
6551,6551,13.102,0,994,-2.6736318655339346,0,0.004996896697489513
6552,6552,13.104,0,993,-3.6736318655339346,0,0.004896090480834611
6553,6553,13.106,0,990,-6.673631865533935,0,0.004797317905043524
6554,6554,13.108,0,991,-5.673631865533935,0,0.004700537943924612
6555,6555,13.11,0,993,-3.6736318655339346,0,0.004605710398938959
6556,6556,13.112,0,997,0.3263681344660654,0,0.004512795882503501
6557,6557,13.114,0,999,2.3263681344660654,0,0.004421755801630996
6558,6558,13.116,0,999,2.3263681344660654,0,0.004332552341900034
6559,6559,13.118,0,999,2.3263681344660654,0,0.004245148451748432
6560,6560,13.12,0,998,1.3263681344660654,0,0.004159507827083493
6561,6561,13.122,0,1000,3.3263681344660654,0,0.004075594896202732
6562,6562,13.124,0,1002,5.326368134466065,0,0.00399337480501881
6563,6563,13.126,0,1000,3.3263681344660654,0,0.003912813402582534
6564,6564,13.128,0,999,2.3263681344660654,0,0.0038338772268979126
6565,6565,13.13,0,995,-1.6736318655339346,0,0.0037565334910233776
6566,6566,13.132,0,991,-5.673631865533935,0,0.003680750069453396
6567,6567,13.134,0,990,-6.673631865533935,0,0.003606495484774814
6568,6568,13.136,0,990,-6.673631865533935,0,0.0035337388945923935
6569,6569,13.138,0,994,-2.6736318655339346,0,0.0034624500787181125
6570,6570,13.14,0,994,-2.6736318655339346,0,0.003392599426618901
6571,6571,13.142,0,996,-0.6736318655339346,0,0.003324157925117607
6572,6572,13.144,0,995,-1.6736318655339346,0,0.0032570971463420782
6573,6573,13.146,0,996,-0.6736318655339346,0,0.003191389235917358
6574,6574,13.148,0,996,-0.6736318655339346,0,0.0031270069013960866
6575,6575,13.15,0,996,-0.6736318655339346,0,0.003063923400922307
6576,6576,13.152,0,998,1.3263681344660654,0,0.003002112532123964
6577,6577,13.154,0,999,2.3263681344660654,0,0.0029415486212294828
6578,6578,13.156,0,998,1.3263681344660654,0,0.002882206512403906
6579,6579,13.158,0,995,-1.6736318655339346,0,0.0028240615573001658
6580,6580,13.16,0,991,-5.673631865533935,0,0.002767089604821139
6581,6581,13.162,0,990,-6.673631865533935,0,0.0027112669910882457
6582,6582,13.164,0,993,-3.6736318655339346,0,0.002656570529612418
6583,6583,13.166,0,997,0.3263681344660654,0,0.002602977501663355
6584,6584,13.168,0,1001,4.326368134466065,0,0.002550465646833068
6585,6585,13.17,0,1003,6.326368134466065,0,0.002499013153789794
6586,6586,13.172,0,1002,5.326368134466065,0,0.0024485986512184383
6587,6587,13.174,0,997,0.3263681344660654,0,0.002399201198943782
6588,6588,13.176,0,992,-4.673631865533935,0,0.0023508002792327672
6589,6589,13.178,0,991,-5.673631865533935,0,0.0023033757882722477
6590,6590,13.18,0,992,-4.673631865533935,0,0.0022569080278186677
6591,6591,13.182,0,996,-0.6736318655339346,0,0.002211377697016196
6592,6592,13.184,0,998,1.3263681344660654,0,0.0021667658843799193
6593,6593,13.186,0,999,2.3263681344660654,0,0.002123054059940765
6594,6594,13.188,0,996,-0.6736318655339346,0,0.002080224067548891
6595,6595,13.19,0,994,-2.6736318655339346,0,0.0020382581173323438
6596,6596,13.192,0,993,-3.6736318655339346,0,0.0019971387783078555
6597,6597,13.194,0,995,-1.6736318655339346,0,0.0019568489711407084
6598,6598,13.196,0,998,1.3263681344660654,0,0.0019173719610506583
6599,6599,13.198,0,997,0.3263681344660654,0,0.0018786913508609753
6600,6600,13.2,0,996,-0.6736318655339346,0,0.0018407910741877094
6601,6601,13.202,0,997,0.3263681344660654,0,0.001803655388766355
6602,6602,13.204,0,997,0.3263681344660654,0,0.0017672688699131415
6603,6603,13.206,0,997,0.3263681344660654,0,0.0017316164041182348
6604,6604,13.208,0,995,-1.6736318655339346,0,0.001696683182768187
6605,6605,13.21,0,995,-1.6736318655339346,0,0.0016624546959950286
6606,6606,13.212,0,996,-0.6736318655339346,0,0.0016289167266494485
6607,6607,13.214,0,997,0.3263681344660654,0,0.0015960553443955558
6608,6608,13.216,0,998,1.3263681344660654,0,0.0015638568999247733
6609,6609,13.218,0,997,0.3263681344660654,0,0.0015323080192864598
6610,6610,13.22,0,992,-4.673631865533935,0,0.001501395598332903
6611,6611,13.222,0,990,-6.673631865533935,0,0.0014711067972763788
6612,6612,13.224,0,988,-8.673631865533935,0,0.001441429035356016
6613,6613,13.226,0,990,-6.673631865533935,0,0.0014123499856122487
6614,6614,13.228,0,993,-3.6736318655339346,0,0.001383857569766689
6615,6615,13.23,0,998,1.3263681344660654,0,0.0013559399532052914
6616,6616,13.232,0,1002,5.326368134466065,0,0.0013285855400627258
6617,6617,13.234,0,1003,6.326368134466065,0,0.0013017829684059173
6618,6618,13.236,0,999,2.3263681344660654,0,0.0012755211055147518
6619,6619,13.238,0,996,-0.6736318655339346,0,0.0012497890432579875
6620,6620,13.24,0,995,-1.6736318655339346,0,0.0012245760935624527
6621,6621,13.242,0,995,-1.6736318655339346,0,0.0011998717839736455
6622,6622,13.244,0,997,0.3263681344660654,0,0.0011756658533058934
6623,6623,13.246,0,1000,3.3263681344660654,0,0.0011519482473802663
6624,6624,13.248,0,1001,4.326368134466065,0,0.0011287091148484709
6625,6625,13.25,0,1001,4.326368134466065,0,0.0011059388031009934
6626,6626,13.252,0,998,1.3263681344660654,0,0.0010836278542577897
6627,6627,13.254,0,996,-0.6736318655339346,0,0.00106176700123986
6628,6628,13.256,0,993,-3.6736318655339346,0,0.001040347163920072
6629,6629,13.258,0,992,-4.673631865533935,0,0.0010193594453516395
6630,6630,13.26,0,992,-4.673631865533935,0,0.0009987951280726844
6631,6631,13.262,0,995,-1.6736318655339346,0,0.0009786456704853502
6632,6632,13.264,0,997,0.3263681344660654,0,0.0009589027033079635
6633,6633,13.266,0,997,0.3263681344660654,0,0.0009395580260987672
6634,6634,13.268,0,995,-1.6736318655339346,0,0.0009206036038497844
6635,6635,13.27,0,991,-5.673631865533935,0,0.0009020315636493958
6636,6636,13.272,0,990,-6.673631865533935,0,0.0008838341914122461
6637,6637,13.274,0,991,-5.673631865533935,0,0.0008660039286751206
6638,6638,13.276,0,993,-3.6736318655339346,0,0.0008485333694574606
6639,6639,13.278,0,995,-1.6736318655339346,0,0.0008314152571852143
6640,6640,13.28,0,996,-0.6736318655339346,0,0.0008146424816767449
6641,6641,13.282,0,1000,3.3263681344660654,0,0.000798208076189545
6642,6642,13.284,0,1003,6.326368134466065,0,0.000782105214526529
6643,6643,13.286,0,1005,8.326368134466065,0,0.0007663272082007028
6644,6644,13.288,0,1005,8.326368134466065,0,0.0007508675036570333
6645,6645,13.29,0,999,2.3263681344660654,0,0.0007357196795503624
6646,6646,13.292,0,992,-4.673631865533935,0,0.0007208774440782363
6647,6647,13.294,0,987,-9.673631865533935,0,0.0007063346323675416
6648,6648,13.296,0,984,-12.673631865533935,0,0.0006920852039138624
6649,6649,13.298,0,991,-5.673631865533935,0,0.0006781232400724958
6650,6650,13.3,0,1001,4.326368134466065,0,0.0006644429416000827
6651,6651,13.302,0,1008,11.326368134466065,0,0.0006510386262458331
6652,6652,13.304,0,1006,9.326368134466065,0,0.0006379047263913455
6653,6653,13.306,0,999,2.3263681344660654,0,0.0006250357867380405
6654,6654,13.308,0,989,-7.673631865533935,0,0.0006124264620412467
6655,6655,13.31,0,987,-9.673631865533935,1,0.02181547330464741
6656,6656,13.312,0,989,-7.673631865533935,1,0.04256867545505051
6657,6657,13.314,0,996,-0.6736318655339346,1,0.06288157683628223
6658,6658,13.316,0,1003,6.326368134466065,1,0.08276351888712047
6659,6659,13.318,0,1002,5.326368134466065,1,0.10222364485800332
6660,6660,13.32,0,998,1.3263681344660654,1,0.1212709040158009
6661,6661,13.322,0,993,-3.6736318655339346,1,0.13991405575937846
6662,6662,13.324,0,991,-5.673631865533935,1,0.15816167364784361
6663,6663,13.326,0,991,-5.673631865533935,1,0.17602214934333013
6664,6664,13.328,0,994,-2.6736318655339346,1,0.19350369647013133
6665,6665,13.33,0,995,-1.6736318655339346,1,0.2106143543919581
6666,6666,13.332,0,995,-1.6736318655339346,1,0.22736199190905848
6667,6667,13.334,0,996,-0.6736318655339346,1,0.24375431087689875
6668,6668,13.336,0,999,2.3263681344660654,1,0.2597988497480708
6669,6669,13.338,0,997,0.3263681344660654,1,0.27550298703905396
6670,6670,13.34,0,990,-6.673631865533935,1,0.290873944723426
6671,6671,13.342,0,985,-11.673631865533935,1,0.30591879155308355
6672,6672,13.344,0,989,-7.673631865533935,1,0.32064444630899963
6673,6673,13.346,0,998,1.3263681344660654,1,0.33505768098301253
6674,6674,13.348,0,1000,3.3263681344660654,1,0.34916512389211013
6675,6675,13.35,0,999,2.3263681344660654,1,0.3629732627266413
6676,6676,13.352,1,991,-5.673631865533935,1,0.37648844753385624
6677,6677,13.354,1,991,-5.673631865533935,1,0.38971689363814793
6678,6678,13.356,1,992,-4.673631865533935,1,0.40266468449933784
6679,6679,13.358,1,996,-0.6736318655339346,1,0.4153377745103199
6680,6680,13.36,1,999,2.3263681344660654,1,0.42774199173534944
6681,6681,13.362,1,1000,3.3263681344660654,1,0.439883040590237
6682,6682,13.364,1,993,-3.6736318655339346,1,0.45176650446567834
6683,6683,13.366,1,985,-11.673631865533935,1,0.4633978482949284
6684,6684,13.368,1,980,-16.673631865533935,1,0.47478242106699897
6685,6685,13.37,1,985,-11.673631865533935,1,0.4859254582865363
6686,6686,13.372,1,993,-3.6736318655339346,1,0.49683208438151033
6687,6687,13.374,1,998,1.3263681344660654,1,0.5075073150598215
6688,6688,13.376,1,1003,6.326368134466065,1,0.5179560596159103
6689,6689,13.378,1,1003,6.326368134466065,1,0.5281831231884294
6690,6690,13.38,1,1001,4.326368134466065,1,0.5381932089700172
6691,6691,13.382,1,995,-1.6736318655339346,1,0.5479909203701885
6692,6692,13.384,1,996,-0.6736318655339346,1,0.5575807631323371
6693,6693,13.386,1,999,2.3263681344660654,1,0.5669671474058242
6694,6694,13.388,1,1002,5.326368134466065,1,0.5761543897741054
6695,6695,13.39,1,995,-1.6736318655339346,1,0.5851467152398285
6696,6696,13.392,1,979,-17.673631865533935,1,0.5939482591678158
6697,6697,13.394,1,967,-29.673631865533935,1,0.6025630691868235
6698,6698,13.396,1,974,-22.673631865533935,1,0.6109951070509538
6699,6699,13.398,1,995,-1.6736318655339346,1,0.6192482504615752
6700,6700,13.4,1,1014,17.326368134466065,1,0.627326294850588
6701,6701,13.402,1,1025,28.326368134466065,1,0.6352329551258575
6702,6702,13.404,1,1016,19.326368134466065,1,0.6429718673796146
6703,6703,13.406,1,993,-3.6736318655339346,1,0.6505465905606116
6704,6704,13.408,1,973,-23.673631865533935,1,0.6579606081108011
6705,6705,13.41,1,972,-24.673631865533935,1,0.665217329567292
6706,6706,13.412,1,989,-7.673631865533935,1,0.6723200921303166
6707,6707,13.414,1,1006,9.326368134466065,1,0.6792721621979337
6708,6708,13.416,1,1004,7.326368134466065,1,0.6860767368681697
6709,6709,13.418,1,993,-3.6736318655339346,1,0.692736945409291
6710,6710,13.42,1,988,-8.673631865533935,1,0.699255850698883
6711,6711,13.422,1,993,-3.6736318655339346,1,0.7056364506323973
6712,6712,13.424,1,1004,7.326368134466065,1,0.7118816795018156
6713,6713,13.426,1,1018,21.326368134466065,1,0.7179944093450629
6714,6714,13.428,1,1016,19.326368134466065,1,0.7239774512667927
6715,6715,13.43,1,992,-4.673631865533935,1,0.7298335567311494
6716,6716,13.432,1,972,-24.673631865533935,1,0.7355654188271035
6717,6717,13.434,1,970,-26.673631865533935,1,0.741175673506942
6718,6718,13.436,1,992,-4.673631865533935,1,0.7466669007984827
6719,6719,13.438,1,1004,7.326368134466065,1,0.7520416259915695
6720,6720,13.44,1,1000,3.3263681344660654,1,0.7573023207993957
6721,6721,13.442,1,991,-5.673631865533935,1,0.7624514044951886
6722,6722,13.444,1,990,-6.673631865533935,1,0.7674912450247772
6723,6723,13.446,1,1000,3.3263681344660654,1,0.7724241600955573
6724,6724,13.448,1,1010,13.326368134466065,1,0.7772524182423513
6725,6725,13.45,1,1019,22.326368134466065,1,0.781978239870656
6726,6726,13.452,1,1013,16.326368134466065,1,0.7866037982777561
6727,6727,13.454,1,991,-5.673631865533935,1,0.791131220652174
6728,6728,13.456,1,975,-21.673631865533935,1,0.795562589051915
6729,6729,13.458,1,983,-13.673631865533935,1,0.7998999413619583
6730,6730,13.46,1,998,1.3263681344660654,1,0.8041452722314335
6731,6731,13.462,1,999,2.3263681344660654,1,0.8083005339909145
6732,6732,13.464,1,983,-13.673631865533935,1,0.8123676375502513
6733,6733,13.466,1,974,-22.673631865533935,1,0.816348453277354
6734,6734,13.468,1,984,-12.673631865533935,1,0.8202448118583319
6735,6735,13.47,1,1000,3.3263681344660654,1,0.8240585051393846
6736,6736,13.472,1,1012,15.326368134466065,1,0.8277912869508307
6737,6737,13.474,1,1010,13.326368134466065,1,0.8314448739136545
6738,6738,13.476,1,1006,9.326368134466065,1,0.8350209462289407
6739,6739,13.478,1,1006,9.326368134466065,1,0.8385211484505604
6740,6740,13.48,1,1002,5.326368134466065,1,0.8419470902414635
6741,6741,13.482,1,994,-2.6736318655339346,1,0.8453003471139267
6742,6742,13.484,1,987,-9.673631865533935,1,0.8485824611540946
6743,6743,13.486,1,991,-5.673631865533935,1,0.8517949417311507
6744,6744,13.488,1,1005,8.326368134466065,1,0.854939266191441
6745,6745,13.49,1,1012,15.326368134466065,1,0.8580168805378724
6746,6746,13.492,1,1009,12.326368134466065,1,0.861029200094896
6747,6747,13.494,1,998,1.3263681344660654,1,0.8639776101593828
6748,6748,13.496,1,984,-12.673631865533935,1,0.8668634666376897
6749,6749,13.498,1,964,-32.673631865533935,1,0.8696880966692097
6750,6750,13.5,1,959,-37.673631865533935,1,0.8724527992366936
6751,6751,13.502,1,980,-16.673631865533935,1,0.8751588457636219
6752,6752,13.504,1,1021,24.326368134466065,1,0.8778074806989035
6753,6753,13.506,1,1050,53.326368134466065,1,0.8803999220891694
6754,6754,13.508,1,1039,42.326368134466065,1,0.8829373621389244
6755,6755,13.51,1,1001,4.326368134466065,1,0.8854209677588147
6756,6756,13.512,1,968,-28.673631865533935,1,0.8878518811022635
6757,6757,13.514,1,961,-35.673631865533935,1,0.8902312200907211
6758,6758,13.516,1,966,-30.673631865533935,1,0.8925600789277714
6759,6759,13.518,1,984,-12.673631865533935,1,0.8948395286023314
6760,6760,13.52,1,1002,5.326368134466065,1,0.897070617381174
6761,6761,13.522,1,1023,26.326368134466065,1,0.8992543712910025
6762,6762,13.524,1,1039,42.326368134466065,1,0.9013917945902963
6763,6763,13.526,1,1036,39.326368134466065,1,0.9034838702311466
6764,6764,13.528,1,1001,4.326368134466065,1,0.9055315603112938
6765,6765,13.53,1,966,-30.673631865533935,1,0.9075358065165738
6766,6766,13.532,1,952,-44.673631865533935,1,0.9094975305539784
6767,6767,13.534,1,967,-29.673631865533935,1,0.9114176345755266
6768,6768,13.536,1,994,-2.6736318655339346,1,0.9132970015931441
6769,6769,13.538,1,1013,16.326368134466065,1,0.91513649588474
6770,6770,13.54,1,1015,18.326368134466065,1,0.9169369633916689
6771,6771,13.542,1,1017,20.326368134466065,1,0.9186992321077594
6772,6772,13.544,1,1017,20.326368134466065,1,0.92042411246009
6773,6773,13.546,1,1004,7.326368134466065,1,0.9221123976816858
6774,6774,13.548,1,976,-20.673631865533935,1,0.9237648641763083
6775,6775,13.55,1,957,-39.673631865533935,1,0.9253822718755054
6776,6776,13.552,1,973,-23.673631865533935,1,0.926965364588087
6777,6777,13.554,1,1010,13.326368134466065,1,0.9285148703421854
6778,6778,13.556,1,1032,35.326368134466065,1,0.9300315017200588
6779,6779,13.558,1,1021,24.326368134466065,1,0.9315159561857916
6780,6780,13.56,1,1003,6.326368134466065,1,0.9329689164060425
6781,6781,13.562,1,1001,4.326368134466065,1,0.9343910505639867
6782,6782,13.564,1,999,2.3263681344660654,1,0.9357830126665985
6783,6783,13.566,1,981,-15.673631865533935,1,0.9371454428454138
6784,6784,13.568,1,952,-44.673631865533935,1,0.9384789676509124
6785,6785,13.57,1,947,-49.673631865533935,1,0.9397842003406539
6786,6786,13.572,1,976,-20.673631865533935,1,0.9410617411613009
6787,6787,13.574,1,1019,22.326368134466065,1,0.9423121776246588
6788,6788,13.576,1,1043,46.326368134466065,1,0.9435360847778588
6789,6789,13.578,1,1036,39.326368134466065,1,0.9447340254678093
6790,6790,13.58,1,1011,14.326368134466065,1,0.9459065506000359
6791,6791,13.582,1,994,-2.6736318655339346,1,0.9470541993920308
6792,6792,13.584,1,993,-3.6736318655339346,1,0.9481774996212261
6793,6793,13.586,1,1005,8.326368134466065,1,0.9492769678677065
6794,6794,13.588,1,1009,12.326368134466065,1,0.9503531097517733
6795,6795,13.59,1,995,-1.6736318655339346,1,0.9514064201664669
6796,6796,13.592,1,981,-15.673631865533935,1,0.9524373835051573
6797,6797,13.594,1,979,-17.673631865533935,1,0.9534464738843051
6798,6798,13.596,1,985,-11.673631865533935,1,0.9544341553614974
6799,6799,13.598,1,984,-12.673631865533935,1,0.9554008821488567
6800,6800,13.6,1,979,-17.673631865533935,1,0.9563470988219228
6801,6801,13.602,1,985,-11.673631865533935,1,0.9572732405241032
6802,6802,13.604,1,1005,8.326368134466065,1,0.9581797331667855
6803,6803,13.606,1,1029,32.326368134466065,1,0.9590669936252039
6804,6804,13.608,1,1035,38.326368134466065,1,0.9599354299301511
6805,6805,13.61,1,1016,19.326368134466065,1,0.9607854414556223
6806,6806,13.612,1,985,-11.673631865533935,1,0.9616174191024776
6807,6807,13.614,1,966,-30.673631865533935,1,0.9624317454782091
6808,6808,13.616,1,965,-31.673631865533935,1,0.9632287950728929
6809,6809,13.618,1,972,-24.673631865533935,1,0.9640089344314087
6810,6810,13.62,1,993,-3.6736318655339346,1,0.9647725223220052
6811,6811,13.622,1,1014,17.326368134466065,1,0.9655199099012896
6812,6812,13.624,1,1021,24.326368134466065,1,0.9662514408757163
6813,6813,13.626,1,1014,17.326368134466065,1,0.9669674516596501
6814,6814,13.628,1,1004,7.326368134466065,1,0.9676682715300751
6815,6815,13.63,1,1001,4.326368134466065,1,0.9683542227780212
6816,6816,13.632,1,1000,3.3263681344660654,1,0.9690256208567795
6817,6817,13.634,1,993,-3.6736318655339346,1,0.969682774526971
6818,6818,13.636,1,988,-8.673631865533935,1,0.9703259859985394
6819,6819,13.638,1,992,-4.673631865533935,1,0.9709555510697296
6820,6820,13.64,1,1010,13.326368134466065,1,0.9715717592631196
6821,6821,13.642,1,1012,15.326368134466065,1,0.9721748939587643
6822,6822,13.644,1,999,2.3263681344660654,1,0.9727652325245164
6823,6823,13.646,1,976,-20.673631865533935,1,0.9733430464435807
6824,6824,13.648,1,965,-31.673631865533935,1,0.9739086014393639
6825,6825,13.65,1,971,-25.673631865533935,1,0.9744621575976737
6826,6826,13.652,1,985,-11.673631865533935,1,0.9750039694863274
6827,6827,13.654,1,996,-0.6736318655339346,1,0.9755342862722209
6828,6828,13.656,1,1013,16.326368134466065,1,0.9760533518359156
6829,6829,13.658,1,1035,38.326368134466065,1,0.9765614048837927
6830,6830,13.66,1,1043,46.326368134466065,1,0.9770586790578296
6831,6831,13.662,1,1015,18.326368134466065,1,0.9775454030430459
6832,6832,13.664,1,967,-29.673631865533935,1,0.9780218006726709
6833,6833,13.666,1,934,-62.673631865533935,1,0.9784880910310788
6834,6834,13.668,1,957,-39.673631865533935,1,0.9789444885545413
6835,6835,13.67,1,1011,14.326368134466065,1,0.9793912031298413
6836,6836,13.672,1,1038,41.326368134466065,1,0.9798284401907953
6837,6837,13.674,1,1021,24.326368134466065,1,0.9802564008127279
6838,6838,13.676,1,1002,5.326368134466065,1,0.9806752818049413
6839,6839,13.678,1,999,2.3263681344660654,1,0.981085275801224
6840,6840,13.68,1,1002,5.326368134466065,1,0.9814865713484378
6841,6841,13.682,1,995,-1.6736318655339346,1,0.9818793529932272
6842,6842,13.684,1,980,-16.673631865533935,1,0.9822638013668874
6843,6843,13.686,1,967,-29.673631865533935,1,0.982640093268433
6844,6844,13.688,1,974,-22.673631865533935,1,0.9830084017459035
6845,6845,13.69,1,998,1.3263681344660654,1,0.9833688961759443
6846,6846,13.692,1,1024,27.326368134466065,1,0.9837217423416988
6847,6847,13.694,1,1030,33.326368134466065,1,0.9840671025090493
6848,6848,13.696,1,1006,9.326368134466065,1,0.9844051355012378
6849,6849,13.698,1,973,-23.673631865533935,1,0.9847359967719065
6850,6850,13.7,1,970,-26.673631865533935,1,0.985059838476587
6851,6851,13.702,1,999,2.3263681344660654,1,0.9853768095426726
6852,6852,13.704,1,1017,20.326368134466065,1,0.9856870557379074
6853,6853,13.706,1,1005,8.326368134466065,1,0.985990719737421
6854,6854,13.708,1,984,-12.673631865533935,1,0.9862879411893419
6855,6855,13.71,1,983,-13.673631865533935,1,0.9865788567790182
6856,6856,13.712,1,991,-5.673631865533935,1,0.9868636002918763
6857,6857,13.714,1,991,-5.673631865533935,1,0.9871423026749452
6858,6858,13.716,1,986,-10.673631865533935,1,0.987415092097077
6859,6859,13.718,1,998,1.3263681344660654,1,0.9876820940078882
6860,6860,13.72,1,1024,27.326368134466065,1,0.9879434311954509
6861,6861,13.722,1,1045,48.326368134466065,1,0.9881992238427609
6862,6862,13.724,1,1037,40.326368134466065,1,0.9884495895830065
6863,6863,13.726,1,996,-0.6736318655339346,1,0.9886946435536657
6864,6864,13.728,1,954,-42.673631865533935,1,0.9889344984494549
6865,6865,13.73,1,938,-58.673631865533935,1,0.9891692645741552
6866,6866,13.732,1,960,-36.673631865533935,1,0.9893990498913381
6867,6867,13.734,1,999,2.3263681344660654,1,0.9896239600740157
6868,6868,13.736,1,1024,27.326368134466065,1,0.9898440985532371
6869,6869,13.738,1,1017,20.326368134466065,1,0.9900595665656542
6870,6870,13.74,1,997,0.3263681344660654,1,0.9902704632000782
6871,6871,13.742,1,988,-8.673631865533935,1,0.9904768854430477
6872,6872,13.744,1,994,-2.6736318655339346,1,0.9906789282234314
6873,6873,13.746,1,1010,13.326368134466065,1,0.9908766844560832
6874,6874,13.748,1,1024,27.326368134466065,1,0.9910702450845716
6875,6875,13.75,1,1019,22.326368134466065,1,0.9912596991230029
6876,6876,13.752,1,998,1.3263681344660654,1,0.9914451336969564
6877,6877,13.754,1,986,-10.673631865533935,1,0.9916266340835517
6878,6878,13.756,1,992,-4.673631865533935,1,0.9918042837506655
6879,6879,13.758,1,996,-0.6736318655339346,1,0.9919781643953169
6880,6880,13.76,1,986,-10.673631865533935,1,0.9921483559812375
6881,6881,13.762,1,968,-28.673631865533935,1,0.9923149367756454
6882,6882,13.764,1,968,-28.673631865533935,1,0.9924779833852381
6883,6883,13.766,1,989,-7.673631865533935,1,0.9926375707914223
6884,6884,13.768,1,1015,18.326368134466065,1,0.9927937723847964
6885,6885,13.77,0,1022,25.326368134466065,1,0.9929466599989006
6886,6886,13.772,0,1004,7.326368134466065,1,0.9930963039432522
6887,6887,13.774,0,985,-11.673631865533935,1,0.9932427730356786
6888,6888,13.776,0,996,-0.6736318655339346,1,0.9933861346339657
6889,6889,13.778,0,1030,33.326368134466065,1,0.9935264546668338
6890,6890,13.78,0,1037,40.326368134466065,1,0.9936637976642566
6891,6891,13.782,0,1003,6.326368134466065,1,0.9937982267871377
6892,6892,13.784,0,962,-34.673631865533935,1,0.9939298038563562
6893,6893,13.786,0,964,-32.673631865533935,1,0.9940585893811971
6894,6894,13.788,0,994,-2.6736318655339346,1,0.9941846425871776
6895,6895,13.79,0,1002,5.326368134466065,1,0.9943080214432846
6896,6896,13.792,0,989,-7.673631865533935,1,0.994428782688632
6897,6897,13.794,0,977,-19.673631865533935,1,0.9945469818585547
6898,6898,13.796,0,989,-7.673631865533935,1,0.9946626733101478
6899,6899,13.798,0,1016,19.326368134466065,1,0.9947759102472638
6900,6900,13.8,0,1034,37.326368134466065,1,0.9948867447449803
6901,6901,13.802,0,1030,33.326368134466065,1,0.9949952277735481
6902,6902,13.804,0,1005,8.326368134466065,1,0.9951014092218309
6903,6903,13.806,0,981,-15.673631865533935,1,0.9952053379202482
6904,6904,13.808,0,974,-22.673631865533935,1,0.9953070616632317
6905,6905,13.81,0,979,-17.673631865533935,0,0.9752279715058175
6906,6906,13.812,0,978,-18.673631865533935,0,0.9555539521823988
6907,6907,13.814,0,976,-20.673631865533935,0,0.9362768318894095
6908,6908,13.816,0,988,-8.673631865533935,0,0.9173886036793232
6909,6909,13.818,0,1011,14.326368134466065,0,0.8988814221348863
6910,6910,13.82,0,1025,28.326368134466065,0,0.8807476001104446
6911,6911,13.822,0,1007,10.326368134466065,0,0.862979605539009
6912,6912,13.824,0,983,-13.673631865533935,0,0.8455700583037353
6913,6913,13.826,0,983,-13.673631865533935,0,0.8285117271725176
6914,6914,13.828,0,999,2.3263681344660654,0,0.811797526794423
6915,6915,13.83,0,1011,14.326368134466065,0,0.7954205147567184
6916,6916,13.832,0,1004,7.326368134466065,0,0.77937388870127
6917,6917,13.834,0,994,-2.6736318655339346,0,0.7636509834991141
6918,6918,13.836,0,992,-4.673631865533935,0,0.7482452684820283
6919,6919,13.838,0,998,1.3263681344660654,0,0.7331503447299523
6920,6920,13.84,0,1001,4.326368134466065,0,0.7183599424131315
6921,6921,13.842,0,999,2.3263681344660654,0,0.7038679181878793
6922,6922,13.844,0,986,-10.673631865533935,0,0.6896682526448774
6923,6923,13.846,0,968,-28.673631865533935,0,0.6757550478089528
6924,6924,13.848,0,963,-33.673631865533935,0,0.662122524689294
6925,6925,13.85,0,972,-24.673631865533935,0,0.6487650208790885
6926,6926,13.852,0,989,-7.673631865533935,0,0.6356769882035849
6927,6927,13.854,0,1005,8.326368134466065,0,0.6228529904156017
6928,6928,13.856,0,1019,22.326368134466065,0,0.6102877009375276
6929,6929,13.858,0,1031,34.326368134466065,0,0.5979759006488727
6930,6930,13.86,0,1032,35.326368134466065,0,0.5859124757184544
6931,6931,13.862,0,1013,16.326368134466065,0,0.5740924154803153
6932,6932,13.864,0,980,-16.673631865533935,0,0.5625108103524927
6933,6933,13.866,0,960,-36.673631865533935,0,0.5511628497977735
6934,6934,13.868,0,967,-29.673631865533935,0,0.5400438203255891
6935,6935,13.87,0,989,-7.673631865533935,0,0.5291491035342187
6936,6936,13.872,0,1008,11.326368134466065,0,0.5184741741924902
6937,6937,13.874,0,1006,9.326368134466065,0,0.5080145983601785
6938,6938,13.876,0,986,-10.673631865533935,0,0.4977660315463242
6939,6939,13.878,0,968,-28.673631865533935,0,0.4877242169047049
6940,6940,13.88,0,972,-24.673631865533935,0,0.47788498346571084
6941,6941,13.882,0,1001,4.326368134466065,0,0.46824424440389045
6942,6942,13.884,0,1027,30.326368134466065,0,0.45879799534044596
6943,6943,13.886,0,1026,29.326368134466065,0,0.44954231267997397
6944,6944,13.888,0,999,2.3263681344660654,0,0.4404733519807603
6945,6945,13.89,0,970,-26.673631865533935,0,0.43158734635795215
6946,6946,13.892,0,961,-35.673631865533935,0,0.42288060491894425
6947,6947,13.894,0,986,-10.673631865533935,0,0.41434951123032904
6948,6948,13.896,0,1016,19.326368134466065,0,0.40599052181577455
6949,6949,13.898,0,1028,31.326368134466065,0,0.3978001646842054
6950,6950,13.9,0,1010,13.326368134466065,0,0.3897750378876762
6951,6951,13.902,0,985,-11.673631865533935,0,0.38191180810833775
6952,6952,13.904,0,976,-20.673631865533935,0,0.3742072092739099
6953,6953,13.906,0,986,-10.673631865533935,0,0.366658041201085
6954,6954,13.908,0,998,1.3263681344660654,0,0.35926116826629967
6955,6955,13.91,0,1003,6.326368134466065,0,0.3520135181033214
6956,6956,13.912,0,998,1.3263681344660654,0,0.34491208032711007
6957,6957,13.914,0,993,-3.6736318655339346,0,0.3379539052834243
6958,6958,13.916,0,994,-2.6736318655339346,0,0.3311361028236522
6959,6959,13.918,0,1004,7.326368134466065,0,0.32445584110435916
6960,6960,13.92,0,1011,14.326368134466065,0,0.3179103454110528
6961,6961,13.922,0,1005,8.326368134466065,0,0.3114968970056771
6962,6962,13.924,0,994,-2.6736318655339346,0,0.30521283199735705
6963,6963,13.926,0,985,-11.673631865533935,0,0.2990555402359245
6964,6964,13.928,0,983,-13.673631865533935,0,0.29302246422776584
6965,6965,13.93,0,989,-7.673631865533935,0,0.287111098073541
6966,6966,13.932,0,998,1.3263681344660654,0,0.2813189864273329
6967,6967,13.934,0,1007,10.326368134466065,0,0.2756437234767943
6968,6968,13.936,0,1012,15.326368134466065,0,0.2700829519438695
6969,6969,13.938,0,1006,9.326368134466065,0,0.264634362105675
6970,6970,13.94,0,993,-3.6736318655339346,0,0.2592956908351324
6971,6971,13.942,0,988,-8.673631865533935,0,0.25406472066095587
6972,6972,13.944,0,993,-3.6736318655339346,0,0.24893927884660283
6973,6973,13.946,0,1005,8.326368134466065,0,0.24391723648780575
6974,6974,13.948,0,1005,8.326368134466065,0,0.2389965076283102
6975,6975,13.95,0,995,-1.6736318655339346,0,0.2341750483934518
6976,6976,13.952,0,986,-10.673631865533935,0,0.22945085614121205
6977,6977,13.954,0,982,-14.673631865533935,0,0.22482196863040071
6978,6978,13.956,0,990,-6.673631865533935,0,0.22028646320561898
6979,6979,13.958,0,999,2.3263681344660654,0,0.21584245599866506
6980,6980,13.96,0,1005,8.326368134466065,0,0.21148810114605043
6981,6981,13.962,0,1003,6.326368134466065,0,0.20722159002230167
6982,6982,13.964,0,1002,5.326368134466065,0,0.2030411504887295
6983,6983,13.966,0,1001,4.326368134466065,0,0.1989450461573531
6984,6984,13.968,0,1004,7.326368134466065,0,0.19493157566967353
6985,6985,13.97,0,1006,9.326368134466065,0,0.19099907198999752
6986,6986,13.972,0,1004,7.326368134466065,0,0.18714590171301698
6987,6987,13.974,0,995,-1.6736318655339346,0,0.1833704643853577
6988,6988,13.976,0,990,-6.673631865533935,0,0.17967119184081476
6989,6989,13.978,0,989,-7.673631865533935,0,0.17604654754899876
6990,6990,13.98,0,994,-2.6736318655339346,0,0.17249502597712238
6991,6991,13.982,0,1002,5.326368134466065,0,0.16901515196466205
6992,6992,13.984,0,1006,9.326368134466065,0,0.16560548011063497
6993,6993,13.986,0,1006,9.326368134466065,0,0.1622645941732373
6994,6994,13.988,0,999,2.3263681344660654,0,0.1589911064815936
6995,6995,13.99,0,993,-3.6736318655339346,0,0.15578365735937375
6996,6996,13.992,0,995,-1.6736318655339346,0,0.15264091456003756
6997,6997,13.994,0,1000,3.3263681344660654,0,0.14956157271347265
6998,6998,13.996,0,1003,6.326368134466065,0,0.14654435278379574
6999,6999,13.998,0,1004,7.326368134466065,0,0.14358800153809206
7000,7000,14.0,0,996,-0.6736318655339346,0,0.14069129102587247
7001,7001,14.002,0,986,-10.673631865533935,0,0.1378530180690316
7002,7002,14.004,0,981,-15.673631865533935,0,0.13507200376209574
7003,7003,14.006,0,987,-9.673631865533935,0,0.13234709298255243
7004,7004,14.008,0,995,-1.6736318655339346,0,0.12967715391105863
7005,7005,14.01,0,1003,6.326368134466065,0,0.12706107756132803
7006,7006,14.012,0,1006,9.326368134466065,0,0.12449777731950241
7007,7007,14.014,0,1007,10.326368134466065,0,0.12198618849281549
7008,7008,14.016,0,1005,8.326368134466065,0,0.11952526786736199
7009,7009,14.018,0,1003,6.326368134466065,0,0.11711399327478818
7010,7010,14.02,0,1002,5.326368134466065,0,0.11475136316772386
7011,7011,14.022,0,1000,3.3263681344660654,0,0.1124363962037795
7012,7012,14.024,0,998,1.3263681344660654,0,0.11016813083793574
7013,7013,14.026,0,996,-0.6736318655339346,0,0.10794562492315586
7014,7014,14.028,0,997,0.3263681344660654,0,0.1057679553190555
7015,7015,14.03,0,994,-2.6736318655339346,0,0.10363421750846691
7016,7016,14.032,0,993,-3.6736318655339346,0,0.10154352522173855
7017,7017,14.034,0,994,-2.6736318655339346,0,0.09949501006861405
7018,7018,14.036,0,997,0.3263681344660654,0,0.09748782117753745
7019,7019,14.038,0,1000,3.3263681344660654,0,0.09552112484223507
7020,7020,14.04,0,1003,6.326368134466065,0,0.09359410417542721
7021,7021,14.042,0,1001,4.326368134466065,0,0.09170595876952564
7022,7022,14.044,0,992,-4.673631865533935,0,0.08985590436417626
7023,7023,14.046,0,988,-8.673631865533935,0,0.08804317252050854
7024,7024,14.048,0,987,-9.673631865533935,0,0.08626701030195671
7025,7025,14.05,0,992,-4.673631865533935,0,0.08452667996151987
7026,7026,14.052,0,996,-0.6736318655339346,0,0.08282145863533127
7027,7027,14.054,0,999,2.3263681344660654,0,0.08115063804240952
7028,7028,14.056,0,1002,5.326368134466065,0,0.07951352419046685
7029,7029,14.058,0,1004,7.326368134466065,0,0.07790943708765243
7030,7030,14.06,0,1005,8.326368134466065,0,0.07633771046011076
7031,7031,14.062,0,1006,9.326368134466065,0,0.07479769147523815
7032,7032,14.064,0,1005,8.326368134466065,0,0.07328874047052206
7033,7033,14.066,0,1001,4.326368134466065,0,0.07181023068785072
7034,7034,14.068,0,995,-1.6736318655339346,0,0.0703615480131829
7035,7035,14.07,0,991,-5.673631865533935,0,0.06894209072146928
7036,7036,14.072,0,989,-7.673631865533935,0,0.06755126922671996
7037,7037,14.074,0,990,-6.673631865533935,0,0.06618850583711386
7038,7038,14.076,0,993,-3.6736318655339346,0,0.06485323451504861
7039,7039,14.078,0,998,1.3263681344660654,0,0.06354490064203104
7040,7040,14.08,0,1000,3.3263681344660654,0,0.06226296078831082
7041,7041,14.082,0,1000,3.3263681344660654,0,0.06100688248716133
7042,7042,14.084,0,999,2.3263681344660654,0,0.05977614401371427
7043,7043,14.086,0,994,-2.6736318655339346,0,0.05857023416825589
7044,7044,14.088,0,991,-5.673631865533935,0,0.05738865206389502
7045,7045,14.09,0,990,-6.673631865533935,0,0.056230906918514637
7046,7046,14.092,0,993,-3.6736318655339346,0,0.05509651785092049
7047,7047,14.094,0,1001,4.326368134466065,0,0.05398501368110226
7048,7048,14.096,0,1010,13.326368134466065,0,0.05289593273452413
7049,7049,14.098,0,1012,15.326368134466065,0,0.05182882265036359
7050,7050,14.1,0,1005,8.326368134466065,0,0.0507832401936188
7051,7051,14.102,0,994,-2.6736318655339346,0,0.0497587510710064
7052,7052,14.104,0,986,-10.673631865533935,0,0.048754929750573404
7053,7053,14.106,0,983,-13.673631865533935,0,0.047771359284948196
7054,7054,14.108,0,990,-6.673631865533935,0,0.046807631138157196
7055,7055,14.11,0,1000,3.3263681344660654,0,0.045863345015935295
7056,7056,14.112,0,1008,11.326368134466065,0,0.04493810869945958
7057,7057,14.114,0,1010,13.326368134466065,0,0.04403153788243725
7058,7058,14.116,0,1005,8.326368134466065,0,0.04314325601148012
7059,7059,14.118,0,996,-0.6736318655339346,0,0.04227289412969934
7060,7060,14.12,0,989,-7.673631865533935,0,0.04142009072345539
7061,7061,14.122,0,988,-8.673631865533935,0,0.04058449157219976
7062,7062,14.124,0,994,-2.6736318655339346,0,0.0397657496013458
7063,7063,14.126,0,1001,4.326368134466065,0,0.038963524738107824
7064,7064,14.128,0,1003,6.326368134466065,0,0.03817748377024838
7065,7065,14.13,0,1000,3.3263681344660654,0,0.037407300207675194
7066,7066,14.132,0,994,-2.6736318655339346,0,0.036652654146830194
7067,7067,14.134,0,992,-4.673631865533935,0,0.035913232137814305
7068,7068,14.136,0,995,-1.6736318655339346,0,0.035188727054192875
7069,7069,14.138,0,999,2.3263681344660654,0,0.034478837965427576
7070,7070,14.14,0,1002,5.326368134466065,0,0.03378327001188186
7071,7071,14.142,0,1002,5.326368134466065,0,0.033101734282348014
7072,7072,14.144,0,999,2.3263681344660654,0,0.03243394769404495
7073,7073,14.146,0,997,0.3263681344660654,0,0.03177963287503693
7074,7074,14.148,0,995,-1.6736318655339346,0,0.03113851804902427
7075,7075,14.15,0,997,0.3263681344660654,0,0.03051033692245835
7076,7076,14.152,0,1000,3.3263681344660654,0,0.029894828573933833
7077,7077,14.154,0,999,2.3263681344660654,0,0.029291737345812353
7078,7078,14.156,0,997,0.3263681344660654,0,0.0287008127380325
7079,7079,14.158,0,995,-1.6736318655339346,0,0.028121809304062082
7080,7080,14.16,0,994,-2.6736318655339346,0,0.02755448654894942
7081,7081,14.162,0,997,0.3263681344660654,0,0.026998608829431326
7082,7082,14.164,0,999,2.3263681344660654,0,0.026453945256056283
7083,7083,14.166,0,997,0.3263681344660654,0,0.025920269597282167
7084,7084,14.168,0,996,-0.6736318655339346,0,0.02539736018550869
7085,7085,14.17,0,996,-0.6736318655339346,0,0.024884999825005492
7086,7086,14.172,0,999,2.3263681344660654,0,0.02438297570169772
7087,7087,14.174,0,1000,3.3263681344660654,0,0.02389107929477151
7088,7088,14.176,0,998,1.3263681344660654,0,0.023409106290062775
7089,7089,14.178,0,997,0.3263681344660654,0,0.02293685649519324
7090,7090,14.18,0,998,1.3263681344660654,0,0.02247413375641849
7091,7091,14.182,0,998,1.3263681344660654,0,0.02202074587715355
7092,7092,14.184,0,1000,3.3263681344660654,0,0.02157650453814205
7093,7093,14.186,0,1004,7.326368134466065,0,0.021141225219235945
7094,7094,14.188,0,1005,8.326368134466065,0,0.020714727122753164
7095,7095,14.19,0,1001,4.326368134466065,0,0.02029683309838149
7096,7096,14.192,0,992,-4.673631865533935,0,0.01988736956959736
7097,7097,14.194,0,987,-9.673631865533935,0,0.0194861664615691
7098,7098,14.196,0,986,-10.673631865533935,0,0.019093057130514627
7099,7099,14.198,0,990,-6.673631865533935,0,0.018707878294484243
7100,7100,14.2,0,997,0.3263681344660654,0,0.018330469965539845
7101,7101,14.202,0,1004,7.326368134466065,0,0.017960675383302285
7102,7102,14.204,0,1002,5.326368134466065,0,0.017598340949839378
7103,7103,14.206,0,997,0.3263681344660654,0,0.017243316165867432
7104,7104,14.208,0,995,-1.6736318655339346,0,0.01689545356823985
7105,7105,14.21,0,996,-0.6736318655339346,0,0.016554608668696798
7106,7106,14.212,0,999,2.3263681344660654,0,0.016220639893850565
7107,7107,14.214,0,1004,7.326368134466065,0,0.015893408526381603
7108,7108,14.216,0,1004,7.326368134466065,0,0.015572778647420883
7109,7109,14.218,0,1001,4.326368134466065,0,0.01525861708009462
7110,7110,14.22,0,997,0.3263681344660654,0,0.014950793334207901
7111,7111,14.222,0,998,1.3263681344660654,0,0.01464917955204426
7112,7112,14.224,0,1001,4.326368134466065,0,0.014353650455258679
7113,7113,14.226,0,999,2.3263681344660654,0,0.014064083292841955
7114,7114,14.228,0,995,-1.6736318655339346,0,0.013780357790134826
7115,7115,14.23,0,992,-4.673631865533935,0,0.013502356098870663
7116,7116,14.232,0,989,-7.673631865533935,0,0.013229962748226007
7117,7117,14.234,0,991,-5.673631865533935,0,0.01296306459685858
7118,7118,14.236,0,996,-0.6736318655339346,0,0.012701550785912891
7119,7119,14.238,0,999,2.3263681344660654,0,0.012445312692973876
7120,7120,14.24,0,999,2.3263681344660654,0,0.012194243886949483
7121,7121,14.242,0,999,2.3263681344660654,0,0.011948240083863434
7122,7122,14.244,0,995,-1.6736318655339346,0,0.011707199103539817
7123,7123,14.246,0,995,-1.6736318655339346,0,0.011471020827161515
7124,7124,14.248,0,995,-1.6736318655339346,0,0.011239607155684837
7125,7125,14.25,0,999,2.3263681344660654,0,0.01101286196909309
7126,7126,14.252,0,1004,7.326368134466065,0,0.010790691086472145
7127,7127,14.254,0,1006,9.326368134466065,0,0.010573002226891452
7128,7128,14.256,0,1003,6.326368134466065,0,0.010359704971074205
7129,7129,14.258,0,999,2.3263681344660654,0,0.010150710723840788
7130,7130,14.26,0,997,0.3263681344660654,0,0.009945932677309864
7131,7131,14.262,0,992,-4.673631865533935,0,0.009745285774841841
7132,7132,14.264,0,991,-5.673631865533935,0,0.009548686675709734
7133,7133,14.266,0,995,-1.6736318655339346,0,0.009356053720482748
7134,7134,14.268,0,998,1.3263681344660654,0,0.009167306897108207
7135,7135,14.27,0,999,2.3263681344660654,0,0.008982367807677732
7136,7136,14.272,0,998,1.3263681344660654,0,0.008801159635863875
7137,7137,14.274,0,997,0.3263681344660654,0,0.008623607115013681
7138,7138,14.276,0,997,0.3263681344660654,0,0.00844963649688592
7139,7139,14.278,0,1001,4.326368134466065,0,0.008279175521019
7140,7140,14.28,0,1004,7.326368134466065,0,0.008112153384716861
7141,7141,14.282,0,1006,9.326368134466065,0,0.007948500713640349
7142,7142,14.284,0,1004,7.326368134466065,0,0.007788149532991882
7143,7143,14.286,0,1000,3.3263681344660654,0,0.0076310332392814295
7144,7144,14.288,0,995,-1.6736318655339346,0,0.0074770865726620775
7145,7145,14.29,0,995,-1.6736318655339346,0,0.007326245589823687
7146,7146,14.292,0,996,-0.6736318655339346,0,0.00717844763743339
7147,7147,14.294,0,996,-0.6736318655339346,0,0.007033631326111898
7148,7148,14.296,0,995,-1.6736318655339346,0,0.0068917365049347935
7149,7149,14.298,0,993,-3.6736318655339346,0,0.006752704236448237
7150,7150,14.3,0,993,-3.6736318655339346,0,0.006616476772188695
7151,7151,14.302,0,995,-1.6736318655339346,0,0.006482997528696534
7152,7152,14.304,0,997,0.3263681344660654,0,0.006352211064013502
7153,7153,14.306,0,998,1.3263681344660654,0,0.006224063054654349
7154,7154,14.308,0,995,-1.6736318655339346,0,0.0060985002730430185
7155,7155,14.31,0,995,-1.6736318655339346,0,0.005975470565404032
7156,7156,14.312,0,996,-0.6736318655339346,0,0.00585492283009989
7157,7157,14.314,0,998,1.3263681344660654,0,0.005736806996405488
7158,7158,14.316,0,1001,4.326368134466065,0,0.005621074003710732
7159,7159,14.318,0,1000,3.3263681344660654,0,0.005507675781142716
7160,7160,14.32,0,1002,5.326368134466065,0,0.005396565227598999
7161,7161,14.322,0,1002,5.326368134466065,0,0.005287696192183685
7162,7162,14.324,0,1000,3.3263681344660654,0,0.005181023455038175
7163,7163,14.326,0,998,1.3263681344660654,0,0.005076502708558645
7164,7164,14.328,0,996,-0.6736318655339346,0,0.004974090538992429
7165,7165,14.33,0,998,1.3263681344660654,0,0.004873744408405683
7166,7166,14.332,0,1000,3.3263681344660654,0,0.004775422637014812
7167,7167,14.334,0,1001,4.326368134466065,0,0.004679084385874361
7168,7168,14.336,0,1001,4.326368134466065,0,0.004584689639914134
7169,7169,14.338,0,998,1.3263681344660654,0,0.004492199191318536
7170,7170,14.34,0,998,1.3263681344660654,0,0.004401574623241205
7171,7171,14.342,0,999,2.3263681344660654,0,0.004312778293848186
7172,7172,14.344,0,997,0.3263681344660654,0,0.004225773320683013
7173,7173,14.346,0,994,-2.6736318655339346,0,0.0041405235653472075
7174,7174,14.348,0,992,-4.673631865533935,0,0.004056993618489828
7175,7175,14.35,0,995,-1.6736318655339346,0,0.0039751487850998345
7176,7176,14.352,0,998,1.3263681344660654,0,0.003894955070095166
7177,7177,14.354,0,998,1.3263681344660654,0,0.003816379164202538
7178,7178,14.356,0,997,0.3263681344660654,0,0.003739388430122096
7179,7179,14.358,0,993,-3.6736318655339346,0,0.0036639508889711844
7180,7180,14.36,0,994,-2.6736318655339346,0,0.0035900352070015904
7181,7181,14.362,0,997,0.3263681344660654,0,0.0035176106825847565
7182,7182,14.364,0,998,1.3263681344660654,0,0.003446647233459545
7183,7183,14.366,0,999,2.3263681344660654,0,0.003377115384237267
7184,7184,14.368,0,999,2.3263681344660654,0,0.0033089862541587803
7185,7185,14.37,0,1000,3.3263681344660654,0,0.0032422315450985734
7186,7186,14.372,0,1004,7.326368134466065,0,0.003176823529810851
7187,7187,14.374,0,1006,9.326368134466065,0,0.0031127350404127423
7188,7188,14.376,0,1005,8.326368134466065,0,0.003049939457099844
7189,7189,14.378,0,1000,3.3263681344660654,0,0.0029884106970894143
7190,7190,14.38,0,996,-0.6736318655339346,0,0.002928123203786627
7191,7191,14.382,0,994,-2.6736318655339346,0,0.002869051936169376
7192,7192,14.384,0,995,-1.6736318655339346,0,0.0028111723583872377
7193,7193,14.386,0,995,-1.6736318655339346,0,0.0027544604295702524
7194,7194,14.388,0,995,-1.6736318655339346,0,0.0026988925938433075
7195,7195,14.39,0,995,-1.6736318655339346,0,0.002644445770541964
7196,7196,14.392,0,996,-0.6736318655339346,0,0.0025910973446256706
7197,7197,14.394,0,999,2.3263681344660654,0,0.0025388251572843745
7198,7198,14.396,0,1001,4.326368134466065,0,0.0024876074967346367
7199,7199,14.398,0,1001,4.326368134466065,0,0.0024374230892014216
7200,7200,14.4,0,1001,4.326368134466065,0,0.0023882510900818193
7201,7201,14.402,0,998,1.3263681344660654,0,0.002340071075287027
7202,7202,14.404,0,995,-1.6736318655339346,0,0.0022928630327589982
7203,7203,14.406,0,993,-3.6736318655339346,0,0.0022466073541582295
7204,7204,14.408,0,993,-3.6736318655339346,0,0.002201284826719239
7205,7205,14.41,0,995,-1.6736318655339346,0,0.0021568766252703492
7206,7206,14.412,0,999,2.3263681344660654,0,0.00211336430441446
7207,7207,14.414,0,1002,5.326368134466065,0,0.0020707297908675675
7208,7208,14.416,0,1002,5.326368134466065,0,0.0020289553759518402
7209,7209,14.418,0,998,1.3263681344660654,0,0.001988023708240141
7210,7210,14.42,0,991,-5.673631865533935,0,0.0019479177863489354
7211,7211,14.422,0,989,-7.673631865533935,0,0.0019086209518765955
7212,7212,14.424,0,992,-4.673631865533935,0,0.0018701168824841624
7213,7213,14.426,0,1000,3.3263681344660654,0,0.0018323895851156975
7214,7214,14.428,0,1005,8.326368134466065,0,0.0017954233893554047
7215,7215,14.43,0,1010,13.326368134466065,0,0.001759202940918764
7216,7216,14.432,0,1006,9.326368134466065,0,0.0017237131952749741
7217,7217,14.434,0,1001,4.326368134466065,0,0.001688939411398053
7218,7218,14.436,0,996,-0.6736318655339346,0,0.0016548671456440036
7219,7219,14.438,0,993,-3.6736318655339346,0,0.0016214822457515001
7220,7220,14.44,0,994,-2.6736318655339346,0,0.0015887708449636023
7221,7221,14.442,0,997,0.3263681344660654,0,0.0015567193562680572
7222,7222,14.444,0,997,0.3263681344660654,0,0.0015253144667537956
7223,7223,14.446,0,996,-0.6736318655339346,0,0.0014945431320812798
7224,7224,14.448,0,994,-2.6736318655339346,0,0.0014643925710644044
7225,7225,14.45,0,996,-0.6736318655339346,0,0.0014348502603617013
7226,7226,14.452,0,998,1.3263681344660654,0,0.0014059039292746423
7227,7227,14.454,0,1000,3.3263681344660654,0,0.0013775415546508803
7228,7228,14.456,0,1001,4.326368134466065,0,0.0013497513558903109
7229,7229,14.458,0,1000,3.3263681344660654,0,0.0013225217900518806
7230,7230,14.46,0,999,2.3263681344660654,0,0.001295841547059109
7231,7231,14.462,0,999,2.3263681344660654,0,0.0012696995450023338
7232,7232,14.464,0,999,2.3263681344660654,0,0.0012440849255357276
7233,7233,14.466,0,999,2.3263681344660654,0,0.0012189870493671728
7234,7234,14.468,0,1000,3.3263681344660654,0,0.0011943954918391248
7235,7235,14.47,0,999,2.3263681344660654,0,0.0011703000385986238
7236,7236,14.472,0,998,1.3263681344660654,0,0.00114669068135466
7237,7237,14.474,0,996,-0.6736318655339346,0,0.0011235576137211287
7238,7238,14.476,0,993,-3.6736318655339346,0,0.0011008912271436475
7239,7239,14.478,0,992,-4.673631865533935,0,0.0010786821069085468
7240,7240,14.48,0,995,-1.6736318655339346,0,0.0010569210282323717
7241,7241,14.482,0,1000,3.3263681344660654,0,0.001035598952430276
7242,7242,14.484,0,1001,4.326368134466065,0,0.0010147070231617112
7243,7243,14.486,0,1000,3.3263681344660654,0,0.0009942365627518572
7244,7244,14.488,0,999,2.3263681344660654,0,0.0009741790685872605
7245,7245,14.49,0,1000,3.3263681344660654,0,0.0009545262095841885
7246,7246,14.492,0,1002,5.326368134466065,0,0.0009352698227282287
7247,7247,14.494,0,1000,3.3263681344660654,0,0.0009164019096836983
7248,7248,14.496,0,999,2.3263681344660654,0,0.000897914633471454
7249,7249,14.498,0,994,-2.6736318655339346,0,0.000879800315213723
7250,7250,14.5,0,994,-2.6736318655339346,0,0.0008620514309446037
7251,7251,14.502,0,996,-0.6736318655339346,0,0.0008446606084849101
7252,7252,14.504,0,1003,6.326368134466065,0,0.0008276206243800617
7253,7253,14.506,0,1004,7.326368134466065,0,0.000810924400899749
7254,7254,14.508,0,1003,6.326368134466065,0,0.0007945650030981261
7255,7255,14.51,0,998,1.3263681344660654,0,0.0007785356359333109
7256,7256,14.512,0,992,-4.673631865533935,0,0.0007628296414449949
7257,7257,14.514,0,988,-8.673631865533935,0,0.0007474404959889923
7258,7258,14.516,0,989,-7.673631865533935,0,0.0007323618075275782
7259,7259,14.518,0,995,-1.6736318655339346,0,0.0007175873129744905
7260,7260,14.52,0,1000,3.3263681344660654,0,0.000703110875593494
7261,7261,14.522,0,1001,4.326368134466065,0,0.0006889264824494242
7262,7262,14.524,0,1001,4.326368134466065,0,0.000675028241910654
7263,7263,14.526,0,1000,3.3263681344660654,0,0.0006614103812019444
7264,7264,14.528,0,1000,3.3263681344660654,0,0.0006480672440066644
7265,7265,14.53,0,1002,5.326368134466065,0,0.0006349932881173816
7266,7266,14.532,0,1004,7.326368134466065,0,0.0006221830831338507
7267,7267,14.534,0,1002,5.326368134466065,0,0.0006096313082074416
7268,7268,14.536,0,997,0.3263681344660654,0,0.0005973327498310705
7269,7269,14.538,0,994,-2.6736318655339346,0,0.0005852822996737175
7270,7270,14.54,0,994,-2.6736318655339346,0,0.0005734749524586289
7271,7271,14.542,0,995,-1.6736318655339346,0,0.0005619058038843251
7272,7272,14.544,0,996,-0.6736318655339346,0,0.000550570048587549
7273,7273,14.546,0,1000,3.3263681344660654,1,0.02175492923934242
7274,7274,14.548,0,1000,3.3263681344660654,1,0.04250941589506327
7275,7275,14.55,0,997,0.3263681344660654,1,0.06282357452949641
7276,7276,14.552,0,995,-1.6736318655339346,1,0.08270674715960172
7277,7277,14.554,0,996,-0.6736318655339346,1,0.10216807760173255
7278,7278,14.556,0,995,-1.6736318655339346,1,0.1212165156766678
7279,7279,14.558,0,994,-2.6736318655339346,1,0.13986082132542976
7280,7280,14.56,0,993,-3.6736318655339346,1,0.15810956863778064
7281,7281,14.562,0,991,-5.673631865533935,1,0.17597114979525041
7282,7282,14.564,0,988,-8.673631865533935,1,0.1934537789305091
7283,7283,14.566,0,989,-7.673631865533935,1,0.21056549590485857
7284,7284,14.568,0,991,-5.673631865533935,1,0.2273141700055808
7285,7285,14.57,0,998,1.3263681344660654,1,0.24370750356484325
7286,7286,14.572,0,1001,4.326368134466065,1,0.25975303550182516
7287,7287,14.574,0,996,-0.6736318655339346,1,0.2754581447896941
7288,7288,14.576,0,987,-9.673631865533935,1,0.290830053849027
7289,7289,14.578,0,987,-9.673631865533935,1,0.3058758318692361
7290,7290,14.58,0,993,-3.6736318655339346,1,0.32060239805952767
7291,7291,14.582,0,998,1.3263681344660654,1,0.3350165248308878
7292,7292,14.584,1,996,-0.6736318655339346,1,0.3491248409105595
7293,7293,14.586,1,992,-4.673631865533935,1,0.3629338343904429
7294,7294,14.588,1,993,-3.6736318655339346,1,0.37644985571081996
7295,7295,14.59,1,992,-4.673631865533935,1,0.38967912058077697
7296,7296,14.592,1,985,-11.673631865533935,1,0.40262771283666704
7297,7297,14.594,1,980,-16.673631865533935,1,0.4153015872399271
7298,7298,14.596,1,980,-16.673631865533935,1,0.4277065722155367
7299,7299,14.598,1,992,-4.673631865533935,1,0.4398483725323772
7300,7300,14.6,1,1005,8.326368134466065,1,0.45173257192672456
7301,7301,14.602,1,1010,13.326368134466065,1,0.463364635670082
7302,7302,14.604,1,1001,4.326368134466065,1,0.47474991308253334
7303,7303,14.606,1,986,-10.673631865533935,1,0.4858936399927729
7304,7304,14.608,1,980,-16.673631865533935,1,0.49680094114594353
7305,7305,14.61,1,984,-12.673631865533935,1,0.5074768325603896
7306,7306,14.612,1,992,-4.673631865533935,1,0.5179262238344088
7307,7307,14.614,1,998,1.3263681344660654,1,0.5281539204040648
7308,7308,14.616,1,998,1.3263681344660654,1,0.538164625753097
7309,7309,14.618,1,992,-4.673631865533935,1,0.5479629435759448
7310,7310,14.62,1,987,-9.673631865533935,1,0.5575533798948821
7311,7311,14.622,1,987,-9.673631865533935,1,0.5669403451322332
7312,7312,14.624,1,994,-2.6736318655339346,1,0.5761281561386259
7313,7313,14.626,1,1009,12.326368134466065,1,0.5851210381782115
7314,7314,14.628,1,1019,22.326368134466065,1,0.5939231268717678
7315,7315,14.63,1,1013,16.326368134466065,1,0.6025384700985764
7316,7316,14.632,1,994,-2.6736318655339346,1,0.6109710298579496
7317,7317,14.634,1,971,-25.673631865533935,1,0.6192246840912633
7318,7318,14.636,1,966,-30.673631865533935,1,0.6273032284653338
7319,7319,14.638,1,983,-13.673631865533935,1,0.635210378117958
7320,7320,14.64,1,1004,7.326368134466065,1,0.6429497693664201
7321,7321,14.642,1,1017,20.326368134466065,1,0.6505249613797512
7322,7322,14.644,1,1016,19.326368134466065,1,0.6579394378155095
7323,7323,14.646,1,1007,10.326368134466065,1,0.6651966084218343
7324,7324,14.648,1,998,1.3263681344660654,1,0.672299810605512
7325,7325,14.65,1,988,-8.673631865533935,1,0.6792523109667729
7326,7326,14.652,1,981,-15.673631865533935,1,0.6860573068015253
7327,7327,14.654,1,981,-15.673631865533935,1,0.6927179275717198
7328,7328,14.656,1,990,-6.673631865533935,1,0.6992372363445164
7329,7329,14.658,1,1005,8.326368134466065,1,0.7056182312009195
7330,7330,14.66,1,1024,27.326368134466065,1,0.7118638466145267
7331,7331,14.662,1,1023,26.326368134466065,1,0.717976954801026
7332,7332,14.664,1,1004,7.326368134466065,1,0.7239603670390621
7333,7333,14.666,1,985,-11.673631865533935,1,0.7298168349630795
7334,7334,14.668,1,987,-9.673631865533935,1,0.7355490518287355
7335,7335,14.67,1,996,-0.6736318655339346,1,0.741159653751468
7336,7336,14.672,1,993,-3.6736318655339346,1,0.7466512209187833
7337,7337,14.674,1,989,-7.673631865533935,1,0.7520262787768267
7338,7338,14.676,1,995,-1.6736318655339346,1,0.7572872991917765
7339,7339,14.678,1,1013,16.326368134466065,1,0.762436701586599
7340,7340,14.68,1,1018,21.326368134466065,1,0.7674768540536859
7341,7341,14.682,1,1004,7.326368134466065,1,0.7724100744438858
7342,7342,14.684,1,986,-10.673631865533935,1,0.7772386314324305
7343,7343,14.686,1,980,-16.673631865533935,1,0.7819647455622475
7344,7344,14.688,1,988,-8.673631865533935,1,0.786590590265136
7345,7345,14.69,1,1008,11.326368134466065,1,0.7911182928612794
7346,7346,14.692,1,1022,25.326368134466065,1,0.7955499355375505
7347,7347,14.694,1,1022,25.326368134466065,1,0.799887556305062
7348,7348,14.696,1,1012,15.326368134466065,1,0.8041331499364011
7349,7349,14.698,1,1000,3.3263681344660654,1,0.8082886688829797
7350,7350,14.7,1,989,-7.673631865533935,1,0.8123560241729223
7351,7351,14.702,1,976,-20.673631865533935,1,0.8163370862899042
7352,7352,14.704,1,974,-22.673631865533935,1,0.8202336860333438
7353,7353,14.706,1,984,-12.673631865533935,1,0.8240476153603457
7354,7354,14.708,1,994,-2.6736318655339346,1,0.8277806282097806
7355,7355,14.71,1,994,-2.6736318655339346,1,0.8314344413088821
7356,7356,14.712,1,993,-3.6736318655339346,1,0.8350107349627296
7357,7357,14.714,1,1009,12.326368134466065,1,0.8385111538269827
7358,7358,14.716,1,1033,36.326368134466065,1,0.8419373076642206
7359,7359,14.718,1,1046,49.326368134466065,1,0.8452907720842349
7360,7360,14.72,1,1035,38.326368134466065,1,0.8485730892686167
7361,7361,14.722,1,1005,8.326368134466065,1,0.851785768679971
7362,7362,14.724,1,979,-17.673631865533935,1,0.854930287756083
7363,7363,14.726,1,966,-30.673631865533935,1,0.8580080925893591
7364,7364,14.728,1,962,-34.673631865533935,1,0.8610205985918509
7365,7365,14.73,1,966,-30.673631865533935,1,0.8639691911461712
7366,7366,14.732,1,982,-14.673631865533935,1,0.8668552262426
7367,7367,14.734,1,1008,11.326368134466065,1,0.8696800311026728
7368,7368,14.736,1,1023,26.326368134466065,1,0.8724449047895398
7369,7369,14.738,1,1015,18.326368134466065,1,0.8751511188053755
7370,7370,14.74,1,996,-0.6736318655339346,1,0.8777999176761132
7371,7371,14.742,1,992,-4.673631865533935,1,0.880392519523774
7372,7372,14.744,1,1011,14.326368134466065,1,0.8829301166266533
7373,7373,14.746,1,1023,26.326368134466065,1,0.8854138759676226
7374,7374,14.748,1,1014,17.326368134466065,1,0.8878449397707977
7375,7375,14.75,1,987,-9.673631865533935,1,0.8902244260268221
7376,7376,14.752,1,974,-22.673631865533935,1,0.8925534290070045
7377,7377,14.754,1,984,-12.673631865533935,1,0.8948330197665502
7378,7378,14.756,1,1004,7.326368134466065,1,0.8970642466371138
7379,7379,14.758,1,1013,16.326368134466065,1,0.8992481357089038
7380,7380,14.76,1,1003,6.326368134466065,1,0.9013856913025575
7381,7381,14.762,1,985,-11.673631865533935,1,0.9034778964310053
7382,7382,14.764,1,969,-27.673631865533935,1,0.9055257132515359
7383,7383,14.766,1,973,-23.673631865533935,1,0.9075300835082702
7384,7384,14.768,1,1006,9.326368134466065,1,0.9094919289652486
7385,7385,14.77,1,1035,38.326368134466065,1,0.9114121518303279
7386,7386,14.772,1,1032,35.326368134466065,1,0.9132916351700874
7387,7387,14.774,1,1004,7.326368134466065,1,0.9151312433159301
7388,7388,14.776,1,981,-15.673631865533935,1,0.9169318222615694
7389,7389,14.778,1,988,-8.673631865533935,1,0.9186942000520824
7390,7390,14.78,1,1013,16.326368134466065,1,0.920419187164708
7391,7391,14.782,1,1031,34.326368134466065,1,0.9221075768815683
7392,7392,14.784,1,1012,15.326368134466065,1,0.9237601456544794
7393,7393,14.786,1,966,-30.673631865533935,1,0.9253776534620248
7394,7394,14.788,1,928,-68.67363186553393,1,0.926960844159052
7395,7395,14.79,1,934,-62.673631865533935,1,0.9285104458187541
7396,7396,14.792,1,977,-19.673631865533935,1,0.930027171067494
7397,7397,14.794,1,1022,25.326368134466065,1,0.9315117174125254
7398,7398,14.796,1,1038,41.326368134466065,1,0.9329647675627599
7399,7399,14.798,1,1036,39.326368134466065,1,0.9343869897427296
7400,7400,14.8,1,1035,38.326368134466065,1,0.935779037999888
7401,7401,14.802,1,1037,40.326368134466065,1,0.9371415525053918
7402,7402,14.804,1,1024,27.326368134466065,1,0.9384751598485004
7403,7403,14.806,1,987,-9.673631865533935,1,0.9397804733247306
7404,7404,14.808,1,948,-48.673631865533935,1,0.9410580932178969
7405,7405,14.81,1,942,-54.673631865533935,1,0.9423086070761684
7406,7406,14.812,1,974,-22.673631865533935,1,0.9435325899822683
7407,7407,14.814,1,1010,13.326368134466065,1,0.9447306048179422
7408,7408,14.816,1,1024,27.326368134466065,1,0.9459032025228137
7409,7409,14.818,1,1013,16.326368134466065,1,0.9470509223477492
7410,7410,14.82,1,992,-4.673631865533935,1,0.9481742921028474
7411,7411,14.822,1,976,-20.673631865533935,1,0.9492738284001664
7412,7412,14.824,1,987,-9.673631865533935,1,0.9503500368913024
7413,7413,14.826,1,1017,20.326368134466065,1,0.951403412499927
7414,7414,14.828,1,1030,33.326368134466065,1,0.9524344396493912
7415,7415,14.83,1,1010,13.326368134466065,1,0.953443592485501
7416,7416,14.832,1,981,-15.673631865533935,1,0.9544313350945659
7417,7417,14.834,1,979,-17.673631865533935,1,0.9553981217168215
7418,7418,14.836,1,1000,3.3263681344660654,1,0.9563443969553244
7419,7419,14.838,1,1007,10.326368134466065,1,0.957270595980415
7420,7420,14.84,1,989,-7.673631865533935,1,0.9581771447298422
7421,7421,14.842,1,974,-22.673631865533935,1,0.9590644601046425
7422,7422,14.844,1,988,-8.673631865533935,1,0.9599329501608637
7423,7423,14.846,1,1024,27.326368134466065,1,0.9607830142972195
7424,7424,14.848,1,1042,45.326368134466065,1,0.9616150434387648
7425,7425,14.85,1,1013,16.326368134466065,1,0.962429420216673
7426,7426,14.852,1,966,-30.673631865533935,1,0.9632265191441989
7427,7427,14.854,1,954,-42.673631865533935,1,0.9640067067889091
7428,7428,14.856,1,978,-18.673631865533935,1,0.9647703419412581
7429,7429,14.858,1,1006,9.326368134466065,1,0.9655177757795879
7430,7430,14.86,1,1016,19.326368134466065,1,0.9662493520316262
7431,7431,14.862,1,1014,17.326368134466065,1,0.9669654071325601
7432,7432,14.864,1,1018,21.326368134466065,1,0.9676662703797537
7433,7433,14.866,1,1017,20.326368134466065,1,0.9683522640841854
7434,7434,14.868,1,1000,3.3263681344660654,1,0.9690237037186706
7435,7435,14.87,1,965,-31.673631865533935,1,0.9696808980629412
7436,7436,14.872,1,943,-53.673631865533935,1,0.9703241493456457
7437,7437,14.874,1,961,-35.673631865533935,1,0.9709537533833374
7438,7438,14.876,1,1010,13.326368134466065,1,0.971569999716514
7439,7439,14.878,1,1052,55.326368134466065,1,0.9721731717427702
7440,7440,14.88,1,1053,56.326368134466065,1,0.9727635468471258
7441,7441,14.882,1,1019,22.326368134466065,1,0.9733413965295893
7442,7442,14.884,1,994,-2.6736318655339346,1,0.9739069865300138
7443,7443,14.886,1,984,-12.673631865533935,1,0.9744605769503052
7444,7444,14.888,1,973,-23.673631865533935,1,0.9750024223740368
7445,7445,14.89,1,963,-33.673631865533935,1,0.9755327719835267
7446,7446,14.892,1,966,-30.673631865533935,1,0.976051869674431
7447,7447,14.894,1,993,-3.6736318655339346,1,0.9765599541679056
7448,7448,14.896,1,1015,18.326368134466065,1,0.977057259120389
7449,7449,14.898,1,1022,25.326368134466065,1,0.977544013231055
7450,7450,14.9,1,1015,18.326368134466065,1,0.9780204403469869
7451,7451,14.902,1,1011,14.326368134466065,1,0.9784867595661191
7452,7452,14.904,1,1003,6.326368134466065,1,0.9789431853379955
7453,7453,14.906,1,990,-6.673631865533935,1,0.97938992756239
7454,7454,14.908,1,983,-13.673631865533935,1,0.9798271916858342
7455,7455,14.91,1,987,-9.673631865533935,1,0.9802551787960981
7456,7456,14.912,1,993,-3.6736318655339346,1,0.9806740857146654
7457,7457,14.914,1,997,0.3263681344660654,1,0.9810841050872473
7458,7458,14.916,1,1005,8.326368134466065,1,0.9814854254723758
7459,7459,14.918,1,1011,14.326368134466065,1,0.9818782314281177
7460,7460,14.92,1,997,0.3263681344660654,1,0.9822627035969483
7461,7461,14.922,1,970,-26.673631865533935,1,0.982639018788825
7462,7462,14.924,1,962,-34.673631865533935,1,0.983007350062498
7463,7463,14.926,1,1001,4.326368134466065,1,0.983367866805096
7464,7464,14.928,1,1054,57.326368134466065,1,0.9837207348100239
7465,7465,14.93,1,1060,63.326368134466065,1,0.9840661163532067
7466,7466,14.932,1,1002,5.326368134466065,1,0.9844041702677172
7467,7467,14.934,1,938,-58.673631865533935,1,0.9847350520168191
7468,7468,14.936,1,938,-58.673631865533935,1,0.9850589137654614
7469,7469,14.938,1,989,-7.673631865533935,1,0.9853759044502554
7470,7470,14.94,1,1029,32.326368134466065,1,0.9856861698479672
7471,7471,14.942,1,1022,25.326368134466065,1,0.9859898526425573
7472,7472,14.944,1,999,2.3263681344660654,1,0.9862870924907976
7473,7473,14.946,1,993,-3.6736318655339346,1,0.9865780260864963
7474,7474,14.948,1,1004,7.326368134466065,1,0.9868627872233601
7475,7475,14.95,1,1001,4.326368134466065,1,0.9871415068565232
7476,7476,14.952,1,984,-12.673631865533935,1,0.9874143131627706
7477,7477,14.954,1,980,-16.673631865533935,1,0.9876813315994832
7478,7478,14.956,1,1003,6.326368134466065,1,0.9879426849623333
7479,7479,14.958,1,1027,30.326368134466065,1,0.988198493441755
7480,7480,14.96,1,1018,21.326368134466065,1,0.9884488746782176
7481,7481,14.962,1,982,-14.673631865533935,1,0.9886939438163254
7482,7482,14.964,1,965,-31.673631865533935,1,0.9889338135577701
7483,7483,14.966,1,987,-9.673631865533935,1,0.9891685942131598
7484,7484,14.968,1,1023,26.326368134466065,1,0.9893983937527485
7485,7485,14.97,1,1032,35.326368134466065,1,0.9896233178560887
7486,7486,14.972,1,994,-2.6736318655339346,1,0.9898434699606314
7487,7487,14.974,1,948,-48.673631865533935,1,0.9900589513092946
7488,7488,14.976,1,948,-48.673631865533935,1,0.9902698609970221
7489,7489,14.978,1,992,-4.673631865533935,1,0.9904762960163558
7490,7490,14.98,1,1035,38.326368134466065,1,0.9906783513020399
7491,7491,14.982,1,1049,52.326368134466065,1,0.990876119774679
7492,7492,14.984,1,1032,35.326368134466065,1,0.9910696923834708
7493,7493,14.986,1,1001,4.326368134466065,1,0.9912591581480308
7494,7494,14.988,1,984,-12.673631865533935,1,0.991444604199331
7495,7495,14.99,1,988,-8.673631865533935,1,0.9916261158197691
7496,7496,14.992,1,995,-1.6736318655339346,1,0.9918037764823882
7497,7497,14.994,1,986,-10.673631865533935,1,0.9919776678892637
7498,7498,14.996,1,975,-21.673631865533935,1,0.9921478700090767
7499,7499,14.998,1,984,-12.673631865533935,1,0.9923144611138894
7500,7500,15.0,1,1012,15.326368134466065,1,0.9924775178151409
7501,7501,15.002,1,1027,30.326368134466065,1,0.992637115098879
7502,7502,15.004,1,1010,13.326368134466065,1,0.9927933263602443
7503,7503,15.006,1,975,-21.673631865533935,1,0.9929462234372234
7504,7504,15.008,1,950,-46.673631865533935,1,0.9930958766436849
7505,7505,15.01,1,962,-34.673631865533935,1,0.9932423548017161
7506,7506,15.012,1,1006,9.326368134466065,1,0.9933857252732716
7507,7507,15.014,1,1037,40.326368134466065,1,0.9935260539911526
7508,7508,15.016,1,1038,41.326368134466065,1,0.9936634054893267
7509,7509,15.018,1,1018,21.326368134466065,1,0.9937978429326069
7510,7510,15.02,1,998,1.3263681344660654,1,0.9939294281456985
7511,7511,15.022,1,982,-14.673631865533935,1,0.9940582216416317
7512,7512,15.024,1,972,-24.673631865533935,1,0.9941842826495897
7513,7513,15.026,1,978,-18.673631865533935,1,0.9943076691421469
7514,7514,15.028,1,998,1.3263681344660654,1,0.9944284378619294
7515,7515,15.03,1,1017,20.326368134466065,1,0.9945466443477092
7516,7516,15.032,1,1020,23.326368134466065,1,0.9946623429599459
7517,7517,15.034,1,1006,9.326368134466065,1,0.994775586905785
7518,7518,15.036,1,989,-7.673631865533935,1,0.9948864282635274
7519,7519,15.038,1,981,-15.673631865533935,1,0.9949949180065784
7520,7520,15.04,1,986,-10.673631865533935,1,0.9951011060268895
7521,7521,15.042,1,989,-7.673631865533935,1,0.9952050411579029
7522,7522,15.044,1,995,-1.6736318655339346,1,0.9953067711970082
7523,7523,15.046,1,1004,7.326368134466065,1,0.9954063429275237
7524,7524,15.048,1,1006,9.326368134466065,1,0.9955038021402112
7525,7525,15.05,1,1001,4.326368134466065,1,0.9955991936543334
7526,7526,15.052,1,994,-2.6736318655339346,1,0.9956925613382661
7527,7527,15.054,1,994,-2.6736318655339346,1,0.9957839481296719
7528,7528,15.056,1,1003,6.326368134466065,1,0.9958733960552458
7529,7529,15.058,1,1009,12.326368134466065,1,0.9959609462500434
7530,7530,15.06,1,997,0.3263681344660654,1,0.9960466389763968
7531,7531,15.062,1,976,-20.673631865533935,1,0.996130513642431
7532,7532,15.064,1,969,-27.673631865533935,1,0.9962126088201866
7533,7533,15.066,1,994,-2.6736318655339346,1,0.9962929622633584
7534,7534,15.068,1,1017,20.326368134466065,1,0.9963716109246571
7535,7535,15.07,1,1021,24.326368134466065,1,0.9964485909728034
7536,7536,15.072,1,1017,20.326368134466065,1,0.9965239378091607
7537,7537,15.074,1,1013,16.326368134466065,1,0.9965976860840159
7538,7538,15.076,1,1001,4.326368134466065,1,0.9966698697125139
7539,7539,15.078,1,977,-19.673631865533935,1,0.9967405218902547
7540,7540,15.08,1,965,-31.673631865533935,1,0.996809675108559
7541,7541,15.082,1,978,-18.673631865533935,1,0.9968773611694102
7542,7542,15.084,1,1012,15.326368134466065,1,0.9969436112000796
7543,7543,15.086,1,1029,32.326368134466065,1,0.9970084556674412
7544,7544,15.088,1,1018,21.326368134466065,1,0.9970719243919827
7545,7545,15.09,1,988,-8.673631865533935,1,0.9971340465615186
7546,7546,15.092,1,968,-28.673631865533935,1,0.9971948507446142
7547,7547,15.094,1,970,-26.673631865533935,1,0.9972543649037225
7548,7548,15.096,1,984,-12.673631865533935,1,0.9973126164080444
7549,7549,15.098,1,993,-3.6736318655339346,1,0.9973696320461142
7550,7550,15.1,1,1008,11.326368134466065,1,0.99742543803812
7551,7551,15.102,1,1025,28.326368134466065,1,0.9974800600479612
7552,7552,15.104,1,1029,32.326368134466065,1,0.9975335231950508
7553,7553,15.106,1,1017,20.326368134466065,1,0.9975858520658676
7554,7554,15.108,1,995,-1.6736318655339346,1,0.9976370707252623
7555,7555,15.11,1,970,-26.673631865533935,1,0.9976872027275251
7556,7556,15.112,1,960,-36.673631865533935,1,0.9977362711272173
7557,7557,15.114,1,979,-17.673631865533935,1,0.9977842984897736
7558,7558,15.116,1,1009,12.326368134466065,1,0.9978313069018796
7559,7559,15.118,1,1022,25.326368134466065,1,0.997877317981629
7560,7560,15.12,1,1010,13.326368134466065,1,0.9979223528884652
7561,7561,15.122,1,991,-5.673631865533935,1,0.9979664323329117
7562,7562,15.124,1,981,-15.673631865533935,1,0.9980095765860969
7563,7563,15.126,1,987,-9.673631865533935,1,0.9980518054890761
7564,7564,15.128,1,1000,3.3263681344660654,1,0.9980931384619561
7565,7565,15.13,1,1016,19.326368134466065,1,0.9981335945128258
7566,7566,15.132,1,1022,25.326368134466065,1,0.9981731922464976
7567,7567,15.134,1,1013,16.326368134466065,1,0.9982119498730636
7568,7568,15.136,1,993,-3.6736318655339346,1,0.99824988521627
7569,7569,15.138,1,968,-28.673631865533935,1,0.9982870157217134
7570,7570,15.14,1,962,-34.673631865533935,1,0.9983233584648642
7571,7571,15.142,1,977,-19.673631865533935,1,0.9983589301589186
7572,7572,15.144,1,999,2.3263681344660654,1,0.9983937471624854
7573,7573,15.146,1,1016,19.326368134466065,1,0.9984278254871081
7574,7574,15.148,1,1022,25.326368134466065,1,0.9984611808046288
7575,7575,15.15,1,1020,23.326368134466065,1,0.9984938284543952
7576,7576,15.152,1,1012,15.326368134466065,1,0.9985257834503147
7577,7577,15.154,1,999,2.3263681344660654,1,0.9985570604877593
7578,7578,15.156,1,979,-17.673631865533935,1,0.9985876739503229
7579,7579,15.158,1,966,-30.673631865533935,1,0.998617637916437
7580,7580,15.16,1,977,-19.673631865533935,1,0.9986469661658443
7581,7581,15.162,1,995,-1.6736318655339346,1,0.9986756721859358
7582,7582,15.164,1,1002,5.326368134466065,1,0.9987037691779538
7583,7583,15.166,1,1001,4.326368134466065,1,0.9987312700630623
7584,7584,15.168,1,1005,8.326368134466065,1,0.9987581874882893
7585,7585,15.17,1,1022,25.326368134466065,1,0.9987845338323431
7586,7586,15.172,1,1029,32.326368134466065,1,0.9988103212113049
7587,7587,15.174,1,1008,11.326368134466065,1,0.9988355614842003
7588,7588,15.176,1,978,-18.673631865533935,1,0.9988602662584536
7589,7589,15.178,1,959,-37.673631865533935,1,0.9988844468952255
7590,7590,15.18,1,955,-41.673631865533935,1,0.9989081145146379
7591,7591,15.182,1,963,-33.673631865533935,1,0.9989312800008876
7592,7592,15.184,1,989,-7.673631865533935,1,0.998953954007252
7593,7593,15.186,1,1021,24.326368134466065,1,0.9989761469609878
7594,7594,15.188,1,1050,53.326368134466065,1,0.9989978690681272
7595,7595,15.19,1,1056,59.326368134466065,1,0.9990191303181702
7596,7596,15.192,1,1039,42.326368134466065,1,0.9990399404886797
7597,7597,15.194,1,1006,9.326368134466065,1,0.999060309149777
7598,7598,15.196,1,979,-17.673631865533935,1,0.9990802456685435
7599,7599,15.198,1,962,-34.673631865533935,1,0.9990997592133283
7600,7600,15.2,1,954,-42.673631865533935,1,0.9991188587579642
7601,7601,15.202,1,959,-37.673631865533935,1,0.9991375530858952
7602,7602,15.204,1,974,-22.673631865533935,1,0.9991558507942151
7603,7603,15.206,1,992,-4.673631865533935,1,0.9991737602976213
7604,7604,15.208,1,1006,9.326368134466065,1,0.9991912898322849
7605,7605,15.21,1,1021,24.326368134466065,1,0.9992084474596381
7606,7606,15.212,1,1030,33.326368134466065,1,0.9992252410700813
7607,7607,15.214,1,1022,25.326368134466065,1,0.9992416783866117
7608,7608,15.216,1,995,-1.6736318655339346,1,0.9992577669683753
7609,7609,15.218,1,976,-20.673631865533935,1,0.999273514214143
7610,7610,15.22,1,983,-13.673631865533935,1,0.999288927365713
7611,7611,15.222,1,1004,7.326368134466065,1,0.999304013511241
7612,7612,15.224,1,1009,12.326368134466065,1,0.9993187795885005
7613,7613,15.226,1,992,-4.673631865533935,1,0.9993332323880725
7614,7614,15.228,1,981,-15.673631865533935,1,0.9993473785564692
7615,7615,15.23,1,993,-3.6736318655339346,1,0.9993612245991897
7616,7616,15.232,1,1016,19.326368134466065,1,0.9993747768837127
7617,7617,15.234,1,1021,24.326368134466065,1,0.9993880416424237
7618,7618,15.236,1,1004,7.326368134466065,1,0.9994010249754818
7619,7619,15.238,1,979,-17.673631865533935,1,0.999413732853625
7620,7620,15.24,1,965,-31.673631865533935,1,0.9994261711209159
7621,7621,15.242,1,974,-22.673631865533935,1,0.9994383454974292
7622,7622,15.244,1,999,2.3263681344660654,1,0.999450261581882
7623,7623,15.246,1,1020,23.326368134466065,1,0.9994619248542091
7624,7624,15.248,1,1020,23.326368134466065,1,0.9994733406780828
7625,7625,15.25,1,1008,11.326368134466065,1,0.9994845143033794
7626,7626,15.252,1,1002,5.326368134466065,1,0.9994954508685935
7627,7627,15.254,1,1004,7.326368134466065,1,0.9995061554032013
7628,7628,15.256,1,1006,9.326368134466065,1,0.9995166328299736
7629,7629,15.258,1,1000,3.3263681344660654,1,0.9995268879672393
7630,7630,15.26,1,986,-10.673631865533935,1,0.9995369255311015
7631,7631,15.262,1,959,-37.673631865533935,1,0.9995467501376062
7632,7632,15.264,1,945,-51.673631865533935,1,0.9995563663048652
7633,7633,15.266,1,974,-22.673631865533935,1,0.9995657784551341
7634,7634,15.268,1,1026,29.326368134466065,1,0.9995749909168452
7635,7635,15.27,1,1051,54.326368134466065,1,0.9995840079265993
7636,7636,15.272,1,1036,39.326368134466065,1,0.9995928336311127
7637,7637,15.274,1,1009,12.326368134466065,1,0.9996014720891253
7638,7638,15.276,1,987,-9.673631865533935,1,0.9996099272732661
7639,7639,15.278,1,977,-19.673631865533935,1,0.9996182030718812
7640,7640,15.28,1,980,-16.673631865533935,1,0.9996263032908209
7641,7641,15.282,1,999,2.3263681344660654,1,0.9996342316551907
7642,7642,15.284,1,1009,12.326368134466065,1,0.9996419918110641
7643,7643,15.286,1,992,-4.673631865533935,1,0.9996495873271591
7644,7644,15.288,1,961,-35.673631865533935,1,0.9996570216964801
7645,7645,15.29,1,952,-44.673631865533935,1,0.9996642983379234
7646,7646,15.292,1,980,-16.673631865533935,1,0.99967142059785
7647,7647,15.294,1,1026,29.326368134466065,1,0.9996783917516243
7648,7648,15.296,1,1050,53.326368134466065,1,0.9996852150051206
7649,7649,15.298,1,1045,48.326368134466065,1,0.999691893496197
7650,7650,15.3,1,1021,24.326368134466065,1,0.9996984302961389
7651,7651,15.302,1,984,-12.673631865533935,1,0.9997048284110711
7652,7652,15.304,1,952,-44.673631865533935,1,0.9997110907833403
7653,7653,15.306,1,954,-42.673631865533935,1,0.9997172202928682
7654,7654,15.308,1,990,-6.673631865533935,1,0.9997232197584762
7655,7655,15.31,1,1027,30.326368134466065,1,0.9997290919391812
7656,7656,15.312,1,1024,27.326368134466065,1,0.9997348395354649
7657,7657,15.314,1,986,-10.673631865533935,1,0.9997404651905153
7658,7658,15.316,1,962,-34.673631865533935,1,0.9997459714914425
7659,7659,15.318,1,979,-17.673631865533935,1,0.9997513609704684
7660,7660,15.32,1,1024,27.326368134466065,1,0.999756636106091
7661,7661,15.322,1,1039,42.326368134466065,1,0.9997617993242248
7662,7662,15.324,1,1016,19.326368134466065,1,0.9997668529993156
7663,7663,15.326,1,981,-15.673631865533935,1,0.9997717994554329
7664,7664,15.328,1,967,-29.673631865533935,1,0.9997766409673389
7665,7665,15.33,1,975,-21.673631865533935,1,0.999781379761534
7666,7666,15.332,1,989,-7.673631865533935,1,0.9997860180172815
7667,7667,15.334,1,998,1.3263681344660654,1,0.9997905578676091
7668,7668,15.336,1,1006,9.326368134466065,1,0.99979500140029
7669,7669,15.338,1,1003,6.326368134466065,1,0.9997993506588033
7670,7670,15.34,1,994,-2.6736318655339346,1,0.9998036076432736
7671,7671,15.342,1,993,-3.6736318655339346,1,0.9998077743113906
7672,7672,15.344,1,1007,10.326368134466065,1,0.9998118525793097
7673,7673,15.346,1,1025,28.326368134466065,1,0.9998158443225331
7674,7674,15.348,1,1024,27.326368134466065,1,0.9998197513767721
7675,7675,15.35,1,1002,5.326368134466065,1,0.9998235755387918
7676,7676,15.352,1,979,-17.673631865533935,1,0.9998273185672366
7677,7677,15.354,1,971,-25.673631865533935,1,0.9998309821834398
7678,7678,15.356,1,978,-18.673631865533935,1,0.9998345680722147
7679,7679,15.358,1,983,-13.673631865533935,1,0.9998380778826296
7680,7680,15.36,1,989,-7.673631865533935,1,0.9998415132287659
7681,7681,15.362,1,995,-1.6736318655339346,1,0.9998448756904609
7682,7682,15.364,1,994,-2.6736318655339346,1,0.9998481668140337
7683,7683,15.366,1,992,-4.673631865533935,1,0.9998513881129967
7684,7684,15.368,1,998,1.3263681344660654,1,0.9998545410687517
7685,7685,15.37,1,1019,22.326368134466065,1,0.999857627131271
7686,7686,15.372,1,1038,41.326368134466065,1,0.9998606477197641
7687,7687,15.374,1,1038,41.326368134466065,1,0.9998636042233306
7688,7688,15.376,1,1004,7.326368134466065,1,0.9998664980015989
7689,7689,15.378,1,969,-27.673631865533935,1,0.9998693303853513
7690,7690,15.38,1,962,-34.673631865533935,1,0.9998721026771364
7691,7691,15.382,1,970,-26.673631865533935,1,0.9998748161518679
7692,7692,15.384,1,973,-23.673631865533935,1,0.9998774720574106
7693,7693,15.386,1,983,-13.673631865533935,1,0.9998800716151548
7694,7694,15.388,1,1003,6.326368134466065,1,0.9998826160205776
7695,7695,15.39,1,1027,30.326368134466065,1,0.9998851064437929
7696,7696,15.392,1,1035,38.326368134466065,1,0.9998875440300894
7697,7697,15.394,1,1019,22.326368134466065,1,0.9998899299004573
7698,7698,15.396,1,994,-2.6736318655339346,1,0.9998922651521038
7699,7699,15.398,1,974,-22.673631865533935,1,0.9998945508589577
7700,7700,15.4,1,973,-23.673631865533935,1,0.9998967880721633
7701,7701,15.402,1,989,-7.673631865533935,1,0.9998989778205638
7702,7702,15.404,1,999,2.3263681344660654,1,0.9999011211111745
7703,7703,15.406,1,989,-7.673631865533935,1,0.9999032189296455
7704,7704,15.408,1,983,-13.673631865533935,1,0.9999052722407158
7705,7705,15.41,1,1002,5.326368134466065,1,0.999907281988656
7706,7706,15.412,1,1025,28.326368134466065,1,0.9999092490977033
7707,7707,15.414,1,1028,31.326368134466065,1,0.9999111744724861
7708,7708,15.416,1,1009,12.326368134466065,1,0.9999130589984404
7709,7709,15.418,1,995,-1.6736318655339346,1,0.9999149035422165
7710,7710,15.42,1,986,-10.673631865533935,1,0.9999167089520777
7711,7711,15.422,1,978,-18.673631865533935,1,0.999918476058291
7712,7712,15.424,1,975,-21.673631865533935,1,0.9999202056735079
7713,7713,15.426,1,979,-17.673631865533935,1,0.9999218985931391
7714,7714,15.428,1,994,-2.6736318655339346,1,0.9999235555957194
7715,7715,15.43,1,999,2.3263681344660654,1,0.9999251774432666
7716,7716,15.432,1,997,0.3263681344660654,1,0.9999267648816311
7717,7717,15.434,1,997,0.3263681344660654,1,0.9999283186408396
7718,7718,15.436,1,1016,19.326368134466065,1,0.9999298394354305
7719,7719,15.438,1,1035,38.326368134466065,1,0.9999313279647823
7720,7720,15.44,1,1020,23.326368134466065,1,0.9999327849134357
7721,7721,15.442,1,972,-24.673631865533935,1,0.9999342109514081
7722,7722,15.444,1,945,-51.673631865533935,1,0.9999356067345017
7723,7723,15.446,1,972,-24.673631865533935,1,0.999936972904605
7724,7724,15.448,1,1019,22.326368134466065,1,0.9999383100899888
7725,7725,15.45,1,1028,31.326368134466065,1,0.9999396189055938
7726,7726,15.452,1,1001,4.326368134466065,1,0.9999408999533145
7727,7727,15.454,1,986,-10.673631865533935,1,0.9999421538222752
7728,7728,15.456,1,995,-1.6736318655339346,1,0.9999433810891019
7729,7729,15.458,1,1005,8.326368134466065,1,0.9999445823181863
7730,7730,15.46,1,999,2.3263681344660654,1,0.9999457580619463
7731,7731,15.462,1,991,-5.673631865533935,1,0.9999469088610795
7732,7732,15.464,1,991,-5.673631865533935,1,0.9999480352448121
7733,7733,15.466,1,998,1.3263681344660654,1,0.9999491377311424
7734,7734,15.468,1,998,1.3263681344660654,1,0.9999502168270784
7735,7735,15.47,1,990,-6.673631865533935,1,0.9999512730288718
7736,7736,15.472,1,983,-13.673631865533935,1,0.9999523068222456
7737,7737,15.474,1,990,-6.673631865533935,1,0.9999533186826176
7738,7738,15.476,1,1004,7.326368134466065,1,0.9999543090753195
7739,7739,15.478,1,1018,21.326368134466065,1,0.99995527845581
7740,7740,15.48,1,1017,20.326368134466065,1,0.9999562272698852
7741,7741,15.482,1,1002,5.326368134466065,1,0.9999571559538829
7742,7742,15.484,1,984,-12.673631865533935,1,0.9999580649348837
7743,7743,15.486,1,972,-24.673631865533935,1,0.9999589546309071
7744,7744,15.488,1,971,-25.673631865533935,1,0.999959825451104
7745,7745,15.49,1,981,-15.673631865533935,1,0.9999606777959447
7746,7746,15.492,1,998,1.3263681344660654,1,0.999961512057403
7747,7747,15.494,1,1023,26.326368134466065,1,0.9999623286191368
7748,7748,15.496,1,1040,43.326368134466065,1,0.9999631278566641
7749,7749,15.498,1,1039,42.326368134466065,1,0.9999639101375359
7750,7750,15.5,1,1014,17.326368134466065,1,0.9999646758215054
7751,7751,15.502,1,981,-15.673631865533935,1,0.9999654252606931
7752,7752,15.504,1,958,-38.673631865533935,1,0.9999661587997489
7753,7753,15.506,1,955,-41.673631865533935,1,0.9999668767760107
7754,7754,15.508,1,972,-24.673631865533935,1,0.9999675795196593
7755,7755,15.51,1,992,-4.673631865533935,1,0.9999682673538705
7756,7756,15.512,1,999,2.3263681344660654,1,0.9999689405949634
7757,7757,15.514,1,993,-3.6736318655339346,1,0.9999695995525464
7758,7758,15.516,1,996,-0.6736318655339346,1,0.9999702445296589
7759,7759,15.518,1,1011,14.326368134466065,1,0.999970875822911
7760,7760,15.52,1,1027,30.326368134466065,1,0.9999714937226202
7761,7761,15.522,1,1026,29.326368134466065,1,0.9999720985129443
7762,7762,15.524,1,1016,19.326368134466065,1,0.9999726904720128
7763,7763,15.526,1,1008,11.326368134466065,1,0.9999732698720538
7764,7764,15.528,1,1007,10.326368134466065,1,0.9999738369795204
7765,7765,15.53,1,987,-9.673631865533935,1,0.9999743920552122
7766,7766,15.532,1,949,-47.673631865533935,1,0.9999749353543959
7767,7767,15.534,1,931,-65.67363186553393,1,0.9999754671269223
7768,7768,15.536,1,954,-42.673631865533935,1,0.9999759876173415
7769,7769,15.538,1,998,1.3263681344660654,1,0.999976497065015
7770,7770,15.54,1,1036,39.326368134466065,1,0.9999769957042263
7771,7771,15.542,1,1046,49.326368134466065,1,0.9999774837642881
7772,7772,15.544,1,1030,33.326368134466065,1,0.999977961469648
7773,7773,15.546,1,1008,11.326368134466065,1,0.9999784290399919
7774,7774,15.548,1,994,-2.6736318655339346,1,0.9999788866903446
7775,7775,15.55,1,990,-6.673631865533935,1,0.9999793346311691
7776,7776,15.552,1,987,-9.673631865533935,1,0.999979773068463
7777,7777,15.554,1,981,-15.673631865533935,1,0.9999802022038538
7778,7778,15.556,1,979,-17.673631865533935,1,0.9999806222346909
7779,7779,15.558,1,986,-10.673631865533935,1,0.9999810333541368
7780,7780,15.56,1,994,-2.6736318655339346,1,0.9999814357512561
7781,7781,15.562,1,993,-3.6736318655339346,1,0.999981829611102
7782,7782,15.564,1,989,-7.673631865533935,1,0.9999822151148017
7783,7783,15.566,1,990,-6.673631865533935,1,0.9999825924396394
7784,7784,15.568,1,1005,8.326368134466065,1,0.9999829617591381
7785,7785,15.57,1,1025,28.326368134466065,1,0.9999833232431397
7786,7786,15.572,1,1034,37.326368134466065,1,0.999983677057882
7787,7787,15.574,1,1019,22.326368134466065,1,0.9999840233660767
7788,7788,15.576,1,993,-3.6736318655339346,1,0.9999843623269828
7789,7789,15.578,1,975,-21.673631865533935,1,0.9999846940964807
7790,7790,15.58,1,973,-23.673631865533935,1,0.9999850188271436
7791,7791,15.582,1,979,-17.673631865533935,1,0.9999853366683078
7792,7792,15.584,1,980,-16.673631865533935,1,0.9999856477661411
7793,7793,15.586,1,984,-12.673631865533935,1,0.9999859522637102
7794,7794,15.588,1,996,-0.6736318655339346,1,0.9999862503010468
7795,7795,15.59,1,1007,10.326368134466065,1,0.9999865420152113
7796,7796,15.592,1,1014,17.326368134466065,1,0.9999868275403564
7797,7797,15.594,1,1011,14.326368134466065,1,0.9999871070077885
7798,7798,15.596,1,999,2.3263681344660654,1,0.9999873805460283
7799,7799,15.598,1,996,-0.6736318655339346,1,0.99998764828087
7800,7800,15.6,1,1010,13.326368134466065,1,0.9999879103354384
7801,7801,15.602,1,1025,28.326368134466065,1,0.9999881668302466
7802,7802,15.604,1,1012,15.326368134466065,1,0.9999884178832507
7803,7803,15.606,1,973,-23.673631865533935,1,0.9999886636099041
7804,7804,15.608,1,951,-45.673631865533935,1,0.9999889041232111
7805,7805,15.61,1,962,-34.673631865533935,1,0.999989139533778
7806,7806,15.612,1,983,-13.673631865533935,1,0.999989369949865
7807,7807,15.614,1,1004,7.326368134466065,1,0.9999895954774349
7808,7808,15.616,1,1022,25.326368134466065,1,0.999989816220203
7809,7809,15.618,1,1029,32.326368134466065,1,0.9999900322796836
7810,7810,15.62,1,1014,17.326368134466065,1,0.9999902437552376
7811,7811,15.622,1,994,-2.6736318655339346,1,0.9999904507441177
7812,7812,15.624,1,990,-6.673631865533935,1,0.9999906533415135
7813,7813,15.626,1,1003,6.326368134466065,1,0.9999908516405948
7814,7814,15.628,1,1007,10.326368134466065,1,0.9999910457325548
7815,7815,15.63,1,993,-3.6736318655339346,1,0.999991235706652
7816,7816,15.632,1,983,-13.673631865533935,1,0.9999914216502512
7817,7817,15.634,1,986,-10.673631865533935,1,0.9999916036488635
7818,7818,15.636,1,988,-8.673631865533935,1,0.999991781786186
7819,7819,15.638,1,980,-16.673631865533935,1,0.9999919561441398
7820,7820,15.64,1,972,-24.673631865533935,1,0.9999921268029084
7821,7821,15.642,1,983,-13.673631865533935,1,0.9999922938409737
7822,7822,15.644,1,1007,10.326368134466065,1,0.9999924573351526
7823,7823,15.646,1,1021,24.326368134466065,1,0.9999926173606325
7824,7824,15.648,1,1022,25.326368134466065,1,0.9999927739910054
7825,7825,15.65,1,1022,25.326368134466065,1,0.999992927298302
7826,7826,15.652,1,1020,23.326368134466065,1,0.9999930773530249
7827,7827,15.654,1,1007,10.326368134466065,1,0.9999932242241808
7828,7828,15.656,1,977,-19.673631865533935,1,0.9999933679793124
7829,7829,15.658,1,947,-49.673631865533935,1,0.9999935086845293
7830,7830,15.66,1,950,-46.673631865533935,1,0.9999936464045387
7831,7831,15.662,1,989,-7.673631865533935,1,0.9999937812026748
7832,7832,15.664,1,1028,31.326368134466065,1,0.9999939131409282
7833,7833,15.666,1,1036,39.326368134466065,1,0.9999940422799745
7834,7834,15.668,1,1011,14.326368134466065,1,0.9999941686792014
7835,7835,15.67,1,985,-11.673631865533935,1,0.9999942923967374
7836,7836,15.672,1,986,-10.673631865533935,1,0.9999944134894772
7837,7837,15.674,1,1002,5.326368134466065,1,0.9999945320131085
7838,7838,15.676,1,1006,9.326368134466065,1,0.9999946480221377
7839,7839,15.678,1,989,-7.673631865533935,1,0.9999947615699146
7840,7840,15.68,1,981,-15.673631865533935,1,0.9999948727086574
7841,7841,15.682,1,987,-9.673631865533935,1,0.9999949814894762
7842,7842,15.684,1,1000,3.3263681344660654,1,0.9999950879623968
7843,7843,15.686,1,1002,5.326368134466065,1,0.9999951921763836
7844,7844,15.688,1,986,-10.673631865533935,1,0.9999952941793622
7845,7845,15.69,1,971,-25.673631865533935,1,0.9999953940182416
7846,7846,15.692,1,986,-10.673631865533935,1,0.9999954917389353
7847,7847,15.694,1,1028,31.326368134466065,1,0.9999955873863828
7848,7848,15.696,1,1053,56.326368134466065,1,0.9999956810045703
7849,7849,15.698,1,1026,29.326368134466065,1,0.9999957726365505
7850,7850,15.7,1,972,-24.673631865533935,1,0.999995862324463
7851,7851,15.702,1,948,-48.673631865533935,1,0.9999959501095532
7852,7852,15.704,1,971,-25.673631865533935,1,0.9999960360321913
7853,7853,15.706,1,1008,11.326368134466065,1,0.9999961201318913
7854,7854,15.708,1,1017,20.326368134466065,1,0.9999962024473287
7855,7855,15.71,1,999,2.3263681344660654,1,0.9999962830163585
7856,7856,15.712,1,983,-13.673631865533935,1,0.9999963618760325
7857,7857,15.714,1,987,-9.673631865533935,1,0.9999964390626165
7858,7858,15.716,1,1000,3.3263681344660654,1,0.9999965146116069
7859,7859,15.718,1,998,1.3263681344660654,1,0.9999965885577469
7860,7860,15.72,1,989,-7.673631865533935,1,0.9999966609350426
7861,7861,15.722,1,996,-0.6736318655339346,1,0.9999967317767786
7862,7862,15.724,1,1017,20.326368134466065,1,0.9999968011155336
7863,7863,15.726,1,1022,25.326368134466065,1,0.9999968689831947
7864,7864,15.728,1,1005,8.326368134466065,1,0.9999969354109729
7865,7865,15.73,1,978,-18.673631865533935,1,0.9999970004294166
7866,7866,15.732,1,961,-35.673631865533935,1,0.9999970640684265
7867,7867,15.734,1,968,-28.673631865533935,1,0.9999971263572685
7868,7868,15.736,1,1000,3.3263681344660654,1,0.9999971873245879
7869,7869,15.738,1,1022,25.326368134466065,1,0.9999972469984222
7870,7870,15.74,1,1018,21.326368134466065,1,0.9999973054062141
7871,7871,15.742,1,993,-3.6736318655339346,1,0.999997362574824
7872,7872,15.744,1,983,-13.673631865533935,1,0.9999974185305422
7873,7873,15.746,1,998,1.3263681344660654,1,0.9999974732991018
7874,7874,15.748,1,1016,19.326368134466065,1,0.9999975269056894
7875,7875,15.75,1,1017,20.326368134466065,1,0.9999975793749575
7876,7876,15.752,1,1000,3.3263681344660654,1,0.9999976307310354
7877,7877,15.754,1,978,-18.673631865533935,1,0.9999976809975408
7878,7878,15.756,1,973,-23.673631865533935,1,0.99999773019759
7879,7879,15.758,1,988,-8.673631865533935,1,0.999997778353809
7880,7880,15.76,1,1008,11.326368134466065,1,0.9999978254883437
7881,7881,15.762,1,1006,9.326368134466065,1,0.9999978716228702
7882,7882,15.764,1,991,-5.673631865533935,1,0.9999979167786048
7883,7883,15.766,1,979,-17.673631865533935,1,0.9999979609763135
7884,7884,15.768,1,985,-11.673631865533935,1,0.9999980042363219
7885,7885,15.77,1,998,1.3263681344660654,1,0.9999980465785241
7886,7886,15.772,1,1007,10.326368134466065,1,0.9999980880223924
7887,7887,15.774,1,1002,5.326368134466065,1,0.999998128586986
7888,7888,15.776,1,998,1.3263681344660654,1,0.9999981682909596
7889,7889,15.778,1,1001,4.326368134466065,1,0.999998207152572
7890,7890,15.78,1,1006,9.326368134466065,1,0.9999982451896949
7891,7891,15.782,1,1006,9.326368134466065,1,0.9999982824198207
7892,7892,15.784,1,998,1.3263681344660654,1,0.9999983188600706
7893,7893,15.786,1,987,-9.673631865533935,1,0.9999983545272028
7894,7894,15.788,1,974,-22.673631865533935,1,0.9999983894376197
7895,7895,15.79,1,970,-26.673631865533935,1,0.9999984236073757
7896,7896,15.792,1,984,-12.673631865533935,1,0.9999984570521848
7897,7897,15.794,1,1014,17.326368134466065,1,0.9999984897874276
7898,7898,15.796,1,1036,39.326368134466065,1,0.9999985218281581
7899,7899,15.798,1,1024,27.326368134466065,1,0.9999985531891111
7900,7900,15.8,1,986,-10.673631865533935,1,0.999998583884709
7901,7901,15.802,1,965,-31.673631865533935,1,0.9999986139290677
7902,7902,15.804,1,979,-17.673631865533935,1,0.9999986433360042
7903,7903,15.806,1,1013,16.326368134466065,1,0.9999986721190419
7904,7904,15.808,1,1022,25.326368134466065,1,0.9999987002914176
7905,7905,15.81,1,994,-2.6736318655339346,1,0.999998727866087
7906,7906,15.812,1,967,-29.673631865533935,1,0.9999987548557311
7907,7907,15.814,1,964,-32.673631865533935,1,0.9999987812727619
7908,7908,15.816,1,977,-19.673631865533935,1,0.9999988071293279
7909,7909,15.818,1,1000,3.3263681344660654,1,0.9999988324373199
7910,7910,15.82,1,1022,25.326368134466065,1,0.9999988572083766
7911,7911,15.822,1,1033,36.326368134466065,1,0.9999988814538895
7912,7912,15.824,1,1023,26.326368134466065,1,0.9999989051850087
7913,7913,15.826,1,994,-2.6736318655339346,1,0.9999989284126475
7914,7914,15.828,1,975,-21.673631865533935,1,0.9999989511474877
7915,7915,15.83,1,980,-16.673631865533935,1,0.9999989733999847
7916,7916,15.832,1,994,-2.6736318655339346,1,0.9999989951803717
7917,7917,15.834,1,1005,8.326368134466065,1,0.9999990164986653
7918,7918,15.836,1,992,-4.673631865533935,1,0.9999990373646691
7919,7919,15.838,1,977,-19.673631865533935,1,0.9999990577879789
7920,7920,15.84,1,981,-15.673631865533935,1,0.9999990777779869
7921,7921,15.842,1,1001,4.326368134466065,1,0.9999990973438861
7922,7922,15.844,1,1010,13.326368134466065,1,0.9999991164946744
7923,7923,15.846,1,1002,5.326368134466065,1,0.9999991352391588
7924,7924,15.848,1,981,-15.673631865533935,1,0.9999991535859595
7925,7925,15.85,1,980,-16.673631865533935,1,0.9999991715435137
7926,7926,15.852,1,1003,6.326368134466065,1,0.9999991891200798
7927,7927,15.854,1,1032,35.326368134466065,1,0.9999992063237407
7928,7928,15.856,1,1039,42.326368134466065,1,0.9999992231624081
7929,7929,15.858,1,1018,21.326368134466065,1,0.9999992396438255
7930,7930,15.86,1,976,-20.673631865533935,1,0.9999992557755726
7931,7931,15.862,1,932,-64.67363186553393,1,0.9999992715650678
7932,7932,15.864,1,921,-75.67363186553393,1,0.9999992870195726
7933,7933,15.866,1,961,-35.673631865533935,1,0.9999993021461939
7934,7934,15.868,1,1031,34.326368134466065,1,0.9999993169518883
7935,7935,15.87,1,1065,68.32636813446607,1,0.9999993314434644
7936,7936,15.872,1,1041,44.326368134466065,1,0.9999993456275867
7937,7937,15.874,1,996,-0.6736318655339346,1,0.9999993595107781
7938,7938,15.876,1,974,-22.673631865533935,1,0.9999993730994231
7939,7939,15.878,1,987,-9.673631865533935,1,0.9999993863997709
7940,7940,15.88,1,1005,8.326368134466065,1,0.999999399417938
7941,7941,15.882,1,1010,13.326368134466065,1,0.9999994121599112
7942,7942,15.884,1,1000,3.3263681344660654,1,0.9999994246315501
7943,7943,15.886,1,986,-10.673631865533935,1,0.9999994368385903
7944,7944,15.888,1,983,-13.673631865533935,1,0.9999994487866454
7945,7945,15.89,1,985,-11.673631865533935,1,0.99999946048121
7946,7946,15.892,1,988,-8.673631865533935,1,0.9999994719276624
7947,7947,15.894,1,991,-5.673631865533935,1,0.9999994831312663
7948,7948,15.896,1,995,-1.6736318655339346,1,0.999999494097174
7949,7949,15.898,1,997,0.3263681344660654,1,0.9999995048304287
7950,7950,15.9,1,992,-4.673631865533935,1,0.9999995153359661
7951,7951,15.902,1,996,-0.6736318655339346,1,0.9999995256186177
7952,7952,15.904,1,1005,8.326368134466065,1,0.9999995356831122
7953,7953,15.906,1,1010,13.326368134466065,1,0.9999995455340779
7954,7954,15.908,1,1001,4.326368134466065,1,0.9999995551760451
7955,7955,15.91,1,990,-6.673631865533935,1,0.999999564613448
7956,7956,15.912,1,995,-1.6736318655339346,1,0.9999995738506265
7957,7957,15.914,1,1007,10.326368134466065,1,0.9999995828918288
7958,7958,15.916,1,1013,16.326368134466065,1,0.9999995917412124
7959,7959,15.918,1,1008,11.326368134466065,1,0.9999996004028473
7960,7960,15.92,1,1001,4.326368134466065,1,0.9999996088807165
7961,7961,15.922,1,997,0.3263681344660654,1,0.9999996171787189
7962,7962,15.924,1,990,-6.673631865533935,1,0.9999996253006705
7963,7963,15.926,1,972,-24.673631865533935,1,0.9999996332503065
7964,7964,15.928,1,952,-44.673631865533935,1,0.9999996410312827
7965,7965,15.93,1,953,-43.673631865533935,1,0.9999996486471774
7966,7966,15.932,1,983,-13.673631865533935,1,0.999999656101493
7967,7967,15.934,1,1025,28.326368134466065,1,0.9999996633976576
7968,7968,15.936,1,1042,45.326368134466065,1,0.9999996705390264
7969,7969,15.938,1,1023,26.326368134466065,1,0.9999996775288836
7970,7970,15.94,1,994,-2.6736318655339346,1,0.9999996843704437
7971,7971,15.942,1,985,-11.673631865533935,1,0.999999691066853
7972,7972,15.944,1,997,0.3263681344660654,1,0.9999996976211911
7973,7973,15.946,1,1009,12.326368134466065,1,0.9999997040364721
7974,7974,15.948,1,1009,12.326368134466065,1,0.9999997103156462
7975,7975,15.95,1,999,2.3263681344660654,1,0.999999716461601
7976,7976,15.952,1,990,-6.673631865533935,1,0.9999997224771631
7977,7977,15.954,1,995,-1.6736318655339346,1,0.9999997283650987
7978,7978,15.956,1,1003,6.326368134466065,1,0.9999997341281156
7979,7979,15.958,1,998,1.3263681344660654,1,0.9999997397688641
7980,7980,15.96,1,978,-18.673631865533935,1,0.9999997452899384
7981,7981,15.962,1,965,-31.673631865533935,1,0.9999997506938773
7982,7982,15.964,1,979,-17.673631865533935,1,0.9999997559831659
7983,7983,15.966,1,998,1.3263681344660654,1,0.9999997611602368
7984,7984,15.968,1,1009,12.326368134466065,1,0.9999997662274708
7985,7985,15.97,1,1008,11.326368134466065,1,0.9999997711871982
7986,7986,15.972,1,1005,8.326368134466065,1,0.9999997760416998
7987,7987,15.974,1,990,-6.673631865533935,1,0.9999997807932081
7988,7988,15.976,1,974,-22.673631865533935,1,0.9999997854439081
7989,7989,15.978,1,976,-20.673631865533935,1,0.9999997899959387
7990,7990,15.98,1,1009,12.326368134466065,1,0.9999997944513933
7991,7991,15.982,1,1038,41.326368134466065,1,0.9999997988123208
7992,7992,15.984,1,1031,34.326368134466065,1,0.9999998030807267
7993,7993,15.986,1,1000,3.3263681344660654,1,0.9999998072585738
7994,7994,15.988,1,972,-24.673631865533935,1,0.9999998113477837
7995,7995,15.99,1,971,-25.673631865533935,1,0.9999998153502367
7996,7996,15.992,1,981,-15.673631865533935,1,0.9999998192677735
7997,7997,15.994,1,988,-8.673631865533935,1,0.9999998231021956
7998,7998,15.996,1,990,-6.673631865533935,1,0.9999998268552666
7999,7999,15.998,1,1002,5.326368134466065,1,0.9999998305287122
8000,8000,16.0,1,1019,22.326368134466065,1,0.9999998341242219
8001,8001,16.002,1,1021,24.326368134466065,1,0.999999837643449
8002,8002,16.004,1,999,2.3263681344660654,1,0.9999998410880121
8003,8003,16.006,1,971,-25.673631865533935,1,0.9999998444594952
8004,8004,16.008,1,969,-27.673631865533935,1,0.9999998477594488
8005,8005,16.01,1,991,-5.673631865533935,1,0.9999998509893905
8006,8006,16.012,1,1010,13.326368134466065,1,0.9999998541508055
8007,8007,16.014,1,1013,16.326368134466065,1,0.9999998572451478
8008,8008,16.016,1,1005,8.326368134466065,1,0.9999998602738405
8009,8009,16.018,1,994,-2.6736318655339346,1,0.9999998632382763
8010,8010,16.02,1,990,-6.673631865533935,1,0.9999998661398185
8011,8011,16.022,1,995,-1.6736318655339346,1,0.9999998689798015
8012,8012,16.024,1,995,-1.6736318655339346,1,0.9999998717595313
8013,8013,16.026,1,980,-16.673631865533935,1,0.9999998744802863
8014,8014,16.028,1,972,-24.673631865533935,1,0.9999998771433175
8015,8015,16.03,1,988,-8.673631865533935,1,0.9999998797498498
8016,8016,16.032,1,1014,17.326368134466065,1,0.9999998823010818
8017,8017,16.034,1,1022,25.326368134466065,1,0.9999998847981868
8018,8018,16.036,1,1001,4.326368134466065,1,0.999999887242313
8019,8019,16.038,1,983,-13.673631865533935,1,0.9999998896345846
8020,8020,16.04,1,987,-9.673631865533935,1,0.9999998919761017
8021,8021,16.042,1,1007,10.326368134466065,1,0.9999998942679411
8022,8022,16.044,1,1017,20.326368134466065,1,0.9999998965111567
8023,8023,16.046,1,1011,14.326368134466065,1,0.9999998987067802
8024,8024,16.048,1,997,0.3263681344660654,1,0.9999999008558212
8025,8025,16.05,1,979,-17.673631865533935,1,0.9999999029592681
8026,8026,16.052,1,960,-36.673631865533935,1,0.9999999050180882
8027,8027,16.054,1,954,-42.673631865533935,1,0.9999999070332283
8028,8028,16.056,1,981,-15.673631865533935,1,0.9999999090056151
8029,8029,16.058,1,1020,23.326368134466065,1,0.9999999109361556
8030,8030,16.06,1,1035,38.326368134466065,1,0.9999999128257376
8031,8031,16.062,1,1016,19.326368134466065,1,0.9999999146752303
8032,8032,16.064,1,983,-13.673631865533935,1,0.999999916485484
8033,8033,16.066,1,977,-19.673631865533935,1,0.9999999182573314
8034,8034,16.068,1,999,2.3263681344660654,1,0.9999999199915871
8035,8035,16.07,1,1021,24.326368134466065,1,0.9999999216890488
8036,8036,16.072,1,1019,22.326368134466065,1,0.9999999233504971
8037,8037,16.074,1,997,0.3263681344660654,1,0.9999999249766961
8038,8038,16.076,1,980,-16.673631865533935,1,0.9999999265683935
8039,8039,16.078,1,983,-13.673631865533935,1,0.9999999281263214
8040,8040,16.08,1,984,-12.673631865533935,1,0.9999999296511963
8041,8041,16.082,1,967,-29.673631865533935,1,0.9999999311437193
8042,8042,16.084,1,960,-36.673631865533935,1,0.999999932604577
8043,8043,16.086,1,995,-1.6736318655339346,1,0.999999934034441
8044,8044,16.088,1,1046,49.326368134466065,1,0.9999999354339689
8045,8045,16.09,1,1059,62.326368134466065,1,0.9999999368038044
8046,8046,16.092,1,1018,21.326368134466065,1,0.9999999381445774
8047,8047,16.094,1,965,-31.673631865533935,1,0.9999999394569046
8048,8048,16.096,1,951,-45.673631865533935,1,0.9999999407413893
8049,8049,16.098,1,970,-26.673631865533935,1,0.9999999419986224
8050,8050,16.1,1,998,1.3263681344660654,1,0.999999943229182
8051,8051,16.102,1,1010,13.326368134466065,1,0.9999999444336339
8052,8052,16.104,1,1009,12.326368134466065,1,0.9999999456125321
8053,8053,16.106,1,1008,11.326368134466065,1,0.9999999467664188
8054,8054,16.108,1,1003,6.326368134466065,1,0.9999999478958246
8055,8055,16.11,1,995,-1.6736318655339346,1,0.9999999490012689
8056,8056,16.112,1,982,-14.673631865533935,1,0.99999995008326
8057,8057,16.114,1,975,-21.673631865533935,1,0.9999999511422956
8058,8058,16.116,1,982,-14.673631865533935,1,0.9999999521788626
8059,8059,16.118,1,1001,4.326368134466065,1,0.9999999531934378
8060,8060,16.12,1,1013,16.326368134466065,1,0.9999999541864877
8061,8061,16.122,1,1007,10.326368134466065,1,0.999999955158469
8062,8062,16.124,1,1001,4.326368134466065,1,0.9999999561098287
8063,8063,16.126,1,1008,11.326368134466065,1,0.9999999570410043
8064,8064,16.128,1,1015,18.326368134466065,1,0.9999999579524241
8065,8065,16.13,1,998,1.3263681344660654,1,0.9999999588445072
8066,8066,16.132,1,966,-30.673631865533935,1,0.9999999597176638
8067,8067,16.134,1,951,-45.673631865533935,1,0.9999999605722955
8068,8068,16.136,1,965,-31.673631865533935,1,0.9999999614087952
8069,8069,16.138,1,997,0.3263681344660654,1,0.9999999622275477
8070,8070,16.14,1,1018,21.326368134466065,1,0.9999999630289296
8071,8071,16.142,1,1012,15.326368134466065,1,0.9999999638133092
8072,8072,16.144,1,996,-0.6736318655339346,1,0.9999999645810476
8073,8073,16.146,1,990,-6.673631865533935,1,0.9999999653324975
8074,8074,16.148,1,1008,11.326368134466065,1,0.9999999660680046
8075,8075,16.15,1,1031,34.326368134466065,1,0.9999999667879071
8076,8076,16.152,1,1026,29.326368134466065,1,0.9999999674925363
8077,8077,16.154,1,995,-1.6736318655339346,1,0.9999999681822159
8078,8078,16.156,1,973,-23.673631865533935,1,0.9999999688572633
8079,8079,16.158,1,980,-16.673631865533935,1,0.9999999695179889
8080,8080,16.16,1,988,-8.673631865533935,1,0.9999999701646964
8081,8081,16.162,1,974,-22.673631865533935,1,0.9999999707976834
8082,8082,16.164,1,963,-33.673631865533935,1,0.999999971417241
8083,8083,16.166,1,982,-14.673631865533935,1,0.9999999720236539
8084,8084,16.168,1,1018,21.326368134466065,1,0.9999999726172012
8085,8085,16.17,1,1026,29.326368134466065,1,0.9999999731981557
8086,8086,16.172,1,1007,10.326368134466065,1,0.9999999737667847
8087,8087,16.174,1,983,-13.673631865533935,1,0.9999999743233496
8088,8088,16.176,1,979,-17.673631865533935,1,0.9999999748681064
8089,8089,16.178,1,998,1.3263681344660654,1,0.9999999754013057
8090,8090,16.18,1,1018,21.326368134466065,1,0.9999999759231926
8091,8091,16.182,1,1024,27.326368134466065,1,0.9999999764340071
8092,8092,16.184,1,1008,11.326368134466065,1,0.9999999769339841
8093,8093,16.186,1,982,-14.673631865533935,1,0.9999999774233537
8094,8094,16.188,1,969,-27.673631865533935,1,0.9999999779023407
8095,8095,16.19,1,976,-20.673631865533935,1,0.9999999783711656
8096,8096,16.192,1,991,-5.673631865533935,1,0.9999999788300439
8097,8097,16.194,1,990,-6.673631865533935,1,0.9999999792791865
8098,8098,16.196,1,987,-9.673631865533935,1,0.9999999797188001
8099,8099,16.198,1,996,-0.6736318655339346,1,0.9999999801490869
8100,8100,16.2,1,1017,20.326368134466065,1,0.9999999805702446
8101,8101,16.202,1,1025,28.326368134466065,1,0.9999999809824671
8102,8102,16.204,1,1011,14.326368134466065,1,0.9999999813859438
8103,8103,16.206,1,986,-10.673631865533935,1,0.9999999817808604
8104,8104,16.208,1,971,-25.673631865533935,1,0.9999999821673984
8105,8105,16.21,1,978,-18.673631865533935,1,0.9999999825457355
8106,8106,16.212,1,998,1.3263681344660654,1,0.9999999829160459
8107,8107,16.214,1,1008,11.326368134466065,1,0.9999999832784997
8108,8108,16.216,1,1007,10.326368134466065,1,0.9999999836332637
8109,8109,16.218,1,1001,4.326368134466065,1,0.999999983980501
8110,8110,16.22,1,992,-4.673631865533935,1,0.9999999843203714
8111,8111,16.222,1,979,-17.673631865533935,1,0.9999999846530311
8112,8112,16.224,1,973,-23.673631865533935,1,0.999999984978633
8113,8113,16.226,1,980,-16.673631865533935,1,0.9999999852973269
8114,8114,16.228,1,999,2.3263681344660654,1,0.9999999856092594
8115,8115,16.23,1,1017,20.326368134466065,1,0.999999985914574
8116,8116,16.232,1,1021,24.326368134466065,1,0.9999999862134109
8117,8117,16.234,1,1006,9.326368134466065,1,0.9999999865059077
8118,8118,16.236,1,986,-10.673631865533935,1,0.9999999867921989
8119,8119,16.238,1,986,-10.673631865533935,1,0.9999999870724161
8120,8120,16.24,1,998,1.3263681344660654,1,0.9999999873466883
8121,8121,16.242,1,1004,7.326368134466065,1,0.9999999876151414
8122,8122,16.244,1,1005,8.326368134466065,1,0.9999999878778991
8123,8123,16.246,1,1005,8.326368134466065,1,0.9999999881350821
8124,8124,16.248,1,999,2.3263681344660654,1,0.9999999883868086
8125,8125,16.25,1,979,-17.673631865533935,1,0.9999999886331945
8126,8126,16.252,1,973,-23.673631865533935,1,0.9999999888743532
8127,8127,16.254,1,987,-9.673631865533935,1,0.9999999891103953
8128,8128,16.256,1,1007,10.326368134466065,1,0.9999999893414296
8129,8129,16.258,1,1009,12.326368134466065,1,0.9999999895675623
8130,8130,16.26,1,991,-5.673631865533935,1,0.9999999897888974
8131,8131,16.262,1,980,-16.673631865533935,1,0.9999999900055365
8132,8132,16.264,1,986,-10.673631865533935,1,0.9999999902175795
8133,8133,16.266,1,1001,4.326368134466065,1,0.9999999904251237
8134,8134,16.268,1,999,2.3263681344660654,1,0.9999999906282646
8135,8135,16.27,1,989,-7.673631865533935,1,0.9999999908270957
8136,8136,16.272,1,992,-4.673631865533935,1,0.9999999910217083
8137,8137,16.274,1,1013,16.326368134466065,1,0.9999999912121922
8138,8138,16.276,1,1030,33.326368134466065,1,0.9999999913986347
8139,8139,16.278,1,1022,25.326368134466065,1,0.9999999915811216
8140,8140,16.28,1,996,-0.6736318655339346,1,0.9999999917597369
8141,8141,16.282,1,974,-22.673631865533935,1,0.9999999919345626
8142,8142,16.284,1,975,-21.673631865533935,1,0.9999999921056792
8143,8143,16.286,1,992,-4.673631865533935,1,0.9999999922731655
8144,8144,16.288,1,1003,6.326368134466065,1,0.9999999924370984
8145,8145,16.29,1,992,-4.673631865533935,1,0.9999999925975532
8146,8146,16.292,1,964,-32.673631865533935,1,0.9999999927546038
8147,8147,16.294,1,947,-49.673631865533935,1,0.9999999929083224
8148,8148,16.296,1,964,-32.673631865533935,1,0.9999999930587797
8149,8149,16.298,1,1013,16.326368134466065,1,0.9999999932060449
8150,8150,16.3,1,1060,63.326368134466065,1,0.9999999933501857
8151,8151,16.302,1,1068,71.32636813446607,1,0.9999999934912684
8152,8152,16.304,1,1030,33.326368134466065,1,0.999999993629358
8153,8153,16.306,1,975,-21.673631865533935,1,0.9999999937645178
8154,8154,16.308,1,951,-45.673631865533935,1,0.99999999389681
8155,8155,16.31,1,961,-35.673631865533935,1,0.9999999940262956
8156,8156,16.312,1,985,-11.673631865533935,1,0.999999994153034
8157,8157,16.314,1,995,-1.6736318655339346,1,0.9999999942770834
8158,8158,16.316,1,996,-0.6736318655339346,1,0.9999999943985011
8159,8159,16.318,1,1001,4.326368134466065,1,0.9999999945173427
8160,8160,16.32,1,1009,12.326368134466065,1,0.999999994633663
8161,8161,16.322,1,1008,11.326368134466065,1,0.9999999947475153
8162,8162,16.324,1,997,0.3263681344660654,1,0.9999999948589523
8163,8163,16.326,1,985,-11.673631865533935,1,0.9999999949680249
8164,8164,16.328,1,989,-7.673631865533935,1,0.9999999950747835
8165,8165,16.33,1,994,-2.6736318655339346,1,0.9999999951792772
8166,8166,16.332,1,996,-0.6736318655339346,1,0.9999999952815538
8167,8167,16.334,1,995,-1.6736318655339346,1,0.9999999953816605
8168,8168,16.336,1,993,-3.6736318655339346,1,0.9999999954796434
8169,8169,16.338,1,995,-1.6736318655339346,1,0.9999999955755474
8170,8170,16.34,1,999,2.3263681344660654,1,0.9999999956694168
8171,8171,16.342,1,1005,8.326368134466065,1,0.9999999957612946
8172,8172,16.344,1,998,1.3263681344660654,1,0.9999999958512231
8173,8173,16.346,1,984,-12.673631865533935,1,0.9999999959392437
8174,8174,16.348,1,988,-8.673631865533935,1,0.9999999960253969
8175,8175,16.35,1,1009,12.326368134466065,1,0.9999999961097222
8176,8176,16.352,1,1022,25.326368134466065,1,0.9999999961922585
8177,8177,16.354,1,1002,5.326368134466065,1,0.9999999962730437
8178,8178,16.356,1,972,-24.673631865533935,1,0.999999996352115
8179,8179,16.358,1,972,-24.673631865533935,1,0.9999999964295087
8180,8180,16.36,1,1001,4.326368134466065,1,0.9999999965052604
8181,8181,16.362,1,1020,23.326368134466065,1,0.999999996579405
8182,8182,16.364,1,1007,10.326368134466065,1,0.9999999966519765
8183,8183,16.366,1,980,-16.673631865533935,1,0.9999999967230083
8184,8184,16.368,1,965,-31.673631865533935,1,0.9999999967925332
8185,8185,16.37,1,977,-19.673631865533935,1,0.9999999968605829
8186,8186,16.372,1,996,-0.6736318655339346,1,0.9999999969271889
8187,8187,16.374,1,1006,9.326368134466065,1,0.9999999969923817
8188,8188,16.376,1,1004,7.326368134466065,1,0.9999999970561915
8189,8189,16.378,1,1010,13.326368134466065,1,0.9999999971186474
8190,8190,16.38,1,1018,21.326368134466065,1,0.9999999971797783
8191,8191,16.382,1,1010,13.326368134466065,1,0.9999999972396122
8192,8192,16.384,1,983,-13.673631865533935,1,0.9999999972981767
8193,8193,16.386,1,963,-33.673631865533935,1,0.9999999973554987
8194,8194,16.388,1,973,-23.673631865533935,1,0.9999999974116046
8195,8195,16.39,1,1002,5.326368134466065,1,0.9999999974665201
8196,8196,16.392,1,1021,24.326368134466065,1,0.9999999975202706
8197,8197,16.394,1,1020,23.326368134466065,1,0.9999999975728806
8198,8198,16.396,1,1013,16.326368134466065,1,0.9999999976243744
8199,8199,16.398,1,1000,3.3263681344660654,1,0.9999999976747758
8200,8200,16.4,1,979,-17.673631865533935,1,0.9999999977241079
8201,8201,16.402,1,963,-33.673631865533935,1,0.9999999977723932
8202,8202,16.404,1,972,-24.673631865533935,1,0.9999999978196542
8203,8203,16.406,1,998,1.3263681344660654,1,0.9999999978659125
8204,8204,16.408,1,1013,16.326368134466065,1,0.9999999979111894
8205,8205,16.41,1,1008,11.326368134466065,1,0.9999999979555058
8206,8206,16.412,1,992,-4.673631865533935,1,0.9999999979988818
8207,8207,16.414,1,983,-13.673631865533935,1,0.9999999980413377
8208,8208,16.416,1,985,-11.673631865533935,1,0.9999999980828927
8209,8209,16.418,1,992,-4.673631865533935,1,0.9999999981235662
8210,8210,16.42,1,1003,6.326368134466065,1,0.9999999981633767
8211,8211,16.422,1,1020,23.326368134466065,1,0.9999999982023425
8212,8212,16.424,1,1027,30.326368134466065,1,0.9999999982404817
8213,8213,16.426,1,1013,16.326368134466065,1,0.9999999982778117
8214,8214,16.428,1,985,-11.673631865533935,1,0.9999999983143497
8215,8215,16.43,1,972,-24.673631865533935,1,0.9999999983501126
8216,8216,16.432,1,982,-14.673631865533935,1,0.9999999983851167
8217,8217,16.434,1,996,-0.6736318655339346,1,0.9999999984193781
8218,8218,16.436,1,999,2.3263681344660654,1,0.9999999984529127
8219,8219,16.438,1,988,-8.673631865533935,1,0.9999999984857357
8220,8220,16.44,1,978,-18.673631865533935,1,0.9999999985178625
8221,8221,16.442,1,978,-18.673631865533935,1,0.9999999985493075
8222,8222,16.444,1,996,-0.6736318655339346,1,0.9999999985800855
8223,8223,16.446,1,1014,17.326368134466065,1,0.9999999986102105
8224,8224,16.448,1,1017,20.326368134466065,1,0.9999999986396964
8225,8225,16.45,1,1003,6.326368134466065,1,0.9999999986685566
8226,8226,16.452,1,983,-13.673631865533935,1,0.9999999986968046
8227,8227,16.454,1,977,-19.673631865533935,1,0.9999999987244532
8228,8228,16.456,1,991,-5.673631865533935,1,0.9999999987515152
8229,8229,16.458,1,1010,13.326368134466065,1,0.9999999987780032
8230,8230,16.46,1,1023,26.326368134466065,1,0.9999999988039291
8231,8231,16.462,1,1025,28.326368134466065,1,0.999999998829305
8232,8232,16.464,1,1016,19.326368134466065,1,0.9999999988541425
8233,8233,16.466,1,993,-3.6736318655339346,1,0.999999998878453
8234,8234,16.468,1,970,-26.673631865533935,1,0.9999999989022478
8235,8235,16.47,1,961,-35.673631865533935,1,0.9999999989255377
8236,8236,16.472,1,966,-30.673631865533935,1,0.9999999989483336
8237,8237,16.474,1,980,-16.673631865533935,1,0.9999999989706457
8238,8238,16.476,1,994,-2.6736318655339346,1,0.9999999989924846
8239,8239,16.478,1,1002,5.326368134466065,1,0.99999999901386
8240,8240,16.48,1,1001,4.326368134466065,1,0.999999999034782
8241,8241,16.482,1,991,-5.673631865533935,1,0.99999999905526
8242,8242,16.484,1,988,-8.673631865533935,1,0.9999999990753037
8243,8243,16.486,1,1014,17.326368134466065,1,0.9999999990949221
8244,8244,16.488,1,1050,53.326368134466065,1,0.9999999991141243
8245,8245,16.49,1,1056,59.326368134466065,1,0.999999999132919
8246,8246,16.492,1,1011,14.326368134466065,1,0.9999999991513151
8247,8247,16.494,1,955,-41.673631865533935,1,0.9999999991693208
8248,8248,16.496,1,933,-63.673631865533935,1,0.9999999991869445
8249,8249,16.498,1,947,-49.673631865533935,1,0.9999999992041944
8250,8250,16.5,1,971,-25.673631865533935,1,0.9999999992210782
8251,8251,16.502,1,998,1.3263681344660654,1,0.9999999992376039
8252,8252,16.504,1,1029,32.326368134466065,1,0.9999999992537789
8253,8253,16.506,1,1044,47.326368134466065,1,0.9999999992696108
8254,8254,16.508,1,1024,27.326368134466065,1,0.9999999992851067
8255,8255,16.51,1,985,-11.673631865533935,1,0.999999999300274
8256,8256,16.512,1,967,-29.673631865533935,1,0.9999999993151194
8257,8257,16.514,1,983,-13.673631865533935,1,0.9999999993296499
8258,8258,16.516,1,1007,10.326368134466065,1,0.9999999993438721
8259,8259,16.518,1,1014,17.326368134466065,1,0.9999999993577925
8260,8260,16.52,1,997,0.3263681344660654,1,0.9999999993714176
8261,8261,16.522,1,982,-14.673631865533935,1,0.9999999993847536
8262,8262,16.524,1,984,-12.673631865533935,1,0.9999999993978067
8263,8263,16.526,1,989,-7.673631865533935,1,0.9999999994105828
8264,8264,16.528,1,985,-11.673631865533935,1,0.9999999994230879
8265,8265,16.53,1,987,-9.673631865533935,1,0.9999999994353277
8266,8266,16.532,1,1004,7.326368134466065,1,0.9999999994473078
8267,8267,16.534,1,1021,24.326368134466065,1,0.9999999994590337
8268,8268,16.536,1,1020,23.326368134466065,1,0.9999999994705109
8269,8269,16.538,1,997,0.3263681344660654,1,0.9999999994817446
8270,8270,16.54,1,977,-19.673631865533935,1,0.9999999994927399
8271,8271,16.542,1,976,-20.673631865533935,1,0.9999999995035019
8272,8272,16.544,1,980,-16.673631865533935,1,0.9999999995140356
8273,8273,16.546,1,989,-7.673631865533935,0,0.9798262351341237
8274,8274,16.548,1,1001,4.326368134466065,0,0.9600594515236658
8275,8275,16.55,1,1014,17.326368134466065,0,0.9406914383485078
8276,8276,16.552,0,1017,20.326368134466065,0,0.9217141509078423
8277,8277,16.554,0,1004,7.326368134466065,0,0.9031197067927607
8278,8278,16.556,0,986,-10.673631865533935,0,0.8849003826122145
8279,8279,16.558,0,979,-17.673631865533935,0,0.8670486107850265
8280,8280,16.56,0,985,-11.673631865533935,0,0.8495569763966191
8281,8281,16.562,0,989,-7.673631865533935,0,0.8324182141191545
8282,8282,16.564,0,988,-8.673631865533935,0,0.8156252051938069
8283,8283,16.566,0,988,-8.673631865533935,0,0.7991709744739135
8284,8284,16.568,0,996,-0.6736318655339346,0,0.7830486875277773
8285,8285,16.57,0,997,0.3263681344660654,0,0.767251647799916
8286,8286,16.572,0,990,-6.673631865533935,0,0.7517732938295794
8287,8287,16.574,0,984,-12.673631865533935,0,0.736607196525381
8288,8288,16.576,0,992,-4.673631865533935,0,0.721747056494909
8289,8289,16.578,0,1000,3.3263681344660654,0,0.7071867014282099
8290,8290,16.58,0,1003,6.326368134466065,0,0.6929200835340571
8291,8291,16.582,0,993,-3.6736318655339346,0,0.6789412770279389
8292,8292,16.584,0,982,-14.673631865533935,0,0.6652444756707246
8293,8293,16.586,0,981,-15.673631865533935,0,0.6518239903569836
8294,8294,16.588,0,990,-6.673631865533935,0,0.6386742467519575
8295,8295,16.59,0,999,2.3263681344660654,0,0.6257897829762044
8296,8296,16.592,0,1006,9.326368134466065,0,0.6131652473369511
8297,8297,16.594,0,1002,5.326368134466065,0,0.6007953961052137
8298,8298,16.596,0,990,-6.673631865533935,0,0.5886750913377613
8299,8299,16.598,0,981,-15.673631865533935,0,0.5767992987430189
8300,8300,16.6,0,982,-14.673631865533935,0,0.565163085590024
8301,8301,16.602,0,991,-5.673631865533935,0,0.5537616186595662
8302,8302,16.604,0,1000,3.3263681344660654,0,0.5425901622366606
8303,8303,16.606,0,1005,8.326368134466065,0,0.5316440761435206
8304,8304,16.608,0,1000,3.3263681344660654,0,0.5209188138122132
8305,8305,16.61,0,991,-5.673631865533935,0,0.5104099203961955
8306,8306,16.612,0,987,-9.673631865533935,0,0.5001130309199491
8307,8307,16.614,0,990,-6.673631865533935,0,0.4900238684659435
8308,8308,16.616,0,995,-1.6736318655339346,0,0.48013824239817454
8309,8309,16.618,0,1001,4.326368134466065,0,0.4704520466215416
8310,8310,16.62,0,1003,6.326368134466065,0,0.4609612578763391
8311,8311,16.622,0,1003,6.326368134466065,0,0.45166193406715494
8312,8312,16.624,0,1002,5.326368134466065,0,0.4425502126254809
8313,8313,16.626,0,1000,3.3263681344660654,0,0.43362230890535586
8314,8314,16.628,0,994,-2.6736318655339346,0,0.4248745146113747
8315,8315,16.63,0,990,-6.673631865533935,0,0.41630319625841006
8316,8316,16.632,0,984,-12.673631865533935,0,0.40790479366240734
8317,8317,16.634,0,987,-9.673631865533935,0,0.39967581846162636
8318,8318,16.636,0,996,-0.6736318655339346,0,0.3916128526677148
8319,8319,16.638,0,1002,5.326368134466065,0,0.3837125472460119
8320,8320,16.64,0,1003,6.326368134466065,0,0.3759716207244932
8321,8321,16.642,0,997,0.3263681344660654,0,0.36838685783077774
8322,8322,16.644,0,994,-2.6736318655339346,0,0.36095510815663195
8323,8323,16.646,0,999,2.3263681344660654,0,0.35367328484941574
8324,8324,16.648,0,1006,9.326368134466065,0,0.3465383633299268
8325,8325,16.65,0,1007,10.326368134466065,0,0.33954738003611123
8326,8326,16.652,0,1004,7.326368134466065,0,0.3326974311921175
8327,8327,16.654,0,995,-1.6736318655339346,0,0.32598567160218406
8328,8328,16.656,0,991,-5.673631865533935,0,0.31940931346885837
8329,8329,16.658,0,991,-5.673631865533935,0,0.3129656252350568
8330,8330,16.66,0,1001,4.326368134466065,0,0.3066519304494847
8331,8331,16.662,0,1003,6.326368134466065,0,0.3004656066549453
8332,8332,16.664,0,998,1.3263681344660654,0,0.2944040842990755
8333,8333,16.666,0,994,-2.6736318655339346,0,0.288464845667056
8334,8334,16.668,0,994,-2.6736318655339346,0,0.2826454238358531
8335,8335,16.67,0,996,-0.6736318655339346,0,0.2769434016495573
8336,8336,16.672,0,992,-4.673631865533935,0,0.27135641071539274
8337,8337,16.674,0,991,-5.673631865533935,0,0.2658821304199815
8338,8338,16.676,0,992,-4.673631865533935,0,0.26051828696545315
8339,8339,16.678,0,995,-1.6736318655339346,0,0.2552626524249998
8340,8340,16.68,0,995,-1.6736318655339346,0,0.25011304381748395
8341,8341,16.682,0,994,-2.6736318655339346,0,0.2450673222007154
8342,8342,16.684,0,996,-0.6736318655339346,0,0.24012339178301964
8343,8343,16.686,0,997,0.3263681344660654,0,0.23527919905272962
8344,8344,16.688,0,1001,4.326368134466065,0,0.23053273192523885
8345,8345,16.69,0,1003,6.326368134466065,0,0.22588201890726162
8346,8346,16.692,0,1004,7.326368134466065,0,0.22132512827795323
8347,8347,16.694,0,1004,7.326368134466065,0,0.21686016728655022
8348,8348,16.696,0,1001,4.326368134466065,0,0.21248528136619704
8349,8349,16.698,0,996,-0.6736318655339346,0,0.20819865336363294
8350,8350,16.7,0,993,-3.6736318655339346,0,0.20399850278441894
8351,8351,16.702,0,992,-4.673631865533935,0,0.19988308505339134
8352,8352,16.704,0,994,-2.6736318655339346,0,0.19585069079003473
8353,8353,16.706,0,992,-4.673631865533935,0,0.19189964509847351
8354,8354,16.708,0,990,-6.673631865533935,0,0.18802830687178687
8355,8355,16.71,0,986,-10.673631865533935,0,0.1842350681103583
8356,8356,16.712,0,987,-9.673631865533935,0,0.18051835325397672
8357,8357,16.714,0,990,-6.673631865533935,0,0.17687661852741154
8358,8358,16.716,0,997,0.3263681344660654,0,0.17330835129918992
8359,8359,16.718,0,997,0.3263681344660654,0,0.16981206945331
8360,8360,16.72,0,995,-1.6736318655339346,0,0.16638632077362892
8361,8361,16.722,0,995,-1.6736318655339346,0,0.16302968234067008
8362,8362,16.724,0,995,-1.6736318655339346,0,0.15974075994059922
8363,8363,16.726,0,1000,3.3263681344660654,0,0.15651818748612345
8364,8364,16.728,0,1003,6.326368134466065,0,0.15336062644907306
8365,8365,16.73,0,1001,4.326368134466065,0,0.15026676530443026
8366,8366,16.732,0,998,1.3263681344660654,0,0.147235318985574
8367,8367,16.734,0,993,-3.6736318655339346,0,0.14426502835051438
8368,8368,16.736,0,994,-2.6736318655339346,0,0.14135465965889546
8369,8369,16.738,0,997,0.3263681344660654,0,0.13850300405954846
8370,8370,16.74,0,997,0.3263681344660654,0,0.1357088770883833
8371,8371,16.742,0,995,-1.6736318655339346,0,0.1329711181764094
8372,8372,16.744,0,993,-3.6736318655339346,0,0.13028859016768146
8373,8373,16.746,0,992,-4.673631865533935,0,0.12766017884697042
8374,8374,16.748,0,992,-4.673631865533935,0,0.1250847924769627
8375,8375,16.75,0,998,1.3263681344660654,0,0.12256136134479598
8376,8376,16.752,0,998,1.3263681344660654,0,0.12008883731774327
8377,8377,16.754,0,997,0.3263681344660654,0,0.11766619340786022
8378,8378,16.756,0,992,-4.673631865533935,0,0.11529242334541534
8379,8379,16.758,0,991,-5.673631865533935,0,0.11296654116092558
8380,8380,16.76,0,994,-2.6736318655339346,0,0.11068758077562396
8381,8381,16.762,0,996,-0.6736318655339346,0,0.10845459560018891
8382,8382,16.764,0,999,2.3263681344660654,0,0.10626665814156881
8383,8383,16.766,0,1000,3.3263681344660654,0,0.10412285961773834
8384,8384,16.768,0,1002,5.326368134466065,0,0.10202230958022665
8385,8385,16.77,0,1001,4.326368134466065,0,0.09996413554426054
8386,8386,16.772,0,1002,5.326368134466065,0,0.09794748262636903
8387,8387,16.774,0,1003,6.326368134466065,0,0.09597151318929889
8388,8388,16.776,0,1000,3.3263681344660654,0,0.09403540649409349
8389,8389,16.778,0,995,-1.6736318655339346,0,0.09213835835919051
8390,8390,16.78,0,987,-9.673631865533935,0,0.09027958082639702
8391,8391,16.782,0,985,-11.673631865533935,0,0.088458301833603
8392,8392,16.784,0,985,-11.673631865533935,0,0.08667376489409753
8393,8393,16.786,0,991,-5.673631865533935,0,0.08492522878235441
8394,8394,16.788,0,995,-1.6736318655339346,0,0.0832119672261565
8395,8395,16.79,0,997,0.3263681344660654,0,0.08153326860493128
8396,8396,16.792,0,997,0.3263681344660654,0,0.079888435654172
8397,8397,16.794,0,999,2.3263681344660654,0,0.07827678517582178
8398,8398,16.796,0,999,2.3263681344660654,0,0.07669764775450036
8399,8399,16.798,0,1001,4.326368134466065,0,0.07515036747945567
8400,8400,16.8,0,1001,4.326368134466065,0,0.07363430167212458
8401,8401,16.802,0,999,2.3263681344660654,0,0.0721488206191899
8402,8402,16.804,0,996,-0.6736318655339346,0,0.0706933073110225
8403,8403,16.806,0,992,-4.673631865533935,0,0.06926715718540016
8404,8404,16.808,0,992,-4.673631865533935,0,0.0678697778763965
8405,8405,16.81,0,993,-3.6736318655339346,0,0.06650058896833574
8406,8406,16.812,0,996,-0.6736318655339346,0,0.06515902175471122
8407,8407,16.814,0,996,-0.6736318655339346,0,0.06384451900196732
8408,8408,16.816,0,998,1.3263681344660654,0,0.06255653471804691
8409,8409,16.818,0,996,-0.6736318655339346,0,0.061294533925607964
8410,8410,16.82,0,997,0.3263681344660654,0,0.060057992439815314
8411,8411,16.822,0,998,1.3263681344660654,0,0.058846396650615154
8412,8412,16.824,0,1000,3.3263681344660654,0,0.05765924330940189
8413,8413,16.826,0,1000,3.3263681344660654,0,0.05649603931998873
8414,8414,16.828,0,996,-0.6736318655339346,0,0.055356301533795164
8415,8415,16.83,0,992,-4.673631865533935,0,0.054239556549166325
8416,8416,16.832,0,990,-6.673631865533935,0,0.053145340514740784
8417,8417,16.834,0,989,-7.673631865533935,0,0.05207319893678519
8418,8418,16.836,0,992,-4.673631865533935,0,0.0510226864904157
8419,8419,16.838,0,996,-0.6736318655339346,0,0.049993366834627725
8420,8420,16.84,0,1000,3.3263681344660654,0,0.048984812431057324
8421,8421,16.842,0,1001,4.326368134466065,0,0.047996604366398764
8422,8422,16.844,0,1000,3.3263681344660654,0,0.04702833217840464
8423,8423,16.846,0,996,-0.6736318655339346,0,0.04607959368539622
8424,8424,16.848,0,996,-0.6736318655339346,0,0.04514999481921321
8425,8425,16.85,0,996,-0.6736318655339346,0,0.04423914946153352
8426,8426,16.852,0,997,0.3263681344660654,0,0.04334667928349513
8427,8427,16.854,0,996,-0.6736318655339346,0,0.04247221358855333
8428,8428,16.856,0,996,-0.6736318655339346,0,0.04161538915850818
8429,8429,16.858,0,998,1.3263681344660654,0,0.04077585010263811
8430,8430,16.86,0,998,1.3263681344660654,0,0.03995324770987713
8431,8431,16.862,0,998,1.3263681344660654,0,0.039147240303974117
8432,8432,16.864,0,993,-3.6736318655339346,0,0.038357493101574165
8433,8433,16.866,0,992,-4.673631865533935,0,0.03758367807316287
8434,8434,16.868,0,994,-2.6736318655339346,0,0.03682547380681596
8435,8435,16.87,0,997,0.3263681344660654,0,0.03608256537469761
8436,8436,16.872,0,1000,3.3263681344660654,0,0.03535464420225195
8437,8437,16.874,0,998,1.3263681344660654,0,0.034641407940033495
8438,8438,16.876,0,994,-2.6736318655339346,0,0.033942560338123234
8439,8439,16.878,0,990,-6.673631865533935,0,0.033257811123078226
8440,8440,16.88,0,989,-7.673631865533935,0,0.032586875877363586
8441,8441,16.882,0,989,-7.673631865533935,0,0.03192947592121675
8442,8442,16.884,0,994,-2.6736318655339346,0,0.031285338196895024
8443,8443,16.886,0,1001,4.326368134466065,0,0.030654195155258294
8444,8444,16.888,0,1003,6.326368134466065,0,0.03003578464463975
8445,8445,16.89,0,1003,6.326368134466065,0,0.02942984980195855
8446,8446,16.892,0,1000,3.3263681344660654,0,0.028836138946029117
8447,8447,16.894,0,999,2.3263681344660654,0,0.028254405473022822
8448,8448,16.896,0,996,-0.6736318655339346,0,0.02768440775403857
8449,8449,16.898,0,995,-1.6736318655339346,0,0.027125909034739777
8450,8450,16.9,0,995,-1.6736318655339346,0,0.026578677337016077
8451,8451,16.902,0,995,-1.6736318655339346,0,0.02604248536262884
8452,8452,16.904,0,997,0.3263681344660654,0,0.025517110398800547
8453,8453,16.906,0,998,1.3263681344660654,0,0.025002334225708783
8454,8454,16.908,0,999,2.3263681344660654,0,0.02449794302584641
8455,8455,16.91,0,996,-0.6736318655339346,0,0.024003727295210307
8456,8456,16.912,0,991,-5.673631865533935,0,0.023519481756281747
8457,8457,16.914,0,988,-8.673631865533935,0,0.023045005272762303
8458,8458,16.916,0,987,-9.673631865533935,0,0.022580100766029843
8459,8459,16.918,0,992,-4.673631865533935,0,0.02212457513327992
8460,8460,16.92,0,998,1.3263681344660654,0,0.021678239167318567
8461,8461,16.922,0,1003,6.326368134466065,0,0.021240907477973178
8462,8462,16.924,0,1004,7.326368134466065,0,0.0208123984150888
8463,8463,16.926,0,1000,3.3263681344660654,0,0.020392533993077906
8464,8464,16.928,0,997,0.3263681344660654,0,0.019981139816992285
8465,8465,16.93,0,995,-1.6736318655339346,0,0.019578045010086316
8466,8466,16.932,0,994,-2.6736318655339346,0,0.019183082142841586
8467,8467,16.934,0,998,1.3263681344660654,0,0.01879608716342334
8468,8468,16.936,0,998,1.3263681344660654,0,0.01841689932953988
8469,8469,16.938,0,998,1.3263681344660654,0,0.018045361141676628
8470,8470,16.94,0,995,-1.6736318655339346,0,0.017681318277677115
8471,8471,16.942,0,991,-5.673631865533935,0,0.017324619528643684
8472,8472,16.944,0,988,-8.673631865533935,0,0.01697511673613136
8473,8473,16.946,0,992,-4.673631865533935,0,0.016632664730608728
8474,8474,16.948,0,997,0.3263681344660654,0,0.016297121271160293
8475,8475,16.95,0,1004,7.326368134466065,0,0.01596834698640528
8476,8476,16.952,0,1005,8.326368134466065,0,0.015646205316608316
8477,8477,16.954,0,1002,5.326368134466065,0,0.015330562456957943
8478,8478,16.956,0,996,-0.6736318655339346,0,0.015021287301989454
8479,8479,16.958,0,991,-5.673631865533935,0,0.014718251391128891
8480,8480,16.96,0,992,-4.673631865533935,0,0.014421328855335654
8481,8481,16.962,0,994,-2.6736318655339346,0,0.014130396364821505
8482,8482,16.964,0,997,0.3263681344660654,0,0.0138453330778243
8483,8483,16.966,0,999,2.3263681344660654,0,0.013566020590415137
8484,8484,16.968,0,999,2.3263681344660654,0,0.01329234288731807
8485,8485,16.97,0,995,-1.6736318655339346,0,0.013024186293722003
8486,8486,16.972,0,993,-3.6736318655339346,0,0.012761439428064692
8487,8487,16.974,0,994,-2.6736318655339346,0,0.012503993155769288
8488,8488,16.976,0,997,0.3263681344660654,0,0.012251740543914182
8489,8489,16.978,0,1001,4.326368134466065,0,0.01200457681681733
8490,8490,16.98,0,1002,5.326368134466065,0,0.011762399312516615
8491,8491,16.982,0,997,0.3263681344660654,0,0.01152510744012815
8492,8492,16.984,0,991,-5.673631865533935,0,0.011292602638064846
8493,8493,16.986,0,991,-5.673631865533935,0,0.011064788333097845
8494,8494,16.988,0,991,-5.673631865533935,0,0.010841569900243856
8495,8495,16.99,0,994,-2.6736318655339346,0,0.010622854623461703
8496,8496,16.992,0,997,0.3263681344660654,0,0.010408551657141786
8497,8497,16.994,0,999,2.3263681344660654,0,0.010198571988372424
8498,8498,16.996,0,1000,3.3263681344660654,0,0.009992828399967445
8499,8499,16.998,0,1000,3.3263681344660654,0,0.009791235434239643
8500,8500,17.0,0,1000,3.3263681344660654,0,0.009593709357505057
8501,8501,17.002,0,999,2.3263681344660654,0,0.009400168125303341
8502,8502,17.004,0,993,-3.6736318655339346,0,0.009210531348319756
8503,8503,17.006,0,991,-5.673631865533935,0,0.009024720258994662
8504,8504,17.008,0,993,-3.6736318655339346,0,0.00884265767880661
8505,8505,17.01,0,997,0.3263681344660654,0,0.008664267986215456
8506,8506,17.012,0,1001,4.326368134466065,0,0.00848947708525219
8507,8507,17.014,0,1000,3.3263681344660654,0,0.008318212374742421
8508,8508,17.016,0,999,2.3263681344660654,0,0.00815040271815075
8509,8509,17.018,0,996,-0.6736318655339346,0,0.007985978414033479
8510,8510,17.02,0,996,-0.6736318655339346,0,0.007824871167087412
8511,8511,17.022,0,996,-0.6736318655339346,0,0.0076670140597827115
8512,8512,17.024,0,996,-0.6736318655339346,0,0.007512341524568018
8513,8513,17.026,0,996,-0.6736318655339346,0,0.007360789316636305
8514,8514,17.028,0,993,-3.6736318655339346,0,0.007212294487240149
8515,8515,17.03,0,992,-4.673631865533935,0,0.0070667953575453205
8516,8516,17.032,0,992,-4.673631865533935,0,0.006924231493011865
8517,8517,17.034,0,991,-5.673631865533935,0,0.006784543678291995
8518,8518,17.036,0,994,-2.6736318655339346,0,0.006647673892634398
8519,8519,17.038,0,997,0.3263681344660654,0,0.006513565285784727
8520,8520,17.04,0,1002,5.326368134466065,0,0.006382162154372276
8521,8521,17.042,0,1004,7.326368134466065,0,0.00625340991877301
8522,8522,17.044,0,1002,5.326368134466065,0,0.006127255100439372
8523,8523,17.046,0,997,0.3263681344660654,0,0.006003645299687424
8524,8524,17.048,0,994,-2.6736318655339346,0,0.005882529173932107
8525,8525,17.05,0,992,-4.673631865533935,0,0.0057638564163615714
8526,8526,17.052,0,994,-2.6736318655339346,0,0.005647577735041743
8527,8527,17.054,0,995,-1.6736318655339346,0,0.0055336448324424066
8528,8528,17.056,0,997,0.3263681344660654,0,0.005422010385376346
8529,8529,17.058,0,997,0.3263681344660654,0,0.005312628025343173
8530,8530,17.06,0,998,1.3263681344660654,0,0.005205452319269699
8531,8531,17.062,0,1000,3.3263681344660654,0,0.005100438750638854
8532,8532,17.064,0,998,1.3263681344660654,0,0.00499754370099929
8533,8533,17.066,0,997,0.3263681344660654,0,0.0048967244318480225
8534,8534,17.068,0,997,0.3263681344660654,0,0.004797939066878557
8535,8535,17.07,0,997,0.3263681344660654,0,0.004701146574587136
8536,8536,17.072,0,999,2.3263681344660654,0,0.004606306751229897
8537,8537,17.074,0,997,0.3263681344660654,0,0.004513380204123829
8538,8538,17.076,0,996,-0.6736318655339346,0,0.004422328335284628
8539,8539,17.078,0,993,-3.6736318655339346,0,0.004333113325394633
8540,8540,17.08,0,994,-2.6736318655339346,0,0.004245698118094184
8541,8541,17.082,0,992,-4.673631865533935,0,0.0041600464045898925
8542,8542,17.084,0,990,-6.673631865533935,0,0.004076122608573413
8543,8543,17.086,0,992,-4.673631865533935,0,0.003993891871444459
8544,8544,17.088,0,997,0.3263681344660654,0,0.003913320037831939
8545,8545,17.09,0,1004,7.326368134466065,0,0.0038343736414071642
8546,8546,17.092,0,1005,8.326368134466065,0,0.00375701989098328
8547,8547,17.094,0,1001,4.326368134466065,0,0.0036812266568951083
8548,8548,17.096,0,996,-0.6736318655339346,0,0.003606962457653766
8549,8549,17.098,0,993,-3.6736318655339346,0,0.003534196446870509
8550,8550,17.1,0,993,-3.6736318655339346,0,0.0034628984004443733
8551,8551,17.102,0,994,-2.6736318655339346,0,0.0033930387040082854
8552,8552,17.104,0,1001,4.326368134466065,0,0.0033245883406284363
8553,8553,17.106,0,1004,7.326368134466065,0,0.0032575188787518027
8554,8554,17.108,0,1007,10.326368134466065,0,0.003191802460396813
8555,8555,17.11,0,1003,6.326368134466065,0,0.0031274117895822534
8556,8556,17.112,0,994,-2.6736318655339346,0,0.003064320120989602
8557,8557,17.114,0,986,-10.673631865533935,0,0.003002501248854093
8558,8558,17.116,0,981,-15.673631865533935,0,0.0029419294960798836
8559,8559,17.118,0,981,-15.673631865533935,0,0.002882579703574813
8560,8560,17.12,0,991,-5.673631865533935,0,0.0028244272198003186
8561,8561,17.122,0,1002,5.326368134466065,0,0.0027674478905321672
8562,8562,17.124,0,1008,11.326368134466065,0,0.002711618048827756
8563,8563,17.126,0,1009,12.326368134466065,0,0.0026569145051958043
8564,8564,17.128,0,1005,8.326368134466065,0,0.0026033145379643664
8565,8565,17.13,0,1000,3.3263681344660654,0,0.002550795883843152
8566,8566,17.132,0,995,-1.6736318655339346,0,0.002499336728676244
8567,8567,17.134,0,990,-6.673631865533935,0,0.002448915698381367
8568,8568,17.136,0,989,-7.673631865533935,0,0.002399511850071945
8569,8569,17.138,0,992,-4.673631865533935,0,0.002351104663358263
8570,8570,17.14,0,996,-0.6736318655339346,0,0.002303674031824112
8571,8571,17.142,0,997,0.3263681344660654,0,0.002257200254675386
8572,8572,17.144,0,999,2.3263681344660654,0,0.0022116640285571583
8573,8573,17.146,0,999,2.3263681344660654,0,0.0021670464395358367
8574,8574,17.148,0,996,-0.6736318655339346,0,0.0021233289552430685
8575,8575,17.15,0,997,0.3263681344660654,0,0.0020804934171781337
8576,8576,17.152,0,995,-1.6736318655339346,0,0.002038522033165628
8577,8577,17.154,0,996,-0.6736318655339346,0,0.0019973973699653003
8578,8578,17.156,0,1000,3.3263681344660654,0,0.0019571023460309826
8579,8579,17.158,0,1002,5.326368134466065,0,0.0019176202244155938
8580,8580,17.16,0,1004,7.326368134466065,0,0.00187893460581928
8581,8581,17.162,0,1000,3.3263681344660654,0,0.0018410294217777986
8582,8582,17.164,0,996,-0.6736318655339346,0,0.0018038889279883188
8583,8583,17.166,0,991,-5.673631865533935,0,0.0017674976977698658
8584,8584,17.168,0,989,-7.673631865533935,0,0.0017318406156556917
8585,8585,17.17,0,988,-8.673631865533935,0,0.0016969028711149136
8586,8586,17.172,0,994,-2.6736318655339346,0,0.0016626699524008093
8587,8587,17.174,0,1000,3.3263681344660654,0,0.0016291276405232158
8588,8588,17.176,0,1003,6.326368134466065,0,0.0015962620033425272
8589,8589,17.178,0,999,2.3263681344660654,0,0.0015640593897828395
8590,8590,17.18,0,994,-2.6736318655339346,0,0.0015325064241618381
8591,8591,17.182,0,990,-6.673631865533935,0,0.0015015900006350716
8592,8592,17.184,0,989,-7.673631865533935,0,0.0014712972777523067
8593,8593,17.186,0,994,-2.6736318655339346,0,0.0014416156731237018
8594,8594,17.188,0,999,2.3263681344660654,0,0.001412532858193583
8595,8595,17.19,0,1004,7.326368134466065,0,0.001384036753119654
8596,8596,17.192,0,1004,7.326368134466065,0,0.0013561155217555112
8597,8597,17.194,0,1002,5.326368134466065,0,0.0013287575667343791
8598,8598,17.196,0,997,0.3263681344660654,0,0.001301951524652028
8599,8599,17.198,0,997,0.3263681344660654,0,0.001275686261346867
8600,8600,17.2,0,994,-2.6736318655339346,0,0.001249950867275258
8601,8601,17.202,0,993,-3.6736318655339346,0,0.0012247346529801262
8602,8602,17.204,0,994,-2.6736318655339346,0,0.001200027144650985
8603,8603,17.206,0,995,-1.6736318655339346,0,0.0011758180797735327
8604,8604,17.208,0,998,1.3263681344660654,0,0.0011520974028670136
8605,8605,17.21,0,1000,3.3263681344660654,0,0.001128855261307571
8606,8606,17.212,0,998,1.3263681344660654,0,0.0011060820012358612
8607,8607,17.214,0,995,-1.6736318655339346,0,0.0010837681635472239
8608,8608,17.216,0,992,-4.673631865533935,0,0.0010619044799627473
8609,8609,17.218,0,993,-3.6736318655339346,0,0.0010404818691795953
8610,8610,17.22,0,994,-2.6736318655339346,0,0.0010194914330989952
8611,8611,17.222,0,995,-1.6736318655339346,0,0.0009989244531303225
8612,8612,17.224,0,997,0.3263681344660654,0,0.000978772386569746
8613,8613,17.226,0,1000,3.3263681344660654,0,0.0009590268630519283
8614,8614,17.228,0,1002,5.326368134466065,0,0.0009396796810733106
8615,8615,17.23,0,1003,6.326368134466065,0,0.0009207228045855345
8616,8616,17.232,0,1001,4.326368134466065,0,0.0009021483596575878
8617,8617,17.234,0,996,-0.6736318655339346,0,0.0008839486312052871
8618,8618,17.236,0,995,-1.6736318655339346,0,0.00086611605978674
8619,8619,17.238,0,993,-3.6736318655339346,0,0.0008486432384624535
8620,8620,17.24,0,992,-4.673631865533935,0,0.0008315229097187867
8621,8621,17.242,0,995,-1.6736318655339346,0,0.0008147479624534691
8622,8622,17.244,0,998,1.3263681344660654,0,0.0007983114290219319
8623,8623,17.246,0,1000,3.3263681344660654,0,0.0007822064823432263
8624,8624,17.248,0,1001,4.326368134466065,0,0.0007664264330643258
8625,8625,17.25,0,999,2.3263681344660654,0,0.0007509647267816359
8626,8626,17.252,0,1000,3.3263681344660654,0,0.000735814941318556
8627,8627,17.254,0,997,0.3263681344660654,0,0.000720970784057963
8628,8628,17.256,0,993,-3.6736318655339346,0,0.0007064260893285091
8629,8629,17.258,0,989,-7.673631865533935,0,0.0006921748158436476
8630,8630,17.26,0,986,-10.673631865533935,0,0.000678211044192323
8631,8631,17.262,0,991,-5.673631865533935,0,0.0006645289743802841
8632,8632,17.264,0,995,-1.6736318655339346,0,0.0006511229234209969
8633,8633,17.266,0,1000,3.3263681344660654,0,0.0006379873229751588
8634,8634,17.268,0,1000,3.3263681344660654,0,0.0006251167170378325
8635,8635,17.27,0,997,0.3263681344660654,0,0.0006125057596722388
8636,8636,17.272,0,993,-3.6736318655339346,0,0.0006001492127892672
8637,8637,17.274,0,996,-0.6736318655339346,0,0.0005880419439717832
8638,8638,17.276,0,999,2.3263681344660654,0,0.0005761789243428261
8639,8639,17.278,0,1002,5.326368134466065,0,0.0005645552264768142
8640,8640,17.28,0,1006,9.326368134466065,0,0.0005531660223528884
8641,8641,17.282,0,1007,10.326368134466065,0,0.000542006581349545
8642,8642,17.284,0,1003,6.326368134466065,0,0.0005310722682797241
8643,8643,17.286,0,996,-0.6736318655339346,0,0.0005203585414655371
8644,8644,17.288,0,991,-5.673631865533935,0,0.0005098609508518352
8645,8645,17.29,0,988,-8.673631865533935,0,0.0004995751361578339
8646,8646,17.292,0,987,-9.673631865533935,0,0.0004894968250660256
8647,8647,17.294,0,989,-7.673631865533935,0,0.0004796218314476297
8648,8648,17.296,0,993,-3.6736318655339346,0,0.0004699460536238413
8649,8649,17.298,0,1001,4.326368134466065,0,0.00046046547266215726
8650,8650,17.3,0,1004,7.326368134466065,0,0.00045117615070707184
8651,8651,17.302,0,1003,6.326368134466065,0,0.0004420742293444485
8652,8652,17.304,0,998,1.3263681344660654,0,0.0004331559279988885
8653,8653,17.306,0,991,-5.673631865533935,0,0.00042441754236343033
8654,8654,17.308,0,991,-5.673631865533935,0,0.00041585544286092834
8655,8655,17.31,0,993,-3.6736318655339346,0,0.0004074660731364711
8656,8656,17.312,0,1000,3.3263681344660654,0,0.0003992459485802133
8657,8657,17.314,0,1005,8.326368134466065,0,0.0003911916548800076
8658,8658,17.316,0,1009,12.326368134466065,0,0.00038329984660323536
8659,8659,17.318,0,1008,11.326368134466065,0,0.00037556724580724754
8660,8660,17.32,0,1003,6.326368134466065,0,0.0003679906406778377
8661,8661,17.322,0,996,-0.6736318655339346,0,0.0003605668841951825
8662,8662,17.324,0,990,-6.673631865533935,0,0.000353292892826695
8663,8663,17.326,0,987,-9.673631865533935,0,0.0003461656452462482
8664,8664,17.328,0,990,-6.673631865533935,0,0.0003391821810792365
8665,8665,17.33,0,990,-6.673631865533935,0,0.0003323395996729541
8666,8666,17.332,0,991,-5.673631865533935,0,0.00032563505889177954
8667,8667,17.334,0,993,-3.6736318655339346,0,0.0003190657739366656
8668,8668,17.336,0,995,-1.6736318655339346,0,0.00031262901618844504
8669,8669,17.338,0,999,2.3263681344660654,0,0.00030632211207447073
8670,8670,17.34,0,1003,6.326368134466065,0,0.0003001424419581203
8671,8671,17.342,0,1006,9.326368134466065,0,0.0002940874390507033
8672,8672,17.344,0,1009,12.326368134466065,0,0.00028815458834531956
8673,8673,17.346,0,1006,9.326368134466065,0,0.0002823414255722256
8674,8674,17.348,0,998,1.3263681344660654,0,0.0002766455361752751
8675,8675,17.35,0,994,-2.6736318655339346,0,0.00027106455430900853
8676,8676,17.352,0,995,-1.6736318655339346,0,0.00026559616185597534
8677,8677,17.354,0,998,1.3263681344660654,0,0.00026023808746388014
8678,8678,17.356,0,998,1.3263681344660654,0,0.00025498810560215364
8679,8679,17.358,0,994,-2.6736318655339346,0,0.0002498440356375559
8680,8680,17.36,0,991,-5.673631865533935,0,0.00024480374092842813
8681,8681,17.362,0,990,-6.673631865533935,0,0.00023986512793721702
8682,8682,17.364,0,992,-4.673631865533935,0,0.00023502614536090262
8683,8683,17.366,0,993,-3.6736318655339346,0,0.0002302847832789687
8684,8684,17.368,0,995,-1.6736318655339346,0,0.00022563907231856208
8685,8685,17.37,1,998,1.3263681344660654,0,0.0002210870828364934
8686,8686,17.372,1,998,1.3263681344660654,0,0.00021662692411774046
8687,8687,17.374,1,1001,4.326368134466065,0,0.00021225674359012035
8688,8688,17.376,1,1003,6.326368134466065,0,0.000207974726054805
8689,8689,17.378,1,1002,5.326368134466065,0,0.0002037790929323597
8690,8690,17.38,1,999,2.3263681344660654,0,0.00019966810152399232
8691,8691,17.382,1,994,-2.6736318655339346,0,0.0001956400442877055
8692,8692,17.384,1,994,-2.6736318655339346,0,0.00019169324812905178
8693,8693,17.386,1,995,-1.6736318655339346,0,0.000187826073706197
8694,8694,17.388,1,998,1.3263681344660654,0,0.00018403691474900283
8695,8695,17.39,1,1001,4.326368134466065,0,0.00018032419739184627
8696,8696,17.392,1,1005,8.326368134466065,0,0.0001766863795198986
8697,8697,17.394,1,1004,7.326368134466065,0,0.00017312195012859227
8698,8698,17.396,1,1002,5.326368134466065,0,0.00016962942869600995
8699,8699,17.398,1,997,0.3263681344660654,1,0.02138207067092088
8700,8700,17.4,1,995,-1.6736318655339346,1,0.042144467908983595
8701,8701,17.402,1,991,-5.673631865533935,1,0.06246636929452637
8702,8702,17.404,1,986,-10.673631865533935,1,0.08235712040522322
8703,8703,17.406,1,984,-12.673631865533935,1,0.10182586854259743
8704,8704,17.408,1,985,-11.673631865533935,1,0.12088156693865626
8705,8705,17.41,1,991,-5.673631865533935,1,0.13953297887327765
8706,8706,17.412,1,993,-3.6736318655339346,1,0.15778868170424218
8707,8707,17.414,1,993,-3.6736318655339346,1,0.1756570708117637
8708,8708,17.416,1,995,-1.6736318655339346,1,0.1931463634593328
8709,8709,17.418,1,998,1.3263681344660654,1,0.21026460257264826
8710,8710,17.42,1,996,-0.6736318655339346,1,0.2270196604383746
8711,8711,17.422,1,991,-5.673631865533935,1,0.2434192423244268
8712,8712,17.424,1,987,-9.673631865533935,1,0.2594708900234467
8713,8713,17.426,1,990,-6.673631865533935,1,0.27518198532110094
8714,8714,17.428,1,995,-1.6736318655339346,1,0.2905597533907954
8715,8715,17.43,1,996,-0.6736318655339346,1,0.30561126611636735
8716,8716,17.432,1,991,-5.673631865533935,1,0.3203434453442827
8717,8717,17.434,1,985,-11.673631865533935,1,0.3347630660668353
8718,8718,17.436,1,982,-14.673631865533935,1,0.34887675953781067
8719,8719,17.438,1,982,-14.673631865533935,1,0.3626910163220481
8720,8720,17.44,1,987,-9.673631865533935,1,0.3762121892803029
8721,8721,17.442,1,990,-6.673631865533935,1,0.3894464964907819
8722,8722,17.444,1,990,-6.673631865533935,1,0.40240002410869513
8723,8723,17.446,1,984,-12.673631865533935,1,0.41507872916513977
8724,8724,17.448,1,984,-12.673631865533935,1,0.4274884423066022
8725,8725,17.45,1,989,-7.673631865533935,1,0.4396348704763392
8726,8726,17.452,1,996,-0.6736318655339346,1,0.4515235995388704
8727,8727,17.454,1,997,0.3263681344660654,1,0.4631600968487898
8728,8728,17.456,1,993,-3.6736318655339346,1,0.4745497137650771
8729,8729,17.458,1,985,-11.673631865533935,1,0.48569768811206526
8730,8730,17.46,1,986,-10.673631865533935,1,0.49660914658819605
8731,8731,17.462,1,995,-1.6736318655339346,1,0.5072891071236715
8732,8732,17.464,1,1002,5.326368134466065,1,0.5177424811880852
8733,8733,17.466,1,1007,10.326368134466065,1,0.527974076049095
8734,8734,17.468,1,1002,5.326368134466065,1,0.5379885969831751
8735,8735,17.47,1,994,-2.6736318655339346,1,0.5477906494394656
8736,8736,17.472,1,987,-9.673631865533935,1,0.5573847411577126
8737,8737,17.474,1,983,-13.673631865533935,1,0.5667752842412752
8738,8738,17.476,1,993,-3.6736318655339346,1,0.5759665971861505
8739,8739,17.478,1,1003,6.326368134466065,1,0.5849629068669515
8740,8740,17.48,1,1001,4.326368134466065,1,0.5937683504807497
8741,8741,17.482,1,987,-9.673631865533935,1,0.6023869774496777
8742,8742,17.484,1,975,-21.673631865533935,1,0.6108227512831659
8743,8743,17.486,1,983,-13.673631865533935,1,0.6190795514006693
8744,8744,17.488,1,1002,5.326368134466065,1,0.6271611749157243
8745,8745,17.49,1,1015,18.326368134466065,1,0.6350713383821543
8746,8746,17.492,1,1017,20.326368134466065,1,0.6428136795032278
8747,8747,17.494,1,1009,12.326368134466065,1,0.6503917588045546
8748,8748,17.496,1,999,2.3263681344660654,1,0.6578090612714905
8749,8749,17.498,1,992,-4.673631865533935,0,0.6445385762559794
8750,8750,17.5,1,992,-4.673631865533935,0,0.6315358068785085
8751,8751,17.502,1,997,0.3263681344660654,0,0.6187953523068725
8752,8752,17.504,1,1003,6.326368134466065,0,0.6063119206639827
8753,8753,17.506,1,1002,5.326368134466065,0,0.5940803268298315
8754,8754,17.508,0,998,1.3263681344660654,0,0.5820954902878012
8755,8755,17.51,0,997,0.3263681344660654,0,0.5703524330144191
8756,8756,17.512,0,997,0.3263681344660654,0,0.5588462774116851
8757,8757,17.514,0,996,-0.6736318655339346,0,0.5475722442811122
8758,8758,17.516,0,999,2.3263681344660654,0,0.5365256508386372
8759,8759,17.518,0,1004,7.326368134466065,0,0.5257019087695798
8760,8760,17.52,0,1008,11.326368134466065,0,0.5150965223228385
8761,8761,17.522,0,1011,14.326368134466065,0,0.5047050864435357
8762,8762,17.524,0,1012,15.326368134466065,0,0.4945232849433328
8763,8763,17.526,0,1015,18.326368134466065,0,0.48454688870765783
8764,8764,17.528,0,1014,17.326368134466065,0,0.47477175393909976
8765,8765,17.53,0,1007,10.326368134466065,0,0.4651938204362403
8766,8766,17.532,0,998,1.3263681344660654,0,0.4558091099072079
8767,8767,17.534,0,986,-10.673631865533935,0,0.4466137243172539
8768,8768,17.536,0,983,-13.673631865533935,0,0.4376038442696642
8769,8769,17.538,0,997,0.3263681344660654,0,0.4287757274193342
8770,8770,17.54,0,1011,14.326368134466065,0,0.4201257069183476
8771,8771,17.542,0,1019,22.326368134466065,0,0.41165018989291413
8772,8772,17.544,0,1015,18.326368134466065,0,0.4033456559510328
8773,8773,17.546,0,1004,7.326368134466065,0,0.3952086557202613
8774,8774,17.548,0,991,-5.673631865533935,0,0.38723580941498453
8775,8775,17.55,0,989,-7.673631865533935,0,0.3794238054325858
8776,8776,17.552,0,994,-2.6736318655339346,0,0.37176939897793954
8777,8777,17.554,0,1006,9.326368134466065,0,0.3642694107156524
8778,8778,17.556,0,1011,14.326368134466065,0,0.35692072544949427
8779,8779,17.558,0,1011,14.326368134466065,0,0.3497202908284698
8780,8780,17.56,0,1007,10.326368134466065,0,0.3426651160789934
8781,8781,17.562,0,1008,11.326368134466065,0,0.33575227076264125
8782,8782,17.564,0,1006,9.326368134466065,0,0.3289788835589637
8783,8783,17.566,0,1001,4.326368134466065,0,0.32234214107285347
8784,8784,17.568,0,995,-1.6736318655339346,0,0.3158392866659733
8785,8785,17.57,0,994,-2.6736318655339346,0,0.3094676193117581
8786,8786,17.572,0,996,-0.6736318655339346,0,0.30322449247351646
8787,8787,17.574,0,1000,3.3263681344660654,0,0.29710731300516463
8788,8788,17.576,0,1001,4.326368134466065,0,0.2911135400741369
8789,8789,17.578,0,998,1.3263681344660654,0,0.28524068410602527
8790,8790,17.58,0,998,1.3263681344660654,0,0.27948630575050903
8791,8791,17.582,0,1000,3.3263681344660654,0,0.27384801486814625
8792,8792,17.584,0,1000,3.3263681344660654,0,0.26832346953760494
8793,8793,17.586,0,1001,4.326368134466065,0,0.26291037508292225
8794,8794,17.588,0,997,0.3263681344660654,0,0.25760648312038764
8795,8795,17.59,0,999,2.3263681344660654,0,0.2524095906246537
8796,8796,17.592,0,1004,7.326368134466065,0,0.24731753901368733
8797,8797,17.594,0,1009,12.326368134466065,0,0.2423282132521809
8798,8798,17.596,0,1003,6.326368134466065,0,0.23743954097305064
8799,8799,17.598,0,992,-4.673631865533935,0,0.2326494916166581
8800,8800,17.6,0,985,-11.673631865533935,0,0.22795607558739653
8801,8801,17.602,0,990,-6.673631865533935,0,0.2233573434272922
8802,8802,17.604,0,1002,5.326368134466065,0,0.21885138500627718
8803,8803,17.606,0,1012,15.326368134466065,0,0.21443632872879761
8804,8804,17.608,0,1007,10.326368134466065,0,0.21011034075642723
8805,8805,17.61,0,997,0.3263681344660654,0,0.2058716242461642
8806,8806,17.612,0,992,-4.673631865533935,0,0.201718418604094
8807,8807,17.614,0,991,-5.673631865533935,0,0.197648998754109
8808,8808,17.616,0,993,-3.6736318655339346,0,0.1936616744213804
8809,8809,17.618,0,989,-7.673631865533935,0,0.18975478943028568
8810,8810,17.62,0,986,-10.673631865533935,0,0.18592672101649899
8811,8811,17.622,0,991,-5.673631865533935,0,0.18217587915295974
8812,8812,17.624,0,995,-1.6736318655339346,0,0.17850070588943862
8813,8813,17.626,0,1000,3.3263681344660654,0,0.17489967470542717
8814,8814,17.628,0,1002,5.326368134466065,0,0.17137128987608197
8815,8815,17.63,0,1005,8.326368134466065,0,0.16791408585096024
8816,8816,17.632,0,1006,9.326368134466065,0,0.16452662664528847
8817,8817,17.634,0,1001,4.326368134466065,0,0.1612075052435117
8818,8818,17.636,0,998,1.3263681344660654,0,0.15795534301487527
8819,8819,17.638,0,996,-0.6736318655339346,0,0.15476878914079645
8820,8820,17.64,0,995,-1.6736318655339346,0,0.15164652005378845
8821,8821,17.642,0,993,-3.6736318655339346,0,0.14858723888770303
8822,8822,17.644,0,997,0.3263681344660654,0,0.1455896749390641
8823,8823,17.646,0,995,-1.6736318655339346,0,0.14265258313926815
8824,8824,17.648,0,996,-0.6736318655339346,0,0.13977474353743224
8825,8825,17.65,0,998,1.3263681344660654,0,0.13695496079367517
8826,8826,17.652,0,998,1.3263681344660654,0,0.13419206368262082
8827,8827,17.654,0,996,-0.6736318655339346,0,0.13148490460691792
8828,8828,17.656,0,993,-3.6736318655339346,0,0.12883235912057373
8829,8829,17.658,0,992,-4.673631865533935,0,0.12623332546190405
8830,8830,17.66,0,993,-3.6736318655339346,0,0.12368672409590531
8831,8831,17.662,0,997,0.3263681344660654,0,0.12119149726585875
8832,8832,17.664,0,999,2.3263681344660654,0,0.11874660855398045
8833,8833,17.666,0,1001,4.326368134466065,0,0.11635104245093465
8834,8834,17.668,0,1000,3.3263681344660654,0,0.1140038039340317
8835,8835,17.67,0,998,1.3263681344660654,0,0.1117039180539352
8836,8836,17.672,0,994,-2.6736318655339346,0,0.10945042952970702
8837,8837,17.674,0,992,-4.673631865533935,0,0.10724240235202154
8838,8838,17.676,0,991,-5.673631865533935,0,0.10507891939438477
8839,8839,17.678,0,996,-0.6736318655339346,0,0.10295908203219653
8840,8840,17.68,0,999,2.3263681344660654,0,0.1008820097694976
8841,8841,17.682,0,1004,7.326368134466065,0,0.09884683987324676
8842,8842,17.684,0,1008,11.326368134466065,0,0.09685272701497594
8843,8843,17.686,0,1005,8.326368134466065,0,0.09489884291967436
8844,8844,17.688,0,1000,3.3263681344660654,0,0.09298437602175622
8845,8845,17.69,0,992,-4.673631865533935,0,0.09110853112796859
8846,8846,17.692,0,991,-5.673631865533935,0,0.08927052908709987
8847,8847,17.694,0,992,-4.673631865533935,0,0.08746960646635146
8848,8848,17.696,0,994,-2.6736318655339346,0,0.08570501523423814
8849,8849,17.698,0,996,-0.6736318655339346,0,0.08397602244988563
8850,8850,17.7,0,995,-1.6736318655339346,0,0.08228190995859616
8851,8851,17.702,0,995,-1.6736318655339346,0,0.08062197409355565
8852,8852,17.704,0,996,-0.6736318655339346,0,0.0789955253835585
8853,8853,17.706,0,1001,4.326368134466065,0,0.07740188826662879
8854,8854,17.708,0,1001,4.326368134466065,0,0.07584040080941873
8855,8855,17.71,0,999,2.3263681344660654,0,0.07431041443226792
8856,8856,17.712,0,995,-1.6736318655339346,0,0.07281129363980922
8857,8857,17.714,0,991,-5.673631865533935,0,0.07134241575700931
8858,8858,17.716,0,992,-4.673631865533935,0,0.06990317067053427
8859,8859,17.718,0,996,-0.6736318655339346,0,0.06849296057533283
8860,8860,17.72,0,1004,7.326368134466065,0,0.06711119972633198
8861,8861,17.722,0,1008,11.326368134466065,0,0.0657573141951418
8862,8862,17.724,0,1007,10.326368134466065,0,0.06443074163166851
8863,8863,17.726,0,1000,3.3263681344660654,0,0.06313093103053659
8864,8864,17.728,0,991,-5.673631865533935,0,0.061857342502223155
8865,8865,17.73,0,987,-9.673631865533935,0,0.06060944704880936
8866,8866,17.732,0,988,-8.673631865533935,0,0.059386726344255736
8867,8867,17.734,0,992,-4.673631865533935,0,0.0581886725191102
8868,8868,17.736,0,999,2.3263681344660654,0,0.05701478794955935
8869,8869,17.738,0,1005,8.326368134466065,0,0.05586458505073534
8870,8870,17.74,0,1008,11.326368134466065,0,0.054737586074192573
8871,8871,17.742,0,1009,12.326368134466065,0,0.05363332290947003
8872,8872,17.744,0,1008,11.326368134466065,0,0.052551336889656845
8873,8873,17.746,0,1000,3.3263681344660654,0,0.05149117860088034
8874,8874,17.748,0,993,-3.6736318655339346,0,0.050452407695637407
8875,8875,17.75,0,988,-8.673631865533935,0,0.04943459270989174
8876,8876,17.752,0,988,-8.673631865533935,0,0.04843731088386083
8877,8877,17.754,0,991,-5.673631865533935,0,0.04746014798641841
8878,8878,17.756,0,992,-4.673631865533935,0,0.046502698143039374
8879,8879,17.758,0,994,-2.6736318655339346,0,0.04556456366721563
8880,8880,17.76,0,995,-1.6736318655339346,0,0.04464535489527303
8881,8881,17.762,0,998,1.3263681344660654,0,0.043744690024520555
8882,8882,17.764,0,999,2.3263681344660654,0,0.042862194954664735
8883,8883,17.766,0,1001,4.326368134466065,0,0.04199750313242327
8884,8884,17.768,0,1001,4.326368134466065,0,0.041150255399273424
8885,8885,17.77,0,1002,5.326368134466065,0,0.040320099842271855
8886,8886,17.772,0,1001,4.326368134466065,0,0.03950669164788405
8887,8887,17.774,0,1002,5.326368134466065,0,0.03870969295876249
8888,8888,17.776,0,1000,3.3263681344660654,0,0.03792877273341418
8889,8889,17.778,0,999,2.3263681344660654,0,0.03716360660869922
8890,8890,17.78,0,1000,3.3263681344660654,0,0.03641387676510324
8891,8891,17.782,0,999,2.3263681344660654,0,0.03567927179472791
8892,8892,17.784,0,999,2.3263681344660654,0,0.03495948657194444
8893,8893,17.786,0,998,1.3263681344660654,0,0.03425422212665661
8894,8894,17.788,0,997,0.3263681344660654,0,0.033563185520120456
8895,8895,17.79,0,994,-2.6736318655339346,0,0.03288608972326923
8896,8896,17.792,0,993,-3.6736318655339346,0,0.03222265349749295
8897,8897,17.794,0,992,-4.673631865533935,0,0.031572601277823076
8898,8898,17.796,0,995,-1.6736318655339346,0,0.03093566305847384
8899,8899,17.798,0,998,1.3263681344660654,0,0.030311574280692557
8900,8900,17.8,0,1000,3.3263681344660654,0,0.0297000757228725
8901,8901,17.802,0,1000,3.3263681344660654,0,0.02910091339288256
8902,8902,17.804,0,998,1.3263681344660654,0,0.028513838422569025
8903,8903,17.806,0,996,-0.6736318655339346,0,0.027938606964385698
8904,8904,17.808,0,994,-2.6736318655339346,0,0.027374980090109313
8905,8905,17.81,0,998,1.3263681344660654,0,0.026822723691598292
8906,8906,17.812,0,1001,4.326368134466065,0,0.026281608383553545
8907,8907,17.814,0,1004,7.326368134466065,0,0.02575140940824096
8908,8908,17.816,0,1004,7.326368134466065,0,0.025231906542136
8909,8909,17.818,0,999,2.3263681344660654,0,0.024722884004451624
8910,8910,17.82,0,995,-1.6736318655339346,0,0.02422413036751155
8911,8911,17.822,0,991,-5.673631865533935,0,0.023735438468931617
8912,8912,17.824,0,992,-4.673631865533935,0,0.023256605325572798
8913,8913,17.826,0,997,0.3263681344660654,0,0.022787432049230085
8914,8914,17.828,0,1001,4.326368134466065,0,0.022327723764022263
8915,8915,17.83,0,1001,4.326368134466065,0,0.021877289525448224
8916,8916,17.832,0,1000,3.3263681344660654,0,0.02143594224107624
8917,8917,17.834,0,995,-1.6736318655339346,0,0.021003498592833212
8918,8918,17.836,0,995,-1.6736318655339346,0,0.02057977896086167
8919,8919,17.838,0,996,-0.6736318655339346,0,0.02016460734891282
8920,8920,17.84,0,1000,3.3263681344660654,0,0.019757811311244725
8921,8921,17.842,0,1002,5.326368134466065,0,0.019359221880995214
8922,8922,17.844,0,1001,4.326368134466065,0,0.01896867349999979
8923,8923,17.846,0,1000,3.3263681344660654,0,0.01858600395002535
8924,8924,17.848,0,996,-0.6736318655339346,0,0.018211054285391215
8925,8925,17.85,0,990,-6.673631865533935,0,0.01784366876694941
8926,8926,17.852,0,991,-5.673631865533935,0,0.017483694797396844
8927,8927,17.854,0,994,-2.6736318655339346,0,0.01713098285789246
8928,8928,17.856,0,1000,3.3263681344660654,0,0.016785386445953083
8929,8929,17.858,0,1007,10.326368134466065,0,0.016446762014602097
8930,8930,17.86,0,1005,8.326368134466065,0,0.01611496891274579
8931,8931,17.862,0,1002,5.326368134466065,0,0.015789869326752463
8932,8932,17.864,0,997,0.3263681344660654,0,0.015471328223210162
8933,8933,17.866,0,995,-1.6736318655339346,0,0.015159213292839162
8934,8934,17.868,0,994,-2.6736318655339346,0,0.01485339489553598
8935,8935,17.87,0,993,-3.6736318655339346,0,0.014553746006526033
8936,8936,17.872,0,993,-3.6736318655339346,0,0.014260142163602612
8937,8937,17.874,0,997,0.3263681344660654,0,0.013972461415430244
8938,8938,17.876,0,1000,3.3263681344660654,0,0.013690584270890961
8939,8939,17.878,0,1003,6.326368134466065,0,0.01341439364945246
8940,8940,17.88,0,1004,7.326368134466065,0,0.01314377483253751
8941,8941,17.882,0,1003,6.326368134466065,0,0.012878615415874425
8942,8942,17.884,0,1001,4.326368134466065,0,0.012618805262808815
8943,8943,17.886,0,998,1.3263681344660654,0,0.012364236458557207
8944,8944,17.888,0,995,-1.6736318655339346,0,0.012114803265383542
8945,8945,17.89,0,993,-3.6736318655339346,0,0.011870402078679936
8946,8946,17.892,0,991,-5.673631865533935,0,0.011630931383933457
8947,8947,17.894,0,994,-2.6736318655339346,0,0.011396291714561035
8948,8948,17.896,0,997,0.3263681344660654,0,0.011166385610595011
8949,8949,17.898,0,997,0.3263681344660654,0,0.010941117578202156
8950,8950,17.9,0,997,0.3263681344660654,0,0.01072039405001933
8951,8951,17.902,0,998,1.3263681344660654,0,0.010504123346289331
8952,8952,17.904,0,997,0.3263681344660654,0,0.01029221563678078
8953,8953,17.906,0,998,1.3263681344660654,0,0.010084582903476217
8954,8954,17.908,0,1000,3.3263681344660654,0,0.009881138904012933
8955,8955,17.91,0,1002,5.326368134466065,0,0.009681799135861324
8956,8956,17.912,0,1000,3.3263681344660654,0,0.009486480801225905
8957,8957,17.914,0,999,2.3263681344660654,0,0.009295102772654414
8958,8958,17.916,0,996,-0.6736318655339346,0,0.009107585559340691
8959,8959,17.918,0,993,-3.6736318655339346,0,0.008923851274107376
8960,8960,17.92,0,993,-3.6736318655339346,0,0.008743823601054669
8961,8961,17.922,0,995,-1.6736318655339346,0,0.008567427763861758
8962,8962,17.924,0,1001,4.326368134466065,0,0.008394590494727702
8963,8963,17.926,0,1005,8.326368134466065,0,0.008225240003938919
8964,8964,17.928,0,1008,11.326368134466065,0,0.008059305950050591
8965,8965,17.93,0,1007,10.326368134466065,0,0.007896719410669637
8966,8966,17.932,0,1002,5.326368134466065,0,0.007737412853827094
8967,8967,17.934,0,995,-1.6736318655339346,0,0.007581320109928029
8968,8968,17.936,0,991,-5.673631865533935,0,0.007428376344267329
8969,8969,17.938,0,990,-6.673631865533935,0,0.007278518030099943
8970,8970,17.94,0,995,-1.6736318655339346,0,0.007131682922254409
8971,8971,17.942,0,996,-0.6736318655339346,0,0.00698781003127869
8972,8972,17.944,0,995,-1.6736318655339346,0,0.006846839598107583
8973,8973,17.946,0,994,-2.6736318655339346,0,0.0067087130692411855
8974,8974,17.948,0,992,-4.673631865533935,0,0.006573373072424108
8975,8975,17.95,0,996,-0.6736318655339346,0,0.006440763392815323
8976,8976,17.952,0,1000,3.3263681344660654,0,0.006310828949638761
8977,8977,17.954,0,1004,7.326368134466065,0,0.006183515773304952
8978,8978,17.956,0,1006,9.326368134466065,0,0.0060587709829942075
8979,8979,17.958,0,1007,10.326368134466065,0,0.005936542764692037
8980,8980,17.96,0,1005,8.326368134466065,0,0.005816780349667669
8981,8981,17.962,0,1002,5.326368134466065,0,0.0056994339933867455
8982,8982,17.964,0,998,1.3263681344660654,0,0.005584454954849425
8983,8983,17.966,0,995,-1.6736318655339346,0,0.005471795476345313
8984,8984,17.968,0,992,-4.673631865533935,0,0.005361408763616811
8985,8985,17.97,0,990,-6.673631865533935,0,0.005253248966422649
8986,8986,17.972,0,993,-3.6736318655339346,0,0.005147271159493521
8987,8987,17.974,0,994,-2.6736318655339346,0,0.00504343132387192
8988,8988,17.976,0,995,-1.6736318655339346,0,0.004941686328628416
8989,8989,17.978,0,994,-2.6736318655339346,0,0.004841993912946788
8990,8990,17.98,0,996,-0.6736318655339346,0,0.004744312668570562
8991,8991,17.982,0,997,0.3263681344660654,0,0.004648602022603677
8992,8992,17.984,0,1001,4.326368134466065,0,0.004554822220658114
8993,8993,17.986,0,1002,5.326368134466065,0,0.004462934310341516
8994,8994,17.988,0,1004,7.326368134466065,0,0.004372900125077909
8995,8995,17.99,0,1004,7.326368134466065,0,0.0042846822682548295
8996,8996,17.992,0,1006,9.326368134466065,0,0.004198244097690264
8997,8997,17.994,0,1003,6.326368134466065,0,0.0041135497104129466
8998,8998,17.996,0,1001,4.326368134466065,0,0.004030563927749693
8999,8999,17.998,0,997,0.3263681344660654,0,0.003949252280713584
