source_file,trial_id,window_id,start_sample,end_sample,start_s,label,label_id,mav,rms,ssc,wl,zc
bend_001.csv,bend_001,0,125,175,0.5,bend,1,1.6566446502500085,2.2374294360164972,18.0,122.9815730987644,15.0
bend_001.csv,bend_001,1,150,200,0.6,bend,1,1.8020319497760802,2.403360431427373,23.0,154.16633285820467,18.0
bend_001.csv,bend_001,2,175,225,0.7,bend,1,1.7775113954484794,2.157546844250221,30.0,157.49737874529316,23.0
bend_001.csv,bend_001,3,200,250,0.8,bend,1,1.7935830221426945,2.160180624245209,34.0,162.75037879283866,25.0
bend_001.csv,bend_001,4,225,275,0.9,bend,1,1.8507119611706537,2.2782842727511508,31.0,162.49035887761065,22.0
bend_001.csv,bend_001,5,250,300,1.0,bend,1,2.620047645463061,3.3690320575100268,30.0,219.89966656278546,24.0
bend_001.csv,bend_001,6,275,325,1.1,bend,1,18.58381689988688,32.28110282643096,31.0,1525.9414808834656,30.0
bend_001.csv,bend_001,7,300,350,1.2,bend,1,22.98844027127835,34.018419099155096,30.0,1977.2675337427684,30.0
bend_001.csv,bend_001,8,325,375,1.3,bend,1,15.397102092278073,20.414628209496136,31.0,1360.0682542012935,32.0
bend_001.csv,bend_001,9,350,400,1.4,bend,1,19.245601964465457,23.395727341068614,32.0,1670.5396540881998,33.0
bend_001.csv,bend_001,10,375,425,1.5,bend,1,14.43557752943115,17.57380727069282,31.0,1193.960174358163,32.0
bend_001.csv,bend_001,11,400,450,1.6,bend,1,9.769289972170922,11.45458264026643,31.0,791.9007141444887,32.0
bend_001.csv,bend_001,12,425,475,1.7,bend,1,13.13060538629627,17.22733770374902,34.0,1165.7851108590407,35.0
bend_001.csv,bend_001,13,450,500,1.8,bend,1,16.55146100934652,20.770569387671404,34.0,1515.7201980549694,35.0
bend_001.csv,bend_001,14,475,525,1.9,bend,1,16.91888386199764,20.119277901259473,33.0,1476.3602519353467,32.0
bend_001.csv,bend_001,15,500,550,2.0,bend,1,13.73200559675284,17.774684569944146,31.0,1151.9453507771605,30.0
bend_001.csv,bend_001,16,525,575,2.1,bend,1,15.407929921809513,20.49431223000331,29.0,1265.8388423858016,29.0
bend_001.csv,bend_001,17,550,600,2.2,bend,1,15.755601269251253,19.65485646662335,31.0,1309.3422184855372,32.0
bend_001.csv,bend_001,18,575,625,2.3,bend,1,10.772864228842918,12.485679417976876,35.0,933.0811537495837,36.0
bend_001.csv,bend_001,19,600,650,2.4,bend,1,7.444449444398445,9.185327883292626,37.0,647.6913326830652,37.0
bend_001.csv,bend_001,20,625,675,2.5,bend,1,8.349266883296528,10.850848783469436,34.0,734.5773480604416,34.0
bend_001.csv,bend_001,21,650,700,2.6,bend,1,9.38493223946993,11.616681650563377,32.0,810.1672359236857,33.0
bend_001.csv,bend_001,22,675,725,2.7,bend,1,9.078576635202177,10.602767475692902,33.0,743.1918362565116,34.0
bend_001.csv,bend_001,23,700,750,2.8,bend,1,7.875122212185065,9.660727729470647,31.0,643.0229493168008,32.0
bend_001.csv,bend_001,24,725,775,2.9,bend,1,4.5275591648103894,5.553083535555323,29.0,371.3371842625141,27.0
bend_001.csv,bend_001,25,750,800,3.0,bend,1,4.686085648208968,6.213109775978794,29.0,408.13107185332774,28.0
bend_001.csv,bend_001,26,775,825,3.1,bend,1,8.425533247851886,11.397140488928164,32.0,711.288986161693,33.0
bend_001.csv,bend_001,27,800,850,3.2,bend,1,8.004495293764306,11.361932229463342,33.0,678.7031677196773,28.0
bend_001.csv,bend_001,28,825,875,3.3,bend,1,3.0790877347317225,5.008174859734942,33.0,238.62339807683844,21.0
bend_001.csv,bend_001,29,850,900,3.4,bend,1,2.261737489040096,2.962472163757502,30.0,201.89205448576632,23.0
bend_001.csv,bend_001,30,875,925,3.5,bend,1,2.479852866618288,3.207401824841731,29.0,219.87933192645815,24.0
bend_001.csv,bend_001,31,900,950,3.6,bend,1,2.2799302018605765,2.8092055187768135,32.0,202.15830257802563,26.0
bend_001.csv,bend_001,32,925,975,3.7,bend,1,1.9346865915830367,2.3961993788064344,29.0,166.77387455279705,25.0
bend_001.csv,bend_001,33,950,1000,3.8,bend,1,1.5859388294021395,1.9980221116425303,27.0,136.7569833887638,19.0
bend_001.csv,bend_001,34,975,1025,3.9,bend,1,1.7193243834809866,2.263991608890681,25.0,151.94943187468098,18.0
bend_001.csv,bend_001,35,1000,1050,4.0,bend,1,2.253205948990567,2.798571679093345,29.0,194.3188437008751,25.0
bend_001.csv,bend_001,36,1025,1075,4.1,bend,1,2.329840733605471,2.7722081541669916,32.0,201.83283091523487,28.0
bend_001.csv,bend_001,37,1050,1100,4.2,bend,1,1.5441961001164293,1.8872256540587415,26.0,125.77308653797691,17.0
bend_001.csv,bend_001,38,1075,1125,4.3,bend,1,1.2078817668554487,1.5543750643208658,21.0,99.0025368341547,11.0
bend_001.csv,bend_001,39,1100,1150,4.4,bend,1,1.3593282025919569,1.7292500979175358,23.0,115.9389202356617,13.0
bend_001.csv,bend_001,40,1125,1175,4.5,bend,1,1.3979125983701315,1.7056116029407427,24.0,118.13714496110626,13.0
bend_001.csv,bend_001,41,1150,1200,4.6,bend,1,1.8079710737690786,2.284067296107286,29.0,155.25112473041284,21.0
bend_001.csv,bend_001,42,1175,1225,4.7,bend,1,2.086532668582689,2.6077514571428386,34.0,189.65370794060493,27.0
bend_001.csv,bend_001,43,1200,1250,4.8,bend,1,1.8265424087602253,2.266035935185451,29.0,161.22584933782304,21.0
bend_002.csv,bend_002,0,125,175,0.5,bend,1,2.639877608827605,3.494865086263486,29.0,226.82992525473634,23.0
bend_002.csv,bend_002,1,150,200,0.6,bend,1,10.16166108900282,17.604925607885974,32.0,818.4701855574505,30.0
bend_002.csv,bend_002,2,175,225,0.7,bend,1,17.32696573121077,23.334846525732665,31.0,1504.5271841091198,32.0
bend_002.csv,bend_002,3,200,250,0.8,bend,1,20.717675454541094,26.613129516536443,33.0,1849.5572912911487,34.0
bend_002.csv,bend_002,4,225,275,0.9,bend,1,19.944028545067514,25.20159343501057,33.0,1727.672123578115,34.0
bend_002.csv,bend_002,5,250,300,1.0,bend,1,14.114190333213726,16.40233365655246,29.0,1108.5099176180227,30.0
bend_002.csv,bend_002,6,275,325,1.1,bend,1,11.071244544642296,13.256099647204062,32.0,855.395387645155,30.0
bend_002.csv,bend_002,7,300,350,1.2,bend,1,10.59813940028059,13.05563585223934,31.0,848.2650042721889,30.0
bend_002.csv,bend_002,8,325,375,1.3,bend,1,11.745043765475984,14.07426666416374,31.0,935.0036623961731,32.0
bend_002.csv,bend_002,9,350,400,1.4,bend,1,9.73787252538147,12.07684011491937,32.0,835.4741001456262,32.0
bend_002.csv,bend_002,10,375,425,1.5,bend,1,6.5253581070887,8.39729248351505,32.0,577.5377786304006,31.0
bend_002.csv,bend_002,11,400,450,1.6,bend,1,6.489273761738648,8.714685461544114,31.0,554.2328576826493,30.0
bend_002.csv,bend_002,12,425,475,1.7,bend,1,6.020327931124025,8.053272482263733,30.0,510.4645465268385,31.0
bend_002.csv,bend_002,13,450,500,1.8,bend,1,5.82975946980933,7.376176588126558,31.0,490.80762963644236,30.0
bend_002.csv,bend_002,14,475,525,1.9,bend,1,5.64770983411688,7.511348924076257,31.0,484.751931948959,28.0
bend_002.csv,bend_002,15,500,550,2.0,bend,1,4.228105760835357,5.832162316070778,27.0,365.6047454017967,24.0
bend_002.csv,bend_002,16,525,575,2.1,bend,1,3.630833022216761,4.758704004041935,25.0,306.745195256206,22.0
bend_002.csv,bend_002,17,550,600,2.2,bend,1,3.3108919491233024,4.208121378063644,28.0,290.8651278067963,24.0
bend_002.csv,bend_002,18,575,625,2.3,bend,1,3.610335294816372,4.470900397928987,30.0,304.80606744525477,27.0
bend_002.csv,bend_002,19,600,650,2.4,bend,1,3.9483056465055193,4.842734592138288,27.0,316.94365109426553,28.0
bend_002.csv,bend_002,20,625,675,2.5,bend,1,3.542601667064596,4.27440790592173,30.0,288.95664567812474,29.0
bend_002.csv,bend_002,21,650,700,2.6,bend,1,3.595419204337627,4.296149298789478,29.0,290.0007522996561,28.0
bend_002.csv,bend_002,22,675,725,2.7,bend,1,3.458176510238374,4.278451376699051,31.0,286.73255498586,30.0
bend_002.csv,bend_002,23,700,750,2.8,bend,1,2.8436367313727153,3.5359556710271085,32.0,242.72492041232087,29.0
bend_002.csv,bend_002,24,725,775,2.9,bend,1,2.659481185578272,3.413032331645545,33.0,228.7296512650344,26.0
bend_002.csv,bend_002,25,750,800,3.0,bend,1,3.214018632609105,4.04096988849983,35.0,284.4733813590074,30.0
bend_002.csv,bend_002,26,775,825,3.1,bend,1,3.522220826027903,4.375118627403568,34.0,288.0407650806952,31.0
bend_002.csv,bend_002,27,800,850,3.2,bend,1,3.1302930817866415,4.01531782510108,33.0,261.98113557718403,31.0
bend_002.csv,bend_002,28,825,875,3.3,bend,1,3.6159783966685035,4.588902423999763,34.0,319.9581816753348,31.0
bend_002.csv,bend_002,29,850,900,3.4,bend,1,3.6029213469039125,4.500263817783108,34.0,315.3422537079692,30.0
bend_002.csv,bend_002,30,875,925,3.5,bend,1,3.3915725951860636,4.166288929867708,26.0,269.0353954810936,25.0
bend_002.csv,bend_002,31,900,950,3.6,bend,1,3.8752362699392027,4.7240439129164065,28.0,303.0031580600365,26.0
bend_002.csv,bend_002,32,925,975,3.7,bend,1,3.710814482966746,4.5102745048527275,31.0,305.2758309321427,29.0
bend_002.csv,bend_002,33,950,1000,3.8,bend,1,2.68716324063924,3.3179880776097983,31.0,222.6021351865084,26.0
bend_002.csv,bend_002,34,975,1025,3.9,bend,1,2.5017164153890206,3.1298088996092086,31.0,212.51904421228224,26.0
bend_002.csv,bend_002,35,1000,1050,4.0,bend,1,3.225895518549935,4.109221113925769,28.0,264.74257415404446,25.0
bend_002.csv,bend_002,36,1025,1075,4.1,bend,1,3.3767322981796304,4.2455887165024535,26.0,271.6564659634547,24.0
bend_002.csv,bend_002,37,1050,1100,4.2,bend,1,3.1306260989891515,3.8195204705523498,30.0,256.26478672346235,27.0
bend_002.csv,bend_002,38,1075,1125,4.3,bend,1,2.6302561838162997,3.1904181840929744,30.0,215.62004915918303,26.0
bend_002.csv,bend_002,39,1100,1150,4.4,bend,1,2.850442634157048,3.330813909574914,32.0,240.1093601701871,30.0
bend_002.csv,bend_002,40,1125,1175,4.5,bend,1,3.007521569244484,3.626686299408935,34.0,267.63187209563716,32.0
bend_002.csv,bend_002,41,1150,1200,4.6,bend,1,3.4741007316589965,4.342709804443995,32.0,313.26937215472157,30.0
bend_002.csv,bend_002,42,1175,1225,4.7,bend,1,3.826057567738378,4.568159510189032,29.0,318.1982006790503,30.0
bend_002.csv,bend_002,43,1200,1250,4.8,bend,1,2.80359087805727,3.3777989212336794,32.0,223.43129930012813,28.0
bend_003.csv,bend_003,0,125,175,0.5,bend,1,15.814077237777983,20.066732354858512,32.0,1370.7180515648545,31.0
bend_003.csv,bend_003,1,150,200,0.6,bend,1,19.89840612514207,24.200252283577637,33.0,1747.992695990727,34.0
bend_003.csv,bend_003,2,175,225,0.7,bend,1,13.358200045663414,18.362729401224644,34.0,1192.5842256112367,32.0
bend_003.csv,bend_003,3,200,250,0.8,bend,1,8.970068261172601,11.191722648344896,31.0,762.0247012692698,30.0
bend_003.csv,bend_003,4,225,275,0.9,bend,1,12.104830003621522,14.608023166666205,31.0,1007.3609448100229,32.0
bend_003.csv,bend_003,5,250,300,1.0,bend,1,14.439641679550455,16.840221264453735,33.0,1246.8758559864873,34.0
bend_003.csv,bend_003,6,275,325,1.1,bend,1,12.18056258764389,14.399575140888642,33.0,1021.3764433957857,34.0
bend_003.csv,bend_003,7,300,350,1.2,bend,1,9.225092259607681,10.829562432007735,32.0,765.2404157418846,33.0
bend_003.csv,bend_003,8,325,375,1.3,bend,1,14.70298581302675,19.212268251590398,35.0,1286.6836603143784,35.0
bend_003.csv,bend_003,9,350,400,1.4,bend,1,17.838624843361753,22.01971376528972,34.0,1535.1259288722465,33.0
bend_003.csv,bend_003,10,375,425,1.5,bend,1,15.714859016228228,18.475297655348008,30.0,1286.3760389708061,31.0
bend_003.csv,bend_003,11,400,450,1.6,bend,1,11.602996042776754,14.198124917874214,29.0,909.31775506276,30.0
bend_003.csv,bend_003,12,425,475,1.7,bend,1,9.991236525978263,12.001400303192513,32.0,836.7508677201622,31.0
bend_003.csv,bend_003,13,450,500,1.8,bend,1,11.851638937761695,13.778775996168521,32.0,1017.4631897936907,33.0
bend_003.csv,bend_003,14,475,525,1.9,bend,1,12.304876081407574,14.742313515774628,33.0,1049.6589193386924,34.0
bend_003.csv,bend_003,15,500,550,2.0,bend,1,14.928145023578006,17.80093975910783,33.0,1275.5904947430945,33.0
bend_003.csv,bend_003,16,525,575,2.1,bend,1,12.249036213962507,15.368938474290799,33.0,1048.7709897129398,34.0
bend_003.csv,bend_003,17,550,600,2.2,bend,1,9.22724706548976,11.917697215858913,33.0,788.1311218285605,34.0
bend_003.csv,bend_003,18,575,625,2.3,bend,1,9.743760993729799,12.204009673956515,32.0,852.1155585495083,33.0
bend_003.csv,bend_003,19,600,650,2.4,bend,1,8.937192570877494,10.635749391623621,29.0,704.9566122995675,30.0
bend_003.csv,bend_003,20,625,675,2.5,bend,1,10.45303956288285,12.365543048974294,32.0,909.6666515800742,33.0
bend_003.csv,bend_003,21,650,700,2.6,bend,1,11.497216961678971,14.107730114099274,31.0,972.7592398625488,32.0
bend_003.csv,bend_003,22,675,725,2.7,bend,1,10.467504260492012,13.020682315351198,32.0,882.992829814397,33.0
bend_003.csv,bend_003,23,700,750,2.8,bend,1,12.90908406483156,15.566617247728262,34.0,1090.9527564727991,35.0
bend_003.csv,bend_003,24,725,775,2.9,bend,1,14.904052748774811,17.888459501366185,32.0,1294.4869699109083,32.0
bend_003.csv,bend_003,25,750,800,3.0,bend,1,14.114309433391812,16.96309670417458,30.0,1201.9819782683896,30.0
bend_003.csv,bend_003,26,775,825,3.1,bend,1,13.45050426199978,16.468566735682394,31.0,1105.1639810136346,32.0
bend_003.csv,bend_003,27,800,850,3.2,bend,1,12.93641407740152,16.411747556881803,30.0,1080.2269753033395,30.0
bend_003.csv,bend_003,28,825,875,3.3,bend,1,11.315167508433944,14.283077017379489,30.0,931.2993600183274,30.0
bend_003.csv,bend_003,29,850,900,3.4,bend,1,8.806131446652945,10.378155491472928,32.0,720.6301611646419,33.0
bend_003.csv,bend_003,30,875,925,3.5,bend,1,11.068104862795693,13.446030777480958,32.0,907.7672379428013,31.0
bend_003.csv,bend_003,31,900,950,3.6,bend,1,10.374000448004178,13.120101837982602,32.0,873.2128944684356,29.0
bend_003.csv,bend_003,32,925,975,3.7,bend,1,8.75235409263211,10.762064294224617,31.0,721.2108849922456,30.0
bend_003.csv,bend_003,33,950,1000,3.8,bend,1,10.263602380458746,13.27301417701805,30.0,862.824426169986,30.0
bend_003.csv,bend_003,34,975,1025,3.9,bend,1,11.627365577905882,15.260000587198396,30.0,963.5272438442234,31.0
bend_003.csv,bend_003,35,1000,1050,4.0,bend,1,9.29840502737411,12.771838610037952,34.0,766.2118753914505,33.0
bend_003.csv,bend_003,36,1025,1075,4.1,bend,1,7.489955466719906,9.635139798934755,31.0,620.3099626270358,32.0
bend_003.csv,bend_003,37,1050,1100,4.2,bend,1,8.194226009613939,10.02974552254214,29.0,659.8317556270001,30.0
bend_003.csv,bend_003,38,1075,1125,4.3,bend,1,8.611320042345337,10.923884316107024,30.0,680.0178365889275,29.0
bend_003.csv,bend_003,39,1100,1150,4.4,bend,1,10.91401143489865,13.386132991725084,31.0,876.9968159421046,29.0
bend_003.csv,bend_003,40,1125,1175,4.5,bend,1,11.013181835174453,13.610818188480641,31.0,883.7434764776735,29.0
bend_003.csv,bend_003,41,1150,1200,4.6,bend,1,9.325022689825607,12.03752439168269,29.0,721.9305812174536,27.0
bend_003.csv,bend_003,42,1175,1225,4.7,bend,1,8.596709314765482,10.528261109835348,31.0,708.111366388721,29.0
bend_003.csv,bend_003,43,1200,1250,4.8,bend,1,7.884248083061109,9.595536654815646,32.0,649.486036589585,32.0
bend_004.csv,bend_004,0,125,175,0.5,bend,1,24.594223132528622,28.954894698858368,31.0,1969.5285398543026,32.0
bend_004.csv,bend_004,1,150,200,0.6,bend,1,21.390270419315147,25.893802892673442,31.0,1742.7978223744021,32.0
bend_004.csv,bend_004,2,175,225,0.7,bend,1,13.495855118276761,16.806737887958036,31.0,1092.0826562415348,29.0
bend_004.csv,bend_004,3,200,250,0.8,bend,1,12.172532153785133,14.834168707101467,33.0,1052.7680619600956,32.0
bend_004.csv,bend_004,4,225,275,0.9,bend,1,17.12199396345975,20.24658655310099,31.0,1403.141118115404,32.0
bend_004.csv,bend_004,5,250,300,1.0,bend,1,17.969445704560158,21.831715411840353,30.0,1487.3289190153166,30.0
bend_004.csv,bend_004,6,275,325,1.1,bend,1,15.845028135548441,19.833151112462744,31.0,1406.2136370328171,29.0
bend_004.csv,bend_004,7,300,350,1.2,bend,1,17.74814776222414,22.346695207182623,31.0,1524.3789788753909,30.0
bend_004.csv,bend_004,8,325,375,1.3,bend,1,14.72194053067406,19.77019048023375,30.0,1224.3416161636376,31.0
bend_004.csv,bend_004,9,350,400,1.4,bend,1,9.502695857995802,12.196900176272697,32.0,791.4709337400039,31.0
bend_004.csv,bend_004,10,375,425,1.5,bend,1,7.65311605486581,9.50694481740173,30.0,653.0785538809807,30.0
bend_004.csv,bend_004,11,400,450,1.6,bend,1,8.960729014733595,11.27852890905862,29.0,751.2955184507696,30.0
bend_004.csv,bend_004,12,425,475,1.7,bend,1,8.912901708971095,11.04169660597612,30.0,738.7928012089687,31.0
bend_004.csv,bend_004,13,450,500,1.8,bend,1,6.429200817677348,7.843789266929299,32.0,554.9414491366529,32.0
bend_004.csv,bend_004,14,475,525,1.9,bend,1,5.666233316519532,6.971924572089,33.0,498.5922428591302,31.0
bend_004.csv,bend_004,15,500,550,2.0,bend,1,5.357783433434044,6.443373874305269,30.0,438.9650301685746,30.0
bend_004.csv,bend_004,16,525,575,2.1,bend,1,4.559219048083148,5.460049594503129,28.0,367.33583527062933,26.0
bend_004.csv,bend_004,17,550,600,2.2,bend,1,4.510669883463459,5.517777297481882,32.0,389.0440702339352,28.0
bend_004.csv,bend_004,18,575,625,2.3,bend,1,6.280161113792243,7.569708683376465,32.0,516.9033743163984,31.0
bend_004.csv,bend_004,19,600,650,2.4,bend,1,6.339833014229956,7.693932170934334,30.0,510.95332992973806,30.0
bend_004.csv,bend_004,20,625,675,2.5,bend,1,3.7911007082898207,5.128752034049295,30.0,325.06597752777566,22.0
bend_004.csv,bend_004,21,650,700,2.6,bend,1,2.615380257107109,3.255495922876676,29.0,214.5413136330826,21.0
bend_004.csv,bend_004,22,675,725,2.7,bend,1,2.4447474413523453,2.9705839274393258,29.0,196.96642023525212,23.0
bend_004.csv,bend_004,23,700,750,2.8,bend,1,3.9783690684008786,5.201210354334698,28.0,323.1737327854197,24.0
bend_004.csv,bend_004,24,725,775,2.9,bend,1,4.975628511371255,5.915100617741373,30.0,416.85150792819945,30.0
bend_004.csv,bend_004,25,750,800,3.0,bend,1,3.129059362078935,3.9419366175354233,26.0,247.26296046445887,24.0
bend_004.csv,bend_004,26,775,825,3.1,bend,1,3.384874674915754,4.230074214768068,26.0,269.61026882395527,25.0
bend_004.csv,bend_004,27,800,850,3.2,bend,1,3.4399781508166196,4.24297831313363,29.0,285.9396103439187,26.0
bend_004.csv,bend_004,28,825,875,3.3,bend,1,3.4062542108216416,4.221713411748091,29.0,292.1208815921264,25.0
bend_004.csv,bend_004,29,850,900,3.4,bend,1,3.5227730285949224,4.244771707376257,29.0,301.6043841557781,28.0
bend_004.csv,bend_004,30,875,925,3.5,bend,1,2.1062811621959114,2.6025597801087663,28.0,170.03566869318064,22.0
bend_004.csv,bend_004,31,900,950,3.6,bend,1,2.9659410720276496,3.7686479819855547,30.0,238.93661908966706,26.0
bend_004.csv,bend_004,32,925,975,3.7,bend,1,4.142822442718991,4.787084399193855,29.0,334.94781499004444,29.0
bend_004.csv,bend_004,33,950,1000,3.8,bend,1,3.587130875892237,4.382177673592901,31.0,303.9880176593962,26.0
bend_004.csv,bend_004,34,975,1025,3.9,bend,1,3.740450924110649,4.544204021325698,33.0,312.9411692058313,27.0
bend_004.csv,bend_004,35,1000,1050,4.0,bend,1,4.729177486437479,5.592848262496814,33.0,387.053323588031,30.0
bend_004.csv,bend_004,36,1025,1075,4.1,bend,1,5.282277209804504,6.241392371332489,31.0,443.37653906443614,31.0
bend_004.csv,bend_004,37,1050,1100,4.2,bend,1,5.055589165111264,5.916709646196163,30.0,431.63533217864796,31.0
bend_004.csv,bend_004,38,1075,1125,4.3,bend,1,4.417561687007863,5.209412808877441,31.0,375.76113637723324,29.0
bend_004.csv,bend_004,39,1100,1150,4.4,bend,1,4.2999196734175085,5.125822242583228,30.0,352.9049436002588,29.0
bend_004.csv,bend_004,40,1125,1175,4.5,bend,1,3.734115912852546,4.6655287141893025,29.0,298.73020003502967,25.0
bend_004.csv,bend_004,41,1150,1200,4.6,bend,1,3.1996868064954462,4.059444136962639,28.0,259.57442518534464,23.0
bend_004.csv,bend_004,42,1175,1225,4.7,bend,1,3.505319186596744,4.193792451224118,29.0,287.2854378206049,28.0
bend_004.csv,bend_004,43,1200,1250,4.8,bend,1,3.991259251768942,4.602022431890366,30.0,322.23080003569186,31.0
bend_005.csv,bend_005,0,125,175,0.5,bend,1,16.890530989517696,20.14440874615643,33.0,1398.9161108077808,34.0
bend_005.csv,bend_005,1,150,200,0.6,bend,1,11.686616228964967,14.286620481858142,29.0,935.218632050441,31.0
bend_005.csv,bend_005,2,175,225,0.7,bend,1,9.493750951204843,11.597840869822642,29.0,792.8383371979357,31.0
bend_005.csv,bend_005,3,200,250,0.8,bend,1,11.469603624589737,14.765020679246081,31.0,985.859354328512,31.0
bend_005.csv,bend_005,4,225,275,0.9,bend,1,10.962268480084777,14.231744079349095,34.0,956.0836035691325,33.0
bend_005.csv,bend_005,5,250,300,1.0,bend,1,10.700310658644263,13.011152372291676,33.0,915.0031500109797,32.0
bend_005.csv,bend_005,6,275,325,1.1,bend,1,13.043242516359498,16.07874697294057,33.0,1105.1028131747523,34.0
bend_005.csv,bend_005,7,300,350,1.2,bend,1,11.649858461896118,15.70426359490962,35.0,1004.291295215475,36.0
bend_005.csv,bend_005,8,325,375,1.3,bend,1,11.590448424421197,15.18617782236221,30.0,985.2816852193034,31.0
bend_005.csv,bend_005,9,350,400,1.4,bend,1,10.826349011079115,13.653271881500029,31.0,910.9280368638993,31.0
bend_005.csv,bend_005,10,375,425,1.5,bend,1,7.668553333634174,9.56741093282619,31.0,635.4082235351541,31.0
bend_005.csv,bend_005,11,400,450,1.6,bend,1,7.5939124726870055,8.918042138712561,30.0,643.742742370399,30.0
bend_005.csv,bend_005,12,425,475,1.7,bend,1,6.249597735470596,7.65696934000146,33.0,534.2170350361124,31.0
bend_005.csv,bend_005,13,450,500,1.8,bend,1,5.488666655027654,6.9064751848915105,32.0,474.4193933903981,30.0
bend_005.csv,bend_005,14,475,525,1.9,bend,1,6.45971588703012,7.850014369829335,31.0,544.1487719009415,31.0
bend_005.csv,bend_005,15,500,550,2.0,bend,1,11.435273674065098,14.878705732845964,32.0,967.1742251290854,32.0
bend_005.csv,bend_005,16,525,575,2.1,bend,1,15.156446519830055,18.231810218158582,33.0,1308.2418379721187,31.0
bend_005.csv,bend_005,17,550,600,2.2,bend,1,13.231814885713973,15.56430095127241,33.0,1109.7119324837506,31.0
bend_005.csv,bend_005,18,575,625,2.3,bend,1,10.749210957350753,12.323151168255052,30.0,854.2734764795796,30.0
bend_005.csv,bend_005,19,600,650,2.4,bend,1,10.932128740672267,13.941300198549706,29.0,891.6441188777876,29.0
bend_005.csv,bend_005,20,625,675,2.5,bend,1,12.675658978860703,16.191362633175576,29.0,1017.5957303925385,30.0
bend_005.csv,bend_005,21,650,700,2.6,bend,1,11.529022646105897,14.436932512423324,32.0,925.7601746167295,32.0
bend_005.csv,bend_005,22,675,725,2.7,bend,1,10.416091276187673,12.582274184229442,31.0,822.5592660091984,32.0
bend_005.csv,bend_005,23,700,750,2.8,bend,1,10.59080422135644,12.231124751795704,32.0,873.3146872030965,33.0
bend_005.csv,bend_005,24,725,775,2.9,bend,1,12.652072245836237,14.406106441721384,33.0,1086.5502792623013,34.0
bend_005.csv,bend_005,25,750,800,3.0,bend,1,10.962641010991511,12.875468422221475,30.0,909.0521589514738,31.0
bend_005.csv,bend_005,26,775,825,3.1,bend,1,8.699242886624967,10.548581896831413,31.0,741.2945519967157,31.0
bend_005.csv,bend_005,27,800,850,3.2,bend,1,10.375795497723685,13.01610028504884,32.0,915.4113160450327,33.0
bend_005.csv,bend_005,28,825,875,3.3,bend,1,13.010872165134497,15.96260234131546,33.0,1181.3792956593131,34.0
bend_005.csv,bend_005,29,850,900,3.4,bend,1,12.690169701492861,15.146140971557976,33.0,1129.4622368499563,33.0
bend_005.csv,bend_005,30,875,925,3.5,bend,1,10.162281208533932,11.99835073385237,32.0,893.5945317790332,32.0
bend_005.csv,bend_005,31,900,950,3.6,bend,1,8.546227728186516,10.649875509340305,33.0,757.175935703785,33.0
bend_005.csv,bend_005,32,925,975,3.7,bend,1,5.756060111680171,7.488566241290816,32.0,466.3014895060483,33.0
bend_005.csv,bend_005,33,950,1000,3.8,bend,1,6.835916711180584,8.792911253166691,32.0,561.2770642910641,33.0
bend_005.csv,bend_005,34,975,1025,3.9,bend,1,7.653621199950277,9.405141609018303,35.0,644.5944236820674,34.0
bend_005.csv,bend_005,35,1000,1050,4.0,bend,1,5.4542113086499615,6.600524510274463,34.0,472.48301425157194,33.0
bend_005.csv,bend_005,36,1025,1075,4.1,bend,1,5.121393903428095,6.463268323693845,27.0,419.6731819322785,30.0
bend_005.csv,bend_005,37,1050,1100,4.2,bend,1,4.16948121262969,5.320984439440578,28.0,343.0475795649753,29.0
bend_005.csv,bend_005,38,1075,1125,4.3,bend,1,4.293528677821239,5.291542973926791,30.0,358.23428527997874,30.0
bend_005.csv,bend_005,39,1100,1150,4.4,bend,1,5.124372443074194,6.092302960153974,30.0,420.6723907371224,31.0
bend_005.csv,bend_005,40,1125,1175,4.5,bend,1,3.7056749825178135,4.8088441786273535,29.0,302.89608724391104,28.0
bend_005.csv,bend_005,41,1150,1200,4.6,bend,1,3.368485014232345,4.479100238365255,28.0,283.52694086025815,26.0
bend_005.csv,bend_005,42,1175,1225,4.7,bend,1,4.912315744868955,6.120737872644599,30.0,400.4445819703655,29.0
bend_005.csv,bend_005,43,1200,1250,4.8,bend,1,4.316440420602033,5.527032648994904,32.0,360.38272222046373,28.0
bend_006.csv,bend_006,0,125,175,0.5,bend,1,9.76866874938984,12.646991762507175,31.0,870.5634249548668,32.0
bend_006.csv,bend_006,1,150,200,0.6,bend,1,11.242413383195982,13.631710012269314,32.0,957.9891209801408,31.0
bend_006.csv,bend_006,2,175,225,0.7,bend,1,10.918962516249218,13.840212995075806,32.0,916.441086319466,30.0
bend_006.csv,bend_006,3,200,250,0.8,bend,1,8.143407885663613,10.859062581313903,32.0,686.2291439314408,29.0
bend_006.csv,bend_006,4,225,275,0.9,bend,1,8.848672953507002,10.9979604154774,31.0,755.2906478538845,31.0
bend_006.csv,bend_006,5,250,300,1.0,bend,1,9.613413250375391,11.678677113510822,31.0,799.5884445908512,32.0
bend_006.csv,bend_006,6,275,325,1.1,bend,1,7.343611246700648,9.341758200502996,32.0,627.9298468360507,32.0
bend_006.csv,bend_006,7,300,350,1.2,bend,1,7.49718939559178,9.641825756055502,32.0,630.7034485015868,31.0
bend_006.csv,bend_006,8,325,375,1.3,bend,1,7.200257630770092,8.894711364561097,32.0,608.5348770340865,32.0
bend_006.csv,bend_006,9,350,400,1.4,bend,1,9.992295520359828,12.95285074485645,30.0,834.523668114981,31.0
bend_006.csv,bend_006,10,375,425,1.5,bend,1,10.664992099920378,13.685075099629886,34.0,915.3298958101686,33.0
bend_006.csv,bend_006,11,400,450,1.6,bend,1,8.105073463354273,9.810225850941086,31.0,657.724557920352,29.0
bend_006.csv,bend_006,12,425,475,1.7,bend,1,9.92739972870172,11.526266837131304,30.0,802.6496027241966,31.0
bend_006.csv,bend_006,13,450,500,1.8,bend,1,9.211941351891744,10.888938245481691,30.0,756.0663207543349,31.0
bend_006.csv,bend_006,14,475,525,1.9,bend,1,5.734008961898895,6.6842236498960865,32.0,465.9417781394113,32.0
bend_006.csv,bend_006,15,500,550,2.0,bend,1,4.0118521028802565,4.565053206053733,33.0,317.09221727115903,33.0
bend_006.csv,bend_006,16,525,575,2.1,bend,1,4.08823939888091,4.8161755471102214,33.0,334.4958029374301,32.0
bend_006.csv,bend_006,17,550,600,2.2,bend,1,3.5448969552357057,4.391647512683527,30.0,289.2439831030411,26.0
bend_006.csv,bend_006,18,575,625,2.3,bend,1,4.152083670468412,5.326030897709231,30.0,334.13223829468467,27.0
bend_006.csv,bend_006,19,600,650,2.4,bend,1,6.463991245229221,8.03480160223856,32.0,547.7233027338893,33.0
bend_006.csv,bend_006,20,625,675,2.5,bend,1,6.586809749622711,8.30334026641385,33.0,575.59687051637,33.0
bend_006.csv,bend_006,21,650,700,2.6,bend,1,6.555497031917302,8.241907919036773,32.0,539.1109242388992,31.0
bend_006.csv,bend_006,22,675,725,2.7,bend,1,8.128985803986579,9.856902557317902,30.0,675.6066608166572,30.0
bend_006.csv,bend_006,23,700,750,2.8,bend,1,6.914169289052419,8.56302078881213,31.0,569.016294068656,30.0
bend_006.csv,bend_006,24,725,775,2.9,bend,1,4.861365038225742,6.018376711030218,29.0,382.7870184336594,29.0
bend_006.csv,bend_006,25,750,800,3.0,bend,1,5.924030885423303,7.52758484086637,32.0,511.03398378033944,33.0
bend_006.csv,bend_006,26,775,825,3.1,bend,1,8.110079763514028,10.180407930594853,35.0,723.0498233648088,34.0
bend_006.csv,bend_006,27,800,850,3.2,bend,1,7.473591462804653,9.496709154298612,33.0,662.1960213690023,31.0
bend_006.csv,bend_006,28,825,875,3.3,bend,1,4.82930179727993,5.86210815230881,32.0,396.30305185160967,32.0
bend_006.csv,bend_006,29,850,900,3.4,bend,1,3.9042622863984233,4.677176410168794,36.0,330.0967298262324,30.0
bend_006.csv,bend_006,30,875,925,3.5,bend,1,4.213189838007378,5.137555431409946,35.0,352.21033905058187,31.0
bend_006.csv,bend_006,31,900,950,3.6,bend,1,4.977584058859678,5.950154360450669,32.0,413.6842572760259,33.0
bend_006.csv,bend_006,32,925,975,3.7,bend,1,7.074370699273612,8.519668126946648,30.0,595.3360812277676,31.0
bend_006.csv,bend_006,33,950,1000,3.8,bend,1,6.357953395873337,8.150329688840422,32.0,547.3324731313884,31.0
bend_006.csv,bend_006,34,975,1025,3.9,bend,1,4.513823375251607,5.778367456138631,31.0,397.742435867181,30.0
bend_006.csv,bend_006,35,1000,1050,4.0,bend,1,4.47733307771137,5.43668073020868,30.0,374.3868197335181,31.0
bend_006.csv,bend_006,36,1025,1075,4.1,bend,1,3.7911635660526293,4.581158198197512,29.0,312.1846469017884,28.0
bend_006.csv,bend_006,37,1050,1100,4.2,bend,1,3.929831347753751,4.650954930305801,29.0,315.7568765929677,28.0
bend_006.csv,bend_006,38,1075,1125,4.3,bend,1,3.7333304212013076,4.314167464006432,31.0,305.2866449951505,32.0
bend_006.csv,bend_006,39,1100,1150,4.4,bend,1,3.513385475427902,4.2300147251004745,31.0,273.8191109473049,31.0
bend_006.csv,bend_006,40,1125,1175,4.5,bend,1,4.146797712450821,5.069405400739708,30.0,336.4698570258853,31.0
bend_006.csv,bend_006,41,1150,1200,4.6,bend,1,4.343583162199931,5.159974105385282,30.0,346.0096572626984,30.0
bend_006.csv,bend_006,42,1175,1225,4.7,bend,1,3.9538369705325134,4.633110925115678,30.0,322.9152761281267,30.0
bend_006.csv,bend_006,43,1200,1250,4.8,bend,1,3.5470969942650727,4.206891403466483,29.0,279.7674941329488,28.0
bend_007.csv,bend_007,0,125,175,0.5,bend,1,3.7845921511903327,4.694890753850036,31.0,305.7771933844583,31.0
bend_007.csv,bend_007,1,150,200,0.6,bend,1,3.652402232864606,4.245878538198508,32.0,293.26843336208833,32.0
bend_007.csv,bend_007,2,175,225,0.7,bend,1,3.42458868316975,4.159391877300946,30.0,280.46895486304356,28.0
bend_007.csv,bend_007,3,200,250,0.8,bend,1,3.3760222977544005,4.261885098430026,31.0,280.3153599125797,26.0
bend_007.csv,bend_007,4,225,275,0.9,bend,1,4.102521935156632,5.165771867676374,34.0,345.3367346060794,31.0
bend_007.csv,bend_007,5,250,300,1.0,bend,1,3.3664276474319648,4.396392283539909,29.0,278.2591351039413,29.0
bend_007.csv,bend_007,6,275,325,1.1,bend,1,2.927234789938987,3.5335083637203306,30.0,244.53736760134666,30.0
bend_007.csv,bend_007,7,300,350,1.2,bend,1,3.2818504752003883,3.8718306872459745,32.0,277.1355953141106,32.0
bend_007.csv,bend_007,8,325,375,1.3,bend,1,3.8806663183726933,5.0261313560192455,30.0,318.65949104754236,29.0
bend_007.csv,bend_007,9,350,400,1.4,bend,1,13.797146500383146,19.73728190003157,30.0,1114.4342330882735,29.0
bend_007.csv,bend_007,10,375,425,1.5,bend,1,22.694532247377982,26.415832165604918,32.0,1850.0887309252832,31.0
bend_007.csv,bend_007,11,400,450,1.6,bend,1,20.028705454988145,23.577400531460675,31.0,1702.3177277078305,32.0
bend_007.csv,bend_007,12,425,475,1.7,bend,1,16.888794018864118,21.160075900085936,29.0,1372.6539750448167,29.0
bend_007.csv,bend_007,13,450,500,1.8,bend,1,16.36205159943287,20.52214458886624,30.0,1335.603894726688,30.0
bend_007.csv,bend_007,14,475,525,1.9,bend,1,14.67730500325754,18.723900708625198,30.0,1199.8433484342759,29.0
bend_007.csv,bend_007,15,500,550,2.0,bend,1,11.769683878721578,15.204690131516719,34.0,952.2037498639711,32.0
bend_007.csv,bend_007,16,525,575,2.1,bend,1,14.19162361657295,17.67679336886842,33.0,1172.145974729998,33.0
bend_007.csv,bend_007,17,550,600,2.2,bend,1,14.700296893643474,17.912816254397708,29.0,1181.3338308190073,30.0
bend_007.csv,bend_007,18,575,625,2.3,bend,1,12.523473022185769,15.042736457205187,32.0,1078.7158464351342,33.0
bend_007.csv,bend_007,19,600,650,2.4,bend,1,16.78885874949242,20.64739450133918,34.0,1414.5229502205016,34.0
bend_007.csv,bend_007,20,625,675,2.5,bend,1,17.122923542745376,20.37371159341976,34.0,1412.5506897606374,34.0
bend_007.csv,bend_007,21,650,700,2.6,bend,1,13.2337931777743,15.128339509825754,33.0,1094.4289041530983,34.0
bend_007.csv,bend_007,22,675,725,2.7,bend,1,13.775811440426999,16.886794889094855,35.0,1148.5914210572864,36.0
bend_007.csv,bend_007,23,700,750,2.8,bend,1,14.468799376031622,18.60814493862013,33.0,1182.9453467061956,34.0
bend_007.csv,bend_007,24,725,775,2.9,bend,1,12.33056862518482,15.531134088704805,31.0,1032.9296251337503,32.0
bend_007.csv,bend_007,25,750,800,3.0,bend,1,13.25437255960623,16.0337620058218,31.0,1078.1934334860855,31.0
bend_007.csv,bend_007,26,775,825,3.1,bend,1,13.865423690401464,17.482312532012376,32.0,1183.7661443768447,33.0
bend_007.csv,bend_007,27,800,850,3.2,bend,1,12.585230234447783,15.546644555967738,34.0,1061.4262483751709,35.0
bend_007.csv,bend_007,28,825,875,3.3,bend,1,10.697615252502455,12.802988639309456,33.0,909.0995756763112,34.0
bend_007.csv,bend_007,29,850,900,3.4,bend,1,14.305359105052752,18.41366608310126,31.0,1219.8617683721038,32.0
bend_007.csv,bend_007,30,875,925,3.5,bend,1,16.9738656261491,20.40210150699353,31.0,1403.281891697973,32.0
bend_007.csv,bend_007,31,900,950,3.6,bend,1,10.723224190726803,13.016935235393941,32.0,889.2696388365541,31.0
bend_007.csv,bend_007,32,925,975,3.7,bend,1,8.63318504612878,10.739262590724472,31.0,710.8781212969856,29.0
bend_007.csv,bend_007,33,950,1000,3.8,bend,1,8.419016824379392,10.50512774981757,30.0,691.3600520579689,29.0
bend_007.csv,bend_007,34,975,1025,3.9,bend,1,10.29310121163276,12.362063511087996,32.0,885.571758747543,31.0
bend_007.csv,bend_007,35,1000,1050,4.0,bend,1,11.610470607723778,13.850909961844096,30.0,966.5306835782005,31.0
bend_007.csv,bend_007,36,1025,1075,4.1,bend,1,10.040982932308824,12.330816477920948,30.0,850.191815951745,30.0
bend_007.csv,bend_007,37,1050,1100,4.2,bend,1,11.074710154484526,13.07408782782025,31.0,925.9845915056746,32.0
bend_007.csv,bend_007,38,1075,1125,4.3,bend,1,8.16592074599146,10.569490134358317,33.0,684.0378015613178,34.0
bend_007.csv,bend_007,39,1100,1150,4.4,bend,1,4.050163626882077,4.912245520985965,31.0,347.019964539879,32.0
bend_007.csv,bend_007,40,1125,1175,4.5,bend,1,3.790887403404968,4.687879048794933,31.0,324.59354759811845,32.0
bend_007.csv,bend_007,41,1150,1200,4.6,bend,1,3.287826644942564,3.923334141188144,31.0,272.7960455202211,30.0
bend_007.csv,bend_007,42,1175,1225,4.7,bend,1,3.2407688922475875,3.809307306720324,32.0,264.35072437249977,30.0
bend_007.csv,bend_007,43,1200,1250,4.8,bend,1,3.4174044062850806,4.269248980679635,30.0,286.4050390895215,28.0
bend_008.csv,bend_008,0,125,175,0.5,bend,1,3.182040643876923,3.8891249733821254,29.0,256.19653874233654,28.0
bend_008.csv,bend_008,1,150,200,0.6,bend,1,3.1850743616199186,3.778116338755985,32.0,255.19229214544475,29.0
bend_008.csv,bend_008,2,175,225,0.7,bend,1,2.9869055946684346,3.643151896661192,28.0,246.02881566471407,26.0
bend_008.csv,bend_008,3,200,250,0.8,bend,1,3.301294813542207,4.096703027243382,27.0,263.7569792994606,25.0
bend_008.csv,bend_008,4,225,275,0.9,bend,1,6.071871318321168,9.277363522703943,30.0,473.8582503428032,26.0
bend_008.csv,bend_008,5,250,300,1.0,bend,1,13.349568294976338,17.48229383535513,32.0,1132.2786162080217,28.0
bend_008.csv,bend_008,6,275,325,1.1,bend,1,13.443156976327607,16.927966532791057,33.0,1134.6502428241693,34.0
bend_008.csv,bend_008,7,300,350,1.2,bend,1,7.558759045023305,9.451947012424075,34.0,666.4422612921741,34.0
bend_008.csv,bend_008,8,325,375,1.3,bend,1,5.8382790521923225,7.0546908576162055,32.0,505.2629685989979,33.0
bend_008.csv,bend_008,9,350,400,1.4,bend,1,7.161914864351797,9.899354613095962,29.0,567.3925781790597,29.0
bend_008.csv,bend_008,10,375,425,1.5,bend,1,12.846594211935749,15.739739908624761,30.0,1066.6240151500515,29.0
bend_008.csv,bend_008,11,400,450,1.6,bend,1,13.301765440064685,15.764616921956097,32.0,1078.9217575992652,33.0
bend_008.csv,bend_008,12,425,475,1.7,bend,1,13.405377176848365,16.23892047299596,31.0,1092.6109613471829,32.0
bend_008.csv,bend_008,13,450,500,1.8,bend,1,11.200278199645378,14.371132461663452,27.0,874.6581068202146,28.0
bend_008.csv,bend_008,14,475,525,1.9,bend,1,6.361775559078115,7.951016122814535,28.0,492.64449932545347,29.0
bend_008.csv,bend_008,15,500,550,2.0,bend,1,7.040031928500291,8.713044193895108,31.0,596.4254963951702,32.0
bend_008.csv,bend_008,16,525,575,2.1,bend,1,9.241461298652482,11.821139284987806,31.0,778.2641939858108,30.0
bend_008.csv,bend_008,17,550,600,2.2,bend,1,9.893499557632188,12.318642633288233,32.0,825.5929091252011,32.0
bend_008.csv,bend_008,18,575,625,2.3,bend,1,9.012803131228448,11.134468977172482,30.0,748.725897183629,30.0
bend_008.csv,bend_008,19,600,650,2.4,bend,1,7.596365997112553,9.901707020549937,30.0,622.9490297090811,28.0
bend_008.csv,bend_008,20,625,675,2.5,bend,1,6.031832976352753,7.160906432698213,31.0,488.87616096569377,30.0
bend_008.csv,bend_008,21,650,700,2.6,bend,1,8.10699923952805,11.027979234372598,33.0,725.2008944781787,31.0
bend_008.csv,bend_008,22,675,725,2.7,bend,1,8.709657113249264,11.381195901260615,33.0,771.3779949495508,31.0
bend_008.csv,bend_008,23,700,750,2.8,bend,1,7.775032858896299,9.640342441488519,34.0,662.1549253067079,31.0
bend_008.csv,bend_008,24,725,775,2.9,bend,1,7.73677371343337,9.656045702912925,33.0,649.7522312937891,32.0
bend_008.csv,bend_008,25,750,800,3.0,bend,1,8.456010388768224,10.590123899144816,30.0,720.191951185623,31.0
bend_008.csv,bend_008,26,775,825,3.1,bend,1,7.270856394406283,9.73728836231248,29.0,631.201313775506,31.0
bend_008.csv,bend_008,27,800,850,3.2,bend,1,5.5097648542463515,6.92733741932412,30.0,461.06451821354017,29.0
bend_008.csv,bend_008,28,825,875,3.3,bend,1,6.978577043252397,8.333466603163682,31.0,571.0934382366427,31.0
bend_008.csv,bend_008,29,850,900,3.4,bend,1,8.913356413176247,10.913790965764258,31.0,716.3529239700479,31.0
bend_008.csv,bend_008,30,875,925,3.5,bend,1,6.801462846814918,9.475283030005631,32.0,575.7702542290889,30.0
bend_008.csv,bend_008,31,900,950,3.6,bend,1,4.027468203721828,5.264565786893177,32.0,347.0627634603138,30.0
bend_008.csv,bend_008,32,925,975,3.7,bend,1,4.4094279948099775,5.536982502891073,32.0,376.88495962342876,31.0
bend_008.csv,bend_008,33,950,1000,3.8,bend,1,5.764599980627861,6.712318755998197,30.0,453.5883547665189,31.0
bend_008.csv,bend_008,34,975,1025,3.9,bend,1,7.5125606759959,8.460549603834126,30.0,598.3898793906334,31.0
bend_008.csv,bend_008,35,1000,1050,4.0,bend,1,7.64966083838502,9.178921871531399,32.0,626.518825593368,30.0
bend_008.csv,bend_008,36,1025,1075,4.1,bend,1,7.729511103684104,9.279397594604205,31.0,621.9030652981883,29.0
bend_008.csv,bend_008,37,1050,1100,4.2,bend,1,5.420063181128663,6.834098400465585,30.0,424.732146910128,29.0
bend_008.csv,bend_008,38,1075,1125,4.3,bend,1,3.7071130207327867,4.758301207857043,30.0,324.5191808755557,28.0
bend_008.csv,bend_008,39,1100,1150,4.4,bend,1,3.8858108860068485,4.981145396944248,30.0,329.47476280362145,26.0
bend_008.csv,bend_008,40,1125,1175,4.5,bend,1,3.631705115560262,4.3892032929331855,31.0,304.4238489156919,28.0
bend_008.csv,bend_008,41,1150,1200,4.6,bend,1,3.5358922703938305,4.273876379482281,34.0,301.57727050778766,30.0
bend_008.csv,bend_008,42,1175,1225,4.7,bend,1,3.167219384997571,3.92649213420313,32.0,269.53847037213353,28.0
bend_008.csv,bend_008,43,1200,1250,4.8,bend,1,3.6259959316640633,4.214430228000869,30.0,299.88396492380434,31.0
bend_009.csv,bend_009,0,125,175,0.5,bend,1,4.977597608452959,6.0522646249552015,33.0,454.3048979956273,32.0
bend_009.csv,bend_009,1,150,200,0.6,bend,1,3.328143945685335,4.377623786174002,31.0,286.297147795238,26.0
bend_009.csv,bend_009,2,175,225,0.7,bend,1,3.483939774613503,4.397577045190977,31.0,298.500924362269,28.0
bend_009.csv,bend_009,3,200,250,0.8,bend,1,3.9025476356454964,4.690838658609468,33.0,329.08966997601624,28.0
bend_009.csv,bend_009,4,225,275,0.9,bend,1,3.9765195103971998,5.673080438535585,32.0,326.4486498770993,27.0
bend_009.csv,bend_009,5,250,300,1.0,bend,1,15.745782855542359,22.83128666509269,33.0,1338.070885499851,30.0
bend_009.csv,bend_009,6,275,325,1.1,bend,1,26.48797197625518,31.598722168976067,32.0,2193.495243750829,29.0
bend_009.csv,bend_009,7,300,350,1.2,bend,1,19.15858427637819,25.459350194433306,32.0,1603.9236425632132,30.0
bend_009.csv,bend_009,8,325,375,1.3,bend,1,14.360561195664964,18.613886328098506,34.0,1266.4965625592638,32.0
bend_009.csv,bend_009,9,350,400,1.4,bend,1,11.097864415909298,15.056467941630686,31.0,952.1810981249225,31.0
bend_009.csv,bend_009,10,375,425,1.5,bend,1,7.094329436894478,9.312107347427554,27.0,565.7515657569434,28.0
bend_009.csv,bend_009,11,400,450,1.6,bend,1,8.51454310290889,10.233506499430971,31.0,702.8806769058534,32.0
bend_009.csv,bend_009,12,425,475,1.7,bend,1,9.212311526427868,10.557302261626743,33.0,774.2857321830422,34.0
bend_009.csv,bend_009,13,450,500,1.8,bend,1,9.102084602678087,10.725427909678404,34.0,778.6502420393018,35.0
bend_009.csv,bend_009,14,475,525,1.9,bend,1,8.07382762795657,9.495806660499005,33.0,689.5298282271829,32.0
bend_009.csv,bend_009,15,500,550,2.0,bend,1,9.033168553063524,10.753775879482886,30.0,749.7089540960405,29.0
bend_009.csv,bend_009,16,525,575,2.1,bend,1,11.243855606401334,13.806634039354392,31.0,978.6757342464766,32.0
bend_009.csv,bend_009,17,550,600,2.2,bend,1,9.418514130821073,11.995512855268645,31.0,803.3862345035142,32.0
bend_009.csv,bend_009,18,575,625,2.3,bend,1,7.887536633649558,10.198440758194801,32.0,710.1662223234296,33.0
bend_009.csv,bend_009,19,600,650,2.4,bend,1,7.01227540563041,9.777458799429684,30.0,637.5409886899481,30.0
bend_009.csv,bend_009,20,625,675,2.5,bend,1,6.273899359770595,7.91946312887199,30.0,515.564317841907,29.0
bend_009.csv,bend_009,21,650,700,2.6,bend,1,6.974309147933066,8.937660779221645,32.0,594.5137064034992,29.0
bend_009.csv,bend_009,22,675,725,2.7,bend,1,9.895567662076076,12.840688679110626,33.0,834.499503415467,30.0
bend_009.csv,bend_009,23,700,750,2.8,bend,1,13.082531455625926,15.148535260196661,31.0,1058.3165017748065,30.0
bend_009.csv,bend_009,24,725,775,2.9,bend,1,11.50319829361029,14.117630346007555,29.0,934.4386070498205,29.0
bend_009.csv,bend_009,25,750,800,3.0,bend,1,11.325564833357218,13.841422129568109,30.0,923.0581647302035,30.0
bend_009.csv,bend_009,26,775,825,3.1,bend,1,10.551191127892068,12.19864280886499,31.0,849.8538962933417,30.0
bend_009.csv,bend_009,27,800,850,3.2,bend,1,9.672474654434806,11.665775160743113,31.0,776.198405386424,27.0
bend_009.csv,bend_009,28,825,875,3.3,bend,1,8.70813777903476,10.80924198151225,31.0,697.0808958702024,28.0
bend_009.csv,bend_009,29,850,900,3.4,bend,1,9.01980118996877,11.08775579110459,32.0,740.5816466494124,31.0
bend_009.csv,bend_009,30,875,925,3.5,bend,1,10.203442684670538,12.230184819117522,34.0,895.1029591910578,35.0
bend_009.csv,bend_009,31,900,950,3.6,bend,1,8.367500814845322,10.057070468154832,33.0,682.1232394581375,32.0
bend_009.csv,bend_009,32,925,975,3.7,bend,1,5.778695592521137,7.178131178814316,32.0,479.837919681391,31.0
bend_009.csv,bend_009,33,950,1000,3.8,bend,1,4.24132953091172,5.159941170692143,33.0,368.89302476711447,32.0
bend_009.csv,bend_009,34,975,1025,3.9,bend,1,6.737943030822091,8.40797442698923,32.0,571.9258316552045,32.0
bend_009.csv,bend_009,35,1000,1050,4.0,bend,1,7.503616089877069,9.002427886910148,31.0,623.4732368576912,30.0
bend_009.csv,bend_009,36,1025,1075,4.1,bend,1,4.100011791590694,5.290840130251414,30.0,354.3483414218999,28.0
bend_009.csv,bend_009,37,1050,1100,4.2,bend,1,3.638849446294099,4.542280102708804,31.0,300.7228148788094,29.0
bend_009.csv,bend_009,38,1075,1125,4.3,bend,1,4.134885306883781,4.872946357967837,34.0,355.2261746022731,32.0
bend_009.csv,bend_009,39,1100,1150,4.4,bend,1,2.818314552750114,3.4502104939837186,30.0,238.7092259142395,27.0
bend_009.csv,bend_009,40,1125,1175,4.5,bend,1,2.4029367634936496,2.8134215062347145,31.0,205.99762223291103,30.0
bend_009.csv,bend_009,41,1150,1200,4.6,bend,1,3.0449198674609987,3.507841342340771,32.0,262.2175255973283,33.0
bend_009.csv,bend_009,42,1175,1225,4.7,bend,1,3.36492279962254,3.8328585448470562,33.0,290.0268322758469,33.0
bend_009.csv,bend_009,43,1200,1250,4.8,bend,1,2.814468378235795,3.27339629283732,31.0,229.80575428701036,29.0
bend_010.csv,bend_010,0,125,175,0.5,bend,1,4.416358045019869,5.706515920825636,28.0,346.56418707632184,23.0
bend_010.csv,bend_010,1,150,200,0.6,bend,1,3.638501772024504,4.5694656307940855,30.0,302.12619110118953,27.0
bend_010.csv,bend_010,2,175,225,0.7,bend,1,5.756180973253778,8.783811483394912,28.0,441.57362989189664,27.0
bend_010.csv,bend_010,3,200,250,0.8,bend,1,32.830491932783055,49.519948375474,27.0,2631.3043394122437,27.0
bend_010.csv,bend_010,4,225,275,0.9,bend,1,37.541628409929714,51.154248255789476,30.0,3021.774994204914,31.0
bend_010.csv,bend_010,5,250,300,1.0,bend,1,17.441193732396997,21.279965592362903,30.0,1433.315110585088,30.0
bend_010.csv,bend_010,6,275,325,1.1,bend,1,19.678732482049792,23.6106802764628,30.0,1591.641948763771,31.0
bend_010.csv,bend_010,7,300,350,1.2,bend,1,15.112040133027174,19.715686711541053,32.0,1204.0795115109524,31.0
bend_010.csv,bend_010,8,325,375,1.3,bend,1,12.797582479808456,15.780782932522156,31.0,1030.164715768075,30.0
bend_010.csv,bend_010,9,350,400,1.4,bend,1,14.599040637679968,17.92765590632779,28.0,1147.1757357645424,29.0
bend_010.csv,bend_010,10,375,425,1.5,bend,1,14.061415657496712,17.911141944250797,29.0,1185.2023332221058,30.0
bend_010.csv,bend_010,11,400,450,1.6,bend,1,10.886295384112314,14.82219154865895,28.0,915.8097785815253,30.0
bend_010.csv,bend_010,12,425,475,1.7,bend,1,6.9504916400673595,8.288748131592337,29.0,573.2888173810542,31.0
bend_010.csv,bend_010,13,450,500,1.8,bend,1,8.056193560441024,9.275582600001426,31.0,645.4062978398713,31.0
bend_010.csv,bend_010,14,475,525,1.9,bend,1,7.714214024406704,8.960150620830667,30.0,632.4127353300709,31.0
bend_010.csv,bend_010,15,500,550,2.0,bend,1,6.712027018080952,8.12967115678696,32.0,597.0946620568642,33.0
bend_010.csv,bend_010,16,525,575,2.1,bend,1,4.88449824895621,6.088286849066282,31.0,435.7063840923221,31.0
bend_010.csv,bend_010,17,550,600,2.2,bend,1,3.9383325472197646,4.7625645081578085,30.0,343.5771864291153,30.0
bend_010.csv,bend_010,18,575,625,2.3,bend,1,5.538225138266592,6.810608619457994,30.0,460.292367503108,30.0
bend_010.csv,bend_010,19,600,650,2.4,bend,1,7.409931318402535,8.669872187219525,30.0,600.2362749018363,29.0
bend_010.csv,bend_010,20,625,675,2.5,bend,1,6.851714838750187,8.098363029652521,31.0,562.3289683864233,30.0
bend_010.csv,bend_010,21,650,700,2.6,bend,1,5.565702184115678,6.627542597678757,33.0,488.6116116263234,34.0
bend_010.csv,bend_010,22,675,725,2.7,bend,1,6.573442479838604,8.190011777110477,31.0,530.4347118539155,32.0
bend_010.csv,bend_010,23,700,750,2.8,bend,1,7.4166178463111985,9.35538633550037,31.0,612.4988296445632,30.0
bend_010.csv,bend_010,24,725,775,2.9,bend,1,7.160059560308412,9.322321183240467,34.0,613.2331487734052,28.0
bend_010.csv,bend_010,25,750,800,3.0,bend,1,6.409323384627993,8.308702065386926,33.0,535.6987444551443,29.0
bend_010.csv,bend_010,26,775,825,3.1,bend,1,7.681050650962151,9.976714995690534,32.0,668.7721917455553,32.0
bend_010.csv,bend_010,27,800,850,3.2,bend,1,8.651602720983535,10.614723724920106,33.0,750.5783222346129,34.0
bend_010.csv,bend_010,28,825,875,3.3,bend,1,5.787728610460131,7.046484049098665,30.0,490.75751186131424,29.0
bend_010.csv,bend_010,29,850,900,3.4,bend,1,5.928633717934848,7.248674724426808,30.0,478.848932430828,28.0
bend_010.csv,bend_010,30,875,925,3.5,bend,1,6.95274232758546,8.15629753323344,31.0,566.177724057429,32.0
bend_010.csv,bend_010,31,900,950,3.6,bend,1,5.381760902668717,6.530934370218488,30.0,440.76604067180494,31.0
bend_010.csv,bend_010,32,925,975,3.7,bend,1,5.04173825399446,5.9179338355807545,30.0,415.8496527677662,31.0
bend_010.csv,bend_010,33,950,1000,3.8,bend,1,6.281057806536057,7.883354969934494,33.0,551.4627500679217,34.0
bend_010.csv,bend_010,34,975,1025,3.9,bend,1,6.7885255068558035,8.732021016223706,29.0,554.3282175986618,31.0
bend_010.csv,bend_010,35,1000,1050,4.0,bend,1,6.09784186889465,7.542399925535004,29.0,494.8629435867895,31.0
bend_010.csv,bend_010,36,1025,1075,4.1,bend,1,6.3593601323293445,7.463218234027913,32.0,523.7621104302249,33.0
bend_010.csv,bend_010,37,1050,1100,4.2,bend,1,5.792156996842947,6.925619399323382,32.0,477.3766019551622,31.0
bend_010.csv,bend_010,38,1075,1125,4.3,bend,1,4.634899869001405,5.6701144938581525,31.0,391.12436921657405,30.0
bend_010.csv,bend_010,39,1100,1150,4.4,bend,1,3.9153780617969303,5.029859068424823,30.0,319.2152788028922,28.0
bend_010.csv,bend_010,40,1125,1175,4.5,bend,1,3.8543619831101843,4.837029642517129,32.0,329.28826306962776,31.0
bend_010.csv,bend_010,41,1150,1200,4.6,bend,1,5.350538621427083,6.596071656645725,32.0,451.332698676704,32.0
bend_010.csv,bend_010,42,1175,1225,4.7,bend,1,4.8382694246999725,6.13718802878352,30.0,403.9925169953399,28.0
bend_010.csv,bend_010,43,1200,1250,4.8,bend,1,4.482803871471939,5.39383222510952,29.0,359.3178853842467,28.0
bend_011.csv,bend_011,0,125,175,0.5,bend,1,4.460685833971018,5.351543004958587,31.0,360.9820003927849,31.0
bend_011.csv,bend_011,1,150,200,0.6,bend,1,4.246590109056456,5.0560148221140935,32.0,348.86808399440906,31.0
bend_011.csv,bend_011,2,175,225,0.7,bend,1,3.6804753715924483,4.605937157294451,32.0,307.8263036230202,29.0
bend_011.csv,bend_011,3,200,250,0.8,bend,1,3.934655415848278,5.389354359016373,31.0,321.3922290642033,29.0
bend_011.csv,bend_011,4,225,275,0.9,bend,1,11.648864958820843,16.632105902677004,31.0,978.5934826423113,30.0
bend_011.csv,bend_011,5,250,300,1.0,bend,1,15.717874017280986,19.52122589253953,34.0,1278.9503712897922,30.0
bend_011.csv,bend_011,6,275,325,1.1,bend,1,17.432981849964907,20.399146210153972,33.0,1452.3359315762812,31.0
bend_011.csv,bend_011,7,300,350,1.2,bend,1,16.585697463671103,19.545788936979015,31.0,1390.2030783292114,31.0
bend_011.csv,bend_011,8,325,375,1.3,bend,1,11.328454969195052,13.514103017357643,32.0,937.2284383960019,31.0
bend_011.csv,bend_011,9,350,400,1.4,bend,1,11.260879507460132,13.895382494141169,30.0,913.1411526436323,30.0
bend_011.csv,bend_011,10,375,425,1.5,bend,1,13.290061776492777,16.2042657194862,30.0,1139.2572253138426,30.0
bend_011.csv,bend_011,11,400,450,1.6,bend,1,10.538704242389509,13.777096944522956,30.0,915.2706470426823,30.0
bend_011.csv,bend_011,12,425,475,1.7,bend,1,6.181242238028256,7.813010208074378,30.0,500.31345552741544,29.0
bend_011.csv,bend_011,13,450,500,1.8,bend,1,7.794883972732079,9.47257890610118,30.0,648.9567198777511,30.0
bend_011.csv,bend_011,14,475,525,1.9,bend,1,6.987536588881536,8.650728882935883,31.0,591.2066253225594,32.0
bend_011.csv,bend_011,15,500,550,2.0,bend,1,5.4031197575469685,6.4868873804581675,31.0,447.5670334153972,31.0
bend_011.csv,bend_011,16,525,575,2.1,bend,1,6.559045893196985,8.27292653150948,31.0,550.5613101188268,32.0
bend_011.csv,bend_011,17,550,600,2.2,bend,1,6.230925593682619,7.888874686971059,32.0,529.4344590553047,33.0
bend_011.csv,bend_011,18,575,625,2.3,bend,1,6.274379880367553,7.235801391324301,33.0,529.6165317191245,34.0
bend_011.csv,bend_011,19,600,650,2.4,bend,1,6.614753948871454,7.7752177264733895,33.0,547.8498939961286,34.0
bend_011.csv,bend_011,20,625,675,2.5,bend,1,5.919390069817964,7.052718966318587,33.0,475.51330529137937,33.0
bend_011.csv,bend_011,21,650,700,2.6,bend,1,6.811675472264258,8.988043751358482,33.0,597.24573383222,31.0
bend_011.csv,bend_011,22,675,725,2.7,bend,1,8.952035888839616,11.39323003375351,31.0,771.4177701100566,31.0
bend_011.csv,bend_011,23,700,750,2.8,bend,1,8.682375153915325,10.46433085937464,31.0,739.9684518492019,32.0
bend_011.csv,bend_011,24,725,775,2.9,bend,1,8.539698771607082,10.111480511135536,32.0,734.5591323799432,31.0
bend_011.csv,bend_011,25,750,800,3.0,bend,1,9.939828200242493,12.287190275092376,32.0,818.8203627229809,29.0
bend_011.csv,bend_011,26,775,825,3.1,bend,1,9.656552787747906,11.903719449959981,32.0,799.814425477196,31.0
bend_011.csv,bend_011,27,800,850,3.2,bend,1,9.99672332488696,11.455177156507725,31.0,828.2638311705884,32.0
bend_011.csv,bend_011,28,825,875,3.3,bend,1,9.098288751026526,10.759494530367395,32.0,779.0641678653235,33.0
bend_011.csv,bend_011,29,850,900,3.4,bend,1,5.555843466084412,6.85963902630455,32.0,460.00317574550365,31.0
bend_011.csv,bend_011,30,875,925,3.5,bend,1,5.475794580016835,6.323353536628611,33.0,451.8862393580799,32.0
bend_011.csv,bend_011,31,900,950,3.6,bend,1,6.155862189008824,7.165995270362694,31.0,493.7095141309909,32.0
bend_011.csv,bend_011,32,925,975,3.7,bend,1,4.182462707109962,5.3835291968272125,31.0,339.11674833037256,29.0
bend_011.csv,bend_011,33,950,1000,3.8,bend,1,3.1931957920276925,3.8508908496244305,32.0,257.2477143376776,26.0
bend_011.csv,bend_011,34,975,1025,3.9,bend,1,3.1898452665865937,4.016250495295205,30.0,263.83125081719305,27.0
bend_011.csv,bend_011,35,1000,1050,4.0,bend,1,4.300613903034663,5.429111730983466,32.0,376.77147470180233,30.0
bend_011.csv,bend_011,36,1025,1075,4.1,bend,1,4.808021209646265,5.629962251556958,32.0,402.59013043886677,33.0
bend_011.csv,bend_011,37,1050,1100,4.2,bend,1,2.8674244312139807,3.395185368620064,32.0,238.41764853455882,30.0
bend_011.csv,bend_011,38,1075,1125,4.3,bend,1,2.5803026881684548,2.965330452710476,34.0,213.05223942669008,30.0
bend_011.csv,bend_011,39,1100,1150,4.4,bend,1,3.71325728449753,4.21156142553804,33.0,318.219186042568,34.0
bend_011.csv,bend_011,40,1125,1175,4.5,bend,1,3.963922214457996,4.475530649664623,34.0,338.11962431354067,34.0
bend_011.csv,bend_011,41,1150,1200,4.6,bend,1,3.243900256765232,3.7098421630407756,34.0,280.70469782240855,34.0
bend_011.csv,bend_011,42,1175,1225,4.7,bend,1,2.8447963556351543,3.503568930655563,30.0,235.54330908794697,27.0
bend_011.csv,bend_011,43,1200,1250,4.8,bend,1,4.19919460182731,5.052068410571099,31.0,361.1040739044952,29.0
bend_012.csv,bend_012,0,125,175,0.5,bend,1,3.902727063969635,4.354686697592721,34.0,326.3503875657771,33.0
bend_012.csv,bend_012,1,150,200,0.6,bend,1,3.7147439432257903,4.19325079949679,34.0,324.68312644880626,34.0
bend_012.csv,bend_012,2,175,225,0.7,bend,1,3.562292734598048,4.076200351753694,34.0,304.86797131139554,34.0
bend_012.csv,bend_012,3,200,250,0.8,bend,1,5.307506904102289,6.336368114257156,33.0,447.8524268731553,34.0
bend_012.csv,bend_012,4,225,275,0.9,bend,1,9.1808134929753,11.674340851355005,32.0,739.808311366318,33.0
bend_012.csv,bend_012,5,250,300,1.0,bend,1,10.4698636045864,12.818271436408658,32.0,863.8630767930646,31.0
bend_012.csv,bend_012,6,275,325,1.1,bend,1,10.672839217223878,12.665935019181937,32.0,851.6068882935053,30.0
bend_012.csv,bend_012,7,300,350,1.2,bend,1,10.594073708136142,12.586366804035432,30.0,860.9736114242683,31.0
bend_012.csv,bend_012,8,325,375,1.3,bend,1,10.318372139095263,12.726566229533777,31.0,860.276634995182,30.0
bend_012.csv,bend_012,9,350,400,1.4,bend,1,8.870138397080689,11.939564321397485,35.0,783.4186604015056,33.0
bend_012.csv,bend_012,10,375,425,1.5,bend,1,6.9249754213867165,8.905655844148178,34.0,595.2192310885436,31.0
bend_012.csv,bend_012,11,400,450,1.6,bend,1,9.459253271680751,11.176866707211913,33.0,825.0785677151149,33.0
bend_012.csv,bend_012,12,425,475,1.7,bend,1,11.895992624800588,14.21661069042336,32.0,996.5459705408829,33.0
bend_012.csv,bend_012,13,450,500,1.8,bend,1,9.870466399908446,12.532733260327614,30.0,808.044054466622,30.0
bend_012.csv,bend_012,14,475,525,1.9,bend,1,8.84755110435335,11.004969395770338,30.0,705.9785763619738,29.0
bend_012.csv,bend_012,15,500,550,2.0,bend,1,8.832583986465982,11.135878245455627,30.0,695.8278035225436,30.0
bend_012.csv,bend_012,16,525,575,2.1,bend,1,6.64154688409905,8.343489592855084,31.0,524.0866765062309,32.0
bend_012.csv,bend_012,17,550,600,2.2,bend,1,8.337332510798399,10.108025023447912,31.0,646.9694577072993,32.0
bend_012.csv,bend_012,18,575,625,2.3,bend,1,9.278486394844819,10.755291422974128,31.0,726.2752625996826,30.0
bend_012.csv,bend_012,19,600,650,2.4,bend,1,9.025160335247937,10.71411328220326,32.0,719.5309930720612,31.0
bend_012.csv,bend_012,20,625,675,2.5,bend,1,7.767293283873275,9.848226056090077,33.0,637.5286514821206,32.0
bend_012.csv,bend_012,21,650,700,2.6,bend,1,6.472353741932296,8.058228712037153,33.0,552.0979337057142,32.0
bend_012.csv,bend_012,22,675,725,2.7,bend,1,7.248187669617368,8.87421023508615,30.0,596.6686245251169,31.0
bend_012.csv,bend_012,23,700,750,2.8,bend,1,7.028931251008461,9.433696539863732,30.0,605.8284785988764,31.0
bend_012.csv,bend_012,24,725,775,2.9,bend,1,6.900785972463144,9.321097673393254,32.0,603.1840580706436,30.0
bend_012.csv,bend_012,25,750,800,3.0,bend,1,8.996836398436386,11.266417249817941,32.0,748.6382413495472,32.0
bend_012.csv,bend_012,26,775,825,3.1,bend,1,10.684879114174496,12.81723057859108,32.0,901.4832851945499,32.0
bend_012.csv,bend_012,27,800,850,3.2,bend,1,9.389169000554851,11.330245365650661,33.0,809.2802610446925,32.0
bend_012.csv,bend_012,28,825,875,3.3,bend,1,6.664076033399901,8.342982198009105,32.0,567.4610663681128,33.0
bend_012.csv,bend_012,29,850,900,3.4,bend,1,6.187387215488875,7.385169256201294,30.0,503.91253490928125,31.0
bend_012.csv,bend_012,30,875,925,3.5,bend,1,8.34256092240453,10.06748728548668,30.0,660.9320327859575,31.0
bend_012.csv,bend_012,31,900,950,3.6,bend,1,9.02209525692372,10.911999764752823,32.0,757.5989552955232,33.0
bend_012.csv,bend_012,32,925,975,3.7,bend,1,8.942774930391376,10.652179215397554,33.0,733.6593145302843,33.0
bend_012.csv,bend_012,33,950,1000,3.8,bend,1,8.128041066752335,9.81669975112686,31.0,680.2130717056665,32.0
bend_012.csv,bend_012,34,975,1025,3.9,bend,1,8.000703445445343,9.469726137733296,29.0,662.8961655767806,31.0
bend_012.csv,bend_012,35,1000,1050,4.0,bend,1,8.779324258280065,10.727566066268489,32.0,800.6905849154081,33.0
bend_012.csv,bend_012,36,1025,1075,4.1,bend,1,6.717839899543363,9.090431537695633,32.0,591.2823501224559,31.0
bend_012.csv,bend_012,37,1050,1100,4.2,bend,1,5.2245771757409605,7.293798604589207,32.0,467.7911005613506,29.0
bend_012.csv,bend_012,38,1075,1125,4.3,bend,1,6.838318503084087,8.783959989846915,31.0,594.4411025223192,30.0
bend_012.csv,bend_012,39,1100,1150,4.4,bend,1,6.4111237341279175,7.7960584990497,32.0,539.9999877729965,33.0
bend_012.csv,bend_012,40,1125,1175,4.5,bend,1,5.9573385896940145,7.29627023965024,32.0,488.630772375856,33.0
bend_012.csv,bend_012,41,1150,1200,4.6,bend,1,5.360948763109443,6.835599139836627,35.0,440.13377034883035,30.0
bend_012.csv,bend_012,42,1175,1225,4.7,bend,1,5.836962156323884,7.145505496221196,34.0,506.09232848601744,31.0
bend_012.csv,bend_012,43,1200,1250,4.8,bend,1,5.382466136240273,6.858250960444234,35.0,473.62644396886657,32.0
bend_013.csv,bend_013,0,125,175,0.5,bend,1,2.5920656685682686,3.273109458290454,29.0,203.71239021238637,23.0
bend_013.csv,bend_013,1,150,200,0.6,bend,1,3.7441503722011045,4.655094327989888,31.0,329.98114864569925,28.0
bend_013.csv,bend_013,2,175,225,0.7,bend,1,4.138424135660328,4.872705428278586,36.0,364.7116167992963,34.0
bend_013.csv,bend_013,3,200,250,0.8,bend,1,5.463704556325626,7.057401922251165,34.0,489.1550879962382,33.0
bend_013.csv,bend_013,4,225,275,0.9,bend,1,12.327474087998956,18.79276643107679,32.0,1118.583299148455,32.0
bend_013.csv,bend_013,5,250,300,1.0,bend,1,13.11606042823011,19.771774794385923,34.0,1143.7119434912945,33.0
bend_013.csv,bend_013,6,275,325,1.1,bend,1,11.302893463386411,14.767805655862597,32.0,931.7354953182194,31.0
bend_013.csv,bend_013,7,300,350,1.2,bend,1,18.059406829639318,24.42550811125094,32.0,1477.4649153936552,31.0
bend_013.csv,bend_013,8,325,375,1.3,bend,1,20.035106942504683,26.2455975928597,30.0,1594.7870624505167,31.0
bend_013.csv,bend_013,9,350,400,1.4,bend,1,15.078289262029843,18.780043256587284,28.0,1214.492949675971,28.0
bend_013.csv,bend_013,10,375,425,1.5,bend,1,13.227416741202541,16.34018532600243,30.0,1081.0529357210862,31.0
bend_013.csv,bend_013,11,400,450,1.6,bend,1,13.511942483765015,16.149568682417446,32.0,1142.5605703203803,33.0
bend_013.csv,bend_013,12,425,475,1.7,bend,1,15.843039944772201,19.092397580806733,33.0,1321.3366757575218,31.0
bend_013.csv,bend_013,13,450,500,1.8,bend,1,17.70291281742579,21.104913050851685,36.0,1551.8934060953702,35.0
bend_013.csv,bend_013,14,475,525,1.9,bend,1,16.901677530467627,20.086888043395042,33.0,1426.1044785118172,34.0
bend_013.csv,bend_013,15,500,550,2.0,bend,1,14.71185037673211,17.528944415518314,31.0,1242.5776337262648,32.0
bend_013.csv,bend_013,16,525,575,2.1,bend,1,11.43497794551578,14.239470605084144,31.0,998.7046890944225,32.0
bend_013.csv,bend_013,17,550,600,2.2,bend,1,8.422455277060555,11.561697352721735,32.0,762.1893019092727,32.0
bend_013.csv,bend_013,18,575,625,2.3,bend,1,8.296649675174423,9.778169639412141,33.0,707.2317890194356,33.0
bend_013.csv,bend_013,19,600,650,2.4,bend,1,8.18312715116733,9.531361347723932,32.0,679.6675293760352,33.0
bend_013.csv,bend_013,20,625,675,2.5,bend,1,9.424165899718528,11.784827156437768,34.0,836.2479698584693,35.0
bend_013.csv,bend_013,21,650,700,2.6,bend,1,11.1384269131084,13.88930922909356,33.0,977.6606289525942,34.0
bend_013.csv,bend_013,22,675,725,2.7,bend,1,11.681020482659774,14.552129248552012,33.0,999.3364537252413,33.0
bend_013.csv,bend_013,23,700,750,2.8,bend,1,14.989577961704128,17.70249944197243,33.0,1276.1775558003505,34.0
bend_013.csv,bend_013,24,725,775,2.9,bend,1,13.289776454963016,16.07837079396469,34.0,1159.0989565602968,35.0
bend_013.csv,bend_013,25,750,800,3.0,bend,1,10.903904856382258,12.699965216619901,36.0,965.2368556305439,36.0
bend_013.csv,bend_013,26,775,825,3.1,bend,1,11.595742579479948,13.271525021356917,33.0,964.3060330359747,34.0
bend_013.csv,bend_013,27,800,850,3.2,bend,1,10.722989027375144,12.825374692736558,32.0,913.8531034955195,33.0
bend_013.csv,bend_013,28,825,875,3.3,bend,1,11.144913817527957,14.136101603302205,32.0,956.7094848169578,33.0
bend_013.csv,bend_013,29,850,900,3.4,bend,1,10.1348833133023,13.438758034350275,32.0,877.557803287424,33.0
bend_013.csv,bend_013,30,875,925,3.5,bend,1,8.173507440752477,10.427368470052171,33.0,682.4271360427316,32.0
bend_013.csv,bend_013,31,900,950,3.6,bend,1,7.835298935949194,9.405867568103428,31.0,625.8682655312411,30.0
bend_013.csv,bend_013,32,925,975,3.7,bend,1,6.591991593983349,7.62848454113432,29.0,510.5526367627266,29.0
bend_013.csv,bend_013,33,950,1000,3.8,bend,1,5.354750218114931,6.295248982500308,31.0,448.08717184681046,31.0
bend_013.csv,bend_013,34,975,1025,3.9,bend,1,4.544883284479273,5.19367687431851,33.0,390.9556878556817,33.0
bend_013.csv,bend_013,35,1000,1050,4.0,bend,1,4.118618314142283,4.6115489707176005,34.0,349.1917964802555,35.0
bend_013.csv,bend_013,36,1025,1075,4.1,bend,1,4.052176663022076,4.938765537349907,33.0,341.05095085357505,32.0
bend_013.csv,bend_013,37,1050,1100,4.2,bend,1,4.040423399267386,5.171597189340313,33.0,351.67438131444044,31.0
bend_013.csv,bend_013,38,1075,1125,4.3,bend,1,3.4430014114079044,4.392940910952374,33.0,291.79202997207364,31.0
bend_013.csv,bend_013,39,1100,1150,4.4,bend,1,3.762347099111794,4.416093685178578,33.0,331.0332308468688,32.0
bend_013.csv,bend_013,40,1125,1175,4.5,bend,1,3.929496832254176,4.383058248263433,34.0,338.36929206742684,35.0
bend_013.csv,bend_013,41,1150,1200,4.6,bend,1,2.9141677230715834,3.356911539677392,34.0,250.12695244474003,33.0
bend_013.csv,bend_013,42,1175,1225,4.7,bend,1,2.704953971514797,3.2250958225762143,33.0,234.06253037005536,31.0
bend_013.csv,bend_013,43,1200,1250,4.8,bend,1,3.485012055133959,4.072861758282875,33.0,308.17135045131573,33.0
bend_014.csv,bend_014,0,125,175,0.5,bend,1,10.483547574385286,14.087899223942506,35.0,896.6773556030453,32.0
bend_014.csv,bend_014,1,150,200,0.6,bend,1,10.088493474821517,13.488184750557927,34.0,850.0544650722453,33.0
bend_014.csv,bend_014,2,175,225,0.7,bend,1,16.08282498309769,19.78044955520339,35.0,1410.6283426169591,35.0
bend_014.csv,bend_014,3,200,250,0.8,bend,1,20.228707885257656,24.594805500739444,34.0,1748.5677860822511,32.0
bend_014.csv,bend_014,4,225,275,0.9,bend,1,21.398923274662806,26.18474199663622,34.0,1746.6494806084622,30.0
bend_014.csv,bend_014,5,250,300,1.0,bend,1,26.187959947160017,32.026830012788785,31.0,2193.8020159127445,29.0
bend_014.csv,bend_014,6,275,325,1.1,bend,1,28.659332601261564,35.498205043595725,33.0,2515.363928500407,30.0
bend_014.csv,bend_014,7,300,350,1.2,bend,1,22.506227568004693,30.538947611304934,34.0,1964.5031795398309,31.0
bend_014.csv,bend_014,8,325,375,1.3,bend,1,20.57960537006834,27.621916186593932,32.0,1831.4408136230195,32.0
bend_014.csv,bend_014,9,350,400,1.4,bend,1,18.990618483027518,23.688002120301572,32.0,1617.9346359994895,30.0
bend_014.csv,bend_014,10,375,425,1.5,bend,1,18.508638564539634,21.709463833935718,30.0,1478.809949644756,29.0
bend_014.csv,bend_014,11,400,450,1.6,bend,1,20.51270966823111,24.061923031427753,30.0,1669.1860538367955,31.0
bend_014.csv,bend_014,12,425,475,1.7,bend,1,20.200638398156766,24.93548007436827,32.0,1759.139627252619,33.0
bend_014.csv,bend_014,13,450,500,1.8,bend,1,15.618894008685045,21.419755955604128,32.0,1333.492453823902,31.0
bend_014.csv,bend_014,14,475,525,1.9,bend,1,11.91651264006589,15.269917508137635,32.0,1037.571205936147,31.0
bend_014.csv,bend_014,15,500,550,2.0,bend,1,12.19927702873203,15.157198231072945,31.0,1011.7388606165226,30.0
bend_014.csv,bend_014,16,525,575,2.1,bend,1,10.059659575450201,13.314338345470802,33.0,855.1003041534564,30.0
bend_014.csv,bend_014,17,550,600,2.2,bend,1,9.926590263574004,12.671790244532273,33.0,844.385659820729,32.0
bend_014.csv,bend_014,18,575,625,2.3,bend,1,11.720750965634899,14.32771142509529,31.0,964.7738912270846,32.0
bend_014.csv,bend_014,19,600,650,2.4,bend,1,14.149759138393485,18.29931996703006,31.0,1194.815587259312,31.0
bend_014.csv,bend_014,20,625,675,2.5,bend,1,13.528293775898598,17.511267566337118,32.0,1146.702299211577,32.0
bend_014.csv,bend_014,21,650,700,2.6,bend,1,11.303900463655282,13.491076741711485,31.0,910.9794372314739,29.0
bend_014.csv,bend_014,22,675,725,2.7,bend,1,10.453134406683896,12.667235657174883,31.0,873.1287018571577,29.0
bend_014.csv,bend_014,23,700,750,2.8,bend,1,10.392208572006522,12.885564350484353,30.0,881.7565762599878,31.0
bend_014.csv,bend_014,24,725,775,2.9,bend,1,14.919110164520266,18.84236913048843,33.0,1280.071970805879,34.0
bend_014.csv,bend_014,25,750,800,3.0,bend,1,14.714050805799708,18.374620333691997,32.0,1250.9902141430352,33.0
bend_014.csv,bend_014,26,775,825,3.1,bend,1,13.541979117744908,16.321828877189112,33.0,1152.210126449684,33.0
bend_014.csv,bend_014,27,800,850,3.2,bend,1,16.571500666695712,19.70919289140934,34.0,1422.2398774590301,34.0
bend_014.csv,bend_014,28,825,875,3.3,bend,1,14.924884965582901,18.108976737308712,33.0,1299.169733063265,34.0
bend_014.csv,bend_014,29,850,900,3.4,bend,1,14.612279573261842,17.130180170084866,34.0,1253.1068973694253,34.0
bend_014.csv,bend_014,30,875,925,3.5,bend,1,13.452712650184628,16.237824414024043,34.0,1186.0293356299403,34.0
bend_014.csv,bend_014,31,900,950,3.6,bend,1,11.251524407302302,14.427354969131876,32.0,996.7928923187646,33.0
bend_014.csv,bend_014,32,925,975,3.7,bend,1,12.981857729044512,15.356676772869738,33.0,1126.7658105907303,34.0
bend_014.csv,bend_014,33,950,1000,3.8,bend,1,13.060639703080078,14.957183135869567,32.0,1063.1094125275558,33.0
bend_014.csv,bend_014,34,975,1025,3.9,bend,1,11.962295136075413,14.208747522859786,31.0,983.6322768271546,32.0
bend_014.csv,bend_014,35,1000,1050,4.0,bend,1,9.754862706387613,12.325336518767019,32.0,840.5496845536396,32.0
bend_014.csv,bend_014,36,1025,1075,4.1,bend,1,8.069587471538163,10.36348982019144,35.0,720.1737411739778,36.0
bend_014.csv,bend_014,37,1050,1100,4.2,bend,1,7.229034239768444,9.249070614739772,35.0,629.6218932732944,35.0
bend_014.csv,bend_014,38,1075,1125,4.3,bend,1,7.476611983099286,9.293064744483432,34.0,631.7389570469398,35.0
bend_014.csv,bend_014,39,1100,1150,4.4,bend,1,11.657584295312763,13.959418113326242,34.0,1013.5683133531861,35.0
bend_014.csv,bend_014,40,1125,1175,4.5,bend,1,8.417232357014742,11.813466125472035,33.0,759.2961582077166,30.0
bend_014.csv,bend_014,41,1150,1200,4.6,bend,1,3.509522023768213,4.20762487308455,32.0,285.92377074346933,28.0
bend_014.csv,bend_014,42,1175,1225,4.7,bend,1,4.200445295395233,5.053679187481194,31.0,356.1172780581877,30.0
bend_014.csv,bend_014,43,1200,1250,4.8,bend,1,3.716635283074081,4.618414000904859,29.0,311.8102560926884,28.0
bend_015.csv,bend_015,0,125,175,0.5,bend,1,8.421512170735625,11.33321785359684,34.0,711.6822063391335,34.0
bend_015.csv,bend_015,1,150,200,0.6,bend,1,16.362581941634993,20.475189912410723,34.0,1362.374818008747,35.0
bend_015.csv,bend_015,2,175,225,0.7,bend,1,16.361530149844462,20.52396139410039,32.0,1369.5012844405835,33.0
bend_015.csv,bend_015,3,200,250,0.8,bend,1,14.346480504132872,18.05226132821173,30.0,1159.3201106129172,30.0
bend_015.csv,bend_015,4,225,275,0.9,bend,1,14.096460758323555,17.924272676203106,28.0,1098.5148175617257,29.0
bend_015.csv,bend_015,5,250,300,1.0,bend,1,17.147082882516727,20.95266109971517,29.0,1316.2292591582654,30.0
bend_015.csv,bend_015,6,275,325,1.1,bend,1,23.61249663933333,29.922386583908313,33.0,1948.5858244158387,34.0
bend_015.csv,bend_015,7,300,350,1.2,bend,1,21.987245554892763,28.633494232501835,31.0,1794.318838062437,32.0
bend_015.csv,bend_015,8,325,375,1.3,bend,1,21.662921988238487,26.81077102847835,33.0,1934.9966210890354,34.0
bend_015.csv,bend_015,9,350,400,1.4,bend,1,19.23771983866449,24.61330271731586,34.0,1721.0503725324052,35.0
bend_015.csv,bend_015,10,375,425,1.5,bend,1,20.103356285045855,25.066960006307827,35.0,1737.6172734471852,35.0
bend_015.csv,bend_015,11,400,450,1.6,bend,1,20.02583189930569,25.139952552683784,36.0,1755.0241298570133,37.0
bend_015.csv,bend_015,12,425,475,1.7,bend,1,15.2670029090642,18.218450789086102,35.0,1287.5165850409962,36.0
bend_015.csv,bend_015,13,450,500,1.8,bend,1,24.424739737240483,30.276255860255855,31.0,2017.9449631056125,32.0
bend_015.csv,bend_015,14,475,525,1.9,bend,1,21.072298322270644,28.16362881820125,30.0,1737.910308659748,30.0
bend_015.csv,bend_015,15,500,550,2.0,bend,1,12.631755539289648,15.827676721605796,32.0,1081.614766539179,32.0
bend_015.csv,bend_015,16,525,575,2.1,bend,1,14.029777740551548,17.981666546921847,31.0,1240.2396056440712,32.0
bend_015.csv,bend_015,17,550,600,2.2,bend,1,11.663717314894189,14.784165835547029,30.0,991.4434264742325,31.0
bend_015.csv,bend_015,18,575,625,2.3,bend,1,15.517374705142638,19.607963538718284,32.0,1319.8090324138961,32.0
bend_015.csv,bend_015,19,600,650,2.4,bend,1,18.329227898014988,23.370003556325308,34.0,1613.103446395018,33.0
bend_015.csv,bend_015,20,625,675,2.5,bend,1,14.654050438373833,19.484203370815425,34.0,1205.4234770509777,31.0
bend_015.csv,bend_015,21,650,700,2.6,bend,1,13.783200016787497,17.784683640702376,33.0,1111.5753928377076,31.0
bend_015.csv,bend_015,22,675,725,2.7,bend,1,16.62113469787151,22.57551096422336,35.0,1519.0821171380712,34.0
bend_015.csv,bend_015,23,700,750,2.8,bend,1,15.66332828891999,21.51484382507261,36.0,1444.940437197653,34.0
bend_015.csv,bend_015,24,725,775,2.9,bend,1,14.19324061383506,18.50833363364704,32.0,1181.3716768631014,32.0
bend_015.csv,bend_015,25,750,800,3.0,bend,1,13.905999277455523,17.78238272097393,31.0,1110.5404536615276,32.0
bend_015.csv,bend_015,26,775,825,3.1,bend,1,15.201576219817078,19.122831014081772,33.0,1312.4117671538415,32.0
bend_015.csv,bend_015,27,800,850,3.2,bend,1,13.96454758279226,18.75129789693954,32.0,1196.0571814275077,31.0
bend_015.csv,bend_015,28,825,875,3.3,bend,1,9.259284754759596,12.3347503129789,31.0,728.6467834366231,31.0
bend_015.csv,bend_015,29,850,900,3.4,bend,1,11.742987187890014,14.428261627613775,32.0,1025.261770789835,31.0
bend_015.csv,bend_015,30,875,925,3.5,bend,1,11.3573286546947,14.295521033051177,32.0,1029.7553971936136,33.0
bend_015.csv,bend_015,31,900,950,3.6,bend,1,6.424122939355758,8.68727140164931,34.0,552.4354019951599,32.0
bend_015.csv,bend_015,32,925,975,3.7,bend,1,8.725597573598087,12.370759093703725,33.0,733.2307362254771,29.0
bend_015.csv,bend_015,33,950,1000,3.8,bend,1,9.824252179163263,13.318478838882141,33.0,847.985117289327,30.0
bend_015.csv,bend_015,34,975,1025,3.9,bend,1,5.6490134211225245,7.497214383770683,33.0,443.8665553676243,29.0
bend_015.csv,bend_015,35,1000,1050,4.0,bend,1,4.027108089365416,4.877208496720287,31.0,325.77564013205193,29.0
bend_015.csv,bend_015,36,1025,1075,4.1,bend,1,4.2891292921814745,5.257125955686899,32.0,369.3769441897183,31.0
bend_015.csv,bend_015,37,1050,1100,4.2,bend,1,4.492844198577094,5.35649369990642,32.0,378.3577881102041,33.0
bend_015.csv,bend_015,38,1075,1125,4.3,bend,1,4.146893256963685,4.903486278917908,32.0,352.43287558673734,32.0
bend_015.csv,bend_015,39,1100,1150,4.4,bend,1,3.5094781745601176,4.33108898039396,33.0,301.3695916938748,30.0
bend_015.csv,bend_015,40,1125,1175,4.5,bend,1,3.127040772057253,3.734469706329542,33.0,270.5389259650801,31.0
bend_015.csv,bend_015,41,1150,1200,4.6,bend,1,3.1772225686522875,3.6453510028384954,33.0,271.0822306241799,33.0
bend_015.csv,bend_015,42,1175,1225,4.7,bend,1,2.738473926491797,3.0728883168926946,33.0,234.24619342248025,32.0
bend_015.csv,bend_015,43,1200,1250,4.8,bend,1,2.817710552171622,3.2477468617186926,34.0,244.52782446146855,31.0
bend_016.csv,bend_016,0,125,175,0.5,bend,1,2.7353424639243915,3.2165214112617404,34.0,240.78821108269568,32.0
bend_016.csv,bend_016,1,150,200,0.6,bend,1,2.1826476834248796,2.566257945853744,33.0,195.73151507010115,28.0
bend_016.csv,bend_016,2,175,225,0.7,bend,1,2.3386132797999575,2.711024101626818,34.0,203.89395097251403,29.0
bend_016.csv,bend_016,3,200,250,0.8,bend,1,2.5852203392872015,2.9935749497705477,34.0,225.25906735737374,32.0
bend_016.csv,bend_016,4,225,275,0.9,bend,1,2.8608587250907,3.4517051331131534,36.0,261.15701926553425,33.0
bend_016.csv,bend_016,5,250,300,1.0,bend,1,3.531288133821281,4.21199630726697,35.0,317.12413796168516,31.0
bend_016.csv,bend_016,6,275,325,1.1,bend,1,4.336880386709424,5.0216715708465,33.0,371.55171639631885,33.0
bend_016.csv,bend_016,7,300,350,1.2,bend,1,10.057895935446588,13.969264027302412,33.0,855.0298987198971,34.0
bend_016.csv,bend_016,8,325,375,1.3,bend,1,17.71018838039454,22.220979869301832,32.0,1524.5918607522947,33.0
bend_016.csv,bend_016,9,350,400,1.4,bend,1,19.313604364377433,23.375617151265576,32.0,1612.8166813452394,33.0
bend_016.csv,bend_016,10,375,425,1.5,bend,1,18.587865314405928,21.70784245601321,34.0,1573.8569159323908,35.0
bend_016.csv,bend_016,11,400,450,1.6,bend,1,19.67948489736983,24.556112112432576,34.0,1715.0816043540158,35.0
bend_016.csv,bend_016,12,425,475,1.7,bend,1,18.348108442448478,24.19255287102121,31.0,1520.9676807990838,30.0
bend_016.csv,bend_016,13,450,500,1.8,bend,1,19.506903806051277,23.878556287524155,32.0,1614.8567665664395,31.0
bend_016.csv,bend_016,14,475,525,1.9,bend,1,22.457360672764533,26.625953531173995,32.0,1911.6232861917335,32.0
bend_016.csv,bend_016,15,500,550,2.0,bend,1,18.404552162992918,22.87669998546347,34.0,1682.083707586388,35.0
bend_016.csv,bend_016,16,525,575,2.1,bend,1,14.881903240573708,17.973331506103296,34.0,1309.6687951390277,35.0
bend_016.csv,bend_016,17,550,600,2.2,bend,1,13.556232883122709,16.99776118605399,32.0,1159.0929116381176,33.0
bend_016.csv,bend_016,18,575,625,2.3,bend,1,13.343405965286006,17.067898190598395,34.0,1179.299060177478,33.0
bend_016.csv,bend_016,19,600,650,2.4,bend,1,12.542532523869099,16.093203757205277,33.0,1043.5072743069895,32.0
bend_016.csv,bend_016,20,625,675,2.5,bend,1,10.337602462054672,13.446962990528464,36.0,887.2655562624774,37.0
bend_016.csv,bend_016,21,650,700,2.6,bend,1,9.251935047716676,11.898596710787993,33.0,792.4202467509164,35.0
bend_016.csv,bend_016,22,675,725,2.7,bend,1,5.981659530275676,8.170375146215425,31.0,507.7725097388232,30.0
bend_016.csv,bend_016,23,700,750,2.8,bend,1,4.171587924780507,5.132278463575013,33.0,349.39868164191245,31.0
bend_016.csv,bend_016,24,725,775,2.9,bend,1,4.274050528596669,5.27880445330594,32.0,370.21680754970953,32.0
bend_016.csv,bend_016,25,750,800,3.0,bend,1,3.0180647541806382,3.8334641238179574,33.0,257.0274368000133,28.0
bend_016.csv,bend_016,26,775,825,3.1,bend,1,3.4119165912317784,4.1993193368639545,34.0,301.4806048779005,30.0
bend_016.csv,bend_016,27,800,850,3.2,bend,1,4.703211142906721,5.496906561913228,31.0,409.5212979054043,32.0
bend_016.csv,bend_016,28,825,875,3.3,bend,1,4.00462886670611,4.86631894795317,32.0,348.28313670974177,31.0
bend_016.csv,bend_016,29,850,900,3.4,bend,1,3.127960997016943,3.588995897870366,33.0,264.2038313003404,32.0
bend_016.csv,bend_016,30,875,925,3.5,bend,1,3.7400574473024677,4.463694406577941,33.0,322.1038560929959,33.0
bend_016.csv,bend_016,31,900,950,3.6,bend,1,3.472989328850535,4.338316800371548,32.0,287.78353924600975,28.0
bend_016.csv,bend_016,32,925,975,3.7,bend,1,3.055588007430971,3.661087045849283,32.0,260.0625441442534,28.0
bend_016.csv,bend_016,33,950,1000,3.8,bend,1,4.432711784624588,5.14031562003192,34.0,381.1859369066092,34.0
bend_016.csv,bend_016,34,975,1025,3.9,bend,1,4.365021247401405,4.989789304730052,33.0,364.28909131468464,34.0
bend_016.csv,bend_016,35,1000,1050,4.0,bend,1,2.9495779912003566,3.408332588486777,33.0,256.6555209722177,32.0
bend_016.csv,bend_016,36,1025,1075,4.1,bend,1,2.0965865819533565,2.7136019798032387,26.0,183.54236425841248,23.0
bend_016.csv,bend_016,37,1050,1100,4.2,bend,1,2.121146555785018,2.8339302284800416,25.0,176.79850596074454,20.0
bend_016.csv,bend_016,38,1075,1125,4.3,bend,1,3.1042821978704604,3.866371696522533,30.0,258.1546194226107,27.0
bend_016.csv,bend_016,39,1100,1150,4.4,bend,1,4.132267401601627,4.8198479095418,33.0,371.25840447046534,34.0
bend_016.csv,bend_016,40,1125,1175,4.5,bend,1,4.157579363041259,4.666928730251692,33.0,348.22971286711737,34.0
bend_016.csv,bend_016,41,1150,1200,4.6,bend,1,3.588876330132446,3.9747284773250326,34.0,303.3060546854073,35.0
bend_016.csv,bend_016,42,1175,1225,4.7,bend,1,3.609718185232029,4.063282159037118,34.0,313.04498670101657,34.0
bend_016.csv,bend_016,43,1200,1250,4.8,bend,1,3.409160226570354,4.067489060095633,33.0,285.53358555968595,27.0
bend_017.csv,bend_017,0,125,175,0.5,bend,1,3.972992625586373,4.570930000234903,34.0,343.6324984639501,34.0
bend_017.csv,bend_017,1,150,200,0.6,bend,1,4.417275028304757,5.0820279929792775,34.0,388.4128303078621,35.0
bend_017.csv,bend_017,2,175,225,0.7,bend,1,3.772045705682481,4.5296227013933565,35.0,332.2869188295152,36.0
bend_017.csv,bend_017,3,200,250,0.8,bend,1,1.9608415110860435,2.4454018507587314,31.0,176.09993477469703,25.0
bend_017.csv,bend_017,4,225,275,0.9,bend,1,3.050593933207807,4.500427823640327,29.0,257.8838891772239,20.0
bend_017.csv,bend_017,5,250,300,1.0,bend,1,4.611746500750149,5.87309516980641,33.0,402.7861061423693,29.0
bend_017.csv,bend_017,6,275,325,1.1,bend,1,8.523760497260646,11.447896235010033,30.0,703.637325444051,31.0
bend_017.csv,bend_017,7,300,350,1.2,bend,1,13.864606378822119,16.49125236398077,29.0,1143.0358685210892,30.0
bend_017.csv,bend_017,8,325,375,1.3,bend,1,15.442823915208724,18.233316022511357,31.0,1240.6343803944678,32.0
bend_017.csv,bend_017,9,350,400,1.4,bend,1,15.468497118968108,19.5279083839766,34.0,1278.9832886250601,34.0
bend_017.csv,bend_017,10,375,425,1.5,bend,1,21.947703796125307,29.109034438352037,33.0,1947.5679507359057,33.0
bend_017.csv,bend_017,11,400,450,1.6,bend,1,28.782756973186977,34.622179173987256,31.0,2386.070711501975,31.0
bend_017.csv,bend_017,12,425,475,1.7,bend,1,22.9467336904014,27.388867092044336,30.0,1810.8422775980982,31.0
bend_017.csv,bend_017,13,450,500,1.8,bend,1,17.55333340571325,20.032587128957427,36.0,1542.4152734746672,37.0
bend_017.csv,bend_017,14,475,525,1.9,bend,1,20.031097773422783,24.635982185905636,37.0,1774.1064039033488,37.0
bend_017.csv,bend_017,15,500,550,2.0,bend,1,21.728829021178726,27.167229009748027,34.0,1812.7581411349533,34.0
bend_017.csv,bend_017,16,525,575,2.1,bend,1,19.95931524901513,24.909475520014293,33.0,1624.541419356907,33.0
bend_017.csv,bend_017,17,550,600,2.2,bend,1,17.113681834953635,21.510136087154873,33.0,1470.0698146056698,34.0
bend_017.csv,bend_017,18,575,625,2.3,bend,1,11.550057057267075,14.796487494369135,31.0,932.3489461139143,32.0
bend_017.csv,bend_017,19,600,650,2.4,bend,1,8.663306629718834,9.98807381951492,32.0,725.5709900638599,33.0
bend_017.csv,bend_017,20,625,675,2.5,bend,1,10.440578024956666,11.730796652662235,32.0,876.5050495215788,33.0
bend_017.csv,bend_017,21,650,700,2.6,bend,1,14.223704377503742,17.099408432607085,33.0,1235.6761895980992,34.0
bend_017.csv,bend_017,22,675,725,2.7,bend,1,12.399121156475339,15.934769144465704,37.0,1112.2334209645946,36.0
bend_017.csv,bend_017,23,700,750,2.8,bend,1,7.412541135350658,9.446053525388546,36.0,679.8669905664094,36.0
bend_017.csv,bend_017,24,725,775,2.9,bend,1,6.127181743160706,8.303072375696257,29.0,528.4535359912063,31.0
bend_017.csv,bend_017,25,750,800,3.0,bend,1,5.096357970564158,6.261321994966953,29.0,424.55782288657684,30.0
bend_017.csv,bend_017,26,775,825,3.1,bend,1,3.909729168878759,5.143830602411963,33.0,338.12859733081166,27.0
bend_017.csv,bend_017,27,800,850,3.2,bend,1,3.5317390228617453,4.604231364675464,32.0,314.05721172728374,28.0
bend_017.csv,bend_017,28,825,875,3.3,bend,1,5.399916633892241,6.274060668042472,34.0,475.807411266839,35.0
bend_017.csv,bend_017,29,850,900,3.4,bend,1,3.7977814099814626,4.92296711296742,33.0,333.23335198892926,27.0
bend_017.csv,bend_017,30,875,925,3.5,bend,1,1.8984929564332775,2.561205896569011,31.0,159.81236568032324,19.0
bend_017.csv,bend_017,31,900,950,3.6,bend,1,3.4792315565517926,4.323135779768146,33.0,305.6673699200245,28.0
bend_017.csv,bend_017,32,925,975,3.7,bend,1,4.565679365659601,5.121919967050805,34.0,388.5540798363465,35.0
bend_017.csv,bend_017,33,950,1000,3.8,bend,1,3.5186448716677154,4.112487546294466,35.0,306.9558931192397,34.0
bend_017.csv,bend_017,34,975,1025,3.9,bend,1,2.9693071154724326,3.4977878049856685,36.0,269.1103530108807,35.0
bend_017.csv,bend_017,35,1000,1050,4.0,bend,1,3.1194617399593274,3.567110458327008,34.0,270.6929954968482,34.0
bend_017.csv,bend_017,36,1025,1075,4.1,bend,1,2.821538534032773,3.2345235015581197,34.0,246.80677917158735,34.0
bend_017.csv,bend_017,37,1050,1100,4.2,bend,1,2.9261731984250274,3.354614106599951,34.0,250.9277981650356,32.0
bend_017.csv,bend_017,38,1075,1125,4.3,bend,1,3.168160747534718,3.5398204762292997,33.0,264.0949079310985,33.0
bend_017.csv,bend_017,39,1100,1150,4.4,bend,1,2.989354643097893,3.377317291973329,32.0,243.95847062237243,33.0
bend_017.csv,bend_017,40,1125,1175,4.5,bend,1,3.0704690714654213,3.481257974989678,33.0,263.67159093311875,33.0
bend_017.csv,bend_017,41,1150,1200,4.6,bend,1,3.359925921415362,3.790386547457315,34.0,297.5157767595331,34.0
bend_017.csv,bend_017,42,1175,1225,4.7,bend,1,3.6705957180779456,4.104360177295925,34.0,315.8770245601028,34.0
bend_017.csv,bend_017,43,1200,1250,4.8,bend,1,3.5752246761878994,4.150708369062636,33.0,302.76283247789473,33.0
bend_018.csv,bend_018,0,125,175,0.5,bend,1,2.692566951847194,3.3059505210245987,33.0,235.11720140490087,30.0
bend_018.csv,bend_018,1,150,200,0.6,bend,1,3.5347361462218077,4.215001994975203,34.0,315.74172615743,35.0
bend_018.csv,bend_018,2,175,225,0.7,bend,1,4.149518080879047,4.890932372894584,33.0,359.15818314378225,33.0
bend_018.csv,bend_018,3,200,250,0.8,bend,1,3.78857045968903,4.410755860001547,33.0,329.40422374398463,33.0
bend_018.csv,bend_018,4,225,275,0.9,bend,1,4.201119210598723,4.745046204682902,34.0,362.69732008933886,35.0
bend_018.csv,bend_018,5,250,300,1.0,bend,1,3.913585790062092,4.563082996560322,36.0,343.5039146157314,33.0
bend_018.csv,bend_018,6,275,325,1.1,bend,1,16.848491636113216,28.5468730689662,33.0,1503.1649125116826,31.0
bend_018.csv,bend_018,7,300,350,1.2,bend,1,23.398408010492272,31.249698041253108,32.0,2098.86054741684,33.0
bend_018.csv,bend_018,8,325,375,1.3,bend,1,16.32314211356516,19.12131467543988,33.0,1381.4610449504005,34.0
bend_018.csv,bend_018,9,350,400,1.4,bend,1,17.03278236443483,20.564312063685225,33.0,1430.3771497899304,31.0
bend_018.csv,bend_018,10,375,425,1.5,bend,1,19.529302963047076,22.560076394496683,32.0,1612.776276426835,31.0
bend_018.csv,bend_018,11,400,450,1.6,bend,1,21.69550380242463,26.024519750230024,33.0,1881.5390874290858,33.0
bend_018.csv,bend_018,12,425,475,1.7,bend,1,16.546819180404306,22.21928576384684,35.0,1478.1369431721878,33.0
bend_018.csv,bend_018,13,450,500,1.8,bend,1,10.017800652147336,12.272299527129496,33.0,826.002234574904,32.0
bend_018.csv,bend_018,14,475,525,1.9,bend,1,10.45312441224156,12.688451608421133,31.0,912.3588303337018,31.0
bend_018.csv,bend_018,15,500,550,2.0,bend,1,10.254784650827562,12.900056887493362,33.0,919.4041015507047,32.0
bend_018.csv,bend_018,16,525,575,2.1,bend,1,11.62777195486698,15.493123075795014,32.0,991.5371845810588,32.0
bend_018.csv,bend_018,17,550,600,2.2,bend,1,13.058300145768817,16.659741106305063,33.0,1156.3164219436683,33.0
bend_018.csv,bend_018,18,575,625,2.3,bend,1,9.34799142398399,11.564132834262871,32.0,821.9160811082119,31.0
bend_018.csv,bend_018,19,600,650,2.4,bend,1,5.889013015804896,7.373634322335149,32.0,515.7882242306256,33.0
bend_018.csv,bend_018,20,625,675,2.5,bend,1,3.3890865795443994,4.315794126269804,32.0,293.37075933916935,30.0
bend_018.csv,bend_018,21,650,700,2.6,bend,1,2.7016329522377074,3.1865762878572714,33.0,234.93171720069722,30.0
bend_018.csv,bend_018,22,675,725,2.7,bend,1,3.485754523402317,4.041069397368327,34.0,309.8615295595134,34.0
bend_018.csv,bend_018,23,700,750,2.8,bend,1,4.081007657453383,4.786671884705131,35.0,369.7325905585158,34.0
bend_018.csv,bend_018,24,725,775,2.9,bend,1,3.3734346414539043,4.1087743803166275,34.0,290.01838465041686,32.0
bend_018.csv,bend_018,25,750,800,3.0,bend,1,3.383263836069671,4.0146482027161134,33.0,286.07962575675305,32.0
bend_018.csv,bend_018,26,775,825,3.1,bend,1,3.9227786081107197,4.573114340062099,33.0,347.89601848111505,34.0
bend_018.csv,bend_018,27,800,850,3.2,bend,1,3.419447885257561,4.0118483911688605,32.0,287.345844801415,31.0
bend_018.csv,bend_018,28,825,875,3.3,bend,1,4.026131220982038,4.751921306204011,33.0,337.92949416784234,31.0
bend_018.csv,bend_018,29,850,900,3.4,bend,1,4.666068269859735,5.3711381895707175,33.0,398.50374874126135,33.0
bend_018.csv,bend_018,30,875,925,3.5,bend,1,3.8566173538201554,4.4737264422677505,34.0,332.8048472729344,34.0
bend_018.csv,bend_018,31,900,950,3.6,bend,1,3.7165283431349407,4.231161438207689,34.0,326.1941720746763,34.0
bend_018.csv,bend_018,32,925,975,3.7,bend,1,4.580358391123065,5.186350297215912,34.0,395.98921973081656,34.0
bend_018.csv,bend_018,33,950,1000,3.8,bend,1,4.250812025896909,4.910548796362423,34.0,374.62421063448323,35.0
bend_018.csv,bend_018,34,975,1025,3.9,bend,1,2.7550251375607,3.2962768122135855,33.0,230.7876944909613,31.0
bend_018.csv,bend_018,35,1000,1050,4.0,bend,1,3.096864781810711,3.6980194894841945,34.0,266.5757122723962,32.0
bend_018.csv,bend_018,36,1025,1075,4.1,bend,1,3.6806375521448804,4.174405754815824,33.0,314.72673006367114,33.0
bend_018.csv,bend_018,37,1050,1100,4.2,bend,1,3.552459647480487,4.044649196206803,32.0,299.19102737099814,32.0
bend_018.csv,bend_018,38,1075,1125,4.3,bend,1,3.448838783496505,3.9504173737777863,34.0,303.9791544000406,35.0
bend_018.csv,bend_018,39,1100,1150,4.4,bend,1,2.9721435208567732,3.433575909831295,34.0,263.53251160583153,35.0
bend_018.csv,bend_018,40,1125,1175,4.5,bend,1,2.7807746504339406,3.261609173580845,32.0,245.29165499964384,32.0
bend_018.csv,bend_018,41,1150,1200,4.6,bend,1,3.2384409527616964,3.772088910815021,32.0,284.5996801132459,32.0
bend_018.csv,bend_018,42,1175,1225,4.7,bend,1,4.2043216054215415,4.7281116755084405,34.0,367.29791621646814,35.0
bend_018.csv,bend_018,43,1200,1250,4.8,bend,1,3.620634971617067,4.248698635286901,34.0,313.47018800586227,34.0
bend_019.csv,bend_019,0,125,175,0.5,bend,1,2.5638319175515996,3.0389357838839515,32.0,216.79445034820182,28.0
bend_019.csv,bend_019,1,150,200,0.6,bend,1,3.2489324376116993,3.8768454431217108,34.0,272.05289887911937,29.0
bend_019.csv,bend_019,2,175,225,0.7,bend,1,2.8661893325108285,3.5990962691080046,32.0,237.6579440598356,28.0
bend_019.csv,bend_019,3,200,250,0.8,bend,1,5.39952473750857,10.414519420859087,30.0,412.3654881267909,22.0
bend_019.csv,bend_019,4,225,275,0.9,bend,1,10.895483741270182,16.03584907662945,30.0,920.3201783259473,25.0
bend_019.csv,bend_019,5,250,300,1.0,bend,1,15.783196147261952,20.44741690024431,33.0,1375.9942787482155,34.0
bend_019.csv,bend_019,6,275,325,1.1,bend,1,15.303545707835653,18.856387001397852,33.0,1343.9579722731219,34.0
bend_019.csv,bend_019,7,300,350,1.2,bend,1,17.043614038093082,24.258394688015365,33.0,1514.9242371524067,33.0
bend_019.csv,bend_019,8,325,375,1.3,bend,1,21.916406611062484,28.51074830983606,32.0,1872.8361574171336,33.0
bend_019.csv,bend_019,9,350,400,1.4,bend,1,25.72728033068521,30.877774631394086,31.0,2201.2792810704414,32.0
bend_019.csv,bend_019,10,375,425,1.5,bend,1,25.579772667985626,31.69326522156957,30.0,2184.8302858629995,31.0
bend_019.csv,bend_019,11,400,450,1.6,bend,1,14.68793140576971,20.4645235605692,30.0,1202.639007233513,31.0
bend_019.csv,bend_019,12,425,475,1.7,bend,1,10.798456026442059,13.181530580587266,32.0,898.8959754964555,33.0
bend_019.csv,bend_019,13,450,500,1.8,bend,1,14.444378967259018,16.84432632283499,33.0,1225.065047917851,34.0
bend_019.csv,bend_019,14,475,525,1.9,bend,1,14.891671462323782,17.439407522490036,32.0,1243.3360707601005,33.0
bend_019.csv,bend_019,15,500,550,2.0,bend,1,12.39828668968187,14.799694570500145,31.0,1015.1821497340236,32.0
bend_019.csv,bend_019,16,525,575,2.1,bend,1,15.031906120935593,18.29755332218654,35.0,1322.0596706715846,36.0
bend_019.csv,bend_019,17,550,600,2.2,bend,1,14.47152556244376,18.480409769136102,34.0,1247.576808817604,35.0
bend_019.csv,bend_019,18,575,625,2.3,bend,1,9.749761514306465,13.022173946202129,34.0,855.4227358995744,35.0
bend_019.csv,bend_019,19,600,650,2.4,bend,1,10.324939840996958,12.976224185778975,32.0,889.4241499938195,33.0
bend_019.csv,bend_019,20,625,675,2.5,bend,1,11.152718348029198,13.524733183035966,31.0,954.9580148486875,32.0
bend_019.csv,bend_019,21,650,700,2.6,bend,1,12.119256328372584,14.193763732826508,31.0,990.7092498719408,31.0
bend_019.csv,bend_019,22,675,725,2.7,bend,1,10.869543509761442,12.954992004459374,32.0,903.3353434242094,32.0
bend_019.csv,bend_019,23,700,750,2.8,bend,1,10.700749374580976,12.7669650262595,32.0,904.1758955657037,32.0
bend_019.csv,bend_019,24,725,775,2.9,bend,1,13.63910282714255,16.121652226054128,31.0,1105.0408619591599,31.0
bend_019.csv,bend_019,25,750,800,3.0,bend,1,16.522089193926877,20.619203096591562,32.0,1311.765253123181,31.0
bend_019.csv,bend_019,26,775,825,3.1,bend,1,17.55249956115126,21.879836187541745,32.0,1432.8910848009734,31.0
bend_019.csv,bend_019,27,800,850,3.2,bend,1,17.83297060492057,21.558829400983356,33.0,1515.5025258603678,32.0
bend_019.csv,bend_019,28,825,875,3.3,bend,1,15.606966168689674,19.36633449680147,32.0,1262.8981933357888,30.0
bend_019.csv,bend_019,29,850,900,3.4,bend,1,11.66824926748271,14.382011064464315,33.0,947.8001014771528,32.0
bend_019.csv,bend_019,30,875,925,3.5,bend,1,11.761129344167438,14.322579477476681,35.0,1012.1919291643376,35.0
bend_019.csv,bend_019,31,900,950,3.6,bend,1,12.824502448063615,15.253777382696168,32.0,1053.983748995647,33.0
bend_019.csv,bend_019,32,925,975,3.7,bend,1,10.765742710529246,12.63629965382865,30.0,850.0931175759805,29.0
bend_019.csv,bend_019,33,950,1000,3.8,bend,1,9.61592570835071,11.460066869031431,28.0,788.6203621098493,28.0
bend_019.csv,bend_019,34,975,1025,3.9,bend,1,10.564983674452671,13.596964871376175,30.0,906.6112837382212,29.0
bend_019.csv,bend_019,35,1000,1050,4.0,bend,1,9.128059531452681,12.372337543292332,33.0,820.7036428820933,33.0
bend_019.csv,bend_019,36,1025,1075,4.1,bend,1,8.922179975349948,10.945632901017968,34.0,785.8068912060545,34.0
bend_019.csv,bend_019,37,1050,1100,4.2,bend,1,9.344097198034545,11.246561052001443,32.0,793.9554956425134,32.0
bend_019.csv,bend_019,38,1075,1125,4.3,bend,1,8.752877481989188,11.288584489156325,32.0,714.5966990620354,31.0
bend_019.csv,bend_019,39,1100,1150,4.4,bend,1,7.96927981858246,10.115425318834134,34.0,709.4517319460839,34.0
bend_019.csv,bend_019,40,1125,1175,4.5,bend,1,6.540418117099238,7.6004283624108036,35.0,588.8438210737802,36.0
bend_019.csv,bend_019,41,1150,1200,4.6,bend,1,7.901759117556428,9.726881089771881,34.0,704.8041353205042,35.0
bend_019.csv,bend_019,42,1175,1225,4.7,bend,1,8.998761936155999,11.273769266866278,31.0,778.2781282927064,30.0
bend_019.csv,bend_019,43,1200,1250,4.8,bend,1,7.966421994453095,10.489612180526317,30.0,710.3607268665831,29.0
bend_020.csv,bend_020,0,125,175,0.5,bend,1,2.76365286359238,3.1744882070230735,35.0,229.13202718981793,32.0
bend_020.csv,bend_020,1,150,200,0.6,bend,1,2.9073191343634734,3.404345668564536,35.0,256.2367952340752,33.0
bend_020.csv,bend_020,2,175,225,0.7,bend,1,2.718855679808946,3.2323891279518264,32.0,237.56132094177246,30.0
bend_020.csv,bend_020,3,200,250,0.8,bend,1,3.417603476893546,4.067405425969789,32.0,292.9451245032266,31.0
bend_020.csv,bend_020,4,225,275,0.9,bend,1,3.313233123208925,4.0428472523852745,34.0,292.0949051878383,30.0
bend_020.csv,bend_020,5,250,300,1.0,bend,1,3.1296374072944424,3.8846394944783094,34.0,273.78916291638876,30.0
bend_020.csv,bend_020,6,275,325,1.1,bend,1,3.953115561877911,4.703666914742222,35.0,350.7084430173095,35.0
bend_020.csv,bend_020,7,300,350,1.2,bend,1,10.632750206978969,14.656489016509017,33.0,866.6279025143738,34.0
bend_020.csv,bend_020,8,325,375,1.3,bend,1,15.44315309945778,18.3370702832852,31.0,1277.2767505999711,32.0
bend_020.csv,bend_020,9,350,400,1.4,bend,1,14.675402145680135,17.60453342665387,32.0,1262.4279655134417,31.0
bend_020.csv,bend_020,10,375,425,1.5,bend,1,19.212404961186703,24.725047921853633,32.0,1645.7792302459761,31.0
bend_020.csv,bend_020,11,400,450,1.6,bend,1,18.920415916350134,24.444034499683003,32.0,1598.4890517859903,33.0
bend_020.csv,bend_020,12,425,475,1.7,bend,1,12.44636957690664,15.149432013660913,31.0,1044.6519419138058,32.0
bend_020.csv,bend_020,13,450,500,1.8,bend,1,11.667340192351043,14.063924167021243,32.0,1055.8588112550785,33.0
bend_020.csv,bend_020,14,475,525,1.9,bend,1,14.139224516668193,17.265906943045508,33.0,1264.1980244758402,33.0
bend_020.csv,bend_020,15,500,550,2.0,bend,1,13.983754061313302,17.089525507407966,31.0,1175.695498094481,32.0
bend_020.csv,bend_020,16,525,575,2.1,bend,1,12.938338200032879,15.04133434574743,32.0,1067.9913617027926,33.0
bend_020.csv,bend_020,17,550,600,2.2,bend,1,10.678648532878354,12.560628875541404,33.0,936.8793731162746,34.0
bend_020.csv,bend_020,18,575,625,2.3,bend,1,12.098879406023563,15.44400502255974,31.0,1025.1798844160958,32.0
bend_020.csv,bend_020,19,600,650,2.4,bend,1,13.580699564623776,16.79460013812219,32.0,1136.3402208928649,33.0
bend_020.csv,bend_020,20,625,675,2.5,bend,1,10.521364007819557,12.915027300695368,30.0,822.0646529164271,31.0
bend_020.csv,bend_020,21,650,700,2.6,bend,1,10.41330848857896,12.886120764456482,29.0,842.8088949279188,28.0
bend_020.csv,bend_020,22,675,725,2.7,bend,1,11.304271582435424,13.477946328660936,30.0,917.593334054502,31.0
bend_020.csv,bend_020,23,700,750,2.8,bend,1,12.01620171925861,14.2675306038242,33.0,1054.7338132985706,34.0
bend_020.csv,bend_020,24,725,775,2.9,bend,1,13.016203333414785,15.450528538886996,34.0,1103.0065953087337,35.0
bend_020.csv,bend_020,25,750,800,3.0,bend,1,18.39526334673553,22.425608908862184,32.0,1554.6771873400698,33.0
bend_020.csv,bend_020,26,775,825,3.1,bend,1,22.731258718030084,26.398621711687223,31.0,1906.4663334826776,32.0
bend_020.csv,bend_020,27,800,850,3.2,bend,1,19.641553531040767,24.10653904123203,30.0,1657.20047925769,31.0
bend_020.csv,bend_020,28,825,875,3.3,bend,1,19.54631846246672,25.82342105425477,31.0,1721.3146136426562,32.0
bend_020.csv,bend_020,29,850,900,3.4,bend,1,16.315931699254644,22.24000012280389,33.0,1450.5892528952522,34.0
bend_020.csv,bend_020,30,875,925,3.5,bend,1,12.461365173362113,14.887607261230942,31.0,1024.8252108648696,31.0
bend_020.csv,bend_020,31,900,950,3.6,bend,1,11.805620423204088,14.195501248607794,33.0,979.2844720863604,31.0
bend_020.csv,bend_020,32,925,975,3.7,bend,1,16.317370123318298,21.061635033296447,34.0,1393.3700736126616,31.0
bend_020.csv,bend_020,33,950,1000,3.8,bend,1,15.79219056969174,20.656786254667466,32.0,1342.2950101561362,33.0
bend_020.csv,bend_020,34,975,1025,3.9,bend,1,9.958570927853689,11.769008774786709,34.0,849.4813948751353,35.0
bend_020.csv,bend_020,35,1000,1050,4.0,bend,1,11.657737122258187,13.870052455873026,32.0,985.0072466626697,33.0
bend_020.csv,bend_020,36,1025,1075,4.1,bend,1,11.849005392409003,14.27475919338062,32.0,1016.4223558812308,32.0
bend_020.csv,bend_020,37,1050,1100,4.2,bend,1,9.096385950675176,11.058271864059666,33.0,816.4353303356411,34.0
bend_020.csv,bend_020,38,1075,1125,4.3,bend,1,6.543874765063465,8.09785176537009,32.0,569.2002422562771,32.0
bend_020.csv,bend_020,39,1100,1150,4.4,bend,1,6.548496817995455,8.442575224158254,31.0,550.4837705571161,31.0
bend_020.csv,bend_020,40,1125,1175,4.5,bend,1,6.1194647322383915,7.6627426195370845,33.0,524.3421358912075,34.0
bend_020.csv,bend_020,41,1150,1200,4.6,bend,1,7.681870110854134,9.593014363939886,31.0,664.8660091971118,32.0
bend_020.csv,bend_020,42,1175,1225,4.7,bend,1,9.85300188462194,12.144318463221616,30.0,873.9877914681754,30.0
bend_020.csv,bend_020,43,1200,1250,4.8,bend,1,7.611885945310263,9.909384812275812,29.0,653.1770914470394,28.0
bend_021.csv,bend_021,0,125,175,0.5,bend,1,3.2319231476568553,3.7524343993249087,33.0,268.1727959565586,31.0
bend_021.csv,bend_021,1,150,200,0.6,bend,1,3.0333760554331066,3.5209106102971615,35.0,261.43065165962804,32.0
bend_021.csv,bend_021,2,175,225,0.7,bend,1,2.9769990674498747,3.7120097075773484,35.0,269.6125514050964,31.0
bend_021.csv,bend_021,3,200,250,0.8,bend,1,3.2829831801970584,3.9859526868364807,34.0,294.1152983930985,32.0
bend_021.csv,bend_021,4,225,275,0.9,bend,1,3.0744777036529776,3.537658294044518,35.0,270.6202996861448,35.0
bend_021.csv,bend_021,5,250,300,1.0,bend,1,6.556276237870355,10.855007093850032,34.0,555.2188505677352,35.0
bend_021.csv,bend_021,6,275,325,1.1,bend,1,12.265336443740976,16.350424228512054,30.0,1031.2904541696805,31.0
bend_021.csv,bend_021,7,300,350,1.2,bend,1,11.672761835053125,14.44494975386177,33.0,983.9428282403287,31.0
bend_021.csv,bend_021,8,325,375,1.3,bend,1,7.588181478948242,8.924721330686472,34.0,623.4648532754809,31.0
bend_021.csv,bend_021,9,350,400,1.4,bend,1,8.595824485321662,10.422340883740608,33.0,697.089970070405,32.0
bend_021.csv,bend_021,10,375,425,1.5,bend,1,11.674275079890503,13.679043112369394,31.0,948.5654612951836,32.0
bend_021.csv,bend_021,11,400,450,1.6,bend,1,9.773515927022453,11.719295887983757,29.0,781.8651007495002,30.0
bend_021.csv,bend_021,12,425,475,1.7,bend,1,6.369388797623601,7.785135036330507,32.0,530.4141991154446,31.0
bend_021.csv,bend_021,13,450,500,1.8,bend,1,6.065113163841956,7.77431029008586,33.0,551.3451133238356,34.0
bend_021.csv,bend_021,14,475,525,1.9,bend,1,6.849841082517418,8.247496493177076,31.0,563.8560265964815,32.0
bend_021.csv,bend_021,15,500,550,2.0,bend,1,6.779914640095339,7.9269065706198845,31.0,546.3164914296327,31.0
bend_021.csv,bend_021,16,525,575,2.1,bend,1,4.4706738366571495,5.756135057734789,34.0,363.78171945325624,27.0
bend_021.csv,bend_021,17,550,600,2.2,bend,1,4.787379961999117,6.7470898629105225,35.0,419.00728157248403,28.0
bend_021.csv,bend_021,18,575,625,2.3,bend,1,7.2849868208697695,9.182163796087567,32.0,657.837070307194,32.0
bend_021.csv,bend_021,19,600,650,2.4,bend,1,7.524465976410636,9.653759110240852,32.0,678.1621015773917,33.0
bend_021.csv,bend_021,20,625,675,2.5,bend,1,6.950505736359936,9.042854934794951,32.0,609.471118680633,30.0
bend_021.csv,bend_021,21,650,700,2.6,bend,1,9.114760440281223,11.050490943344998,33.0,768.5896028565999,30.0
bend_021.csv,bend_021,22,675,725,2.7,bend,1,9.443505014165247,11.3697029216641,35.0,795.3288201683152,31.0
bend_021.csv,bend_021,23,700,750,2.8,bend,1,4.3822461313625585,6.568469453642706,30.0,392.67524409477454,21.0
bend_021.csv,bend_021,24,725,775,2.9,bend,1,3.061100217292847,4.784771059574667,25.0,244.713924493813,19.0
bend_021.csv,bend_021,25,750,800,3.0,bend,1,5.354575019570743,7.73816110144015,29.0,469.3330277310308,26.0
bend_021.csv,bend_021,26,775,825,3.1,bend,1,8.669713949810912,11.384015730255346,31.0,732.6544366052933,29.0
bend_021.csv,bend_021,27,800,850,3.2,bend,1,10.376206162387058,12.477040335288118,29.0,869.6437953172111,30.0
bend_021.csv,bend_021,28,825,875,3.3,bend,1,8.476967120799678,10.171369382619904,31.0,737.7519405347444,32.0
bend_021.csv,bend_021,29,850,900,3.4,bend,1,11.355926552021684,14.04106924428088,31.0,947.4703235584074,32.0
bend_021.csv,bend_021,30,875,925,3.5,bend,1,13.398384721979987,15.933033914536214,28.0,1052.6258761560464,29.0
bend_021.csv,bend_021,31,900,950,3.6,bend,1,9.246894902878514,11.541821051404748,29.0,708.3644728170632,30.0
bend_021.csv,bend_021,32,925,975,3.7,bend,1,7.027912586549823,8.617452186327691,33.0,583.3429909559976,31.0
bend_021.csv,bend_021,33,950,1000,3.8,bend,1,9.950569182406143,12.107836147783647,35.0,846.4945840004013,34.0
bend_021.csv,bend_021,34,975,1025,3.9,bend,1,10.881935230044075,12.896573388694708,34.0,895.763469847957,35.0
bend_021.csv,bend_021,35,1000,1050,4.0,bend,1,10.638697229946409,12.522288423088074,34.0,892.387543272872,35.0
bend_021.csv,bend_021,36,1025,1075,4.1,bend,1,11.838689472060691,14.14294197076016,35.0,1013.2718861922999,36.0
bend_021.csv,bend_021,37,1050,1100,4.2,bend,1,9.687448646293694,12.211450068358719,34.0,796.7010546210186,34.0
bend_021.csv,bend_021,38,1075,1125,4.3,bend,1,8.497025089600752,10.28628223227786,31.0,709.5785016990106,31.0
bend_021.csv,bend_021,39,1100,1150,4.4,bend,1,7.923811074641065,9.58511647436059,33.0,686.5349615165273,33.0
bend_021.csv,bend_021,40,1125,1175,4.5,bend,1,6.593990110696966,7.920751070460097,32.0,571.7453061851795,33.0
bend_021.csv,bend_021,41,1150,1200,4.6,bend,1,7.1464335058737625,8.84478454912751,32.0,640.459465962694,30.0
bend_021.csv,bend_021,42,1175,1225,4.7,bend,1,9.110564606056137,11.006880289044307,33.0,790.725410577089,31.0
bend_021.csv,bend_021,43,1200,1250,4.8,bend,1,6.820068234195499,8.82563495517274,34.0,598.3177298639322,35.0
bend_022.csv,bend_022,0,125,175,0.5,bend,1,3.249593938251182,3.815272874463653,35.0,280.3526089135307,32.0
bend_022.csv,bend_022,1,150,200,0.6,bend,1,2.676202549866156,3.331699646103327,34.0,234.45541097499188,27.0
bend_022.csv,bend_022,2,175,225,0.7,bend,1,2.5465983988123195,3.3094947204642615,29.0,214.62852497574764,22.0
bend_022.csv,bend_022,3,200,250,0.8,bend,1,2.640033728240519,3.1765344574997187,31.0,233.02834805054718,28.0
bend_022.csv,bend_022,4,225,275,0.9,bend,1,3.3190700383455414,3.855654820520345,33.0,295.93864640041124,34.0
bend_022.csv,bend_022,5,250,300,1.0,bend,1,2.678133853292623,3.349015056606697,32.0,235.79799682448567,26.0
bend_022.csv,bend_022,6,275,325,1.1,bend,1,3.570885035384756,5.918767075203242,27.0,283.1428198422926,18.0
bend_022.csv,bend_022,7,300,350,1.2,bend,1,11.449809227128833,15.920995935734894,28.0,887.2371731948363,26.0
bend_022.csv,bend_022,8,325,375,1.3,bend,1,22.310918039874796,27.385510499137364,34.0,1853.4683309969291,32.0
bend_022.csv,bend_022,9,350,400,1.4,bend,1,22.493554805024406,27.983924614488046,33.0,1878.2827049081184,32.0
bend_022.csv,bend_022,10,375,425,1.5,bend,1,17.666736706906043,22.841031714653578,34.0,1528.8030004526333,33.0
bend_022.csv,bend_022,11,400,450,1.6,bend,1,15.057432786303805,19.46522026750645,36.0,1345.8782430825268,35.0
bend_022.csv,bend_022,12,425,475,1.7,bend,1,12.606880931573446,15.02368704836622,33.0,1071.4065989196133,34.0
bend_022.csv,bend_022,13,450,500,1.8,bend,1,13.857581275038388,16.543393723151958,34.0,1231.497483776705,34.0
bend_022.csv,bend_022,14,475,525,1.9,bend,1,15.055611200840222,18.513928600194568,33.0,1261.6708382329803,30.0
bend_022.csv,bend_022,15,500,550,2.0,bend,1,15.913254852139737,19.23778281315129,32.0,1276.3364540066111,29.0
bend_022.csv,bend_022,16,525,575,2.1,bend,1,16.8557918962323,19.4551322771651,31.0,1363.229719521899,32.0
bend_022.csv,bend_022,17,550,600,2.2,bend,1,15.354202682250833,17.923333427900623,32.0,1282.3573898715679,33.0
bend_022.csv,bend_022,18,575,625,2.3,bend,1,10.646370505496506,12.882020444310468,31.0,898.6315247020387,32.0
bend_022.csv,bend_022,19,600,650,2.4,bend,1,9.161164260545387,11.08093311241601,31.0,754.7743490765639,32.0
bend_022.csv,bend_022,20,625,675,2.5,bend,1,9.595386704876445,11.801939807357725,33.0,816.9618698497708,34.0
bend_022.csv,bend_022,21,650,700,2.6,bend,1,6.953184681773816,8.710711199696826,35.0,610.5208838977312,36.0
bend_022.csv,bend_022,22,675,725,2.7,bend,1,8.041172283945434,10.217215765544259,35.0,678.9946539065262,35.0
bend_022.csv,bend_022,23,700,750,2.8,bend,1,10.287917349437578,12.11050389052866,34.0,891.7442975340882,34.0
bend_022.csv,bend_022,24,725,775,2.9,bend,1,9.45787221984841,11.34135876335301,32.0,790.7038942087842,31.0
bend_022.csv,bend_022,25,750,800,3.0,bend,1,7.34311275855786,9.33319213569807,34.0,623.8659796631473,31.0
bend_022.csv,bend_022,26,775,825,3.1,bend,1,8.729537293035753,10.838594959966535,32.0,731.1832205958915,33.0
bend_022.csv,bend_022,27,800,850,3.2,bend,1,8.166842717974875,10.567244918473355,29.0,676.5477853820612,29.0
bend_022.csv,bend_022,28,825,875,3.3,bend,1,5.958173737302396,7.398711755946044,31.0,512.5934332338503,31.0
bend_022.csv,bend_022,29,850,900,3.4,bend,1,7.9799514569568775,9.922336009460704,35.0,666.3052579167731,34.0
bend_022.csv,bend_022,30,875,925,3.5,bend,1,9.138628298503805,11.48491148827651,34.0,792.2286923081252,34.0
bend_022.csv,bend_022,31,900,950,3.6,bend,1,9.558066586994277,12.540979590736045,35.0,855.8514836428003,35.0
bend_022.csv,bend_022,32,925,975,3.7,bend,1,8.409987490409112,11.273569241722335,35.0,786.2074845197328,34.0
bend_022.csv,bend_022,33,950,1000,3.8,bend,1,7.176719911630073,9.085176601870094,32.0,628.1553740063977,28.0
bend_022.csv,bend_022,34,975,1025,3.9,bend,1,7.782980537097494,10.558441708460187,31.0,670.2184909892107,29.0
bend_022.csv,bend_022,35,1000,1050,4.0,bend,1,11.292560656300639,13.94026394474387,33.0,963.7148881930843,32.0
bend_022.csv,bend_022,36,1025,1075,4.1,bend,1,10.699953297316371,12.830546572187139,32.0,904.0471644020234,31.0
bend_022.csv,bend_022,37,1050,1100,4.2,bend,1,6.409203995957722,7.826675416485002,32.0,530.2917261706785,30.0
bend_022.csv,bend_022,38,1075,1125,4.3,bend,1,5.5472644298588305,6.729771886413128,32.0,447.0545394588634,31.0
bend_022.csv,bend_022,39,1100,1150,4.4,bend,1,6.46233119127408,8.170609697219156,31.0,537.6810729400343,30.0
bend_022.csv,bend_022,40,1125,1175,4.5,bend,1,6.316089908944531,8.113868464780925,31.0,537.5996484276665,29.0
bend_022.csv,bend_022,41,1150,1200,4.6,bend,1,6.384963643732041,8.026038955063795,31.0,550.3934395429242,31.0
bend_022.csv,bend_022,42,1175,1225,4.7,bend,1,5.605502561271418,7.220121981004583,35.0,501.39187292063406,35.0
bend_022.csv,bend_022,43,1200,1250,4.8,bend,1,5.353992901264747,6.584007254755201,36.0,476.9769658371081,35.0
bend_023.csv,bend_023,0,125,175,0.5,bend,1,3.20960748682387,3.91482678605481,35.0,293.27503501779404,34.0
bend_023.csv,bend_023,1,150,200,0.6,bend,1,3.317666533999133,4.047562661598899,34.0,311.4809865787758,33.0
bend_023.csv,bend_023,2,175,225,0.7,bend,1,3.39556927776378,4.012990360612117,35.0,306.858539395482,33.0
bend_023.csv,bend_023,3,200,250,0.8,bend,1,3.5428136874780574,4.0962637650888345,35.0,317.594326977425,34.0
bend_023.csv,bend_023,4,225,275,0.9,bend,1,3.4483509008101225,4.172929005770564,33.0,293.7587440682626,31.0
bend_023.csv,bend_023,5,250,300,1.0,bend,1,3.989855638065401,4.909772313184797,33.0,341.7762352345174,32.0
bend_023.csv,bend_023,6,275,325,1.1,bend,1,4.0519786383636305,5.08796948345753,32.0,340.2621898441275,30.0
bend_023.csv,bend_023,7,300,350,1.2,bend,1,12.233433895336605,18.199168222149492,31.0,1032.3094889438303,30.0
bend_023.csv,bend_023,8,325,375,1.3,bend,1,19.833874945209107,24.026432042414076,32.0,1711.110987932183,32.0
bend_023.csv,bend_023,9,350,400,1.4,bend,1,17.216046628719475,20.887584943917822,29.0,1396.3061633526625,30.0
bend_023.csv,bend_023,10,375,425,1.5,bend,1,14.149158257931886,17.23435472828964,32.0,1158.7974187924951,32.0
bend_023.csv,bend_023,11,400,450,1.6,bend,1,15.140705478216596,18.10061005556521,34.0,1288.9973834213486,34.0
bend_023.csv,bend_023,12,425,475,1.7,bend,1,18.150913541081383,21.57013922245364,35.0,1611.1054076367375,36.0
bend_023.csv,bend_023,13,450,500,1.8,bend,1,13.670095361911267,17.758094861703945,33.0,1199.7287082949883,33.0
bend_023.csv,bend_023,14,475,525,1.9,bend,1,9.336542810862396,11.64107660065716,29.0,732.051871027187,28.0
bend_023.csv,bend_023,15,500,550,2.0,bend,1,10.683189571713735,13.524581085426023,31.0,858.1912012281518,31.0
bend_023.csv,bend_023,16,525,575,2.1,bend,1,10.76168540159588,14.598653409513421,34.0,920.698407961837,34.0
bend_023.csv,bend_023,17,550,600,2.2,bend,1,9.341035861590491,12.745754885543636,30.0,829.0061942737706,31.0
bend_023.csv,bend_023,18,575,625,2.3,bend,1,7.830178458884631,9.929631813373138,30.0,663.6178979276267,29.0
bend_023.csv,bend_023,19,600,650,2.4,bend,1,10.99918134750179,14.618506632741772,33.0,940.4864772027868,31.0
bend_023.csv,bend_023,20,625,675,2.5,bend,1,12.092844175925968,15.413560344704218,32.0,1017.1273594848701,30.0
bend_023.csv,bend_023,21,650,700,2.6,bend,1,10.39958210413324,12.57998771801692,30.0,850.4310105277264,31.0
bend_023.csv,bend_023,22,675,725,2.7,bend,1,11.91451308003251,14.853102937740426,32.0,1001.5580392480388,33.0
bend_023.csv,bend_023,23,700,750,2.8,bend,1,15.155041361344825,18.74167355146723,34.0,1275.4918603399344,34.0
bend_023.csv,bend_023,24,725,775,2.9,bend,1,12.813071857038107,16.36985243484101,33.0,1083.1906018272505,32.0
bend_023.csv,bend_023,25,750,800,3.0,bend,1,10.423190214169013,13.08025456886599,31.0,881.8627358229234,30.0
bend_023.csv,bend_023,26,775,825,3.1,bend,1,10.013979975685016,12.801867837029219,33.0,868.3214794179885,33.0
bend_023.csv,bend_023,27,800,850,3.2,bend,1,7.080715805740322,9.133217373359322,34.0,614.6418002757957,33.0
bend_023.csv,bend_023,28,825,875,3.3,bend,1,5.844380560296117,7.794570412529907,32.0,487.59938289683475,31.0
bend_023.csv,bend_023,29,850,900,3.4,bend,1,7.864933905041286,9.595353032842246,33.0,671.682469535599,34.0
bend_023.csv,bend_023,30,875,925,3.5,bend,1,7.502055600718097,9.38864504752606,30.0,606.0684172422561,29.0
bend_023.csv,bend_023,31,900,950,3.6,bend,1,6.411798916281963,8.266021297598678,29.0,537.8436603366866,29.0
bend_023.csv,bend_023,32,925,975,3.7,bend,1,9.516422751370891,11.302463961812524,33.0,818.9034104689821,34.0
bend_023.csv,bend_023,33,950,1000,3.8,bend,1,8.165280696984581,10.188438886186162,33.0,687.1401234703402,33.0
bend_023.csv,bend_023,34,975,1025,3.9,bend,1,8.474254656141966,10.611065497160492,32.0,701.1139204103222,32.0
bend_023.csv,bend_023,35,1000,1050,4.0,bend,1,10.267381609313574,11.947188802413645,32.0,843.8572420052941,33.0
bend_023.csv,bend_023,36,1025,1075,4.1,bend,1,10.422107667624976,12.092172703705911,31.0,856.729976013567,32.0
bend_023.csv,bend_023,37,1050,1100,4.2,bend,1,9.589623997033817,11.394561291789367,31.0,808.1111615481964,31.0
bend_023.csv,bend_023,38,1075,1125,4.3,bend,1,7.0585381506835345,8.58109394306762,32.0,599.587251895137,32.0
bend_023.csv,bend_023,39,1100,1150,4.4,bend,1,5.953198266332753,7.167275354519677,33.0,524.1899487861818,32.0
bend_023.csv,bend_023,40,1125,1175,4.5,bend,1,6.174975130517029,7.17601571719455,31.0,519.6921128969634,30.0
bend_023.csv,bend_023,41,1150,1200,4.6,bend,1,6.556264735839893,7.720893165415396,30.0,552.0831033867377,30.0
bend_023.csv,bend_023,42,1175,1225,4.7,bend,1,5.6462491488200115,6.89196678144226,33.0,489.4425453347636,30.0
bend_023.csv,bend_023,43,1200,1250,4.8,bend,1,5.548609929308314,6.916297920754667,32.0,465.82490124355445,28.0
bend_024.csv,bend_024,0,125,175,0.5,bend,1,4.607895354173709,5.268469898481014,33.0,379.4820578498366,34.0
bend_024.csv,bend_024,1,150,200,0.6,bend,1,3.6518098504704146,4.657948700214916,30.0,297.1419842492306,27.0
bend_024.csv,bend_024,2,175,225,0.7,bend,1,2.425632380614664,2.948872519519397,30.0,206.45771724209757,27.0
bend_024.csv,bend_024,3,200,250,0.8,bend,1,3.580114300009042,4.1114568057769505,33.0,304.91375213909157,33.0
bend_024.csv,bend_024,4,225,275,0.9,bend,1,3.8086782463236544,4.3355732998694325,34.0,333.88757356796566,33.0
bend_024.csv,bend_024,5,250,300,1.0,bend,1,2.9653722913813736,3.457195048867172,32.0,252.85350570520052,32.0
bend_024.csv,bend_024,6,275,325,1.1,bend,1,2.5336446724241504,3.058912007490868,32.0,217.867360397193,30.0
bend_024.csv,bend_024,7,300,350,1.2,bend,1,4.845464109428076,6.693497203455576,32.0,409.24696830292544,29.0
bend_024.csv,bend_024,8,325,375,1.3,bend,1,14.259120179713804,20.01898684950569,29.0,1149.1686694982918,29.0
bend_024.csv,bend_024,9,350,400,1.4,bend,1,23.535672836349644,29.063656413856656,32.0,2073.094670868886,33.0
bend_024.csv,bend_024,10,375,425,1.5,bend,1,16.887394446049132,23.072089672121646,33.0,1474.399752847668,34.0
bend_024.csv,bend_024,11,400,450,1.6,bend,1,12.71495123784141,16.153049870676487,33.0,1098.6374184841804,32.0
bend_024.csv,bend_024,12,425,475,1.7,bend,1,12.707380897224157,16.156977483745727,32.0,1127.7705678943335,33.0
bend_024.csv,bend_024,13,450,500,1.8,bend,1,9.684066478972381,11.928979475115574,34.0,867.3932726447838,35.0
bend_024.csv,bend_024,14,475,525,1.9,bend,1,9.308179103895892,11.356574532487869,34.0,810.6671640556266,34.0
bend_024.csv,bend_024,15,500,550,2.0,bend,1,10.87631790366305,13.810145065465301,29.0,883.2785675319271,30.0
bend_024.csv,bend_024,16,525,575,2.1,bend,1,14.279295922968277,17.30334212089617,30.0,1202.7658885331791,31.0
bend_024.csv,bend_024,17,550,600,2.2,bend,1,17.621963857917148,22.173493489937762,31.0,1474.4356158978992,31.0
bend_024.csv,bend_024,18,575,625,2.3,bend,1,17.91559897437905,22.363245974788246,31.0,1556.5191265056965,31.0
bend_024.csv,bend_024,19,600,650,2.4,bend,1,11.408498813406261,14.201503428158365,33.0,965.2009882603707,31.0
bend_024.csv,bend_024,20,625,675,2.5,bend,1,10.766552537883202,13.186052090684104,33.0,901.5755585081109,30.0
bend_024.csv,bend_024,21,650,700,2.6,bend,1,12.83340454388465,15.047925663729702,33.0,1094.060952927039,33.0
bend_024.csv,bend_024,22,675,725,2.7,bend,1,13.725211515738707,15.795170960539238,31.0,1119.4750315522776,32.0
bend_024.csv,bend_024,23,700,750,2.8,bend,1,13.762350741371613,15.89841767739743,30.0,1093.2236546160852,30.0
bend_024.csv,bend_024,24,725,775,2.9,bend,1,12.413141617307222,14.635001784416058,32.0,1032.2260577165905,33.0
bend_024.csv,bend_024,25,750,800,3.0,bend,1,10.951083161980442,12.91776847521654,31.0,888.4404793721945,32.0
bend_024.csv,bend_024,26,775,825,3.1,bend,1,9.527713228459968,11.195821935253763,31.0,773.6652908447164,32.0
bend_024.csv,bend_024,27,800,850,3.2,bend,1,9.213937934219512,10.82846898091733,34.0,781.5964895288552,35.0
bend_024.csv,bend_024,28,825,875,3.3,bend,1,7.920692673316734,9.149306357716016,36.0,703.5139562105724,37.0
bend_024.csv,bend_024,29,850,900,3.4,bend,1,8.735659933377304,11.032778531885477,35.0,735.1496948242934,36.0
bend_024.csv,bend_024,30,875,925,3.5,bend,1,10.17578422859251,12.802172097549002,36.0,839.3370641526732,35.0
bend_024.csv,bend_024,31,900,950,3.6,bend,1,11.268680389238583,13.19789862119594,34.0,935.1167921593242,33.0
bend_024.csv,bend_024,32,925,975,3.7,bend,1,10.370998317289509,12.755769967503513,34.0,887.6129904940042,33.0
bend_024.csv,bend_024,33,950,1000,3.8,bend,1,10.110304727579035,14.01794425221899,34.0,894.7771213049144,33.0
bend_024.csv,bend_024,34,975,1025,3.9,bend,1,11.474155870129865,14.632220905627639,34.0,941.0962132035188,33.0
bend_024.csv,bend_024,35,1000,1050,4.0,bend,1,10.041342048466063,11.766315386616848,34.0,856.282976752222,35.0
bend_024.csv,bend_024,36,1025,1075,4.1,bend,1,7.459234274662546,8.875474057958147,31.0,658.6218953407365,32.0
bend_024.csv,bend_024,37,1050,1100,4.2,bend,1,8.325238654828489,9.979523563660365,31.0,697.224518878103,32.0
bend_024.csv,bend_024,38,1075,1125,4.3,bend,1,8.887983529195726,10.526215893444151,32.0,737.1768675520117,33.0
bend_024.csv,bend_024,39,1100,1150,4.4,bend,1,7.09836212761147,8.448392564689897,33.0,581.7342813290612,33.0
bend_024.csv,bend_024,40,1125,1175,4.5,bend,1,8.41959431037157,10.02131556696101,31.0,697.3567588908583,32.0
bend_024.csv,bend_024,41,1150,1200,4.6,bend,1,7.681860318269177,9.392272312854937,33.0,641.2524498243824,31.0
bend_024.csv,bend_024,42,1175,1225,4.7,bend,1,7.184767542471536,9.422712177487204,32.0,610.060615644937,29.0
bend_024.csv,bend_024,43,1200,1250,4.8,bend,1,8.345790286634235,10.364815295088082,30.0,699.4821557223562,30.0
bend_025.csv,bend_025,0,125,175,0.5,bend,1,4.859762342847408,5.955160945933773,34.0,434.4707347844807,32.0
bend_025.csv,bend_025,1,150,200,0.6,bend,1,4.835942415156502,5.818689677972825,33.0,408.36898818654953,33.0
bend_025.csv,bend_025,2,175,225,0.7,bend,1,5.73454807525732,6.731628842828119,34.0,479.668445936469,35.0
bend_025.csv,bend_025,3,200,250,0.8,bend,1,12.587582801602665,16.220489369199015,32.0,1040.3426213977707,33.0
bend_025.csv,bend_025,4,225,275,0.9,bend,1,13.482891498061331,16.876092408753266,33.0,1160.4663467665114,33.0
bend_025.csv,bend_025,5,250,300,1.0,bend,1,14.925698935090978,18.477872142975908,32.0,1258.6801912315905,33.0
bend_025.csv,bend_025,6,275,325,1.1,bend,1,18.805897239543174,22.330055743654512,32.0,1639.7762759411212,33.0
bend_025.csv,bend_025,7,300,350,1.2,bend,1,12.924896321071111,17.16745099292166,33.0,1129.8004145076352,31.0
bend_025.csv,bend_025,8,325,375,1.3,bend,1,9.538949006161124,12.356574238379398,31.0,768.6334540323444,29.0
bend_025.csv,bend_025,9,350,400,1.4,bend,1,9.809151518476014,11.627829256374902,32.0,791.0378608457007,31.0
bend_025.csv,bend_025,10,375,425,1.5,bend,1,10.364980565290455,12.195812905806742,32.0,873.6031230010526,33.0
bend_025.csv,bend_025,11,400,450,1.6,bend,1,11.090026282060121,13.345147033605889,30.0,970.3237304050352,31.0
bend_025.csv,bend_025,12,425,475,1.7,bend,1,11.484188712017732,14.043777518747751,31.0,1019.4646584971754,32.0
bend_025.csv,bend_025,13,450,500,1.8,bend,1,12.765831171444098,15.422370783795897,32.0,1058.4307403866596,33.0
bend_025.csv,bend_025,14,475,525,1.9,bend,1,11.922725105206105,14.777490663612754,31.0,962.6296837309741,31.0
bend_025.csv,bend_025,15,500,550,2.0,bend,1,9.228209140739388,12.083969192997438,29.0,748.1615068681671,30.0
bend_025.csv,bend_025,16,525,575,2.1,bend,1,7.811218088086015,10.59125408514751,33.0,665.949554844841,34.0
bend_025.csv,bend_025,17,550,600,2.2,bend,1,7.264353328355639,9.981978572537374,33.0,619.2947447590827,33.0
bend_025.csv,bend_025,18,575,625,2.3,bend,1,7.650856443528934,9.799241291553214,30.0,662.0754382807846,31.0
bend_025.csv,bend_025,19,600,650,2.4,bend,1,7.74331877915425,9.448598447851394,32.0,651.266399500159,31.0
bend_025.csv,bend_025,20,625,675,2.5,bend,1,7.7425384110845705,10.400039266977897,31.0,664.601908541512,28.0
bend_025.csv,bend_025,21,650,700,2.6,bend,1,7.019849893901794,9.523030693405921,31.0,624.6965874553298,31.0
bend_025.csv,bend_025,22,675,725,2.7,bend,1,8.749173709264937,10.82550052894237,34.0,798.6268089233885,35.0
bend_025.csv,bend_025,23,700,750,2.8,bend,1,9.623193276068763,11.73874024012501,34.0,874.7349790401903,35.0
bend_025.csv,bend_025,24,725,775,2.9,bend,1,8.042342784668715,9.911760496984323,34.0,729.6444714964074,33.0
bend_025.csv,bend_025,25,750,800,3.0,bend,1,7.298061898663253,8.68503041807444,32.0,602.9930624220989,31.0
bend_025.csv,bend_025,26,775,825,3.1,bend,1,7.170577485957977,8.679170516820145,31.0,614.9609054500731,32.0
bend_025.csv,bend_025,27,800,850,3.2,bend,1,8.76371406298333,10.99732139309914,29.0,753.2871347676678,29.0
bend_025.csv,bend_025,28,825,875,3.3,bend,1,10.637529695991006,12.850242690917455,29.0,895.6576995536502,29.0
bend_025.csv,bend_025,29,850,900,3.4,bend,1,8.316957914094823,10.694241946023544,32.0,722.8163819262327,33.0
bend_025.csv,bend_025,30,875,925,3.5,bend,1,7.261518341980116,9.330084754620678,34.0,642.8323093316634,33.0
bend_025.csv,bend_025,31,900,950,3.6,bend,1,9.202853926381325,10.734603089486685,34.0,772.5237486076369,33.0
bend_025.csv,bend_025,32,925,975,3.7,bend,1,8.682203713745485,10.445324217389423,34.0,755.3282428967814,35.0
bend_025.csv,bend_025,33,950,1000,3.8,bend,1,8.46296817187732,10.492980466710192,34.0,731.8858391096741,35.0
bend_025.csv,bend_025,34,975,1025,3.9,bend,1,9.21927429687933,10.788515954688428,34.0,779.4689820854745,35.0
bend_025.csv,bend_025,35,1000,1050,4.0,bend,1,8.645864854315237,10.158362566381964,33.0,705.5215624090539,34.0
bend_025.csv,bend_025,36,1025,1075,4.1,bend,1,6.2953065991123704,7.868416795302021,30.0,512.0771240760303,30.0
bend_025.csv,bend_025,37,1050,1100,4.2,bend,1,6.685093034630625,9.31938355225655,28.0,526.422647818188,27.0
bend_025.csv,bend_025,38,1075,1125,4.3,bend,1,9.157088946780663,12.142644865145797,31.0,789.6160519554016,31.0
bend_025.csv,bend_025,39,1100,1150,4.4,bend,1,9.667256633751572,11.927755965046664,33.0,812.1216908251773,33.0
bend_025.csv,bend_025,40,1125,1175,4.5,bend,1,7.665769434157499,9.304729128432136,30.0,621.6283823840281,31.0
bend_025.csv,bend_025,41,1150,1200,4.6,bend,1,7.518233714378197,9.029884573856803,31.0,628.6371044629428,32.0
bend_025.csv,bend_025,42,1175,1225,4.7,bend,1,10.1755695600565,12.245911410615697,34.0,906.3417362951964,35.0
bend_025.csv,bend_025,43,1200,1250,4.8,bend,1,9.133485649510781,11.488307559551835,33.0,823.3067216588067,34.0
bend_026.csv,bend_026,0,125,175,0.5,bend,1,3.322491420189843,3.9746219030772822,33.0,279.1013033310101,31.0
bend_026.csv,bend_026,1,150,200,0.6,bend,1,3.0178762524984166,3.644221918081918,33.0,262.0198997597709,31.0
bend_026.csv,bend_026,2,175,225,0.7,bend,1,3.6083472314699514,4.747579673933086,32.0,311.4903323512893,30.0
bend_026.csv,bend_026,3,200,250,0.8,bend,1,4.732665158391105,7.054650403283523,32.0,415.11422963570453,30.0
bend_026.csv,bend_026,4,225,275,0.9,bend,1,10.435566418864655,13.819330665453446,33.0,913.2473724935883,33.0
bend_026.csv,bend_026,5,250,300,1.0,bend,1,14.195231207184543,16.698985281952723,31.0,1158.2324986169335,30.0
bend_026.csv,bend_026,6,275,325,1.1,bend,1,12.889676721060066,15.065630813049834,31.0,1029.481149448731,32.0
bend_026.csv,bend_026,7,300,350,1.2,bend,1,13.211378256299295,16.44948419980135,31.0,1073.6706127558477,32.0
bend_026.csv,bend_026,8,325,375,1.3,bend,1,14.985351873114137,18.555263002855902,34.0,1276.8383780686618,33.0
bend_026.csv,bend_026,9,350,400,1.4,bend,1,13.10639429733804,15.88916574067584,34.0,1113.720994936144,33.0
bend_026.csv,bend_026,10,375,425,1.5,bend,1,14.357851722906554,18.584719521398785,34.0,1198.1046128012924,32.0
bend_026.csv,bend_026,11,400,450,1.6,bend,1,16.558431462643163,20.4313297600064,33.0,1394.4565027154397,33.0
bend_026.csv,bend_026,12,425,475,1.7,bend,1,12.402246554571459,15.070817088488882,31.0,998.6541004258086,32.0
bend_026.csv,bend_026,13,450,500,1.8,bend,1,10.213491570620157,12.467711384322804,31.0,899.3098785895216,32.0
bend_026.csv,bend_026,14,475,525,1.9,bend,1,10.117494388832904,11.715863354044416,31.0,831.6219808255286,32.0
bend_026.csv,bend_026,15,500,550,2.0,bend,1,12.286061681052134,14.917330502295602,32.0,1003.6818308306448,31.0
bend_026.csv,bend_026,16,525,575,2.1,bend,1,14.61697822055137,17.26798873734916,35.0,1241.7083326927848,34.0
bend_026.csv,bend_026,17,550,600,2.2,bend,1,11.381528902500737,13.642359999384077,35.0,954.2693709768353,35.0
bend_026.csv,bend_026,18,575,625,2.3,bend,1,8.195081922710822,9.806238687569895,33.0,700.7571380971394,34.0
bend_026.csv,bend_026,19,600,650,2.4,bend,1,7.9335851664437556,9.797082504180564,33.0,646.0498561262294,30.0
bend_026.csv,bend_026,20,625,675,2.5,bend,1,9.720551679788532,12.065385800438339,32.0,775.8061328939367,28.0
bend_026.csv,bend_026,21,650,700,2.6,bend,1,7.748141724051448,10.400217201355938,32.0,631.6416850793827,28.0
bend_026.csv,bend_026,22,675,725,2.7,bend,1,4.8518701721641575,6.359560618782251,32.0,396.78235428318413,29.0
bend_026.csv,bend_026,23,700,750,2.8,bend,1,6.81298798397266,8.528812992843356,31.0,594.2324075346236,32.0
bend_026.csv,bend_026,24,725,775,2.9,bend,1,7.61225014404508,9.167523685622157,32.0,647.0914483074491,32.0
bend_026.csv,bend_026,25,750,800,3.0,bend,1,7.406065342023302,8.77983792464858,34.0,627.9900246093448,34.0
bend_026.csv,bend_026,26,775,825,3.1,bend,1,9.039501193237573,10.717411487182197,32.0,745.9763215206962,33.0
bend_026.csv,bend_026,27,800,850,3.2,bend,1,10.313716305147244,12.116167989103651,31.0,858.8340829678776,32.0
bend_026.csv,bend_026,28,825,875,3.3,bend,1,8.821845836887189,10.79088270081352,33.0,761.2208873809413,34.0
bend_026.csv,bend_026,29,850,900,3.4,bend,1,8.845710653696226,10.904605692152224,31.0,753.0126016866793,32.0
bend_026.csv,bend_026,30,875,925,3.5,bend,1,9.035925903628929,11.290084622989918,33.0,782.7206338296115,29.0
bend_026.csv,bend_026,31,900,950,3.6,bend,1,7.815893057050651,9.905734717908762,34.0,689.40385151553,32.0
bend_026.csv,bend_026,32,925,975,3.7,bend,1,6.846063002688692,8.497846999685155,32.0,561.1308489901816,32.0
bend_026.csv,bend_026,33,950,1000,3.8,bend,1,9.174340287617913,11.735151939751537,31.0,780.7727160099245,31.0
bend_026.csv,bend_026,34,975,1025,3.9,bend,1,10.224872841822831,12.773491057544682,33.0,876.4057541691566,33.0
bend_026.csv,bend_026,35,1000,1050,4.0,bend,1,8.893672278030046,10.62419642283768,34.0,799.6296455502411,34.0
bend_026.csv,bend_026,36,1025,1075,4.1,bend,1,8.09545660539868,9.888670585101789,35.0,709.2886556364673,33.0
bend_026.csv,bend_026,37,1050,1100,4.2,bend,1,7.587374344383425,9.246818724409907,32.0,622.546099512942,31.0
bend_026.csv,bend_026,38,1075,1125,4.3,bend,1,10.159874065028367,12.223195110366895,32.0,856.150619138454,32.0
bend_026.csv,bend_026,39,1100,1150,4.4,bend,1,9.626803314484457,11.822305671466436,32.0,812.6778422906627,31.0
bend_026.csv,bend_026,40,1125,1175,4.5,bend,1,6.986262983749054,8.409782360243614,28.0,547.782648336638,29.0
bend_026.csv,bend_026,41,1150,1200,4.6,bend,1,7.920862832171687,9.562247610503762,32.0,647.244110652416,32.0
bend_026.csv,bend_026,42,1175,1225,4.7,bend,1,9.220209338055106,10.823577322613508,34.0,769.806802838837,34.0
bend_026.csv,bend_026,43,1200,1250,4.8,bend,1,8.226618079242241,9.768659394869866,31.0,667.0503494522127,31.0
bend_027.csv,bend_027,0,125,175,0.5,bend,1,4.156065509043125,5.070104479165483,34.0,363.40132000135503,31.0
bend_027.csv,bend_027,1,150,200,0.6,bend,1,4.520914028987044,5.836449984445409,32.0,359.05256427978463,27.0
bend_027.csv,bend_027,2,175,225,0.7,bend,1,6.823469158165192,8.568490028514722,30.0,557.9445674778434,30.0
bend_027.csv,bend_027,3,200,250,0.8,bend,1,9.644886467674555,11.639671799809042,29.0,772.4505641054105,30.0
bend_027.csv,bend_027,4,225,275,0.9,bend,1,12.820726745613813,15.350219446052476,30.0,1029.2319568358762,29.0
bend_027.csv,bend_027,5,250,300,1.0,bend,1,12.76207709534666,15.802902924013873,30.0,1075.6530764873496,29.0
bend_027.csv,bend_027,6,275,325,1.1,bend,1,9.620027854150973,12.438079467033475,27.0,798.277862875035,29.0
bend_027.csv,bend_027,7,300,350,1.2,bend,1,8.641127856644717,10.897665602365345,30.0,735.8058215631811,31.0
bend_027.csv,bend_027,8,325,375,1.3,bend,1,10.330049022699411,12.346350389334164,33.0,867.9759098978835,33.0
bend_027.csv,bend_027,9,350,400,1.4,bend,1,10.708644405546487,12.345510271180274,34.0,905.3121863405569,33.0
bend_027.csv,bend_027,10,375,425,1.5,bend,1,10.80193762774333,12.575032988291929,34.0,910.785656567462,33.0
bend_027.csv,bend_027,11,400,450,1.6,bend,1,12.505536509587753,15.26451990922139,32.0,1066.3864788800392,32.0
bend_027.csv,bend_027,12,425,475,1.7,bend,1,11.874178403336478,15.001909217381519,32.0,1030.975285641277,32.0
bend_027.csv,bend_027,13,450,500,1.8,bend,1,10.29832311501079,12.504491619177273,34.0,846.5084532503936,33.0
bend_027.csv,bend_027,14,475,525,1.9,bend,1,10.729195338765402,13.470629872518785,33.0,913.198199265176,34.0
bend_027.csv,bend_027,15,500,550,2.0,bend,1,11.427069352608221,14.532201901238409,29.0,935.3183430142425,31.0
bend_027.csv,bend_027,16,525,575,2.1,bend,1,12.169106121633646,14.868646788715365,28.0,963.3403901305312,29.0
bend_027.csv,bend_027,17,550,600,2.2,bend,1,11.297770010297183,13.80833475462085,30.0,894.0476705958068,31.0
bend_027.csv,bend_027,18,575,625,2.3,bend,1,11.045385533207886,13.007535426306902,32.0,935.9204147702325,33.0
bend_027.csv,bend_027,19,600,650,2.4,bend,1,13.387597116078755,16.495529229871604,35.0,1127.5760933466458,32.0
bend_027.csv,bend_027,20,625,675,2.5,bend,1,16.165368965958923,19.447805616872444,33.0,1332.0686297643042,32.0
bend_027.csv,bend_027,21,650,700,2.6,bend,1,17.827145476675277,20.349278792775294,32.0,1463.4746412913032,33.0
bend_027.csv,bend_027,22,675,725,2.7,bend,1,14.731940466501158,17.640217274661538,32.0,1230.3476084423664,33.0
bend_027.csv,bend_027,23,700,750,2.8,bend,1,11.181012033139355,14.106309209553435,31.0,934.1384277342463,31.0
bend_027.csv,bend_027,24,725,775,2.9,bend,1,13.831226904214887,16.918235444114707,32.0,1171.8452254817166,31.0
bend_027.csv,bend_027,25,750,800,3.0,bend,1,12.4286995647408,15.696765663344609,31.0,1023.2798420526196,31.0
bend_027.csv,bend_027,26,775,825,3.1,bend,1,10.233273787718371,14.199367976787933,30.0,878.6726943435624,30.0
bend_027.csv,bend_027,27,800,850,3.2,bend,1,10.927418806788776,14.678689865429838,33.0,987.9709498725194,33.0
bend_027.csv,bend_027,28,825,875,3.3,bend,1,11.591934306388726,14.42857274747463,35.0,1036.542577906434,35.0
bend_027.csv,bend_027,29,850,900,3.4,bend,1,10.263198194324188,13.132947500498604,33.0,872.9854885701747,32.0
bend_027.csv,bend_027,30,875,925,3.5,bend,1,7.080947063677143,8.819744154440986,32.0,608.7107026361281,32.0
bend_027.csv,bend_027,31,900,950,3.6,bend,1,7.391724729135184,8.936311403689832,35.0,653.3961117331432,36.0
bend_027.csv,bend_027,32,925,975,3.7,bend,1,8.774386014683982,10.257775223365499,33.0,741.6679439280863,34.0
bend_027.csv,bend_027,33,950,1000,3.8,bend,1,10.006053657336137,11.397848575185197,32.0,826.3809644251191,32.0
bend_027.csv,bend_027,34,975,1025,3.9,bend,1,11.395777455637486,12.743263690565238,33.0,958.6864319634053,34.0
bend_027.csv,bend_027,35,1000,1050,4.0,bend,1,10.673853582590539,12.411456665943422,31.0,866.0816459274224,31.0
bend_027.csv,bend_027,36,1025,1075,4.1,bend,1,7.329711285714853,9.116595703742203,31.0,587.7614328964961,32.0
bend_027.csv,bend_027,37,1050,1100,4.2,bend,1,6.682103476826151,7.846249860338561,34.0,557.7348132723716,34.0
bend_027.csv,bend_027,38,1075,1125,4.3,bend,1,5.973276218836199,7.089000964523184,32.0,495.8396524341853,29.0
bend_027.csv,bend_027,39,1100,1150,4.4,bend,1,7.13936944224679,9.141531452916638,31.0,622.5261048670491,30.0
bend_027.csv,bend_027,40,1125,1175,4.5,bend,1,7.099703336243426,9.04012448843885,32.0,615.1820432285846,33.0
bend_027.csv,bend_027,41,1150,1200,4.6,bend,1,3.9061839089034067,4.624296498168571,29.0,312.076247511288,29.0
bend_027.csv,bend_027,42,1175,1225,4.7,bend,1,4.71092799452818,5.941201937704528,30.0,397.2332583051383,29.0
bend_027.csv,bend_027,43,1200,1250,4.8,bend,1,6.421730186291228,7.608722015071697,31.0,546.8263076162139,30.0
bend_028.csv,bend_028,0,125,175,0.5,bend,1,9.693812022233429,11.59561388741328,34.0,860.7983640428172,35.0
bend_028.csv,bend_028,1,150,200,0.6,bend,1,8.067512771489307,9.96270234196709,32.0,674.8740710534782,32.0
bend_028.csv,bend_028,2,175,225,0.7,bend,1,10.933343158341952,14.18723956274959,31.0,895.8368480953017,31.0
bend_028.csv,bend_028,3,200,250,0.8,bend,1,9.832469588971383,12.955726485042941,34.0,842.445800893475,34.0
bend_028.csv,bend_028,4,225,275,0.9,bend,1,9.26534990909835,11.054690797817786,33.0,768.4432214283382,33.0
bend_028.csv,bend_028,5,250,300,1.0,bend,1,9.93353134139832,11.636877875111479,33.0,837.9935717162493,34.0
bend_028.csv,bend_028,6,275,325,1.1,bend,1,8.453576159901333,10.517150866861973,32.0,734.9160278647427,33.0
bend_028.csv,bend_028,7,300,350,1.2,bend,1,8.305975432891666,10.57107366667597,33.0,745.2283910957484,32.0
bend_028.csv,bend_028,8,325,375,1.3,bend,1,8.667255824597266,11.15410142249169,35.0,772.77822781778,34.0
bend_028.csv,bend_028,9,350,400,1.4,bend,1,10.55410567091868,13.040149202098872,35.0,970.8490872837683,36.0
bend_028.csv,bend_028,10,375,425,1.5,bend,1,8.78057918980488,10.76973820220776,34.0,790.9517807709896,33.0
bend_028.csv,bend_028,11,400,450,1.6,bend,1,8.699675401109424,11.50524337949198,34.0,738.8416338507561,33.0
bend_028.csv,bend_028,12,425,475,1.7,bend,1,9.33561357699086,12.0328091793276,33.0,757.4180653794612,34.0
bend_028.csv,bend_028,13,450,500,1.8,bend,1,8.203634300440852,9.590560509349542,33.0,673.1749776668084,33.0
bend_028.csv,bend_028,14,475,525,1.9,bend,1,7.232387399989481,8.609756126848573,33.0,598.595720419814,34.0
bend_028.csv,bend_028,15,500,550,2.0,bend,1,5.656702789481387,6.579550447648206,36.0,497.7905824167458,35.0
bend_028.csv,bend_028,16,525,575,2.1,bend,1,7.024216043618729,8.18318778867813,35.0,595.8393900092406,34.0
bend_028.csv,bend_028,17,550,600,2.2,bend,1,8.511129761916717,9.847107040670803,33.0,701.2291458312045,33.0
bend_028.csv,bend_028,18,575,625,2.3,bend,1,9.771709375674709,11.427758326354148,34.0,815.0163861300028,34.0
bend_028.csv,bend_028,19,600,650,2.4,bend,1,9.414906889239836,10.968937903683104,35.0,788.3094662559845,35.0
bend_028.csv,bend_028,20,625,675,2.5,bend,1,9.67032494746768,11.28288131245169,34.0,782.7770419606429,33.0
bend_028.csv,bend_028,21,650,700,2.6,bend,1,9.664421939553824,11.739766626340867,34.0,805.3936962740208,32.0
bend_028.csv,bend_028,22,675,725,2.7,bend,1,8.052028668913962,9.894762857769122,31.0,696.0599211761922,33.0
bend_028.csv,bend_028,23,700,750,2.8,bend,1,8.647708066181622,10.605876478075116,29.0,727.9655029871892,31.0
bend_028.csv,bend_028,24,725,775,2.9,bend,1,8.760506822811507,11.055474421660987,30.0,740.6162747415925,30.0
bend_028.csv,bend_028,25,750,800,3.0,bend,1,10.056331542213508,12.278130845428706,30.0,804.7101537531134,30.0
bend_028.csv,bend_028,26,775,825,3.1,bend,1,9.646401693730587,11.535501505987469,31.0,814.3038720540936,31.0
bend_028.csv,bend_028,27,800,850,3.2,bend,1,7.73649666114941,9.215363105458703,31.0,643.5963534092126,31.0
bend_028.csv,bend_028,28,825,875,3.3,bend,1,7.178529317969635,8.652376126735097,31.0,598.5345902704324,32.0
bend_028.csv,bend_028,29,850,900,3.4,bend,1,5.2053339509371845,6.182188031362171,33.0,428.1733212757565,33.0
bend_028.csv,bend_028,30,875,925,3.5,bend,1,6.850583976177535,8.338841391934963,33.0,579.298691033413,34.0
bend_028.csv,bend_028,31,900,950,3.6,bend,1,8.755276346574835,10.161928076255382,33.0,756.9855728114086,34.0
bend_028.csv,bend_028,32,925,975,3.7,bend,1,7.317219839920125,8.804416393421453,33.0,629.5448442502714,33.0
bend_028.csv,bend_028,33,950,1000,3.8,bend,1,5.274424344964769,6.509742862984416,32.0,419.95895357707616,31.0
bend_028.csv,bend_028,34,975,1025,3.9,bend,1,5.11194007407902,6.168020554737471,31.0,402.91733565778713,30.0
bend_028.csv,bend_028,35,1000,1050,4.0,bend,1,5.719732507798207,6.804396538782349,29.0,454.6221745200147,29.0
bend_028.csv,bend_028,36,1025,1075,4.1,bend,1,6.276833323658921,7.784540571236261,28.0,522.7961680494805,29.0
bend_028.csv,bend_028,37,1050,1100,4.2,bend,1,5.866471125046292,7.354372401297742,30.0,496.06321023832885,30.0
bend_028.csv,bend_028,38,1075,1125,4.3,bend,1,4.364793575688229,5.221556430012304,31.0,355.9290560128107,31.0
bend_028.csv,bend_028,39,1100,1150,4.4,bend,1,5.242793570646956,6.2465919023166885,31.0,433.17733951754946,32.0
bend_028.csv,bend_028,40,1125,1175,4.5,bend,1,6.483543422832924,7.52337060988225,32.0,546.8669408647792,33.0
bend_028.csv,bend_028,41,1150,1200,4.6,bend,1,5.357189555091574,6.491084099365772,32.0,445.6597453442161,33.0
bend_028.csv,bend_028,42,1175,1225,4.7,bend,1,5.491995507039985,7.009036222354308,32.0,459.26288246327044,33.0
bend_028.csv,bend_028,43,1200,1250,4.8,bend,1,6.908537937928129,9.03440452765775,31.0,615.3290858400551,31.0
bend_029.csv,bend_029,0,125,175,0.5,bend,1,3.1279351148279217,3.851121128684733,30.0,266.3120177200095,26.0
bend_029.csv,bend_029,1,150,200,0.6,bend,1,3.9500438355825027,4.801888057982073,31.0,343.7922303468303,30.0
bend_029.csv,bend_029,2,175,225,0.7,bend,1,11.245387975667922,15.651406061726146,31.0,931.505942472984,32.0
bend_029.csv,bend_029,3,200,250,0.8,bend,1,15.321459980929667,18.556526024508507,31.0,1290.2630813822543,32.0
bend_029.csv,bend_029,4,225,275,0.9,bend,1,13.47380408565575,16.597178149273454,35.0,1165.67014838504,35.0
bend_029.csv,bend_029,5,250,300,1.0,bend,1,12.993325901915146,16.319205304249085,36.0,1168.1738188956522,36.0
bend_029.csv,bend_029,6,275,325,1.1,bend,1,11.798071610528831,14.718320858877622,34.0,1044.2965404878087,34.0
bend_029.csv,bend_029,7,300,350,1.2,bend,1,13.4025149376353,16.951259637964572,34.0,1163.8514632493336,33.0
bend_029.csv,bend_029,8,325,375,1.3,bend,1,14.023001045179738,17.495944378952952,32.0,1207.3849469571858,33.0
bend_029.csv,bend_029,9,350,400,1.4,bend,1,11.977624612518639,14.503130912226704,31.0,1042.7413033313012,32.0
bend_029.csv,bend_029,10,375,425,1.5,bend,1,11.90566672913403,14.622226084995448,34.0,1054.2869055146439,35.0
bend_029.csv,bend_029,11,400,450,1.6,bend,1,10.602093323841856,13.589144938323503,36.0,951.9636132582713,37.0
bend_029.csv,bend_029,12,425,475,1.7,bend,1,7.774761072936738,9.375196125070238,34.0,665.7450679624188,35.0
bend_029.csv,bend_029,13,450,500,1.8,bend,1,10.285813306155717,12.420447672741307,35.0,902.2085919642213,36.0
bend_029.csv,bend_029,14,475,525,1.9,bend,1,12.347782718187748,13.992697332592101,33.0,1027.1968738523983,33.0
bend_029.csv,bend_029,15,500,550,2.0,bend,1,10.832650546625262,12.797550562800037,30.0,859.7029932968408,29.0
bend_029.csv,bend_029,16,525,575,2.1,bend,1,10.308966574070816,12.618198990681368,30.0,833.635472531277,29.0
bend_029.csv,bend_029,17,550,600,2.2,bend,1,10.095772911591611,11.887513984554307,31.0,804.7445176660996,31.0
bend_029.csv,bend_029,18,575,625,2.3,bend,1,11.26846292566087,13.538140400732033,33.0,984.812429674249,34.0
bend_029.csv,bend_029,19,600,650,2.4,bend,1,10.395043452638653,13.250916315697731,34.0,933.7739515255257,35.0
bend_029.csv,bend_029,20,625,675,2.5,bend,1,6.690639463104121,9.243536625830915,30.0,575.8985764963262,30.0
bend_029.csv,bend_029,21,650,700,2.6,bend,1,7.523593383091597,9.405011716997354,28.0,632.724223977754,28.0
bend_029.csv,bend_029,22,675,725,2.7,bend,1,7.838147185094423,9.494614309594017,30.0,672.2536433395436,30.0
bend_029.csv,bend_029,23,700,750,2.8,bend,1,8.718446541971558,10.610405934360088,28.0,725.4689764075055,29.0
bend_029.csv,bend_029,24,725,775,2.9,bend,1,10.78975769717961,12.328743624870798,31.0,871.6471958625491,30.0
bend_029.csv,bend_029,25,750,800,3.0,bend,1,8.865191203412508,10.815866434471591,34.0,760.1392818963552,34.0
bend_029.csv,bend_029,26,775,825,3.1,bend,1,8.685560062989982,11.08144110011597,32.0,760.6320787870496,34.0
bend_029.csv,bend_029,27,800,850,3.2,bend,1,8.299160664347601,10.45401017253199,29.0,709.6215890225303,31.0
bend_029.csv,bend_029,28,825,875,3.3,bend,1,7.457544804239018,8.967662966735833,32.0,616.6656586694389,33.0
bend_029.csv,bend_029,29,850,900,3.4,bend,1,6.532988112054571,8.376173450464798,33.0,550.9603686987513,30.0
bend_029.csv,bend_029,30,875,925,3.5,bend,1,4.861026671079613,6.781248557675779,32.0,409.59131730147527,23.0
bend_029.csv,bend_029,31,900,950,3.6,bend,1,6.447612876256902,8.133087426418928,32.0,553.4536587689886,27.0
bend_029.csv,bend_029,32,925,975,3.7,bend,1,8.012042011337662,9.239605728356713,33.0,701.8437730171557,33.0
bend_029.csv,bend_029,33,950,1000,3.8,bend,1,5.972372475065015,7.349084673691579,31.0,498.96001336130297,31.0
bend_029.csv,bend_029,34,975,1025,3.9,bend,1,7.089344246183792,10.571721875149557,29.0,622.5710399456236,29.0
bend_029.csv,bend_029,35,1000,1050,4.0,bend,1,9.82611958335548,12.9067340268463,29.0,845.6145228236035,30.0
bend_029.csv,bend_029,36,1025,1075,4.1,bend,1,8.478382975167351,10.344373170875532,32.0,714.153790754325,32.0
bend_029.csv,bend_029,37,1050,1100,4.2,bend,1,8.79482560386688,10.350142435809413,34.0,756.3119815581659,34.0
bend_029.csv,bend_029,38,1075,1125,4.3,bend,1,8.528119982495637,10.351029459494237,32.0,741.2053453353265,32.0
bend_029.csv,bend_029,39,1100,1150,4.4,bend,1,6.965777720713543,8.379625670622307,28.0,548.0762729600197,28.0
bend_029.csv,bend_029,40,1125,1175,4.5,bend,1,6.57699577366738,7.651471047677453,29.0,510.1839100204048,30.0
bend_029.csv,bend_029,41,1150,1200,4.6,bend,1,6.64289877048129,8.430876430184504,34.0,556.9811571634483,34.0
bend_029.csv,bend_029,42,1175,1225,4.7,bend,1,9.752067885987676,13.753650766324366,36.0,778.561894827099,35.0
bend_029.csv,bend_029,43,1200,1250,4.8,bend,1,12.070372418884313,15.950048891375284,34.0,979.9329159913726,33.0
bend_030.csv,bend_030,0,125,175,0.5,bend,1,3.1905216908526124,3.9712788610341985,32.0,273.88996578757644,30.0
bend_030.csv,bend_030,1,150,200,0.6,bend,1,3.227439533725069,4.05138309903268,33.0,295.18019172696864,31.0
bend_030.csv,bend_030,2,175,225,0.7,bend,1,4.074649251876238,4.729939056662407,34.0,361.30461478033624,33.0
bend_030.csv,bend_030,3,200,250,0.8,bend,1,4.221969461392493,4.80905902459038,33.0,365.5457779205153,34.0
bend_030.csv,bend_030,4,225,275,0.9,bend,1,4.895052353967603,5.558296668882501,34.0,422.29169232939864,35.0
bend_030.csv,bend_030,5,250,300,1.0,bend,1,4.513536196539089,5.273426052019684,32.0,381.4226563709891,31.0
bend_030.csv,bend_030,6,275,325,1.1,bend,1,7.181757113200355,12.135219882197035,29.0,601.3275740308305,29.0
bend_030.csv,bend_030,7,300,350,1.2,bend,1,16.396385760537566,21.10930872392629,30.0,1381.261008607322,31.0
bend_030.csv,bend_030,8,325,375,1.3,bend,1,20.670858949934708,25.471856799936134,32.0,1668.9879577323998,32.0
bend_030.csv,bend_030,9,350,400,1.4,bend,1,16.281080449559692,21.71818324569565,33.0,1386.952235951873,33.0
bend_030.csv,bend_030,10,375,425,1.5,bend,1,14.180110862131391,16.958792520815443,33.0,1208.4438048383245,33.0
bend_030.csv,bend_030,11,400,450,1.6,bend,1,12.941762983965795,15.8054849079456,32.0,1071.8446101806503,33.0
bend_030.csv,bend_030,12,425,475,1.7,bend,1,11.768034689420244,14.554174429679023,31.0,970.7722687367885,32.0
bend_030.csv,bend_030,13,450,500,1.8,bend,1,12.608334839749958,15.097892422102996,30.0,1017.8634879007558,30.0
bend_030.csv,bend_030,14,475,525,1.9,bend,1,10.702669781723843,13.19871086266643,32.0,939.4919855395904,31.0
bend_030.csv,bend_030,15,500,550,2.0,bend,1,8.343737333281112,10.414151180191359,33.0,741.081578996062,33.0
bend_030.csv,bend_030,16,525,575,2.1,bend,1,8.400007537969426,10.387065745179843,30.0,692.4540693819438,31.0
bend_030.csv,bend_030,17,550,600,2.2,bend,1,9.717365799735601,12.075520540384915,31.0,849.0049526900882,32.0
bend_030.csv,bend_030,18,575,625,2.3,bend,1,10.450742078677811,12.810890959187779,34.0,938.386534860993,35.0
bend_030.csv,bend_030,19,600,650,2.4,bend,1,8.70426614175388,10.659848459831858,33.0,757.3677412754643,34.0
bend_030.csv,bend_030,20,625,675,2.5,bend,1,8.445745474667785,11.324261439811654,33.0,719.3163328711294,32.0
bend_030.csv,bend_030,21,650,700,2.6,bend,1,9.617681310750193,12.489451919262526,33.0,826.0988570578065,30.0
bend_030.csv,bend_030,22,675,725,2.7,bend,1,10.120161276175718,12.156224286672323,31.0,846.3375342109347,31.0
bend_030.csv,bend_030,23,700,750,2.8,bend,1,8.930206412049754,10.944897083604053,31.0,751.7848704597078,31.0
bend_030.csv,bend_030,24,725,775,2.9,bend,1,10.55471432623923,13.646731930400282,33.0,882.7567536692965,33.0
bend_030.csv,bend_030,25,750,800,3.0,bend,1,10.891869862794556,14.350332654267525,31.0,892.1285141205045,30.0
bend_030.csv,bend_030,26,775,825,3.1,bend,1,8.412132514870676,10.799377580919181,28.0,688.9832713676934,27.0
bend_030.csv,bend_030,27,800,850,3.2,bend,1,11.692550417096049,13.861661163620909,31.0,989.9492142680323,32.0
bend_030.csv,bend_030,28,825,875,3.3,bend,1,11.948256701898249,13.802057390838383,33.0,1026.073385777318,34.0
bend_030.csv,bend_030,29,850,900,3.4,bend,1,8.977630067322373,10.678043758033152,35.0,795.5830395955978,35.0
bend_030.csv,bend_030,30,875,925,3.5,bend,1,9.255512806748833,11.077723269610383,36.0,808.6548342200921,35.0
bend_030.csv,bend_030,31,900,950,3.6,bend,1,7.050812013502554,9.15316937528092,35.0,629.3730448390281,32.0
bend_030.csv,bend_030,32,925,975,3.7,bend,1,4.661911897389261,5.716927647105779,31.0,369.4060923972516,28.0
bend_030.csv,bend_030,33,950,1000,3.8,bend,1,6.792361729060771,8.124357735542882,31.0,559.3725393181464,32.0
bend_030.csv,bend_030,34,975,1025,3.9,bend,1,7.698851857161259,9.474677098406085,31.0,650.1108844611867,31.0
bend_030.csv,bend_030,35,1000,1050,4.0,bend,1,8.252807645414805,10.399368848821354,32.0,732.1865836546351,32.0
bend_030.csv,bend_030,36,1025,1075,4.1,bend,1,11.778852594494674,14.088541115092072,34.0,1018.2932526943588,34.0
bend_030.csv,bend_030,37,1050,1100,4.2,bend,1,9.82491666315412,12.495009801470012,32.0,825.6102036223688,31.0
bend_030.csv,bend_030,38,1075,1125,4.3,bend,1,6.6691475831388525,8.75172850525798,30.0,558.7069260331718,30.0
bend_030.csv,bend_030,39,1100,1150,4.4,bend,1,7.689467027713869,9.715172500549022,29.0,624.6982624521407,30.0
bend_030.csv,bend_030,40,1125,1175,4.5,bend,1,5.8030958376577955,7.361106422344177,28.0,464.8864820143676,29.0
bend_030.csv,bend_030,41,1150,1200,4.6,bend,1,6.593799407675708,8.80255982846241,28.0,558.9640590411722,29.0
bend_030.csv,bend_030,42,1175,1225,4.7,bend,1,8.228677268424997,10.061401722379866,31.0,705.5042040340893,32.0
bend_030.csv,bend_030,43,1200,1250,4.8,bend,1,7.213891300088466,8.416768156773687,35.0,623.0545476364288,34.0
bend_031.csv,bend_031,0,125,175,0.5,bend,1,3.7295475889671406,4.317075309368171,35.0,333.9567772152062,35.0
bend_031.csv,bend_031,1,150,200,0.6,bend,1,3.535169860953467,4.069995676262617,35.0,315.03672317457404,35.0
bend_031.csv,bend_031,2,175,225,0.7,bend,1,2.7502338870817944,3.149644841530064,35.0,242.36325358726415,33.0
bend_031.csv,bend_031,3,200,250,0.8,bend,1,4.176430826692067,6.191179322973792,34.0,341.9639661124672,31.0
bend_031.csv,bend_031,4,225,275,0.9,bend,1,17.147373617416257,30.53914213146231,34.0,1464.6777724137416,29.0
bend_031.csv,bend_031,5,250,300,1.0,bend,1,27.437023612304184,37.13977171256325,33.0,2263.955786085542,29.0
bend_031.csv,bend_031,6,275,325,1.1,bend,1,23.620542739244392,28.583303121204867,31.0,1937.557002981626,30.0
bend_031.csv,bend_031,7,300,350,1.2,bend,1,17.608787323782362,21.97208959214237,32.0,1472.3071220379836,31.0
bend_031.csv,bend_031,8,325,375,1.3,bend,1,12.483830552901932,15.236225356332087,32.0,1074.1818211937214,30.0
bend_031.csv,bend_031,9,350,400,1.4,bend,1,12.588362411638,16.293592958706277,31.0,1092.6340287396927,30.0
bend_031.csv,bend_031,10,375,425,1.5,bend,1,13.900029359893331,17.17281692466164,30.0,1132.1385586924025,30.0
bend_031.csv,bend_031,11,400,450,1.6,bend,1,9.28273555262322,11.998518582624891,30.0,774.6957173931513,30.0
bend_031.csv,bend_031,12,425,475,1.7,bend,1,9.628338189345099,13.973966664252004,28.0,824.5148669551706,29.0
bend_031.csv,bend_031,13,450,500,1.8,bend,1,16.187915632729652,19.89665382509344,31.0,1443.4664746067792,32.0
bend_031.csv,bend_031,14,475,525,1.9,bend,1,13.906625045945757,17.15178231040162,32.0,1173.4794643634127,33.0
bend_031.csv,bend_031,15,500,550,2.0,bend,1,9.982062143477657,11.804607099023304,33.0,833.4738703125394,33.0
bend_031.csv,bend_031,16,525,575,2.1,bend,1,10.90553571202714,13.348202789440817,33.0,913.4514296249421,33.0
bend_031.csv,bend_031,17,550,600,2.2,bend,1,9.659625989673444,12.469201603008969,34.0,841.225002017516,34.0
bend_031.csv,bend_031,18,575,625,2.3,bend,1,9.384457623774342,11.634768754635717,32.0,786.1621113027456,32.0
bend_031.csv,bend_031,19,600,650,2.4,bend,1,9.149157947376557,11.096129522192172,32.0,727.1595810566937,31.0
bend_031.csv,bend_031,20,625,675,2.5,bend,1,8.241311351341793,9.664208043167237,34.0,711.1759803145465,34.0
bend_031.csv,bend_031,21,650,700,2.6,bend,1,8.356550609194391,10.305479744280435,34.0,709.66190502132,35.0
bend_031.csv,bend_031,22,675,725,2.7,bend,1,7.8407560992276295,10.744363008793735,34.0,680.8498783170945,34.0
bend_031.csv,bend_031,23,700,750,2.8,bend,1,6.878307711316208,9.442469920675098,33.0,603.0084756986126,32.0
bend_031.csv,bend_031,24,725,775,2.9,bend,1,6.127396823289976,7.113573955224464,33.0,514.3254069003916,33.0
bend_031.csv,bend_031,25,750,800,3.0,bend,1,6.027257918545455,6.852585503253126,35.0,527.4323482834308,36.0
bend_031.csv,bend_031,26,775,825,3.1,bend,1,6.156119715895874,7.181531565529771,35.0,534.0846137930555,35.0
bend_031.csv,bend_031,27,800,850,3.2,bend,1,6.681768567441483,7.742843904771822,33.0,551.5727401518394,34.0
bend_031.csv,bend_031,28,825,875,3.3,bend,1,6.565529908603228,8.104222448887404,33.0,585.2915313968814,34.0
bend_031.csv,bend_031,29,850,900,3.4,bend,1,5.0313719301620345,6.644861527088579,31.0,421.69770762581993,31.0
bend_031.csv,bend_031,30,875,925,3.5,bend,1,4.2127017435249865,5.034234833071446,32.0,344.8763477991437,32.0
bend_031.csv,bend_031,31,900,950,3.6,bend,1,4.104853219077427,5.0253635226098075,34.0,349.67533394351454,33.0
bend_031.csv,bend_031,32,925,975,3.7,bend,1,3.875445506166812,4.780037924799345,32.0,335.2670236657713,29.0
bend_031.csv,bend_031,33,950,1000,3.8,bend,1,4.52744284729291,5.73575497057352,30.0,377.1426903443222,28.0
bend_031.csv,bend_031,34,975,1025,3.9,bend,1,4.769150959634046,6.406511418985983,32.0,432.1522639668331,27.0
bend_031.csv,bend_031,35,1000,1050,4.0,bend,1,5.123570354453717,6.444797187461084,32.0,427.4601631517577,27.0
bend_031.csv,bend_031,36,1025,1075,4.1,bend,1,6.583335408381334,8.07718942607378,32.0,557.3682046729227,32.0
bend_031.csv,bend_031,37,1050,1100,4.2,bend,1,6.694416409261826,8.978517905615444,30.0,579.1912885130403,29.0
bend_031.csv,bend_031,38,1075,1125,4.3,bend,1,6.098371324958936,8.125338135429939,30.0,545.5424815086095,31.0
bend_031.csv,bend_031,39,1100,1150,4.4,bend,1,5.540214356546423,6.865682337447625,32.0,483.4172922306268,33.0
bend_031.csv,bend_031,40,1125,1175,4.5,bend,1,4.351476720850083,5.368526388682709,31.0,368.2474369817756,30.0
bend_031.csv,bend_031,41,1150,1200,4.6,bend,1,6.4678636018923035,8.41888552847332,34.0,556.3662585482919,32.0
bend_031.csv,bend_031,42,1175,1225,4.7,bend,1,8.97868760874724,10.58753873193904,33.0,770.0887816099053,34.0
bend_031.csv,bend_031,43,1200,1250,4.8,bend,1,8.175284338254318,9.35589061203389,33.0,689.6983418955765,33.0
bend_032.csv,bend_032,0,125,175,0.5,bend,1,4.060551999629882,4.672581920163551,31.0,332.9565496504265,32.0
bend_032.csv,bend_032,1,150,200,0.6,bend,1,6.825890754188755,9.60378363420515,30.0,532.143381407156,32.0
bend_032.csv,bend_032,2,175,225,0.7,bend,1,12.790509815776465,16.283430807995746,31.0,1055.8260183315226,32.0
bend_032.csv,bend_032,3,200,250,0.8,bend,1,15.633852910667521,18.498677374532345,32.0,1254.9260016394744,31.0
bend_032.csv,bend_032,4,225,275,0.9,bend,1,11.878681752438995,14.832733819647524,30.0,939.7664863953582,31.0
bend_032.csv,bend_032,5,250,300,1.0,bend,1,14.491328538815544,20.607926097173202,29.0,1132.904614393566,30.0
bend_032.csv,bend_032,6,275,325,1.1,bend,1,18.437477326027317,24.052372600296692,33.0,1584.5728832345083,34.0
bend_032.csv,bend_032,7,300,350,1.2,bend,1,14.613620456368887,18.324881522977737,35.0,1274.25845534203,35.0
bend_032.csv,bend_032,8,325,375,1.3,bend,1,11.30253239945028,14.390299424501727,31.0,979.2064789467519,32.0
bend_032.csv,bend_032,9,350,400,1.4,bend,1,11.043910954123874,14.283716765536619,32.0,949.0183419730438,33.0
bend_032.csv,bend_032,10,375,425,1.5,bend,1,9.732719587323961,12.604065521919217,34.0,846.5901171195297,33.0
bend_032.csv,bend_032,11,400,450,1.6,bend,1,5.707764613135298,7.368936187901966,33.0,484.634135838771,32.0
bend_032.csv,bend_032,12,425,475,1.7,bend,1,5.8958361809966275,6.99776541247138,30.0,483.0679186294402,31.0
bend_032.csv,bend_032,13,450,500,1.8,bend,1,9.080162494916378,10.774595255892681,32.0,735.497035721644,33.0
bend_032.csv,bend_032,14,475,525,1.9,bend,1,10.351642295265524,12.658262488513097,32.0,867.5807052342087,33.0
bend_032.csv,bend_032,15,500,550,2.0,bend,1,8.212599864074017,10.445957705161181,33.0,735.8910748080137,33.0
bend_032.csv,bend_032,16,525,575,2.1,bend,1,7.4972168601594396,9.218422825633262,31.0,624.5014916317381,32.0
bend_032.csv,bend_032,17,550,600,2.2,bend,1,9.456699442132091,11.397870493437503,30.0,779.0578358287328,30.0
bend_032.csv,bend_032,18,575,625,2.3,bend,1,10.261166519820621,12.439918797649643,32.0,831.2566069819368,33.0
bend_032.csv,bend_032,19,600,650,2.4,bend,1,7.98796443436971,10.311146604707503,34.0,681.1400379462298,33.0
bend_032.csv,bend_032,20,625,675,2.5,bend,1,5.477637579586818,6.625230854669666,32.0,457.60655675954604,31.0
bend_032.csv,bend_032,21,650,700,2.6,bend,1,6.884703293633124,8.405196515628713,30.0,592.2585329830852,31.0
bend_032.csv,bend_032,22,675,725,2.7,bend,1,9.486115981423655,11.31384119590688,34.0,838.1363058834443,34.0
bend_032.csv,bend_032,23,700,750,2.8,bend,1,7.596052754874876,9.579588143934998,35.0,655.9148542712913,35.0
bend_032.csv,bend_032,24,725,775,2.9,bend,1,5.163689886636899,6.236514035426003,32.0,433.84916508431814,32.0
bend_032.csv,bend_032,25,750,800,3.0,bend,1,5.461282934181072,6.554797932057918,31.0,430.9428694661701,31.0
bend_032.csv,bend_032,26,775,825,3.1,bend,1,9.788315914241023,12.286824048583306,31.0,763.8459655811456,32.0
bend_032.csv,bend_032,27,800,850,3.2,bend,1,12.224231529427762,14.4194601615358,30.0,994.7714183207465,31.0
bend_032.csv,bend_032,28,825,875,3.3,bend,1,10.11149146492544,11.94847904937688,30.0,824.9673996196443,31.0
bend_032.csv,bend_032,29,850,900,3.4,bend,1,9.013394562661837,10.450176050448697,33.0,761.0657792832681,34.0
bend_032.csv,bend_032,30,875,925,3.5,bend,1,7.054892336772636,8.643659410166368,35.0,646.336536093704,33.0
bend_032.csv,bend_032,31,900,950,3.6,bend,1,7.300547211714125,8.906016139770411,34.0,631.4296263459054,32.0
bend_032.csv,bend_032,32,925,975,3.7,bend,1,7.064291843356946,8.53666645670239,34.0,584.9540881041136,32.0
bend_032.csv,bend_032,33,950,1000,3.8,bend,1,7.359971400297887,9.394188041891178,31.0,606.5667797966922,29.0
bend_032.csv,bend_032,34,975,1025,3.9,bend,1,9.474115900162152,12.201745108405339,28.0,791.4526719495477,29.0
bend_032.csv,bend_032,35,1000,1050,4.0,bend,1,14.069562206684605,17.204252530041614,30.0,1165.816974363005,30.0
bend_032.csv,bend_032,36,1025,1075,4.1,bend,1,13.136100351953528,15.980415069117425,30.0,1092.555117365154,31.0
bend_032.csv,bend_032,37,1050,1100,4.2,bend,1,7.17251686217807,8.590978067572978,31.0,588.6284396670369,28.0
bend_032.csv,bend_032,38,1075,1125,4.3,bend,1,8.288621401740249,10.572878294849545,33.0,718.3544368926023,31.0
bend_032.csv,bend_032,39,1100,1150,4.4,bend,1,10.131723316565914,12.813289614712877,36.0,887.4424816653116,35.0
bend_032.csv,bend_032,40,1125,1175,4.5,bend,1,10.224103759030768,12.626756886647195,34.0,875.98493375703,34.0
bend_032.csv,bend_032,41,1150,1200,4.6,bend,1,9.061482691491094,11.151398383701803,32.0,765.5620560565455,33.0
bend_032.csv,bend_032,42,1175,1225,4.7,bend,1,7.360052994610394,9.369284631492038,31.0,644.8834105021738,30.0
bend_032.csv,bend_032,43,1200,1250,4.8,bend,1,5.659327913601958,7.526599871354663,31.0,499.070755546667,28.0
bend_033.csv,bend_033,0,125,175,0.5,bend,1,5.607720788224546,7.884384073741073,33.0,486.57604813005554,32.0
bend_033.csv,bend_033,1,150,200,0.6,bend,1,14.889593136482155,19.994998823159197,33.0,1302.4559009883237,35.0
bend_033.csv,bend_033,2,175,225,0.7,bend,1,22.841660070949125,28.810984984220134,35.0,1992.971629539839,33.0
bend_033.csv,bend_033,3,200,250,0.8,bend,1,19.257115088055006,25.495074313480856,33.0,1666.0412682164042,32.0
bend_033.csv,bend_033,4,225,275,0.9,bend,1,21.453058511712133,26.723028160442038,30.0,1727.4826074073471,31.0
bend_033.csv,bend_033,5,250,300,1.0,bend,1,25.14113242173146,29.219926444469987,29.0,1995.249669925082,30.0
bend_033.csv,bend_033,6,275,325,1.1,bend,1,15.503133893204001,19.22217365469079,33.0,1290.566108328199,32.0
bend_033.csv,bend_033,7,300,350,1.2,bend,1,9.196582738794357,11.40515758848274,32.0,809.2095145901591,33.0
bend_033.csv,bend_033,8,325,375,1.3,bend,1,10.000848337065559,11.973183766458412,30.0,842.9692322744773,31.0
bend_033.csv,bend_033,9,350,400,1.4,bend,1,9.206560363634498,11.274472351178982,31.0,772.0213794852406,31.0
bend_033.csv,bend_033,10,375,425,1.5,bend,1,7.460009471419235,9.762795219243973,31.0,615.1760044544986,30.0
bend_033.csv,bend_033,11,400,450,1.6,bend,1,9.306429837966018,11.880471416150282,31.0,796.6227366768669,31.0
bend_033.csv,bend_033,12,425,475,1.7,bend,1,11.292035218559022,13.168404086865483,33.0,956.4632057767519,34.0
bend_033.csv,bend_033,13,450,500,1.8,bend,1,9.804703850258992,11.202083288785245,33.0,794.0221630344341,34.0
bend_033.csv,bend_033,14,475,525,1.9,bend,1,8.231984694980023,9.706495701173303,30.0,668.7400701763606,31.0
bend_033.csv,bend_033,15,500,550,2.0,bend,1,7.604083749177713,9.211363888732139,27.0,593.5841906362588,29.0
bend_033.csv,bend_033,16,525,575,2.1,bend,1,6.246407041538405,7.654395348894342,27.0,497.0814329232748,29.0
bend_033.csv,bend_033,17,550,600,2.2,bend,1,5.552428559319025,6.794220852547051,32.0,480.3102124277035,33.0
bend_033.csv,bend_033,18,575,625,2.3,bend,1,5.494715827758129,6.777426393136746,34.0,469.17177477674346,33.0
bend_033.csv,bend_033,19,600,650,2.4,bend,1,7.7962942265184765,9.824159853225634,33.0,666.8738061444129,33.0
bend_033.csv,bend_033,20,625,675,2.5,bend,1,10.483205968217462,12.068899094097315,33.0,885.5671944796841,34.0
bend_033.csv,bend_033,21,650,700,2.6,bend,1,8.566878919084497,10.21993525127968,32.0,730.0406874392548,33.0
bend_033.csv,bend_033,22,675,725,2.7,bend,1,7.47741162162077,9.556493262465297,29.0,627.2796075896564,30.0
bend_033.csv,bend_033,23,700,750,2.8,bend,1,6.827066902753452,9.109428365772377,31.0,577.0375154791307,31.0
bend_033.csv,bend_033,24,725,775,2.9,bend,1,4.572088887449717,5.996175288094925,34.0,412.91257509760777,34.0
bend_033.csv,bend_033,25,750,800,3.0,bend,1,5.913872054809978,7.831369919013949,33.0,502.91938975416247,34.0
bend_033.csv,bend_033,26,775,825,3.1,bend,1,6.900875467690847,8.963704502624172,32.0,601.4674542826481,32.0
bend_033.csv,bend_033,27,800,850,3.2,bend,1,6.350637302952907,7.780484915516608,31.0,532.9582749746381,29.0
bend_033.csv,bend_033,28,825,875,3.3,bend,1,6.173078855570396,7.31005423529509,32.0,515.0087022859244,30.0
bend_033.csv,bend_033,29,850,900,3.4,bend,1,7.101193700918585,9.108429720831143,32.0,613.3677455180969,32.0
bend_033.csv,bend_033,30,875,925,3.5,bend,1,5.747175871047217,8.186907107864169,32.0,502.01176354790823,30.0
bend_033.csv,bend_033,31,900,950,3.6,bend,1,4.989167533394882,6.807748678471834,32.0,419.0910109861063,29.0
bend_033.csv,bend_033,32,925,975,3.7,bend,1,6.731217824821151,8.032461298971247,35.0,578.488299903386,35.0
bend_033.csv,bend_033,33,950,1000,3.8,bend,1,6.469821550946374,7.668506119805653,34.0,553.3013625491701,33.0
bend_033.csv,bend_033,34,975,1025,3.9,bend,1,5.995414272583312,7.382491598954619,34.0,516.4804988467928,31.0
bend_033.csv,bend_033,35,1000,1050,4.0,bend,1,4.978849275657262,5.949841241163148,33.0,419.06920338671796,32.0
bend_033.csv,bend_033,36,1025,1075,4.1,bend,1,4.501748916218543,5.621545202846293,32.0,388.999377370771,33.0
bend_033.csv,bend_033,37,1050,1100,4.2,bend,1,4.49415179997362,5.603954889596933,31.0,377.3675179252007,31.0
bend_033.csv,bend_033,38,1075,1125,4.3,bend,1,6.458535848308215,7.77355142833114,31.0,545.0911916022233,31.0
bend_033.csv,bend_033,39,1100,1150,4.4,bend,1,6.761318300843047,8.11059378478454,33.0,586.5536390575502,34.0
bend_033.csv,bend_033,40,1125,1175,4.5,bend,1,5.108331779036265,6.175310242145496,33.0,433.15074373709143,32.0
bend_033.csv,bend_033,41,1150,1200,4.6,bend,1,5.066119181439219,6.276259535250034,32.0,400.10797900423364,31.0
bend_033.csv,bend_033,42,1175,1225,4.7,bend,1,5.548635551704181,6.932999431298641,34.0,480.02162327989777,35.0
bend_033.csv,bend_033,43,1200,1250,4.8,bend,1,4.855224042541882,6.120650658781917,36.0,421.3255434733596,34.0
bend_034.csv,bend_034,0,125,175,0.5,bend,1,2.9761181400279186,3.554618731926341,34.0,257.8319992716467,31.0
bend_034.csv,bend_034,1,150,200,0.6,bend,1,2.765165176420204,3.2362999631496168,33.0,237.05026245734982,32.0
bend_034.csv,bend_034,2,175,225,0.7,bend,1,2.8242463934039086,3.530303137288575,33.0,249.23167040622738,26.0
bend_034.csv,bend_034,3,200,250,0.8,bend,1,3.6469713600343825,4.425598309756698,34.0,315.23978793559866,30.0
bend_034.csv,bend_034,4,225,275,0.9,bend,1,6.603027531848389,9.959731902313418,33.0,535.7690617415456,32.0
bend_034.csv,bend_034,5,250,300,1.0,bend,1,14.081254892620398,19.709530439266807,33.0,1255.862006387662,32.0
bend_034.csv,bend_034,6,275,325,1.1,bend,1,16.834947450911198,21.079912252320618,30.0,1429.0420235046643,30.0
bend_034.csv,bend_034,7,300,350,1.2,bend,1,13.977333483671332,17.166383583283878,29.0,1129.9385704600086,30.0
bend_034.csv,bend_034,8,325,375,1.3,bend,1,9.96034093313487,13.691550947271937,32.0,838.2109756812719,29.0
bend_034.csv,bend_034,9,350,400,1.4,bend,1,7.266870131685805,9.282928574048015,33.0,577.6276052515203,28.0
bend_034.csv,bend_034,10,375,425,1.5,bend,1,8.61528797730407,10.737125601024742,35.0,735.465322357373,32.0
bend_034.csv,bend_034,11,400,450,1.6,bend,1,10.52531566746914,12.848306163128054,33.0,902.2167642203216,32.0
bend_034.csv,bend_034,12,425,475,1.7,bend,1,10.046817377678593,12.337677659505925,31.0,875.2413851587631,32.0
bend_034.csv,bend_034,13,450,500,1.8,bend,1,6.761215865180873,8.616288437747404,31.0,579.7801415658143,32.0
bend_034.csv,bend_034,14,475,525,1.9,bend,1,6.5060782780369495,7.887651309399525,33.0,537.0723021712447,33.0
bend_034.csv,bend_034,15,500,550,2.0,bend,1,6.3488730825361595,7.797498691220484,32.0,558.3657123427679,32.0
bend_034.csv,bend_034,16,525,575,2.1,bend,1,6.2367962248688125,7.915465806520549,32.0,537.7791309980436,30.0
bend_034.csv,bend_034,17,550,600,2.2,bend,1,8.017978860291588,10.234397198742846,32.0,687.1747107935302,31.0
bend_034.csv,bend_034,18,575,625,2.3,bend,1,7.974216483087885,9.985946941974543,29.0,633.3991472834962,30.0
bend_034.csv,bend_034,19,600,650,2.4,bend,1,7.6664282498009815,9.149114049159984,31.0,614.144543638797,32.0
bend_034.csv,bend_034,20,625,675,2.5,bend,1,7.486832541308832,9.154518877150847,33.0,633.9739226971259,34.0
bend_034.csv,bend_034,21,650,700,2.6,bend,1,6.158618608955204,7.730019764662624,33.0,534.2653381528917,34.0
bend_034.csv,bend_034,22,675,725,2.7,bend,1,5.880605535521852,7.553836974977878,33.0,507.1147485644397,30.0
bend_034.csv,bend_034,23,700,750,2.8,bend,1,7.10623127375674,8.798975336084396,35.0,624.5679597042624,33.0
bend_034.csv,bend_034,24,725,775,2.9,bend,1,8.186691809039939,9.872624404914832,34.0,711.713230688179,33.0
bend_034.csv,bend_034,25,750,800,3.0,bend,1,6.225615618491122,8.416272426595532,31.0,563.5999748472982,27.0
bend_034.csv,bend_034,26,775,825,3.1,bend,1,3.6368173619050355,4.925241659555794,29.0,295.6462975299303,23.0
bend_034.csv,bend_034,27,800,850,3.2,bend,1,4.697123073805381,5.70797419675138,32.0,380.827330542021,30.0
bend_034.csv,bend_034,28,825,875,3.3,bend,1,5.993976595185419,6.909796997074862,33.0,505.6544225026765,33.0
bend_034.csv,bend_034,29,850,900,3.4,bend,1,4.762759120302624,5.6045225950785635,31.0,378.4901226112518,30.0
bend_034.csv,bend_034,30,875,925,3.5,bend,1,2.5952926094969895,3.293155579012098,29.0,209.36232125556612,22.0
bend_034.csv,bend_034,31,900,950,3.6,bend,1,2.3736551284176923,3.128419469687343,29.0,204.49959198647574,22.0
bend_034.csv,bend_034,32,925,975,3.7,bend,1,4.339369004632924,5.545987731026173,34.0,385.533472214311,32.0
bend_034.csv,bend_034,33,950,1000,3.8,bend,1,4.938777129984325,6.098796462822911,36.0,443.43126209499144,33.0
bend_034.csv,bend_034,34,975,1025,3.9,bend,1,4.353136566453251,5.325050754438916,32.0,363.72130794208357,26.0
bend_034.csv,bend_034,35,1000,1050,4.0,bend,1,3.601762659330163,4.434471637020361,30.0,292.36439863870845,26.0
bend_034.csv,bend_034,36,1025,1075,4.1,bend,1,4.301205351506207,5.285168227435743,33.0,375.9804046380778,32.0
bend_034.csv,bend_034,37,1050,1100,4.2,bend,1,6.087322242497916,7.6828236893771935,33.0,538.5087992956358,31.0
bend_034.csv,bend_034,38,1075,1125,4.3,bend,1,6.003203191971587,7.84471079325211,31.0,493.7695168072289,28.0
bend_034.csv,bend_034,39,1100,1150,4.4,bend,1,5.383822712962678,6.549136922994104,33.0,461.1268743313738,33.0
bend_034.csv,bend_034,40,1125,1175,4.5,bend,1,5.082071871003453,5.860318775262217,34.0,428.69113604342294,34.0
bend_034.csv,bend_034,41,1150,1200,4.6,bend,1,3.6991334102172164,4.53475498807271,29.0,309.3683224410375,29.0
bend_034.csv,bend_034,42,1175,1225,4.7,bend,1,3.692879212626006,4.713345880424863,28.0,292.18590817578183,29.0
bend_034.csv,bend_034,43,1200,1250,4.8,bend,1,5.716001333420584,7.012096394518518,33.0,473.6739423757366,33.0
bend_035.csv,bend_035,0,125,175,0.5,bend,1,7.334147732383472,9.27909690764416,31.0,570.2449517774226,31.0
bend_035.csv,bend_035,1,150,200,0.6,bend,1,13.144032253782685,15.68653215433653,32.0,1088.5865913806615,30.0
bend_035.csv,bend_035,2,175,225,0.7,bend,1,11.65885651944018,14.602010517347745,33.0,990.1565570781996,31.0
bend_035.csv,bend_035,3,200,250,0.8,bend,1,9.434470001502408,12.587362534914782,32.0,799.7065592206407,33.0
bend_035.csv,bend_035,4,225,275,0.9,bend,1,8.892283836573307,12.0450788497503,32.0,741.7609114511985,33.0
bend_035.csv,bend_035,5,250,300,1.0,bend,1,9.462547593048585,12.011237790086223,33.0,771.5440916498654,34.0
bend_035.csv,bend_035,6,275,325,1.1,bend,1,10.536561250437996,12.928568515121166,34.0,889.3081839634094,34.0
bend_035.csv,bend_035,7,300,350,1.2,bend,1,5.96691154673511,7.832918732135299,29.0,512.8269036434453,27.0
bend_035.csv,bend_035,8,325,375,1.3,bend,1,5.115717503083606,6.81410017456449,28.0,412.57911096094375,24.0
bend_035.csv,bend_035,9,350,400,1.4,bend,1,7.247347061096455,8.74921924237928,32.0,592.2949582855756,30.0
bend_035.csv,bend_035,10,375,425,1.5,bend,1,7.691706270038061,9.37220757807713,31.0,643.08757826435,32.0
bend_035.csv,bend_035,11,400,450,1.6,bend,1,8.829621403933437,10.828502795011065,33.0,760.3440713598237,34.0
bend_035.csv,bend_035,12,425,475,1.7,bend,1,9.291808920227071,11.123157533569632,34.0,781.7775978398241,34.0
bend_035.csv,bend_035,13,450,500,1.8,bend,1,10.615039242914154,12.760553221372994,30.0,853.5438976034002,31.0
bend_035.csv,bend_035,14,475,525,1.9,bend,1,13.147391374005027,15.742525582733107,30.0,1087.1456850753802,31.0
bend_035.csv,bend_035,15,500,550,2.0,bend,1,10.318931140287159,13.173705998064772,31.0,884.9826360362872,31.0
bend_035.csv,bend_035,16,525,575,2.1,bend,1,9.582036426917055,12.006874329208427,30.0,763.3273260734637,30.0
bend_035.csv,bend_035,17,550,600,2.2,bend,1,13.756100323874403,15.822002372750918,31.0,1104.2038476516718,31.0
bend_035.csv,bend_035,18,575,625,2.3,bend,1,13.011359839096599,15.692624590984455,32.0,1096.9793948227807,33.0
bend_035.csv,bend_035,19,600,650,2.4,bend,1,10.241032159769501,13.332078038938874,32.0,873.0695281067642,30.0
bend_035.csv,bend_035,20,625,675,2.5,bend,1,8.169722503278972,10.149070524360399,32.0,646.3301977365893,30.0
bend_035.csv,bend_035,21,650,700,2.6,bend,1,6.951055415136637,8.468902197836854,32.0,580.7118514469323,32.0
bend_035.csv,bend_035,22,675,725,2.7,bend,1,7.4128471138201295,9.113484233021225,32.0,645.8126221283836,31.0
bend_035.csv,bend_035,23,700,750,2.8,bend,1,6.080276325435094,7.483211391779569,34.0,510.62676971418443,31.0
bend_035.csv,bend_035,24,725,775,2.9,bend,1,6.842808454727312,8.265217792676639,32.0,566.0023892175324,31.0
bend_035.csv,bend_035,25,750,800,3.0,bend,1,9.266514773595953,10.908975277150363,30.0,763.4383648450172,31.0
bend_035.csv,bend_035,26,775,825,3.1,bend,1,6.632236489556569,8.878656388347984,33.0,600.5476635001278,32.0
bend_035.csv,bend_035,27,800,850,3.2,bend,1,4.891090928532376,6.337386061742331,32.0,420.04568778875114,32.0
bend_035.csv,bend_035,28,825,875,3.3,bend,1,7.256057866634007,8.762418418814484,32.0,590.142577881698,33.0
bend_035.csv,bend_035,29,850,900,3.4,bend,1,6.619018898184674,8.112919347057385,33.0,553.4243030455796,33.0
bend_035.csv,bend_035,30,875,925,3.5,bend,1,4.532646145670287,5.438111592271892,32.0,396.5111184375781,32.0
bend_035.csv,bend_035,31,900,950,3.6,bend,1,4.762502970960716,5.909155121125378,28.0,385.93901862365806,28.0
bend_035.csv,bend_035,32,925,975,3.7,bend,1,6.475990423069983,8.350753306241325,30.0,553.0734856234611,28.0
bend_035.csv,bend_035,33,950,1000,3.8,bend,1,6.682754398442488,8.416325094364153,33.0,582.2765311705868,30.0
bend_035.csv,bend_035,34,975,1025,3.9,bend,1,4.955469531391845,5.877912993364732,32.0,427.1537525977574,33.0
bend_035.csv,bend_035,35,1000,1050,4.0,bend,1,5.480258739988535,7.128587864878859,31.0,482.53112218561824,33.0
bend_035.csv,bend_035,36,1025,1075,4.1,bend,1,5.380983757058635,7.224239067091905,33.0,483.07640240181917,31.0
bend_035.csv,bend_035,37,1050,1100,4.2,bend,1,5.185554730712749,6.322255750151649,30.0,420.45216097165934,29.0
bend_035.csv,bend_035,38,1075,1125,4.3,bend,1,6.751806313753917,8.356153908635788,32.0,568.2836908440429,31.0
bend_035.csv,bend_035,39,1100,1150,4.4,bend,1,7.0843123340547365,9.047656865191993,30.0,594.8592123146743,28.0
bend_035.csv,bend_035,40,1125,1175,4.5,bend,1,6.892470720494041,8.472806615944672,28.0,539.926283912506,28.0
bend_035.csv,bend_035,41,1150,1200,4.6,bend,1,6.2013358032043335,7.697912178324421,30.0,503.70144055290353,31.0
bend_035.csv,bend_035,42,1175,1225,4.7,bend,1,6.223934927778963,8.332781658531493,28.0,531.8044435320272,29.0
bend_035.csv,bend_035,43,1200,1250,4.8,bend,1,5.523670026421944,7.566098763324122,28.0,491.81821679509426,28.0
bend_036.csv,bend_036,0,125,175,0.5,bend,1,3.390190344326154,4.004827171671582,36.0,306.67652925641454,33.0
bend_036.csv,bend_036,1,150,200,0.6,bend,1,2.8432332420910185,3.4330085906609002,35.0,265.09295425518684,31.0
bend_036.csv,bend_036,2,175,225,0.7,bend,1,3.2431718505395963,3.7795538915793423,36.0,294.17886339852265,36.0
bend_036.csv,bend_036,3,200,250,0.8,bend,1,13.885419113002945,22.63511843536265,32.0,1068.3851648150178,32.0
bend_036.csv,bend_036,4,225,275,0.9,bend,1,24.69008945040049,33.52251288651809,30.0,2003.306007120587,30.0
bend_036.csv,bend_036,5,250,300,1.0,bend,1,18.674906560912955,26.913805956706522,32.0,1466.2821858673717,31.0
bend_036.csv,bend_036,6,275,325,1.1,bend,1,12.731429615110066,15.496877397617316,34.0,1042.483686231446,31.0
bend_036.csv,bend_036,7,300,350,1.2,bend,1,10.645381868502232,13.402975672755675,34.0,877.344709378644,32.0
bend_036.csv,bend_036,8,325,375,1.3,bend,1,12.588398194055111,15.257367350544646,34.0,1071.5635258868676,34.0
bend_036.csv,bend_036,9,350,400,1.4,bend,1,11.626502156651904,14.771389882133406,30.0,964.2236390014914,30.0
bend_036.csv,bend_036,10,375,425,1.5,bend,1,10.078084100941638,13.855018257945177,31.0,855.0030293004202,31.0
bend_036.csv,bend_036,11,400,450,1.6,bend,1,12.963707187424204,15.828634439715245,32.0,1090.9342178431255,32.0
bend_036.csv,bend_036,12,425,475,1.7,bend,1,11.68371180283935,13.404911899221243,32.0,935.5875834719628,32.0
bend_036.csv,bend_036,13,450,500,1.8,bend,1,12.405927411077055,14.64593183042861,31.0,1013.6739756553567,31.0
bend_036.csv,bend_036,14,475,525,1.9,bend,1,9.393913505153618,12.153289877033211,31.0,752.8630234039333,31.0
bend_036.csv,bend_036,15,500,550,2.0,bend,1,10.306573566480326,14.02148704947073,34.0,914.6617080903311,34.0
bend_036.csv,bend_036,16,525,575,2.1,bend,1,12.47205392355355,15.429569273460933,33.0,1066.5030621376484,32.0
bend_036.csv,bend_036,17,550,600,2.2,bend,1,8.323339728580313,10.007435241789342,31.0,677.8896352276889,31.0
bend_036.csv,bend_036,18,575,625,2.3,bend,1,7.831631621254097,9.361769668710057,31.0,640.5112369970482,32.0
bend_036.csv,bend_036,19,600,650,2.4,bend,1,7.13709006208107,8.662300190600227,31.0,593.5609593502884,31.0
bend_036.csv,bend_036,20,625,675,2.5,bend,1,7.343067342835655,9.192194935457117,31.0,619.9641912735294,30.0
bend_036.csv,bend_036,21,650,700,2.6,bend,1,6.7408508663897715,8.88378730397182,32.0,580.6364287135394,32.0
bend_036.csv,bend_036,22,675,725,2.7,bend,1,3.8576961211039817,4.977233876068389,33.0,350.0117853616602,33.0
bend_036.csv,bend_036,23,700,750,2.8,bend,1,4.4961511436323605,5.635510376044779,32.0,395.44849740650517,32.0
bend_036.csv,bend_036,24,725,775,2.9,bend,1,6.934065360970579,8.418962637218756,32.0,579.9634347829567,31.0
bend_036.csv,bend_036,25,750,800,3.0,bend,1,6.833706777685924,8.183490739354568,33.0,561.9936829887042,32.0
bend_036.csv,bend_036,26,775,825,3.1,bend,1,5.577411598024651,6.984899377194613,34.0,491.73795714102204,32.0
bend_036.csv,bend_036,27,800,850,3.2,bend,1,7.00815581873578,8.582878278999079,33.0,601.9659818912505,32.0
bend_036.csv,bend_036,28,825,875,3.3,bend,1,7.190126106023443,8.337413917510684,34.0,610.5839469617698,35.0
bend_036.csv,bend_036,29,850,900,3.4,bend,1,6.253035533889058,7.219502655676588,33.0,512.9446958239129,34.0
bend_036.csv,bend_036,30,875,925,3.5,bend,1,5.829712131104928,6.750760487581028,32.0,472.83689194557024,31.0
bend_036.csv,bend_036,31,900,950,3.6,bend,1,4.4609932524771025,5.371191070633215,30.0,361.28846273980275,28.0
bend_036.csv,bend_036,32,925,975,3.7,bend,1,3.4190687744193555,4.110642617508457,31.0,282.35177049204265,28.0
bend_036.csv,bend_036,33,950,1000,3.8,bend,1,3.405901925791277,4.303264945298449,30.0,285.8761296006931,27.0
bend_036.csv,bend_036,34,975,1025,3.9,bend,1,3.0872580946582917,4.127916849648465,32.0,278.646775110484,28.0
bend_036.csv,bend_036,35,1000,1050,4.0,bend,1,4.214567564388802,5.462098670312229,33.0,350.74918052902717,32.0
bend_036.csv,bend_036,36,1025,1075,4.1,bend,1,5.606585852528092,6.878478559723047,32.0,466.7795509929417,32.0
bend_036.csv,bend_036,37,1050,1100,4.2,bend,1,4.730104523155095,5.888946418462773,30.0,387.9775593230974,28.0
bend_036.csv,bend_036,38,1075,1125,4.3,bend,1,3.9893357108327576,4.9906955922287555,28.0,329.73317031062646,24.0
bend_036.csv,bend_036,39,1100,1150,4.4,bend,1,4.426097057694448,5.616665358420705,29.0,383.3340778420954,27.0
bend_036.csv,bend_036,40,1125,1175,4.5,bend,1,5.299662583869048,6.6486968820052015,30.0,460.13956259634733,30.0
bend_036.csv,bend_036,41,1150,1200,4.6,bend,1,5.00318337786969,6.159516888789471,32.0,438.24098436146403,33.0
bend_036.csv,bend_036,42,1175,1225,4.7,bend,1,4.489818068405056,5.1660210063498,35.0,391.16093280880494,35.0
bend_036.csv,bend_036,43,1200,1250,4.8,bend,1,4.9024730357137996,5.831602452958164,33.0,425.3567402886049,32.0
bend_037.csv,bend_037,0,125,175,0.5,bend,1,3.0080620696430445,3.486561722870295,33.0,247.3393972332139,32.0
bend_037.csv,bend_037,1,150,200,0.6,bend,1,3.1521279459106752,3.5773159291502687,35.0,274.8183460535073,35.0
bend_037.csv,bend_037,2,175,225,0.7,bend,1,6.9886286415961125,9.973276453206449,33.0,561.2965318975293,32.0
bend_037.csv,bend_037,3,200,250,0.8,bend,1,16.448163792478773,20.96764159478974,30.0,1351.3048654394902,30.0
bend_037.csv,bend_037,4,225,275,0.9,bend,1,16.910274020677033,21.274742107860614,30.0,1355.9398556431695,31.0
bend_037.csv,bend_037,5,250,300,1.0,bend,1,13.395650226310044,16.155602449057877,31.0,1105.5238545243433,32.0
bend_037.csv,bend_037,6,275,325,1.1,bend,1,13.129516268176785,15.797607430761126,31.0,1113.0007754763744,31.0
bend_037.csv,bend_037,7,300,350,1.2,bend,1,10.696161193149125,12.866956618800415,32.0,915.7816035078082,32.0
bend_037.csv,bend_037,8,325,375,1.3,bend,1,9.723158813612859,11.656201989102124,32.0,834.7608676646344,33.0
bend_037.csv,bend_037,9,350,400,1.4,bend,1,13.16637626564045,17.414063301903077,32.0,1179.359120761061,33.0
bend_037.csv,bend_037,10,375,425,1.5,bend,1,16.638101955551708,21.007405751174765,30.0,1345.181764327261,30.0
bend_037.csv,bend_037,11,400,450,1.6,bend,1,12.121695681900192,15.70112047270853,31.0,946.4513246178884,30.0
bend_037.csv,bend_037,12,425,475,1.7,bend,1,8.594029872889525,10.476543082178376,32.0,718.5307014879025,31.0
bend_037.csv,bend_037,13,450,500,1.8,bend,1,8.935692327904066,11.451101787107527,30.0,777.4965563468015,30.0
bend_037.csv,bend_037,14,475,525,1.9,bend,1,11.272094688381118,14.933351344275716,29.0,948.0979848124462,29.0
bend_037.csv,bend_037,15,500,550,2.0,bend,1,11.346680464455646,14.77045628438049,30.0,968.1909870109462,30.0
bend_037.csv,bend_037,16,525,575,2.1,bend,1,9.079558090173434,11.420780490475783,32.0,744.7432480648465,33.0
bend_037.csv,bend_037,17,550,600,2.2,bend,1,8.35480555915248,10.609159763210911,35.0,713.7971890458672,35.0
bend_037.csv,bend_037,18,575,625,2.3,bend,1,9.115734783633114,11.028924876366004,33.0,760.4851512340407,34.0
bend_037.csv,bend_037,19,600,650,2.4,bend,1,10.611098107484867,12.423987439246439,33.0,907.4453966893997,34.0
bend_037.csv,bend_037,20,625,675,2.5,bend,1,7.227786134269105,9.624128019567811,29.0,607.9789240486064,28.0
bend_037.csv,bend_037,21,650,700,2.6,bend,1,5.6924801480147185,7.661289511313542,30.0,481.24617477146967,28.0
bend_037.csv,bend_037,22,675,725,2.7,bend,1,7.108529367842533,8.537696296488244,30.0,573.6228742680981,31.0
bend_037.csv,bend_037,23,700,750,2.8,bend,1,6.31054876588066,7.540146294776574,30.0,516.0449616568231,30.0
bend_037.csv,bend_037,24,725,775,2.9,bend,1,5.991583197789719,7.503562228560927,31.0,513.4707794327909,32.0
bend_037.csv,bend_037,25,750,800,3.0,bend,1,6.42978836913475,7.9426604114363775,34.0,571.1215251370088,32.0
bend_037.csv,bend_037,26,775,825,3.1,bend,1,5.903018121724542,7.215984130038237,35.0,516.3271900571419,32.0
bend_037.csv,bend_037,27,800,850,3.2,bend,1,5.817337253341133,6.760863794443387,34.0,494.528134628518,31.0
bend_037.csv,bend_037,28,825,875,3.3,bend,1,4.501133044128068,5.479763391814126,30.0,360.7223632115535,29.0
bend_037.csv,bend_037,29,850,900,3.4,bend,1,3.281058524944115,3.98255348544163,29.0,259.3810967148209,26.0
bend_037.csv,bend_037,30,875,925,3.5,bend,1,6.752105577783133,9.580723513188591,30.0,616.572972379936,28.0
bend_037.csv,bend_037,31,900,950,3.6,bend,1,7.57750554128609,10.033473954038376,33.0,691.1199128375059,33.0
bend_037.csv,bend_037,32,925,975,3.7,bend,1,5.487799190120232,6.444083016182664,34.0,483.5725201471603,32.0
bend_037.csv,bend_037,33,950,1000,3.8,bend,1,5.075631657153353,6.0491374724571685,35.0,439.17478302827084,30.0
bend_037.csv,bend_037,34,975,1025,3.9,bend,1,5.949193260885551,7.298296919987085,34.0,506.7539982272745,31.0
bend_037.csv,bend_037,35,1000,1050,4.0,bend,1,6.283982296736575,8.082537247144266,32.0,547.2926739923661,31.0
bend_037.csv,bend_037,36,1025,1075,4.1,bend,1,6.863651202222063,8.83660693051998,33.0,585.8186667277403,33.0
bend_037.csv,bend_037,37,1050,1100,4.2,bend,1,7.596209083799464,9.47188241615097,34.0,685.6467336606332,34.0
bend_037.csv,bend_037,38,1075,1125,4.3,bend,1,7.603545517128224,10.358013683261573,34.0,685.3451885487008,33.0
bend_037.csv,bend_037,39,1100,1150,4.4,bend,1,8.031462559996374,10.522489921192117,34.0,696.833591934812,34.0
bend_037.csv,bend_037,40,1125,1175,4.5,bend,1,9.302669781473096,11.084305272659673,33.0,791.2155282262845,34.0
bend_037.csv,bend_037,41,1150,1200,4.6,bend,1,9.944325965731144,11.691025688768773,32.0,833.9781346531463,33.0
bend_037.csv,bend_037,42,1175,1225,4.7,bend,1,7.307223488606558,8.86769838755883,31.0,611.7884496410971,31.0
bend_037.csv,bend_037,43,1200,1250,4.8,bend,1,4.8898422690812415,6.192525742399799,29.0,389.5919801460913,29.0
bend_038.csv,bend_038,0,125,175,0.5,bend,1,3.410667245277951,3.9939103101577946,35.0,310.3831194282138,32.0
bend_038.csv,bend_038,1,150,200,0.6,bend,1,11.802235376063656,18.48425803877801,33.0,943.1282105303028,32.0
bend_038.csv,bend_038,2,175,225,0.7,bend,1,15.71392204896751,20.954429675353705,29.0,1229.427943352697,28.0
bend_038.csv,bend_038,3,200,250,0.8,bend,1,15.877456606781159,19.744909658903886,31.0,1371.8374555787593,32.0
bend_038.csv,bend_038,4,225,275,0.9,bend,1,23.15508885559269,27.873131043233407,34.0,1920.3742306922572,35.0
bend_038.csv,bend_038,5,250,300,1.0,bend,1,20.553630896317987,25.674900925510993,31.0,1628.8555358692745,32.0
bend_038.csv,bend_038,6,275,325,1.1,bend,1,14.748845401846925,17.600139641198062,31.0,1185.9570999131747,31.0
bend_038.csv,bend_038,7,300,350,1.2,bend,1,11.307035307533091,13.749689192700236,31.0,903.799771353008,32.0
bend_038.csv,bend_038,8,325,375,1.3,bend,1,8.719974831411195,10.573067284574824,33.0,719.7976112040648,34.0
bend_038.csv,bend_038,9,350,400,1.4,bend,1,7.837611058641243,9.960346772794836,32.0,658.1234012130141,33.0
bend_038.csv,bend_038,10,375,425,1.5,bend,1,7.856958105137957,10.280602819689383,33.0,677.8514145127327,32.0
bend_038.csv,bend_038,11,400,450,1.6,bend,1,10.611177303594648,13.150127858255031,32.0,887.5853587128086,32.0
bend_038.csv,bend_038,12,425,475,1.7,bend,1,10.692534876664118,12.59495859385778,32.0,857.028205108215,33.0
bend_038.csv,bend_038,13,450,500,1.8,bend,1,10.346398784972058,12.58643247631311,33.0,847.638401505203,34.0
bend_038.csv,bend_038,14,475,525,1.9,bend,1,10.710500854577356,13.144626934238955,32.0,902.3757495101576,33.0
bend_038.csv,bend_038,15,500,550,2.0,bend,1,6.978278461545531,9.113053643397913,34.0,617.0804518710721,35.0
bend_038.csv,bend_038,16,525,575,2.1,bend,1,4.919266299297302,5.9409316519563,34.0,429.24443990173563,35.0
bend_038.csv,bend_038,17,550,600,2.2,bend,1,6.300492198068993,7.349014526510134,33.0,539.2254851500404,34.0
bend_038.csv,bend_038,18,575,625,2.3,bend,1,7.014758920028648,8.263000573051746,34.0,610.0528626403541,35.0
bend_038.csv,bend_038,19,600,650,2.4,bend,1,7.5348600460983315,8.892092008644536,32.0,625.6211873369033,33.0
bend_038.csv,bend_038,20,625,675,2.5,bend,1,5.791054125098108,7.448134184767531,24.0,450.9176869818505,24.0
bend_038.csv,bend_038,21,650,700,2.6,bend,1,3.748636938583226,4.893527679026301,27.0,299.6883619958145,26.0
bend_038.csv,bend_038,22,675,725,2.7,bend,1,3.7690132412757937,4.370022502736424,34.0,309.35692774728244,33.0
bend_038.csv,bend_038,23,700,750,2.8,bend,1,5.3670378846626825,6.627184270313611,34.0,467.0727005690843,34.0
bend_038.csv,bend_038,24,725,775,2.9,bend,1,4.88888516592505,6.45865122937311,31.0,424.02669964928333,29.0
bend_038.csv,bend_038,25,750,800,3.0,bend,1,3.440688857219296,4.428258057069517,29.0,305.1094730632265,28.0
bend_038.csv,bend_038,26,775,825,3.1,bend,1,4.096563423128435,5.21947606971258,33.0,359.74012748333627,34.0
bend_038.csv,bend_038,27,800,850,3.2,bend,1,4.570680332574904,5.7034691747407615,35.0,393.9712665962506,33.0
bend_038.csv,bend_038,28,825,875,3.3,bend,1,5.2917286123160405,6.328802498197218,36.0,459.32864683142145,34.0
bend_038.csv,bend_038,29,850,900,3.4,bend,1,4.8233308207465795,5.943823749398546,35.0,408.90953176326343,33.0
bend_038.csv,bend_038,30,875,925,3.5,bend,1,4.301338352125115,5.259784412003045,32.0,372.06260152402683,31.0
bend_038.csv,bend_038,31,900,950,3.6,bend,1,5.114593312573791,6.931262826453597,32.0,454.3785388161499,28.0
bend_038.csv,bend_038,32,925,975,3.7,bend,1,5.515748808923969,7.2661115881079255,32.0,464.96345732603436,30.0
bend_038.csv,bend_038,33,950,1000,3.8,bend,1,4.445969408062674,5.335393635545914,34.0,363.09091594427804,34.0
bend_038.csv,bend_038,34,975,1025,3.9,bend,1,3.911072118435178,5.008838724446518,33.0,345.2163152437258,32.0
bend_038.csv,bend_038,35,1000,1050,4.0,bend,1,4.165736095786646,5.808898993572233,28.0,351.7830655244143,23.0
bend_038.csv,bend_038,36,1025,1075,4.1,bend,1,3.595378465048482,4.9543527148541555,29.0,292.59907896928667,23.0
bend_038.csv,bend_038,37,1050,1100,4.2,bend,1,4.090116243752945,4.951024341062794,31.0,356.923684487297,30.0
bend_038.csv,bend_038,38,1075,1125,4.3,bend,1,4.237799494360158,4.958861429287061,33.0,363.38092889325065,33.0
bend_038.csv,bend_038,39,1100,1150,4.4,bend,1,3.901854147164147,4.647728515776913,31.0,332.009398880635,31.0
bend_038.csv,bend_038,40,1125,1175,4.5,bend,1,3.6336061492784593,4.638049712153778,30.0,312.8636390129126,26.0
bend_038.csv,bend_038,41,1150,1200,4.6,bend,1,4.04732994797389,5.574039836681465,33.0,359.0549021394361,29.0
bend_038.csv,bend_038,42,1175,1225,4.7,bend,1,4.683204667259944,5.923245771105805,34.0,425.64536412791574,35.0
bend_038.csv,bend_038,43,1200,1250,4.8,bend,1,4.183063167984884,4.788651632947851,33.0,354.6318055931439,34.0
bend_039.csv,bend_039,0,125,175,0.5,bend,1,2.7934062456519695,3.5174136649713694,33.0,231.17124233580972,23.0
bend_039.csv,bend_039,1,150,200,0.6,bend,1,2.545598293307468,3.1875776380428835,31.0,214.30919658571344,24.0
bend_039.csv,bend_039,2,175,225,0.7,bend,1,3.4089337551917236,4.13264048748434,34.0,302.6980334348706,31.0
bend_039.csv,bend_039,3,200,250,0.8,bend,1,5.41616017802787,8.604245177463945,33.0,461.9344145816966,31.0
bend_039.csv,bend_039,4,225,275,0.9,bend,1,9.687553672154712,13.495112914103606,31.0,823.3202055025106,29.0
bend_039.csv,bend_039,5,250,300,1.0,bend,1,12.828944834355427,15.92645754290736,31.0,1092.0664746688904,32.0
bend_039.csv,bend_039,6,275,325,1.1,bend,1,10.815783481933147,13.674182248854649,31.0,897.7189326230979,32.0
bend_039.csv,bend_039,7,300,350,1.2,bend,1,10.297390195563965,12.285048794500861,31.0,819.0910099203601,30.0
bend_039.csv,bend_039,8,325,375,1.3,bend,1,14.30999620683628,16.365194347406725,33.0,1155.4958527140489,31.0
bend_039.csv,bend_039,9,350,400,1.4,bend,1,12.520976943882932,14.919212533524648,32.0,1051.2024590680924,33.0
bend_039.csv,bend_039,10,375,425,1.5,bend,1,6.877918532731386,8.618102664566223,32.0,570.2919347414334,29.0
bend_039.csv,bend_039,11,400,450,1.6,bend,1,7.653218920321358,9.966606209030308,32.0,641.5678068645535,27.0
bend_039.csv,bend_039,12,425,475,1.7,bend,1,12.39028246897078,16.26538298628941,31.0,1046.8611875143504,28.0
bend_039.csv,bend_039,13,450,500,1.8,bend,1,12.255873147919623,16.400400518137562,30.0,997.7624336638655,29.0
bend_039.csv,bend_039,14,475,525,1.9,bend,1,12.914697992934428,15.637716858708236,31.0,1121.8284596068129,32.0
bend_039.csv,bend_039,15,500,550,2.0,bend,1,10.198145092156063,13.214307278254578,33.0,910.327544580638,34.0
bend_039.csv,bend_039,16,525,575,2.1,bend,1,4.514260647559962,5.1503335918066675,34.0,392.97851187741253,35.0
bend_039.csv,bend_039,17,550,600,2.2,bend,1,6.488366694246927,8.014681247473318,35.0,582.1021500869267,36.0
bend_039.csv,bend_039,18,575,625,2.3,bend,1,7.6232376538769,9.183620038771565,32.0,665.4039492809444,33.0
bend_039.csv,bend_039,19,600,650,2.4,bend,1,6.789313830057989,8.459251369261409,32.0,597.1332741985112,33.0
bend_039.csv,bend_039,20,625,675,2.5,bend,1,8.954835508686688,10.853013229293053,32.0,785.871303332836,33.0
bend_039.csv,bend_039,21,650,700,2.6,bend,1,9.830802683658934,11.603967987347847,34.0,875.8536002279217,35.0
bend_039.csv,bend_039,22,675,725,2.7,bend,1,7.295068220688777,9.277929258788452,33.0,634.4419858431602,30.0
bend_039.csv,bend_039,23,700,750,2.8,bend,1,6.4906186252488105,7.994654804948196,31.0,541.6495473931624,29.0
bend_039.csv,bend_039,24,725,775,2.9,bend,1,5.899556998216587,6.961461012358676,30.0,480.01500491193696,31.0
bend_039.csv,bend_039,25,750,800,3.0,bend,1,4.4757977882228355,5.451357663173613,30.0,364.7750762042608,30.0
bend_039.csv,bend_039,26,775,825,3.1,bend,1,3.9852304942749184,5.15011447826802,31.0,330.14211983754143,32.0
bend_039.csv,bend_039,27,800,850,3.2,bend,1,4.337185164757389,5.531509798086069,33.0,370.44226585818507,32.0
bend_039.csv,bend_039,28,825,875,3.3,bend,1,6.236011734020738,7.763646999644078,31.0,517.7508886139366,32.0
bend_039.csv,bend_039,29,850,900,3.4,bend,1,5.5970199975576085,7.363754806617764,34.0,478.20611747822886,31.0
bend_039.csv,bend_039,30,875,925,3.5,bend,1,6.563155269755753,8.78948961518553,32.0,534.0139446680419,29.0
bend_039.csv,bend_039,31,900,950,3.6,bend,1,8.994375218108978,10.837570146522634,29.0,748.1332427836954,29.0
bend_039.csv,bend_039,32,925,975,3.7,bend,1,7.80328386067373,9.5832685051241,31.0,673.5606002284526,31.0
bend_039.csv,bend_039,33,950,1000,3.8,bend,1,5.406038027773319,7.157644351293668,32.0,459.89576460630025,31.0
bend_039.csv,bend_039,34,975,1025,3.9,bend,1,4.154782479555226,5.287356968989467,34.0,351.7581452996722,29.0
bend_039.csv,bend_039,35,1000,1050,4.0,bend,1,5.089521320892712,6.1119165236457045,34.0,436.7613865669977,31.0
bend_039.csv,bend_039,36,1025,1075,4.1,bend,1,5.356829496296392,6.354470368672852,34.0,456.0645855458056,33.0
bend_039.csv,bend_039,37,1050,1100,4.2,bend,1,4.3696245706874235,5.333399676796541,32.0,365.375349273311,30.0
bend_039.csv,bend_039,38,1075,1125,4.3,bend,1,4.827190154360441,6.102448041516617,29.0,404.50622631378883,29.0
bend_039.csv,bend_039,39,1100,1150,4.4,bend,1,6.553158698026996,7.7820914807002515,30.0,558.3026216359909,32.0
bend_039.csv,bend_039,40,1125,1175,4.5,bend,1,6.287602670655937,7.433126475285822,35.0,535.5897689197895,32.0
bend_039.csv,bend_039,41,1150,1200,4.6,bend,1,5.800739286369691,6.9184934279712476,34.0,498.2667130128269,31.0
bend_039.csv,bend_039,42,1175,1225,4.7,bend,1,6.179710137672912,7.473404272119946,31.0,512.6252059947799,31.0
bend_039.csv,bend_039,43,1200,1250,4.8,bend,1,5.047417375551282,6.294042676318511,32.0,408.9889148448093,32.0
bend_040.csv,bend_040,0,125,175,0.5,bend,1,4.034997012764053,4.579559336877184,32.0,323.6071147206501,32.0
bend_040.csv,bend_040,1,150,200,0.6,bend,1,3.4334142959238574,4.11154779496738,29.0,280.954634419252,29.0
bend_040.csv,bend_040,2,175,225,0.7,bend,1,2.563406747320416,3.1144095584624734,29.0,202.81942209201236,25.0
bend_040.csv,bend_040,3,200,250,0.8,bend,1,3.2789938512290875,3.8746263443799376,33.0,269.5669751155825,29.0
bend_040.csv,bend_040,4,225,275,0.9,bend,1,3.74138182887657,4.215933319969235,32.0,300.3905570879235,31.0
bend_040.csv,bend_040,5,250,300,1.0,bend,1,8.90626616122467,16.862990548007144,30.0,704.4877170486308,32.0
bend_040.csv,bend_040,6,275,325,1.1,bend,1,24.03810898849091,33.256742427543905,28.0,1992.149088024735,30.0
bend_040.csv,bend_040,7,300,350,1.2,bend,1,27.570370740516502,33.61081376003597,30.0,2225.085679356233,31.0
bend_040.csv,bend_040,8,325,375,1.3,bend,1,16.901998488609163,20.337934108286266,30.0,1406.1880085429925,31.0
bend_040.csv,bend_040,9,350,400,1.4,bend,1,15.650101875462537,19.639063187312132,31.0,1379.7041480810651,30.0
bend_040.csv,bend_040,10,375,425,1.5,bend,1,15.614128215254457,19.487356906581038,31.0,1353.1484062040292,32.0
bend_040.csv,bend_040,11,400,450,1.6,bend,1,12.519643334212997,15.255091305423134,30.0,1055.9380386160783,29.0
bend_040.csv,bend_040,12,425,475,1.7,bend,1,12.826108516673052,15.474148064717783,29.0,1048.831492264198,29.0
bend_040.csv,bend_040,13,450,500,1.8,bend,1,11.011464332858173,13.132093321756575,29.0,866.4632245382959,30.0
bend_040.csv,bend_040,14,475,525,1.9,bend,1,8.80855152563587,10.60078406085611,32.0,730.4899467494662,31.0
bend_040.csv,bend_040,15,500,550,2.0,bend,1,7.1255414921010605,8.737103172321625,35.0,617.877852323104,33.0
bend_040.csv,bend_040,16,525,575,2.1,bend,1,8.10447586403125,9.651754030801035,34.0,693.380933586625,33.0
bend_040.csv,bend_040,17,550,600,2.2,bend,1,8.914707887042393,10.361348578475042,31.0,717.6277273915098,30.0
bend_040.csv,bend_040,18,575,625,2.3,bend,1,6.909827873046071,8.336611892100233,30.0,554.6318257957631,30.0
bend_040.csv,bend_040,19,600,650,2.4,bend,1,6.901742581771577,8.419281213572594,33.0,593.2668996924906,33.0
bend_040.csv,bend_040,20,625,675,2.5,bend,1,5.971195325060262,7.343681627051014,34.0,546.7879508448774,34.0
bend_040.csv,bend_040,21,650,700,2.6,bend,1,3.716317731842118,4.630882356015728,31.0,329.6951895527573,30.0
bend_040.csv,bend_040,22,675,725,2.7,bend,1,3.3625370842011812,4.016691363508403,32.0,301.84232094579215,32.0
bend_040.csv,bend_040,23,700,750,2.8,bend,1,4.059102282427401,4.691056638354457,32.0,347.8198398611853,32.0
bend_040.csv,bend_040,24,725,775,2.9,bend,1,4.694501462407968,5.662800221922438,32.0,382.61404890218336,32.0
bend_040.csv,bend_040,25,750,800,3.0,bend,1,6.1720439916501695,7.433940080106571,33.0,526.0173125227226,34.0
bend_040.csv,bend_040,26,775,825,3.1,bend,1,7.0332490978640285,8.202789108861786,33.0,593.203094573187,34.0
bend_040.csv,bend_040,27,800,850,3.2,bend,1,6.447797412084205,7.678616792437603,33.0,503.5016342824672,33.0
bend_040.csv,bend_040,28,825,875,3.3,bend,1,4.827771989438448,6.041406590154751,31.0,372.33895097884783,30.0
bend_040.csv,bend_040,29,850,900,3.4,bend,1,4.49663082859055,5.486277604585517,32.0,352.8132971947378,29.0
bend_040.csv,bend_040,30,875,925,3.5,bend,1,4.024405397591395,5.021845303433115,31.0,319.36967321780895,29.0
bend_040.csv,bend_040,31,900,950,3.6,bend,1,5.878453207374721,7.785355269752147,29.0,494.04282172472,30.0
bend_040.csv,bend_040,32,925,975,3.7,bend,1,8.748154782005354,10.420535492662184,31.0,725.6872826409912,32.0
bend_040.csv,bend_040,33,950,1000,3.8,bend,1,6.991975677810529,8.764722958793644,31.0,579.5631455011696,31.0
bend_040.csv,bend_040,34,975,1025,3.9,bend,1,6.280719299775447,7.844987285596621,31.0,525.3389532718442,30.0
bend_040.csv,bend_040,35,1000,1050,4.0,bend,1,7.974785589801794,10.291923480280838,30.0,679.0385238696166,29.0
bend_040.csv,bend_040,36,1025,1075,4.1,bend,1,7.004767470831407,9.496593261790062,30.0,614.6137334906214,29.0
bend_040.csv,bend_040,37,1050,1100,4.2,bend,1,6.517010011566917,8.048454518985453,30.0,499.72838952904016,28.0
bend_040.csv,bend_040,38,1075,1125,4.3,bend,1,6.712650008815847,8.229230625014246,31.0,501.85363017355724,26.0
bend_040.csv,bend_040,39,1100,1150,4.4,bend,1,5.68302549980898,7.031887475469209,30.0,458.82133203087744,29.0
bend_040.csv,bend_040,40,1125,1175,4.5,bend,1,7.623151019602631,9.43806809989435,33.0,664.4575048342059,34.0
bend_040.csv,bend_040,41,1150,1200,4.6,bend,1,9.80476197555493,11.990492390452792,33.0,867.0503955579956,33.0
bend_040.csv,bend_040,42,1175,1225,4.7,bend,1,9.641228902634163,11.597546367750951,31.0,825.0503819093881,32.0
bend_040.csv,bend_040,43,1200,1250,4.8,bend,1,8.625923288731247,10.153958833508444,29.0,682.0197964296251,28.0
bend_041.csv,bend_041,0,125,175,0.5,bend,1,8.456153364049623,10.100675360836492,30.0,730.5456111814722,32.0
bend_041.csv,bend_041,1,150,200,0.6,bend,1,8.137742859828897,9.882430913331714,29.0,683.8354502360361,28.0
bend_041.csv,bend_041,2,175,225,0.7,bend,1,10.929153399765012,13.548078545203364,31.0,921.1361023915815,28.0
bend_041.csv,bend_041,3,200,250,0.8,bend,1,13.13139697831667,15.42364630875054,33.0,1126.5284801961081,32.0
bend_041.csv,bend_041,4,225,275,0.9,bend,1,12.412050548223128,16.135169570421287,33.0,1069.7236258503815,30.0
bend_041.csv,bend_041,5,250,300,1.0,bend,1,11.301876591746144,15.971277737133333,31.0,992.9760706437363,29.0
bend_041.csv,bend_041,6,275,325,1.1,bend,1,10.563711559255289,13.290731491206301,32.0,885.0012793755648,32.0
bend_041.csv,bend_041,7,300,350,1.2,bend,1,9.147352741907907,10.720741314639536,31.0,767.590222049965,32.0
bend_041.csv,bend_041,8,325,375,1.3,bend,1,10.31727764467612,12.668926888075376,27.0,800.438158484729,28.0
bend_041.csv,bend_041,9,350,400,1.4,bend,1,13.757930202329767,16.09316449438342,29.0,1126.3850476525959,30.0
bend_041.csv,bend_041,10,375,425,1.5,bend,1,11.734965697330667,14.085210939029865,31.0,977.5058176110044,32.0
bend_041.csv,bend_041,11,400,450,1.6,bend,1,12.336788459368996,15.200665263723174,33.0,1049.3732661622828,34.0
bend_041.csv,bend_041,12,425,475,1.7,bend,1,11.769381557534237,15.30801701977103,33.0,985.2785720233467,32.0
bend_041.csv,bend_041,13,450,500,1.8,bend,1,8.737417389778129,11.66609851967375,33.0,745.2712175732545,32.0
bend_041.csv,bend_041,14,475,525,1.9,bend,1,11.437287427655415,14.460160130502087,33.0,1004.488113958289,34.0
bend_041.csv,bend_041,15,500,550,2.0,bend,1,12.229752089100428,15.51676161587795,31.0,1027.958834350559,31.0
bend_041.csv,bend_041,16,525,575,2.1,bend,1,12.218758040005751,15.55272271140739,32.0,1028.2770739479583,31.0
bend_041.csv,bend_041,17,550,600,2.2,bend,1,11.86230473449064,14.461002280031995,34.0,987.2063561218205,33.0
bend_041.csv,bend_041,18,575,625,2.3,bend,1,9.408730292091738,10.954080852999052,33.0,819.0542840434806,34.0
bend_041.csv,bend_041,19,600,650,2.4,bend,1,9.849330666856435,11.54702296610314,34.0,868.4829620685023,35.0
bend_041.csv,bend_041,20,625,675,2.5,bend,1,11.100876382584733,13.289079263803245,33.0,940.2505495972516,32.0
bend_041.csv,bend_041,21,650,700,2.6,bend,1,9.953513278989442,12.253414873879096,29.0,818.4667322517458,28.0
bend_041.csv,bend_041,22,675,725,2.7,bend,1,8.484831316731569,10.261755641890584,29.0,708.12386878939,28.0
bend_041.csv,bend_041,23,700,750,2.8,bend,1,6.858800597533506,8.492912814910863,33.0,564.4564998132229,29.0
bend_041.csv,bend_041,24,725,775,2.9,bend,1,5.659526457814655,7.475675803800034,35.0,465.6172456131701,28.0
bend_041.csv,bend_041,25,750,800,3.0,bend,1,5.243973999953327,7.225792778664085,33.0,431.3221298606607,30.0
bend_041.csv,bend_041,26,775,825,3.1,bend,1,7.449018472453474,9.201515626519477,34.0,617.7518286896849,34.0
bend_041.csv,bend_041,27,800,850,3.2,bend,1,10.332502892613514,11.613727539005232,35.0,889.333952648039,35.0
bend_041.csv,bend_041,28,825,875,3.3,bend,1,7.687261464166839,9.284479477146403,32.0,668.95165502508,32.0
bend_041.csv,bend_041,29,850,900,3.4,bend,1,8.816709955499649,11.67552408515117,30.0,733.1918561617875,29.0
bend_041.csv,bend_041,30,875,925,3.5,bend,1,11.68562981022603,14.293204894638421,28.0,927.9837956815243,29.0
bend_041.csv,bend_041,31,900,950,3.6,bend,1,9.72031626350635,12.072378010177255,31.0,789.2463852058622,32.0
bend_041.csv,bend_041,32,925,975,3.7,bend,1,7.887859116298075,9.790194355735162,32.0,643.308886123464,32.0
bend_041.csv,bend_041,33,950,1000,3.8,bend,1,7.881421107072738,9.688486084245726,33.0,681.3288857768232,33.0
bend_041.csv,bend_041,34,975,1025,3.9,bend,1,7.967658147716638,9.973119265933368,32.0,690.1455558700223,32.0
bend_041.csv,bend_041,35,1000,1050,4.0,bend,1,7.610310133356378,9.217136355745813,29.0,586.94928852692,29.0
bend_041.csv,bend_041,36,1025,1075,4.1,bend,1,8.398664342221695,10.299003797950961,31.0,651.0252040216292,31.0
bend_041.csv,bend_041,37,1050,1100,4.2,bend,1,11.162125775480122,14.171089894446007,31.0,927.5181137235528,32.0
bend_041.csv,bend_041,38,1075,1125,4.3,bend,1,10.204901315686243,13.288799851331582,31.0,854.1077245406213,30.0
bend_041.csv,bend_041,39,1100,1150,4.4,bend,1,6.197859941813309,8.312438255714241,32.0,544.4214874997257,30.0
bend_041.csv,bend_041,40,1125,1175,4.5,bend,1,6.542998388359884,8.544518519039126,30.0,536.5910224259188,28.0
bend_041.csv,bend_041,41,1150,1200,4.6,bend,1,11.534773283455998,14.141356723546648,31.0,923.257608554208,30.0
bend_041.csv,bend_041,42,1175,1225,4.7,bend,1,13.519962659730139,15.797042540505542,31.0,1078.462020687938,31.0
bend_041.csv,bend_041,43,1200,1250,4.8,bend,1,10.044211071750793,12.109724118867526,33.0,784.8282144172098,30.0
bend_042.csv,bend_042,0,125,175,0.5,bend,1,22.454890158074416,26.775545359029287,31.0,1918.7504801507903,31.0
bend_042.csv,bend_042,1,150,200,0.6,bend,1,23.190403207041456,26.990420947294194,32.0,1978.9870006033525,31.0
bend_042.csv,bend_042,2,175,225,0.7,bend,1,18.1908472740575,22.20557610062656,30.0,1587.708624499322,31.0
bend_042.csv,bend_042,3,200,250,0.8,bend,1,13.793213986718637,16.832949608514966,29.0,1101.7478938834952,30.0
bend_042.csv,bend_042,4,225,275,0.9,bend,1,16.58612085073962,20.226114625473954,30.0,1374.9399758227614,31.0
bend_042.csv,bend_042,5,250,300,1.0,bend,1,17.437347450284406,21.381056398100853,31.0,1499.3569097033355,31.0
bend_042.csv,bend_042,6,275,325,1.1,bend,1,13.413018898479507,16.697375892947512,31.0,1087.3676521403988,31.0
bend_042.csv,bend_042,7,300,350,1.2,bend,1,11.795806623614663,14.153752203035738,30.0,950.2145792338888,30.0
bend_042.csv,bend_042,8,325,375,1.3,bend,1,13.086625975434393,16.75759022022332,29.0,1094.3621428250458,29.0
bend_042.csv,bend_042,9,350,400,1.4,bend,1,12.811350101509266,16.664683762699532,30.0,1066.9394455387487,30.0
bend_042.csv,bend_042,10,375,425,1.5,bend,1,10.348151585607939,13.272900579099623,32.0,873.6338995285789,33.0
bend_042.csv,bend_042,11,400,450,1.6,bend,1,8.839582100816752,10.666521186905422,32.0,716.1803388691981,32.0
bend_042.csv,bend_042,12,425,475,1.7,bend,1,8.823210759549113,10.6300348444677,33.0,729.8885576598158,32.0
bend_042.csv,bend_042,13,450,500,1.8,bend,1,6.887320826903398,8.84664428427691,34.0,605.1102916338824,32.0
bend_042.csv,bend_042,14,475,525,1.9,bend,1,9.082308391849914,11.53644060063785,34.0,773.0548853490076,32.0
bend_042.csv,bend_042,15,500,550,2.0,bend,1,13.248984550217367,15.666304694964422,35.0,1153.7595171694109,36.0
bend_042.csv,bend_042,16,525,575,2.1,bend,1,11.61805834310964,14.598204282373857,34.0,1054.2139583448204,35.0
bend_042.csv,bend_042,17,550,600,2.2,bend,1,11.59759644231227,14.711204611436298,31.0,1006.5629711233946,31.0
bend_042.csv,bend_042,18,575,625,2.3,bend,1,12.099992094228293,15.638635212232776,33.0,1073.1190761877485,31.0
bend_042.csv,bend_042,19,600,650,2.4,bend,1,11.738593546987408,14.674689590512726,33.0,1001.1336566846716,32.0
bend_042.csv,bend_042,20,625,675,2.5,bend,1,11.939884165601573,14.06471715109007,32.0,1006.125470957225,33.0
bend_042.csv,bend_042,21,650,700,2.6,bend,1,9.737887213845163,11.67309284733902,31.0,787.0085600077147,31.0
bend_042.csv,bend_042,22,675,725,2.7,bend,1,9.469010113975832,11.718749396749711,29.0,804.7033756273488,29.0
bend_042.csv,bend_042,23,700,750,2.8,bend,1,11.476171865257374,13.963577397083812,29.0,974.3618592954389,30.0
bend_042.csv,bend_042,24,725,775,2.9,bend,1,15.225016703324345,19.508321149189022,30.0,1285.279358854972,30.0
bend_042.csv,bend_042,25,750,800,3.0,bend,1,16.53258493404898,20.563226430356547,31.0,1418.002241929608,31.0
bend_042.csv,bend_042,26,775,825,3.1,bend,1,13.66086597439848,16.39464054135152,34.0,1161.8483883077051,33.0
bend_042.csv,bend_042,27,800,850,3.2,bend,1,12.13598464080883,15.55853535920129,34.0,1055.1606242649796,32.0
bend_042.csv,bend_042,28,825,875,3.3,bend,1,12.784393248385484,16.805480552946634,32.0,1120.6671635209239,32.0
bend_042.csv,bend_042,29,850,900,3.4,bend,1,12.523286711951991,16.225883564003887,34.0,1097.4512952862528,34.0
bend_042.csv,bend_042,30,875,925,3.5,bend,1,8.877743208153245,11.557454471950336,28.0,761.4654767457381,29.0
bend_042.csv,bend_042,31,900,950,3.6,bend,1,7.735792758047413,9.6464030537194,29.0,585.6248320283397,28.0
bend_042.csv,bend_042,32,925,975,3.7,bend,1,14.000788509935383,17.56754447636375,34.0,1183.6092227459721,33.0
bend_042.csv,bend_042,33,950,1000,3.8,bend,1,14.366132842734205,18.06573028715478,33.0,1226.5642332397977,34.0
bend_042.csv,bend_042,34,975,1025,3.9,bend,1,9.985961401264166,12.341306043597802,32.0,855.4016437683921,33.0
bend_042.csv,bend_042,35,1000,1050,4.0,bend,1,9.331584140912945,11.279408428784619,32.0,813.911422397951,31.0
bend_042.csv,bend_042,36,1025,1075,4.1,bend,1,8.770879888226562,10.942189505114603,33.0,781.1709575967396,34.0
bend_042.csv,bend_042,37,1050,1100,4.2,bend,1,7.745248559751375,9.753833042951365,31.0,654.1688928764439,33.0
bend_042.csv,bend_042,38,1075,1125,4.3,bend,1,7.183662779931149,8.85317706202186,32.0,623.292776352234,33.0
bend_042.csv,bend_042,39,1100,1150,4.4,bend,1,8.36221926929266,9.906519137143533,35.0,694.9964802377322,35.0
bend_042.csv,bend_042,40,1125,1175,4.5,bend,1,10.662811908160997,12.225408739796046,32.0,869.6940987527378,33.0
bend_042.csv,bend_042,41,1150,1200,4.6,bend,1,8.851773512388515,11.139819632202116,32.0,752.6864863358159,30.0
bend_042.csv,bend_042,42,1175,1225,4.7,bend,1,5.8095335999963345,7.33272720637664,31.0,495.61359196825623,28.0
bend_042.csv,bend_042,43,1200,1250,4.8,bend,1,8.800610182428002,11.97093400045592,31.0,770.9636667792989,29.0
bend_043.csv,bend_043,0,125,175,0.5,bend,1,15.679850379603483,21.18458516491084,32.0,1368.2406367285942,33.0
bend_043.csv,bend_043,1,150,200,0.6,bend,1,17.631918629566986,22.71468749758666,34.0,1492.4258358541754,34.0
bend_043.csv,bend_043,2,175,225,0.7,bend,1,17.22057005797201,21.217777810341595,34.0,1522.5307442170608,34.0
bend_043.csv,bend_043,3,200,250,0.8,bend,1,14.361645110195223,18.625227964045294,35.0,1269.8175254915511,33.0
bend_043.csv,bend_043,4,225,275,0.9,bend,1,12.240027373313728,15.037540652338222,32.0,1042.3564203505202,32.0
bend_043.csv,bend_043,5,250,300,1.0,bend,1,13.374681619372062,15.841488858947349,31.0,1129.9568853500887,32.0
bend_043.csv,bend_043,6,275,325,1.1,bend,1,13.931432897534059,16.606131021167275,34.0,1239.0897755734516,34.0
bend_043.csv,bend_043,7,300,350,1.2,bend,1,13.946760971214573,17.301797998025606,34.0,1195.2924457666668,34.0
bend_043.csv,bend_043,8,325,375,1.3,bend,1,11.824223003259686,15.104735175795344,35.0,1045.6214468475382,36.0
bend_043.csv,bend_043,9,350,400,1.4,bend,1,13.982035564859563,16.735802921739772,32.0,1181.5985212796056,33.0
bend_043.csv,bend_043,10,375,425,1.5,bend,1,14.54264424338116,17.142943611645293,32.0,1236.6727237023688,33.0
bend_043.csv,bend_043,11,400,450,1.6,bend,1,10.30905654703407,12.482432577141479,34.0,902.990211059212,33.0
bend_043.csv,bend_043,12,425,475,1.7,bend,1,10.538577215810292,13.237255235322891,32.0,923.829803243677,33.0
bend_043.csv,bend_043,13,450,500,1.8,bend,1,10.056567245074682,12.89396315067441,32.0,852.272791909955,30.0
bend_043.csv,bend_043,14,475,525,1.9,bend,1,6.217261140249,7.868488766875907,27.0,514.9792487569022,26.0
bend_043.csv,bend_043,15,500,550,2.0,bend,1,6.697436047332326,9.204314912173254,28.0,588.8817280018559,28.0
bend_043.csv,bend_043,16,525,575,2.1,bend,1,8.772103419475213,11.176170829675232,32.0,762.7401080519724,32.0
bend_043.csv,bend_043,17,550,600,2.2,bend,1,8.933110324605233,10.58623259558115,30.0,705.7478779792917,30.0
bend_043.csv,bend_043,18,575,625,2.3,bend,1,8.847798340936327,10.478169498099426,31.0,713.2995615052223,31.0
bend_043.csv,bend_043,19,600,650,2.4,bend,1,8.311213626786156,10.222103069058923,34.0,697.2906461936865,33.0
bend_043.csv,bend_043,20,625,675,2.5,bend,1,7.772084692181213,9.953214510489211,33.0,703.0777659986433,32.0
bend_043.csv,bend_043,21,650,700,2.6,bend,1,7.270728088168373,9.471994693277315,34.0,659.2247299071001,33.0
bend_043.csv,bend_043,22,675,725,2.7,bend,1,5.553112515511723,7.234338202892655,31.0,494.924875169545,32.0
bend_043.csv,bend_043,23,700,750,2.8,bend,1,6.067096671910593,7.826797075028465,30.0,507.50410666790606,29.0
bend_043.csv,bend_043,24,725,775,2.9,bend,1,6.723957834321701,8.3370243402663,33.0,579.3450279908358,33.0
bend_043.csv,bend_043,25,750,800,3.0,bend,1,6.001815737630584,6.872337775875485,36.0,525.2787693537954,36.0
bend_043.csv,bend_043,26,775,825,3.1,bend,1,5.498024819523881,6.610491383404692,33.0,474.7530662742494,32.0
bend_043.csv,bend_043,27,800,850,3.2,bend,1,4.51677361894028,5.8786849811484645,34.0,400.35873990903684,31.0
bend_043.csv,bend_043,28,825,875,3.3,bend,1,4.853290909354993,6.4183413140962715,34.0,421.971855091356,31.0
bend_043.csv,bend_043,29,850,900,3.4,bend,1,6.8501479293127705,8.336537035625456,33.0,549.6861243116821,31.0
bend_043.csv,bend_043,30,875,925,3.5,bend,1,9.417101156512434,10.982161245737457,31.0,732.1521155835774,31.0
bend_043.csv,bend_043,31,900,950,3.6,bend,1,10.780521678423334,13.070465332735461,28.0,833.3758174793547,29.0
bend_043.csv,bend_043,32,925,975,3.7,bend,1,10.488607977741918,13.437257760701865,30.0,862.0806920178884,31.0
bend_043.csv,bend_043,33,950,1000,3.8,bend,1,12.796878617535976,17.028206983622038,32.0,1170.015624517923,32.0
bend_043.csv,bend_043,34,975,1025,3.9,bend,1,13.017485254061985,17.195274501838753,33.0,1170.5866269042615,33.0
bend_043.csv,bend_043,35,1000,1050,4.0,bend,1,9.817396189803656,12.21091670321878,32.0,813.8936368452704,33.0
bend_043.csv,bend_043,36,1025,1075,4.1,bend,1,7.985422427660541,9.996646184813985,32.0,679.8063700611427,28.0
bend_043.csv,bend_043,37,1050,1100,4.2,bend,1,8.835891469531532,11.76446353314848,33.0,777.5625054829854,28.0
bend_043.csv,bend_043,38,1075,1125,4.3,bend,1,7.606437366445067,10.452031673668316,34.0,670.3613178880114,34.0
bend_043.csv,bend_043,39,1100,1150,4.4,bend,1,4.775553141998463,5.734019289740715,33.0,411.3175810433768,33.0
bend_043.csv,bend_043,40,1125,1175,4.5,bend,1,5.873142118587734,7.290912805161322,33.0,503.33169538088487,32.0
bend_043.csv,bend_043,41,1150,1200,4.6,bend,1,5.662819602935473,7.149940725566833,34.0,493.90553204628304,31.0
bend_043.csv,bend_043,42,1175,1225,4.7,bend,1,6.10991170399224,7.34585502587454,35.0,513.7086788284105,31.0
bend_043.csv,bend_043,43,1200,1250,4.8,bend,1,8.273609369847568,9.979703090597939,30.0,657.9330925835947,31.0
bend_044.csv,bend_044,0,125,175,0.5,bend,1,5.671059016060941,7.6816401336237075,34.0,491.55770635104614,35.0
bend_044.csv,bend_044,1,150,200,0.6,bend,1,12.890789276098536,16.351028482623104,32.0,1066.8228601304804,33.0
bend_044.csv,bend_044,2,175,225,0.7,bend,1,16.594098194835702,19.697411195900028,33.0,1399.4809945645475,31.0
bend_044.csv,bend_044,3,200,250,0.8,bend,1,13.744597943273666,17.04727491903799,32.0,1148.1541670122367,31.0
bend_044.csv,bend_044,4,225,275,0.9,bend,1,11.187640677874658,14.036450474636549,29.0,915.3019427493325,30.0
bend_044.csv,bend_044,5,250,300,1.0,bend,1,10.785052852393116,14.507769693467507,31.0,913.9778528427602,31.0
bend_044.csv,bend_044,6,275,325,1.1,bend,1,12.624735214029034,16.974523598465844,32.0,1034.6986621227613,32.0
bend_044.csv,bend_044,7,300,350,1.2,bend,1,12.277437959731442,15.560513959826586,33.0,1057.8483185286816,34.0
bend_044.csv,bend_044,8,325,375,1.3,bend,1,12.126862094185867,14.263292412340597,35.0,1095.609287131341,36.0
bend_044.csv,bend_044,9,350,400,1.4,bend,1,10.170423263213456,12.334120006957578,32.0,850.5168220899632,31.0
bend_044.csv,bend_044,10,375,425,1.5,bend,1,9.987228923220933,12.385287751735527,30.0,829.7793497976296,30.0
bend_044.csv,bend_044,11,400,450,1.6,bend,1,14.31830362429277,18.06250576534969,31.0,1211.3255016543937,32.0
bend_044.csv,bend_044,12,425,475,1.7,bend,1,15.051901827329207,19.05835473293743,33.0,1246.924719559269,33.0
bend_044.csv,bend_044,13,450,500,1.8,bend,1,11.241547167442404,14.2583425512207,33.0,950.4512311921072,34.0
bend_044.csv,bend_044,14,475,525,1.9,bend,1,10.589566185095883,13.84527539148443,34.0,924.1485301619209,34.0
bend_044.csv,bend_044,15,500,550,2.0,bend,1,12.132185594437424,15.418948554017904,35.0,1034.5440107533468,36.0
bend_044.csv,bend_044,16,525,575,2.1,bend,1,13.47955190673777,17.907954107379453,33.0,1197.7466848956067,34.0
bend_044.csv,bend_044,17,550,600,2.2,bend,1,12.139328367729702,16.63114730774553,32.0,1071.155613807164,31.0
bend_044.csv,bend_044,18,575,625,2.3,bend,1,9.983026865053352,12.35367134002195,30.0,805.058415415391,31.0
bend_044.csv,bend_044,19,600,650,2.4,bend,1,10.83624497241433,13.125019458799416,31.0,852.2324406847065,30.0
bend_044.csv,bend_044,20,625,675,2.5,bend,1,12.397842249113726,14.565760358880729,30.0,956.741931167217,30.0
bend_044.csv,bend_044,21,650,700,2.6,bend,1,11.937736582962618,14.703747995827943,32.0,983.0509605117505,33.0
bend_044.csv,bend_044,22,675,725,2.7,bend,1,8.81691872094394,11.49107227483314,33.0,738.2879140739058,34.0
bend_044.csv,bend_044,23,700,750,2.8,bend,1,12.501543181334238,16.245225586639364,34.0,1088.4777462494992,34.0
bend_044.csv,bend_044,24,725,775,2.9,bend,1,16.01313647559028,19.177780329503204,32.0,1345.3789248832384,32.0
bend_044.csv,bend_044,25,750,800,3.0,bend,1,13.533794634580122,16.20091660747092,31.0,1098.7378609778812,31.0
bend_044.csv,bend_044,26,775,825,3.1,bend,1,11.26769926798401,13.569997543347881,34.0,952.7417275125714,34.0
bend_044.csv,bend_044,27,800,850,3.2,bend,1,10.954339561352379,13.381177457984203,33.0,936.9250370718435,33.0
bend_044.csv,bend_044,28,825,875,3.3,bend,1,9.937476099055376,12.459165913011715,32.0,849.8228217975418,32.0
bend_044.csv,bend_044,29,850,900,3.4,bend,1,7.566542603657496,9.56687192171434,31.0,602.4917099773538,31.0
bend_044.csv,bend_044,30,875,925,3.5,bend,1,8.691862530636236,10.68696618064044,32.0,734.762937451369,32.0
bend_044.csv,bend_044,31,900,950,3.6,bend,1,8.854929813259893,10.704226706405784,31.0,732.8443860653815,29.0
bend_044.csv,bend_044,32,925,975,3.7,bend,1,6.472068923427279,7.739633485254354,28.0,502.64926594162256,26.0
bend_044.csv,bend_044,33,950,1000,3.8,bend,1,7.048858148621677,8.140592613955958,32.0,576.8193183974684,32.0
bend_044.csv,bend_044,34,975,1025,3.9,bend,1,10.517917699640666,12.97938470222683,34.0,906.2385372744965,35.0
bend_044.csv,bend_044,35,1000,1050,4.0,bend,1,10.654611125649783,13.268418186052083,32.0,875.5437956883701,33.0
bend_044.csv,bend_044,36,1025,1075,4.1,bend,1,7.79247133212333,9.407614422738382,29.0,608.0260520666438,30.0
bend_044.csv,bend_044,37,1050,1100,4.2,bend,1,7.44763021202583,9.033593257073475,30.0,604.7538438800902,31.0
bend_044.csv,bend_044,38,1075,1125,4.3,bend,1,6.581494052647667,8.110449600755041,34.0,587.1553935404885,33.0
bend_044.csv,bend_044,39,1100,1150,4.4,bend,1,4.442101624766515,5.769292234477846,32.0,388.40955617986805,28.0
bend_044.csv,bend_044,40,1125,1175,4.5,bend,1,5.985453892071015,7.821141567202359,33.0,524.4480886202425,31.0
bend_044.csv,bend_044,41,1150,1200,4.6,bend,1,9.0656386348713,10.634991130065028,33.0,760.7238607549335,33.0
bend_044.csv,bend_044,42,1175,1225,4.7,bend,1,7.948628784015962,9.38339824462869,31.0,653.7427932604335,32.0
bend_044.csv,bend_044,43,1200,1250,4.8,bend,1,7.8411180927958375,9.251791083088223,32.0,659.0925066027182,33.0
bend_045.csv,bend_045,0,125,175,0.5,bend,1,2.2716758331312534,2.7901511695886914,26.0,182.1648900658646,23.0
bend_045.csv,bend_045,1,150,200,0.6,bend,1,3.0668540491724743,3.5939037339304707,33.0,250.1994025652645,32.0
bend_045.csv,bend_045,2,175,225,0.7,bend,1,4.465059836196954,5.440585462128547,32.0,356.06585434616943,30.0
bend_045.csv,bend_045,3,200,250,0.8,bend,1,9.662095719383657,14.089065035785179,30.0,778.2433895826135,29.0
bend_045.csv,bend_045,4,225,275,0.9,bend,1,13.495695445667673,17.48132804475198,30.0,1141.6979406693588,31.0
bend_045.csv,bend_045,5,250,300,1.0,bend,1,15.69549673452294,18.632423812928238,33.0,1333.859954914959,34.0
bend_045.csv,bend_045,6,275,325,1.1,bend,1,15.951990009187245,19.500114685187242,30.0,1282.0830472780656,30.0
bend_045.csv,bend_045,7,300,350,1.2,bend,1,13.372485101081052,17.458884459009496,27.0,1055.9282952669334,28.0
bend_045.csv,bend_045,8,325,375,1.3,bend,1,13.787699606455531,17.54787269486554,28.0,1118.1644065531727,29.0
bend_045.csv,bend_045,9,350,400,1.4,bend,1,12.208511166661077,15.522873990107007,30.0,988.7549981403115,31.0
bend_045.csv,bend_045,10,375,425,1.5,bend,1,11.845143735194473,15.186661302648304,35.0,1093.4589031755013,35.0
bend_045.csv,bend_045,11,400,450,1.6,bend,1,18.395522207782484,22.825541067600884,32.0,1624.8620205533207,32.0
bend_045.csv,bend_045,12,425,475,1.7,bend,1,16.768935247880737,21.184149829135254,31.0,1428.336902799936,31.0
bend_045.csv,bend_045,13,450,500,1.8,bend,1,10.048804706842915,12.481042279577187,31.0,826.401580696456,31.0
bend_045.csv,bend_045,14,475,525,1.9,bend,1,11.2086452584815,14.279764866647705,30.0,938.8524203410763,30.0
bend_045.csv,bend_045,15,500,550,2.0,bend,1,13.511668090798391,16.76151523901256,30.0,1142.0327858043515,30.0
bend_045.csv,bend_045,16,525,575,2.1,bend,1,12.912931010681186,15.83279756401461,28.0,1036.4340398975978,28.0
bend_045.csv,bend_045,17,550,600,2.2,bend,1,13.456560767973402,16.447096913459692,29.0,1109.9279915179727,30.0
bend_045.csv,bend_045,18,575,625,2.3,bend,1,17.981754334425748,21.009589915764693,31.0,1466.5995532876361,31.0
bend_045.csv,bend_045,19,600,650,2.4,bend,1,15.976044105288864,18.95829673608588,30.0,1262.9510327679643,31.0
bend_045.csv,bend_045,20,625,675,2.5,bend,1,12.175680932816794,15.335603117433836,30.0,1016.7671730985321,31.0
bend_045.csv,bend_045,21,650,700,2.6,bend,1,12.562095564797467,15.964724945349095,28.0,1005.4775093504883,28.0
bend_045.csv,bend_045,22,675,725,2.7,bend,1,10.325683191376884,12.801883834135817,27.0,815.7355502994352,28.0
bend_045.csv,bend_045,23,700,750,2.8,bend,1,11.186636993988689,14.35291646850713,31.0,941.5013654415916,31.0
bend_045.csv,bend_045,24,725,775,2.9,bend,1,13.78273678115873,16.622776883697277,31.0,1160.002715524225,32.0
bend_045.csv,bend_045,25,750,800,3.0,bend,1,9.49664557629784,12.253571044195462,32.0,801.8482987191809,30.0
bend_045.csv,bend_045,26,775,825,3.1,bend,1,5.965404899449365,7.812723401853642,33.0,507.34951167963635,27.0
bend_045.csv,bend_045,27,800,850,3.2,bend,1,6.881294771338654,8.599263650849862,35.0,590.3781433028643,33.0
bend_045.csv,bend_045,28,825,875,3.3,bend,1,9.809377600916648,12.776005756959549,33.0,806.2659346892037,34.0
bend_045.csv,bend_045,29,850,900,3.4,bend,1,10.823125229141121,13.810027627547464,33.0,923.074556581559,34.0
bend_045.csv,bend_045,30,875,925,3.5,bend,1,7.43266243022535,9.310371421632091,33.0,628.2651745290027,34.0
bend_045.csv,bend_045,31,900,950,3.6,bend,1,5.8904857922136395,6.967201015519926,32.0,490.45466431444953,33.0
bend_045.csv,bend_045,32,925,975,3.7,bend,1,6.914429990584557,8.386181995201447,30.0,578.2844706394999,30.0
bend_045.csv,bend_045,33,950,1000,3.8,bend,1,8.844612984449236,10.65708796534874,29.0,737.2187187573443,29.0
bend_045.csv,bend_045,34,975,1025,3.9,bend,1,9.00945324658972,11.149647318773576,29.0,713.3408218645856,29.0
bend_045.csv,bend_045,35,1000,1050,4.0,bend,1,7.487321031784758,9.602533209278628,30.0,582.3877109885874,30.0
bend_045.csv,bend_045,36,1025,1075,4.1,bend,1,6.490397207599476,8.1484743309491,34.0,545.1781036316728,33.0
bend_045.csv,bend_045,37,1050,1100,4.2,bend,1,5.409227787147521,6.736144191240639,34.0,476.51611926143676,31.0
bend_045.csv,bend_045,38,1075,1125,4.3,bend,1,5.392102779024217,6.680464423446077,32.0,470.86433525372865,30.0
bend_045.csv,bend_045,39,1100,1150,4.4,bend,1,6.241567751919381,7.553380727672453,32.0,537.2634163499638,32.0
bend_045.csv,bend_045,40,1125,1175,4.5,bend,1,7.960626547806307,9.719885476768281,34.0,691.8383567799763,33.0
bend_045.csv,bend_045,41,1150,1200,4.6,bend,1,7.6117696406682125,9.305115851326963,34.0,645.0484118903885,34.0
bend_045.csv,bend_045,42,1175,1225,4.7,bend,1,5.322973019585402,6.515011363723904,35.0,456.5507650428168,34.0
bend_045.csv,bend_045,43,1200,1250,4.8,bend,1,4.098958529364407,5.473234912311775,32.0,362.7735161989253,30.0
bend_046.csv,bend_046,0,125,175,0.5,bend,1,3.013727535131317,3.4686765655721947,33.0,255.3220091114943,32.0
bend_046.csv,bend_046,1,150,200,0.6,bend,1,2.449384149671973,2.9868838033803415,29.0,205.77347345139876,26.0
bend_046.csv,bend_046,2,175,225,0.7,bend,1,2.7956502381544994,3.759714357524284,28.0,228.95976469955156,22.0
bend_046.csv,bend_046,3,200,250,0.8,bend,1,2.5626213052444338,3.5344445516112004,31.0,205.46968310089252,20.0
bend_046.csv,bend_046,4,225,275,0.9,bend,1,2.556155188207469,3.2903513358525642,32.0,211.91883954863027,24.0
bend_046.csv,bend_046,5,250,300,1.0,bend,1,3.378337114131128,4.076799150335302,32.0,288.8335314963927,30.0
bend_046.csv,bend_046,6,275,325,1.1,bend,1,4.029701410120046,4.919498728994036,31.0,324.47453802620765,28.0
bend_046.csv,bend_046,7,300,350,1.2,bend,1,13.456174167643763,18.733240599732138,30.0,1036.2501457307437,29.0
bend_046.csv,bend_046,8,325,375,1.3,bend,1,19.799468309910875,24.35504061481829,30.0,1640.8736677793947,30.0
bend_046.csv,bend_046,9,350,400,1.4,bend,1,12.847569226630666,17.80168396904866,30.0,1076.7522336879417,30.0
bend_046.csv,bend_046,10,375,425,1.5,bend,1,11.895378625993864,14.915478257627463,32.0,1001.6563956970949,33.0
bend_046.csv,bend_046,11,400,450,1.6,bend,1,14.126146996445607,16.225597528845967,34.0,1195.98141218262,35.0
bend_046.csv,bend_046,12,425,475,1.7,bend,1,13.829602918829927,15.962057918567245,33.0,1166.6333471765074,34.0
bend_046.csv,bend_046,13,450,500,1.8,bend,1,13.098598454087515,15.769202455816176,32.0,1110.3392824839225,33.0
bend_046.csv,bend_046,14,475,525,1.9,bend,1,10.54781430685813,12.910837796597033,32.0,891.173834896452,33.0
bend_046.csv,bend_046,15,500,550,2.0,bend,1,11.312348031217455,13.544456479530606,32.0,958.919084074038,32.0
bend_046.csv,bend_046,16,525,575,2.1,bend,1,11.582838360765043,13.365067777018957,32.0,943.2772366747212,33.0
bend_046.csv,bend_046,17,550,600,2.2,bend,1,8.002400181365712,9.466082801479843,31.0,646.179248212101,31.0
bend_046.csv,bend_046,18,575,625,2.3,bend,1,6.701704371989925,8.229014632090632,30.0,540.6765311059128,30.0
bend_046.csv,bend_046,19,600,650,2.4,bend,1,6.392397249321788,8.30467840327522,33.0,533.508359217107,31.0
bend_046.csv,bend_046,20,625,675,2.5,bend,1,6.415002658797301,8.227380029967916,35.0,565.778867527364,31.0
bend_046.csv,bend_046,21,650,700,2.6,bend,1,8.351123492595395,9.805953570137332,35.0,734.2707668003555,33.0
bend_046.csv,bend_046,22,675,725,2.7,bend,1,7.575280965548003,8.912853048377162,32.0,651.437393854409,33.0
bend_046.csv,bend_046,23,700,750,2.8,bend,1,6.879248461350184,8.175942673901,33.0,577.1946517589043,33.0
bend_046.csv,bend_046,24,725,775,2.9,bend,1,7.468746377751107,8.683268760586618,33.0,623.787100355312,34.0
bend_046.csv,bend_046,25,750,800,3.0,bend,1,6.646681927454282,7.718693835232077,32.0,559.9912473678625,33.0
bend_046.csv,bend_046,26,775,825,3.1,bend,1,7.300958058465177,9.368435773072353,32.0,615.6870487518433,29.0
bend_046.csv,bend_046,27,800,850,3.2,bend,1,7.599256564116355,9.89721827943813,30.0,641.4521894801318,29.0
bend_046.csv,bend_046,28,825,875,3.3,bend,1,7.023187334425938,9.264011322799757,31.0,623.5695466035876,31.0
bend_046.csv,bend_046,29,850,900,3.4,bend,1,7.540209132226097,9.334083833478987,33.0,652.5599968261325,32.0
bend_046.csv,bend_046,30,875,925,3.5,bend,1,8.128838133754591,9.617028395341402,31.0,681.8422641810643,32.0
bend_046.csv,bend_046,31,900,950,3.6,bend,1,8.835170763198201,10.772281850008143,31.0,762.6865229107927,32.0
bend_046.csv,bend_046,32,925,975,3.7,bend,1,8.992291936540829,10.937158493357654,33.0,780.2387899718248,33.0
bend_046.csv,bend_046,33,950,1000,3.8,bend,1,13.663785355517176,17.117679051923098,32.0,1107.8304911150083,33.0
bend_046.csv,bend_046,34,975,1025,3.9,bend,1,14.81481655883326,17.84897120169571,32.0,1204.8699477091445,32.0
bend_046.csv,bend_046,35,1000,1050,4.0,bend,1,9.838257249690068,12.562696527417188,32.0,846.0194791681344,28.0
bend_046.csv,bend_046,36,1025,1075,4.1,bend,1,6.652290906572517,9.594204128986021,32.0,589.1574290805438,29.0
bend_046.csv,bend_046,37,1050,1100,4.2,bend,1,6.929716565585643,8.8855180986421,33.0,610.4262013843475,31.0
bend_046.csv,bend_046,38,1075,1125,4.3,bend,1,7.3575810393719845,8.96380318524564,34.0,637.4353242265116,33.0
bend_046.csv,bend_046,39,1100,1150,4.4,bend,1,7.779010401482143,9.935007706239617,31.0,655.3220751062598,32.0
bend_046.csv,bend_046,40,1125,1175,4.5,bend,1,9.483825200839442,12.059031612347908,31.0,812.1972912743586,32.0
bend_046.csv,bend_046,41,1150,1200,4.6,bend,1,9.950114269077389,12.312975693041633,33.0,903.3918397739108,34.0
bend_046.csv,bend_046,42,1175,1225,4.7,bend,1,9.367968437164427,11.314728671990546,33.0,839.3782370984214,32.0
bend_046.csv,bend_046,43,1200,1250,4.8,bend,1,7.3583101607739,8.841913413012211,32.0,638.4971946121829,31.0
bend_047.csv,bend_047,0,125,175,0.5,bend,1,4.32856473484768,5.681528649148829,32.0,356.97395698412095,30.0
bend_047.csv,bend_047,1,150,200,0.6,bend,1,14.532593963261574,19.451452664903176,32.0,1243.8953905944434,32.0
bend_047.csv,bend_047,2,175,225,0.7,bend,1,17.73298973090752,21.522208341567357,33.0,1521.9413131509739,33.0
bend_047.csv,bend_047,3,200,250,0.8,bend,1,18.269812736965267,22.67689658311611,33.0,1570.421116159197,34.0
bend_047.csv,bend_047,4,225,275,0.9,bend,1,25.82967334926375,29.598873290963876,33.0,2196.637421742099,34.0
bend_047.csv,bend_047,5,250,300,1.0,bend,1,19.466215323299682,24.142596230063006,32.0,1640.5355038275222,32.0
bend_047.csv,bend_047,6,275,325,1.1,bend,1,12.23314085287872,15.465241985100949,32.0,1093.8652213641133,33.0
bend_047.csv,bend_047,7,300,350,1.2,bend,1,13.286781793840241,16.43421060195305,34.0,1182.409734002026,35.0
bend_047.csv,bend_047,8,325,375,1.3,bend,1,14.206591114001348,17.59787557103328,33.0,1312.792500327184,34.0
bend_047.csv,bend_047,9,350,400,1.4,bend,1,11.971012755269452,15.149077036684343,30.0,1072.5602430446,31.0
bend_047.csv,bend_047,10,375,425,1.5,bend,1,9.841118058642563,11.83763698879544,31.0,833.9010372609666,32.0
bend_047.csv,bend_047,11,400,450,1.6,bend,1,10.965877603926334,13.767582749900939,32.0,957.3037107017377,32.0
bend_047.csv,bend_047,12,425,475,1.7,bend,1,13.838076654074117,16.6106298008597,30.0,1146.5079124330757,31.0
bend_047.csv,bend_047,13,450,500,1.8,bend,1,19.571518315747824,24.419633061992304,34.0,1599.2781066646985,34.0
bend_047.csv,bend_047,14,475,525,1.9,bend,1,18.592807458599918,24.311047292122165,34.0,1546.4463446354275,35.0
bend_047.csv,bend_047,15,500,550,2.0,bend,1,12.937981295700906,16.320132551905857,33.0,1087.8425833813778,34.0
bend_047.csv,bend_047,16,525,575,2.1,bend,1,11.856389970122212,14.350200955648885,33.0,1026.6943386532323,33.0
bend_047.csv,bend_047,17,550,600,2.2,bend,1,10.558637896645632,13.293298391602198,31.0,911.4887233480251,31.0
bend_047.csv,bend_047,18,575,625,2.3,bend,1,10.402802826112847,12.930937239827122,32.0,906.108852751919,33.0
bend_047.csv,bend_047,19,600,650,2.4,bend,1,10.793027938459376,13.017648259402684,32.0,923.7768930962926,33.0
bend_047.csv,bend_047,20,625,675,2.5,bend,1,10.035118878115075,12.281702064714048,31.0,863.6052072398137,32.0
bend_047.csv,bend_047,21,650,700,2.6,bend,1,9.393758780362711,11.152994878090457,33.0,805.1843394178356,32.0
bend_047.csv,bend_047,22,675,725,2.7,bend,1,8.917366691266489,10.291242735501475,33.0,782.9427726428397,34.0
bend_047.csv,bend_047,23,700,750,2.8,bend,1,7.519127306277428,9.421630533066576,32.0,680.6694273920373,30.0
bend_047.csv,bend_047,24,725,775,2.9,bend,1,4.815792642265156,6.7968230517967045,33.0,421.17477896309197,28.0
bend_047.csv,bend_047,25,750,800,3.0,bend,1,7.015003191608614,9.22461522103135,34.0,595.399225026,32.0
bend_047.csv,bend_047,26,775,825,3.1,bend,1,9.120967210499684,10.995117045754197,31.0,773.3359127841481,31.0
bend_047.csv,bend_047,27,800,850,3.2,bend,1,10.420430306340666,13.531172169447276,33.0,949.4245487437851,34.0
bend_047.csv,bend_047,28,825,875,3.3,bend,1,12.28572277881922,15.016017432544295,33.0,1082.662970787927,34.0
bend_047.csv,bend_047,29,850,900,3.4,bend,1,9.069208791801614,10.741313232900309,31.0,740.5769602554113,32.0
bend_047.csv,bend_047,30,875,925,3.5,bend,1,6.363033629241295,7.122232049357008,32.0,507.649336918793,33.0
bend_047.csv,bend_047,31,900,950,3.6,bend,1,5.498143133437445,6.248172532342843,32.0,448.8105243419213,33.0
bend_047.csv,bend_047,32,925,975,3.7,bend,1,5.671970261282975,6.979491824165579,31.0,465.8406947045906,32.0
bend_047.csv,bend_047,33,950,1000,3.8,bend,1,8.43150974010445,10.411418956688443,31.0,687.2156554342707,32.0
bend_047.csv,bend_047,34,975,1025,3.9,bend,1,8.731752096289936,10.516593962565489,31.0,725.0851056864701,29.0
bend_047.csv,bend_047,35,1000,1050,4.0,bend,1,6.071123310208247,7.451475936183978,33.0,509.4972528847242,30.0
bend_047.csv,bend_047,36,1025,1075,4.1,bend,1,5.949611848992486,7.0336113059642305,34.0,502.0824248728477,33.0
bend_047.csv,bend_047,37,1050,1100,4.2,bend,1,7.232658359239276,8.602034378136143,31.0,583.7075715812823,30.0
bend_047.csv,bend_047,38,1075,1125,4.3,bend,1,6.889207079244361,8.555028335168027,34.0,564.6862231075011,31.0
bend_047.csv,bend_047,39,1100,1150,4.4,bend,1,6.8258149533763195,8.351550502278382,35.0,617.0674373643953,35.0
bend_047.csv,bend_047,40,1125,1175,4.5,bend,1,6.696436879661393,8.023168062131578,33.0,603.500940972956,34.0
bend_047.csv,bend_047,41,1150,1200,4.6,bend,1,6.61260885464215,7.663521981828384,32.0,579.0597708699886,33.0
bend_047.csv,bend_047,42,1175,1225,4.7,bend,1,7.153530200304864,8.62567885331765,34.0,634.0412420434307,33.0
bend_047.csv,bend_047,43,1200,1250,4.8,bend,1,5.460079882795136,7.095826961025523,32.0,461.1446135141609,30.0
bend_048.csv,bend_048,0,125,175,0.5,bend,1,3.1705930534550886,3.6636196703487514,33.0,264.14596903036926,30.0
bend_048.csv,bend_048,1,150,200,0.6,bend,1,3.394057340344046,4.052536895426697,30.0,285.8100178978579,28.0
bend_048.csv,bend_048,2,175,225,0.7,bend,1,3.1462931443010715,3.849458836828362,30.0,273.97852674266625,28.0
bend_048.csv,bend_048,3,200,250,0.8,bend,1,8.881314011362578,13.422361007407755,33.0,799.2212009307791,34.0
bend_048.csv,bend_048,4,225,275,0.9,bend,1,14.505239888478018,18.508884781255812,31.0,1252.034167839231,31.0
bend_048.csv,bend_048,5,250,300,1.0,bend,1,14.604775864969772,18.05293118343475,33.0,1225.5051258984072,32.0
bend_048.csv,bend_048,6,275,325,1.1,bend,1,10.96459359437408,14.121220652590482,34.0,921.2832840474333,33.0
bend_048.csv,bend_048,7,300,350,1.2,bend,1,10.385958507686862,15.1088011034012,32.0,909.6776485386283,33.0
bend_048.csv,bend_048,8,325,375,1.3,bend,1,11.993345280864876,16.74434840118683,30.0,1067.0829980165515,31.0
bend_048.csv,bend_048,9,350,400,1.4,bend,1,12.230234648442119,15.260358772374877,30.0,985.2902280689777,29.0
bend_048.csv,bend_048,10,375,425,1.5,bend,1,15.422432248559888,18.35848410644034,34.0,1277.4008829049926,33.0
bend_048.csv,bend_048,11,400,450,1.6,bend,1,10.951271012015896,14.801423868238768,33.0,900.627429369409,34.0
bend_048.csv,bend_048,12,425,475,1.7,bend,1,12.18899305517153,17.318154448125057,33.0,1040.1997193906586,33.0
bend_048.csv,bend_048,13,450,500,1.8,bend,1,16.743823132867057,20.692299833387864,31.0,1397.1830539647467,32.0
bend_048.csv,bend_048,14,475,525,1.9,bend,1,12.882215341915016,15.874107203400335,29.0,1060.671815971493,30.0
bend_048.csv,bend_048,15,500,550,2.0,bend,1,13.098930071307791,15.482939070091845,33.0,1104.2157159974233,33.0
bend_048.csv,bend_048,16,525,575,2.1,bend,1,13.774378434334427,17.048525849623214,31.0,1172.2322298732213,33.0
bend_048.csv,bend_048,17,550,600,2.2,bend,1,12.408056057205412,15.731698751208862,29.0,1038.2387196632249,31.0
bend_048.csv,bend_048,18,575,625,2.3,bend,1,12.314106549431347,14.548361882639703,31.0,1011.2482177535497,32.0
bend_048.csv,bend_048,19,600,650,2.4,bend,1,12.24524069546407,15.278554438911655,35.0,1084.7645930000738,34.0
bend_048.csv,bend_048,20,625,675,2.5,bend,1,13.179821276928699,16.266236407305534,34.0,1166.217476881549,33.0
bend_048.csv,bend_048,21,650,700,2.6,bend,1,14.170698083294445,17.27799023359994,34.0,1264.5140080446192,33.0
bend_048.csv,bend_048,22,675,725,2.7,bend,1,10.136433676119966,13.483399564687737,33.0,885.4749941845937,30.0
bend_048.csv,bend_048,23,700,750,2.8,bend,1,7.94867201984124,9.9720051131001,30.0,649.0493441799847,27.0
bend_048.csv,bend_048,24,725,775,2.9,bend,1,9.514067148605712,11.431667124155224,30.0,802.4779295732801,30.0
bend_048.csv,bend_048,25,750,800,3.0,bend,1,10.798593858576492,12.674510567297775,31.0,904.2128380113696,31.0
bend_048.csv,bend_048,26,775,825,3.1,bend,1,11.856658965275052,14.110971978149186,29.0,976.8590341826734,30.0
bend_048.csv,bend_048,27,800,850,3.2,bend,1,10.810677346734039,12.88564345588537,28.0,847.920248158233,29.0
bend_048.csv,bend_048,28,825,875,3.3,bend,1,9.117264774584235,10.898763381532296,32.0,775.7207636578148,33.0
bend_048.csv,bend_048,29,850,900,3.4,bend,1,8.79371940488587,10.455673432231123,33.0,761.1071824909952,34.0
bend_048.csv,bend_048,30,875,925,3.5,bend,1,8.240397901015102,9.590113687764086,32.0,688.7999844548998,32.0
bend_048.csv,bend_048,31,900,950,3.6,bend,1,7.399406245664583,8.814894350368025,31.0,644.2018248910816,33.0
bend_048.csv,bend_048,32,925,975,3.7,bend,1,6.936317973067585,8.265890987990218,31.0,597.240407296026,33.0
bend_048.csv,bend_048,33,950,1000,3.8,bend,1,5.031820201170099,6.210764721420853,32.0,436.0877642386096,32.0
bend_048.csv,bend_048,34,975,1025,3.9,bend,1,3.5335623907067975,4.115950335018692,33.0,299.9859161388462,32.0
bend_048.csv,bend_048,35,1000,1050,4.0,bend,1,5.322829299099009,6.350236356483854,33.0,450.4880433806006,34.0
bend_048.csv,bend_048,36,1025,1075,4.1,bend,1,6.993758799240985,7.96541535759513,33.0,612.3193141617878,34.0
bend_048.csv,bend_048,37,1050,1100,4.2,bend,1,6.387945122440346,7.285155291243087,34.0,560.4071302987675,35.0
bend_048.csv,bend_048,38,1075,1125,4.3,bend,1,5.146766850325039,6.2107702936499845,34.0,451.41289612125206,33.0
bend_048.csv,bend_048,39,1100,1150,4.4,bend,1,3.418728592732218,4.536419690822219,34.0,303.1520115880962,31.0
bend_048.csv,bend_048,40,1125,1175,4.5,bend,1,2.675665541684242,3.0152782678786543,34.0,235.22464135851823,33.0
bend_048.csv,bend_048,41,1150,1200,4.6,bend,1,2.8758922055141394,3.2459570309099393,34.0,251.00955707324533,34.0
bend_048.csv,bend_048,42,1175,1225,4.7,bend,1,3.0750066928866278,3.552439293400841,34.0,273.74949458797823,34.0
bend_048.csv,bend_048,43,1200,1250,4.8,bend,1,3.058227726927494,3.5368471713144785,35.0,270.177951376925,34.0
bend_049.csv,bend_049,0,125,175,0.5,bend,1,4.19421865013041,4.71007670896311,33.0,348.19156388476273,33.0
bend_049.csv,bend_049,1,150,200,0.6,bend,1,3.889114752157176,4.436546129081942,33.0,328.0226908925775,33.0
bend_049.csv,bend_049,2,175,225,0.7,bend,1,3.912559236257222,4.471449550249164,34.0,347.62170896437715,35.0
bend_049.csv,bend_049,3,200,250,0.8,bend,1,2.554337570729123,3.2387989033791778,32.0,229.73747685477412,26.0
bend_049.csv,bend_049,4,225,275,0.9,bend,1,2.358148594855176,3.005725806548423,32.0,205.13066438482656,25.0
bend_049.csv,bend_049,5,250,300,1.0,bend,1,3.197513985868652,3.8314513026043233,32.0,282.016768925203,31.0
bend_049.csv,bend_049,6,275,325,1.1,bend,1,3.6509635752985563,4.49456987355689,33.0,321.2964904460957,30.0
bend_049.csv,bend_049,7,300,350,1.2,bend,1,10.866151890583794,15.634941197262487,33.0,902.7226711412814,31.0
bend_049.csv,bend_049,8,325,375,1.3,bend,1,13.996027626634657,18.08431591178502,33.0,1192.347354614012,31.0
bend_049.csv,bend_049,9,350,400,1.4,bend,1,11.15636215444733,13.708071152782216,32.0,949.1378982055923,31.0
bend_049.csv,bend_049,10,375,425,1.5,bend,1,11.34340571678489,13.326378700418601,30.0,894.1247390531508,29.0
bend_049.csv,bend_049,11,400,450,1.6,bend,1,10.86917169873299,13.14317610867683,31.0,881.7259144064062,31.0
bend_049.csv,bend_049,12,425,475,1.7,bend,1,9.22104915460764,11.318116599579804,32.0,750.4320050820602,33.0
bend_049.csv,bend_049,13,450,500,1.8,bend,1,9.554247508361756,11.922040453318951,30.0,804.9635194387006,31.0
bend_049.csv,bend_049,14,475,525,1.9,bend,1,12.934600514241929,15.760987166938644,29.0,1086.1565783792619,29.0
bend_049.csv,bend_049,15,500,550,2.0,bend,1,11.071359072253205,13.834026618460332,32.0,956.3687366083457,33.0
bend_049.csv,bend_049,16,525,575,2.1,bend,1,7.656920530878312,9.088460075796748,32.0,648.3966728207289,33.0
bend_049.csv,bend_049,17,550,600,2.2,bend,1,11.441741072057257,14.234778916776238,31.0,972.343482967279,31.0
bend_049.csv,bend_049,18,575,625,2.3,bend,1,15.754444989858056,18.512372865419277,31.0,1325.214214222775,32.0
bend_049.csv,bend_049,19,600,650,2.4,bend,1,12.759873608797069,15.615675314232103,31.0,1084.2639129854747,32.0
bend_049.csv,bend_049,20,625,675,2.5,bend,1,9.504472872996015,12.045754486824679,31.0,824.3491819247621,32.0
bend_049.csv,bend_049,21,650,700,2.6,bend,1,10.789946708754753,13.972759339634214,33.0,928.5026521288216,33.0
bend_049.csv,bend_049,22,675,725,2.7,bend,1,9.572063488808057,12.399840366059998,35.0,819.2920862057691,31.0
bend_049.csv,bend_049,23,700,750,2.8,bend,1,8.644707956737276,10.009807761765884,34.0,729.9322974125794,31.0
bend_049.csv,bend_049,24,725,775,2.9,bend,1,9.317532267581212,10.724474637495666,35.0,787.916148432341,35.0
bend_049.csv,bend_049,25,750,800,3.0,bend,1,11.900892708408357,14.325956883432493,32.0,913.8138646749455,33.0
bend_049.csv,bend_049,26,775,825,3.1,bend,1,16.381238931662303,19.51661934911881,30.0,1309.8443455802942,30.0
bend_049.csv,bend_049,27,800,850,3.2,bend,1,12.683050623070097,16.53526509281697,33.0,1054.393326104745,32.0
bend_049.csv,bend_049,28,825,875,3.3,bend,1,7.142873939724442,8.795564791752593,33.0,600.636404050771,32.0
bend_049.csv,bend_049,29,850,900,3.4,bend,1,5.9547244852165795,7.672921609229584,31.0,492.3334405175344,30.0
bend_049.csv,bend_049,30,875,925,3.5,bend,1,5.741510476350067,7.356111436131281,32.0,483.9609286666312,29.0
bend_049.csv,bend_049,31,900,950,3.6,bend,1,5.099746903171168,6.376601308729644,31.0,444.185343048647,30.0
bend_049.csv,bend_049,32,925,975,3.7,bend,1,3.578678073482542,4.328019531071683,32.0,310.8939993506064,32.0
bend_049.csv,bend_049,33,950,1000,3.8,bend,1,3.273163041721624,3.8616145701053797,33.0,280.6758497756195,32.0
bend_049.csv,bend_049,34,975,1025,3.9,bend,1,3.0894979954969926,3.871065192546877,31.0,273.0163050058693,28.0
bend_049.csv,bend_049,35,1000,1050,4.0,bend,1,3.3851906528943414,4.2434811121832015,31.0,290.2740083624749,27.0
bend_049.csv,bend_049,36,1025,1075,4.1,bend,1,4.747357324620817,5.481114290419088,33.0,409.89593133439877,32.0
bend_049.csv,bend_049,37,1050,1100,4.2,bend,1,4.255634847096212,5.055981835069879,35.0,368.3396377393932,31.0
bend_049.csv,bend_049,38,1075,1125,4.3,bend,1,2.642386544264821,3.4513528843130516,28.0,214.34847124145904,22.0
bend_049.csv,bend_049,39,1100,1150,4.4,bend,1,2.0711990609076376,2.691978182976772,26.0,170.75994287758658,21.0
bend_049.csv,bend_049,40,1125,1175,4.5,bend,1,2.5222109316638677,3.08020644934557,30.0,214.65424385378466,27.0
bend_049.csv,bend_049,41,1150,1200,4.6,bend,1,4.097342393551158,4.903668240418369,33.0,366.8067200217277,32.0
bend_049.csv,bend_049,42,1175,1225,4.7,bend,1,4.407665137624404,5.080506908542946,34.0,389.3812637764669,35.0
bend_049.csv,bend_049,43,1200,1250,4.8,bend,1,3.1739541596533014,3.6220729143964965,35.0,278.7473674139778,35.0
bend_050.csv,bend_050,0,125,175,0.5,bend,1,2.9708181912478433,3.641872467122563,32.0,268.095711589134,29.0
bend_050.csv,bend_050,1,150,200,0.6,bend,1,2.5382897296503244,3.087333146814038,33.0,223.7905541194472,28.0
bend_050.csv,bend_050,2,175,225,0.7,bend,1,3.0138451738453544,3.6150109719056447,34.0,255.2618285203578,30.0
bend_050.csv,bend_050,3,200,250,0.8,bend,1,5.512059491085897,7.3380108284137116,33.0,462.95244500278085,34.0
bend_050.csv,bend_050,4,225,275,0.9,bend,1,9.274575790053982,12.204234626348185,34.0,766.6470128738875,34.0
bend_050.csv,bend_050,5,250,300,1.0,bend,1,12.882541449530772,16.12736302629381,35.0,1103.5163321223743,34.0
bend_050.csv,bend_050,6,275,325,1.1,bend,1,14.059978552935075,17.876873204141003,34.0,1217.8782541336798,33.0
bend_050.csv,bend_050,7,300,350,1.2,bend,1,15.85607935270501,19.778609020742213,33.0,1369.415093695231,34.0
bend_050.csv,bend_050,8,325,375,1.3,bend,1,16.848552898084503,20.89681677711856,35.0,1524.5884826115214,36.0
bend_050.csv,bend_050,9,350,400,1.4,bend,1,12.298551582416476,16.660781961262558,35.0,1084.5759026344663,34.0
bend_050.csv,bend_050,10,375,425,1.5,bend,1,10.806926134005964,13.526892917408663,33.0,914.5022237539797,32.0
bend_050.csv,bend_050,11,400,450,1.6,bend,1,14.165133976275571,17.128793043493335,32.0,1226.0122377462872,33.0
bend_050.csv,bend_050,12,425,475,1.7,bend,1,12.565459963537071,15.624827021289168,30.0,1093.880032352122,31.0
bend_050.csv,bend_050,13,450,500,1.8,bend,1,10.101630936836676,12.279338441269504,31.0,839.4670469415385,32.0
bend_050.csv,bend_050,14,475,525,1.9,bend,1,13.15779019481368,16.625745078453722,34.0,1184.664995864355,34.0
bend_050.csv,bend_050,15,500,550,2.0,bend,1,14.584883064839332,18.35361557457993,31.0,1287.4770716454075,30.0
bend_050.csv,bend_050,16,525,575,2.1,bend,1,12.69064847384324,16.141746316724703,32.0,1077.4232545448467,28.0
bend_050.csv,bend_050,17,550,600,2.2,bend,1,13.689877704110414,16.40512435765193,34.0,1127.3284231623136,32.0
bend_050.csv,bend_050,18,575,625,2.3,bend,1,12.039536205489966,14.361360651276804,33.0,998.2193380413116,34.0
bend_050.csv,bend_050,19,600,650,2.4,bend,1,11.461315226628138,14.533048738827842,35.0,963.5805010137703,34.0
bend_050.csv,bend_050,20,625,675,2.5,bend,1,12.045164205990336,15.091350227016875,33.0,1026.8636609122673,34.0
bend_050.csv,bend_050,21,650,700,2.6,bend,1,8.496671222356914,10.663735546929747,33.0,738.9608360285946,32.0
bend_050.csv,bend_050,22,675,725,2.7,bend,1,9.205629275401012,11.57197726297913,33.0,792.8039457618291,32.0
bend_050.csv,bend_050,23,700,750,2.8,bend,1,11.128369347245433,13.31445804160345,34.0,1004.8944053290757,35.0
bend_050.csv,bend_050,24,725,775,2.9,bend,1,11.486240127189227,14.343939469431088,34.0,1041.4995982620537,35.0
bend_050.csv,bend_050,25,750,800,3.0,bend,1,8.752197827050551,11.885852278121368,32.0,771.586803799715,33.0
bend_050.csv,bend_050,26,775,825,3.1,bend,1,7.720691070295458,9.485466618589822,32.0,666.0126987756465,32.0
bend_050.csv,bend_050,27,800,850,3.2,bend,1,8.753505182903176,10.26274609168775,35.0,784.3948210974908,36.0
bend_050.csv,bend_050,28,825,875,3.3,bend,1,6.225681038161195,7.465848966305254,35.0,538.3381385600092,36.0
bend_050.csv,bend_050,29,850,900,3.4,bend,1,7.964938680711254,10.272248343344032,34.0,694.9230843376242,34.0
bend_050.csv,bend_050,30,875,925,3.5,bend,1,8.918067499110954,11.092899919031877,30.0,762.1188057550229,31.0
bend_050.csv,bend_050,31,900,950,3.6,bend,1,6.97170747208207,8.606033432493634,30.0,563.5419142448302,31.0
bend_050.csv,bend_050,32,925,975,3.7,bend,1,8.561854822028291,10.32410957485663,32.0,688.8795238036088,33.0
bend_050.csv,bend_050,33,950,1000,3.8,bend,1,11.591254292626504,14.04817415854356,33.0,994.6350615988974,33.0
bend_050.csv,bend_050,34,975,1025,3.9,bend,1,11.747402927375154,14.247151339821228,32.0,1006.3589514068778,33.0
bend_050.csv,bend_050,35,1000,1050,4.0,bend,1,13.93906011858229,18.174322848998603,30.0,1161.4459055370226,31.0
bend_050.csv,bend_050,36,1025,1075,4.1,bend,1,15.153983256892905,19.43964664320586,31.0,1320.861273636205,31.0
bend_050.csv,bend_050,37,1050,1100,4.2,bend,1,9.68073466056246,12.369638022550323,32.0,815.3448030111763,33.0
bend_050.csv,bend_050,38,1075,1125,4.3,bend,1,9.021017205006508,11.435323673482333,33.0,764.8944038943368,34.0
bend_050.csv,bend_050,39,1100,1150,4.4,bend,1,10.735794635077381,13.165544940208228,35.0,943.1228044360716,36.0
bend_050.csv,bend_050,40,1125,1175,4.5,bend,1,10.872141664531323,13.106448101333084,34.0,933.954906193633,34.0
bend_050.csv,bend_050,41,1150,1200,4.6,bend,1,13.508421338953406,16.759085619189495,33.0,1123.5949306425948,32.0
bend_050.csv,bend_050,42,1175,1225,4.7,bend,1,13.43378399809306,16.70220696453337,33.0,1075.2160944095153,32.0
bend_050.csv,bend_050,43,1200,1250,4.8,bend,1,12.842428089947688,15.570507957521949,34.0,1071.1220511375918,34.0
bend_051.csv,bend_051,0,125,175,0.5,bend,1,2.9239591959630222,3.5000821593233007,34.0,256.8971979179749,32.0
bend_051.csv,bend_051,1,150,200,0.6,bend,1,3.236693896759408,3.76744514083064,35.0,290.4531650664786,35.0
bend_051.csv,bend_051,2,175,225,0.7,bend,1,5.569814506294383,8.898349641946835,32.0,458.48044388189635,33.0
bend_051.csv,bend_051,3,200,250,0.8,bend,1,15.267913060991921,21.72088592663862,30.0,1281.9628366681902,31.0
bend_051.csv,bend_051,4,225,275,0.9,bend,1,19.301828820276913,24.025148336181346,32.0,1644.8124471277417,32.0
bend_051.csv,bend_051,5,250,300,1.0,bend,1,14.204624393990866,17.12642941490904,31.0,1126.6294795652123,31.0
bend_051.csv,bend_051,6,275,325,1.1,bend,1,13.5389301051568,15.631543732549803,33.0,1117.3715393748314,34.0
bend_051.csv,bend_051,7,300,350,1.2,bend,1,12.992993450361986,15.115381265407382,34.0,1122.354785079149,35.0
bend_051.csv,bend_051,8,325,375,1.3,bend,1,11.312123645691573,13.703137380781428,32.0,959.898869437372,32.0
bend_051.csv,bend_051,9,350,400,1.4,bend,1,10.564222785977634,12.823577604623205,30.0,859.7272342429684,31.0
bend_051.csv,bend_051,10,375,425,1.5,bend,1,9.948483992590056,11.672713219700418,30.0,811.634084294362,31.0
bend_051.csv,bend_051,11,400,450,1.6,bend,1,11.247705994807353,12.967221814409667,31.0,929.0323865383415,32.0
bend_051.csv,bend_051,12,425,475,1.7,bend,1,13.052815738924416,15.114824688191764,33.0,1099.3583058749311,34.0
bend_051.csv,bend_051,13,450,500,1.8,bend,1,11.542276781830719,14.01672791352842,33.0,973.3437782943746,33.0
bend_051.csv,bend_051,14,475,525,1.9,bend,1,10.458525246976002,12.648598921404545,34.0,907.9310387230447,33.0
bend_051.csv,bend_051,15,500,550,2.0,bend,1,11.70557941118881,13.90784496109691,33.0,978.8683158221392,33.0
bend_051.csv,bend_051,16,525,575,2.1,bend,1,10.08347825698387,12.28377399062818,31.0,811.6493059038917,32.0
bend_051.csv,bend_051,17,550,600,2.2,bend,1,7.346733615845137,8.585506159996337,31.0,600.0929001144823,31.0
bend_051.csv,bend_051,18,575,625,2.3,bend,1,8.959609056520334,11.889838907744396,28.0,719.5938150197367,28.0
bend_051.csv,bend_051,19,600,650,2.4,bend,1,8.384673938513167,11.366853798171807,29.0,648.8301726334442,29.0
bend_051.csv,bend_051,20,625,675,2.5,bend,1,5.956595408484575,7.057708452516661,33.0,495.4483600819728,33.0
bend_051.csv,bend_051,21,650,700,2.6,bend,1,6.394592160803359,7.883142469678464,36.0,568.6042105480828,35.0
bend_051.csv,bend_051,22,675,725,2.7,bend,1,7.429633486212271,8.84637205773821,32.0,638.0977666606426,33.0
bend_051.csv,bend_051,23,700,750,2.8,bend,1,6.478355848781698,7.733320669257881,31.0,539.7884876611248,31.0
bend_051.csv,bend_051,24,725,775,2.9,bend,1,8.186926852051762,10.44192966403023,33.0,705.0396541211995,33.0
bend_051.csv,bend_051,25,750,800,3.0,bend,1,8.621737609258586,10.780616112904807,33.0,741.3053132822739,31.0
bend_051.csv,bend_051,26,775,825,3.1,bend,1,7.828301959578372,9.511189003846132,33.0,662.9805069566929,32.0
bend_051.csv,bend_051,27,800,850,3.2,bend,1,8.633719294812822,10.289917024601635,31.0,736.3605806005005,31.0
bend_051.csv,bend_051,28,825,875,3.3,bend,1,6.575444082088632,8.062115409584747,30.0,531.9848485576537,28.0
bend_051.csv,bend_051,29,850,900,3.4,bend,1,5.294127565736307,6.481323987044829,35.0,442.63915354752675,32.0
bend_051.csv,bend_051,30,875,925,3.5,bend,1,6.4726747212649425,8.260254114228283,34.0,534.9001787398538,33.0
bend_051.csv,bend_051,31,900,950,3.6,bend,1,7.833400978726032,9.775255229294144,31.0,645.3577265847949,29.0
bend_051.csv,bend_051,32,925,975,3.7,bend,1,9.066527441444434,11.47427232905437,29.0,734.854522130378,29.0
bend_051.csv,bend_051,33,950,1000,3.8,bend,1,10.130958439628248,12.224304270116235,30.0,854.2990901045456,31.0
bend_051.csv,bend_051,34,975,1025,3.9,bend,1,8.236853994443345,9.858457921994802,32.0,679.115986671685,33.0
bend_051.csv,bend_051,35,1000,1050,4.0,bend,1,6.599418480323993,8.055850267364235,31.0,535.1863864667883,31.0
bend_051.csv,bend_051,36,1025,1075,4.1,bend,1,8.599340718154535,10.367259385904127,30.0,689.8177161837772,29.0
bend_051.csv,bend_051,37,1050,1100,4.2,bend,1,7.742961640827895,9.84099157162687,31.0,611.4429140142034,29.0
bend_051.csv,bend_051,38,1075,1125,4.3,bend,1,4.237590227809411,5.407331427934527,32.0,359.20276626664423,30.0
bend_051.csv,bend_051,39,1100,1150,4.4,bend,1,4.599141825709053,5.439568445834539,34.0,411.3920199992137,33.0
bend_051.csv,bend_051,40,1125,1175,4.5,bend,1,4.384781857762441,5.305760920883807,32.0,381.6924734657637,31.0
bend_051.csv,bend_051,41,1150,1200,4.6,bend,1,3.19070028611494,3.975471747698975,32.0,275.29246737255795,28.0
bend_051.csv,bend_051,42,1175,1225,4.7,bend,1,3.3822852118229685,4.129352626803736,32.0,282.5838472058622,28.0
bend_051.csv,bend_051,43,1200,1250,4.8,bend,1,3.052177583308289,3.905226218004976,31.0,259.6063922905759,25.0
bend_052.csv,bend_052,0,125,175,0.5,bend,1,3.67873161624654,4.225972259156323,33.0,315.126947804498,33.0
bend_052.csv,bend_052,1,150,200,0.6,bend,1,3.454700925650875,3.9714318216787228,34.0,301.2005368248497,35.0
bend_052.csv,bend_052,2,175,225,0.7,bend,1,5.478229724558705,7.386820875243077,33.0,475.2128620118481,33.0
bend_052.csv,bend_052,3,200,250,0.8,bend,1,8.365092815065536,10.298000937834884,32.0,723.5052884794682,31.0
bend_052.csv,bend_052,4,225,275,0.9,bend,1,9.431533907268161,11.233675637551585,34.0,796.1683459737548,33.0
bend_052.csv,bend_052,5,250,300,1.0,bend,1,10.364916344238157,12.542510496018425,34.0,888.1644872708439,34.0
bend_052.csv,bend_052,6,275,325,1.1,bend,1,11.058385963052869,13.18738143934508,33.0,894.611904684393,30.0
bend_052.csv,bend_052,7,300,350,1.2,bend,1,8.850720323293238,10.567937346998487,33.0,719.7810647323628,31.0
bend_052.csv,bend_052,8,325,375,1.3,bend,1,6.617851210287045,7.76023780144183,33.0,563.5327342049583,34.0
bend_052.csv,bend_052,9,350,400,1.4,bend,1,8.39247181387424,10.193471039576579,31.0,688.4523787837609,32.0
bend_052.csv,bend_052,10,375,425,1.5,bend,1,11.556937356255371,13.90391572858146,31.0,978.5744221107616,31.0
bend_052.csv,bend_052,11,400,450,1.6,bend,1,10.820936045040776,13.04322967842161,33.0,942.8406500422653,34.0
bend_052.csv,bend_052,12,425,475,1.7,bend,1,7.75050171896268,9.13234637046077,33.0,645.0822484890718,32.0
bend_052.csv,bend_052,13,450,500,1.8,bend,1,7.212057874018854,8.31960436281857,34.0,580.5255315190161,33.0
bend_052.csv,bend_052,14,475,525,1.9,bend,1,10.60073036020311,13.31364416393965,33.0,918.4593683667176,34.0
bend_052.csv,bend_052,15,500,550,2.0,bend,1,11.782360316261098,14.580221451450456,32.0,1019.602551029401,33.0
bend_052.csv,bend_052,16,525,575,2.1,bend,1,9.141946221509095,11.445571433256815,31.0,781.927609622283,32.0
bend_052.csv,bend_052,17,550,600,2.2,bend,1,7.287829788932767,9.517645035434235,31.0,610.5553824769486,30.0
bend_052.csv,bend_052,18,575,625,2.3,bend,1,6.903524319573048,8.721794188696206,30.0,561.3144573686222,29.0
bend_052.csv,bend_052,19,600,650,2.4,bend,1,5.795865639075807,7.597527315788501,30.0,460.52276302976753,29.0
bend_052.csv,bend_052,20,625,675,2.5,bend,1,3.8508298092957802,4.4756796841530955,33.0,325.1436823680561,31.0
bend_052.csv,bend_052,21,650,700,2.6,bend,1,4.612903882043308,5.5028051198497225,34.0,408.1985490897568,33.0
bend_052.csv,bend_052,22,675,725,2.7,bend,1,4.237365166664014,5.216540367080188,30.0,361.5464293960381,31.0
bend_052.csv,bend_052,23,700,750,2.8,bend,1,4.889235310012944,6.31398891127749,29.0,410.6620203297213,30.0
bend_052.csv,bend_052,24,725,775,2.9,bend,1,5.190730225160614,6.777323514624885,31.0,453.24622229840054,32.0
bend_052.csv,bend_052,25,750,800,3.0,bend,1,3.3344440519918113,4.349737614149738,29.0,263.7443119963434,30.0
bend_052.csv,bend_052,26,775,825,3.1,bend,1,3.5453188126482185,4.166821558056863,32.0,302.46629184204556,33.0
bend_052.csv,bend_052,27,800,850,3.2,bend,1,4.060591854823693,4.617640568281804,32.0,339.4840002218128,33.0
bend_052.csv,bend_052,28,825,875,3.3,bend,1,3.0521221128720653,3.564555630231158,32.0,256.9639944559487,27.0
bend_052.csv,bend_052,29,850,900,3.4,bend,1,2.22549395497115,2.6896577843260974,30.0,190.71368301456144,24.0
bend_052.csv,bend_052,30,875,925,3.5,bend,1,1.8639059634684576,2.3464263315311555,28.0,161.81579063832856,21.0
bend_052.csv,bend_052,31,900,950,3.6,bend,1,2.8377527993871166,3.6390843389566068,29.0,258.73016628984084,26.0
bend_052.csv,bend_052,32,925,975,3.7,bend,1,3.594070491218295,4.243290395600663,33.0,324.1376518082575,34.0
bend_052.csv,bend_052,33,950,1000,3.8,bend,1,2.2825332786907286,2.902427723658931,32.0,200.46726445370487,26.0
bend_052.csv,bend_052,34,975,1025,3.9,bend,1,2.228488840066315,2.7192708070590856,33.0,199.3278619281176,26.0
bend_052.csv,bend_052,35,1000,1050,4.0,bend,1,3.37003581545481,3.8465755043803047,35.0,300.2156370962168,34.0
bend_052.csv,bend_052,36,1025,1075,4.1,bend,1,4.38317650700635,4.9105720402879705,34.0,383.27388000688455,35.0
bend_052.csv,bend_052,37,1050,1100,4.2,bend,1,4.31853152469763,4.827439040390763,34.0,370.717083738797,35.0
bend_052.csv,bend_052,38,1075,1125,4.3,bend,1,3.8515251456404633,4.248060635225518,34.0,330.98010466724423,35.0
bend_052.csv,bend_052,39,1100,1150,4.4,bend,1,3.2011169295855,3.680562335934251,34.0,277.97453456382453,35.0
bend_052.csv,bend_052,40,1125,1175,4.5,bend,1,3.123262661304462,3.6473865531204814,34.0,270.0320701085884,34.0
bend_052.csv,bend_052,41,1150,1200,4.6,bend,1,3.315792145709851,3.84741479009746,35.0,295.5243224335307,34.0
bend_052.csv,bend_052,42,1175,1225,4.7,bend,1,2.5498252579824587,2.9673496567767232,36.0,232.32712181784947,33.0
bend_052.csv,bend_052,43,1200,1250,4.8,bend,1,2.4079550690987617,2.834741285522424,33.0,215.2972354657051,29.0
bend_053.csv,bend_053,0,125,175,0.5,bend,1,14.92749149094749,18.97332706179988,32.0,1286.898698133272,31.0
bend_053.csv,bend_053,1,150,200,0.6,bend,1,15.838100431178516,20.46466725022219,32.0,1315.1386210097012,33.0
bend_053.csv,bend_053,2,175,225,0.7,bend,1,16.787133738141613,21.047019354472205,31.0,1388.6853331767459,32.0
bend_053.csv,bend_053,3,200,250,0.8,bend,1,15.255381772175161,18.928933148528756,30.0,1199.0253593967234,31.0
bend_053.csv,bend_053,4,225,275,0.9,bend,1,16.3959493111171,19.863248012814786,32.0,1392.0106782555922,32.0
bend_053.csv,bend_053,5,250,300,1.0,bend,1,15.002285967295915,18.37171548007225,32.0,1267.9723449555172,31.0
bend_053.csv,bend_053,6,275,325,1.1,bend,1,11.032449675394822,14.55449846347567,29.0,920.2454010029771,27.0
bend_053.csv,bend_053,7,300,350,1.2,bend,1,13.408274755649597,17.64288594981842,28.0,1115.723281905696,28.0
bend_053.csv,bend_053,8,325,375,1.3,bend,1,14.843594023374726,18.57204516261987,32.0,1260.555090629963,32.0
bend_053.csv,bend_053,9,350,400,1.4,bend,1,17.1096740128902,21.128513570095187,30.0,1397.456286261145,30.0
bend_053.csv,bend_053,10,375,425,1.5,bend,1,23.657892330839182,27.38550302547621,29.0,1918.0808521789136,29.0
bend_053.csv,bend_053,11,400,450,1.6,bend,1,21.31691352778422,25.21182921025225,32.0,1759.657874819994,32.0
bend_053.csv,bend_053,12,425,475,1.7,bend,1,15.12339225125612,18.67793100935454,35.0,1328.8878138405141,35.0
bend_053.csv,bend_053,13,450,500,1.8,bend,1,13.851593857091194,17.146249901076427,32.0,1226.3957996085112,33.0
bend_053.csv,bend_053,14,475,525,1.9,bend,1,12.155313501789237,15.257350353780032,31.0,1059.202043459303,32.0
bend_053.csv,bend_053,15,500,550,2.0,bend,1,9.58113480728556,12.155569792933484,33.0,807.5593471606572,33.0
bend_053.csv,bend_053,16,525,575,2.1,bend,1,11.413083479377104,14.392599422000323,34.0,1002.6481300774458,33.0
bend_053.csv,bend_053,17,550,600,2.2,bend,1,12.82390961102162,16.349383235946235,35.0,1132.1213197423745,33.0
bend_053.csv,bend_053,18,575,625,2.3,bend,1,13.550568830719126,17.40943785416055,34.0,1203.072887159307,32.0
bend_053.csv,bend_053,19,600,650,2.4,bend,1,13.61303177415731,17.242131850438543,31.0,1158.3407801821565,30.0
bend_053.csv,bend_053,20,625,675,2.5,bend,1,10.814638375723979,14.09956879152861,31.0,903.082217712954,30.0
bend_053.csv,bend_053,21,650,700,2.6,bend,1,10.995658894384663,13.804522591619225,31.0,963.2109967489,30.0
bend_053.csv,bend_053,22,675,725,2.7,bend,1,11.32706622563222,13.779869402340656,32.0,975.0195248499222,32.0
bend_053.csv,bend_053,23,700,750,2.8,bend,1,11.525012868199438,13.342575472469187,33.0,936.6065829895447,34.0
bend_053.csv,bend_053,24,725,775,2.9,bend,1,13.758401726647083,15.827071018372473,31.0,1100.9061747661547,32.0
bend_053.csv,bend_053,25,750,800,3.0,bend,1,13.073284130559799,15.217998710480387,31.0,1025.8691761412197,32.0
bend_053.csv,bend_053,26,775,825,3.1,bend,1,9.206529914518915,11.279454947069707,33.0,764.1010121084978,32.0
bend_053.csv,bend_053,27,800,850,3.2,bend,1,7.63095407758884,9.71127464005882,33.0,654.8586468132288,31.0
bend_053.csv,bend_053,28,825,875,3.3,bend,1,7.857298514255164,9.91290846606187,33.0,659.8326252309499,31.0
bend_053.csv,bend_053,29,850,900,3.4,bend,1,8.564500776285657,11.363350208364537,29.0,672.0117841634898,27.0
bend_053.csv,bend_053,30,875,925,3.5,bend,1,11.063100500504254,14.100896096368889,31.0,957.345989455281,32.0
bend_053.csv,bend_053,31,900,950,3.6,bend,1,8.91529784539637,11.306147440671081,32.0,768.4705329157601,33.0
bend_053.csv,bend_053,32,925,975,3.7,bend,1,8.484449182560972,10.346803849364898,31.0,667.5940486715513,32.0
bend_053.csv,bend_053,33,950,1000,3.8,bend,1,9.200227161823483,11.25668630750363,34.0,742.9351417680082,35.0
bend_053.csv,bend_053,34,975,1025,3.9,bend,1,6.690264455164331,8.4675045766843,33.0,551.1759043435378,32.0
bend_053.csv,bend_053,35,1000,1050,4.0,bend,1,4.778287743349822,6.3255433007659745,34.0,397.7116084916962,29.0
bend_053.csv,bend_053,36,1025,1075,4.1,bend,1,5.758149545177714,7.179069644468244,36.0,506.26723983871335,33.0
bend_053.csv,bend_053,37,1050,1100,4.2,bend,1,6.0550788774520585,7.3480073310483185,33.0,517.9688603696706,34.0
bend_053.csv,bend_053,38,1075,1125,4.3,bend,1,4.347683892548589,5.319815502899723,30.0,349.8614308277525,29.0
bend_053.csv,bend_053,39,1100,1150,4.4,bend,1,4.471830987163846,5.303753804943835,29.0,361.98337070784936,29.0
bend_053.csv,bend_053,40,1125,1175,4.5,bend,1,4.409007454972045,5.090194590102133,32.0,375.4371354892239,33.0
bend_053.csv,bend_053,41,1150,1200,4.6,bend,1,4.585699395997816,5.581284871608897,34.0,405.3340825107195,32.0
bend_053.csv,bend_053,42,1175,1225,4.7,bend,1,4.657639540789547,5.7019227222589235,35.0,414.5998167410008,33.0
bend_053.csv,bend_053,43,1200,1250,4.8,bend,1,4.804094121271375,5.5552048662892055,35.0,419.10619087830884,36.0
bend_054.csv,bend_054,0,125,175,0.5,bend,1,10.140045963177194,12.80366744268708,32.0,813.1370953289154,31.0
bend_054.csv,bend_054,1,150,200,0.6,bend,1,8.920142312656901,12.114443044719883,33.0,733.7609109009763,31.0
bend_054.csv,bend_054,2,175,225,0.7,bend,1,11.340008830227884,14.942471984870078,32.0,934.5194017304372,30.0
bend_054.csv,bend_054,3,200,250,0.8,bend,1,15.285501120577145,19.38079226777256,32.0,1324.089939446546,30.0
bend_054.csv,bend_054,4,225,275,0.9,bend,1,15.737925970786591,19.75865736155532,31.0,1328.521072144651,31.0
bend_054.csv,bend_054,5,250,300,1.0,bend,1,14.425074757573926,17.670413485598516,32.0,1188.173989800051,32.0
bend_054.csv,bend_054,6,275,325,1.1,bend,1,15.245923574722726,18.364887923010155,32.0,1221.1533890528904,32.0
bend_054.csv,bend_054,7,300,350,1.2,bend,1,12.603261869373666,15.895421145484645,34.0,1078.8263457405903,33.0
bend_054.csv,bend_054,8,325,375,1.3,bend,1,14.504309941008161,17.685598958813898,34.0,1267.1235944136502,33.0
bend_054.csv,bend_054,9,350,400,1.4,bend,1,19.83368035578768,23.069888793383594,31.0,1705.67304169424,32.0
bend_054.csv,bend_054,10,375,425,1.5,bend,1,19.62252223110909,23.47589482853323,30.0,1643.9489523250597,31.0
bend_054.csv,bend_054,11,400,450,1.6,bend,1,15.273279529476495,19.0937955984154,30.0,1211.8098541501163,31.0
bend_054.csv,bend_054,12,425,475,1.7,bend,1,14.97251393838782,19.575462235637644,29.0,1245.0599845150039,30.0
bend_054.csv,bend_054,13,450,500,1.8,bend,1,15.916073754328556,20.553871824561465,31.0,1321.7853614495227,32.0
bend_054.csv,bend_054,14,475,525,1.9,bend,1,13.737916567243667,17.391104405958053,32.0,1130.9502118299952,32.0
bend_054.csv,bend_054,15,500,550,2.0,bend,1,12.578759118816627,16.422350356359637,31.0,988.7894067531956,32.0
bend_054.csv,bend_054,16,525,575,2.1,bend,1,13.353780538501681,19.17015987744285,32.0,1093.7875131100302,33.0
bend_054.csv,bend_054,17,550,600,2.2,bend,1,14.135084724928332,19.571404071355612,36.0,1221.9218275208984,37.0
bend_054.csv,bend_054,18,575,625,2.3,bend,1,13.668039861112415,17.35652374845867,34.0,1219.4381059051418,35.0
bend_054.csv,bend_054,19,600,650,2.4,bend,1,11.776902619530727,15.261008961638256,31.0,990.7704196761665,32.0
bend_054.csv,bend_054,20,625,675,2.5,bend,1,11.674632546268832,14.194950567928798,34.0,992.2592499842474,35.0
bend_054.csv,bend_054,21,650,700,2.6,bend,1,11.58068076891041,13.641068980115952,33.0,1017.9163180926471,34.0
bend_054.csv,bend_054,22,675,725,2.7,bend,1,10.48109188401288,13.086512387415645,31.0,873.5308329546979,32.0
bend_054.csv,bend_054,23,700,750,2.8,bend,1,9.806093939577057,12.05209211357874,32.0,821.1214498950347,33.0
bend_054.csv,bend_054,24,725,775,2.9,bend,1,10.557992071396022,12.474921190595817,29.0,857.3617545297926,30.0
bend_054.csv,bend_054,25,750,800,3.0,bend,1,9.914269910026007,12.255190000626556,32.0,830.7222748567641,29.0
bend_054.csv,bend_054,26,775,825,3.1,bend,1,10.795072467387694,13.350108126504923,33.0,929.3708243358524,31.0
bend_054.csv,bend_054,27,800,850,3.2,bend,1,10.577206570706265,13.07235158409975,32.0,919.2558581720158,32.0
bend_054.csv,bend_054,28,825,875,3.3,bend,1,6.62140723453109,8.125101488683484,34.0,577.9494115495694,32.0
bend_054.csv,bend_054,29,850,900,3.4,bend,1,6.357680603768165,7.829709863519832,33.0,536.6171675888997,32.0
bend_054.csv,bend_054,30,875,925,3.5,bend,1,6.837873931216717,8.903824148285805,32.0,577.9080514643642,33.0
bend_054.csv,bend_054,31,900,950,3.6,bend,1,8.38425137263681,10.717111551842086,32.0,721.4055146445047,33.0
bend_054.csv,bend_054,32,925,975,3.7,bend,1,7.510272850544779,9.329149688752448,30.0,608.2589613792773,30.0
bend_054.csv,bend_054,33,950,1000,3.8,bend,1,5.240939686078604,6.213588293060851,33.0,445.4385431210085,33.0
bend_054.csv,bend_054,34,975,1025,3.9,bend,1,5.4128833990759775,6.4683166358587085,32.0,454.1290787561987,33.0
bend_054.csv,bend_054,35,1000,1050,4.0,bend,1,5.117961853502085,6.257591039774067,31.0,427.01055699584765,30.0
bend_054.csv,bend_054,36,1025,1075,4.1,bend,1,5.101757020458341,6.221776892214434,31.0,418.899812178716,30.0
bend_054.csv,bend_054,37,1050,1100,4.2,bend,1,6.3547167814092855,7.6187636994322405,32.0,555.5133360949629,32.0
bend_054.csv,bend_054,38,1075,1125,4.3,bend,1,7.906797410339821,9.732075333685158,31.0,676.7635802782238,32.0
bend_054.csv,bend_054,39,1100,1150,4.4,bend,1,7.472776716866137,9.565341681929585,30.0,633.5422825405215,29.0
bend_054.csv,bend_054,40,1125,1175,4.5,bend,1,6.113111431518487,7.50729528814847,33.0,542.2057292155403,32.0
bend_054.csv,bend_054,41,1150,1200,4.6,bend,1,6.778395732732854,8.134407218426947,33.0,573.7248911789331,34.0
bend_054.csv,bend_054,42,1175,1225,4.7,bend,1,7.16636774909765,8.511175423619108,32.0,565.9010375004402,31.0
bend_054.csv,bend_054,43,1200,1250,4.8,bend,1,7.462362334189294,8.730181335789075,31.0,565.8922606943747,29.0
bend_055.csv,bend_055,0,125,175,0.5,bend,1,5.960506271592055,8.284359162753137,34.0,499.028622574233,31.0
bend_055.csv,bend_055,1,150,200,0.6,bend,1,14.201443742011374,18.229059472200817,34.0,1203.8162919704794,35.0
bend_055.csv,bend_055,2,175,225,0.7,bend,1,17.177869888952713,20.661661255673717,32.0,1422.091407030876,33.0
bend_055.csv,bend_055,3,200,250,0.8,bend,1,19.291986104839022,24.010799767027873,30.0,1600.8982618342893,31.0
bend_055.csv,bend_055,4,225,275,0.9,bend,1,16.341203375199903,21.911799450590713,32.0,1385.6791508127947,32.0
bend_055.csv,bend_055,5,250,300,1.0,bend,1,10.64017558557273,13.001007744171066,32.0,898.1922299853929,33.0
bend_055.csv,bend_055,6,275,325,1.1,bend,1,11.02277582121407,13.199055245388113,31.0,916.5298594729189,32.0
bend_055.csv,bend_055,7,300,350,1.2,bend,1,8.432194012771632,10.673675849499778,32.0,735.0868613998908,33.0
bend_055.csv,bend_055,8,325,375,1.3,bend,1,9.91716952353319,13.196543432426079,32.0,876.4619028212252,33.0
bend_055.csv,bend_055,9,350,400,1.4,bend,1,11.90110135220538,14.766416030121237,32.0,1049.0306691017822,33.0
bend_055.csv,bend_055,10,375,425,1.5,bend,1,11.922602918168693,14.377950481404591,32.0,1041.578321556879,32.0
bend_055.csv,bend_055,11,400,450,1.6,bend,1,11.338246652365363,13.389742625986733,32.0,928.7382982705674,31.0
bend_055.csv,bend_055,12,425,475,1.7,bend,1,11.169121737465648,12.869592863487897,29.0,869.9433355176822,30.0
bend_055.csv,bend_055,13,450,500,1.8,bend,1,10.49562345759808,12.582800133161973,31.0,881.8454355870366,32.0
bend_055.csv,bend_055,14,475,525,1.9,bend,1,11.380126140795221,14.28016034681102,33.0,965.4637127622626,34.0
bend_055.csv,bend_055,15,500,550,2.0,bend,1,12.13008801925168,14.836011081539604,34.0,1030.347923822955,35.0
bend_055.csv,bend_055,16,525,575,2.1,bend,1,10.152967905091968,12.551694444248652,33.0,895.5583949284689,33.0
bend_055.csv,bend_055,17,550,600,2.2,bend,1,7.887940262453559,10.197430830063912,30.0,633.2613975566903,31.0
bend_055.csv,bend_055,18,575,625,2.3,bend,1,7.0131868991047455,8.108938025236785,31.0,560.686399968047,32.0
bend_055.csv,bend_055,19,600,650,2.4,bend,1,9.522120898004884,11.744408956854322,33.0,806.1456282149655,32.0
bend_055.csv,bend_055,20,625,675,2.5,bend,1,11.61160710845925,16.090623966141155,33.0,1010.1609411650928,30.0
bend_055.csv,bend_055,21,650,700,2.6,bend,1,11.462580006260387,15.60390294398409,33.0,1004.8394829211497,30.0
bend_055.csv,bend_055,22,675,725,2.7,bend,1,8.798832391633528,11.448083487582117,31.0,755.0585610517965,28.0
bend_055.csv,bend_055,23,700,750,2.8,bend,1,7.9627697916169495,10.691431098607158,30.0,631.9604126273827,28.0
bend_055.csv,bend_055,24,725,775,2.9,bend,1,9.770689200764444,12.35013851513516,33.0,833.7350880709346,33.0
bend_055.csv,bend_055,25,750,800,3.0,bend,1,8.94573270082933,11.417720936477862,34.0,795.9296576040322,30.0
bend_055.csv,bend_055,26,775,825,3.1,bend,1,7.125474310981932,8.695772797778117,32.0,599.6718250166912,29.0
bend_055.csv,bend_055,27,800,850,3.2,bend,1,6.463535628759584,7.677086739493907,32.0,538.3613174987406,32.0
bend_055.csv,bend_055,28,825,875,3.3,bend,1,7.436420226401835,8.861933268439874,33.0,633.9427674151867,32.0
bend_055.csv,bend_055,29,850,900,3.4,bend,1,6.605378403157864,8.317752496722015,32.0,568.6307279314373,33.0
bend_055.csv,bend_055,30,875,925,3.5,bend,1,5.533413249913796,6.8253525398745465,35.0,477.4596536948453,33.0
bend_055.csv,bend_055,31,900,950,3.6,bend,1,7.748123368964493,9.08974622028177,35.0,664.4171992047202,33.0
bend_055.csv,bend_055,32,925,975,3.7,bend,1,7.960241310421203,9.15601359341928,33.0,686.8197382023892,34.0
bend_055.csv,bend_055,33,950,1000,3.8,bend,1,6.955972749588536,8.078666187010391,34.0,617.3965551777563,34.0
bend_055.csv,bend_055,34,975,1025,3.9,bend,1,6.1773495207353575,7.372894559790312,35.0,531.4873218942337,35.0
bend_055.csv,bend_055,35,1000,1050,4.0,bend,1,5.405912473696572,6.8323055655069185,35.0,468.8248226224265,33.0
bend_055.csv,bend_055,36,1025,1075,4.1,bend,1,7.175676958837811,8.70481145007511,34.0,614.0591522041775,32.0
bend_055.csv,bend_055,37,1050,1100,4.2,bend,1,8.352240545961749,9.692364536541811,34.0,737.4800465712924,35.0
bend_055.csv,bend_055,38,1075,1125,4.3,bend,1,8.793683816371221,10.189642379117531,33.0,758.3191721103302,34.0
bend_055.csv,bend_055,39,1100,1150,4.4,bend,1,7.852753625370136,9.168260647343686,33.0,683.1546690187481,33.0
bend_055.csv,bend_055,40,1125,1175,4.5,bend,1,6.830149311738068,8.34309887672147,30.0,546.6345476417476,30.0
bend_055.csv,bend_055,41,1150,1200,4.6,bend,1,5.6202873943850555,7.535817111176349,30.0,467.90345252884356,28.0
bend_055.csv,bend_055,42,1175,1225,4.7,bend,1,4.343819252571771,5.474962405643657,32.0,361.5988104659359,29.0
bend_055.csv,bend_055,43,1200,1250,4.8,bend,1,5.251857691950995,6.254761268117537,33.0,455.74396772178153,32.0
bend_056.csv,bend_056,0,125,175,0.5,bend,1,3.326651542813097,3.91928086691153,35.0,291.1839701734902,34.0
bend_056.csv,bend_056,1,150,200,0.6,bend,1,2.5325133026164086,3.007900581725062,33.0,222.42832600044196,30.0
bend_056.csv,bend_056,2,175,225,0.7,bend,1,2.33146242422181,2.8262812734014444,31.0,208.38193883274502,27.0
bend_056.csv,bend_056,3,200,250,0.8,bend,1,2.550597407686346,3.0458048857762376,34.0,224.0678816055048,31.0
bend_056.csv,bend_056,4,225,275,0.9,bend,1,2.7590678145345304,3.3015344037508654,36.0,244.41291548317776,33.0
bend_056.csv,bend_056,5,250,300,1.0,bend,1,3.0177249235452144,3.566610046016245,34.0,259.6750699656233,33.0
bend_056.csv,bend_056,6,275,325,1.1,bend,1,3.4242439807424985,4.085751002485721,34.0,303.22690970137666,34.0
bend_056.csv,bend_056,7,300,350,1.2,bend,1,7.192266348594204,9.72183732680836,32.0,603.9575262749054,32.0
bend_056.csv,bend_056,8,325,375,1.3,bend,1,15.110228312377362,19.154865046245963,32.0,1258.0800193584932,33.0
bend_056.csv,bend_056,9,350,400,1.4,bend,1,18.987746713129496,22.885625913538664,34.0,1626.9933635873638,35.0
bend_056.csv,bend_056,10,375,425,1.5,bend,1,18.831925859290887,22.12023439535419,33.0,1594.4092030628942,33.0
bend_056.csv,bend_056,11,400,450,1.6,bend,1,20.592546814268058,24.132073817584047,31.0,1740.8869392351992,32.0
bend_056.csv,bend_056,12,425,475,1.7,bend,1,21.714816452589666,25.325563205467777,29.0,1748.305747772561,30.0
bend_056.csv,bend_056,13,450,500,1.8,bend,1,17.306889024214573,20.61350320846072,30.0,1339.267900240794,29.0
bend_056.csv,bend_056,14,475,525,1.9,bend,1,15.715506610169442,18.920433566814303,31.0,1279.9251801620026,30.0
bend_056.csv,bend_056,15,500,550,2.0,bend,1,16.199399907064397,20.155177495340297,29.0,1329.13072271915,28.0
bend_056.csv,bend_056,16,525,575,2.1,bend,1,11.863607352414775,15.210721727449963,32.0,974.1993783838303,29.0
bend_056.csv,bend_056,17,550,600,2.2,bend,1,12.384122655990504,15.020526652673627,34.0,1029.5549853777497,33.0
bend_056.csv,bend_056,18,575,625,2.3,bend,1,17.79166427255982,24.331599515561056,35.0,1561.467942635511,35.0
bend_056.csv,bend_056,19,600,650,2.4,bend,1,19.84270906946332,27.2412598432371,35.0,1728.2469790133894,35.0
bend_056.csv,bend_056,20,625,675,2.5,bend,1,21.19564734864754,25.5955678253662,34.0,1764.2561953429613,35.0
bend_056.csv,bend_056,21,650,700,2.6,bend,1,22.09248360963211,25.554602153066398,34.0,1920.3146031135757,35.0
bend_056.csv,bend_056,22,675,725,2.7,bend,1,16.51104665890467,20.270221201567335,32.0,1432.627288549789,32.0
bend_056.csv,bend_056,23,700,750,2.8,bend,1,14.849029740246873,18.340667900335912,28.0,1182.0380430571554,29.0
bend_056.csv,bend_056,24,725,775,2.9,bend,1,13.5492115704149,17.1381784043259,27.0,1055.74719899957,28.0
bend_056.csv,bend_056,25,750,800,3.0,bend,1,9.539120858676485,11.568004316139914,27.0,775.9559248360005,27.0
bend_056.csv,bend_056,26,775,825,3.1,bend,1,11.575773929421914,14.587235485531771,29.0,925.7371288822517,29.0
bend_056.csv,bend_056,27,800,850,3.2,bend,1,10.616316256882058,13.727879681295725,31.0,890.806253197152,32.0
bend_056.csv,bend_056,28,825,875,3.3,bend,1,8.322039967303224,10.127721705530305,32.0,711.6999259369173,33.0
bend_056.csv,bend_056,29,850,900,3.4,bend,1,8.824549903945801,10.127992971927853,33.0,736.4256178709857,34.0
bend_056.csv,bend_056,30,875,925,3.5,bend,1,9.407907571941745,11.09936515283106,31.0,778.2622420561264,32.0
bend_056.csv,bend_056,31,900,950,3.6,bend,1,10.189082718696147,12.803252015401581,31.0,873.6758795356823,31.0
bend_056.csv,bend_056,32,925,975,3.7,bend,1,7.462540253747242,10.64693185137134,28.0,621.2778211411692,27.0
bend_056.csv,bend_056,33,950,1000,3.8,bend,1,5.727469069374134,7.6928963417228,30.0,474.00502967009925,27.0
bend_056.csv,bend_056,34,975,1025,3.9,bend,1,8.019964857742035,10.005489944963283,34.0,683.856421299566,32.0
bend_056.csv,bend_056,35,1000,1050,4.0,bend,1,8.705822435918696,10.91071948242762,33.0,756.8637376542349,33.0
bend_056.csv,bend_056,36,1025,1075,4.1,bend,1,7.714619858789884,9.826242013207384,32.0,665.6379316889451,29.0
bend_056.csv,bend_056,37,1050,1100,4.2,bend,1,6.464656228414143,8.037186215063274,32.0,535.2476247763447,30.0
bend_056.csv,bend_056,38,1075,1125,4.3,bend,1,6.179852028839198,7.268081103207962,33.0,531.7809914118069,33.0
bend_056.csv,bend_056,39,1100,1150,4.4,bend,1,6.365114122367673,7.46454416126367,34.0,534.7585448059604,33.0
bend_056.csv,bend_056,40,1125,1175,4.5,bend,1,6.368471732342137,7.604871698914904,35.0,544.4303802659892,33.0
bend_056.csv,bend_056,41,1150,1200,4.6,bend,1,5.2601604158286595,6.52382022590506,35.0,454.7086332587023,33.0
bend_056.csv,bend_056,42,1175,1225,4.7,bend,1,3.596771509778833,4.285644366764874,35.0,319.590397532501,35.0
bend_056.csv,bend_056,43,1200,1250,4.8,bend,1,3.474048599809901,4.027445090973266,34.0,302.8772456255282,34.0
bend_057.csv,bend_057,0,125,175,0.5,bend,1,18.671017217843726,25.975550868837647,33.0,1557.998886199018,33.0
bend_057.csv,bend_057,1,150,200,0.6,bend,1,24.629132053398326,29.511561176230767,32.0,2005.3288642542905,33.0
bend_057.csv,bend_057,2,175,225,0.7,bend,1,21.367327366901865,25.495000945365412,32.0,1826.9786054170845,33.0
bend_057.csv,bend_057,3,200,250,0.8,bend,1,22.736993169729057,26.378159784105282,32.0,1896.4436704822467,32.0
bend_057.csv,bend_057,4,225,275,0.9,bend,1,18.423908517103925,21.26794797537699,32.0,1510.8865386935536,33.0
bend_057.csv,bend_057,5,250,300,1.0,bend,1,15.694109299088835,18.178310064603814,31.0,1278.6174963552448,32.0
bend_057.csv,bend_057,6,275,325,1.1,bend,1,13.939019798967244,16.438387203718772,32.0,1086.1557007371414,33.0
bend_057.csv,bend_057,7,300,350,1.2,bend,1,9.444275565625851,11.642297700389031,36.0,792.5561789457021,37.0
bend_057.csv,bend_057,8,325,375,1.3,bend,1,10.220600991072455,13.100792792252966,36.0,886.2074022178034,37.0
bend_057.csv,bend_057,9,350,400,1.4,bend,1,13.036441268359038,15.957277846405242,37.0,1166.6450849692094,37.0
bend_057.csv,bend_057,10,375,425,1.5,bend,1,13.493209191198996,16.42294548356,36.0,1226.5649704936475,36.0
bend_057.csv,bend_057,11,400,450,1.6,bend,1,14.985093138193283,17.794598857621125,31.0,1258.6342853790838,32.0
bend_057.csv,bend_057,12,425,475,1.7,bend,1,12.299284163692011,14.995446729925574,30.0,977.6766456538629,31.0
bend_057.csv,bend_057,13,450,500,1.8,bend,1,10.322620986246848,12.778525782818718,32.0,852.1451051022775,31.0
bend_057.csv,bend_057,14,475,525,1.9,bend,1,12.843785924836215,15.602815931801947,33.0,1066.9019164030517,32.0
bend_057.csv,bend_057,15,500,550,2.0,bend,1,14.356077959657188,18.156350913757166,33.0,1209.8633007675037,34.0
bend_057.csv,bend_057,16,525,575,2.1,bend,1,19.376518328083524,23.850794694038466,30.0,1623.5445066564432,31.0
bend_057.csv,bend_057,17,550,600,2.2,bend,1,18.86688981010805,22.989334287644706,28.0,1508.892466741819,29.0
bend_057.csv,bend_057,18,575,625,2.3,bend,1,15.826565548037058,19.240931333671558,30.0,1338.5635031967527,31.0
bend_057.csv,bend_057,19,600,650,2.4,bend,1,17.505275276159768,20.709732399041442,32.0,1500.8499776728127,32.0
bend_057.csv,bend_057,20,625,675,2.5,bend,1,18.77743883266924,22.628236470967224,32.0,1591.1216202826824,30.0
bend_057.csv,bend_057,21,650,700,2.6,bend,1,16.73312895031837,20.466914231284132,31.0,1359.851828338165,28.0
bend_057.csv,bend_057,22,675,725,2.7,bend,1,13.860290932214888,16.18121496920667,31.0,1086.0745049328277,28.0
bend_057.csv,bend_057,23,700,750,2.8,bend,1,13.784233514564855,16.480216297615474,30.0,1101.2574387588843,29.0
bend_057.csv,bend_057,24,725,775,2.9,bend,1,12.883041902749959,15.428997349190464,27.0,992.0091547369777,28.0
bend_057.csv,bend_057,25,750,800,3.0,bend,1,12.499195140807648,14.299330743435059,30.0,1015.3374625139932,31.0
bend_057.csv,bend_057,26,775,825,3.1,bend,1,11.974685681862084,13.59454063242426,33.0,1003.6525310396581,34.0
bend_057.csv,bend_057,27,800,850,3.2,bend,1,12.202027472419061,14.211799740714893,32.0,1040.0028576070974,33.0
bend_057.csv,bend_057,28,825,875,3.3,bend,1,9.702112836391825,12.087646163329248,30.0,819.8062992547174,31.0
bend_057.csv,bend_057,29,850,900,3.4,bend,1,10.536337283320448,13.174490618777243,31.0,874.1827393487663,31.0
bend_057.csv,bend_057,30,875,925,3.5,bend,1,12.094912069942074,14.478061319163585,30.0,1002.4977002788339,31.0
bend_057.csv,bend_057,31,900,950,3.6,bend,1,7.966325650614314,9.85505960519238,28.0,618.4539948995891,27.0
bend_057.csv,bend_057,32,925,975,3.7,bend,1,6.256301363054446,7.389363584079052,31.0,509.1101011914579,29.0
bend_057.csv,bend_057,33,950,1000,3.8,bend,1,6.709111781095689,8.000334485071185,30.0,533.0067912540198,30.0
bend_057.csv,bend_057,34,975,1025,3.9,bend,1,7.291707336700752,8.786426706895277,32.0,606.1799298645168,30.0
bend_057.csv,bend_057,35,1000,1050,4.0,bend,1,8.045456330892442,9.92972582902139,32.0,703.5945944126208,31.0
bend_057.csv,bend_057,36,1025,1075,4.1,bend,1,8.05392273029176,10.014892991014637,31.0,701.1820207999389,30.0
bend_057.csv,bend_057,37,1050,1100,4.2,bend,1,7.618141470607644,9.00596877824439,33.0,664.2318514452554,33.0
bend_057.csv,bend_057,38,1075,1125,4.3,bend,1,7.839841592663704,9.414937954675025,33.0,658.7111283320697,32.0
bend_057.csv,bend_057,39,1100,1150,4.4,bend,1,8.127558198886884,10.14366140416775,31.0,709.4904217207273,30.0
bend_057.csv,bend_057,40,1125,1175,4.5,bend,1,7.359731443401107,9.445481402919931,30.0,629.5229222711546,29.0
bend_057.csv,bend_057,41,1150,1200,4.6,bend,1,5.389348085808508,7.033508594865684,32.0,449.7073086092864,31.0
bend_057.csv,bend_057,42,1175,1225,4.7,bend,1,4.552386500722656,5.469435397686661,34.0,385.372007642148,32.0
bend_057.csv,bend_057,43,1200,1250,4.8,bend,1,4.088663608827115,4.800181825063294,33.0,349.4731557745504,32.0
bend_058.csv,bend_058,0,125,175,0.5,bend,1,4.448360790704864,5.571745915206611,32.0,403.4864863497889,31.0
bend_058.csv,bend_058,1,150,200,0.6,bend,1,6.977561320970051,8.004422026067973,34.0,622.8479310580768,35.0
bend_058.csv,bend_058,2,175,225,0.7,bend,1,13.535916107618855,17.404728802486982,33.0,1182.447690563409,33.0
bend_058.csv,bend_058,3,200,250,0.8,bend,1,17.825762245207763,21.225680237424996,32.0,1520.2472539529358,32.0
bend_058.csv,bend_058,4,225,275,0.9,bend,1,16.48389895024788,19.416666782776794,33.0,1424.654715601933,34.0
bend_058.csv,bend_058,5,250,300,1.0,bend,1,18.13804197582583,22.038318709444354,34.0,1525.5848691897968,34.0
bend_058.csv,bend_058,6,275,325,1.1,bend,1,18.160329273682393,22.170499156921725,32.0,1488.492626045052,32.0
bend_058.csv,bend_058,7,300,350,1.2,bend,1,15.293119452771283,18.214391470980537,34.0,1306.165554859855,33.0
bend_058.csv,bend_058,8,325,375,1.3,bend,1,11.148765386291792,13.569710776963243,32.0,951.4344824791292,31.0
bend_058.csv,bend_058,9,350,400,1.4,bend,1,8.220554230520746,9.981633696936363,29.0,680.8578131628872,30.0
bend_058.csv,bend_058,10,375,425,1.5,bend,1,11.352951268645311,13.97677371496685,31.0,975.4462219183475,32.0
bend_058.csv,bend_058,11,400,450,1.6,bend,1,13.156090690001625,15.286051685326413,30.0,1083.2473821531862,30.0
bend_058.csv,bend_058,12,425,475,1.7,bend,1,10.858795516440562,13.027419416099027,29.0,835.4296470293177,29.0
bend_058.csv,bend_058,13,450,500,1.8,bend,1,9.79584853216021,12.279737348826147,30.0,826.6713171139739,31.0
bend_058.csv,bend_058,14,475,525,1.9,bend,1,12.586489207228524,15.392133980702765,31.0,1048.28227141767,32.0
bend_058.csv,bend_058,15,500,550,2.0,bend,1,13.079084778453469,15.75607930275284,32.0,1097.6353650144658,33.0
bend_058.csv,bend_058,16,525,575,2.1,bend,1,9.191509749339547,11.320779197251145,33.0,763.8685713605335,33.0
bend_058.csv,bend_058,17,550,600,2.2,bend,1,8.53510341940144,10.829284960148419,34.0,766.2203522504631,34.0
bend_058.csv,bend_058,18,575,625,2.3,bend,1,6.851357141530247,9.357882712258746,31.0,608.2475253726305,31.0
bend_058.csv,bend_058,19,600,650,2.4,bend,1,9.042114712595891,12.990599651849518,28.0,741.842438891425,29.0
bend_058.csv,bend_058,20,625,675,2.5,bend,1,9.41708314787697,13.106403218579542,32.0,816.038122765207,33.0
bend_058.csv,bend_058,21,650,700,2.6,bend,1,4.718100761547486,5.934838331746966,31.0,411.9868469737625,30.0
bend_058.csv,bend_058,22,675,725,2.7,bend,1,4.684154151066028,6.051274386884731,31.0,403.3238947528978,31.0
bend_058.csv,bend_058,23,700,750,2.8,bend,1,5.539450673130692,6.763201671466002,32.0,458.7135091011916,33.0
bend_058.csv,bend_058,24,725,775,2.9,bend,1,5.638153427661916,6.769508692229575,32.0,461.952987490007,32.0
bend_058.csv,bend_058,25,750,800,3.0,bend,1,4.4144544766570215,5.515271957387818,34.0,380.9892570960549,29.0
bend_058.csv,bend_058,26,775,825,3.1,bend,1,3.356926373386699,4.110244452313291,37.0,305.55353722665427,31.0
bend_058.csv,bend_058,27,800,850,3.2,bend,1,3.1410244222142945,3.7904641653728555,35.0,285.4542337918273,32.0
bend_058.csv,bend_058,28,825,875,3.3,bend,1,3.0803866496525694,3.6905913916772213,36.0,290.41149318690714,34.0
bend_058.csv,bend_058,29,850,900,3.4,bend,1,3.2437711106665694,3.8124482202703702,33.0,292.2791993968811,32.0
bend_058.csv,bend_058,30,875,925,3.5,bend,1,2.9923924427143778,3.464259029200698,34.0,266.850335035118,32.0
bend_058.csv,bend_058,31,900,950,3.6,bend,1,2.3890821200410586,2.9277763030200963,31.0,214.38315119944792,28.0
bend_058.csv,bend_058,32,925,975,3.7,bend,1,2.5094130299144846,3.1659251514479885,31.0,225.01233962747457,28.0
bend_058.csv,bend_058,33,950,1000,3.8,bend,1,3.1699285281750105,3.732042643441343,34.0,282.3721038925723,33.0
bend_058.csv,bend_058,34,975,1025,3.9,bend,1,3.359099693593643,3.888431833005757,36.0,302.1657187926184,35.0
bend_058.csv,bend_058,35,1000,1050,4.0,bend,1,2.856561287754661,3.3946069117961155,36.0,254.90762419313174,32.0
bend_058.csv,bend_058,36,1025,1075,4.1,bend,1,2.5041484086342574,3.0202269291056774,32.0,220.89322769208167,29.0
bend_058.csv,bend_058,37,1050,1100,4.2,bend,1,2.7986226693444776,3.337945266223858,32.0,247.80243131876472,31.0
bend_058.csv,bend_058,38,1075,1125,4.3,bend,1,2.826039566443259,3.475682340965875,37.0,253.1623628333593,29.0
bend_058.csv,bend_058,39,1100,1150,4.4,bend,1,2.6888532914837846,3.4443057981418805,34.0,248.98623461176368,28.0
bend_058.csv,bend_058,40,1125,1175,4.5,bend,1,3.2177900634564764,3.913799433241042,33.0,287.95522975105473,32.0
bend_058.csv,bend_058,41,1150,1200,4.6,bend,1,3.3857265778672176,4.140627391820562,35.0,296.50059518239266,30.0
bend_058.csv,bend_058,42,1175,1225,4.7,bend,1,3.2224222583725113,4.104788122975089,33.0,291.94360477398794,28.0
bend_058.csv,bend_058,43,1200,1250,4.8,bend,1,2.940074542964884,3.6512600737333085,32.0,258.443967329752,29.0
bend_059.csv,bend_059,0,125,175,0.5,bend,1,4.7075262873394905,5.3801791245733375,34.0,397.88540676118146,34.0
bend_059.csv,bend_059,1,150,200,0.6,bend,1,4.430412009144223,5.038792404787614,34.0,386.24854547095407,35.0
bend_059.csv,bend_059,2,175,225,0.7,bend,1,4.28763174091754,5.086549521130369,33.0,380.948447535642,33.0
bend_059.csv,bend_059,3,200,250,0.8,bend,1,3.905744671680066,4.640485765156966,32.0,334.8197148578154,32.0
bend_059.csv,bend_059,4,225,275,0.9,bend,1,6.308292117475033,8.264908531291185,34.0,541.5458878611495,33.0
bend_059.csv,bend_059,5,250,300,1.0,bend,1,14.180351530943781,18.65453464604637,35.0,1264.8231520316888,35.0
bend_059.csv,bend_059,6,275,325,1.1,bend,1,18.789404754280874,22.883997188628047,34.0,1645.0911052303875,34.0
bend_059.csv,bend_059,7,300,350,1.2,bend,1,14.339732300069981,17.945828395675537,33.0,1192.4778279477662,34.0
bend_059.csv,bend_059,8,325,375,1.3,bend,1,13.778407675293888,16.864168830312924,33.0,1120.0324287461965,34.0
bend_059.csv,bend_059,9,350,400,1.4,bend,1,14.176225074360966,17.39659114841039,34.0,1223.6648924098204,34.0
bend_059.csv,bend_059,10,375,425,1.5,bend,1,11.123692501735903,14.002161362906623,33.0,966.2304227670885,33.0
bend_059.csv,bend_059,11,400,450,1.6,bend,1,10.330495181357769,12.647923003429964,31.0,871.9769547462631,32.0
bend_059.csv,bend_059,12,425,475,1.7,bend,1,10.347912392199873,11.920152081590386,31.0,871.0920656925763,31.0
bend_059.csv,bend_059,13,450,500,1.8,bend,1,9.479190533575654,11.290769155996902,29.0,795.7158951368874,30.0
bend_059.csv,bend_059,14,475,525,1.9,bend,1,9.196632023012652,11.620717267947724,31.0,798.2504598185051,33.0
bend_059.csv,bend_059,15,500,550,2.0,bend,1,9.189294247063222,11.231172199276608,32.0,798.9840993466854,33.0
bend_059.csv,bend_059,16,525,575,2.1,bend,1,8.064086742787687,9.424756867268718,31.0,657.8590573657222,31.0
bend_059.csv,bend_059,17,550,600,2.2,bend,1,8.671057793587066,10.289005200886058,33.0,733.9638960326171,34.0
bend_059.csv,bend_059,18,575,625,2.3,bend,1,8.248063085926109,10.614785142720606,31.0,696.7965393559349,32.0
bend_059.csv,bend_059,19,600,650,2.4,bend,1,7.113548139310105,9.2167717098607,30.0,567.0982600886877,31.0
bend_059.csv,bend_059,20,625,675,2.5,bend,1,7.823198898956206,9.350225547328916,33.0,667.0112582905757,34.0
bend_059.csv,bend_059,21,650,700,2.6,bend,1,5.447125794114226,7.487637338795915,34.0,485.21095692214647,31.0
bend_059.csv,bend_059,22,675,725,2.7,bend,1,3.3865629144265013,4.611081290642092,30.0,277.3335079160991,27.0
bend_059.csv,bend_059,23,700,750,2.8,bend,1,4.946272841282225,6.278555921656176,31.0,407.978688274464,29.0
bend_059.csv,bend_059,24,725,775,2.9,bend,1,5.563633758752394,6.6259615838828605,32.0,457.57428167645793,28.0
bend_059.csv,bend_059,25,750,800,3.0,bend,1,6.273551943018511,7.827182662906333,34.0,534.3996852702172,33.0
bend_059.csv,bend_059,26,775,825,3.1,bend,1,6.662152177494703,8.245003056406288,34.0,596.654110460787,34.0
bend_059.csv,bend_059,27,800,850,3.2,bend,1,8.454866419961274,10.334941073650763,30.0,697.0112465206074,31.0
bend_059.csv,bend_059,28,825,875,3.3,bend,1,10.695496677209427,12.509259240529607,33.0,911.5682281386579,33.0
bend_059.csv,bend_059,29,850,900,3.4,bend,1,9.670189955353909,11.743992826975274,37.0,847.0909886611678,33.0
bend_059.csv,bend_059,30,875,925,3.5,bend,1,7.972795723386623,10.219240007908589,35.0,697.5700386689905,32.0
bend_059.csv,bend_059,31,900,950,3.6,bend,1,7.9517407145221455,9.65064730183838,32.0,675.6148269174473,32.0
bend_059.csv,bend_059,32,925,975,3.7,bend,1,10.319759721842162,12.506247695373832,32.0,888.4153456200088,33.0
bend_059.csv,bend_059,33,950,1000,3.8,bend,1,10.70258598291655,12.74531123289223,31.0,864.1878506843109,31.0
bend_059.csv,bend_059,34,975,1025,3.9,bend,1,9.220746465975386,10.536572923358333,30.0,744.113608412955,31.0
bend_059.csv,bend_059,35,1000,1050,4.0,bend,1,9.813757399576042,11.834748372323766,33.0,844.365779131129,32.0
bend_059.csv,bend_059,36,1025,1075,4.1,bend,1,7.903120929750722,10.303932980399788,33.0,650.674816509433,30.0
bend_059.csv,bend_059,37,1050,1100,4.2,bend,1,7.598949489491475,9.464262767950501,37.0,693.702139348936,34.0
bend_059.csv,bend_059,38,1075,1125,4.3,bend,1,8.12449900126234,9.673668498471631,34.0,712.5265182356982,35.0
bend_059.csv,bend_059,39,1100,1150,4.4,bend,1,7.842691922303138,9.299792689739908,31.0,635.6687297753089,32.0
bend_059.csv,bend_059,40,1125,1175,4.5,bend,1,9.42656268235724,11.046106352142733,33.0,806.0883755412556,34.0
bend_059.csv,bend_059,41,1150,1200,4.6,bend,1,6.7986881091578075,8.53518556517122,32.0,581.3275158947704,33.0
bend_059.csv,bend_059,42,1175,1225,4.7,bend,1,5.358467248234181,6.325152975770822,32.0,445.10369178024473,32.0
bend_059.csv,bend_059,43,1200,1250,4.8,bend,1,7.41978243324722,8.782365557464042,34.0,621.567102482884,35.0
bend_060.csv,bend_060,0,125,175,0.5,bend,1,3.4774276959704826,4.253638920800942,34.0,309.70482193581245,32.0
bend_060.csv,bend_060,1,150,200,0.6,bend,1,2.6065974676072203,3.1030109558207717,35.0,227.0561740866076,30.0
bend_060.csv,bend_060,2,175,225,0.7,bend,1,3.8738139644331113,4.530668493392407,34.0,329.78310330462534,33.0
bend_060.csv,bend_060,3,200,250,0.8,bend,1,4.230845753306242,4.760515961626027,34.0,364.70384672645196,35.0
bend_060.csv,bend_060,4,225,275,0.9,bend,1,3.609537153915562,4.152246500682253,31.0,298.37538217200336,30.0
bend_060.csv,bend_060,5,250,300,1.0,bend,1,6.230571719397682,9.200324352416418,30.0,536.3843814863262,30.0
bend_060.csv,bend_060,6,275,325,1.1,bend,1,13.958224848455316,17.764310643485466,30.0,1127.0538655891753,31.0
bend_060.csv,bend_060,7,300,350,1.2,bend,1,16.808506136281586,19.87997567502535,30.0,1373.639604018258,30.0
bend_060.csv,bend_060,8,325,375,1.3,bend,1,11.612702099213436,14.590055419658814,31.0,977.0285102246946,32.0
bend_060.csv,bend_060,9,350,400,1.4,bend,1,9.702789428950052,11.565712485175176,34.0,828.870732801222,34.0
bend_060.csv,bend_060,10,375,425,1.5,bend,1,10.964612737611489,13.276075981084382,32.0,922.21358275173,33.0
bend_060.csv,bend_060,11,400,450,1.6,bend,1,9.57995541770253,12.330025252164454,30.0,796.4820937352537,29.0
bend_060.csv,bend_060,12,425,475,1.7,bend,1,12.909322317175583,16.36223127671248,33.0,1079.5383495133226,32.0
bend_060.csv,bend_060,13,450,500,1.8,bend,1,14.145297189142454,16.923148629986045,35.0,1197.6586524127604,35.0
bend_060.csv,bend_060,14,475,525,1.9,bend,1,9.370097354430813,10.931011799089605,35.0,797.7058047881716,35.0
bend_060.csv,bend_060,15,500,550,2.0,bend,1,7.737264138112483,9.588532703981578,34.0,650.4216087232403,32.0
bend_060.csv,bend_060,16,525,575,2.1,bend,1,9.304325342229264,12.329512777916271,32.0,786.5225183593116,29.0
bend_060.csv,bend_060,17,550,600,2.2,bend,1,13.696725873471223,17.197175487337155,30.0,1112.6798774999577,30.0
bend_060.csv,bend_060,18,575,625,2.3,bend,1,13.808690952102706,17.225344761134902,31.0,1084.8140386565624,30.0
bend_060.csv,bend_060,19,600,650,2.4,bend,1,11.91134668349785,15.344253033554768,31.0,972.2883854640788,28.0
bend_060.csv,bend_060,20,625,675,2.5,bend,1,10.245178185529973,13.551070869023484,29.0,797.1249343108088,28.0
bend_060.csv,bend_060,21,650,700,2.6,bend,1,12.367035130841472,16.201355077794403,31.0,940.1761801402714,30.0
bend_060.csv,bend_060,22,675,725,2.7,bend,1,13.966181907419763,17.913980146635534,28.0,1104.7317928009675,29.0
bend_060.csv,bend_060,23,700,750,2.8,bend,1,12.977339335278579,16.602118671201982,31.0,1135.9383694316555,32.0
bend_060.csv,bend_060,24,725,775,2.9,bend,1,10.807835913338012,13.88450294510329,35.0,962.6501211432051,33.0
bend_060.csv,bend_060,25,750,800,3.0,bend,1,6.921701309539893,8.053994351089415,34.0,582.8200239213882,32.0
bend_060.csv,bend_060,26,775,825,3.1,bend,1,7.440419601034889,9.233197404176485,32.0,638.0344805964078,31.0
bend_060.csv,bend_060,27,800,850,3.2,bend,1,6.483945500255461,8.585476392723121,34.0,554.5323266793689,29.0
bend_060.csv,bend_060,28,825,875,3.3,bend,1,4.146326825240406,5.315133128037823,36.0,362.18659679341005,30.0
bend_060.csv,bend_060,29,850,900,3.4,bend,1,4.4803413753130465,5.693656411486383,34.0,391.49428684568517,32.0
bend_060.csv,bend_060,30,875,925,3.5,bend,1,4.719753282030068,6.042042251083569,36.0,424.2152047749833,31.0
bend_060.csv,bend_060,31,900,950,3.6,bend,1,5.708791538274897,7.168895487194045,34.0,492.59034295580807,31.0
bend_060.csv,bend_060,32,925,975,3.7,bend,1,7.591892545870988,8.95869965954032,33.0,666.0541078855005,33.0
bend_060.csv,bend_060,33,950,1000,3.8,bend,1,5.961441207286686,7.2799748712739,31.0,502.44007001101784,31.0
bend_060.csv,bend_060,34,975,1025,3.9,bend,1,4.676655517808173,5.693661519050107,28.0,372.4619043628748,29.0
bend_060.csv,bend_060,35,1000,1050,4.0,bend,1,5.979903537432151,7.410646986997753,29.0,502.1727936433025,30.0
bend_060.csv,bend_060,36,1025,1075,4.1,bend,1,6.557078076199833,8.003073758733604,34.0,581.7861821365592,33.0
bend_060.csv,bend_060,37,1050,1100,4.2,bend,1,5.41061528253746,6.668782902910775,34.0,469.6903399783646,34.0
bend_060.csv,bend_060,38,1075,1125,4.3,bend,1,5.161373033939117,6.5629741029784805,33.0,438.7163292812247,34.0
bend_060.csv,bend_060,39,1100,1150,4.4,bend,1,6.053233750081796,7.4577683199745,33.0,516.2877315756123,34.0
bend_060.csv,bend_060,40,1125,1175,4.5,bend,1,6.220904382719088,7.472299644037458,33.0,541.9757342188009,33.0
bend_060.csv,bend_060,41,1150,1200,4.6,bend,1,6.236552695015511,8.037204247161116,33.0,563.8718850671977,33.0
bend_060.csv,bend_060,42,1175,1225,4.7,bend,1,7.641998955391916,9.63991617638122,34.0,652.7296933240073,34.0
bend_060.csv,bend_060,43,1200,1250,4.8,bend,1,9.282247052107982,10.969717885896847,31.0,754.6600421810654,32.0
relax_001.csv,relax_001,0,125,175,0.5,relax,0,2.282928999607858,2.8168698345913135,26.0,175.54851445693387,21.0
relax_001.csv,relax_001,1,150,200,0.6,relax,0,2.2985190177998294,2.7750630076195235,30.0,190.80700669014152,26.0
relax_001.csv,relax_001,2,175,225,0.7,relax,0,2.420122825660801,2.9937848001349545,32.0,201.07494058167285,26.0
relax_001.csv,relax_001,3,200,250,0.8,relax,0,2.8516325248377417,3.5678880746062056,32.0,246.58963244462637,27.0
relax_001.csv,relax_001,4,225,275,0.9,relax,0,3.1612442651869244,3.8937814338076415,36.0,277.78332188253154,32.0
relax_001.csv,relax_001,5,250,300,1.0,relax,0,2.552746709322698,3.209085641392251,34.0,217.8558949944251,29.0
relax_001.csv,relax_001,6,275,325,1.1,relax,0,2.3780342418549942,2.870246601058269,35.0,200.73447464302635,30.0
relax_001.csv,relax_001,7,300,350,1.2,relax,0,2.7072903716705707,3.287570610792994,34.0,227.31220422765415,28.0
relax_001.csv,relax_001,8,325,375,1.3,relax,0,2.7014958825903426,3.2691167096630487,32.0,222.67405535779773,27.0
relax_001.csv,relax_001,9,350,400,1.4,relax,0,2.2555482737801005,2.737990141647487,32.0,188.38040146619477,25.0
relax_001.csv,relax_001,10,375,425,1.5,relax,0,2.253649342724636,2.779555548603298,29.0,181.07478968014476,22.0
relax_001.csv,relax_001,11,400,450,1.6,relax,0,3.3269913882840014,4.175245320103399,28.0,270.8028652072818,25.0
relax_001.csv,relax_001,12,425,475,1.7,relax,0,3.362701532600481,4.160874905313502,28.0,275.861781228937,26.0
relax_001.csv,relax_001,13,450,500,1.8,relax,0,2.808989334517641,3.345277129109602,28.0,230.13851588489976,27.0
relax_001.csv,relax_001,14,475,525,1.9,relax,0,2.9791800745434616,3.6039634532371188,33.0,251.9109893800082,28.0
relax_001.csv,relax_001,15,500,550,2.0,relax,0,3.213874957679403,3.9014040155981853,32.0,255.26371532128775,27.0
relax_001.csv,relax_001,16,525,575,2.1,relax,0,3.1973522044937592,3.8610548577328836,31.0,264.3743237532073,28.0
relax_001.csv,relax_001,17,550,600,2.2,relax,0,3.0563853025214116,3.6660081133883935,28.0,244.90528794914962,28.0
relax_001.csv,relax_001,18,575,625,2.3,relax,0,3.691354290111084,4.537561535992046,26.0,282.18058888870956,25.0
relax_001.csv,relax_001,19,600,650,2.4,relax,0,3.7058150437461306,4.571038881255428,30.0,292.9179036865401,27.0
relax_001.csv,relax_001,20,625,675,2.5,relax,0,3.1107520211698847,3.8311892892464896,33.0,253.14350301308616,30.0
relax_001.csv,relax_001,21,650,700,2.6,relax,0,2.764734489132617,3.447094996630534,33.0,223.9159580453649,29.0
relax_001.csv,relax_001,22,675,725,2.7,relax,0,2.362488117631127,2.98086156505707,30.0,194.28328201204778,23.0
relax_001.csv,relax_001,23,700,750,2.8,relax,0,3.049027127822125,3.816890774137666,30.0,246.97641818956544,26.0
relax_001.csv,relax_001,24,725,775,2.9,relax,0,3.1382329714058788,3.848007215079503,32.0,258.22011897092125,28.0
relax_001.csv,relax_001,25,750,800,3.0,relax,0,2.3868360012094514,3.017544959926414,27.0,195.28058994583452,23.0
relax_001.csv,relax_001,26,775,825,3.1,relax,0,3.0579223739533954,3.7722892877015823,26.0,236.3544546675844,25.0
relax_001.csv,relax_001,27,800,850,3.2,relax,0,4.182312452217746,4.931941323737346,31.0,324.36207358459717,30.0
relax_001.csv,relax_001,28,825,875,3.3,relax,0,3.5335883759747735,4.628038464230336,31.0,291.7205968418113,25.0
relax_001.csv,relax_001,29,850,900,3.4,relax,0,2.67042280300037,3.5337084885360075,30.0,213.98400412409845,22.0
relax_001.csv,relax_001,30,875,925,3.5,relax,0,2.227981373557148,2.7326349566525834,30.0,183.31084343886744,24.0
relax_001.csv,relax_001,31,900,950,3.6,relax,0,2.01244148164408,2.468576187147251,29.0,167.09650794598434,24.0
relax_001.csv,relax_001,32,925,975,3.7,relax,0,1.8485125435155938,2.2769686175501356,30.0,159.77403846278378,23.0
relax_001.csv,relax_001,33,950,1000,3.8,relax,0,1.8081219107811208,2.2842621531112335,34.0,162.87763088907917,22.0
relax_001.csv,relax_001,34,975,1025,3.9,relax,0,2.264870081488996,2.754109812816634,34.0,195.79932320795558,25.0
relax_001.csv,relax_001,35,1000,1050,4.0,relax,0,2.5711012880835757,3.1405688815126602,34.0,218.80738767219876,27.0
relax_001.csv,relax_001,36,1025,1075,4.1,relax,0,3.2826074326819144,4.037690256350169,36.0,283.4905944787773,29.0
relax_001.csv,relax_001,37,1050,1100,4.2,relax,0,3.282182658402206,4.004785039943033,35.0,283.5168478086481,29.0
relax_001.csv,relax_001,38,1075,1125,4.3,relax,0,2.739099742330055,3.289088739540495,35.0,236.8465867249919,28.0
relax_001.csv,relax_001,39,1100,1150,4.4,relax,0,2.1976891503930163,2.706937248344829,32.0,193.46031945713608,24.0
relax_001.csv,relax_001,40,1125,1175,4.5,relax,0,1.647035710469598,2.052814882455814,32.0,149.2310498428511,20.0
relax_001.csv,relax_001,41,1150,1200,4.6,relax,0,1.9758512835753612,2.49929498687507,34.0,171.87899894348556,23.0
relax_001.csv,relax_001,42,1175,1225,4.7,relax,0,2.468764732564451,3.2059648464874893,31.0,216.00420775980365,22.0
relax_001.csv,relax_001,43,1200,1250,4.8,relax,0,2.7620325706479516,3.50221536593437,27.0,226.4308025805754,21.0
relax_002.csv,relax_002,0,125,175,0.5,relax,0,2.6718670018307695,3.3657311379294863,29.0,210.56440305239911,20.0
relax_002.csv,relax_002,1,150,200,0.6,relax,0,2.3136674208374317,3.4437549189241348,27.0,188.53816131814528,14.0
relax_002.csv,relax_002,2,175,225,0.7,relax,0,2.4663251774624673,3.450269113474111,28.0,210.48922777889115,21.0
relax_002.csv,relax_002,3,200,250,0.8,relax,0,2.1401508734888073,2.543882943174529,32.0,177.95737934207435,24.0
relax_002.csv,relax_002,4,225,275,0.9,relax,0,2.0610736953519013,2.487095053155629,30.0,170.97825649760193,23.0
relax_002.csv,relax_002,5,250,300,1.0,relax,0,2.540246730247322,3.027812253934688,28.0,207.2094608662117,26.0
relax_002.csv,relax_002,6,275,325,1.1,relax,0,2.5339574685733446,3.0789267179768998,35.0,221.18078365887362,27.0
relax_002.csv,relax_002,7,300,350,1.2,relax,0,2.832398780283276,3.5570184986353595,33.0,245.78101540199836,27.0
relax_002.csv,relax_002,8,325,375,1.3,relax,0,3.4539195111282637,4.169356043878627,30.0,293.2618619895182,29.0
relax_002.csv,relax_002,9,350,400,1.4,relax,0,3.848273473632062,4.583416993596289,30.0,314.26635573906407,27.0
relax_002.csv,relax_002,10,375,425,1.5,relax,0,3.4668471152098017,4.312448076844961,27.0,291.1415481856368,24.0
relax_002.csv,relax_002,11,400,450,1.6,relax,0,3.0731982783819967,3.942895488307876,26.0,259.8381929487488,22.0
relax_002.csv,relax_002,12,425,475,1.7,relax,0,2.8665140123330173,3.638993352343184,26.0,232.99396667460243,21.0
relax_002.csv,relax_002,13,450,500,1.8,relax,0,2.1387467520981107,2.5646646765927357,33.0,179.03939098065857,21.0
relax_002.csv,relax_002,14,475,525,1.9,relax,0,2.0494472014350635,2.432702703538428,33.0,163.2519733668661,20.0
relax_002.csv,relax_002,15,500,550,2.0,relax,0,2.200900281708673,2.7316160925741237,30.0,179.87548826871688,22.0
relax_002.csv,relax_002,16,525,575,2.1,relax,0,2.2809868828903213,3.009676509381651,30.0,195.21492519433832,23.0
relax_002.csv,relax_002,17,550,600,2.2,relax,0,2.0939572793024883,2.790284389154316,28.0,171.80254140109705,21.0
relax_002.csv,relax_002,18,575,625,2.3,relax,0,2.1772649671013524,2.7426939528320315,32.0,183.87135788500848,25.0
relax_002.csv,relax_002,19,600,650,2.4,relax,0,3.488459917290371,4.312077506361653,36.0,295.65532329689853,31.0
relax_002.csv,relax_002,20,625,675,2.5,relax,0,4.253338883732626,4.995626956809897,35.0,345.17078421934366,34.0
relax_002.csv,relax_002,21,650,700,2.6,relax,0,3.7829769231969887,4.514520924210243,36.0,315.53808846179373,33.0
relax_002.csv,relax_002,22,675,725,2.7,relax,0,3.259982118838004,3.938801423728676,32.0,268.4692937452829,29.0
relax_002.csv,relax_002,23,700,750,2.8,relax,0,2.784841042465426,3.306510587391614,30.0,225.47624310743166,27.0
relax_002.csv,relax_002,24,725,775,2.9,relax,0,2.164522359213945,2.6484840352416987,31.0,183.45808949780263,20.0
relax_002.csv,relax_002,25,750,800,3.0,relax,0,2.217007593733056,2.8278470169899377,29.0,177.2176563678986,17.0
relax_002.csv,relax_002,26,775,825,3.1,relax,0,2.8034979146169663,3.525956108988536,28.0,226.78585662231185,24.0
relax_002.csv,relax_002,27,800,850,3.2,relax,0,3.35749090628422,4.118351250074224,30.0,268.693867128626,26.0
relax_002.csv,relax_002,28,825,875,3.3,relax,0,2.9642888539249075,3.656280689908487,30.0,240.5377346141822,26.0
relax_002.csv,relax_002,29,850,900,3.4,relax,0,1.9132682672697896,2.348764790405716,25.0,151.36056052734543,18.0
relax_002.csv,relax_002,30,875,925,3.5,relax,0,1.730099218816564,2.1489613716391993,25.0,139.60163652236557,17.0
relax_002.csv,relax_002,31,900,950,3.6,relax,0,1.7951078623911672,2.1577931191662687,24.0,140.32366348075533,19.0
relax_002.csv,relax_002,32,925,975,3.7,relax,0,2.693034712976262,3.410350488991819,25.0,214.09077814298817,24.0
relax_002.csv,relax_002,33,950,1000,3.8,relax,0,3.6739696715209043,4.428247419485635,29.0,298.8506484779816,26.0
relax_002.csv,relax_002,34,975,1025,3.9,relax,0,3.293857035038921,3.9974459815088625,29.0,259.080635955792,25.0
relax_002.csv,relax_002,35,1000,1050,4.0,relax,0,2.75972408309079,3.2321493269652097,29.0,218.97160311476958,28.0
relax_002.csv,relax_002,36,1025,1075,4.1,relax,0,2.554950387585267,3.015267743663159,28.0,205.3160703571382,26.0
relax_002.csv,relax_002,37,1050,1100,4.2,relax,0,2.4333057585274536,3.0179428354021702,30.0,203.50980761450396,25.0
relax_002.csv,relax_002,38,1075,1125,4.3,relax,0,2.759970314373583,3.423703375597909,32.0,237.47209068312333,25.0
relax_002.csv,relax_002,39,1100,1150,4.4,relax,0,2.8466067037598237,3.4604439272988543,29.0,232.53520987435542,26.0
relax_002.csv,relax_002,40,1125,1175,4.5,relax,0,2.86771710374769,3.529006467096856,28.0,235.84905974412584,25.0
relax_002.csv,relax_002,41,1150,1200,4.6,relax,0,3.1288556877768126,4.059625663559607,24.0,241.5781671183822,22.0
relax_002.csv,relax_002,42,1175,1225,4.7,relax,0,3.786509881004238,4.808774690114068,27.0,304.2793346274369,27.0
relax_002.csv,relax_002,43,1200,1250,4.8,relax,0,3.8923646080458827,4.631348098193687,32.0,318.13166442277026,29.0
relax_003.csv,relax_003,0,125,175,0.5,relax,0,4.089614195911332,4.863561833435145,26.0,306.8695172219458,28.0
relax_003.csv,relax_003,1,150,200,0.6,relax,0,3.242469891192229,3.9084519989814632,29.0,251.58039605095655,26.0
relax_003.csv,relax_003,2,175,225,0.7,relax,0,3.794638553889397,4.806080454226781,31.0,300.30735536229514,26.0
relax_003.csv,relax_003,3,200,250,0.8,relax,0,4.20110449127655,5.266505735028703,29.0,347.2128696340422,27.0
relax_003.csv,relax_003,4,225,275,0.9,relax,0,2.9697387303429195,3.841787978269992,25.0,234.89275522242662,22.0
relax_003.csv,relax_003,5,250,300,1.0,relax,0,3.0391405335244905,3.732944989325793,29.0,248.4979518178916,25.0
relax_003.csv,relax_003,6,275,325,1.1,relax,0,3.2872402269559218,3.9136286786531844,28.0,259.01625660879614,27.0
relax_003.csv,relax_003,7,300,350,1.2,relax,0,4.0982803509289845,5.249891466595161,29.0,337.7993895041924,28.0
relax_003.csv,relax_003,8,325,375,1.3,relax,0,4.56919903126638,5.641052846839739,30.0,365.4730392721967,28.0
relax_003.csv,relax_003,9,350,400,1.4,relax,0,3.9642851025417376,4.627257155573392,29.0,309.0084733296422,29.0
relax_003.csv,relax_003,10,375,425,1.5,relax,0,3.082643145327927,3.873081481659717,25.0,246.33946025063082,25.0
relax_003.csv,relax_003,11,400,450,1.6,relax,0,3.0065622540583723,3.7392491045404,27.0,235.72328677388586,26.0
relax_003.csv,relax_003,12,425,475,1.7,relax,0,3.266372732324233,4.0433496828684685,28.0,255.39536386479065,26.0
relax_003.csv,relax_003,13,450,500,1.8,relax,0,3.6343373529350362,4.698429222070534,29.0,310.8377593856613,27.0
relax_003.csv,relax_003,14,475,525,1.9,relax,0,4.169504240252021,5.113977774965507,31.0,360.47510933509324,31.0
relax_003.csv,relax_003,15,500,550,2.0,relax,0,3.7724510115910688,4.567399832014236,31.0,311.15370426756914,29.0
relax_003.csv,relax_003,16,525,575,2.1,relax,0,3.708981068721877,4.58960535917516,29.0,294.1300087096347,28.0
relax_003.csv,relax_003,17,550,600,2.2,relax,0,3.767925382468073,4.773847839703087,29.0,294.3039759633406,27.0
relax_003.csv,relax_003,18,575,625,2.3,relax,0,3.6247445215686076,4.409112360144488,31.0,291.81048289817744,28.0
relax_003.csv,relax_003,19,600,650,2.4,relax,0,3.6740539190514614,4.365482518331386,28.0,304.5505541737452,29.0
relax_003.csv,relax_003,20,625,675,2.5,relax,0,4.066682679188155,4.8261909760585375,29.0,336.07398332932553,29.0
relax_003.csv,relax_003,21,650,700,2.6,relax,0,3.9958277388988996,4.709122843792391,30.0,321.65759024692755,28.0
relax_003.csv,relax_003,22,675,725,2.7,relax,0,3.3099032073637473,3.968118132413683,29.0,264.4622325449851,28.0
relax_003.csv,relax_003,23,700,750,2.8,relax,0,3.5343554383295634,4.147031357522818,29.0,286.0697343358461,29.0
relax_003.csv,relax_003,24,725,775,2.9,relax,0,3.69978257008061,4.396469177627151,30.0,310.82779305015623,30.0
relax_003.csv,relax_003,25,750,800,3.0,relax,0,3.5868560646819954,4.563029973070598,29.0,316.560427069961,28.0
relax_003.csv,relax_003,26,775,825,3.1,relax,0,4.046504085841187,4.9678849679499875,28.0,340.2617793316206,27.0
relax_003.csv,relax_003,27,800,850,3.2,relax,0,3.22689443700551,4.008480982155197,27.0,258.11996460024795,24.0
relax_003.csv,relax_003,28,825,875,3.3,relax,0,3.1440410663214,3.9719452744322155,28.0,248.88439197676348,26.0
relax_003.csv,relax_003,29,850,900,3.4,relax,0,3.3046152127351447,4.103873683773064,30.0,274.0548372600512,28.0
relax_003.csv,relax_003,30,875,925,3.5,relax,0,3.106741459808398,3.797553988580449,31.0,262.96165474934,28.0
relax_003.csv,relax_003,31,900,950,3.6,relax,0,3.3455331104157,3.940064829321966,30.0,268.27533715328593,29.0
relax_003.csv,relax_003,32,925,975,3.7,relax,0,3.070924494332374,3.5510015690423558,32.0,248.24723748448216,28.0
relax_003.csv,relax_003,33,950,1000,3.8,relax,0,3.279781076307438,3.916433908515518,31.0,273.7093315052691,29.0
relax_003.csv,relax_003,34,975,1025,3.9,relax,0,3.6495120677395816,4.4050579847819336,28.0,293.7573936348208,29.0
relax_003.csv,relax_003,35,1000,1050,4.0,relax,0,3.103124148293373,3.9812883268521464,26.0,248.70811371038585,24.0
relax_003.csv,relax_003,36,1025,1075,4.1,relax,0,2.84006246098983,3.495125416458873,26.0,218.42373573036699,26.0
relax_003.csv,relax_003,37,1050,1100,4.2,relax,0,4.447153295597278,5.417514092046128,30.0,359.4231392414038,31.0
relax_003.csv,relax_003,38,1075,1125,4.3,relax,0,5.35846293865159,6.457318564379087,29.0,441.5923396026556,29.0
relax_003.csv,relax_003,39,1100,1150,4.4,relax,0,4.2218505391299574,5.188132622687995,28.0,342.4989671713979,27.0
relax_003.csv,relax_003,40,1125,1175,4.5,relax,0,3.195330854047016,4.159947434546708,25.0,257.6219846539185,23.0
relax_003.csv,relax_003,41,1150,1200,4.6,relax,0,3.1921856416752563,4.1827327673314585,27.0,261.12686112358153,26.0
relax_003.csv,relax_003,42,1175,1225,4.7,relax,0,3.1744085358499166,3.8705529682852196,28.0,257.7233520463761,29.0
relax_003.csv,relax_003,43,1200,1250,4.8,relax,0,2.5938060473651285,3.2963455266836896,24.0,211.23641641713576,23.0
relax_004.csv,relax_004,0,125,175,0.5,relax,0,2.9256076007623495,3.5623518816050566,27.0,229.78028673600045,26.0
relax_004.csv,relax_004,1,150,200,0.6,relax,0,3.7397919205841124,4.532170945077397,27.0,295.69769007401317,29.0
relax_004.csv,relax_004,2,175,225,0.7,relax,0,3.976918874970947,4.77952370788515,30.0,322.7108436475783,29.0
relax_004.csv,relax_004,3,200,250,0.8,relax,0,2.876918043476025,3.520400669854816,30.0,243.5353660903958,27.0
relax_004.csv,relax_004,4,225,275,0.9,relax,0,3.08551678081739,3.7875724925463214,29.0,253.23526446193145,26.0
relax_004.csv,relax_004,5,250,300,1.0,relax,0,2.7310742051749886,3.486832172470482,26.0,225.30043597779135,23.0
relax_004.csv,relax_004,6,275,325,1.1,relax,0,2.969529885431287,3.7519485803028254,28.0,239.20166295760043,23.0
relax_004.csv,relax_004,7,300,350,1.2,relax,0,3.6367433858344147,4.216920718396223,32.0,294.4728551338457,28.0
relax_004.csv,relax_004,8,325,375,1.3,relax,0,3.6314681151922725,4.406819296776711,30.0,289.13730378241456,27.0
relax_004.csv,relax_004,9,350,400,1.4,relax,0,3.428515061648946,4.287491875715172,28.0,269.6161757105415,26.0
relax_004.csv,relax_004,10,375,425,1.5,relax,0,3.1340499484109405,3.8449898047347473,31.0,260.50471170733664,26.0
relax_004.csv,relax_004,11,400,450,1.6,relax,0,3.252794457146605,3.9685147151092153,35.0,275.72284793408295,28.0
relax_004.csv,relax_004,12,425,475,1.7,relax,0,3.245812059937484,3.926952427858805,29.0,264.2711581900768,28.0
relax_004.csv,relax_004,13,450,500,1.8,relax,0,3.8256013364889863,4.422338491478707,29.0,308.41892254116556,29.0
relax_004.csv,relax_004,14,475,525,1.9,relax,0,3.6252311276211744,4.265303088465723,31.0,303.7731100469883,30.0
relax_004.csv,relax_004,15,500,550,2.0,relax,0,2.9717499130655374,3.658871113925107,29.0,238.45446044865068,27.0
relax_004.csv,relax_004,16,525,575,2.1,relax,0,3.356989961803669,4.1179970053549395,27.0,253.17976140791768,26.0
relax_004.csv,relax_004,17,550,600,2.2,relax,0,3.1232282621894876,3.8902570873637985,26.0,244.09519739874315,24.0
relax_004.csv,relax_004,18,575,625,2.3,relax,0,3.7558224160895732,4.667971478099429,27.0,311.2815475889945,27.0
relax_004.csv,relax_004,19,600,650,2.4,relax,0,4.362541054957525,5.245463177367096,30.0,367.62605858520345,27.0
relax_004.csv,relax_004,20,625,675,2.5,relax,0,3.549439942561648,4.499382251869452,28.0,292.17727687435155,25.0
relax_004.csv,relax_004,21,650,700,2.6,relax,0,4.076347198578204,4.958806827065556,30.0,323.0849701373293,28.0
relax_004.csv,relax_004,22,675,725,2.7,relax,0,4.574499645734688,5.428979442595194,30.0,353.77751754887873,28.0
relax_004.csv,relax_004,23,700,750,2.8,relax,0,4.565680648754139,5.535422460886848,28.0,361.7952315669096,28.0
relax_004.csv,relax_004,24,725,775,2.9,relax,0,3.509732683943186,4.443592018133944,29.0,275.29069741835065,25.0
relax_004.csv,relax_004,25,750,800,3.0,relax,0,3.5898221553919916,4.369413550052548,29.0,283.86420168614507,26.0
relax_004.csv,relax_004,26,775,825,3.1,relax,0,4.258310174369982,4.906092124584562,30.0,336.36926088512564,28.0
relax_004.csv,relax_004,27,800,850,3.2,relax,0,3.630851125075259,4.298907093012656,31.0,295.7231201008228,29.0
relax_004.csv,relax_004,28,825,875,3.3,relax,0,3.434608572540389,4.124288606082993,31.0,272.5535744121856,29.0
relax_004.csv,relax_004,29,850,900,3.4,relax,0,3.1741266394339243,3.7545164027270217,30.0,263.9694724816491,29.0
relax_004.csv,relax_004,30,875,925,3.5,relax,0,3.53411120304386,4.213463053843673,30.0,286.1538500087669,30.0
relax_004.csv,relax_004,31,900,950,3.6,relax,0,4.4669702532845665,5.366524412228303,29.0,361.5678868261368,29.0
relax_004.csv,relax_004,32,925,975,3.7,relax,0,3.510877636568312,4.5248716336270745,30.0,292.443218275438,25.0
relax_004.csv,relax_004,33,950,1000,3.8,relax,0,3.5080173065127207,4.3367446701178585,32.0,289.50547064603575,27.0
relax_004.csv,relax_004,34,975,1025,3.9,relax,0,3.098261910901474,4.129591539184742,29.0,261.3358874602603,21.0
relax_004.csv,relax_004,35,1000,1050,4.0,relax,0,3.188013088867631,4.269951979190814,29.0,266.1366245092935,21.0
relax_004.csv,relax_004,36,1025,1075,4.1,relax,0,4.613618854435867,5.481449111515951,30.0,368.4259737399969,30.0
relax_004.csv,relax_004,37,1050,1100,4.2,relax,0,3.9727592248445536,5.098497061440454,27.0,304.2326735407826,26.0
relax_004.csv,relax_004,38,1075,1125,4.3,relax,0,3.4159281317941645,4.327024756735775,28.0,259.676530150396,28.0
relax_004.csv,relax_004,39,1100,1150,4.4,relax,0,4.06193628122509,4.66125282555283,32.0,318.65712576518985,32.0
relax_004.csv,relax_004,40,1125,1175,4.5,relax,0,3.400141492562517,4.244472681258928,26.0,262.80018707434783,26.0
relax_004.csv,relax_004,41,1150,1200,4.6,relax,0,2.072601453463077,2.6404938209752813,25.0,168.43162139250862,22.0
relax_004.csv,relax_004,42,1175,1225,4.7,relax,0,2.170766533441114,2.700073949686146,29.0,184.40521185196582,24.0
relax_004.csv,relax_004,43,1200,1250,4.8,relax,0,3.2684501337232144,4.033925453960542,29.0,265.41172088481176,28.0
relax_005.csv,relax_005,0,125,175,0.5,relax,0,2.710412107809503,3.6259220481561814,27.0,211.7335838859502,21.0
relax_005.csv,relax_005,1,150,200,0.6,relax,0,3.0955073491931917,3.9393542524409346,28.0,256.7724781245335,25.0
relax_005.csv,relax_005,2,175,225,0.7,relax,0,3.8099932362519393,4.903119238968348,30.0,310.4648942191214,26.0
relax_005.csv,relax_005,3,200,250,0.8,relax,0,4.262305247865902,5.307460680076497,32.0,361.82762962181147,30.0
relax_005.csv,relax_005,4,225,275,0.9,relax,0,2.757458908951116,3.4818034534859224,30.0,238.88710987757284,25.0
relax_005.csv,relax_005,5,250,300,1.0,relax,0,2.676861486909922,3.266800023809365,29.0,221.66135233196988,23.0
relax_005.csv,relax_005,6,275,325,1.1,relax,0,3.8819875584023062,4.811680425112932,31.0,333.0269795942586,28.0
relax_005.csv,relax_005,7,300,350,1.2,relax,0,4.547636861528888,5.427486786610671,31.0,385.91446562289076,29.0
relax_005.csv,relax_005,8,325,375,1.3,relax,0,4.496427111469424,5.156893940666437,30.0,374.6597197333171,31.0
relax_005.csv,relax_005,9,350,400,1.4,relax,0,4.253924365295794,5.01747063388322,29.0,341.7177598703093,30.0
relax_005.csv,relax_005,10,375,425,1.5,relax,0,2.8628844471103374,3.82691367087834,27.0,233.36764100344374,23.0
relax_005.csv,relax_005,11,400,450,1.6,relax,0,2.791600267393625,3.6301026412024053,27.0,231.03966629186894,24.0
relax_005.csv,relax_005,12,425,475,1.7,relax,0,3.3638499434413025,4.0689919710441655,30.0,277.60954616478824,30.0
relax_005.csv,relax_005,13,450,500,1.8,relax,0,3.7361478926217533,4.45599114550741,32.0,309.4306667509135,31.0
relax_005.csv,relax_005,14,475,525,1.9,relax,0,4.361533056380343,5.286977616280966,31.0,348.931185672248,28.0
relax_005.csv,relax_005,15,500,550,2.0,relax,0,4.136399355086005,5.042039990858238,29.0,328.5445442366411,27.0
relax_005.csv,relax_005,16,525,575,2.1,relax,0,4.314539920902939,5.310771776611524,30.0,344.99270771272177,30.0
relax_005.csv,relax_005,17,550,600,2.2,relax,0,3.7881446287256164,4.834991321392098,33.0,302.01392719166995,31.0
relax_005.csv,relax_005,18,575,625,2.3,relax,0,3.218944881669081,3.776213865201876,31.0,256.2802284005453,30.0
relax_005.csv,relax_005,19,600,650,2.4,relax,0,2.9049180971217847,3.5913012836558154,28.0,232.03216368880203,26.0
relax_005.csv,relax_005,20,625,675,2.5,relax,0,3.465568281787508,4.31788555736509,29.0,289.3181501820905,27.0
relax_005.csv,relax_005,21,650,700,2.6,relax,0,4.018142270253513,4.853275405442092,32.0,335.4093550112755,30.0
relax_005.csv,relax_005,22,675,725,2.7,relax,0,3.4659394712632885,4.353026993211752,30.0,286.90914352211433,28.0
relax_005.csv,relax_005,23,700,750,2.8,relax,0,3.2860454564393358,4.035003311414317,29.0,263.68592260527265,27.0
relax_005.csv,relax_005,24,725,775,2.9,relax,0,3.212496286510903,3.781788776509367,29.0,262.7377670748507,28.0
relax_005.csv,relax_005,25,750,800,3.0,relax,0,2.28029918062544,2.9181748758116903,29.0,186.47608232137878,18.0
relax_005.csv,relax_005,26,775,825,3.1,relax,0,1.456019272111205,1.8107337143735787,28.0,118.26028062096042,11.0
relax_005.csv,relax_005,27,800,850,3.2,relax,0,1.5798936519130737,2.0216648155761434,26.0,127.22132582974146,14.0
relax_005.csv,relax_005,28,825,875,3.3,relax,0,2.5962762508737187,3.409204745682605,26.0,206.1705065443176,19.0
relax_005.csv,relax_005,29,850,900,3.4,relax,0,3.443492677675404,4.215044907795169,28.0,278.77366611382274,25.0
relax_005.csv,relax_005,30,875,925,3.5,relax,0,2.565968712077628,3.2852466978125245,29.0,202.08833661383616,25.0
relax_005.csv,relax_005,31,900,950,3.6,relax,0,2.7225800629684307,3.4896485331819473,28.0,212.84970369534608,25.0
relax_005.csv,relax_005,32,925,975,3.7,relax,0,5.294166149277882,6.3979898666054416,29.0,444.23777064711953,29.0
relax_005.csv,relax_005,33,950,1000,3.8,relax,0,5.910881080228867,6.87437265198242,31.0,506.049805938237,31.0
relax_005.csv,relax_005,34,975,1025,3.9,relax,0,4.158575884665583,4.894638080745235,29.0,338.9889221353038,29.0
relax_005.csv,relax_005,35,1000,1050,4.0,relax,0,3.3690469857122083,3.899057929810593,29.0,260.727932588019,28.0
relax_005.csv,relax_005,36,1025,1075,4.1,relax,0,2.6967894630362794,3.3855494573236364,26.0,209.957794510539,22.0
relax_005.csv,relax_005,37,1050,1100,4.2,relax,0,3.6946767421374274,4.597266960580626,27.0,286.5760763072367,24.0
relax_005.csv,relax_005,38,1075,1125,4.3,relax,0,4.00388506700179,4.711789167597996,32.0,327.03101062848145,31.0
relax_005.csv,relax_005,39,1100,1150,4.4,relax,0,3.0056424255679985,3.505280154905089,32.0,242.55414883265667,30.0
relax_005.csv,relax_005,40,1125,1175,4.5,relax,0,3.19136743119426,3.826059077017334,29.0,265.10541162213923,27.0
relax_005.csv,relax_005,41,1150,1200,4.6,relax,0,3.325744857816082,4.125074079925245,27.0,268.8954286980037,24.0
relax_005.csv,relax_005,42,1175,1225,4.7,relax,0,4.519162770763887,5.673180293714663,27.0,371.82680995515256,29.0
relax_005.csv,relax_005,43,1200,1250,4.8,relax,0,4.760825763895728,5.764156256912901,30.0,388.9615793969909,30.0
relax_006.csv,relax_006,0,125,175,0.5,relax,0,4.5582525410318855,5.242977073090874,30.0,359.7543820115377,30.0
relax_006.csv,relax_006,1,150,200,0.6,relax,0,4.326922924460856,5.145902581157069,30.0,341.39552256975566,29.0
relax_006.csv,relax_006,2,175,225,0.7,relax,0,3.146466199038606,3.9489531047215287,29.0,261.32471208652373,26.0
relax_006.csv,relax_006,3,200,250,0.8,relax,0,3.4415891414662054,4.364976161092036,29.0,288.8327234763567,28.0
relax_006.csv,relax_006,4,225,275,0.9,relax,0,2.9186892568169145,3.770744694173439,29.0,245.56473826947826,27.0
relax_006.csv,relax_006,5,250,300,1.0,relax,0,2.017369707865061,2.6728256657484426,25.0,166.41216051894241,19.0
relax_006.csv,relax_006,6,275,325,1.1,relax,0,2.0047897905426337,2.555133675368048,26.0,165.75848099694898,19.0
relax_006.csv,relax_006,7,300,350,1.2,relax,0,2.3541878551955637,2.898227440178032,29.0,194.75947978770344,23.0
relax_006.csv,relax_006,8,325,375,1.3,relax,0,2.4650675381477063,3.105174224686008,27.0,200.74327155257674,23.0
relax_006.csv,relax_006,9,350,400,1.4,relax,0,3.8564739424027845,4.879970706769955,30.0,319.8479778124553,27.0
relax_006.csv,relax_006,10,375,425,1.5,relax,0,4.848986820482197,5.709377604907599,30.0,404.85021401666387,30.0
relax_006.csv,relax_006,11,400,450,1.6,relax,0,4.06371632748567,4.8471103491872185,30.0,337.62011332937857,27.0
relax_006.csv,relax_006,12,425,475,1.7,relax,0,3.5752454672709457,4.215941568515048,31.0,296.2688005622538,29.0
relax_006.csv,relax_006,13,450,500,1.8,relax,0,3.557034326068483,4.284719305010498,30.0,297.05728490475883,31.0
relax_006.csv,relax_006,14,475,525,1.9,relax,0,2.9063951698841266,3.7704097498147835,29.0,236.5818505996149,24.0
relax_006.csv,relax_006,15,500,550,2.0,relax,0,3.79936614677954,4.911133272317674,31.0,318.38626290632186,26.0
relax_006.csv,relax_006,16,525,575,2.1,relax,0,4.248984159873211,5.329279588670763,28.0,338.4877119977122,26.0
relax_006.csv,relax_006,17,550,600,2.2,relax,0,2.696940757093165,3.4395636421249676,27.0,210.91509080646057,25.0
relax_006.csv,relax_006,18,575,625,2.3,relax,0,3.9010120121020107,4.832141347279421,31.0,318.1151724932821,29.0
relax_006.csv,relax_006,19,600,650,2.4,relax,0,4.222828351213027,5.222465889623665,30.0,341.849501523897,27.0
relax_006.csv,relax_006,20,625,675,2.5,relax,0,3.2770854262660247,4.091995081005344,30.0,270.16787157321716,26.0
relax_006.csv,relax_006,21,650,700,2.6,relax,0,3.597715318112827,4.243941895825603,31.0,294.018114131706,30.0
relax_006.csv,relax_006,22,675,725,2.7,relax,0,3.7198357751708535,4.262416400696228,32.0,306.0666235679721,32.0
relax_006.csv,relax_006,23,700,750,2.8,relax,0,3.532812408233058,4.256064740267769,30.0,303.1393350777438,28.0
relax_006.csv,relax_006,24,725,775,2.9,relax,0,4.1567438173317255,5.322097445653938,28.0,358.16417492955367,27.0
relax_006.csv,relax_006,25,750,800,3.0,relax,0,3.985264016056633,5.072865661555223,30.0,342.13912678087644,31.0
relax_006.csv,relax_006,26,775,825,3.1,relax,0,3.746171432779712,4.456008229748337,31.0,315.883966437865,31.0
relax_006.csv,relax_006,27,800,850,3.2,relax,0,3.45968928464726,4.299904909749484,26.0,287.5290715640702,26.0
relax_006.csv,relax_006,28,825,875,3.3,relax,0,4.093395622172938,5.261162849377779,26.0,320.73329639264847,25.0
relax_006.csv,relax_006,29,850,900,3.4,relax,0,4.52610179216184,5.47090574880373,29.0,361.1622749971298,29.0
relax_006.csv,relax_006,30,875,925,3.5,relax,0,4.479858908122189,5.364571058279264,29.0,374.93041144852646,29.0
relax_006.csv,relax_006,31,900,950,3.6,relax,0,3.9918167287520925,5.0822257186809265,29.0,339.58153756487036,26.0
relax_006.csv,relax_006,32,925,975,3.7,relax,0,3.8315642778696906,4.803391342923302,30.0,326.4782324681908,26.0
relax_006.csv,relax_006,33,950,1000,3.8,relax,0,5.002441723194648,6.1487329948207075,28.0,428.8589861649389,28.0
relax_006.csv,relax_006,34,975,1025,3.9,relax,0,4.4313790581528485,5.542282676900062,28.0,367.0998969918459,27.0
relax_006.csv,relax_006,35,1000,1050,4.0,relax,0,3.4297811154507274,4.1017757776553845,30.0,280.0812922481378,29.0
relax_006.csv,relax_006,36,1025,1075,4.1,relax,0,3.134718738466235,3.9454478384642546,30.0,256.8407512639441,28.0
relax_006.csv,relax_006,37,1050,1100,4.2,relax,0,3.5966464872565727,4.467201958692745,30.0,289.4444415777721,27.0
relax_006.csv,relax_006,38,1075,1125,4.3,relax,0,4.018510588770756,4.721096788406915,30.0,330.5801648057388,29.0
relax_006.csv,relax_006,39,1100,1150,4.4,relax,0,4.012819796322551,4.574330201499156,30.0,326.8669742715087,31.0
relax_006.csv,relax_006,40,1125,1175,4.5,relax,0,3.6576176583832027,4.478065829739511,29.0,311.45256312675065,29.0
relax_006.csv,relax_006,41,1150,1200,4.6,relax,0,3.505772248927201,4.455233399048435,32.0,315.70114552808775,30.0
relax_006.csv,relax_006,42,1175,1225,4.7,relax,0,4.395709285294949,5.541821270914326,33.0,389.11465381690164,33.0
relax_006.csv,relax_006,43,1200,1250,4.8,relax,0,5.26386054448207,6.475439412998871,31.0,483.9130052322493,32.0
relax_007.csv,relax_007,0,125,175,0.5,relax,0,2.879078090874083,3.776814988358408,30.0,229.20228089751026,23.0
relax_007.csv,relax_007,1,150,200,0.6,relax,0,3.289485712258424,4.167970150243089,31.0,272.96231522883204,26.0
relax_007.csv,relax_007,2,175,225,0.7,relax,0,3.41240419109904,4.066852770833699,31.0,274.38677262163185,28.0
relax_007.csv,relax_007,3,200,250,0.8,relax,0,3.055890251208476,3.681981555655021,31.0,250.79460626721487,26.0
relax_007.csv,relax_007,4,225,275,0.9,relax,0,3.864000967766413,4.708694754595582,31.0,310.8521794489604,26.0
relax_007.csv,relax_007,5,250,300,1.0,relax,0,3.738984936896969,4.606149576586347,29.0,299.9498699255042,27.0
relax_007.csv,relax_007,6,275,325,1.1,relax,0,2.3576823488044862,2.9230599670046975,30.0,203.8666367529072,24.0
relax_007.csv,relax_007,7,300,350,1.2,relax,0,3.0334757928081753,3.7286340755927676,30.0,255.80870030992816,26.0
relax_007.csv,relax_007,8,325,375,1.3,relax,0,2.952983424341358,3.6496007594648585,27.0,231.02274509973745,24.0
relax_007.csv,relax_007,9,350,400,1.4,relax,0,2.8930078181360064,3.6518950598459803,28.0,242.56961708429878,26.0
relax_007.csv,relax_007,10,375,425,1.5,relax,0,3.4028757469442272,4.349701804246016,28.0,283.6853330066205,25.0
relax_007.csv,relax_007,11,400,450,1.6,relax,0,3.3179027242242567,4.059843079120796,31.0,276.5859796065595,28.0
relax_007.csv,relax_007,12,425,475,1.7,relax,0,3.1412545106956173,3.8516674617402145,28.0,260.47895872433537,28.0
relax_007.csv,relax_007,13,450,500,1.8,relax,0,3.259445146082407,4.1084422789741435,29.0,282.2094009309087,26.0
relax_007.csv,relax_007,14,475,525,1.9,relax,0,3.1299969534970518,3.799888326904564,29.0,271.8217495330233,29.0
relax_007.csv,relax_007,15,500,550,2.0,relax,0,2.7340736573875115,3.3645948418669005,28.0,223.38035146988847,27.0
relax_007.csv,relax_007,16,525,575,2.1,relax,0,3.1563850170641365,3.8554204272203423,28.0,251.33620153856057,27.0
relax_007.csv,relax_007,17,550,600,2.2,relax,0,4.4312888169675215,5.367568271555691,29.0,367.1250697675487,30.0
relax_007.csv,relax_007,18,575,625,2.3,relax,0,4.748977097750651,5.68108183926246,31.0,393.9449064742396,30.0
relax_007.csv,relax_007,19,600,650,2.4,relax,0,4.120584773259397,5.028645964169929,29.0,340.25046775750627,27.0
relax_007.csv,relax_007,20,625,675,2.5,relax,0,4.1845156932739265,5.049513989165837,29.0,330.14889854256984,28.0
relax_007.csv,relax_007,21,650,700,2.6,relax,0,3.741217153154923,4.584073119034972,30.0,290.4652338202664,28.0
relax_007.csv,relax_007,22,675,725,2.7,relax,0,3.702161838742337,4.49531049173845,31.0,298.0993338789616,28.0
relax_007.csv,relax_007,23,700,750,2.8,relax,0,4.157792550967739,5.120026336841517,29.0,317.3998896217276,29.0
relax_007.csv,relax_007,24,725,775,2.9,relax,0,5.204382872339988,6.398819861656521,29.0,420.75002761936867,29.0
relax_007.csv,relax_007,25,750,800,3.0,relax,0,4.553149325551283,5.6634406376133315,31.0,365.6362173442387,29.0
relax_007.csv,relax_007,26,775,825,3.1,relax,0,3.1172666032058465,3.7646760508831387,28.0,249.62782720106657,27.0
relax_007.csv,relax_007,27,800,850,3.2,relax,0,2.7950659492606764,3.470587480359626,27.0,232.91521743455522,27.0
relax_007.csv,relax_007,28,825,875,3.3,relax,0,3.1594462607090814,3.9432065109210876,28.0,267.8279614281173,29.0
relax_007.csv,relax_007,29,850,900,3.4,relax,0,5.148841337725553,5.983735063748853,30.0,423.32970466364463,31.0
relax_007.csv,relax_007,30,875,925,3.5,relax,0,5.394614619297334,6.170819697399756,31.0,440.82168587999496,32.0
relax_007.csv,relax_007,31,900,950,3.6,relax,0,4.8191740370923775,5.773701071969039,32.0,396.11865886796807,31.0
relax_007.csv,relax_007,32,925,975,3.7,relax,0,4.244182046138128,5.337057229713869,30.0,350.59365716361043,28.0
relax_007.csv,relax_007,33,950,1000,3.8,relax,0,3.3069927327248694,4.1957315208219015,27.0,262.95168272356733,25.0
relax_007.csv,relax_007,34,975,1025,3.9,relax,0,3.4568837437913698,4.1934840521561485,28.0,282.2653725974739,28.0
relax_007.csv,relax_007,35,1000,1050,4.0,relax,0,3.749415009665481,4.377484400552706,32.0,309.57813592601775,30.0
relax_007.csv,relax_007,36,1025,1075,4.1,relax,0,3.959728030966579,4.565296794175866,32.0,330.2243519299354,31.0
relax_007.csv,relax_007,37,1050,1100,4.2,relax,0,4.509064800282737,5.149763436707934,31.0,368.70988594961307,32.0
relax_007.csv,relax_007,38,1075,1125,4.3,relax,0,4.08863363103081,4.754081943541641,31.0,334.0047652075782,32.0
relax_007.csv,relax_007,39,1100,1150,4.4,relax,0,3.531356769439476,4.06101422888862,32.0,301.2236899672933,33.0
relax_007.csv,relax_007,40,1125,1175,4.5,relax,0,3.632974966479738,4.243929480874648,32.0,307.2701373637399,32.0
relax_007.csv,relax_007,41,1150,1200,4.6,relax,0,3.3224893514515066,3.8698672436694874,31.0,272.09548119137156,31.0
relax_007.csv,relax_007,42,1175,1225,4.7,relax,0,4.179659291820721,4.96417588932058,31.0,337.11170336105727,32.0
relax_007.csv,relax_007,43,1200,1250,4.8,relax,0,5.131410974320577,5.982260555258444,30.0,413.01605888253204,31.0
relax_008.csv,relax_008,0,125,175,0.5,relax,0,4.48613357221826,5.401873264842609,29.0,347.43736944756887,28.0
relax_008.csv,relax_008,1,150,200,0.6,relax,0,4.5401460773428015,5.414139307012204,31.0,375.9237818785699,32.0
relax_008.csv,relax_008,2,175,225,0.7,relax,0,3.487173073336948,4.3298190729713015,31.0,305.3509381309118,30.0
relax_008.csv,relax_008,3,200,250,0.8,relax,0,2.7461014407996895,3.650259402688772,29.0,240.8198271604173,25.0
relax_008.csv,relax_008,4,225,275,0.9,relax,0,2.8471896344785916,3.7520633133057744,30.0,236.2876905987515,25.0
relax_008.csv,relax_008,5,250,300,1.0,relax,0,3.2921145001854204,4.117056225346617,32.0,275.5952944501666,31.0
relax_008.csv,relax_008,6,275,325,1.1,relax,0,3.3019993563114554,3.9080736692743403,32.0,268.72162197290254,31.0
relax_008.csv,relax_008,7,300,350,1.2,relax,0,4.891562433687002,6.005913098185491,31.0,408.68146093565787,31.0
relax_008.csv,relax_008,8,325,375,1.3,relax,0,5.738401597427148,6.792538280994156,31.0,468.2304242334948,32.0
relax_008.csv,relax_008,9,350,400,1.4,relax,0,4.584386872280981,5.51595944311588,29.0,370.7829807000557,30.0
relax_008.csv,relax_008,10,375,425,1.5,relax,0,3.2951258276670923,4.185663659574853,30.0,286.5526294007983,27.0
relax_008.csv,relax_008,11,400,450,1.6,relax,0,3.330504026818037,4.2310563927908165,30.0,266.0436033958108,26.0
relax_008.csv,relax_008,12,425,475,1.7,relax,0,4.03914945995688,4.734813776195834,31.0,320.06195691914115,31.0
relax_008.csv,relax_008,13,450,500,1.8,relax,0,3.2406615113653383,3.793942440176199,32.0,258.46702836064014,29.0
relax_008.csv,relax_008,14,475,525,1.9,relax,0,2.9633854939066,3.5302669137747302,32.0,240.62365074887057,29.0
relax_008.csv,relax_008,15,500,550,2.0,relax,0,3.9132375648021114,4.617921425872773,32.0,312.92399278862774,30.0
relax_008.csv,relax_008,16,525,575,2.1,relax,0,3.6040299398322717,4.33262771583491,30.0,284.62413422519865,29.0
relax_008.csv,relax_008,17,550,600,2.2,relax,0,2.5491457086171123,3.1504979360008805,29.0,210.803659975681,24.0
relax_008.csv,relax_008,18,575,625,2.3,relax,0,2.7557646555914346,3.385793012174145,30.0,233.83864747065292,26.0
relax_008.csv,relax_008,19,600,650,2.4,relax,0,3.025000328907353,3.5247108363943283,31.0,244.11238859925624,30.0
relax_008.csv,relax_008,20,625,675,2.5,relax,0,3.242965206860345,3.742092435311331,32.0,274.6349844563138,31.0
relax_008.csv,relax_008,21,650,700,2.6,relax,0,3.6801045332775226,4.302092712036528,32.0,304.04340048937803,30.0
relax_008.csv,relax_008,22,675,725,2.7,relax,0,4.2440668582659145,5.17152678465743,30.0,341.45432808912733,27.0
relax_008.csv,relax_008,23,700,750,2.8,relax,0,4.163036127251478,5.073165129776243,30.0,335.5063532040819,29.0
relax_008.csv,relax_008,24,725,775,2.9,relax,0,3.674429657125893,4.458556244842768,30.0,291.7705485834425,29.0
relax_008.csv,relax_008,25,750,800,3.0,relax,0,3.475892267136369,4.478027420773189,26.0,282.4065758243189,24.0
relax_008.csv,relax_008,26,775,825,3.1,relax,0,2.9936137336052098,3.8073345760220727,29.0,255.34102562165117,26.0
relax_008.csv,relax_008,27,800,850,3.2,relax,0,3.436487895533692,4.027919848314056,32.0,290.0392294232774,30.0
relax_008.csv,relax_008,28,825,875,3.3,relax,0,2.920716568272243,3.6208213409925127,29.0,237.91204259278624,26.0
relax_008.csv,relax_008,29,850,900,3.4,relax,0,2.264588734841664,2.778495571169333,29.0,189.79082052895228,24.0
relax_008.csv,relax_008,30,875,925,3.5,relax,0,3.3653188641666163,4.15816663118717,32.0,286.65572291429964,29.0
relax_008.csv,relax_008,31,900,950,3.6,relax,0,4.050167961906661,4.750071563224866,34.0,346.0413648593051,32.0
relax_008.csv,relax_008,32,925,975,3.7,relax,0,2.761415869409872,3.5118128696573376,32.0,233.96930530038765,22.0
relax_008.csv,relax_008,33,950,1000,3.8,relax,0,2.227114224055117,2.851905292662342,30.0,184.48288494406117,18.0
relax_008.csv,relax_008,34,975,1025,3.9,relax,0,2.447952219033832,2.9876872478000682,32.0,198.1851746076899,24.0
relax_008.csv,relax_008,35,1000,1050,4.0,relax,0,3.217217260074727,3.841171953047403,33.0,263.31411910466375,29.0
relax_008.csv,relax_008,36,1025,1075,4.1,relax,0,4.689450931108692,5.214899946751879,33.0,388.74226952681005,34.0
relax_008.csv,relax_008,37,1050,1100,4.2,relax,0,3.5159105951928633,4.300953865250754,33.0,295.4774273240483,29.0
relax_008.csv,relax_008,38,1075,1125,4.3,relax,0,3.024118886386168,3.6503056062955044,32.0,256.3532687966447,29.0
relax_008.csv,relax_008,39,1100,1150,4.4,relax,0,3.807954681819808,4.424640234742287,33.0,329.5860166821509,34.0
relax_008.csv,relax_008,40,1125,1175,4.5,relax,0,3.7710485335392225,4.512337742046266,32.0,318.0905383704656,33.0
relax_008.csv,relax_008,41,1150,1200,4.6,relax,0,3.389063526326173,4.089507749456361,33.0,288.2620225279277,30.0
relax_008.csv,relax_008,42,1175,1225,4.7,relax,0,3.9000406139682036,4.562443334220039,31.0,321.1456887215031,30.0
relax_008.csv,relax_008,43,1200,1250,4.8,relax,0,3.30186935778675,4.128709699453572,29.0,269.1096990554327,27.0
relax_009.csv,relax_009,0,125,175,0.5,relax,0,3.47122714144749,4.22929797554907,26.0,272.80651551650465,25.0
relax_009.csv,relax_009,1,150,200,0.6,relax,0,3.7089004846322435,4.323636110070895,31.0,307.57665749429077,31.0
relax_009.csv,relax_009,2,175,225,0.7,relax,0,2.795483683568333,3.4006324463491735,30.0,227.06934052941438,23.0
relax_009.csv,relax_009,3,200,250,0.8,relax,0,2.2594316060044073,2.786853642992142,28.0,195.29705851699572,21.0
relax_009.csv,relax_009,4,225,275,0.9,relax,0,2.6475533644108227,3.0756207149997183,29.0,220.97228498703927,29.0
relax_009.csv,relax_009,5,250,300,1.0,relax,0,2.527336115251466,2.9458268361574573,30.0,212.87875274982156,28.0
relax_009.csv,relax_009,6,275,325,1.1,relax,0,2.6306895183413017,3.084227063044244,29.0,217.16866505899395,27.0
relax_009.csv,relax_009,7,300,350,1.2,relax,0,3.6497411421040953,4.554152817616114,31.0,305.5035304408469,31.0
relax_009.csv,relax_009,8,325,375,1.3,relax,0,3.856473120867692,4.738869618364129,32.0,327.3642450108811,31.0
relax_009.csv,relax_009,9,350,400,1.4,relax,0,3.0473588307455106,3.6218684695355257,33.0,260.1103391602521,32.0
relax_009.csv,relax_009,10,375,425,1.5,relax,0,3.5322917183549127,4.111292616290064,33.0,300.0173229613036,32.0
relax_009.csv,relax_009,11,400,450,1.6,relax,0,3.8520976191313836,4.254228361436296,34.0,328.96356382838053,35.0
relax_009.csv,relax_009,12,425,475,1.7,relax,0,3.149434736334807,3.6632446261761915,30.0,259.01525507582767,28.0
relax_009.csv,relax_009,13,450,500,1.8,relax,0,3.1704947160108303,3.7864950541351794,30.0,270.058815837739,29.0
relax_009.csv,relax_009,14,475,525,1.9,relax,0,3.955149014379192,4.650186864409741,31.0,334.777214054695,32.0
relax_009.csv,relax_009,15,500,550,2.0,relax,0,3.8140070821413827,4.474730802442372,31.0,314.4377567150958,31.0
relax_009.csv,relax_009,16,525,575,2.1,relax,0,5.009524748847131,5.925656748094068,31.0,395.1781984256502,31.0
relax_009.csv,relax_009,17,550,600,2.2,relax,0,4.943668812247862,6.024077814616861,31.0,411.63698031689665,31.0
relax_009.csv,relax_009,18,575,625,2.3,relax,0,3.9008590345972927,4.609609380446086,33.0,337.56286752236156,32.0
relax_009.csv,relax_009,19,600,650,2.4,relax,0,4.1250909650832845,4.685985713482313,33.0,352.3910077436719,33.0
relax_009.csv,relax_009,20,625,675,2.5,relax,0,2.953533584415749,3.6323232412338897,30.0,236.90132682832356,25.0
relax_009.csv,relax_009,21,650,700,2.6,relax,0,3.4376091510383593,4.3637840186046875,30.0,286.9504363725372,27.0
relax_009.csv,relax_009,22,675,725,2.7,relax,0,3.633668885852917,4.4151595829368455,32.0,302.96024074092685,31.0
relax_009.csv,relax_009,23,700,750,2.8,relax,0,2.764427506974527,3.2924050941612597,30.0,233.84870914752423,29.0
relax_009.csv,relax_009,24,725,775,2.9,relax,0,2.8360315242239413,3.5130903185525,31.0,230.33519741322291,25.0
relax_009.csv,relax_009,25,750,800,3.0,relax,0,3.1643997471801986,3.8249256504164526,32.0,260.3391467486317,26.0
relax_009.csv,relax_009,26,775,825,3.1,relax,0,3.0597531717269852,3.5903976216349243,33.0,260.2464010649612,30.0
relax_009.csv,relax_009,27,800,850,3.2,relax,0,2.967485239859833,3.48632721998928,32.0,255.6339554630308,30.0
relax_009.csv,relax_009,28,825,875,3.3,relax,0,3.519863809600652,4.2326867840949305,30.0,297.039082450834,30.0
relax_009.csv,relax_009,29,850,900,3.4,relax,0,3.7624977744242147,4.522518266814449,29.0,303.4861024499583,29.0
relax_009.csv,relax_009,30,875,925,3.5,relax,0,4.677452939936463,5.394168702257037,31.0,383.6022902837611,32.0
relax_009.csv,relax_009,31,900,950,3.6,relax,0,5.042327552876009,5.860774704314875,31.0,400.7511839875471,30.0
relax_009.csv,relax_009,32,925,975,3.7,relax,0,3.409777584120263,4.550529968616338,29.0,290.0641310170574,26.0
relax_009.csv,relax_009,33,950,1000,3.8,relax,0,2.523988260888538,3.196376997508132,30.0,204.71559087134497,27.0
relax_009.csv,relax_009,34,975,1025,3.9,relax,0,3.171008708688399,3.663052433484404,32.0,251.79694557894896,32.0
relax_009.csv,relax_009,35,1000,1050,4.0,relax,0,3.8461220942810046,4.39297573834543,32.0,315.8967034523283,33.0
relax_009.csv,relax_009,36,1025,1075,4.1,relax,0,3.8173548673755433,4.30972704543442,32.0,315.12472029243963,33.0
relax_009.csv,relax_009,37,1050,1100,4.2,relax,0,3.747973303140686,4.325155287609572,31.0,307.6385579888091,31.0
relax_009.csv,relax_009,38,1075,1125,4.3,relax,0,4.17068362049778,5.126288386267472,31.0,346.66657882631205,28.0
relax_009.csv,relax_009,39,1100,1150,4.4,relax,0,3.869776981329451,4.815789562260906,31.0,311.67801697097707,28.0
relax_009.csv,relax_009,40,1125,1175,4.5,relax,0,3.480216780875626,4.283274086101591,29.0,281.8404367347394,27.0
relax_009.csv,relax_009,41,1150,1200,4.6,relax,0,3.7748051792574175,4.6846828064099695,28.0,306.28908786988256,28.0
relax_009.csv,relax_009,42,1175,1225,4.7,relax,0,3.5361184353558777,4.2774259616693655,29.0,279.964096393952,30.0
relax_009.csv,relax_009,43,1200,1250,4.8,relax,0,2.8371258783718374,3.5611107926960464,27.0,222.2920760509834,24.0
relax_010.csv,relax_010,0,125,175,0.5,relax,0,2.827280964790167,3.2757408158511057,31.0,221.93121652357775,28.0
relax_010.csv,relax_010,1,150,200,0.6,relax,0,3.26616360155264,3.952489955518083,32.0,262.23621711513147,29.0
relax_010.csv,relax_010,2,175,225,0.7,relax,0,3.5381009514857014,4.186823308529418,34.0,297.04259101848265,32.0
relax_010.csv,relax_010,3,200,250,0.8,relax,0,3.5918678069645624,4.085598975078549,32.0,300.55243984158443,32.0
relax_010.csv,relax_010,4,225,275,0.9,relax,0,3.378913829892481,3.87289834488804,32.0,285.06596762716117,32.0
relax_010.csv,relax_010,5,250,300,1.0,relax,0,2.4669986418451857,2.912711382114027,31.0,206.50144846625858,27.0
relax_010.csv,relax_010,6,275,325,1.1,relax,0,3.381964273322964,4.070143759808128,32.0,275.3679261104761,29.0
relax_010.csv,relax_010,7,300,350,1.2,relax,0,3.829899846750873,4.540895527525025,31.0,311.79481925533355,32.0
relax_010.csv,relax_010,8,325,375,1.3,relax,0,3.929993127255344,4.6456413657143,30.0,310.89694243742,31.0
relax_010.csv,relax_010,9,350,400,1.4,relax,0,5.24169813093771,6.095749594464473,31.0,434.2847492653818,32.0
relax_010.csv,relax_010,10,375,425,1.5,relax,0,4.757240832432707,5.705051659577513,31.0,397.2270857718604,31.0
relax_010.csv,relax_010,11,400,450,1.6,relax,0,4.22544419784643,4.8887369027865235,32.0,358.49023284393013,33.0
relax_010.csv,relax_010,12,425,475,1.7,relax,0,3.767191380942239,4.526606048507683,32.0,310.53989986662987,30.0
relax_010.csv,relax_010,13,450,500,1.8,relax,0,3.383824429709729,3.981900685029279,32.0,287.96381820325695,29.0
relax_010.csv,relax_010,14,475,525,1.9,relax,0,4.217166098652208,4.802185597620983,34.0,367.22408622684594,34.0
relax_010.csv,relax_010,15,500,550,2.0,relax,0,3.7885772875185193,4.353041633932412,33.0,311.35340985323546,33.0
relax_010.csv,relax_010,16,525,575,2.1,relax,0,3.0048096119970955,3.497892004656813,33.0,254.34557453471683,31.0
relax_010.csv,relax_010,17,550,600,2.2,relax,0,4.348510488825728,5.349863050112384,31.0,369.315612786774,29.0
relax_010.csv,relax_010,18,575,625,2.3,relax,0,5.678773719746395,6.499298289488656,31.0,480.1931979167559,31.0
relax_010.csv,relax_010,19,600,650,2.4,relax,0,4.538757775081055,5.222929815531808,34.0,388.5704936593155,35.0
relax_010.csv,relax_010,20,625,675,2.5,relax,0,3.5560059752542856,3.975922636535029,32.0,283.558406194318,33.0
relax_010.csv,relax_010,21,650,700,2.6,relax,0,3.403797195448418,3.9664791493907394,33.0,285.8921385942628,32.0
relax_010.csv,relax_010,22,675,725,2.7,relax,0,3.2685827734911372,3.8675270566341133,34.0,273.24724975965233,31.0
relax_010.csv,relax_010,23,700,750,2.8,relax,0,3.2367138727095632,3.750987411293243,34.0,282.2364600404424,32.0
relax_010.csv,relax_010,24,725,775,2.9,relax,0,2.865865295876591,3.3935465602532537,32.0,234.84091313510353,29.0
relax_010.csv,relax_010,25,750,800,3.0,relax,0,3.2514028280553737,3.8508984366612427,33.0,266.9984263228015,28.0
relax_010.csv,relax_010,26,775,825,3.1,relax,0,3.9037847400931778,4.48020888423771,34.0,326.68359429437237,31.0
relax_010.csv,relax_010,27,800,850,3.2,relax,0,3.849774641856929,4.419854204763249,34.0,338.0880641036373,33.0
relax_010.csv,relax_010,28,825,875,3.3,relax,0,3.0515522508691446,3.6020523991969444,33.0,262.2203363560126,30.0
relax_010.csv,relax_010,29,850,900,3.4,relax,0,2.8266334096379055,3.342939617400079,33.0,244.90920106120643,29.0
relax_010.csv,relax_010,30,875,925,3.5,relax,0,3.0610695331827045,3.492432607898735,33.0,263.77495522646115,32.0
relax_010.csv,relax_010,31,900,950,3.6,relax,0,2.9656066987751366,3.4630153138712267,32.0,260.06660818943527,32.0
relax_010.csv,relax_010,32,925,975,3.7,relax,0,3.0426122516130976,3.7656391380630114,31.0,271.03607863804257,29.0
relax_010.csv,relax_010,33,950,1000,3.8,relax,0,3.593742322551358,4.432453067002021,32.0,320.16143083739803,30.0
relax_010.csv,relax_010,34,975,1025,3.9,relax,0,3.9191827410392803,4.789197460937458,32.0,342.1105134835134,31.0
relax_010.csv,relax_010,35,1000,1050,4.0,relax,0,3.459582992516556,4.246780221271779,32.0,304.09795680365926,32.0
relax_010.csv,relax_010,36,1025,1075,4.1,relax,0,3.807652158123526,4.422043239992171,33.0,331.44804180001836,33.0
relax_010.csv,relax_010,37,1050,1100,4.2,relax,0,3.8873643688281247,4.42128608338085,33.0,331.12018357545134,33.0
relax_010.csv,relax_010,38,1075,1125,4.3,relax,0,4.2679873814400935,5.397954084731136,33.0,371.53074848910916,33.0
relax_010.csv,relax_010,39,1100,1150,4.4,relax,0,3.933353320758284,5.212225885412531,32.0,350.37863243659046,31.0
relax_010.csv,relax_010,40,1125,1175,4.5,relax,0,3.697068798970077,4.315903382174601,31.0,304.57127037275797,30.0
relax_010.csv,relax_010,41,1150,1200,4.6,relax,0,3.64997534341853,4.292081414961582,32.0,309.71740317357586,29.0
relax_010.csv,relax_010,42,1175,1225,4.7,relax,0,3.4318175232770263,4.04695898541477,30.0,272.1362663677269,27.0
relax_010.csv,relax_010,43,1200,1250,4.8,relax,0,4.417105875964444,5.07718075907449,31.0,353.6707482800594,32.0
relax_011.csv,relax_011,0,125,175,0.5,relax,0,3.7663666536746176,4.559543737870461,31.0,298.78813460170517,30.0
relax_011.csv,relax_011,1,150,200,0.6,relax,0,3.3074711965238945,4.259741585918659,28.0,260.98544533080945,24.0
relax_011.csv,relax_011,2,175,225,0.7,relax,0,2.7899798744106032,3.5194458556807815,28.0,219.1079403798561,23.0
relax_011.csv,relax_011,3,200,250,0.8,relax,0,4.170315331957879,5.16300796644122,31.0,350.94923534251114,30.0
relax_011.csv,relax_011,4,225,275,0.9,relax,0,3.79814731701446,4.7705127046694775,31.0,330.0876505323291,32.0
relax_011.csv,relax_011,5,250,300,1.0,relax,0,2.9912240906638954,3.411309055277768,33.0,256.5173110944328,34.0
relax_011.csv,relax_011,6,275,325,1.1,relax,0,3.120940532798233,3.531841956325826,33.0,265.7826151703758,34.0
relax_011.csv,relax_011,7,300,350,1.2,relax,0,2.928908690915,3.4329154755832736,32.0,246.18061523150908,30.0
relax_011.csv,relax_011,8,325,375,1.3,relax,0,3.0053357623741594,3.6303059516449,30.0,240.2198249783382,28.0
relax_011.csv,relax_011,9,350,400,1.4,relax,0,4.155858659203792,5.01815801641914,32.0,350.0112315585921,32.0
relax_011.csv,relax_011,10,375,425,1.5,relax,0,3.5869016518409875,4.57386114005069,32.0,301.4600119517255,31.0
relax_011.csv,relax_011,11,400,450,1.6,relax,0,2.5742559744377003,2.9859418999638363,33.0,218.69648883071892,32.0
relax_011.csv,relax_011,12,425,475,1.7,relax,0,3.1304795393843663,3.4917004748514344,32.0,258.5473660432567,33.0
relax_011.csv,relax_011,13,450,500,1.8,relax,0,3.2352957061007976,3.6447476402488856,32.0,273.4673057061325,33.0
relax_011.csv,relax_011,14,475,525,1.9,relax,0,3.854155082749744,4.384423042607952,32.0,329.91957548508213,33.0
relax_011.csv,relax_011,15,500,550,2.0,relax,0,4.145521876959089,4.633551914712977,34.0,363.05219644891065,35.0
relax_011.csv,relax_011,16,525,575,2.1,relax,0,3.3891094831769384,3.8668987895181655,32.0,279.4114169354672,32.0
relax_011.csv,relax_011,17,550,600,2.2,relax,0,3.83203291978638,4.502110846283544,32.0,312.9967483050378,31.0
relax_011.csv,relax_011,18,575,625,2.3,relax,0,3.614102526141383,4.347846507743671,32.0,294.61472143571973,28.0
relax_011.csv,relax_011,19,600,650,2.4,relax,0,3.0735182439489996,3.732100638390526,31.0,253.77434962609226,28.0
relax_011.csv,relax_011,20,625,675,2.5,relax,0,3.068580495646413,3.8609931638686574,27.0,247.53156091588613,26.0
relax_011.csv,relax_011,21,650,700,2.6,relax,0,3.6259818280366236,4.511416155546766,27.0,288.45460980309787,26.0
relax_011.csv,relax_011,22,675,725,2.7,relax,0,4.177571829029271,4.900486962303123,31.0,338.7792118473498,31.0
relax_011.csv,relax_011,23,700,750,2.8,relax,0,4.126589254236344,4.752311576644855,30.0,329.6943235767545,31.0
relax_011.csv,relax_011,24,725,775,2.9,relax,0,3.0089558439712834,3.8815650321304074,26.0,236.4520249852321,22.0
relax_011.csv,relax_011,25,750,800,3.0,relax,0,2.114369795152702,2.860354831300353,23.0,174.6302137363706,19.0
relax_011.csv,relax_011,26,775,825,3.1,relax,0,2.977440344097461,3.7445084491962906,29.0,242.0340949653893,26.0
relax_011.csv,relax_011,27,800,850,3.2,relax,0,3.303353989356927,4.096120166707004,31.0,275.0773376334821,27.0
relax_011.csv,relax_011,28,825,875,3.3,relax,0,3.8079421236968245,4.588134416398947,32.0,316.92481312611017,30.0
relax_011.csv,relax_011,29,850,900,3.4,relax,0,3.604828248688977,4.3691489010030065,31.0,298.34217786069564,31.0
relax_011.csv,relax_011,30,875,925,3.5,relax,0,2.8694644501255535,3.7214069673841474,29.0,248.53973141798986,27.0
relax_011.csv,relax_011,31,900,950,3.6,relax,0,2.7483456656173577,3.5385419292548757,30.0,235.09565179422844,25.0
relax_011.csv,relax_011,32,925,975,3.7,relax,0,4.030589449943469,5.192634915388823,31.0,328.82441969957114,28.0
relax_011.csv,relax_011,33,950,1000,3.8,relax,0,4.687966133683554,5.625260249423487,31.0,375.7978706905393,30.0
relax_011.csv,relax_011,34,975,1025,3.9,relax,0,3.2409184559738993,3.8104902488898182,32.0,263.9743607949236,28.0
relax_011.csv,relax_011,35,1000,1050,4.0,relax,0,2.73072385043351,3.396428930949066,29.0,220.603693499769,25.0
relax_011.csv,relax_011,36,1025,1075,4.1,relax,0,3.5378968772614066,4.268255016861159,29.0,296.6271077078154,29.0
relax_011.csv,relax_011,37,1050,1100,4.2,relax,0,3.4792415699640884,4.267119073985565,28.0,292.0386529095954,29.0
relax_011.csv,relax_011,38,1075,1125,4.3,relax,0,2.695558176485189,3.5168593852282557,25.0,223.6301209873838,23.0
relax_011.csv,relax_011,39,1100,1150,4.4,relax,0,2.929249116017246,3.8254081731542398,28.0,249.9938102033379,23.0
relax_011.csv,relax_011,40,1125,1175,4.5,relax,0,3.106324068065648,3.854465333350736,30.0,262.4112739825956,28.0
relax_011.csv,relax_011,41,1150,1200,4.6,relax,0,2.917323387850008,3.549891862959745,31.0,237.97317763790392,29.0
relax_011.csv,relax_011,42,1175,1225,4.7,relax,0,3.54680924663547,4.326713960027165,32.0,317.12804782788504,30.0
relax_011.csv,relax_011,43,1200,1250,4.8,relax,0,3.4603756569072504,4.084535716262027,33.0,302.7421812300568,32.0
relax_012.csv,relax_012,0,125,175,0.5,relax,0,3.010938942885097,3.6673533844833917,34.0,257.69531565238276,30.0
relax_012.csv,relax_012,1,150,200,0.6,relax,0,2.615498818570738,3.058862021893586,34.0,227.43360966405234,32.0
relax_012.csv,relax_012,2,175,225,0.7,relax,0,3.5072959502550685,4.1252602011331,34.0,302.1752457296255,34.0
relax_012.csv,relax_012,3,200,250,0.8,relax,0,3.14451790447171,3.8597635347696184,32.0,273.17044092974567,30.0
relax_012.csv,relax_012,4,225,275,0.9,relax,0,1.841220095265417,2.3263837473057487,31.0,151.4498114978637,21.0
relax_012.csv,relax_012,5,250,300,1.0,relax,0,2.2659671147274913,2.7882769975740183,34.0,196.0789872518188,27.0
relax_012.csv,relax_012,6,275,325,1.1,relax,0,3.89745528062903,4.528738530757913,34.0,346.14536968210007,34.0
relax_012.csv,relax_012,7,300,350,1.2,relax,0,4.240406556390243,4.912348443082388,34.0,372.0585494623005,34.0
relax_012.csv,relax_012,8,325,375,1.3,relax,0,4.038242990398602,4.723451403006444,34.0,360.2083066055609,35.0
relax_012.csv,relax_012,9,350,400,1.4,relax,0,3.0668963595822283,3.868683367589788,32.0,272.8891624512624,30.0
relax_012.csv,relax_012,10,375,425,1.5,relax,0,2.414138661701594,2.85650197598176,32.0,211.6497068393435,29.0
relax_012.csv,relax_012,11,400,450,1.6,relax,0,3.4163030699937775,3.872358282834552,34.0,295.53757960938236,34.0
relax_012.csv,relax_012,12,425,475,1.7,relax,0,4.580139978143083,5.171826126492487,34.0,396.6135737184519,35.0
relax_012.csv,relax_012,13,450,500,1.8,relax,0,4.3421301875522955,4.927886615082032,34.0,370.41522093304377,35.0
relax_012.csv,relax_012,14,475,525,1.9,relax,0,3.596474792956069,4.031602906435524,33.0,296.7636184373684,34.0
relax_012.csv,relax_012,15,500,550,2.0,relax,0,3.8467234849056853,4.334095956786522,34.0,329.5535889061968,35.0
relax_012.csv,relax_012,16,525,575,2.1,relax,0,3.1360003040439026,3.742814240908982,30.0,262.3750430285721,27.0
relax_012.csv,relax_012,17,550,600,2.2,relax,0,3.871791009168982,4.723515635051427,31.0,336.8170629369019,28.0
relax_012.csv,relax_012,18,575,625,2.3,relax,0,4.520746000460978,5.135082565257806,34.0,395.129129324858,35.0
relax_012.csv,relax_012,19,600,650,2.4,relax,0,2.9901593051630613,3.520374504855189,34.0,258.79668418510585,31.0
relax_012.csv,relax_012,20,625,675,2.5,relax,0,2.640512876337724,3.1127672065147305,33.0,228.6771867413397,30.0
relax_012.csv,relax_012,21,650,700,2.6,relax,0,2.8871478570220948,3.3562334615576885,35.0,260.0103362892672,33.0
relax_012.csv,relax_012,22,675,725,2.7,relax,0,2.8736835583672344,3.3062818681735764,35.0,255.01783362838572,34.0
relax_012.csv,relax_012,23,700,750,2.8,relax,0,2.2761106093766483,2.7079559994622966,30.0,201.5499017100724,29.0
relax_012.csv,relax_012,24,725,775,2.9,relax,0,2.6015042462870483,3.2297926502258814,29.0,223.29514022743382,29.0
relax_012.csv,relax_012,25,750,800,3.0,relax,0,3.817356144386864,4.393747626015604,34.0,333.73908764444275,34.0
relax_012.csv,relax_012,26,775,825,3.1,relax,0,3.365105459627959,4.065768769773241,34.0,291.24851509211226,29.0
relax_012.csv,relax_012,27,800,850,3.2,relax,0,3.7729423390546377,4.620697901444928,34.0,329.23059296066526,30.0
relax_012.csv,relax_012,28,825,875,3.3,relax,0,4.705549913012265,5.308530980388573,35.0,412.5004532919801,34.0
relax_012.csv,relax_012,29,850,900,3.4,relax,0,3.6664713927622943,4.201125525803056,35.0,320.6523287969624,35.0
relax_012.csv,relax_012,30,875,925,3.5,relax,0,2.930851491373522,3.30390876512238,35.0,259.258893279513,34.0
relax_012.csv,relax_012,31,900,950,3.6,relax,0,2.47377885088325,2.9479586833389058,32.0,215.14380271998604,30.0
relax_012.csv,relax_012,32,925,975,3.7,relax,0,2.2824641497837366,2.724017979656725,33.0,204.60326938390293,31.0
relax_012.csv,relax_012,33,950,1000,3.8,relax,0,2.4123532644932135,2.809248850179932,34.0,209.641899524186,31.0
relax_012.csv,relax_012,34,975,1025,3.9,relax,0,2.914101025800869,3.4853714270704184,33.0,247.27108183198874,30.0
relax_012.csv,relax_012,35,1000,1050,4.0,relax,0,3.565593665958385,4.094254194999401,33.0,301.9282234424306,33.0
relax_012.csv,relax_012,36,1025,1075,4.1,relax,0,3.795250254116187,4.439203918245697,33.0,321.644496533882,33.0
relax_012.csv,relax_012,37,1050,1100,4.2,relax,0,3.218544243106387,3.9734302931854937,34.0,277.09171065778906,30.0
relax_012.csv,relax_012,38,1075,1125,4.3,relax,0,2.1666513430378362,2.696069698776934,28.0,186.19307385561999,24.0
relax_012.csv,relax_012,39,1100,1150,4.4,relax,0,2.404411100156493,2.8542148189314513,29.0,207.51448451515893,29.0
relax_012.csv,relax_012,40,1125,1175,4.5,relax,0,3.0139907186940063,3.40983820807961,35.0,271.0549239734764,36.0
relax_012.csv,relax_012,41,1150,1200,4.6,relax,0,2.088121581761465,2.70849740457208,27.0,188.73146184466052,21.0
relax_012.csv,relax_012,42,1175,1225,4.7,relax,0,1.8306465856999743,2.3508986006464485,27.0,160.77379822665856,20.0
relax_012.csv,relax_012,43,1200,1250,4.8,relax,0,2.7676649404113123,3.14446389426691,34.0,239.54049643803302,32.0
relax_013.csv,relax_013,0,125,175,0.5,relax,0,2.875398050871249,3.327855139047648,32.0,237.59734755078955,28.0
relax_013.csv,relax_013,1,150,200,0.6,relax,0,2.9328496353615354,3.33554559093021,35.0,251.7078360943339,32.0
relax_013.csv,relax_013,2,175,225,0.7,relax,0,3.352542048279127,3.8007311696506347,35.0,295.1913010317446,34.0
relax_013.csv,relax_013,3,200,250,0.8,relax,0,3.2043866498858695,3.5859906897877103,34.0,280.4301310448141,35.0
relax_013.csv,relax_013,4,225,275,0.9,relax,0,3.016657455468936,3.440866418183784,34.0,267.3262721449372,35.0
relax_013.csv,relax_013,5,250,300,1.0,relax,0,2.98883436398056,3.5332654619674093,31.0,261.14707863795957,29.0
relax_013.csv,relax_013,6,275,325,1.1,relax,0,2.9485438779975057,3.4400060317825316,32.0,251.33430033779555,28.0
relax_013.csv,relax_013,7,300,350,1.2,relax,0,2.430420638084164,2.8599154577127854,34.0,216.0569463727074,32.0
relax_013.csv,relax_013,8,325,375,1.3,relax,0,2.5114888361211682,2.9113682045757283,35.0,219.60591550588475,33.0
relax_013.csv,relax_013,9,350,400,1.4,relax,0,2.956226278339014,3.452054300619062,33.0,260.5410055942116,33.0
relax_013.csv,relax_013,10,375,425,1.5,relax,0,3.2112700406119994,3.747720291704956,33.0,279.6655022034735,33.0
relax_013.csv,relax_013,11,400,450,1.6,relax,0,3.471078490508049,4.0387326992963875,35.0,294.55621948312205,30.0
relax_013.csv,relax_013,12,425,475,1.7,relax,0,2.710091009819148,3.346341255626712,32.0,230.74260925988133,25.0
relax_013.csv,relax_013,13,450,500,1.8,relax,0,3.318863922173741,3.937196954722924,29.0,267.91042952667766,28.0
relax_013.csv,relax_013,14,475,525,1.9,relax,0,3.5061718127044803,4.067100194762131,32.0,290.80273608957395,31.0
relax_013.csv,relax_013,15,500,550,2.0,relax,0,3.1441184113334644,3.693940747593138,32.0,262.78662355095287,31.0
relax_013.csv,relax_013,16,525,575,2.1,relax,0,2.9180214308199743,3.504864977416279,32.0,246.2214632830715,29.0
relax_013.csv,relax_013,17,550,600,2.2,relax,0,3.0354575144745417,3.571486178756539,32.0,263.7402987549182,30.0
relax_013.csv,relax_013,18,575,625,2.3,relax,0,2.9300475765864995,3.4773206797044103,32.0,250.383006661549,29.0
relax_013.csv,relax_013,19,600,650,2.4,relax,0,2.3188953899698963,2.8939053280986897,30.0,188.2278370364072,24.0
relax_013.csv,relax_013,20,625,675,2.5,relax,0,2.8742450964553505,3.4697303767675063,31.0,234.20212428592723,28.0
relax_013.csv,relax_013,21,650,700,2.6,relax,0,2.62994044317166,3.1073806350769346,35.0,231.26669987271322,30.0
relax_013.csv,relax_013,22,675,725,2.7,relax,0,2.761559036042901,3.2208906868156566,35.0,238.32667151252463,31.0
relax_013.csv,relax_013,23,700,750,2.8,relax,0,3.6389299052840425,4.115562197404928,35.0,319.96318064721015,35.0
relax_013.csv,relax_013,24,725,775,2.9,relax,0,3.7715379681229177,4.306073445354008,34.0,327.21348994301314,34.0
relax_013.csv,relax_013,25,750,800,3.0,relax,0,3.990427872398352,4.538344945479211,34.0,346.7887625935656,35.0
relax_013.csv,relax_013,26,775,825,3.1,relax,0,3.6233753998421725,4.140810120881079,33.0,307.15519870689633,34.0
relax_013.csv,relax_013,27,800,850,3.2,relax,0,3.1301788603492575,3.529375973033958,34.0,272.32553733740326,35.0
relax_013.csv,relax_013,28,825,875,3.3,relax,0,3.363603706828765,3.767746613590052,34.0,286.7520917853285,35.0
relax_013.csv,relax_013,29,850,900,3.4,relax,0,3.4689998991060604,3.913234980447067,34.0,295.9685456819769,34.0
relax_013.csv,relax_013,30,875,925,3.5,relax,0,3.3982594224411273,3.8355177968763465,34.0,296.3509405011309,34.0
relax_013.csv,relax_013,31,900,950,3.6,relax,0,3.018377816901317,3.591810417633425,30.0,245.99987998643738,29.0
relax_013.csv,relax_013,32,925,975,3.7,relax,0,2.6998137089722336,3.342300826579944,28.0,213.90635039075823,24.0
relax_013.csv,relax_013,33,950,1000,3.8,relax,0,2.496783283076971,2.97245884315294,32.0,199.32051657938916,25.0
relax_013.csv,relax_013,34,975,1025,3.9,relax,0,2.8552075103972085,3.272254044285075,34.0,240.4883334226023,32.0
relax_013.csv,relax_013,35,1000,1050,4.0,relax,0,3.208733878223326,3.6334511130878573,34.0,282.8832456321125,35.0
relax_013.csv,relax_013,36,1025,1075,4.1,relax,0,2.8983053283091227,3.3270990775656246,34.0,250.96443566873228,34.0
relax_013.csv,relax_013,37,1050,1100,4.2,relax,0,2.794742989920836,3.1256881795983964,34.0,236.4672184647525,34.0
relax_013.csv,relax_013,38,1075,1125,4.3,relax,0,2.906139016094027,3.4083181582328392,34.0,255.154906471139,31.0
relax_013.csv,relax_013,39,1100,1150,4.4,relax,0,3.7300890354932625,4.434311889531633,34.0,335.05203678083626,32.0
relax_013.csv,relax_013,40,1125,1175,4.5,relax,0,3.473222431902214,4.190177620825901,34.0,313.95760814474943,32.0
relax_013.csv,relax_013,41,1150,1200,4.6,relax,0,2.833543579416873,3.34743209208981,34.0,252.22560074214428,32.0
relax_013.csv,relax_013,42,1175,1225,4.7,relax,0,3.4779300671899587,4.006111427537015,35.0,308.0615672846839,34.0
relax_013.csv,relax_013,43,1200,1250,4.8,relax,0,2.987330666785671,3.5812960476007385,35.0,257.41582801899,31.0
relax_014.csv,relax_014,0,125,175,0.5,relax,0,4.038461722120672,4.860689834231522,33.0,345.79449064981105,33.0
relax_014.csv,relax_014,1,150,200,0.6,relax,0,3.1400001273078653,3.769968934644089,34.0,266.3233270155474,32.0
relax_014.csv,relax_014,2,175,225,0.7,relax,0,4.2939299156441875,5.264926106265956,34.0,379.9852215756195,32.0
relax_014.csv,relax_014,3,200,250,0.8,relax,0,4.348720042034612,5.205946457497647,34.0,391.0921777323086,35.0
relax_014.csv,relax_014,4,225,275,0.9,relax,0,5.272837837723438,6.767481775945713,34.0,442.40252004783156,35.0
relax_014.csv,relax_014,5,250,300,1.0,relax,0,5.896243951460376,7.319407752177506,34.0,497.17356929515694,34.0
relax_014.csv,relax_014,6,275,325,1.1,relax,0,3.6842756223579642,4.464589956082114,33.0,323.82985020076086,33.0
relax_014.csv,relax_014,7,300,350,1.2,relax,0,3.0828739566187187,3.5841988567564815,33.0,267.6180722055235,33.0
relax_014.csv,relax_014,8,325,375,1.3,relax,0,3.1246836972597576,3.5932878783064277,34.0,271.85657815193076,33.0
relax_014.csv,relax_014,9,350,400,1.4,relax,0,4.110415544488785,5.047752817137688,34.0,355.5703219950471,33.0
relax_014.csv,relax_014,10,375,425,1.5,relax,0,3.8950938153045387,5.102115720909808,33.0,341.5114371898953,27.0
relax_014.csv,relax_014,11,400,450,1.6,relax,0,2.8140282293156678,3.51188880715633,34.0,251.95448230810229,28.0
relax_014.csv,relax_014,12,425,475,1.7,relax,0,3.650722794009679,4.317497184584071,34.0,314.4270918239863,34.0
relax_014.csv,relax_014,13,450,500,1.8,relax,0,4.514081144697627,5.1917774660312705,33.0,395.7307636570997,34.0
relax_014.csv,relax_014,14,475,525,1.9,relax,0,2.9501433041256098,3.9084002164840794,28.0,249.8136047855582,22.0
relax_014.csv,relax_014,15,500,550,2.0,relax,0,2.134989692024638,2.7894578473673226,29.0,185.15029130183032,22.0
relax_014.csv,relax_014,16,525,575,2.1,relax,0,3.3369633213771004,3.864006632533431,35.0,297.5416625766927,34.0
relax_014.csv,relax_014,17,550,600,2.2,relax,0,3.8019359667972648,4.3254418566587844,33.0,326.96260406613914,33.0
relax_014.csv,relax_014,18,575,625,2.3,relax,0,3.091678582371509,3.6545076311939706,33.0,266.46928507829796,33.0
relax_014.csv,relax_014,19,600,650,2.4,relax,0,2.8292303682829147,3.4450638267759874,34.0,254.16138337753992,32.0
relax_014.csv,relax_014,20,625,675,2.5,relax,0,3.3145384732736853,4.047759697688748,33.0,296.99950163814844,30.0
relax_014.csv,relax_014,21,650,700,2.6,relax,0,3.2696805272857956,3.9775086042002807,31.0,267.3483965633258,29.0
relax_014.csv,relax_014,22,675,725,2.7,relax,0,3.8651435476398746,4.49192902356673,32.0,317.94974314670577,32.0
relax_014.csv,relax_014,23,700,750,2.8,relax,0,4.0673232378966055,4.665933079234294,34.0,348.6027332367556,34.0
relax_014.csv,relax_014,24,725,775,2.9,relax,0,3.6636226981626545,4.202128998516027,34.0,327.785116089923,35.0
relax_014.csv,relax_014,25,750,800,3.0,relax,0,3.487236532370908,4.013566563281516,34.0,309.34524823934936,35.0
relax_014.csv,relax_014,26,775,825,3.1,relax,0,2.4782752951542673,3.197185862402159,30.0,222.57783236053413,26.0
relax_014.csv,relax_014,27,800,850,3.2,relax,0,1.6590853810550388,2.027260136215382,26.0,141.30823914052323,22.0
relax_014.csv,relax_014,28,825,875,3.3,relax,0,2.6831319117494505,3.3000057064975574,32.0,232.40587919600563,29.0
relax_014.csv,relax_014,29,850,900,3.4,relax,0,3.8307300449586927,4.442948578492694,34.0,336.3034870524533,32.0
relax_014.csv,relax_014,30,875,925,3.5,relax,0,4.07846675299531,4.630843437604019,35.0,362.91222763429823,35.0
relax_014.csv,relax_014,31,900,950,3.6,relax,0,4.169397178745373,4.735327006935426,34.0,365.0505549349523,34.0
relax_014.csv,relax_014,32,925,975,3.7,relax,0,3.6117615607864546,4.262794515993955,34.0,316.2295968854223,33.0
relax_014.csv,relax_014,33,950,1000,3.8,relax,0,2.494865148468818,2.9416166203763994,35.0,224.15648977610044,31.0
relax_014.csv,relax_014,34,975,1025,3.9,relax,0,2.4334686328256656,2.8273410213521974,34.0,213.89122529874706,29.0
relax_014.csv,relax_014,35,1000,1050,4.0,relax,0,2.4781056503817065,3.0146313664177566,31.0,211.2782076520435,27.0
relax_014.csv,relax_014,36,1025,1075,4.1,relax,0,3.764140680233721,4.704878663411455,33.0,334.64971027243206,30.0
relax_014.csv,relax_014,37,1050,1100,4.2,relax,0,3.709225950052039,4.625230699750388,35.0,332.7011411524156,32.0
relax_014.csv,relax_014,38,1075,1125,4.3,relax,0,2.831796382999293,3.3885638704642385,35.0,256.7890802800652,33.0
relax_014.csv,relax_014,39,1100,1150,4.4,relax,0,4.297566123488997,4.847417820179509,34.0,372.97755983055777,35.0
relax_014.csv,relax_014,40,1125,1175,4.5,relax,0,4.321022314901981,4.893167155414775,34.0,366.62422856816903,35.0
relax_014.csv,relax_014,41,1150,1200,4.6,relax,0,2.941013553482016,3.5347657955965928,33.0,251.68144359086176,32.0
relax_014.csv,relax_014,42,1175,1225,4.7,relax,0,2.624218381140287,3.110524747418563,34.0,230.976914024167,31.0
relax_014.csv,relax_014,43,1200,1250,4.8,relax,0,2.9555050725566194,3.3885061523875653,34.0,254.99785185195333,33.0
relax_015.csv,relax_015,0,125,175,0.5,relax,0,3.5201808391483405,4.363589686421513,31.0,287.2549743920517,28.0
relax_015.csv,relax_015,1,150,200,0.6,relax,0,3.3254142474571493,3.915599331561962,34.0,297.61894839104986,33.0
relax_015.csv,relax_015,2,175,225,0.7,relax,0,3.983140140805545,4.526500523132196,33.0,343.9201099969676,34.0
relax_015.csv,relax_015,3,200,250,0.8,relax,0,3.1503476251307676,3.820232469275716,34.0,274.15068744420535,32.0
relax_015.csv,relax_015,4,225,275,0.9,relax,0,1.615223565592155,1.882168620952911,33.0,139.10005894898774,25.0
relax_015.csv,relax_015,5,250,300,1.0,relax,0,2.5447525925596963,3.160104372180821,32.0,210.80983567732122,27.0
relax_015.csv,relax_015,6,275,325,1.1,relax,0,4.094176795099723,4.617408533046624,34.0,351.32710161662243,35.0
relax_015.csv,relax_015,7,300,350,1.2,relax,0,3.6357512451125666,4.251435829572772,33.0,308.55993808940605,32.0
relax_015.csv,relax_015,8,325,375,1.3,relax,0,3.013508995506653,3.831413858031854,31.0,260.7886722542034,27.0
relax_015.csv,relax_015,9,350,400,1.4,relax,0,3.14673321113458,3.900521209399536,32.0,273.1091389994076,28.0
relax_015.csv,relax_015,10,375,425,1.5,relax,0,2.7469516838965222,3.175468214753242,34.0,245.27372544237483,32.0
relax_015.csv,relax_015,11,400,450,1.6,relax,0,2.1042907568555584,2.632908913390407,32.0,186.71659529495653,25.0
relax_015.csv,relax_015,12,425,475,1.7,relax,0,2.6183648571435687,3.2466659771324116,32.0,233.39350530240435,28.0
relax_015.csv,relax_015,13,450,500,1.8,relax,0,4.195830490893667,4.781676024477475,34.0,369.8771507809387,35.0
relax_015.csv,relax_015,14,475,525,1.9,relax,0,4.489581691396663,5.007095173124236,34.0,391.11762755552104,35.0
relax_015.csv,relax_015,15,500,550,2.0,relax,0,4.053215047216585,4.557456503985721,32.0,338.2113631215264,33.0
relax_015.csv,relax_015,16,525,575,2.1,relax,0,3.383129510820849,4.111991926867556,30.0,284.59115501493335,28.0
relax_015.csv,relax_015,17,550,600,2.2,relax,0,3.4185676163863987,4.116165825748713,29.0,274.00974336650404,28.0
relax_015.csv,relax_015,18,575,625,2.3,relax,0,4.202141105742109,4.79304269570929,33.0,344.3111333497034,33.0
relax_015.csv,relax_015,19,600,650,2.4,relax,0,3.8652526056810395,4.397842837201697,34.0,327.8363994656076,34.0
relax_015.csv,relax_015,20,625,675,2.5,relax,0,2.7605584317328296,3.207400718615871,33.0,237.2962431051102,31.0
relax_015.csv,relax_015,21,650,700,2.6,relax,0,3.195569414948471,3.8710359747903853,33.0,273.93257894221375,30.0
relax_015.csv,relax_015,22,675,725,2.7,relax,0,4.098053562508182,4.665987712482391,33.0,349.9400331879495,33.0
relax_015.csv,relax_015,23,700,750,2.8,relax,0,2.964196332003912,3.5965446839236614,29.0,243.47147418675493,27.0
relax_015.csv,relax_015,24,725,775,2.9,relax,0,2.3569762658831888,2.9057178071593346,28.0,187.45925774837238,23.0
relax_015.csv,relax_015,25,750,800,3.0,relax,0,2.47359264431618,3.104939979531393,28.0,203.72913606707908,22.0
relax_015.csv,relax_015,26,775,825,3.1,relax,0,2.9038093643516807,3.4952255018964657,27.0,231.92789317037378,24.0
relax_015.csv,relax_015,27,800,850,3.2,relax,0,3.269112975884017,3.831630937344977,31.0,272.71093794696225,31.0
relax_015.csv,relax_015,28,825,875,3.3,relax,0,3.196289513887365,3.818789386007869,32.0,269.3227588990364,31.0
relax_015.csv,relax_015,29,850,900,3.4,relax,0,3.049809997764699,3.5344863695728077,33.0,259.1584666866096,33.0
relax_015.csv,relax_015,30,875,925,3.5,relax,0,2.904743146402024,3.2791003216436763,34.0,249.06039531877624,34.0
relax_015.csv,relax_015,31,900,950,3.6,relax,0,3.0124818538842932,3.4672042138816264,33.0,253.94293708684606,33.0
relax_015.csv,relax_015,32,925,975,3.7,relax,0,4.081571925644427,4.7559429758924585,33.0,343.86801926146666,32.0
relax_015.csv,relax_015,33,950,1000,3.8,relax,0,4.50833585656577,5.123754991379704,34.0,387.09369589302236,34.0
relax_015.csv,relax_015,34,975,1025,3.9,relax,0,3.362438372614296,4.041930865204684,32.0,297.714904830191,32.0
relax_015.csv,relax_015,35,1000,1050,4.0,relax,0,3.0271863045665204,3.6202618420847146,32.0,263.6734559085968,32.0
relax_015.csv,relax_015,36,1025,1075,4.1,relax,0,3.228266432594201,3.7517569145244276,36.0,288.97556781130817,35.0
relax_015.csv,relax_015,37,1050,1100,4.2,relax,0,2.6532541678429507,3.2166309340774544,33.0,235.27336239378565,30.0
relax_015.csv,relax_015,38,1075,1125,4.3,relax,0,2.4539607584575767,2.9383067035381596,34.0,218.78508478043491,29.0
relax_015.csv,relax_015,39,1100,1150,4.4,relax,0,3.236132851084595,3.7308598740516397,34.0,283.94771851769104,33.0
relax_015.csv,relax_015,40,1125,1175,4.5,relax,0,3.619261784920344,4.096144892148126,34.0,317.56128846764506,35.0
relax_015.csv,relax_015,41,1150,1200,4.6,relax,0,3.7339207743801985,4.2118929186021905,35.0,331.34201664057184,34.0
relax_015.csv,relax_015,42,1175,1225,4.7,relax,0,3.603140543591784,4.1807647336128015,35.0,321.9554708138426,34.0
relax_015.csv,relax_015,43,1200,1250,4.8,relax,0,2.5059143032533786,3.227928077213381,33.0,221.8318988012628,27.0
relax_016.csv,relax_016,0,125,175,0.5,relax,0,3.9220518694656192,4.757450696125518,32.0,336.4535396635239,32.0
relax_016.csv,relax_016,1,150,200,0.6,relax,0,3.159706676794696,3.7002488611971645,33.0,270.6114274411786,33.0
relax_016.csv,relax_016,2,175,225,0.7,relax,0,3.012973426725072,3.5326332989046896,33.0,256.39535824063705,31.0
relax_016.csv,relax_016,3,200,250,0.8,relax,0,2.513264946418656,2.8846680160658895,34.0,215.51517936530314,30.0
relax_016.csv,relax_016,4,225,275,0.9,relax,0,1.959332503183262,2.26634340942373,34.0,164.428578398147,23.0
relax_016.csv,relax_016,5,250,300,1.0,relax,0,1.5581371293427488,1.803823167037753,32.0,129.94752599965562,18.0
relax_016.csv,relax_016,6,275,325,1.1,relax,0,1.5390088852624246,1.8501649791337016,31.0,135.07851273698014,19.0
relax_016.csv,relax_016,7,300,350,1.2,relax,0,2.283926630670501,2.8750534964909087,32.0,196.77806198306516,25.0
relax_016.csv,relax_016,8,325,375,1.3,relax,0,2.6868113629370383,3.176694393179838,34.0,241.82854954801834,33.0
relax_016.csv,relax_016,9,350,400,1.4,relax,0,1.9812638438590968,2.3619030647844625,33.0,176.77183540597468,25.0
relax_016.csv,relax_016,10,375,425,1.5,relax,0,2.8004635193168173,3.5078597164111702,33.0,246.42409597437242,27.0
relax_016.csv,relax_016,11,400,450,1.6,relax,0,3.5935746456630766,4.156875656585265,33.0,306.7594978063216,33.0
relax_016.csv,relax_016,12,425,475,1.7,relax,0,3.4461869026374212,3.9650696345255216,34.0,297.43293535208073,35.0
relax_016.csv,relax_016,13,450,500,1.8,relax,0,2.8295464244603528,3.4680560057037138,32.0,242.8095371055286,30.0
relax_016.csv,relax_016,14,475,525,1.9,relax,0,2.400538895652806,2.9033363956043203,32.0,207.94923858304884,29.0
relax_016.csv,relax_016,15,500,550,2.0,relax,0,3.6033758741343296,4.160076226805687,34.0,311.29599058338425,35.0
relax_016.csv,relax_016,16,525,575,2.1,relax,0,3.8642825511499606,4.361343654961858,34.0,332.61423915759883,35.0
relax_016.csv,relax_016,17,550,600,2.2,relax,0,2.366872965640253,2.864218647508926,31.0,202.11699121988374,24.0
relax_016.csv,relax_016,18,575,625,2.3,relax,0,2.8185437333367727,3.5523493726488136,31.0,242.26304786678,25.0
relax_016.csv,relax_016,19,600,650,2.4,relax,0,4.145323309797206,4.692674309874439,34.0,365.1371532576344,35.0
relax_016.csv,relax_016,20,625,675,2.5,relax,0,4.535993101793277,5.156536444369069,33.0,398.8110391479937,34.0
relax_016.csv,relax_016,21,650,700,2.6,relax,0,4.035091178639176,4.727213876503805,34.0,352.2338533000045,34.0
relax_016.csv,relax_016,22,675,725,2.7,relax,0,2.8540545966964497,3.3578532272584503,33.0,232.66810559866073,28.0
relax_016.csv,relax_016,23,700,750,2.8,relax,0,2.7934669810975317,3.2213791651215997,33.0,228.7343658283844,28.0
relax_016.csv,relax_016,24,725,775,2.9,relax,0,3.1525206290199033,3.7208047653778973,34.0,281.176162882809,34.0
relax_016.csv,relax_016,25,750,800,3.0,relax,0,3.621857222664876,4.285428076287393,33.0,320.6683379362086,33.0
relax_016.csv,relax_016,26,775,825,3.1,relax,0,3.5023784695086233,4.049315086816381,34.0,296.8930761339383,33.0
relax_016.csv,relax_016,27,800,850,3.2,relax,0,2.965283679377976,3.4493222217066326,34.0,257.07852898498453,32.0
relax_016.csv,relax_016,28,825,875,3.3,relax,0,2.882746190113755,3.3390453191410514,33.0,251.60504491270177,32.0
relax_016.csv,relax_016,29,850,900,3.4,relax,0,2.7336815935517733,3.115436469960551,33.0,234.3684549030462,32.0
relax_016.csv,relax_016,30,875,925,3.5,relax,0,2.8430929194053425,3.4337359468911437,33.0,250.45153545259004,31.0
relax_016.csv,relax_016,31,900,950,3.6,relax,0,3.394299717899866,4.051219667067755,35.0,306.64279127809596,33.0
relax_016.csv,relax_016,32,925,975,3.7,relax,0,4.58435724967761,5.310147547724364,34.0,409.56759839928174,35.0
relax_016.csv,relax_016,33,950,1000,3.8,relax,0,4.019479813112863,4.848564017881093,31.0,347.1278147830687,32.0
relax_016.csv,relax_016,34,975,1025,3.9,relax,0,2.7605377299500833,3.2126791619100215,31.0,235.5125583189001,30.0
relax_016.csv,relax_016,35,1000,1050,4.0,relax,0,3.6964045638597707,4.339794064956278,35.0,325.9262280130309,33.0
relax_016.csv,relax_016,36,1025,1075,4.1,relax,0,4.610952779660867,5.315917140475031,35.0,409.5678411114252,35.0
relax_016.csv,relax_016,37,1050,1100,4.2,relax,0,4.24616873621511,4.913438593786136,34.0,374.5509318384308,35.0
relax_016.csv,relax_016,38,1075,1125,4.3,relax,0,3.7791640922540597,4.308467938069601,34.0,320.47150876898684,34.0
relax_016.csv,relax_016,39,1100,1150,4.4,relax,0,3.5376520344208675,4.039330647030878,33.0,298.4859350854667,34.0
relax_016.csv,relax_016,40,1125,1175,4.5,relax,0,3.535288334855894,3.9503476611828248,34.0,302.38790869101854,35.0
relax_016.csv,relax_016,41,1150,1200,4.6,relax,0,3.181567024426286,3.6516499581518898,33.0,273.9340799781817,33.0
relax_016.csv,relax_016,42,1175,1225,4.7,relax,0,2.637274055905018,3.046670109608922,34.0,228.55176466468168,32.0
relax_016.csv,relax_016,43,1200,1250,4.8,relax,0,2.9304496238569295,3.362234881297421,34.0,252.79362523801245,33.0
relax_017.csv,relax_017,0,125,175,0.5,relax,0,3.5037849643653898,4.099982749574683,34.0,301.8612328368054,33.0
relax_017.csv,relax_017,1,150,200,0.6,relax,0,4.262048402178454,4.90001249156567,34.0,371.5567380271191,35.0
relax_017.csv,relax_017,2,175,225,0.7,relax,0,4.395933451506796,5.066181497431916,34.0,388.06080079932906,34.0
relax_017.csv,relax_017,3,200,250,0.8,relax,0,4.242835925049415,4.8783413511102,34.0,384.7383597429407,35.0
relax_017.csv,relax_017,4,225,275,0.9,relax,0,3.8832813532083024,4.5030388601573685,34.0,341.8435420406693,34.0
relax_017.csv,relax_017,5,250,300,1.0,relax,0,2.9159739236903754,3.4239288658455034,34.0,247.95610162745288,32.0
relax_017.csv,relax_017,6,275,325,1.1,relax,0,2.0707850868532462,2.4098699532984327,34.0,177.54291268905274,26.0
relax_017.csv,relax_017,7,300,350,1.2,relax,0,2.1381648014836987,2.6074622008313257,33.0,183.0285130793913,24.0
relax_017.csv,relax_017,8,325,375,1.3,relax,0,2.6109561836279567,3.031028143210789,33.0,216.33914090882791,30.0
relax_017.csv,relax_017,9,350,400,1.4,relax,0,2.484239693377057,2.8182240548413553,34.0,213.48642538083456,34.0
relax_017.csv,relax_017,10,375,425,1.5,relax,0,2.462262342460196,2.8356657187641394,32.0,205.6064976078445,31.0
relax_017.csv,relax_017,11,400,450,1.6,relax,0,3.1838250428568857,3.668784087295756,33.0,265.3102111607468,33.0
relax_017.csv,relax_017,12,425,475,1.7,relax,0,2.7618205158858338,3.344447956414793,33.0,236.19469991915324,33.0
relax_017.csv,relax_017,13,450,500,1.8,relax,0,2.3106050476288855,2.675799676555246,32.0,198.88996312428947,32.0
relax_017.csv,relax_017,14,475,525,1.9,relax,0,3.41199463308119,3.895573531480952,34.0,295.22133583818095,35.0
relax_017.csv,relax_017,15,500,550,2.0,relax,0,3.6324487996402577,4.256479766238006,34.0,318.9283998506035,33.0
relax_017.csv,relax_017,16,525,575,2.1,relax,0,4.564348644118806,5.508832240681317,33.0,387.06963036663836,32.0
relax_017.csv,relax_017,17,550,600,2.2,relax,0,5.330628158999907,6.108654076107197,33.0,459.8994449317789,33.0
relax_017.csv,relax_017,18,575,625,2.3,relax,0,3.5909263931719058,4.305517826303678,32.0,295.8248567634029,32.0
relax_017.csv,relax_017,19,600,650,2.4,relax,0,3.5073325688570467,4.168945544793101,33.0,298.0054631641951,33.0
relax_017.csv,relax_017,20,625,675,2.5,relax,0,3.1149153342848184,3.920599920609651,32.0,264.5484637676234,28.0
relax_017.csv,relax_017,21,650,700,2.6,relax,0,3.433707052894896,4.373473362180095,32.0,293.95108902931383,27.0
relax_017.csv,relax_017,22,675,725,2.7,relax,0,4.779156010106758,5.437530839032865,33.0,411.1872438324824,34.0
relax_017.csv,relax_017,23,700,750,2.8,relax,0,3.845403427910359,4.625639595232522,31.0,337.0810108767894,31.0
relax_017.csv,relax_017,24,725,775,2.9,relax,0,2.8547866517603695,3.7000306282813877,30.0,239.84725725510904,28.0
relax_017.csv,relax_017,25,750,800,3.0,relax,0,3.2906624622935743,4.060959094442812,33.0,286.26403426216405,31.0
relax_017.csv,relax_017,26,775,825,3.1,relax,0,3.97989305753928,4.542938700289309,34.0,337.4662101404627,34.0
relax_017.csv,relax_017,27,800,850,3.2,relax,0,4.085211499660327,4.562510690620698,34.0,353.901332162589,35.0
relax_017.csv,relax_017,28,825,875,3.3,relax,0,4.276299581470319,4.828696240898185,34.0,366.33407248074207,35.0
relax_017.csv,relax_017,29,850,900,3.4,relax,0,3.175699377746807,4.008327831961443,28.0,274.42827293133803,27.0
relax_017.csv,relax_017,30,875,925,3.5,relax,0,1.8797868617428333,2.5646380602615055,26.0,164.9410547259942,18.0
relax_017.csv,relax_017,31,900,950,3.6,relax,0,1.492508495311641,1.8283020199787408,29.0,128.30812035112407,17.0
relax_017.csv,relax_017,32,925,975,3.7,relax,0,2.86166718364828,3.628894918697544,30.0,240.07572128910022,25.0
relax_017.csv,relax_017,33,950,1000,3.8,relax,0,4.011660043005721,4.75616625525368,34.0,350.6946157395903,33.0
relax_017.csv,relax_017,34,975,1025,3.9,relax,0,4.162994390211441,4.940143974550011,34.0,363.03315187689327,33.0
relax_017.csv,relax_017,35,1000,1050,4.0,relax,0,4.021656465660224,4.626824481488487,32.0,337.1872672629531,32.0
relax_017.csv,relax_017,36,1025,1075,4.1,relax,0,3.352968878874873,3.9072210438565658,32.0,286.88677956487294,32.0
relax_017.csv,relax_017,37,1050,1100,4.2,relax,0,3.007824742346652,3.5769795554281933,34.0,267.1382202975788,32.0
relax_017.csv,relax_017,38,1075,1125,4.3,relax,0,3.0695796378521227,3.693962939545868,34.0,272.4357429648973,33.0
relax_017.csv,relax_017,39,1100,1150,4.4,relax,0,3.558578333394735,4.270182795950595,34.0,309.97943838085365,33.0
relax_017.csv,relax_017,40,1125,1175,4.5,relax,0,3.772424636944588,4.448743164450574,32.0,310.88965623483034,31.0
relax_017.csv,relax_017,41,1150,1200,4.6,relax,0,4.137741786715765,4.6961531033280135,33.0,358.15002009335234,33.0
relax_017.csv,relax_017,42,1175,1225,4.7,relax,0,3.6439742972180995,4.183347816744278,34.0,315.433146118952,32.0
relax_017.csv,relax_017,43,1200,1250,4.8,relax,0,3.1128965405249214,3.7318674099808185,32.0,256.05372042780374,29.0
relax_018.csv,relax_018,0,125,175,0.5,relax,0,4.056239987244038,4.7515586140544706,35.0,356.36751747334824,35.0
relax_018.csv,relax_018,1,150,200,0.6,relax,0,3.8818441414152107,4.568723321923203,34.0,333.40325702543373,32.0
relax_018.csv,relax_018,2,175,225,0.7,relax,0,2.727372172953502,3.270759010158814,30.0,227.7605606171281,29.0
relax_018.csv,relax_018,3,200,250,0.8,relax,0,2.7648593297959816,3.2751805814224397,32.0,235.60451539183035,30.0
relax_018.csv,relax_018,4,225,275,0.9,relax,0,3.329516265896093,3.7909095262074826,34.0,280.5468793469244,33.0
relax_018.csv,relax_018,5,250,300,1.0,relax,0,3.3357822348042903,3.8330999883416013,34.0,301.0641518580013,34.0
relax_018.csv,relax_018,6,275,325,1.1,relax,0,3.138902166594887,3.7294934054565174,34.0,284.69881992657093,32.0
relax_018.csv,relax_018,7,300,350,1.2,relax,0,2.721737338236857,3.2683940123911657,34.0,244.0149257721029,31.0
relax_018.csv,relax_018,8,325,375,1.3,relax,0,3.135181570674831,3.9680034555111914,34.0,277.1895654781151,32.0
relax_018.csv,relax_018,9,350,400,1.4,relax,0,4.072379366174002,4.867104725481424,34.0,364.2782459490121,35.0
relax_018.csv,relax_018,10,375,425,1.5,relax,0,4.442436416256947,5.179147964962358,35.0,394.88533111407133,35.0
relax_018.csv,relax_018,11,400,450,1.6,relax,0,4.421084674808203,5.33046473787738,33.0,387.42297255886115,33.0
relax_018.csv,relax_018,12,425,475,1.7,relax,0,3.6690671261354653,4.6106614190486575,32.0,324.5460990269497,30.0
relax_018.csv,relax_018,13,450,500,1.8,relax,0,3.0711942709426303,3.7217276191734783,33.0,266.6324874746119,31.0
relax_018.csv,relax_018,14,475,525,1.9,relax,0,2.752866621448586,3.2172137150026954,35.0,242.69434691865555,33.0
relax_018.csv,relax_018,15,500,550,2.0,relax,0,3.326097924561115,3.7937204476927575,34.0,289.0047234855621,34.0
relax_018.csv,relax_018,16,525,575,2.1,relax,0,3.6479093636455695,4.040005652015237,34.0,314.2387973401851,35.0
relax_018.csv,relax_018,17,550,600,2.2,relax,0,3.0745197501870623,3.4397376169083427,33.0,263.1600408085659,34.0
relax_018.csv,relax_018,18,575,625,2.3,relax,0,2.8464740858527606,3.2718091848922377,34.0,248.2582296466572,33.0
relax_018.csv,relax_018,19,600,650,2.4,relax,0,2.8977422468033267,3.3631609172069945,34.0,256.01466798858957,32.0
relax_018.csv,relax_018,20,625,675,2.5,relax,0,3.158708684147809,3.619786934580399,35.0,285.5268972380311,34.0
relax_018.csv,relax_018,21,650,700,2.6,relax,0,3.2816670304314646,3.795945388706141,34.0,291.15487029960724,33.0
relax_018.csv,relax_018,22,675,725,2.7,relax,0,2.9302414941632304,3.4719361824491917,35.0,264.08037317886897,30.0
relax_018.csv,relax_018,23,700,750,2.8,relax,0,3.364829155749639,3.9477190173321337,35.0,303.1397322206059,31.0
relax_018.csv,relax_018,24,725,775,2.9,relax,0,3.348068887332185,3.9229528840681644,34.0,300.9314923660104,33.0
relax_018.csv,relax_018,25,750,800,3.0,relax,0,1.9581067001927033,2.4182263590256596,33.0,175.32939598139654,23.0
relax_018.csv,relax_018,26,775,825,3.1,relax,0,1.797188792430669,2.183150466161458,33.0,158.90596897920184,22.0
relax_018.csv,relax_018,27,800,850,3.2,relax,0,3.123826629536456,3.647364899160086,35.0,278.7676538929905,33.0
relax_018.csv,relax_018,28,825,875,3.3,relax,0,3.972840398607805,4.438206300643222,34.0,349.31174418969346,34.0
relax_018.csv,relax_018,29,850,900,3.4,relax,0,4.243216644671489,4.793931290192513,34.0,370.6443232796636,35.0
relax_018.csv,relax_018,30,875,925,3.5,relax,0,4.153144646712689,4.671250256422324,34.0,357.7527326696104,35.0
relax_018.csv,relax_018,31,900,950,3.6,relax,0,3.8381183380963946,4.477060837458839,31.0,327.22481474961677,30.0
relax_018.csv,relax_018,32,925,975,3.7,relax,0,3.764841686628374,4.6105260613298045,30.0,320.70376531290634,26.0
relax_018.csv,relax_018,33,950,1000,3.8,relax,0,4.366614919090418,5.141298691658739,33.0,382.6040569400426,31.0
relax_018.csv,relax_018,34,975,1025,3.9,relax,0,4.24488623069237,4.844642951562207,34.0,374.89996597233977,35.0
relax_018.csv,relax_018,35,1000,1050,4.0,relax,0,3.1422776374179593,3.564051220823247,33.0,274.2802237447401,33.0
relax_018.csv,relax_018,36,1025,1075,4.1,relax,0,3.15845724239052,3.6991247537545435,32.0,275.26120544339943,32.0
relax_018.csv,relax_018,37,1050,1100,4.2,relax,0,2.91192499212269,3.4679961260454815,32.0,255.095876650704,32.0
relax_018.csv,relax_018,38,1075,1125,4.3,relax,0,3.0073614011236622,3.4417790886292665,33.0,261.05076453847664,33.0
relax_018.csv,relax_018,39,1100,1150,4.4,relax,0,3.4094826631521835,3.776478521764406,33.0,286.6567048671699,34.0
relax_018.csv,relax_018,40,1125,1175,4.5,relax,0,3.566905966499359,4.0002388123055495,34.0,305.16386202566844,34.0
relax_018.csv,relax_018,41,1150,1200,4.6,relax,0,4.066153251901547,4.544962231246779,34.0,359.4486896023991,35.0
relax_018.csv,relax_018,42,1175,1225,4.7,relax,0,4.016629230186697,4.578196464015881,32.0,335.182128842812,31.0
relax_018.csv,relax_018,43,1200,1250,4.8,relax,0,2.562625120170454,3.336851299529963,30.0,207.49839113098292,21.0
relax_019.csv,relax_019,0,125,175,0.5,relax,0,3.0086684250261873,3.6205026611397866,33.0,261.4690718642881,27.0
relax_019.csv,relax_019,1,150,200,0.6,relax,0,3.178706456192483,3.85112698269594,33.0,282.3966518294986,28.0
relax_019.csv,relax_019,2,175,225,0.7,relax,0,3.1732044746276973,3.7511207363964214,34.0,285.8646871427187,34.0
relax_019.csv,relax_019,3,200,250,0.8,relax,0,3.007377161516182,3.469858984191082,34.0,263.8538838462084,33.0
relax_019.csv,relax_019,4,225,275,0.9,relax,0,3.4230331079276355,3.939412963895332,34.0,289.475728220341,32.0
relax_019.csv,relax_019,5,250,300,1.0,relax,0,2.9289631612732188,3.5153459135010805,31.0,243.86761262857146,28.0
relax_019.csv,relax_019,6,275,325,1.1,relax,0,3.035619562184089,3.7107916751800425,29.0,257.7595446637581,28.0
relax_019.csv,relax_019,7,300,350,1.2,relax,0,3.053133979748381,3.635597627382208,32.0,260.1893323005703,31.0
relax_019.csv,relax_019,8,325,375,1.3,relax,0,2.4870789177468247,2.8167729153488663,33.0,213.81136792197785,31.0
relax_019.csv,relax_019,9,350,400,1.4,relax,0,2.296988406396089,2.6508553850108565,34.0,202.78454223908102,30.0
relax_019.csv,relax_019,10,375,425,1.5,relax,0,1.9797451369975598,2.295738897133904,33.0,171.88906608604225,27.0
relax_019.csv,relax_019,11,400,450,1.6,relax,0,2.8530217922408423,3.458989577913708,34.0,254.35716057708885,30.0
relax_019.csv,relax_019,12,425,475,1.7,relax,0,3.7009351368857426,4.192361448949866,34.0,320.8302716656566,33.0
relax_019.csv,relax_019,13,450,500,1.8,relax,0,2.9633028479061925,3.4146113097431714,34.0,250.2949944068554,32.0
relax_019.csv,relax_019,14,475,525,1.9,relax,0,2.1073676012199303,2.4590689632126854,31.0,175.32882858441428,25.0
relax_019.csv,relax_019,15,500,550,2.0,relax,0,2.398867766170383,2.9531337391235986,33.0,215.11225074225158,26.0
relax_019.csv,relax_019,16,525,575,2.1,relax,0,3.2722007375418873,3.803279665205445,35.0,293.2364960335876,34.0
relax_019.csv,relax_019,17,550,600,2.2,relax,0,3.204828022642407,3.662584097221427,35.0,281.1149948040416,35.0
relax_019.csv,relax_019,18,575,625,2.3,relax,0,2.337436259043594,2.754959654686887,34.0,205.65745415022522,31.0
relax_019.csv,relax_019,19,600,650,2.4,relax,0,2.7687812871583244,3.4241704266373416,33.0,228.83461443202543,31.0
relax_019.csv,relax_019,20,625,675,2.5,relax,0,2.990288211170463,3.6514255709238364,34.0,254.59292228256638,32.0
relax_019.csv,relax_019,21,650,700,2.6,relax,0,2.375476844825645,2.8814096186814084,35.0,203.21591607341097,30.0
relax_019.csv,relax_019,22,675,725,2.7,relax,0,3.2281651802976166,3.831991818729179,35.0,285.69709789406784,34.0
relax_019.csv,relax_019,23,700,750,2.8,relax,0,3.1663204084763783,3.8111052970605948,32.0,277.29756906937376,30.0
relax_019.csv,relax_019,24,725,775,2.9,relax,0,2.894977677135669,3.4882618964253784,32.0,246.5314871308267,30.0
relax_019.csv,relax_019,25,750,800,3.0,relax,0,3.5826441208370046,4.0223005024313725,34.0,311.0621757346832,35.0
relax_019.csv,relax_019,26,775,825,3.1,relax,0,3.1707149689325513,3.683841218745338,34.0,277.60946372783565,32.0
relax_019.csv,relax_019,27,800,850,3.2,relax,0,2.6410904499721424,3.191038771665688,35.0,238.76864187669074,31.0
relax_019.csv,relax_019,28,825,875,3.3,relax,0,3.7294950857760214,4.462335175015493,35.0,325.8845750887228,34.0
relax_019.csv,relax_019,29,850,900,3.4,relax,0,4.627941030060863,5.248178560297144,34.0,406.72636920309066,35.0
relax_019.csv,relax_019,30,875,925,3.5,relax,0,3.4237486682601967,4.020620523500143,35.0,303.8109374269794,34.0
relax_019.csv,relax_019,31,900,950,3.6,relax,0,3.110420586293665,3.590818265304742,36.0,276.8319105537885,34.0
relax_019.csv,relax_019,32,925,975,3.7,relax,0,3.606146247073237,4.137366132484893,35.0,323.9765562438146,35.0
relax_019.csv,relax_019,33,950,1000,3.8,relax,0,2.7060930904834413,3.2628109106849656,34.0,240.77369070942459,32.0
relax_019.csv,relax_019,34,975,1025,3.9,relax,0,2.3228525269584255,2.7099966933777964,33.0,201.66078754306164,31.0
relax_019.csv,relax_019,35,1000,1050,4.0,relax,0,2.9670718334194435,3.4660565807757733,32.0,253.28070480170268,31.0
relax_019.csv,relax_019,36,1025,1075,4.1,relax,0,3.7130056256803865,4.317424115342168,33.0,322.58232298217894,33.0
relax_019.csv,relax_019,37,1050,1100,4.2,relax,0,3.8131013596982455,4.371924630770266,33.0,328.105080862614,34.0
relax_019.csv,relax_019,38,1075,1125,4.3,relax,0,3.2759484703002135,3.7186674335724064,33.0,280.8812424078309,33.0
relax_019.csv,relax_019,39,1100,1150,4.4,relax,0,2.5815933483709315,2.994134384618302,33.0,213.9674447479225,28.0
relax_019.csv,relax_019,40,1125,1175,4.5,relax,0,2.336277424914191,2.712444536063982,35.0,205.87712874458003,29.0
relax_019.csv,relax_019,41,1150,1200,4.6,relax,0,3.4026599714605315,3.968291929784805,34.0,298.5051475999142,34.0
relax_019.csv,relax_019,42,1175,1225,4.7,relax,0,4.378728160320772,4.8864109523748915,34.0,382.9425186018086,35.0
relax_019.csv,relax_019,43,1200,1250,4.8,relax,0,3.674508631715363,4.231757620499595,34.0,332.00749824890903,35.0
relax_020.csv,relax_020,0,125,175,0.5,relax,0,4.406059027130397,5.048371536815737,34.0,385.8456509774006,35.0
relax_020.csv,relax_020,1,150,200,0.6,relax,0,4.388191971319819,4.9833417632792125,34.0,384.1407542132261,35.0
relax_020.csv,relax_020,2,175,225,0.7,relax,0,4.145346540749057,4.7405584463838615,34.0,369.48157557754797,35.0
relax_020.csv,relax_020,3,200,250,0.8,relax,0,4.300002733968644,4.924748967634409,35.0,386.0455342371457,34.0
relax_020.csv,relax_020,4,225,275,0.9,relax,0,3.407805153887742,4.020880290179008,34.0,291.6171023413258,34.0
relax_020.csv,relax_020,5,250,300,1.0,relax,0,3.3793763735350884,3.990902959280868,34.0,292.0105050465739,33.0
relax_020.csv,relax_020,6,275,325,1.1,relax,0,4.053033520485655,4.529055231858905,34.0,353.92986470869084,34.0
relax_020.csv,relax_020,7,300,350,1.2,relax,0,3.7538107886711045,4.221826747543313,34.0,331.9180890178505,35.0
relax_020.csv,relax_020,8,325,375,1.3,relax,0,2.8246028207504406,3.4959224128676265,32.0,242.34217598206868,28.0
relax_020.csv,relax_020,9,350,400,1.4,relax,0,2.3386861728384374,2.9064724103697923,31.0,190.37046681098576,25.0
relax_020.csv,relax_020,10,375,425,1.5,relax,0,2.9791605403068195,3.5039801393657015,32.0,250.19535673728373,30.0
relax_020.csv,relax_020,11,400,450,1.6,relax,0,2.881436922731469,3.339245729981454,34.0,247.63057211868144,33.0
relax_020.csv,relax_020,12,425,475,1.7,relax,0,2.997857025663996,3.451478164660969,32.0,248.53231229923503,33.0
relax_020.csv,relax_020,13,450,500,1.8,relax,0,3.905760677179996,4.68516094516833,31.0,333.4870343355775,32.0
relax_020.csv,relax_020,14,475,525,1.9,relax,0,4.184421762894539,4.94193219364449,32.0,366.51439921243735,33.0
relax_020.csv,relax_020,15,500,550,2.0,relax,0,3.7685791156024333,4.332358899289955,33.0,317.59299862420676,34.0
relax_020.csv,relax_020,16,525,575,2.1,relax,0,3.2155669682964376,3.864532559371602,31.0,253.02562978879286,28.0
relax_020.csv,relax_020,17,550,600,2.2,relax,0,3.5841859492104224,4.218145738658652,32.0,292.45435956783643,29.0
relax_020.csv,relax_020,18,575,625,2.3,relax,0,2.86827848746665,3.6016376921691644,29.0,240.76661155544514,26.0
relax_020.csv,relax_020,19,600,650,2.4,relax,0,2.3679205112975437,2.8845248999441324,30.0,203.89890396876768,26.0
relax_020.csv,relax_020,20,625,675,2.5,relax,0,3.8343881485223,4.344361839282655,33.0,327.47487270281846,33.0
relax_020.csv,relax_020,21,650,700,2.6,relax,0,4.5209743505104605,5.016910659915276,34.0,395.24636296935995,35.0
relax_020.csv,relax_020,22,675,725,2.7,relax,0,4.084190351408134,4.772773728024607,33.0,358.2120328828588,32.0
relax_020.csv,relax_020,23,700,750,2.8,relax,0,2.336564349843467,3.3278918905014168,26.0,205.77460922547192,18.0
relax_020.csv,relax_020,24,725,775,2.9,relax,0,2.7816088472497666,3.688487436160992,27.0,241.32647334813097,22.0
relax_020.csv,relax_020,25,750,800,3.0,relax,0,3.4175781513325334,4.028545429468671,34.0,301.736982476165,34.0
relax_020.csv,relax_020,26,775,825,3.1,relax,0,3.0707863398570283,3.7231852799935683,34.0,276.423289511251,33.0
relax_020.csv,relax_020,27,800,850,3.2,relax,0,3.4668671432475,4.066139248150935,35.0,309.82646983768007,34.0
relax_020.csv,relax_020,28,825,875,3.3,relax,0,2.7642791118801444,3.1737441428348583,35.0,241.7666995980824,35.0
relax_020.csv,relax_020,29,850,900,3.4,relax,0,2.874211582502626,3.312268159355726,35.0,254.6441817500895,35.0
relax_020.csv,relax_020,30,875,925,3.5,relax,0,2.662681689743092,3.181219345053598,33.0,238.58778529979583,30.0
relax_020.csv,relax_020,31,900,950,3.6,relax,0,3.022209141620351,3.6640365926655774,32.0,263.4385437754943,30.0
relax_020.csv,relax_020,32,925,975,3.7,relax,0,4.222733587332666,4.760465800055162,34.0,373.4158747009074,35.0
relax_020.csv,relax_020,33,950,1000,3.8,relax,0,3.726712538872198,4.303316939019233,35.0,322.3447742080566,35.0
relax_020.csv,relax_020,34,975,1025,3.9,relax,0,3.2302895308527746,3.7065599092087287,36.0,290.31079142210734,35.0
relax_020.csv,relax_020,35,1000,1050,4.0,relax,0,2.7919354777768945,3.287709247672904,35.0,252.5611896468093,33.0
relax_020.csv,relax_020,36,1025,1075,4.1,relax,0,2.887990768518681,3.475047052007351,34.0,252.9763501301158,33.0
relax_020.csv,relax_020,37,1050,1100,4.2,relax,0,3.3472775038143645,3.836576272054819,34.0,290.1809128100453,35.0
relax_020.csv,relax_020,38,1075,1125,4.3,relax,0,3.2205304582748315,3.743067250570237,34.0,277.6610538370197,33.0
relax_020.csv,relax_020,39,1100,1150,4.4,relax,0,3.799380583947595,4.436521114428275,35.0,337.8509792547028,33.0
relax_020.csv,relax_020,40,1125,1175,4.5,relax,0,3.294572215158033,4.069814066706952,31.0,293.00152612601573,27.0
relax_020.csv,relax_020,41,1150,1200,4.6,relax,0,2.6144009198423594,3.2121061427133992,31.0,227.69049232472116,27.0
relax_020.csv,relax_020,42,1175,1225,4.7,relax,0,3.0261267859854537,3.4490074471133725,34.0,263.42547680130014,35.0
relax_020.csv,relax_020,43,1200,1250,4.8,relax,0,3.195135386583026,3.6086807156077456,34.0,279.8080230662857,35.0
relax_021.csv,relax_021,0,125,175,0.5,relax,0,2.343677254921039,2.9608162848119255,33.0,198.69208287455407,24.0
relax_021.csv,relax_021,1,150,200,0.6,relax,0,2.785033519265209,3.599283714170044,32.0,240.05257187090828,27.0
relax_021.csv,relax_021,2,175,225,0.7,relax,0,4.2677883869006585,5.025525088346857,31.0,359.8990106441428,32.0
relax_021.csv,relax_021,3,200,250,0.8,relax,0,5.0434730053479715,5.657924568444861,33.0,419.12083781512604,34.0
relax_021.csv,relax_021,4,225,275,0.9,relax,0,4.677521646237832,5.3286837738925765,33.0,393.2152536808471,34.0
relax_021.csv,relax_021,5,250,300,1.0,relax,0,3.3297969495336424,4.069749018289883,33.0,274.4731038942565,29.0
relax_021.csv,relax_021,6,275,325,1.1,relax,0,3.182701695091299,3.854605235244044,34.0,276.62518302596806,30.0
relax_021.csv,relax_021,7,300,350,1.2,relax,0,3.279606677331249,3.803183874665237,35.0,294.76876722241985,34.0
relax_021.csv,relax_021,8,325,375,1.3,relax,0,2.952630322464659,3.588898792727304,36.0,264.617118555218,33.0
relax_021.csv,relax_021,9,350,400,1.4,relax,0,3.6313847649599973,4.632814880823314,35.0,323.55268207992185,33.0
relax_021.csv,relax_021,10,375,425,1.5,relax,0,3.9173843953576437,4.78776350892203,35.0,350.352084162948,34.0
relax_021.csv,relax_021,11,400,450,1.6,relax,0,4.664822067182174,5.275090526595085,34.0,407.76018213413187,35.0
relax_021.csv,relax_021,12,425,475,1.7,relax,0,4.530855282459284,5.185376550023133,34.0,391.49420820521425,34.0
relax_021.csv,relax_021,13,450,500,1.8,relax,0,2.777800475716546,3.479585416311744,30.0,239.43400693193013,26.0
relax_021.csv,relax_021,14,475,525,1.9,relax,0,2.326840476930114,3.0297246878650324,27.0,192.3817578591954,22.0
relax_021.csv,relax_021,15,500,550,2.0,relax,0,3.0492656677591583,3.6866784102478465,30.0,256.0595146761031,29.0
relax_021.csv,relax_021,16,525,575,2.1,relax,0,4.498927957453677,5.286481005249241,34.0,397.47192446406575,35.0
relax_021.csv,relax_021,17,550,600,2.2,relax,0,4.8309097568520665,5.539153901153779,34.0,425.1382326795561,35.0
relax_021.csv,relax_021,18,575,625,2.3,relax,0,4.190998365842252,4.829073230556973,33.0,365.97384217733594,34.0
relax_021.csv,relax_021,19,600,650,2.4,relax,0,4.576421504792583,5.258420008369368,34.0,406.5055444934217,35.0
relax_021.csv,relax_021,20,625,675,2.5,relax,0,3.2738197957845387,4.072373995821341,32.0,287.62682139224785,29.0
relax_021.csv,relax_021,21,650,700,2.6,relax,0,2.0805465512048706,2.5310907344976146,29.0,181.74342828547418,24.0
relax_021.csv,relax_021,22,675,725,2.7,relax,0,2.0343858697231463,2.5193339071935417,29.0,180.46521285458303,23.0
relax_021.csv,relax_021,23,700,750,2.8,relax,0,1.4570396809117516,1.7953921216720783,21.0,119.83140100382501,14.0
relax_021.csv,relax_021,24,725,775,2.9,relax,0,2.064822428194908,2.65274770620542,26.0,180.34745686451654,19.0
relax_021.csv,relax_021,25,750,800,3.0,relax,0,3.0777116670470224,3.5429797236292653,34.0,274.95904068026965,32.0
relax_021.csv,relax_021,26,775,825,3.1,relax,0,3.6976292582375105,4.178565621564314,34.0,322.35765353189316,35.0
relax_021.csv,relax_021,27,800,850,3.2,relax,0,3.3322065112996206,3.947944717513006,33.0,290.07588384080884,32.0
relax_021.csv,relax_021,28,825,875,3.3,relax,0,3.3353780332768257,4.093098879509764,33.0,296.1803463494527,31.0
relax_021.csv,relax_021,29,850,900,3.4,relax,0,3.179653020213696,3.9436875806115994,33.0,282.91536212350417,30.0
relax_021.csv,relax_021,30,875,925,3.5,relax,0,3.0212052373461393,3.621353569757487,33.0,268.0981532060524,31.0
relax_021.csv,relax_021,31,900,950,3.6,relax,0,3.2198397934707903,3.8387870789302263,32.0,278.62576406362996,31.0
relax_021.csv,relax_021,32,925,975,3.7,relax,0,2.403601947795674,2.9262708443272496,33.0,217.70188376957267,30.0
relax_021.csv,relax_021,33,950,1000,3.8,relax,0,1.7413393697423205,2.140319667265833,31.0,157.79236823846009,24.0
relax_021.csv,relax_021,34,975,1025,3.9,relax,0,1.6372319510104298,2.0691808248254304,27.0,141.59141669127052,19.0
relax_021.csv,relax_021,35,1000,1050,4.0,relax,0,2.6436108265080827,3.1775827785931603,30.0,220.83364529741903,27.0
relax_021.csv,relax_021,36,1025,1075,4.1,relax,0,3.0855736850669,3.4927899813079466,33.0,262.4967058880714,33.0
relax_021.csv,relax_021,37,1050,1100,4.2,relax,0,2.875465375590194,3.2731704422744086,34.0,251.5259914738234,32.0
relax_021.csv,relax_021,38,1075,1125,4.3,relax,0,3.0542994471912452,3.5932324858368503,33.0,265.4680551413673,31.0
relax_021.csv,relax_021,39,1100,1150,4.4,relax,0,3.4078378966319036,4.039768456707106,33.0,290.6057151748304,30.0
relax_021.csv,relax_021,40,1125,1175,4.5,relax,0,3.39260130133537,3.922948658162234,34.0,293.22946908374007,32.0
relax_021.csv,relax_021,41,1150,1200,4.6,relax,0,2.6338738192504794,3.0623834668774856,33.0,229.76616641365604,32.0
relax_021.csv,relax_021,42,1175,1225,4.7,relax,0,2.5847853284966056,3.279336140297864,33.0,228.30147835000528,28.0
relax_021.csv,relax_021,43,1200,1250,4.8,relax,0,3.2144241571853187,3.8596418302841573,34.0,283.41040984796626,31.0
relax_022.csv,relax_022,0,125,175,0.5,relax,0,3.5209155191066155,4.307143862538405,30.0,298.728979884501,30.0
relax_022.csv,relax_022,1,150,200,0.6,relax,0,3.6360095956898983,4.311303021713284,34.0,329.8952553752297,34.0
relax_022.csv,relax_022,2,175,225,0.7,relax,0,3.472070640153072,4.049146221714216,35.0,305.61263351829234,34.0
relax_022.csv,relax_022,3,200,250,0.8,relax,0,4.18301519914025,4.8907884076923,35.0,361.9343515820514,34.0
relax_022.csv,relax_022,4,225,275,0.9,relax,0,4.75000848564676,5.45085904066768,35.0,414.8594181675833,34.0
relax_022.csv,relax_022,5,250,300,1.0,relax,0,3.1795258157359774,4.000641994080675,32.0,280.733590737091,30.0
relax_022.csv,relax_022,6,275,325,1.1,relax,0,2.8598271015715215,3.7334211145300933,33.0,243.07278288192452,28.0
relax_022.csv,relax_022,7,300,350,1.2,relax,0,3.618320566660866,4.368530765744915,34.0,313.4258992384608,32.0
relax_022.csv,relax_022,8,325,375,1.3,relax,0,2.921424449357772,3.4977256662424137,33.0,251.58808837502738,29.0
relax_022.csv,relax_022,9,350,400,1.4,relax,0,2.6497391132485912,3.2151777826878374,33.0,227.89643365597033,26.0
relax_022.csv,relax_022,10,375,425,1.5,relax,0,3.2832567482100536,3.846969438013399,33.0,273.30247451535087,31.0
relax_022.csv,relax_022,11,400,450,1.6,relax,0,3.080592610594111,3.7448752128859426,30.0,263.11501807444677,29.0
relax_022.csv,relax_022,12,425,475,1.7,relax,0,2.8516194166319107,3.4645763760980404,31.0,247.42138254521976,29.0
relax_022.csv,relax_022,13,450,500,1.8,relax,0,3.304486465518419,3.926762411998186,32.0,282.99348609922987,31.0
relax_022.csv,relax_022,14,475,525,1.9,relax,0,3.4354589631962007,4.364676685729323,29.0,303.36261809678433,27.0
relax_022.csv,relax_022,15,500,550,2.0,relax,0,2.722538659459003,3.621364047996676,31.0,237.96488168060364,26.0
relax_022.csv,relax_022,16,525,575,2.1,relax,0,2.0926084733935575,2.456471302705442,35.0,187.1467085655896,29.0
relax_022.csv,relax_022,17,550,600,2.2,relax,0,2.521592033816443,3.0585370212032785,32.0,213.74575013486856,30.0
relax_022.csv,relax_022,18,575,625,2.3,relax,0,3.1695053837355993,3.8354647706524485,33.0,273.04133794367954,31.0
relax_022.csv,relax_022,19,600,650,2.4,relax,0,3.997865443509024,4.643471220415165,35.0,343.2297088613524,33.0
relax_022.csv,relax_022,20,625,675,2.5,relax,0,4.04627211036567,4.5679335454586,35.0,350.9668228202077,35.0
relax_022.csv,relax_022,21,650,700,2.6,relax,0,3.1011355753789105,3.5368570188992106,35.0,282.1331299910765,35.0
relax_022.csv,relax_022,22,675,725,2.7,relax,0,3.0144793265045506,3.645017147277701,34.0,274.5338960586453,32.0
relax_022.csv,relax_022,23,700,750,2.8,relax,0,3.1461413788071537,3.7885275848170137,34.0,283.45087543163555,32.0
relax_022.csv,relax_022,24,725,775,2.9,relax,0,2.411732226219676,2.819188660610742,35.0,214.07964238375504,32.0
relax_022.csv,relax_022,25,750,800,3.0,relax,0,3.383174547104965,4.256419787783662,34.0,298.3485329635293,33.0
relax_022.csv,relax_022,26,775,825,3.1,relax,0,3.851676985635687,4.5961473051432895,35.0,336.3392206180693,34.0
relax_022.csv,relax_022,27,800,850,3.2,relax,0,3.04713237066691,3.4351203323159765,35.0,262.0507919013503,34.0
relax_022.csv,relax_022,28,825,875,3.3,relax,0,3.967667311030786,4.4815985173836,35.0,345.66140612864535,35.0
relax_022.csv,relax_022,29,850,900,3.4,relax,0,4.309690777572501,5.136156424304581,35.0,385.7726555616053,34.0
relax_022.csv,relax_022,30,875,925,3.5,relax,0,4.061686547864666,5.180217378052835,33.0,363.60684209725997,33.0
relax_022.csv,relax_022,31,900,950,3.6,relax,0,3.3671173557400316,4.491614613985351,31.0,291.6580351437995,27.0
relax_022.csv,relax_022,32,925,975,3.7,relax,0,2.486778178938994,3.1892274052203775,32.0,211.77661831119036,23.0
relax_022.csv,relax_022,33,950,1000,3.8,relax,0,2.6697018045576275,3.0482548516015395,33.0,229.49051038839337,29.0
relax_022.csv,relax_022,34,975,1025,3.9,relax,0,2.6355518127345916,3.071544528091797,32.0,230.7541180018378,30.0
relax_022.csv,relax_022,35,1000,1050,4.0,relax,0,3.236355412361092,3.867506740515868,32.0,286.4681753723452,31.0
relax_022.csv,relax_022,36,1025,1075,4.1,relax,0,3.154297621828617,3.848537805997941,34.0,282.80251643844264,31.0
relax_022.csv,relax_022,37,1050,1100,4.2,relax,0,2.740544822074893,3.4152306027457624,33.0,242.52414852569757,29.0
relax_022.csv,relax_022,38,1075,1125,4.3,relax,0,3.5639695861070173,4.078407874866981,33.0,312.4976992745761,34.0
relax_022.csv,relax_022,39,1100,1150,4.4,relax,0,3.5494653250534465,3.9535535065562546,34.0,302.70584717787773,35.0
relax_022.csv,relax_022,40,1125,1175,4.5,relax,0,3.5226795756532443,4.002736625832403,33.0,300.91766754651394,34.0
relax_022.csv,relax_022,41,1150,1200,4.6,relax,0,3.1789859262212605,3.6898133316209507,34.0,277.63136429732907,34.0
relax_022.csv,relax_022,42,1175,1225,4.7,relax,0,2.558958481238176,2.987547797419715,35.0,224.73645669338174,32.0
relax_022.csv,relax_022,43,1200,1250,4.8,relax,0,2.859716946031516,3.3693430633687957,33.0,245.7993763505866,30.0
relax_023.csv,relax_023,0,125,175,0.5,relax,0,2.2001198875226855,2.7621418877746984,31.0,181.65855428194547,24.0
relax_023.csv,relax_023,1,150,200,0.6,relax,0,1.744745790974899,2.106468323997968,30.0,145.25419199876677,18.0
relax_023.csv,relax_023,2,175,225,0.7,relax,0,3.036576215170103,3.8294010780140497,33.0,266.9409218505613,26.0
relax_023.csv,relax_023,3,200,250,0.8,relax,0,4.058232212514673,4.623114139657929,35.0,355.83547682946954,35.0
relax_023.csv,relax_023,4,225,275,0.9,relax,0,3.4292808300621385,3.901111486154169,34.0,297.90438673352185,35.0
relax_023.csv,relax_023,5,250,300,1.0,relax,0,2.9548832583740245,3.4600265892911435,34.0,262.7027777672233,33.0
relax_023.csv,relax_023,6,275,325,1.1,relax,0,3.08832612815126,3.7274911842071665,34.0,276.70660510578193,32.0
relax_023.csv,relax_023,7,300,350,1.2,relax,0,3.2985624249672183,3.896852739392495,36.0,289.3926952654382,33.0
relax_023.csv,relax_023,8,325,375,1.3,relax,0,3.3509267688835935,3.9009001703959707,36.0,294.8648239322161,34.0
relax_023.csv,relax_023,9,350,400,1.4,relax,0,2.9641073277584638,3.472410299088592,35.0,255.57306137262114,32.0
relax_023.csv,relax_023,10,375,425,1.5,relax,0,2.7004491737377276,3.142980669990546,35.0,236.85436500989206,32.0
relax_023.csv,relax_023,11,400,450,1.6,relax,0,3.0478222286496934,3.493922380297703,36.0,270.1905860517109,35.0
relax_023.csv,relax_023,12,425,475,1.7,relax,0,3.703621251452197,4.228904459543322,35.0,326.83652553620107,35.0
relax_023.csv,relax_023,13,450,500,1.8,relax,0,3.90966071660746,4.641464765144649,33.0,346.4160499607212,31.0
relax_023.csv,relax_023,14,475,525,1.9,relax,0,3.627391465956927,4.403520662448071,33.0,316.5016583317832,31.0
relax_023.csv,relax_023,15,500,550,2.0,relax,0,2.9181933306342605,3.5710973717048304,35.0,254.56624418100608,30.0
relax_023.csv,relax_023,16,525,575,2.1,relax,0,2.87353913796879,3.586858911943244,34.0,255.6249743452571,30.0
relax_023.csv,relax_023,17,550,600,2.2,relax,0,3.349478757948657,3.9862679760480324,34.0,295.8174540017247,32.0
relax_023.csv,relax_023,18,575,625,2.3,relax,0,3.329661515268433,3.923323725513154,36.0,297.5190016293838,33.0
relax_023.csv,relax_023,19,600,650,2.4,relax,0,3.590126674145194,4.32450371737978,35.0,323.1994794945016,33.0
relax_023.csv,relax_023,20,625,675,2.5,relax,0,3.4061504311980144,4.180530425504484,31.0,304.87048478930086,31.0
relax_023.csv,relax_023,21,650,700,2.6,relax,0,3.2546991143499793,3.860781518180874,32.0,288.52628078720187,33.0
relax_023.csv,relax_023,22,675,725,2.7,relax,0,2.7450246711862163,3.2177433492136225,33.0,244.8006411481697,30.0
relax_023.csv,relax_023,23,700,750,2.8,relax,0,2.6184845458456114,3.1838729739666083,32.0,233.96188769127113,27.0
relax_023.csv,relax_023,24,725,775,2.9,relax,0,3.200159413330168,3.7608542930935167,35.0,289.1981489922401,34.0
relax_023.csv,relax_023,25,750,800,3.0,relax,0,3.781852343957615,4.412450481017482,36.0,338.92591287546503,35.0
relax_023.csv,relax_023,26,775,825,3.1,relax,0,4.033914175519902,4.860347278876274,34.0,362.616834625553,32.0
relax_023.csv,relax_023,27,800,850,3.2,relax,0,3.8668148131203206,4.726175259275458,34.0,356.3565376305175,33.0
relax_023.csv,relax_023,28,825,875,3.3,relax,0,3.3322909071546034,4.156402161857903,36.0,313.1464531765188,32.0
relax_023.csv,relax_023,29,850,900,3.4,relax,0,3.306915559459274,3.953825397081342,36.0,303.6833862177147,33.0
relax_023.csv,relax_023,30,875,925,3.5,relax,0,3.400796320718616,3.9279155604639344,34.0,302.42040982769,33.0
relax_023.csv,relax_023,31,900,950,3.6,relax,0,2.903840514230376,3.397834134502099,32.0,247.141182844505,30.0
relax_023.csv,relax_023,32,925,975,3.7,relax,0,3.627179826762478,4.265769149180896,33.0,304.3850917078552,33.0
relax_023.csv,relax_023,33,950,1000,3.8,relax,0,4.194470112348858,4.779870658223022,34.0,364.22361881151875,35.0
relax_023.csv,relax_023,34,975,1025,3.9,relax,0,4.212881118466794,4.742426874203999,33.0,360.4687285715152,34.0
relax_023.csv,relax_023,35,1000,1050,4.0,relax,0,3.6643919554506343,4.275828826148036,34.0,322.901248847281,34.0
relax_023.csv,relax_023,36,1025,1075,4.1,relax,0,2.8832875039985764,3.3177474533914073,34.0,251.28030840584302,33.0
relax_023.csv,relax_023,37,1050,1100,4.2,relax,0,2.3802621868854086,2.7690067424358937,35.0,208.80885208428373,31.0
relax_023.csv,relax_023,38,1075,1125,4.3,relax,0,2.1319682436632323,2.523741536284504,32.0,187.14753156532726,30.0
relax_023.csv,relax_023,39,1100,1150,4.4,relax,0,2.8790154802640107,3.40152579237021,32.0,257.35700068049846,32.0
relax_023.csv,relax_023,40,1125,1175,4.5,relax,0,2.4101901710110214,3.0311049255136946,29.0,210.56121246557558,24.0
relax_023.csv,relax_023,41,1150,1200,4.6,relax,0,2.1873706503693158,2.7651891203875594,31.0,203.56724262806432,26.0
relax_023.csv,relax_023,42,1175,1225,4.7,relax,0,3.107106722189712,3.6678283731214387,35.0,284.90186143271603,33.0
relax_023.csv,relax_023,43,1200,1250,4.8,relax,0,3.6290945088459328,4.320606274504972,34.0,324.6420653837873,32.0
relax_024.csv,relax_024,0,125,175,0.5,relax,0,4.02326133924274,4.552536188445729,35.0,355.6886543282255,34.0
relax_024.csv,relax_024,1,150,200,0.6,relax,0,3.640981927880941,4.140831181246346,35.0,326.75587367870787,36.0
relax_024.csv,relax_024,2,175,225,0.7,relax,0,2.9715789301901494,3.400901164599391,34.0,260.47592696374653,34.0
relax_024.csv,relax_024,3,200,250,0.8,relax,0,2.6926094242508656,3.221006478841685,33.0,244.02785073586506,31.0
relax_024.csv,relax_024,4,225,275,0.9,relax,0,3.4627609210544947,4.1705586375949935,34.0,312.9785093294599,32.0
relax_024.csv,relax_024,5,250,300,1.0,relax,0,3.3957608377159456,4.082332016526852,32.0,297.3903297430647,30.0
relax_024.csv,relax_024,6,275,325,1.1,relax,0,3.0186045107145363,3.528790434140541,34.0,267.71724109969955,31.0
relax_024.csv,relax_024,7,300,350,1.2,relax,0,3.4668946104407303,3.987403508604209,34.0,310.6443650056252,35.0
relax_024.csv,relax_024,8,325,375,1.3,relax,0,3.1012703842889833,3.5831387255411205,34.0,279.3616540480024,35.0
relax_024.csv,relax_024,9,350,400,1.4,relax,0,2.920958380783926,3.3335155117864743,33.0,250.3462388030896,34.0
relax_024.csv,relax_024,10,375,425,1.5,relax,0,3.7306105402179965,4.291374326946443,33.0,327.24250028258706,34.0
relax_024.csv,relax_024,11,400,450,1.6,relax,0,4.010888673008612,4.601649131369585,33.0,341.93246427313824,34.0
relax_024.csv,relax_024,12,425,475,1.7,relax,0,3.888732469039523,4.452594986243803,34.0,336.12164248857135,35.0
relax_024.csv,relax_024,13,450,500,1.8,relax,0,3.752253626104217,4.217337871909474,35.0,334.28114795290236,36.0
relax_024.csv,relax_024,14,475,525,1.9,relax,0,3.230759019232286,3.7612663032575453,35.0,290.74639435979725,33.0
relax_024.csv,relax_024,15,500,550,2.0,relax,0,2.293104294051277,2.962801946559176,34.0,206.13156559389023,24.0
relax_024.csv,relax_024,16,525,575,2.1,relax,0,2.159189538971505,2.677196363226399,32.0,187.65545080664413,24.0
relax_024.csv,relax_024,17,550,600,2.2,relax,0,3.5890767269657964,4.233530098629318,34.0,316.2689284217369,34.0
relax_024.csv,relax_024,18,575,625,2.3,relax,0,3.6523873222896075,4.297701144298504,35.0,320.4704265492896,34.0
relax_024.csv,relax_024,19,600,650,2.4,relax,0,3.3929153267555154,3.9055304095678616,33.0,293.21004918475643,34.0
relax_024.csv,relax_024,20,625,675,2.5,relax,0,2.8153652723622327,3.3850793236680428,35.0,244.5818245402612,29.0
relax_024.csv,relax_024,21,650,700,2.6,relax,0,2.548735933418652,3.214057419500452,35.0,221.3896872306166,28.0
relax_024.csv,relax_024,22,675,725,2.7,relax,0,3.0339907054309028,3.621455566597839,36.0,277.33041527271786,34.0
relax_024.csv,relax_024,23,700,750,2.8,relax,0,2.690739580609273,3.0763628906399587,34.0,244.95153845926993,34.0
relax_024.csv,relax_024,24,725,775,2.9,relax,0,3.1983686898466703,3.743115306793645,33.0,279.9563654298098,33.0
relax_024.csv,relax_024,25,750,800,3.0,relax,0,3.3785643339964877,3.8819244604847514,35.0,299.6532323067543,35.0
relax_024.csv,relax_024,26,775,825,3.1,relax,0,3.4154759442898994,3.9300587491464087,35.0,304.7209873830353,35.0
relax_024.csv,relax_024,27,800,850,3.2,relax,0,3.0610032989171456,3.6900048238612633,33.0,274.32803958956055,32.0
relax_024.csv,relax_024,28,825,875,3.3,relax,0,2.6241058290481982,3.12294074462484,32.0,235.69494162406565,30.0
relax_024.csv,relax_024,29,850,900,3.4,relax,0,2.5692427580534285,3.0461483799829217,31.0,224.14736873705567,30.0
relax_024.csv,relax_024,30,875,925,3.5,relax,0,1.9763222822999353,2.366199168557021,32.0,164.065531473456,26.0
relax_024.csv,relax_024,31,900,950,3.6,relax,0,1.7859123539835469,2.0989056784178537,34.0,158.635271309257,26.0
relax_024.csv,relax_024,32,925,975,3.7,relax,0,2.3057057188658536,2.6882363241824914,34.0,199.88713836204244,31.0
relax_024.csv,relax_024,33,950,1000,3.8,relax,0,3.4355447682801503,4.02028088520598,33.0,300.93112494951555,34.0
relax_024.csv,relax_024,34,975,1025,3.9,relax,0,3.407615434080644,4.049765589477589,33.0,299.02101478933974,32.0
relax_024.csv,relax_024,35,1000,1050,4.0,relax,0,3.3602424635505663,3.912752897133952,33.0,289.3314490548663,33.0
relax_024.csv,relax_024,36,1025,1075,4.1,relax,0,3.512819672754118,4.027802313810164,33.0,302.641372276232,34.0
relax_024.csv,relax_024,37,1050,1100,4.2,relax,0,2.8242525302586174,3.2412052745881583,34.0,249.35257019006932,33.0
relax_024.csv,relax_024,38,1075,1125,4.3,relax,0,2.645730339550543,3.1464234833676326,35.0,243.41611151388182,31.0
relax_024.csv,relax_024,39,1100,1150,4.4,relax,0,2.7190551397767844,3.336314572732944,35.0,245.50089894480456,30.0
relax_024.csv,relax_024,40,1125,1175,4.5,relax,0,2.8551676137944226,3.4181146012717325,33.0,253.9939679704043,33.0
relax_024.csv,relax_024,41,1150,1200,4.6,relax,0,3.7055297816900405,4.275216067871273,32.0,309.7046583778531,33.0
relax_024.csv,relax_024,42,1175,1225,4.7,relax,0,4.015265055168609,4.569336244768331,32.0,328.9075785158632,32.0
relax_024.csv,relax_024,43,1200,1250,4.8,relax,0,3.5596172466495246,4.098034905568089,32.0,298.8979556740618,31.0
relax_025.csv,relax_025,0,125,175,0.5,relax,0,3.485410459241621,4.033970129764337,34.0,292.8942060041405,33.0
relax_025.csv,relax_025,1,150,200,0.6,relax,0,2.7385385031991234,3.396939984080492,33.0,234.81227559576786,31.0
relax_025.csv,relax_025,2,175,225,0.7,relax,0,2.433756066689616,2.8757561810304475,32.0,210.14932589939343,31.0
relax_025.csv,relax_025,3,200,250,0.8,relax,0,3.307866526282625,3.7114355408971598,34.0,286.6930713505388,35.0
relax_025.csv,relax_025,4,225,275,0.9,relax,0,3.910710314116618,4.44079020245871,34.0,339.0097823426813,35.0
relax_025.csv,relax_025,5,250,300,1.0,relax,0,4.176935574884091,4.878275640229579,33.0,355.97006883853345,34.0
relax_025.csv,relax_025,6,275,325,1.1,relax,0,3.520639627687266,4.2425834001365015,33.0,306.55274277535784,33.0
relax_025.csv,relax_025,7,300,350,1.2,relax,0,2.709215735988948,3.2484915872544082,32.0,238.26089933091615,31.0
relax_025.csv,relax_025,8,325,375,1.3,relax,0,2.811550594675929,3.3499846183733317,34.0,242.32914051235136,32.0
relax_025.csv,relax_025,9,350,400,1.4,relax,0,3.381956193337487,4.003553291907897,34.0,297.9512248164279,34.0
relax_025.csv,relax_025,10,375,425,1.5,relax,0,2.932723097987349,3.5570178687450444,33.0,255.64124212895973,33.0
relax_025.csv,relax_025,11,400,450,1.6,relax,0,2.4408803894321016,2.852430553499714,34.0,218.89107491250786,32.0
relax_025.csv,relax_025,12,425,475,1.7,relax,0,2.808079475297528,3.2205243728750927,34.0,249.9903318791903,33.0
relax_025.csv,relax_025,13,450,500,1.8,relax,0,2.788708255371679,3.272783709415702,35.0,246.65958493061333,30.0
relax_025.csv,relax_025,14,475,525,1.9,relax,0,2.5292421543521537,3.2434207843877867,29.0,215.86679900583667,24.0
relax_025.csv,relax_025,15,500,550,2.0,relax,0,3.201717260524524,3.916903967758109,28.0,273.0639501770945,28.0
relax_025.csv,relax_025,16,525,575,2.1,relax,0,4.069034037443617,4.655346980641902,34.0,360.35457128493204,35.0
relax_025.csv,relax_025,17,550,600,2.2,relax,0,3.084634506939273,3.813939113932744,34.0,266.4635989459872,29.0
relax_025.csv,relax_025,18,575,625,2.3,relax,0,2.036481482816467,2.552467118103836,31.0,166.30068856866848,23.0
relax_025.csv,relax_025,19,600,650,2.4,relax,0,2.8466182736085552,3.3629022822959747,30.0,227.76186533581867,27.0
relax_025.csv,relax_025,20,625,675,2.5,relax,0,3.068150225207917,3.5871333411028994,28.0,249.01296647919398,28.0
relax_025.csv,relax_025,21,650,700,2.6,relax,0,2.764753101476993,3.3138142963809343,28.0,229.9593460611405,27.0
relax_025.csv,relax_025,22,675,725,2.7,relax,0,2.337510012023881,2.7619941536122865,34.0,199.16930392007856,25.0
relax_025.csv,relax_025,23,700,750,2.8,relax,0,2.7445358331125003,3.2986834218180348,34.0,248.00196703016894,28.0
relax_025.csv,relax_025,24,725,775,2.9,relax,0,2.49453547919525,3.1195053781087494,32.0,219.91998994602918,24.0
relax_025.csv,relax_025,25,750,800,3.0,relax,0,2.401119483562078,2.9831189305203814,32.0,201.63877859688458,23.0
relax_025.csv,relax_025,26,775,825,3.1,relax,0,2.9351798370817126,3.4324979105917826,33.0,252.5262850468983,30.0
relax_025.csv,relax_025,27,800,850,3.2,relax,0,2.4395967705641364,2.8303228382406873,33.0,214.6842934262588,30.0
relax_025.csv,relax_025,28,825,875,3.3,relax,0,3.5235311266629536,4.07853048211818,33.0,298.5085118390268,34.0
relax_025.csv,relax_025,29,850,900,3.4,relax,0,4.448209454331058,4.976442456775341,34.0,386.4385049376023,35.0
relax_025.csv,relax_025,30,875,925,3.5,relax,0,3.4666160456555137,4.299895429040431,34.0,312.742448598499,29.0
relax_025.csv,relax_025,31,900,950,3.6,relax,0,2.6278007924420637,3.3502243878463767,33.0,235.12805270559295,28.0
relax_025.csv,relax_025,32,925,975,3.7,relax,0,3.3271613091073378,3.9022804059597833,35.0,300.2924076474305,35.0
relax_025.csv,relax_025,33,950,1000,3.8,relax,0,3.5842739284226433,4.242230623850702,33.0,315.9465215417645,31.0
relax_025.csv,relax_025,34,975,1025,3.9,relax,0,2.541929437722525,3.1476301182768,32.0,218.3951654443936,28.0
relax_025.csv,relax_025,35,1000,1050,4.0,relax,0,1.875183459572402,2.1473555455914006,35.0,167.45404258157325,29.0
relax_025.csv,relax_025,36,1025,1075,4.1,relax,0,2.5090137832323167,3.025419125948619,34.0,224.4485069622694,31.0
relax_025.csv,relax_025,37,1050,1100,4.2,relax,0,3.1042252933650247,3.615259767039373,33.0,272.50879022900085,33.0
relax_025.csv,relax_025,38,1075,1125,4.3,relax,0,3.0512824123457625,3.4835684508564575,34.0,271.6229474894075,35.0
relax_025.csv,relax_025,39,1100,1150,4.4,relax,0,2.899927192308871,3.3741318527759843,34.0,260.8343862115701,32.0
relax_025.csv,relax_025,40,1125,1175,4.5,relax,0,2.652251113302637,3.130420257854933,33.0,234.2442262722956,31.0
relax_025.csv,relax_025,41,1150,1200,4.6,relax,0,2.6332886832854028,3.017063482117783,33.0,233.65034322339636,33.0
relax_025.csv,relax_025,42,1175,1225,4.7,relax,0,2.671307461149803,3.1850652874494325,31.0,232.7757309095374,28.0
relax_025.csv,relax_025,43,1200,1250,4.8,relax,0,2.6460574156872587,3.3780239433718218,31.0,236.54840030344334,27.0
relax_026.csv,relax_026,0,125,175,0.5,relax,0,4.3992410716037575,4.9710360368323405,35.0,376.2015220318581,36.0
relax_026.csv,relax_026,1,150,200,0.6,relax,0,3.9777065562146054,4.563899662794118,35.0,346.9844931641891,35.0
relax_026.csv,relax_026,2,175,225,0.7,relax,0,3.6655941627826456,4.357628729516849,33.0,328.66943801452345,33.0
relax_026.csv,relax_026,3,200,250,0.8,relax,0,2.6684018737358435,3.320077836148726,33.0,243.28955783318463,30.0
relax_026.csv,relax_026,4,225,275,0.9,relax,0,1.9696136510414826,2.380488920095989,33.0,168.5907939735372,26.0
relax_026.csv,relax_026,5,250,300,1.0,relax,0,3.315541948494243,4.112342852316753,32.0,287.0559429866526,29.0
relax_026.csv,relax_026,6,275,325,1.1,relax,0,4.3907094635881485,4.952726432436012,34.0,380.804292241294,34.0
relax_026.csv,relax_026,7,300,350,1.2,relax,0,4.108639143088593,4.629047855780278,34.0,355.9713965757128,35.0
relax_026.csv,relax_026,8,325,375,1.3,relax,0,4.190268690321358,4.774361834466128,33.0,361.1292734841388,34.0
relax_026.csv,relax_026,9,350,400,1.4,relax,0,3.278706372917481,4.01919683876355,31.0,288.5709156001953,29.0
relax_026.csv,relax_026,10,375,425,1.5,relax,0,3.000007455292788,3.5860561821830967,31.0,257.769835575571,29.0
relax_026.csv,relax_026,11,400,450,1.6,relax,0,3.346050876910086,4.039551323764262,35.0,293.70346038870713,33.0
relax_026.csv,relax_026,12,425,475,1.7,relax,0,2.8694252714792827,3.5994728753282943,36.0,260.51539282804185,32.0
relax_026.csv,relax_026,13,450,500,1.8,relax,0,3.0653059759062677,3.5524303724059143,35.0,277.24354600138696,35.0
relax_026.csv,relax_026,14,475,525,1.9,relax,0,3.5942123697920034,4.08188081312427,35.0,320.2042051340199,36.0
relax_026.csv,relax_026,15,500,550,2.0,relax,0,3.2697231717084385,3.8253421831461405,36.0,298.3191406083163,32.0
relax_026.csv,relax_026,16,525,575,2.1,relax,0,2.7679657134695264,3.3696485827449685,33.0,247.85083754151827,28.0
relax_026.csv,relax_026,17,550,600,2.2,relax,0,2.898767112331662,3.559215197147474,33.0,262.19244755235894,30.0
relax_026.csv,relax_026,18,575,625,2.3,relax,0,4.006794499972893,4.7533359497628975,35.0,360.59086229624637,34.0
relax_026.csv,relax_026,19,600,650,2.4,relax,0,3.980794303837026,4.657400657790018,35.0,356.079702170262,35.0
relax_026.csv,relax_026,20,625,675,2.5,relax,0,2.603153940424499,3.0461855823828206,35.0,232.09301518377933,32.0
relax_026.csv,relax_026,21,650,700,2.6,relax,0,2.68344530112494,3.180029410147318,35.0,239.80658554406997,32.0
relax_026.csv,relax_026,22,675,725,2.7,relax,0,2.7902141085432226,3.3745145181633025,34.0,246.86856985164545,32.0
relax_026.csv,relax_026,23,700,750,2.8,relax,0,2.9617701553735727,3.5278749915387735,34.0,260.4935584211455,32.0
relax_026.csv,relax_026,24,725,775,2.9,relax,0,3.107322535328584,3.57044687028044,35.0,275.77853854751663,35.0
relax_026.csv,relax_026,25,750,800,3.0,relax,0,2.910544499108793,3.3559723439991638,35.0,255.590839225346,35.0
relax_026.csv,relax_026,26,775,825,3.1,relax,0,3.013454977549703,3.4913540941424466,36.0,270.8391268314659,35.0
relax_026.csv,relax_026,27,800,850,3.2,relax,0,2.6621832365096414,3.0333787575123745,34.0,229.3858358499286,35.0
relax_026.csv,relax_026,28,825,875,3.3,relax,0,2.2919484013274625,2.6265221741991085,32.0,193.87562360821158,31.0
relax_026.csv,relax_026,29,850,900,3.4,relax,0,3.369784343814695,4.186895505167882,32.0,292.75679489150696,31.0
relax_026.csv,relax_026,30,875,925,3.5,relax,0,3.863678281723285,4.73065798980075,35.0,338.3901194328107,30.0
relax_026.csv,relax_026,31,900,950,3.6,relax,0,3.7168369193944484,4.467413830433371,35.0,318.7995724554143,30.0
relax_026.csv,relax_026,32,925,975,3.7,relax,0,3.3573828420823615,4.001191716632812,33.0,296.07640519234167,30.0
relax_026.csv,relax_026,33,950,1000,3.8,relax,0,2.962194246611952,3.6390826740098405,31.0,258.1951209623459,27.0
relax_026.csv,relax_026,34,975,1025,3.9,relax,0,3.03963009759092,3.6809519502176244,32.0,267.80191661113184,30.0
relax_026.csv,relax_026,35,1000,1050,4.0,relax,0,3.119430508706129,3.6511186527632735,34.0,274.6422645247052,34.0
relax_026.csv,relax_026,36,1025,1075,4.1,relax,0,3.516355358511438,3.9977045644204625,35.0,309.1481885085677,35.0
relax_026.csv,relax_026,37,1050,1100,4.2,relax,0,2.993384265345301,3.538217140051762,33.0,261.31785830523023,32.0
relax_026.csv,relax_026,38,1075,1125,4.3,relax,0,3.5095507530288184,4.1800705457949645,33.0,310.732456864909,32.0
relax_026.csv,relax_026,39,1100,1150,4.4,relax,0,3.448551510379693,4.0721314751126325,35.0,305.43170881022394,33.0
relax_026.csv,relax_026,40,1125,1175,4.5,relax,0,3.2093114324540744,3.7503739696071516,35.0,286.60179659624714,33.0
relax_026.csv,relax_026,41,1150,1200,4.6,relax,0,3.3509814932997837,3.942175242190407,35.0,295.8588071565305,30.0
relax_026.csv,relax_026,42,1175,1225,4.7,relax,0,2.8537837755395197,3.4253066545862003,35.0,250.42410754816592,29.0
relax_026.csv,relax_026,43,1200,1250,4.8,relax,0,3.513233749700464,4.140969270052474,34.0,311.01628182225255,33.0
relax_027.csv,relax_027,0,125,175,0.5,relax,0,3.6494989605212846,4.239367500994937,34.0,304.91767229753884,32.0
relax_027.csv,relax_027,1,150,200,0.6,relax,0,4.05189972888577,4.680434418128171,33.0,350.5514407593101,33.0
relax_027.csv,relax_027,2,175,225,0.7,relax,0,4.661531658108908,5.413025237096401,34.0,412.8202206029037,34.0
relax_027.csv,relax_027,3,200,250,0.8,relax,0,4.5830970529732316,5.273693963186753,33.0,396.90147551024864,34.0
relax_027.csv,relax_027,4,225,275,0.9,relax,0,3.1244383539966454,3.582698460606019,34.0,272.06661921729557,34.0
relax_027.csv,relax_027,5,250,300,1.0,relax,0,2.369135505112817,2.6980238453190855,33.0,200.7412210032692,31.0
relax_027.csv,relax_027,6,275,325,1.1,relax,0,2.103768697309832,2.4213847500728667,32.0,177.56788546878295,29.0
relax_027.csv,relax_027,7,300,350,1.2,relax,0,1.9769461591011412,2.4427697330274976,28.0,159.9199644694711,24.0
relax_027.csv,relax_027,8,325,375,1.3,relax,0,2.609069076929188,3.174547227869958,31.0,225.46953576386596,29.0
relax_027.csv,relax_027,9,350,400,1.4,relax,0,2.7055623385662777,3.104532826188587,35.0,234.40014419832414,34.0
relax_027.csv,relax_027,10,375,425,1.5,relax,0,2.934884010397068,3.5145543449192163,35.0,252.0285727948941,31.0
relax_027.csv,relax_027,11,400,450,1.6,relax,0,3.773802091722375,4.431512223323482,35.0,332.6100976114304,33.0
relax_027.csv,relax_027,12,425,475,1.7,relax,0,3.429283042226235,4.072018108301441,34.0,296.19465030327854,33.0
relax_027.csv,relax_027,13,450,500,1.8,relax,0,3.245570816253155,3.7906144853802233,33.0,283.51804750159937,32.0
relax_027.csv,relax_027,14,475,525,1.9,relax,0,4.078385454173791,4.618317804297293,34.0,356.4571811590723,34.0
relax_027.csv,relax_027,15,500,550,2.0,relax,0,4.550567407142804,5.058128770492814,34.0,396.03976884406495,35.0
relax_027.csv,relax_027,16,525,575,2.1,relax,0,5.018668491989575,5.769339928154087,34.0,449.249891250353,35.0
relax_027.csv,relax_027,17,550,600,2.2,relax,0,4.487242315479219,5.433350873759678,35.0,405.9639066009822,34.0
relax_027.csv,relax_027,18,575,625,2.3,relax,0,3.0015389149374294,3.5853474569616317,35.0,258.44458683786127,34.0
relax_027.csv,relax_027,19,600,650,2.4,relax,0,3.446705101659777,3.9746007972244595,35.0,300.4553535510154,36.0
relax_027.csv,relax_027,20,625,675,2.5,relax,0,4.337919407731159,4.808710877896686,35.0,379.92921526158807,35.0
relax_027.csv,relax_027,21,650,700,2.6,relax,0,3.4772354192568717,3.9638348550920974,35.0,300.4001890915627,34.0
relax_027.csv,relax_027,22,675,725,2.7,relax,0,2.658909613869838,3.0029974562957085,35.0,229.36040951795232,34.0
relax_027.csv,relax_027,23,700,750,2.8,relax,0,2.789955434586221,3.196858334213928,34.0,245.83275646977341,34.0
relax_027.csv,relax_027,24,725,775,2.9,relax,0,2.847435868966118,3.2313357917773082,34.0,253.14184962685354,35.0
relax_027.csv,relax_027,25,750,800,3.0,relax,0,3.838539711855012,4.4394165872117854,34.0,333.71551426353295,35.0
relax_027.csv,relax_027,26,775,825,3.1,relax,0,4.757244485030964,5.295548831385496,33.0,405.90937310385544,34.0
relax_027.csv,relax_027,27,800,850,3.2,relax,0,4.23825219955166,4.725376411847951,35.0,368.7184079328677,35.0
relax_027.csv,relax_027,28,825,875,3.3,relax,0,3.900456846751506,4.351390599402176,35.0,340.71716822540037,36.0
relax_027.csv,relax_027,29,850,900,3.4,relax,0,3.977064213260296,4.517667309691949,35.0,356.24694886704935,36.0
relax_027.csv,relax_027,30,875,925,3.5,relax,0,3.7465436009910964,4.307821208236925,34.0,325.4285316853239,34.0
relax_027.csv,relax_027,31,900,950,3.6,relax,0,3.2016272296746076,3.820358442147917,34.0,279.77579063135926,31.0
relax_027.csv,relax_027,32,925,975,3.7,relax,0,2.980207916765321,3.642186393607068,34.0,261.8739466892385,29.0
relax_027.csv,relax_027,33,950,1000,3.8,relax,0,3.5737843204071873,4.1753062442331625,34.0,316.1599155258218,33.0
relax_027.csv,relax_027,34,975,1025,3.9,relax,0,2.857660896426013,3.5360565510799113,35.0,259.86246060645095,30.0
relax_027.csv,relax_027,35,1000,1050,4.0,relax,0,1.8591402534344423,2.243230971003483,32.0,164.40957701963563,24.0
relax_027.csv,relax_027,36,1025,1075,4.1,relax,0,3.1487566073953754,3.8146061549896464,34.0,279.3897876327045,31.0
relax_027.csv,relax_027,37,1050,1100,4.2,relax,0,3.4460583945302314,4.16120553427671,33.0,307.6919281247445,32.0
relax_027.csv,relax_027,38,1075,1125,4.3,relax,0,2.5270347764950833,3.0835674793755308,33.0,222.5569311299018,31.0
relax_027.csv,relax_027,39,1100,1150,4.4,relax,0,3.47089775063388,4.177676318157279,34.0,299.92478315324206,34.0
relax_027.csv,relax_027,40,1125,1175,4.5,relax,0,4.266468183085925,5.006725997624396,33.0,369.03080753332637,34.0
relax_027.csv,relax_027,41,1150,1200,4.6,relax,0,3.753709343294909,4.363551907735511,35.0,333.36222436262005,36.0
relax_027.csv,relax_027,42,1175,1225,4.7,relax,0,3.206835174748061,3.6877166161096824,35.0,288.87832729842205,36.0
relax_027.csv,relax_027,43,1200,1250,4.8,relax,0,2.931726878329745,3.4689849863410838,32.0,255.8092804897156,32.0
relax_028.csv,relax_028,0,125,175,0.5,relax,0,3.247127540687046,4.033321506726571,33.0,282.97780620681584,29.0
relax_028.csv,relax_028,1,150,200,0.6,relax,0,2.934067622067216,3.5717197501247426,33.0,255.61264374052777,28.0
relax_028.csv,relax_028,2,175,225,0.7,relax,0,3.3666615350580407,4.1936899605354245,33.0,301.7322406443821,29.0
relax_028.csv,relax_028,3,200,250,0.8,relax,0,2.689189621718277,3.567386897755295,30.0,240.23696747916264,26.0
relax_028.csv,relax_028,4,225,275,0.9,relax,0,1.9122142610405404,2.2438200109957926,32.0,168.83595995724193,28.0
relax_028.csv,relax_028,5,250,300,1.0,relax,0,2.480727276075602,2.86415317571227,34.0,216.7200588360379,33.0
relax_028.csv,relax_028,6,275,325,1.1,relax,0,2.858752843945812,3.3176232438535465,35.0,254.56133111081905,33.0
relax_028.csv,relax_028,7,300,350,1.2,relax,0,2.7594701551677785,3.2882335000606617,36.0,253.00011605867547,32.0
relax_028.csv,relax_028,8,325,375,1.3,relax,0,3.2193888782114986,3.9039537817602277,34.0,276.8908899189629,31.0
relax_028.csv,relax_028,9,350,400,1.4,relax,0,3.1396352065631135,3.865320090956651,32.0,275.65871158096365,30.0
relax_028.csv,relax_028,10,375,425,1.5,relax,0,2.555340153815111,3.084728949028009,34.0,232.8451074211048,30.0
relax_028.csv,relax_028,11,400,450,1.6,relax,0,2.9656976912861923,3.7936465238642745,32.0,263.70454287896206,27.0
relax_028.csv,relax_028,12,425,475,1.7,relax,0,3.026625166298309,3.877230225836682,33.0,269.89158142822924,27.0
relax_028.csv,relax_028,13,450,500,1.8,relax,0,3.2898458713523384,3.994642275637398,35.0,287.19634783405957,30.0
relax_028.csv,relax_028,14,475,525,1.9,relax,0,4.025779256138002,4.731001332073411,33.0,348.59457966353136,34.0
relax_028.csv,relax_028,15,500,550,2.0,relax,0,4.422377301569377,5.0534710541080115,34.0,391.9946627156013,35.0
relax_028.csv,relax_028,16,525,575,2.1,relax,0,4.249719203082218,4.892281418114378,32.0,366.2961617097017,33.0
relax_028.csv,relax_028,17,550,600,2.2,relax,0,3.4142551143366164,4.0044955875841435,33.0,294.1026727130921,32.0
relax_028.csv,relax_028,18,575,625,2.3,relax,0,3.271866013017221,3.754389830961653,36.0,295.53161235152993,36.0
relax_028.csv,relax_028,19,600,650,2.4,relax,0,3.1814242398668453,3.6843464611547105,33.0,284.6262140396951,34.0
relax_028.csv,relax_028,20,625,675,2.5,relax,0,3.0081769697481566,3.5710304123270267,31.0,263.0014578739107,31.0
relax_028.csv,relax_028,21,650,700,2.6,relax,0,3.443227209507887,4.146624060601193,33.0,299.40036990796943,30.0
relax_028.csv,relax_028,22,675,725,2.7,relax,0,3.7696921495482045,4.7094164355925185,32.0,329.9674968512759,30.0
relax_028.csv,relax_028,23,700,750,2.8,relax,0,2.943686448135308,3.9606273372764007,31.0,252.2318208678612,25.0
relax_028.csv,relax_028,24,725,775,2.9,relax,0,2.3070167746792634,2.8395448711231044,32.0,203.62374859627022,25.0
relax_028.csv,relax_028,25,750,800,3.0,relax,0,2.4282715481865904,2.8203556122260545,34.0,213.86045335739504,30.0
relax_028.csv,relax_028,26,775,825,3.1,relax,0,2.1549711873281137,2.4996082711801844,34.0,190.08640844728887,30.0
relax_028.csv,relax_028,27,800,850,3.2,relax,0,2.9465018768084423,3.512048466803016,32.0,251.1095553786444,31.0
relax_028.csv,relax_028,28,825,875,3.3,relax,0,3.7774936005605446,4.295244502224738,34.0,328.7744235145753,34.0
relax_028.csv,relax_028,29,850,900,3.4,relax,0,3.2494703626128922,3.7135186791222625,33.0,276.455358677867,34.0
relax_028.csv,relax_028,30,875,925,3.5,relax,0,3.2462431198047583,3.7458098590099533,34.0,267.48931856782315,34.0
relax_028.csv,relax_028,31,900,950,3.6,relax,0,3.3367942580517944,3.9815627754397522,35.0,290.0888210017131,35.0
relax_028.csv,relax_028,32,925,975,3.7,relax,0,2.8900109585908673,3.4085939195880464,35.0,257.8704322773461,35.0
relax_028.csv,relax_028,33,950,1000,3.8,relax,0,2.426588705776499,2.843230713959065,32.0,209.08806612110652,28.0
relax_028.csv,relax_028,34,975,1025,3.9,relax,0,1.97504116849304,2.3617361844481084,31.0,164.80417244589648,24.0
relax_028.csv,relax_028,35,1000,1050,4.0,relax,0,2.1773079922215883,2.5936302459051146,33.0,193.46117445188665,28.0
relax_028.csv,relax_028,36,1025,1075,4.1,relax,0,2.8080264165927815,3.3302355234964542,35.0,251.77058227058237,30.0
relax_028.csv,relax_028,37,1050,1100,4.2,relax,0,2.751024718583301,3.2346182392716014,33.0,238.04926065121137,32.0
relax_028.csv,relax_028,38,1075,1125,4.3,relax,0,3.2268417717800344,3.740334596011166,35.0,281.5311329850474,34.0
relax_028.csv,relax_028,39,1100,1150,4.4,relax,0,4.719882549668064,5.231402261700036,34.0,402.65951675448645,35.0
relax_028.csv,relax_028,40,1125,1175,4.5,relax,0,4.565135779641357,5.096949238470986,34.0,388.72925742758343,35.0
relax_028.csv,relax_028,41,1150,1200,4.6,relax,0,3.6817550662988276,4.241649584794292,34.0,323.8734966301419,34.0
relax_028.csv,relax_028,42,1175,1225,4.7,relax,0,3.483410464639838,4.028782193566953,35.0,310.48566568742365,34.0
relax_028.csv,relax_028,43,1200,1250,4.8,relax,0,3.807902863812334,4.312053643779591,35.0,344.50519393018294,36.0
relax_029.csv,relax_029,0,125,175,0.5,relax,0,2.97956149886879,3.620974169721796,33.0,254.94327006043696,27.0
relax_029.csv,relax_029,1,150,200,0.6,relax,0,4.128829040769784,5.032375699357681,33.0,359.49544231961494,30.0
relax_029.csv,relax_029,2,175,225,0.7,relax,0,5.224208366583346,5.935856045883096,34.0,458.15870272978697,35.0
relax_029.csv,relax_029,3,200,250,0.8,relax,0,4.22245600883551,4.8786284124581725,33.0,353.86896091069093,33.0
relax_029.csv,relax_029,4,225,275,0.9,relax,0,2.8375643697560604,3.4961982944935577,32.0,240.10124781781516,28.0
relax_029.csv,relax_029,5,250,300,1.0,relax,0,2.6126017779753568,3.144529776051625,33.0,226.6178881319058,28.0
relax_029.csv,relax_029,6,275,325,1.1,relax,0,2.9531614971420383,3.46537394295567,34.0,258.80054871357527,31.0
relax_029.csv,relax_029,7,300,350,1.2,relax,0,3.6551661493730148,4.461835325523183,35.0,336.1736084298522,33.0
relax_029.csv,relax_029,8,325,375,1.3,relax,0,3.7350402593773904,4.5116557983867835,36.0,344.53290956127114,34.0
relax_029.csv,relax_029,9,350,400,1.4,relax,0,3.260129621698221,3.8351369997397002,34.0,291.14260858298934,33.0
relax_029.csv,relax_029,10,375,425,1.5,relax,0,3.735827912759753,4.428946400831118,34.0,316.28859727438567,32.0
relax_029.csv,relax_029,11,400,450,1.6,relax,0,3.9578956993570613,4.669251398464924,35.0,338.9297034124866,33.0
relax_029.csv,relax_029,12,425,475,1.7,relax,0,4.127491459407769,4.758888376038938,35.0,350.5335660414927,34.0
relax_029.csv,relax_029,13,450,500,1.8,relax,0,4.363343548099316,5.105757521869475,35.0,378.73733388474267,32.0
relax_029.csv,relax_029,14,475,525,1.9,relax,0,4.323237174166289,4.999230870924768,35.0,382.81169558747575,32.0
relax_029.csv,relax_029,15,500,550,2.0,relax,0,4.383325646465965,4.959090307956734,34.0,383.14876022599736,35.0
relax_029.csv,relax_029,16,525,575,2.1,relax,0,4.5739723725549775,5.545451280088123,33.0,401.95011127836193,34.0
relax_029.csv,relax_029,17,550,600,2.2,relax,0,4.037918737742419,5.046467399618734,33.0,356.2468086416995,34.0
relax_029.csv,relax_029,18,575,625,2.3,relax,0,3.167619385665976,3.8051066859348834,36.0,288.2454271796271,35.0
relax_029.csv,relax_029,19,600,650,2.4,relax,0,3.019070679871301,3.760313204706882,31.0,261.4684738837004,30.0
relax_029.csv,relax_029,20,625,675,2.5,relax,0,3.383686854235266,4.159526041248979,32.0,300.7024976435795,31.0
relax_029.csv,relax_029,21,650,700,2.6,relax,0,3.1958125082419087,3.856696384752198,33.0,275.6687119988778,32.0
relax_029.csv,relax_029,22,675,725,2.7,relax,0,3.887277490875951,4.651403244114483,33.0,326.2340819391065,33.0
relax_029.csv,relax_029,23,700,750,2.8,relax,0,4.851080163029192,5.709605543864612,33.0,415.46930966673375,34.0
relax_029.csv,relax_029,24,725,775,2.9,relax,0,3.871454463092741,4.744264559800457,34.0,333.491998943365,33.0
relax_029.csv,relax_029,25,750,800,3.0,relax,0,2.566862384512758,3.1399404806257913,32.0,219.18379629002106,26.0
relax_029.csv,relax_029,26,775,825,3.1,relax,0,2.7752884620132643,3.656502147302898,27.0,233.5114892810195,22.0
relax_029.csv,relax_029,27,800,850,3.2,relax,0,3.186318190471184,3.922049773579079,33.0,281.9903332925685,30.0
relax_029.csv,relax_029,28,825,875,3.3,relax,0,3.900898406484327,4.577021722983833,35.0,345.0022439211768,34.0
relax_029.csv,relax_029,29,850,900,3.4,relax,0,4.2224645490688335,4.937958124030343,33.0,370.4331535992328,32.0
relax_029.csv,relax_029,30,875,925,3.5,relax,0,3.58726990500591,4.290971149790933,32.0,298.1668046417817,31.0
relax_029.csv,relax_029,31,900,950,3.6,relax,0,3.540808174821752,4.241482256456227,32.0,308.0169885139481,33.0
relax_029.csv,relax_029,32,925,975,3.7,relax,0,3.6240939708733264,4.421635636848746,30.0,318.1855145030761,30.0
relax_029.csv,relax_029,33,950,1000,3.8,relax,0,4.506658261340124,5.376677948893024,31.0,396.9459023723515,31.0
relax_029.csv,relax_029,34,975,1025,3.9,relax,0,3.4369025372574136,4.461529806959108,32.0,301.4288946146325,28.0
relax_029.csv,relax_029,35,1000,1050,4.0,relax,0,2.5467591094897353,3.101909532632935,34.0,224.34912862490356,30.0
relax_029.csv,relax_029,36,1025,1075,4.1,relax,0,3.0166802247052225,3.924062972290512,32.0,274.06975359858285,29.0
relax_029.csv,relax_029,37,1050,1100,4.2,relax,0,3.0844673027379237,4.1393833075286945,28.0,276.12352653107564,25.0
relax_029.csv,relax_029,38,1075,1125,4.3,relax,0,3.3905423752839683,4.073544674229713,34.0,308.4380369522391,31.0
relax_029.csv,relax_029,39,1100,1150,4.4,relax,0,3.22072524515154,3.931174010925759,32.0,287.36104472691494,30.0
relax_029.csv,relax_029,40,1125,1175,4.5,relax,0,3.4237489482772467,4.237470013585016,32.0,300.9902370311422,30.0
relax_029.csv,relax_029,41,1150,1200,4.6,relax,0,3.8681226832384685,4.626759365198084,36.0,339.85588395990584,35.0
relax_029.csv,relax_029,42,1175,1225,4.7,relax,0,3.9569280496754042,4.640631746186116,34.0,349.32993001412257,34.0
relax_029.csv,relax_029,43,1200,1250,4.8,relax,0,3.7736822452047045,4.325043622844535,33.0,330.5863623359711,33.0
relax_030.csv,relax_030,0,125,175,0.5,relax,0,2.995210675769692,3.512912832145996,33.0,251.81954948779534,31.0
relax_030.csv,relax_030,1,150,200,0.6,relax,0,2.5225746083578877,3.0380041327207876,33.0,223.37033853493543,29.0
relax_030.csv,relax_030,2,175,225,0.7,relax,0,3.21415177506545,3.8581061530539817,34.0,285.79592487537616,31.0
relax_030.csv,relax_030,3,200,250,0.8,relax,0,3.410705456667488,4.050128586970018,35.0,302.69695145851085,31.0
relax_030.csv,relax_030,4,225,275,0.9,relax,0,2.7861963355634463,3.2867903578350703,34.0,251.8720389821181,32.0
relax_030.csv,relax_030,5,250,300,1.0,relax,0,2.716503452562295,3.0966414353622205,35.0,241.89145711644872,34.0
relax_030.csv,relax_030,6,275,325,1.1,relax,0,3.2017027342942885,3.7043356013124122,33.0,282.30091250301166,34.0
relax_030.csv,relax_030,7,300,350,1.2,relax,0,3.030898633122484,3.544400967116814,33.0,268.5497086395277,33.0
relax_030.csv,relax_030,8,325,375,1.3,relax,0,2.876432257791222,3.264304278635222,34.0,250.38807200346793,34.0
relax_030.csv,relax_030,9,350,400,1.4,relax,0,3.2480495627624233,3.702834513332497,35.0,294.6285678774799,36.0
relax_030.csv,relax_030,10,375,425,1.5,relax,0,3.5444148933720343,4.015057904758974,35.0,316.7739113515778,34.0
relax_030.csv,relax_030,11,400,450,1.6,relax,0,3.816323905572771,4.465440995342576,34.0,336.9208023114295,33.0
relax_030.csv,relax_030,12,425,475,1.7,relax,0,3.8179729324918217,4.657002945985046,34.0,339.83748640709587,31.0
relax_030.csv,relax_030,13,450,500,1.8,relax,0,3.72277411877007,4.364395326056271,34.0,319.9527535660685,33.0
relax_030.csv,relax_030,14,475,525,1.9,relax,0,4.35372872119914,4.9769622229647466,35.0,384.92886043258574,35.0
relax_030.csv,relax_030,15,500,550,2.0,relax,0,4.254007730909088,4.871621054214288,34.0,367.19506969756134,34.0
relax_030.csv,relax_030,16,525,575,2.1,relax,0,3.8621970685206595,4.352503891023006,34.0,336.02219015980745,35.0
relax_030.csv,relax_030,17,550,600,2.2,relax,0,3.753452271090831,4.353558474573439,34.0,323.1083280316977,33.0
relax_030.csv,relax_030,18,575,625,2.3,relax,0,2.664482818776334,3.3040884781529503,33.0,236.63267581344496,26.0
relax_030.csv,relax_030,19,600,650,2.4,relax,0,2.902704448125722,3.6403688696180843,34.0,251.09545443215055,27.0
relax_030.csv,relax_030,20,625,675,2.5,relax,0,3.839851923522798,4.472338697720192,34.0,335.57393458015537,34.0
relax_030.csv,relax_030,21,650,700,2.6,relax,0,3.7072040676832305,4.3149604648126765,34.0,319.9652314593013,34.0
relax_030.csv,relax_030,22,675,725,2.7,relax,0,2.9355012463188217,3.650310214614594,31.0,261.7893257151738,28.0
relax_030.csv,relax_030,23,700,750,2.8,relax,0,2.9721369095761276,3.693503595405915,31.0,268.3103341275103,27.0
relax_030.csv,relax_030,24,725,775,2.9,relax,0,3.049306495215794,3.6594884726182526,33.0,275.0318940913087,31.0
relax_030.csv,relax_030,25,750,800,3.0,relax,0,2.7287618061040693,3.2729615563332057,32.0,240.61948517243366,29.0
relax_030.csv,relax_030,26,775,825,3.1,relax,0,3.1016982412123952,3.7257538284148093,34.0,274.125643779654,30.0
relax_030.csv,relax_030,27,800,850,3.2,relax,0,3.2542245240294276,3.8907321455285695,32.0,292.1269663254889,30.0
relax_030.csv,relax_030,28,825,875,3.3,relax,0,3.844597118279518,4.485444680652059,32.0,344.5639758898329,32.0
relax_030.csv,relax_030,29,850,900,3.4,relax,0,3.6699217694073294,4.339178059600937,34.0,320.70397939829815,30.0
relax_030.csv,relax_030,30,875,925,3.5,relax,0,3.0207687400785437,3.6056059566326475,35.0,272.3230233210878,30.0
relax_030.csv,relax_030,31,900,950,3.6,relax,0,3.3124017235477403,3.9093936867858794,35.0,297.0074188645807,33.0
relax_030.csv,relax_030,32,925,975,3.7,relax,0,3.5997997062660265,4.274413926787546,35.0,325.10701547813704,33.0
relax_030.csv,relax_030,33,950,1000,3.8,relax,0,3.322268628902986,3.9533455095457244,36.0,304.9619380425476,33.0
relax_030.csv,relax_030,34,975,1025,3.9,relax,0,2.9283159166990287,3.4529700943498884,35.0,262.89934444114994,32.0
relax_030.csv,relax_030,35,1000,1050,4.0,relax,0,2.729230857129327,3.260399026335045,32.0,238.62806871054863,30.0
relax_030.csv,relax_030,36,1025,1075,4.1,relax,0,2.5144012740126773,3.1057903413196013,32.0,220.57538025626286,29.0
relax_030.csv,relax_030,37,1050,1100,4.2,relax,0,2.985669026841925,3.691939097883957,35.0,277.0311958016201,32.0
relax_030.csv,relax_030,38,1075,1125,4.3,relax,0,3.0492124821061712,3.7285211075844114,34.0,282.6586099202957,31.0
relax_030.csv,relax_030,39,1100,1150,4.4,relax,0,2.8988847582127533,3.607666182848003,32.0,265.3552099833542,29.0
relax_030.csv,relax_030,40,1125,1175,4.5,relax,0,3.1464943997000194,3.77409384621718,33.0,279.22532141393486,30.0
relax_030.csv,relax_030,41,1150,1200,4.6,relax,0,3.6327655266753145,4.118568157041727,33.0,312.0771469176583,33.0
relax_030.csv,relax_030,42,1175,1225,4.7,relax,0,4.122080440569772,4.591037200628427,34.0,356.8988625372098,35.0
relax_030.csv,relax_030,43,1200,1250,4.8,relax,0,3.8734233715715503,4.398527680485503,35.0,341.75017898743823,36.0
relax_031.csv,relax_031,0,125,175,0.5,relax,0,3.057134193603885,3.663532615619444,35.0,275.9498460775082,33.0
relax_031.csv,relax_031,1,150,200,0.6,relax,0,3.1704014445090167,3.7547539645223527,34.0,285.44418113097595,34.0
relax_031.csv,relax_031,2,175,225,0.7,relax,0,3.273557241175029,3.7262388775061543,34.0,285.1913400313695,35.0
relax_031.csv,relax_031,3,200,250,0.8,relax,0,3.2551126095292897,3.691588795949042,33.0,281.05936810383247,34.0
relax_031.csv,relax_031,4,225,275,0.9,relax,0,3.2234372623894463,3.8257576190847953,33.0,278.54233030401053,32.0
relax_031.csv,relax_031,5,250,300,1.0,relax,0,3.0518231414552908,3.691591549448902,30.0,251.11447838769737,27.0
relax_031.csv,relax_031,6,275,325,1.1,relax,0,2.630583170377063,3.2127656758746514,27.0,207.52338846899957,22.0
relax_031.csv,relax_031,7,300,350,1.2,relax,0,2.654301117555421,3.2645201855882533,29.0,219.79031898758217,25.0
relax_031.csv,relax_031,8,325,375,1.3,relax,0,2.7852525230940817,3.3198890996384325,32.0,230.0197180494419,29.0
relax_031.csv,relax_031,9,350,400,1.4,relax,0,2.7869766053990572,3.2909243704601625,33.0,234.75625261227128,30.0
relax_031.csv,relax_031,10,375,425,1.5,relax,0,3.306560036565611,3.9790953920706644,33.0,277.11920211739744,33.0
relax_031.csv,relax_031,11,400,450,1.6,relax,0,3.1916285859196445,3.7685942653236943,33.0,257.9622645130782,34.0
relax_031.csv,relax_031,12,425,475,1.7,relax,0,2.607207103024623,2.901134107419229,34.0,227.26641454009498,35.0
relax_031.csv,relax_031,13,450,500,1.8,relax,0,2.8654719705299057,3.221563543101067,34.0,247.77490731517736,35.0
relax_031.csv,relax_031,14,475,525,1.9,relax,0,3.8387440054543505,4.378891640629407,34.0,335.0846005157435,34.0
relax_031.csv,relax_031,15,500,550,2.0,relax,0,4.526579222269621,5.094132472378974,34.0,394.43486847978755,34.0
relax_031.csv,relax_031,16,525,575,2.1,relax,0,4.610081271167304,5.182114540344188,34.0,400.21547907817114,35.0
relax_031.csv,relax_031,17,550,600,2.2,relax,0,4.143123921388073,4.681726740733767,33.0,348.5807693534678,34.0
relax_031.csv,relax_031,18,575,625,2.3,relax,0,3.842133874698986,4.255727437837893,34.0,333.55026856582964,35.0
relax_031.csv,relax_031,19,600,650,2.4,relax,0,3.250733839147654,3.6815208615755646,34.0,278.7106412747137,35.0
relax_031.csv,relax_031,20,625,675,2.5,relax,0,2.543719682329761,2.825050651145846,34.0,215.6182662655883,33.0
relax_031.csv,relax_031,21,650,700,2.6,relax,0,1.9975221636617753,2.3312914226816774,32.0,170.89173616862345,28.0
relax_031.csv,relax_031,22,675,725,2.7,relax,0,1.9359680529937253,2.3601134711023026,31.0,158.241892571542,23.0
relax_031.csv,relax_031,23,700,750,2.8,relax,0,3.326423200843431,3.870043959682453,33.0,277.64534802370434,30.0
relax_031.csv,relax_031,24,725,775,2.9,relax,0,2.970061932811291,3.626492112859471,30.0,238.35808891987986,26.0
relax_031.csv,relax_031,25,750,800,3.0,relax,0,2.050073867281502,2.5365674511939655,29.0,173.58245914306832,22.0
relax_031.csv,relax_031,26,775,825,3.1,relax,0,3.794154565577044,4.517939727108471,31.0,310.4067411393488,29.0
relax_031.csv,relax_031,27,800,850,3.2,relax,0,4.32097550815441,4.859531118730727,32.0,357.6206603500374,33.0
relax_031.csv,relax_031,28,825,875,3.3,relax,0,3.7547488440704506,4.223908784783006,32.0,311.23784020317754,33.0
relax_031.csv,relax_031,29,850,900,3.4,relax,0,4.778149423125636,5.454293709106068,34.0,416.1601180171827,35.0
relax_031.csv,relax_031,30,875,925,3.5,relax,0,4.1400682515736875,5.045438089212142,33.0,368.08656708026535,31.0
relax_031.csv,relax_031,31,900,950,3.6,relax,0,2.3164419338575937,2.8851657190353235,34.0,206.090946457989,28.0
relax_031.csv,relax_031,32,925,975,3.7,relax,0,2.3925891359245584,2.8572036200395337,34.0,208.23029392472725,31.0
relax_031.csv,relax_031,33,950,1000,3.8,relax,0,3.014081061069193,3.4748979660187334,34.0,267.26436540007063,34.0
relax_031.csv,relax_031,34,975,1025,3.9,relax,0,3.7721195626813584,4.364260421593211,35.0,323.23099131143994,34.0
relax_031.csv,relax_031,35,1000,1050,4.0,relax,0,4.117361321111246,4.7094717780539925,34.0,362.3069558442678,35.0
relax_031.csv,relax_031,36,1025,1075,4.1,relax,0,3.564529516101268,4.123104835068612,35.0,318.5860658553448,34.0
relax_031.csv,relax_031,37,1050,1100,4.2,relax,0,3.179885067584604,3.6917346062104275,35.0,284.3521471931391,34.0
relax_031.csv,relax_031,38,1075,1125,4.3,relax,0,3.2472556741830783,3.7081490116204585,35.0,290.0150935317452,34.0
relax_031.csv,relax_031,39,1100,1150,4.4,relax,0,2.9676378923510085,3.500998830152312,34.0,266.084271697584,31.0
relax_031.csv,relax_031,40,1125,1175,4.5,relax,0,3.0207249317078304,3.5527007805067896,34.0,266.9247638824123,31.0
relax_031.csv,relax_031,41,1150,1200,4.6,relax,0,3.9575772988224234,4.491770968986824,34.0,354.20187633622965,35.0
relax_031.csv,relax_031,42,1175,1225,4.7,relax,0,4.4970114138014425,5.033401161212396,34.0,392.3851884421233,34.0
relax_031.csv,relax_031,43,1200,1250,4.8,relax,0,4.852999598134843,5.420422601125362,34.0,428.4873327232428,35.0
relax_032.csv,relax_032,0,125,175,0.5,relax,0,3.2328830981873606,3.641718503583729,33.0,264.6712986114853,32.0
relax_032.csv,relax_032,1,150,200,0.6,relax,0,3.146094105507317,3.5617499436268227,34.0,262.78386880174764,34.0
relax_032.csv,relax_032,2,175,225,0.7,relax,0,3.043843584210707,3.5362277290665136,34.0,266.6276098790267,35.0
relax_032.csv,relax_032,3,200,250,0.8,relax,0,2.912849581855584,3.4719780557211797,34.0,254.14627641215984,31.0
relax_032.csv,relax_032,4,225,275,0.9,relax,0,2.8341026710054655,3.4167311992441673,35.0,250.1875420254054,30.0
relax_032.csv,relax_032,5,250,300,1.0,relax,0,2.877885006756566,3.384550482811014,35.0,262.20041989593386,35.0
relax_032.csv,relax_032,6,275,325,1.1,relax,0,3.4265442310202388,3.9910059714129575,35.0,310.9187546495436,35.0
relax_032.csv,relax_032,7,300,350,1.2,relax,0,3.291570536641056,4.021548786317426,33.0,290.5652263964514,29.0
relax_032.csv,relax_032,8,325,375,1.3,relax,0,3.465422997059946,4.166669049938576,32.0,300.23507094844325,30.0
relax_032.csv,relax_032,9,350,400,1.4,relax,0,4.576220546833878,5.104752133518626,34.0,391.68580880699176,35.0
relax_032.csv,relax_032,10,375,425,1.5,relax,0,3.992588180435311,4.575970154787183,32.0,330.0833958338338,32.0
relax_032.csv,relax_032,11,400,450,1.6,relax,0,3.697217026304978,4.264936289632222,31.0,306.08213995772013,31.0
relax_032.csv,relax_032,12,425,475,1.7,relax,0,4.128220712026495,4.69971927192675,32.0,347.22027615081083,33.0
relax_032.csv,relax_032,13,450,500,1.8,relax,0,2.7895681051503822,3.4737523654717966,34.0,235.3981314164185,27.0
relax_032.csv,relax_032,14,475,525,1.9,relax,0,1.996776523894956,2.3368481142370845,33.0,168.6250667167338,26.0
relax_032.csv,relax_032,15,500,550,2.0,relax,0,2.466759559369149,2.814305112492382,33.0,213.55446663505379,33.0
relax_032.csv,relax_032,16,525,575,2.1,relax,0,2.2485616723022237,2.646843299663202,33.0,198.34961554544003,30.0
relax_032.csv,relax_032,17,550,600,2.2,relax,0,2.4235337965141177,2.8822424738248826,33.0,214.29573320950163,31.0
relax_032.csv,relax_032,18,575,625,2.3,relax,0,3.624849946546969,4.28922402213178,35.0,325.10821090067066,34.0
relax_032.csv,relax_032,19,600,650,2.4,relax,0,3.8372238200589575,4.447331935399215,36.0,341.4947232176443,34.0
relax_032.csv,relax_032,20,625,675,2.5,relax,0,2.8792765781473095,3.2651644437514613,35.0,253.43930867861337,35.0
relax_032.csv,relax_032,21,650,700,2.6,relax,0,2.1881879464113605,2.5031541015694336,34.0,189.1818218863388,30.0
relax_032.csv,relax_032,22,675,725,2.7,relax,0,2.0650950973272617,2.356120610718488,34.0,178.55428440378347,28.0
relax_032.csv,relax_032,23,700,750,2.8,relax,0,2.9770208844599795,3.5869158915006585,34.0,255.0580369589119,29.0
relax_032.csv,relax_032,24,725,775,2.9,relax,0,3.18633495294995,3.813313910970695,33.0,281.4370286801535,32.0
relax_032.csv,relax_032,25,750,800,3.0,relax,0,2.4039004870166023,2.910633187611483,33.0,212.91662507033794,31.0
relax_032.csv,relax_032,26,775,825,3.1,relax,0,3.343785407858355,4.029766871816739,34.0,294.4660561953884,31.0
relax_032.csv,relax_032,27,800,850,3.2,relax,0,4.205394642895634,4.679986053555898,34.0,366.04583703200865,35.0
relax_032.csv,relax_032,28,825,875,3.3,relax,0,4.058596985183374,4.572944156864046,34.0,358.50583869969876,35.0
relax_032.csv,relax_032,29,850,900,3.4,relax,0,4.5200299019187895,5.278557564746108,35.0,403.5996280485831,33.0
relax_032.csv,relax_032,30,875,925,3.5,relax,0,3.540984762821098,4.5495012072958385,33.0,310.770153635759,27.0
relax_032.csv,relax_032,31,900,950,3.6,relax,0,2.8965968119899106,3.509044614428531,33.0,256.7050234062627,28.0
relax_032.csv,relax_032,32,925,975,3.7,relax,0,3.123611204579656,3.584864163003959,35.0,271.85569691973893,35.0
relax_032.csv,relax_032,33,950,1000,3.8,relax,0,3.2426130599217,3.8304590836988544,36.0,289.2296204769411,34.0
relax_032.csv,relax_032,34,975,1025,3.9,relax,0,3.5327560516233576,4.323214550050884,35.0,315.17369118268044,31.0
relax_032.csv,relax_032,35,1000,1050,4.0,relax,0,2.726050436882137,3.5147729359323967,33.0,242.50920269736517,26.0
relax_032.csv,relax_032,36,1025,1075,4.1,relax,0,2.855875681439916,3.4387569828148212,33.0,255.68819644160823,30.0
relax_032.csv,relax_032,37,1050,1100,4.2,relax,0,3.3581187320327515,3.900829122538313,35.0,305.72792719094866,34.0
relax_032.csv,relax_032,38,1075,1125,4.3,relax,0,3.090010297701848,3.8143759810751154,33.0,270.29552436127466,31.0
relax_032.csv,relax_032,39,1100,1150,4.4,relax,0,2.8285934064557963,3.7411168055954303,31.0,254.4098049271668,28.0
relax_032.csv,relax_032,40,1125,1175,4.5,relax,0,3.0021200900493477,3.772021311092238,32.0,264.0519904585886,29.0
relax_032.csv,relax_032,41,1150,1200,4.6,relax,0,3.255674713730682,3.733657922029328,36.0,291.7786687271532,36.0
relax_032.csv,relax_032,42,1175,1225,4.7,relax,0,3.545204538938589,4.13661514231234,37.0,312.4057940002263,34.0
relax_032.csv,relax_032,43,1200,1250,4.8,relax,0,3.511958376497605,4.225785481024618,36.0,313.157751579237,31.0
relax_033.csv,relax_033,0,125,175,0.5,relax,0,2.8973446739494215,3.45170011882077,33.0,246.69667252245347,29.0
relax_033.csv,relax_033,1,150,200,0.6,relax,0,3.0645860569335257,3.622505761296158,32.0,263.96371550212945,30.0
relax_033.csv,relax_033,2,175,225,0.7,relax,0,3.270878052678543,3.9513551299399445,33.0,294.2858901787227,31.0
relax_033.csv,relax_033,3,200,250,0.8,relax,0,3.5199373262372937,4.131540111896349,35.0,311.9762772088901,34.0
relax_033.csv,relax_033,4,225,275,0.9,relax,0,3.0440618038858775,3.6418851370112626,35.0,271.71916029692596,33.0
relax_033.csv,relax_033,5,250,300,1.0,relax,0,3.3285019543549668,4.1327749131010485,34.0,297.62905005170217,30.0
relax_033.csv,relax_033,6,275,325,1.1,relax,0,3.44797386172921,4.126050927806546,35.0,310.0519632848595,32.0
relax_033.csv,relax_033,7,300,350,1.2,relax,0,3.1905246291229554,3.631528851579537,35.0,283.7377688266197,34.0
relax_033.csv,relax_033,8,325,375,1.3,relax,0,3.0824965116026366,3.603977124733948,35.0,266.2223352837263,31.0
relax_033.csv,relax_033,9,350,400,1.4,relax,0,4.003916708806768,4.669737988606681,35.0,344.9853987373245,33.0
relax_033.csv,relax_033,10,375,425,1.5,relax,0,4.287198536597527,4.868282636388695,34.0,365.17565149456067,34.0
relax_033.csv,relax_033,11,400,450,1.6,relax,0,3.2493367104693296,3.8547059306332567,33.0,285.7432373900738,33.0
relax_033.csv,relax_033,12,425,475,1.7,relax,0,2.834509949138145,3.3781254111706898,33.0,246.64433297773394,32.0
relax_033.csv,relax_033,13,450,500,1.8,relax,0,3.4876764717871676,4.0933589303880975,34.0,310.25309085470644,34.0
relax_033.csv,relax_033,14,475,525,1.9,relax,0,3.479668197858651,4.098232843207291,35.0,306.91295954481615,34.0
relax_033.csv,relax_033,15,500,550,2.0,relax,0,2.918596558900161,3.3123603631066127,35.0,261.0341710820397,35.0
relax_033.csv,relax_033,16,525,575,2.1,relax,0,2.757855096342692,3.2206007959223713,34.0,238.19970560753353,30.0
relax_033.csv,relax_033,17,550,600,2.2,relax,0,3.1377449305318748,4.0036676345751685,34.0,281.0335977703647,27.0
relax_033.csv,relax_033,18,575,625,2.3,relax,0,4.542856228757086,5.511033923461444,34.0,407.3551201983699,31.0
relax_033.csv,relax_033,19,600,650,2.4,relax,0,3.5390638814601094,4.566844660745442,34.0,309.67367518621717,29.0
relax_033.csv,relax_033,20,625,675,2.5,relax,0,1.5704331091932733,1.8750201456170041,30.0,132.1364367045946,18.0
relax_033.csv,relax_033,21,650,700,2.6,relax,0,2.4907551378123864,3.209231568762452,31.0,222.14653357993527,24.0
relax_033.csv,relax_033,22,675,725,2.7,relax,0,3.7223795676625597,4.242604058489414,35.0,335.63763275027384,35.0
relax_033.csv,relax_033,23,700,750,2.8,relax,0,3.6903804254541708,4.166108938562766,35.0,323.7788217951763,34.0
relax_033.csv,relax_033,24,725,775,2.9,relax,0,3.1410068433458402,3.6304939760274744,34.0,273.81786417262845,33.0
relax_033.csv,relax_033,25,750,800,3.0,relax,0,2.779687124442779,3.257046581525446,33.0,236.64907144373538,32.0
relax_033.csv,relax_033,26,775,825,3.1,relax,0,3.3275665066013813,3.941621673343261,34.0,299.91840539689827,34.0
relax_033.csv,relax_033,27,800,850,3.2,relax,0,3.147483361518456,3.7360724858164027,35.0,282.0291381562384,34.0
relax_033.csv,relax_033,28,825,875,3.3,relax,0,2.4554748752018445,2.8693179394788464,34.0,220.67840694096728,32.0
relax_033.csv,relax_033,29,850,900,3.4,relax,0,3.3124299828835935,4.22859632531168,33.0,288.1647696021627,29.0
relax_033.csv,relax_033,30,875,925,3.5,relax,0,4.127781691129403,4.966998127759566,33.0,356.9156442848145,31.0
relax_033.csv,relax_033,31,900,950,3.6,relax,0,2.856664674501904,3.55534681275195,32.0,236.22516616159157,28.0
relax_033.csv,relax_033,32,925,975,3.7,relax,0,2.2364923826894922,2.5774853702764604,32.0,189.53149811226984,27.0
relax_033.csv,relax_033,33,950,1000,3.8,relax,0,2.2189251922905773,2.6065071074516823,32.0,190.90712816783937,25.0
relax_033.csv,relax_033,34,975,1025,3.9,relax,0,2.812930633554687,3.464325684836687,33.0,246.01754723695086,27.0
relax_033.csv,relax_033,35,1000,1050,4.0,relax,0,3.656544601478079,4.174907495718681,34.0,321.92545896813573,34.0
relax_033.csv,relax_033,36,1025,1075,4.1,relax,0,3.397678597163738,3.928487154679663,33.0,299.0664383287632,34.0
relax_033.csv,relax_033,37,1050,1100,4.2,relax,0,3.4910502158678245,4.266821563633652,33.0,304.98250120936416,31.0
relax_033.csv,relax_033,38,1075,1125,4.3,relax,0,3.5292144795305505,4.401748179606168,34.0,310.1297233953328,29.0
relax_033.csv,relax_033,39,1100,1150,4.4,relax,0,3.301972881116492,3.9530969004695615,37.0,300.29720793403544,33.0
relax_033.csv,relax_033,40,1125,1175,4.5,relax,0,3.105750287452718,3.574501109460186,36.0,282.05405849618194,35.0
relax_033.csv,relax_033,41,1150,1200,4.6,relax,0,3.187917424377596,3.672145723531338,35.0,282.9536289997889,34.0
relax_033.csv,relax_033,42,1175,1225,4.7,relax,0,3.345141202971358,3.8294191240880537,35.0,294.3279179124575,32.0
relax_033.csv,relax_033,43,1200,1250,4.8,relax,0,3.6543610802126834,4.118834686073571,34.0,323.90216963824173,34.0
relax_034.csv,relax_034,0,125,175,0.5,relax,0,3.4288574796068554,4.336075561441917,32.0,297.37052961741995,28.0
relax_034.csv,relax_034,1,150,200,0.6,relax,0,3.825076232687824,4.742447577722028,31.0,336.54191072705885,31.0
relax_034.csv,relax_034,2,175,225,0.7,relax,0,4.158924519374451,4.898587654779274,34.0,369.69521412151727,35.0
relax_034.csv,relax_034,3,200,250,0.8,relax,0,3.3546369447132465,4.152431916460994,31.0,289.4496330707763,29.0
relax_034.csv,relax_034,4,225,275,0.9,relax,0,3.4266448044909392,4.470711054528172,30.0,295.68283573809015,28.0
relax_034.csv,relax_034,5,250,300,1.0,relax,0,6.614182065626832,8.646928619383099,33.0,550.9904152320852,32.0
relax_034.csv,relax_034,6,275,325,1.1,relax,0,7.13459931645076,9.058942751748413,33.0,590.8227890360791,32.0
relax_034.csv,relax_034,7,300,350,1.2,relax,0,5.025788543283415,6.0586592987095145,35.0,431.94141933518137,33.0
relax_034.csv,relax_034,8,325,375,1.3,relax,0,4.256595638591887,5.0197074878670875,35.0,375.85424579161884,35.0
relax_034.csv,relax_034,9,350,400,1.4,relax,0,3.1993065979571496,3.8288366028423484,35.0,281.174961969291,35.0
relax_034.csv,relax_034,10,375,425,1.5,relax,0,3.1981314085565917,3.7339385300154797,35.0,286.4361251026219,35.0
relax_034.csv,relax_034,11,400,450,1.6,relax,0,4.008911959494271,4.732166598939488,34.0,360.3880151107043,35.0
relax_034.csv,relax_034,12,425,475,1.7,relax,0,4.433624391267915,5.190442537217739,34.0,386.69614396107255,35.0
relax_034.csv,relax_034,13,450,500,1.8,relax,0,4.027086278048227,4.633096696743472,34.0,344.9887867033748,35.0
relax_034.csv,relax_034,14,475,525,1.9,relax,0,3.3458472603501046,3.8853278674760103,34.0,289.7731983554942,34.0
relax_034.csv,relax_034,15,500,550,2.0,relax,0,3.462010680876655,4.020422075003406,35.0,306.44198398935123,35.0
relax_034.csv,relax_034,16,525,575,2.1,relax,0,2.8426289366989943,3.3427527869574867,33.0,247.45755512123748,33.0
relax_034.csv,relax_034,17,550,600,2.2,relax,0,2.329495913939756,2.7227858866088064,30.0,199.32666422145843,30.0
relax_034.csv,relax_034,18,575,625,2.3,relax,0,3.4885332445322508,4.174656985833219,32.0,299.0329262770601,32.0
relax_034.csv,relax_034,19,600,650,2.4,relax,0,3.3736786438765147,4.0384637474952525,33.0,286.7161219580463,34.0
relax_034.csv,relax_034,20,625,675,2.5,relax,0,1.756032459975753,2.137783145903825,26.0,138.9984918428268,20.0
relax_034.csv,relax_034,21,650,700,2.6,relax,0,2.338117556886701,2.9949188367245623,27.0,195.85118354364792,20.0
relax_034.csv,relax_034,22,675,725,2.7,relax,0,3.510550781664301,3.998727155737618,35.0,302.012288544305,34.0
relax_034.csv,relax_034,23,700,750,2.8,relax,0,3.3317896396522655,3.842091079033311,34.0,288.8736969705059,35.0
relax_034.csv,relax_034,24,725,775,2.9,relax,0,3.346598833252078,3.906930597767484,33.0,296.2105093399773,34.0
relax_034.csv,relax_034,25,750,800,3.0,relax,0,3.0982520043844715,3.6838762704807935,33.0,268.3430427085848,31.0
relax_034.csv,relax_034,26,775,825,3.1,relax,0,2.7698148505079896,3.1950722533187292,33.0,234.67918905270912,31.0
relax_034.csv,relax_034,27,800,850,3.2,relax,0,3.255059635281215,3.646787802695676,34.0,285.08759476066473,35.0
relax_034.csv,relax_034,28,825,875,3.3,relax,0,3.950560181277798,4.425637594350056,34.0,346.88867426032704,35.0
relax_034.csv,relax_034,29,850,900,3.4,relax,0,3.7548598727838636,4.2868044285297575,34.0,331.2767211221152,35.0
relax_034.csv,relax_034,30,875,925,3.5,relax,0,3.055203651210297,3.4666563670189032,35.0,266.2301747544429,35.0
relax_034.csv,relax_034,31,900,950,3.6,relax,0,3.1554994144706336,3.6866103464303155,34.0,270.9770529610166,33.0
relax_034.csv,relax_034,32,925,975,3.7,relax,0,3.4977136598598872,4.13969850967764,33.0,296.7810990014283,32.0
relax_034.csv,relax_034,33,950,1000,3.8,relax,0,2.9853938206766113,3.58586802229752,33.0,260.0278574923952,32.0
relax_034.csv,relax_034,34,975,1025,3.9,relax,0,2.5320268303222795,2.904164262438553,34.0,221.20447833595432,33.0
relax_034.csv,relax_034,35,1000,1050,4.0,relax,0,2.60809198550026,2.9354025487671973,35.0,232.57005665557276,33.0
relax_034.csv,relax_034,36,1025,1075,4.1,relax,0,2.4299463690872316,2.843525107451915,35.0,221.66784337570402,32.0
relax_034.csv,relax_034,37,1050,1100,4.2,relax,0,2.07596794033298,2.5239359330889815,31.0,182.30794883793214,25.0
relax_034.csv,relax_034,38,1075,1125,4.3,relax,0,1.6630696323957717,2.025898821033022,31.0,148.31231406897763,21.0
relax_034.csv,relax_034,39,1100,1150,4.4,relax,0,1.9474744178767447,2.4437517731856007,32.0,171.5227863425469,24.0
relax_034.csv,relax_034,40,1125,1175,4.5,relax,0,2.788225641211448,3.282201132186759,32.0,242.7287795369425,30.0
relax_034.csv,relax_034,41,1150,1200,4.6,relax,0,3.3945272420606387,3.828445463103027,33.0,292.9789988632782,34.0
relax_034.csv,relax_034,42,1175,1225,4.7,relax,0,3.524692096225662,4.039001174110791,33.0,300.9393881676071,32.0
relax_034.csv,relax_034,43,1200,1250,4.8,relax,0,2.9084504873938597,3.4319149420657413,34.0,253.55066671261926,32.0
relax_035.csv,relax_035,0,125,175,0.5,relax,0,4.287676188426683,4.942328241722644,34.0,371.6542691588519,34.0
relax_035.csv,relax_035,1,150,200,0.6,relax,0,4.191914403078658,4.7515559189714685,34.0,364.422310348958,34.0
relax_035.csv,relax_035,2,175,225,0.7,relax,0,4.580591481385034,5.117215670831342,34.0,395.57197589668937,35.0
relax_035.csv,relax_035,3,200,250,0.8,relax,0,4.265627739374724,4.8306419054178935,33.0,366.0675333270333,34.0
relax_035.csv,relax_035,4,225,275,0.9,relax,0,3.044843297171451,3.6512511640884995,33.0,261.1353142858327,29.0
relax_035.csv,relax_035,5,250,300,1.0,relax,0,2.296358211459627,2.6793745239876245,32.0,190.61416999575778,27.0
relax_035.csv,relax_035,6,275,325,1.1,relax,0,2.3975044909752787,2.713722746328228,33.0,203.25273867443755,32.0
relax_035.csv,relax_035,7,300,350,1.2,relax,0,2.9920969511111117,3.486855980875971,33.0,252.9919387127951,33.0
relax_035.csv,relax_035,8,325,375,1.3,relax,0,3.25938166528968,3.7531116839948515,33.0,272.7906556433142,33.0
relax_035.csv,relax_035,9,350,400,1.4,relax,0,3.619490262406367,4.133644451568047,33.0,301.8516403895734,34.0
relax_035.csv,relax_035,10,375,425,1.5,relax,0,4.415743095884583,4.93562348378431,34.0,373.75583681869176,34.0
relax_035.csv,relax_035,11,400,450,1.6,relax,0,4.447829054890051,4.970085841075551,34.0,394.5391343900909,35.0
relax_035.csv,relax_035,12,425,475,1.7,relax,0,3.885907207275041,4.390857136880437,34.0,333.87313247265547,34.0
relax_035.csv,relax_035,13,450,500,1.8,relax,0,3.1159088627224047,3.628932665840349,34.0,270.45336526233467,33.0
relax_035.csv,relax_035,14,475,525,1.9,relax,0,2.799331817580475,3.250600311090091,34.0,241.55089982052863,33.0
relax_035.csv,relax_035,15,500,550,2.0,relax,0,2.5998873937632903,3.0809357325725024,32.0,220.13800968993075,29.0
relax_035.csv,relax_035,16,525,575,2.1,relax,0,2.0165994468338693,2.7081302915038017,26.0,164.5329250573464,18.0
relax_035.csv,relax_035,17,550,600,2.2,relax,0,3.0928029437608693,3.9581909446492767,29.0,262.21199535146945,24.0
relax_035.csv,relax_035,18,575,625,2.3,relax,0,4.650986799306866,5.240148100713896,34.0,394.465999619751,34.0
relax_035.csv,relax_035,19,600,650,2.4,relax,0,4.196279319749282,4.923017373543873,32.0,361.5501971167863,32.0
relax_035.csv,relax_035,20,625,675,2.5,relax,0,2.8106000869837002,3.4991095580675395,33.0,243.4944115109462,29.0
relax_035.csv,relax_035,21,650,700,2.6,relax,0,2.56930097129483,3.0344612251805847,33.0,213.20386324210278,30.0
relax_035.csv,relax_035,22,675,725,2.7,relax,0,3.6938378745958045,4.255628426615801,34.0,320.31214332103303,33.0
relax_035.csv,relax_035,23,700,750,2.8,relax,0,3.67339999435878,4.277492604564872,33.0,328.99983093071506,33.0
relax_035.csv,relax_035,24,725,775,2.9,relax,0,3.0021158838121584,3.4698745725393842,32.0,262.65255967505334,32.0
relax_035.csv,relax_035,25,750,800,3.0,relax,0,3.7199117330839813,4.334488297493089,34.0,324.87355919710484,34.0
relax_035.csv,relax_035,26,775,825,3.1,relax,0,3.8402018669328415,4.589249816687445,30.0,333.06207064456186,29.0
relax_035.csv,relax_035,27,800,850,3.2,relax,0,3.7574160389008426,4.525826593261669,28.0,307.1848972684848,27.0
relax_035.csv,relax_035,28,825,875,3.3,relax,0,3.74751305838131,4.425798418318082,33.0,313.0407535474161,30.0
relax_035.csv,relax_035,29,850,900,3.4,relax,0,2.9829892409457432,3.459865206056296,33.0,253.19124396016772,30.0
relax_035.csv,relax_035,30,875,925,3.5,relax,0,2.5962821131861995,3.108484015192534,32.0,219.13307034557795,29.0
relax_035.csv,relax_035,31,900,950,3.6,relax,0,3.3601316080978836,4.147901949742993,33.0,295.15104213477906,29.0
relax_035.csv,relax_035,32,925,975,3.7,relax,0,4.3945118887995775,5.012975621343164,34.0,395.40182700213927,35.0
relax_035.csv,relax_035,33,950,1000,3.8,relax,0,4.158679940618693,4.6751362298268235,34.0,367.97046427547974,35.0
relax_035.csv,relax_035,34,975,1025,3.9,relax,0,4.338262542779141,4.884705544180072,34.0,380.9949530926821,35.0
relax_035.csv,relax_035,35,1000,1050,4.0,relax,0,3.6530330355343934,4.291499896930202,35.0,322.2702224681071,36.0
relax_035.csv,relax_035,36,1025,1075,4.1,relax,0,3.135014413447956,3.6202679169659358,36.0,280.03035887058763,36.0
relax_035.csv,relax_035,37,1050,1100,4.2,relax,0,3.6107965814154324,4.100570523962987,35.0,318.02725580392257,35.0
relax_035.csv,relax_035,38,1075,1125,4.3,relax,0,3.4855644663627867,4.071753359024077,33.0,310.28146653792885,34.0
relax_035.csv,relax_035,39,1100,1150,4.4,relax,0,3.8636998029617193,4.462455675985834,32.0,339.59104261793726,33.0
relax_035.csv,relax_035,40,1125,1175,4.5,relax,0,4.27181281395272,4.792219112789601,33.0,365.717567817011,34.0
relax_035.csv,relax_035,41,1150,1200,4.6,relax,0,3.9901215523563964,4.56639473103231,33.0,341.6723778717199,32.0
relax_035.csv,relax_035,42,1175,1225,4.7,relax,0,3.4878878857801174,4.029067669968453,32.0,299.37131688045855,32.0
relax_035.csv,relax_035,43,1200,1250,4.8,relax,0,3.49454558634275,4.082894256290308,34.0,313.7101723031624,34.0
relax_036.csv,relax_036,0,125,175,0.5,relax,0,3.2542654634982493,3.8387253418004157,35.0,272.6639566388569,30.0
relax_036.csv,relax_036,1,150,200,0.6,relax,0,3.1191132345025263,3.5909786136205737,36.0,266.58873388999575,32.0
relax_036.csv,relax_036,2,175,225,0.7,relax,0,3.154998727154253,3.6367400767713565,34.0,270.9505572832256,32.0
relax_036.csv,relax_036,3,200,250,0.8,relax,0,3.057723215702801,3.449510946697764,35.0,270.2977788594036,35.0
relax_036.csv,relax_036,4,225,275,0.9,relax,0,3.0032060494209367,3.4691813567938943,35.0,260.49347506043983,33.0
relax_036.csv,relax_036,5,250,300,1.0,relax,0,2.6430944264555576,3.2038751207659457,35.0,234.85592340600664,30.0
relax_036.csv,relax_036,6,275,325,1.1,relax,0,2.9266056536694744,3.4110973473559536,35.0,260.42169266638496,32.0
relax_036.csv,relax_036,7,300,350,1.2,relax,0,3.0095451675272447,3.423997980590386,35.0,271.04602980032615,35.0
relax_036.csv,relax_036,8,325,375,1.3,relax,0,2.2771868838168277,2.7059626261326266,32.0,198.56921669435806,31.0
relax_036.csv,relax_036,9,350,400,1.4,relax,0,2.3040143345933397,2.926181267410308,31.0,200.12871959629834,26.0
relax_036.csv,relax_036,10,375,425,1.5,relax,0,3.135848504763727,3.751326660131597,33.0,273.5362514352052,30.0
relax_036.csv,relax_036,11,400,450,1.6,relax,0,3.1289859765726122,3.557548301922561,35.0,276.7478376974545,36.0
relax_036.csv,relax_036,12,425,475,1.7,relax,0,2.841427303455831,3.1834067350249087,35.0,254.2947920224884,36.0
relax_036.csv,relax_036,13,450,500,1.8,relax,0,2.0150804373126534,2.5126964810119503,33.0,183.73462419663895,23.0
relax_036.csv,relax_036,14,475,525,1.9,relax,0,2.184949633664109,3.0123579701219474,31.0,191.3932752394113,18.0
relax_036.csv,relax_036,15,500,550,2.0,relax,0,2.8785513299555867,3.5937908182401226,31.0,257.6257707439418,27.0
relax_036.csv,relax_036,16,525,575,2.1,relax,0,2.3872583229901765,2.8904674596665663,29.0,199.88550173382967,25.0
relax_036.csv,relax_036,17,550,600,2.2,relax,0,2.5318151569765766,3.020580481106973,33.0,218.80783899938,29.0
relax_036.csv,relax_036,18,575,625,2.3,relax,0,2.8552594886173455,3.3214181077982547,34.0,251.41096127600107,33.0
relax_036.csv,relax_036,19,600,650,2.4,relax,0,2.9879389004732038,3.421981714774389,34.0,264.65612016124777,33.0
relax_036.csv,relax_036,20,625,675,2.5,relax,0,2.235435266793396,2.8037573308178616,29.0,197.71248525408438,26.0
relax_036.csv,relax_036,21,650,700,2.6,relax,0,2.475976592238294,3.1739500967146563,29.0,219.02277461051867,26.0
relax_036.csv,relax_036,22,675,725,2.7,relax,0,3.784382174798308,4.412496235660968,35.0,338.69473523211104,33.0
relax_036.csv,relax_036,23,700,750,2.8,relax,0,2.975703241551989,3.68182862806203,34.0,263.849634921272,30.0
relax_036.csv,relax_036,24,725,775,2.9,relax,0,2.538354924563991,2.9298454048332037,34.0,218.7694709027009,31.0
relax_036.csv,relax_036,25,750,800,3.0,relax,0,3.26148053721039,3.7738400057915618,33.0,277.96361431205247,34.0
relax_036.csv,relax_036,26,775,825,3.1,relax,0,2.9838494226984262,3.6128420416846945,32.0,245.48168054803074,29.0
relax_036.csv,relax_036,27,800,850,3.2,relax,0,3.2859048433725384,3.802595925256318,33.0,282.9025090538096,31.0
relax_036.csv,relax_036,28,825,875,3.3,relax,0,3.0639716885136465,3.663242425027443,32.0,267.2618618276492,29.0
relax_036.csv,relax_036,29,850,900,3.4,relax,0,2.849294012253027,3.5983072181064815,33.0,256.3292936230221,29.0
relax_036.csv,relax_036,30,875,925,3.5,relax,0,3.564169258153842,4.344498748097301,32.0,314.1765499244605,30.0
relax_036.csv,relax_036,31,900,950,3.6,relax,0,3.7557021763344927,4.4472311025156355,30.0,307.01977370517045,29.0
relax_036.csv,relax_036,32,925,975,3.7,relax,0,3.770651845044171,4.240331230552916,33.0,320.21193850410407,34.0
relax_036.csv,relax_036,33,950,1000,3.8,relax,0,3.7220004487862997,4.158282515128918,35.0,331.4708000939908,35.0
relax_036.csv,relax_036,34,975,1025,3.9,relax,0,3.9191500980460803,4.434778079248659,35.0,351.54353728621476,35.0
relax_036.csv,relax_036,35,1000,1050,4.0,relax,0,2.6888131542038485,3.4399595156355756,33.0,240.4137192417385,26.0
relax_036.csv,relax_036,36,1025,1075,4.1,relax,0,2.284782254144822,2.81402874711308,33.0,195.69868125866557,24.0
relax_036.csv,relax_036,37,1050,1100,4.2,relax,0,3.5571745854899373,4.064039653856165,34.0,313.1711249698841,34.0
relax_036.csv,relax_036,38,1075,1125,4.3,relax,0,3.235244024265578,3.7725583343474023,35.0,293.13032790615074,35.0
relax_036.csv,relax_036,39,1100,1150,4.4,relax,0,2.749400097962686,3.124617205698808,34.0,241.82104473431792,34.0
relax_036.csv,relax_036,40,1125,1175,4.5,relax,0,2.463606357493712,2.8685945705851834,34.0,218.17340496309302,32.0
relax_036.csv,relax_036,41,1150,1200,4.6,relax,0,2.4616741533748057,2.9366436637281033,35.0,220.6645598011577,30.0
relax_036.csv,relax_036,42,1175,1225,4.7,relax,0,3.6640175852213117,4.260217339173507,35.0,329.5027154561004,33.0
relax_036.csv,relax_036,43,1200,1250,4.8,relax,0,3.208254266174929,3.9260506962589976,31.0,282.7855040538401,29.0
relax_037.csv,relax_037,0,125,175,0.5,relax,0,2.4159884712883284,2.9949707899402074,30.0,199.59548914090024,25.0
relax_037.csv,relax_037,1,150,200,0.6,relax,0,1.8845451438209255,2.1609647471490474,30.0,156.92075319838128,24.0
relax_037.csv,relax_037,2,175,225,0.7,relax,0,1.8000983442307557,2.047821463958373,32.0,150.70986009376148,25.0
relax_037.csv,relax_037,3,200,250,0.8,relax,0,1.6979202404169826,1.9130989264454725,31.0,140.67773341393263,25.0
relax_037.csv,relax_037,4,225,275,0.9,relax,0,2.689890145765145,3.26893117221129,31.0,216.9782969476253,28.0
relax_037.csv,relax_037,5,250,300,1.0,relax,0,3.256652412910959,3.7763815283210818,34.0,276.0800456257389,32.0
relax_037.csv,relax_037,6,275,325,1.1,relax,0,2.600176113042743,3.0880699175796043,34.0,227.95865134804495,30.0
relax_037.csv,relax_037,7,300,350,1.2,relax,0,2.825198161426996,3.3423150016672896,33.0,242.64453891935406,30.0
relax_037.csv,relax_037,8,325,375,1.3,relax,0,2.9569309049516233,3.4064407641451497,32.0,249.99523114950955,32.0
relax_037.csv,relax_037,9,350,400,1.4,relax,0,3.5449578608609222,4.173814906425879,32.0,293.0493055614471,32.0
relax_037.csv,relax_037,10,375,425,1.5,relax,0,3.8754706114816257,4.462069589519229,34.0,332.2078168513544,34.0
relax_037.csv,relax_037,11,400,450,1.6,relax,0,3.050615685783699,3.5645963489157566,32.0,251.31388751193302,30.0
relax_037.csv,relax_037,12,425,475,1.7,relax,0,2.957981416971731,3.6577586508748623,30.0,241.35851490701342,26.0
relax_037.csv,relax_037,13,450,500,1.8,relax,0,3.087028588518893,3.6930670721017305,30.0,256.43069353746023,27.0
relax_037.csv,relax_037,14,475,525,1.9,relax,0,2.824099344932388,3.3748931769235004,33.0,248.61570458158323,30.0
relax_037.csv,relax_037,15,500,550,2.0,relax,0,3.4343895594145244,4.042906407577691,33.0,295.4785349150364,32.0
relax_037.csv,relax_037,16,525,575,2.1,relax,0,3.0912326974694424,3.7102053432823494,31.0,251.7925572899622,27.0
relax_037.csv,relax_037,17,550,600,2.2,relax,0,1.8230409154402736,2.1956397450758174,31.0,150.82383842079935,21.0
relax_037.csv,relax_037,18,575,625,2.3,relax,0,1.4519224004531823,1.7045515743234276,31.0,128.77159601309893,21.0
relax_037.csv,relax_037,19,600,650,2.4,relax,0,1.583581067170238,1.852972055445951,30.0,132.2496287014398,23.0
relax_037.csv,relax_037,20,625,675,2.5,relax,0,2.677974472444947,3.0870643691299957,33.0,224.63773252210942,32.0
relax_037.csv,relax_037,21,650,700,2.6,relax,0,3.6667425700704697,4.124422928534285,34.0,322.31947113193695,35.0
relax_037.csv,relax_037,22,675,725,2.7,relax,0,2.8779653642959677,3.4711147919556145,34.0,250.85276395655876,29.0
relax_037.csv,relax_037,23,700,750,2.8,relax,0,2.4375405478321666,2.9240874931326246,35.0,211.40049073005343,29.0
relax_037.csv,relax_037,24,725,775,2.9,relax,0,3.1002894124494755,3.5657879440942835,34.0,273.52505036832116,34.0
relax_037.csv,relax_037,25,750,800,3.0,relax,0,3.5920560415857263,4.0334121621376795,35.0,310.1705683764903,34.0
relax_037.csv,relax_037,26,775,825,3.1,relax,0,4.109454856610986,4.59844447367713,34.0,361.24003612525917,35.0
relax_037.csv,relax_037,27,800,850,3.2,relax,0,3.866137719714948,4.381888444512565,34.0,335.8331666930109,35.0
relax_037.csv,relax_037,28,825,875,3.3,relax,0,2.803692413750469,3.3060449391443205,35.0,247.52381232815307,34.0
relax_037.csv,relax_037,29,850,900,3.4,relax,0,2.2911133371674883,2.7168734050798955,34.0,207.7831130369861,32.0
relax_037.csv,relax_037,30,875,925,3.5,relax,0,3.258291272221905,3.821201925611027,34.0,285.8393232888204,33.0
relax_037.csv,relax_037,31,900,950,3.6,relax,0,3.4183136233075504,3.937640441900719,33.0,295.56628649542546,34.0
relax_037.csv,relax_037,32,925,975,3.7,relax,0,3.404723827106127,4.029840065658725,33.0,288.1816009869761,33.0
relax_037.csv,relax_037,33,950,1000,3.8,relax,0,3.447126510237797,4.1006836279539165,34.0,303.43306832989407,35.0
relax_037.csv,relax_037,34,975,1025,3.9,relax,0,3.133867178273229,3.663511522518163,35.0,282.24039874914945,35.0
relax_037.csv,relax_037,35,1000,1050,4.0,relax,0,3.3374971588475053,3.910424968487432,34.0,294.5297868002544,35.0
relax_037.csv,relax_037,36,1025,1075,4.1,relax,0,3.027974418684698,3.5363664646211435,34.0,265.26205035733886,34.0
relax_037.csv,relax_037,37,1050,1100,4.2,relax,0,2.9114159588949438,3.404535546773555,34.0,253.4375978702915,32.0
relax_037.csv,relax_037,38,1075,1125,4.3,relax,0,2.859897624708801,3.386726115157936,32.0,242.86632775360678,29.0
relax_037.csv,relax_037,39,1100,1150,4.4,relax,0,3.1422083075798977,3.602252181611316,33.0,272.6014464161481,32.0
relax_037.csv,relax_037,40,1125,1175,4.5,relax,0,3.213899330929802,3.7491713495308048,34.0,285.6786283199117,33.0
relax_037.csv,relax_037,41,1150,1200,4.6,relax,0,3.052176848327988,3.5524830762626163,34.0,267.66713610046554,33.0
relax_037.csv,relax_037,42,1175,1225,4.7,relax,0,3.574356794658888,4.021845430981078,35.0,321.17276215905406,35.0
relax_037.csv,relax_037,43,1200,1250,4.8,relax,0,3.11709579039701,3.6237281368189183,35.0,281.161174765522,34.0
relax_038.csv,relax_038,0,125,175,0.5,relax,0,3.7539562551699595,4.349535362705416,35.0,334.7951775662889,34.0
relax_038.csv,relax_038,1,150,200,0.6,relax,0,3.362708523992315,3.8673601639329105,35.0,291.9494557327879,34.0
relax_038.csv,relax_038,2,175,225,0.7,relax,0,2.884764927061901,3.258701129860325,35.0,252.24104086334088,33.0
relax_038.csv,relax_038,3,200,250,0.8,relax,0,2.353927821020087,2.784078053106111,34.0,209.485625878602,31.0
relax_038.csv,relax_038,4,225,275,0.9,relax,0,3.111096717513913,3.898142014113578,34.0,280.34329375596366,31.0
relax_038.csv,relax_038,5,250,300,1.0,relax,0,4.358029541282496,4.898432756443615,34.0,382.70559458441176,35.0
relax_038.csv,relax_038,6,275,325,1.1,relax,0,4.34901136682396,4.867187041566516,34.0,382.0240655839153,35.0
relax_038.csv,relax_038,7,300,350,1.2,relax,0,4.21354170971761,4.743694428323096,33.0,366.6403532475909,34.0
relax_038.csv,relax_038,8,325,375,1.3,relax,0,3.8962105809626335,4.349669959029994,34.0,341.9892318673607,35.0
relax_038.csv,relax_038,9,350,400,1.4,relax,0,3.8425380450260134,4.358984356050955,34.0,339.3996413902521,34.0
relax_038.csv,relax_038,10,375,425,1.5,relax,0,3.1623522470985312,3.8752883625482624,31.0,283.08674253280464,29.0
relax_038.csv,relax_038,11,400,450,1.6,relax,0,3.255771711469226,3.8683572273032807,30.0,279.53243944916784,29.0
relax_038.csv,relax_038,12,425,475,1.7,relax,0,3.8626843494957925,4.245947901390438,34.0,326.2685682782338,35.0
relax_038.csv,relax_038,13,450,500,1.8,relax,0,3.8611811385082793,4.293878728836831,34.0,327.1718461606837,35.0
relax_038.csv,relax_038,14,475,525,1.9,relax,0,3.469139039046662,3.938741607028396,35.0,303.9749663580236,35.0
relax_038.csv,relax_038,15,500,550,2.0,relax,0,3.12141992055481,3.6902605123570957,32.0,275.6092188088845,32.0
relax_038.csv,relax_038,16,525,575,2.1,relax,0,3.1597845991491744,3.7506581388612306,32.0,277.3212496226279,31.0
relax_038.csv,relax_038,17,550,600,2.2,relax,0,2.514089278814117,2.9754891277010063,31.0,222.42692697125344,29.0
relax_038.csv,relax_038,18,575,625,2.3,relax,0,2.5635395160041914,3.1054729265911356,32.0,229.27774104910773,28.0
relax_038.csv,relax_038,19,600,650,2.4,relax,0,3.2619413701945517,3.748528237032172,36.0,298.06788197785045,36.0
relax_038.csv,relax_038,20,625,675,2.5,relax,0,3.522198658504664,3.9767296261383027,35.0,315.12562172308566,35.0
relax_038.csv,relax_038,21,650,700,2.6,relax,0,3.4908173161977323,3.9565026847399336,35.0,310.2957436064512,35.0
relax_038.csv,relax_038,22,675,725,2.7,relax,0,2.9846934890632992,3.377128946532825,34.0,260.8030401655061,35.0
relax_038.csv,relax_038,23,700,750,2.8,relax,0,2.7873898504444856,3.1595009426478247,33.0,236.66403570853578,33.0
relax_038.csv,relax_038,24,725,775,2.9,relax,0,2.7370594756677393,3.2126066118117347,32.0,232.31138137307863,30.0
relax_038.csv,relax_038,25,750,800,3.0,relax,0,3.596282633402392,4.286821226825324,33.0,315.60131027196934,32.0
relax_038.csv,relax_038,26,775,825,3.1,relax,0,3.6621117218650965,4.303246733624741,33.0,316.8057536668345,34.0
relax_038.csv,relax_038,27,800,850,3.2,relax,0,2.4662227796851424,2.881334438686513,33.0,212.21404095527436,31.0
relax_038.csv,relax_038,28,825,875,3.3,relax,0,3.457987045092372,4.199068736659105,33.0,296.5493585453854,31.0
relax_038.csv,relax_038,29,850,900,3.4,relax,0,3.777531312793981,4.5777126451702035,33.0,326.7708583156549,32.0
relax_038.csv,relax_038,30,875,925,3.5,relax,0,2.6825843040331367,3.266965024508302,33.0,235.19845944252498,32.0
relax_038.csv,relax_038,31,900,950,3.6,relax,0,2.736476574175669,3.1556249488789816,34.0,240.82987076336354,33.0
relax_038.csv,relax_038,32,925,975,3.7,relax,0,3.103827290137549,3.5839268695364876,34.0,275.20028983653384,33.0
relax_038.csv,relax_038,33,950,1000,3.8,relax,0,3.1885057921004507,3.59963691761901,34.0,281.5185055627969,34.0
relax_038.csv,relax_038,34,975,1025,3.9,relax,0,3.3893243386546983,3.8270531291933207,34.0,301.5203644593746,35.0
relax_038.csv,relax_038,35,1000,1050,4.0,relax,0,2.9052275760721282,3.4553373822369933,36.0,259.4478232638009,31.0
relax_038.csv,relax_038,36,1025,1075,4.1,relax,0,3.2286832755854515,3.84411171033705,35.0,287.54618639079604,32.0
relax_038.csv,relax_038,37,1050,1100,4.2,relax,0,3.2848067282346722,3.901103475441885,32.0,286.80543317518783,31.0
relax_038.csv,relax_038,38,1075,1125,4.3,relax,0,3.5502430347979215,4.2582797530585585,32.0,314.6425899926735,31.0
relax_038.csv,relax_038,39,1100,1150,4.4,relax,0,3.6222495957742655,4.260078831521204,35.0,326.126792279189,36.0
relax_038.csv,relax_038,40,1125,1175,4.5,relax,0,3.1553446242146364,3.672077127694307,35.0,286.0615202519404,36.0
relax_038.csv,relax_038,41,1150,1200,4.6,relax,0,3.4508200200957715,3.9290702453141515,35.0,305.2954287239299,35.0
relax_038.csv,relax_038,42,1175,1225,4.7,relax,0,3.394981789281331,3.8528244708323536,35.0,298.6542960687484,35.0
relax_038.csv,relax_038,43,1200,1250,4.8,relax,0,2.704353837968642,3.2516717264259216,35.0,237.1078730636887,32.0
relax_039.csv,relax_039,0,125,175,0.5,relax,0,4.837407176820813,5.639291954213448,33.0,420.69688102400346,34.0
relax_039.csv,relax_039,1,150,200,0.6,relax,0,4.641070308546059,5.263687762045073,34.0,392.6742280791019,34.0
relax_039.csv,relax_039,2,175,225,0.7,relax,0,4.483870753134259,5.107602292389544,34.0,386.55934314239323,35.0
relax_039.csv,relax_039,3,200,250,0.8,relax,0,4.6542021008788,5.389105300614786,34.0,411.4889580365121,34.0
relax_039.csv,relax_039,4,225,275,0.9,relax,0,4.260395699892153,4.8839474950686785,34.0,372.16301891729404,35.0
relax_039.csv,relax_039,5,250,300,1.0,relax,0,3.6254671605625277,4.157350045772624,31.0,303.18743987385386,31.0
relax_039.csv,relax_039,6,275,325,1.1,relax,0,3.092533490240198,3.7041378114365853,31.0,270.90643000447346,29.0
relax_039.csv,relax_039,7,300,350,1.2,relax,0,3.409239600748607,4.093934859996651,31.0,282.79194137850504,30.0
relax_039.csv,relax_039,8,325,375,1.3,relax,0,3.8772661363489713,4.470058471786127,32.0,320.92922378149467,31.0
relax_039.csv,relax_039,9,350,400,1.4,relax,0,3.2276384431759197,3.753650124468581,32.0,264.3621922085823,31.0
relax_039.csv,relax_039,10,375,425,1.5,relax,0,2.8807138865311255,3.3786296018017987,33.0,237.31826189617072,31.0
relax_039.csv,relax_039,11,400,450,1.6,relax,0,3.6629810984891766,4.231238001285102,34.0,321.998903618371,34.0
relax_039.csv,relax_039,12,425,475,1.7,relax,0,4.179185576167857,4.617096121377497,34.0,358.4724508311287,34.0
relax_039.csv,relax_039,13,450,500,1.8,relax,0,4.029306914729345,4.484494508157165,34.0,349.89935411750344,35.0
relax_039.csv,relax_039,14,475,525,1.9,relax,0,3.3325782777406503,3.8390145178922994,35.0,285.97024420064616,33.0
relax_039.csv,relax_039,15,500,550,2.0,relax,0,2.8246299925371043,3.2198464052167735,34.0,242.82180130387593,31.0
relax_039.csv,relax_039,16,525,575,2.1,relax,0,3.085016357170918,3.503926085795822,33.0,262.7050916971573,32.0
relax_039.csv,relax_039,17,550,600,2.2,relax,0,2.9682345273339985,3.373537469039094,34.0,251.30978482993746,32.0
relax_039.csv,relax_039,18,575,625,2.3,relax,0,2.7893467526403026,3.160975051439277,34.0,245.93220042723866,32.0
relax_039.csv,relax_039,19,600,650,2.4,relax,0,3.204809737710602,3.6531360440450857,33.0,281.15339470019677,33.0
relax_039.csv,relax_039,20,625,675,2.5,relax,0,3.729237416290837,4.287846237374237,32.0,305.87703748007175,33.0
relax_039.csv,relax_039,21,650,700,2.6,relax,0,3.668563582008306,4.500508992095929,30.0,303.96108552019666,28.0
relax_039.csv,relax_039,22,675,725,2.7,relax,0,2.126887295450965,3.252362567397852,22.0,172.83762794008734,14.0
relax_039.csv,relax_039,23,700,750,2.8,relax,0,1.2896450341723864,1.589456242064181,25.0,111.43578615754734,16.0
relax_039.csv,relax_039,24,725,775,2.9,relax,0,2.4441984893330795,2.9931587791752405,34.0,215.55973927103364,27.0
relax_039.csv,relax_039,25,750,800,3.0,relax,0,4.051943471365923,4.757749400637115,34.0,356.144605214816,33.0
relax_039.csv,relax_039,26,775,825,3.1,relax,0,4.9833369180838325,5.6742465161526106,34.0,429.2574303900432,35.0
relax_039.csv,relax_039,27,800,850,3.2,relax,0,4.69764267083785,5.438475763924012,34.0,406.50887468288084,35.0
relax_039.csv,relax_039,28,825,875,3.3,relax,0,4.17001149970331,4.72035543170175,34.0,359.40631728399825,34.0
relax_039.csv,relax_039,29,850,900,3.4,relax,0,4.301413932681005,4.867063816589168,34.0,370.3313152663449,35.0
relax_039.csv,relax_039,30,875,925,3.5,relax,0,3.2989952715880064,4.160389534608387,31.0,291.86177483792363,32.0
relax_039.csv,relax_039,31,900,950,3.6,relax,0,2.0978249695276596,2.4909886627981117,31.0,189.96035208929152,32.0
relax_039.csv,relax_039,32,925,975,3.7,relax,0,2.493375228124018,2.819023787226547,34.0,218.14973657526173,35.0
relax_039.csv,relax_039,33,950,1000,3.8,relax,0,3.490178804521008,3.961673865146981,34.0,301.48585150512474,35.0
relax_039.csv,relax_039,34,975,1025,3.9,relax,0,4.146327604097491,4.627506301035773,34.0,363.40533583911565,35.0
relax_039.csv,relax_039,35,1000,1050,4.0,relax,0,4.139669621369792,4.646493938983021,35.0,364.6327537269059,36.0
relax_039.csv,relax_039,36,1025,1075,4.1,relax,0,3.8751899075623997,4.341735178528776,35.0,340.9104282734065,36.0
relax_039.csv,relax_039,37,1050,1100,4.2,relax,0,3.43473884191159,3.9361077142741925,34.0,295.039311617402,34.0
relax_039.csv,relax_039,38,1075,1125,4.3,relax,0,2.67791506194295,3.2638318600338527,34.0,229.60610436927647,29.0
relax_039.csv,relax_039,39,1100,1150,4.4,relax,0,2.717153368504969,3.305022336867943,34.0,240.8737766849609,29.0
relax_039.csv,relax_039,40,1125,1175,4.5,relax,0,3.2837787648631536,3.863276076560375,34.0,293.27739151709477,32.0
relax_039.csv,relax_039,41,1150,1200,4.6,relax,0,3.2382445871041203,3.9481520062397966,35.0,285.64597440736486,31.0
relax_039.csv,relax_039,42,1175,1225,4.7,relax,0,3.7856875923738884,4.548447632642961,35.0,341.0451150284191,33.0
relax_039.csv,relax_039,43,1200,1250,4.8,relax,0,4.399971690773547,4.984408680390519,34.0,392.8808674545142,35.0
relax_040.csv,relax_040,0,125,175,0.5,relax,0,3.9517892670919856,4.705636796217604,29.0,336.752027530763,31.0
relax_040.csv,relax_040,1,150,200,0.6,relax,0,2.994014843675683,3.7268948791558305,29.0,253.84358346342418,28.0
relax_040.csv,relax_040,2,175,225,0.7,relax,0,2.7270446428943256,3.398067675208331,30.0,239.585908914598,28.0
relax_040.csv,relax_040,3,200,250,0.8,relax,0,3.834611699845882,4.387148461125939,34.0,342.7475951523965,34.0
relax_040.csv,relax_040,4,225,275,0.9,relax,0,3.2753419916352247,3.889631672644466,32.0,280.18550372318,30.0
relax_040.csv,relax_040,5,250,300,1.0,relax,0,2.8710236225956356,3.3771622811608126,33.0,252.2044302878126,31.0
relax_040.csv,relax_040,6,275,325,1.1,relax,0,2.9570435944030304,3.3947499113125894,33.0,254.34393761072914,33.0
relax_040.csv,relax_040,7,300,350,1.2,relax,0,2.8872014090260962,3.2740806339108928,34.0,257.3284767965515,34.0
relax_040.csv,relax_040,8,325,375,1.3,relax,0,2.9816950138514717,3.4182157983305026,34.0,265.64569354994416,35.0
relax_040.csv,relax_040,9,350,400,1.4,relax,0,3.0545410190549114,3.5101041676528872,34.0,268.09562837573327,34.0
relax_040.csv,relax_040,10,375,425,1.5,relax,0,3.335986689730359,3.8434833902750993,33.0,287.36204213263363,32.0
relax_040.csv,relax_040,11,400,450,1.6,relax,0,3.540747476841211,4.281189726360694,32.0,301.2392166404506,27.0
relax_040.csv,relax_040,12,425,475,1.7,relax,0,3.9587846070917734,4.5765426378742795,34.0,337.3924019152476,30.0
relax_040.csv,relax_040,13,450,500,1.8,relax,0,4.452644132530217,4.908822481091833,34.0,379.8625417576329,35.0
relax_040.csv,relax_040,14,475,525,1.9,relax,0,4.219262647619374,4.734445291164244,34.0,367.06424391366306,35.0
relax_040.csv,relax_040,15,500,550,2.0,relax,0,3.223029586856248,3.679487835595512,35.0,285.1172754589683,35.0
relax_040.csv,relax_040,16,525,575,2.1,relax,0,3.1351074497731948,3.6890135318170008,34.0,277.9697642572944,34.0
relax_040.csv,relax_040,17,550,600,2.2,relax,0,3.161652479402689,3.7115231084767317,33.0,272.2311423323964,33.0
relax_040.csv,relax_040,18,575,625,2.3,relax,0,3.379281880459193,3.859872716393939,34.0,291.2913853063094,34.0
relax_040.csv,relax_040,19,600,650,2.4,relax,0,3.9502845762171166,4.466718306140382,33.0,342.9755817771982,34.0
relax_040.csv,relax_040,20,625,675,2.5,relax,0,3.9522432200447746,4.40835761187762,32.0,324.02496650777374,32.0
relax_040.csv,relax_040,21,650,700,2.6,relax,0,3.511298843359033,4.02811227498625,31.0,296.5945393573774,31.0
relax_040.csv,relax_040,22,675,725,2.7,relax,0,3.2917609178105702,3.8234435911895472,33.0,292.2484576508889,32.0
relax_040.csv,relax_040,23,700,750,2.8,relax,0,2.839102639034179,3.276960438293984,34.0,248.85248040310447,33.0
relax_040.csv,relax_040,24,725,775,2.9,relax,0,2.702521384867723,3.0899817474293862,34.0,238.0429847835127,33.0
relax_040.csv,relax_040,25,750,800,3.0,relax,0,3.085249098532972,3.441388740148732,34.0,267.9456362715281,35.0
relax_040.csv,relax_040,26,775,825,3.1,relax,0,2.0370868777302715,2.5392557071472868,26.0,174.3003944238673,23.0
relax_040.csv,relax_040,27,800,850,3.2,relax,0,1.1932114741633764,1.436958237549937,27.0,105.33546969823642,13.0
relax_040.csv,relax_040,28,825,875,3.3,relax,0,2.0446018206526477,2.624777938953519,33.0,170.63670689220078,20.0
relax_040.csv,relax_040,29,850,900,3.4,relax,0,2.529429018925336,2.9914485004192324,34.0,219.10829746356032,29.0
relax_040.csv,relax_040,30,875,925,3.5,relax,0,2.4873662450746616,2.8376684002137873,34.0,216.57850765535716,31.0
relax_040.csv,relax_040,31,900,950,3.6,relax,0,2.692279561460877,3.047468747125774,34.0,238.46058559523712,33.0
relax_040.csv,relax_040,32,925,975,3.7,relax,0,2.6495314484581733,2.9818889302843026,34.0,229.67817749897566,33.0
relax_040.csv,relax_040,33,950,1000,3.8,relax,0,3.615111408862166,4.265602214668552,34.0,319.5631010443008,35.0
relax_040.csv,relax_040,34,975,1025,3.9,relax,0,3.490471308954135,4.184496744582291,32.0,295.0839971171076,31.0
relax_040.csv,relax_040,35,1000,1050,4.0,relax,0,2.9609995720592637,3.4976233973728323,31.0,238.74131973921732,29.0
relax_040.csv,relax_040,36,1025,1075,4.1,relax,0,2.7123938066017312,3.313711493380967,30.0,224.01890616004576,27.0
relax_040.csv,relax_040,37,1050,1100,4.2,relax,0,1.7013427668985175,2.06578354594923,30.0,149.5280441244995,21.0
relax_040.csv,relax_040,38,1075,1125,4.3,relax,0,1.6021585751011804,2.0104687272943913,31.0,147.69220019754167,19.0
relax_040.csv,relax_040,39,1100,1150,4.4,relax,0,2.404373093226495,2.9997646182455844,32.0,212.9012531046211,24.0
relax_040.csv,relax_040,40,1125,1175,4.5,relax,0,2.894676236635579,3.350247268444223,34.0,254.49613559168185,32.0
relax_040.csv,relax_040,41,1150,1200,4.6,relax,0,2.902415808535727,3.252479941176982,34.0,247.7248729142351,33.0
relax_040.csv,relax_040,42,1175,1225,4.7,relax,0,3.679564144852539,4.180289105607024,34.0,319.9821305037292,35.0
relax_040.csv,relax_040,43,1200,1250,4.8,relax,0,4.655292481931491,5.303294797850553,35.0,411.73117248279004,35.0
relax_041.csv,relax_041,0,125,175,0.5,relax,0,3.016201072903003,3.7014596910375426,32.0,266.5016082129811,31.0
relax_041.csv,relax_041,1,150,200,0.6,relax,0,2.8495007862640893,3.457052641292371,32.0,248.95633720177014,30.0
relax_041.csv,relax_041,2,175,225,0.7,relax,0,3.4170091215759872,3.919089691906905,35.0,301.4079095065107,33.0
relax_041.csv,relax_041,3,200,250,0.8,relax,0,3.035104599490586,3.5517935902096136,34.0,265.2055256229817,32.0
relax_041.csv,relax_041,4,225,275,0.9,relax,0,2.714434964523711,3.371482330020014,33.0,241.33744517099564,28.0
relax_041.csv,relax_041,5,250,300,1.0,relax,0,2.9670939301255443,3.7188066801126136,33.0,259.80074809731843,28.0
relax_041.csv,relax_041,6,275,325,1.1,relax,0,3.195052659032709,3.855794656900666,35.0,284.4638332183582,30.0
relax_041.csv,relax_041,7,300,350,1.2,relax,0,3.123130228220354,3.66710300033083,35.0,280.82951573097813,32.0
relax_041.csv,relax_041,8,325,375,1.3,relax,0,3.514409174206952,4.069381992947035,36.0,321.22909952779776,35.0
relax_041.csv,relax_041,9,350,400,1.4,relax,0,3.3054746781269695,3.8737912720158927,35.0,300.9964026257992,34.0
relax_041.csv,relax_041,10,375,425,1.5,relax,0,2.6816221666621205,3.172214786171068,34.0,235.7884383999752,32.0
relax_041.csv,relax_041,11,400,450,1.6,relax,0,2.921915302403316,3.653290823607146,32.0,254.97585075641737,31.0
relax_041.csv,relax_041,12,425,475,1.7,relax,0,3.4914089972283966,4.147383915546324,32.0,304.1255688969662,31.0
relax_041.csv,relax_041,13,450,500,1.8,relax,0,3.867685583777529,4.42252936377235,35.0,345.5358577119715,34.0
relax_041.csv,relax_041,14,475,525,1.9,relax,0,3.615469845491578,4.279663484728604,33.0,319.25100730085666,31.0
relax_041.csv,relax_041,15,500,550,2.0,relax,0,3.4455645652618307,3.9901517865380822,33.0,301.5191750012969,32.0
relax_041.csv,relax_041,16,525,575,2.1,relax,0,3.523126647277479,4.037640601187695,34.0,309.54651864939945,35.0
relax_041.csv,relax_041,17,550,600,2.2,relax,0,2.778779042188437,3.3041963390723814,34.0,239.59303730121803,32.0
relax_041.csv,relax_041,18,575,625,2.3,relax,0,2.379721911764224,2.751390469376424,34.0,209.32011679621664,30.0
relax_041.csv,relax_041,19,600,650,2.4,relax,0,3.321758985657677,4.110754930315777,33.0,295.4791569754257,30.0
relax_041.csv,relax_041,20,625,675,2.5,relax,0,3.314990935611985,4.069292665464898,32.0,282.98720030570075,32.0
relax_041.csv,relax_041,21,650,700,2.6,relax,0,2.974019688838871,3.3471352626496675,35.0,260.10038342772265,35.0
relax_041.csv,relax_041,22,675,725,2.7,relax,0,3.1216933273926024,3.564753407049874,32.0,262.57328557471294,32.0
relax_041.csv,relax_041,23,700,750,2.8,relax,0,3.0120742941493743,3.4745265073718814,32.0,252.5856216595549,31.0
relax_041.csv,relax_041,24,725,775,2.9,relax,0,2.949312308433864,3.465877650549467,33.0,253.53614295206302,31.0
relax_041.csv,relax_041,25,750,800,3.0,relax,0,2.5365788576658543,3.03861677689217,34.0,226.28527438903234,31.0
relax_041.csv,relax_041,26,775,825,3.1,relax,0,2.5209553657150017,2.912460591563747,34.0,225.1293091111004,32.0
relax_041.csv,relax_041,27,800,850,3.2,relax,0,2.4772940881193914,2.895583753145731,32.0,216.48914471370577,29.0
relax_041.csv,relax_041,28,825,875,3.3,relax,0,2.7708527666372387,3.207084942321397,33.0,238.9444384383202,30.0
relax_041.csv,relax_041,29,850,900,3.4,relax,0,2.47180213181651,2.9612304699509773,32.0,207.9914291732302,25.0
relax_041.csv,relax_041,30,875,925,3.5,relax,0,2.541408363044331,3.16719833350583,32.0,206.72085531173437,24.0
relax_041.csv,relax_041,31,900,950,3.6,relax,0,3.175997600656332,3.65660491276707,34.0,273.72622315726676,33.0
relax_041.csv,relax_041,32,925,975,3.7,relax,0,3.2839526955559553,3.78962591395586,34.0,291.5304699562439,33.0
relax_041.csv,relax_041,33,950,1000,3.8,relax,0,3.2879658097287705,3.870443145806519,35.0,300.9080084184927,33.0
relax_041.csv,relax_041,34,975,1025,3.9,relax,0,3.079410976916891,3.585857040127181,34.0,268.5526368959868,31.0
relax_041.csv,relax_041,35,1000,1050,4.0,relax,0,3.1056310824281237,3.7565829902872707,32.0,273.3647094055158,30.0
relax_041.csv,relax_041,36,1025,1075,4.1,relax,0,3.1572804151001064,3.77072368162346,33.0,286.25774241342356,32.0
relax_041.csv,relax_041,37,1050,1100,4.2,relax,0,3.1399109417669298,3.585109829201859,34.0,277.5659259914307,34.0
relax_041.csv,relax_041,38,1075,1125,4.3,relax,0,2.9165824935263567,3.3474634106666556,34.0,255.6840008708589,34.0
relax_041.csv,relax_041,39,1100,1150,4.4,relax,0,3.410836035117454,3.886093515528795,34.0,296.8526637846458,35.0
relax_041.csv,relax_041,40,1125,1175,4.5,relax,0,3.4830776594547093,4.058055534434723,35.0,310.2628357123423,34.0
relax_041.csv,relax_041,41,1150,1200,4.6,relax,0,3.2931905998036335,3.8109827350952865,34.0,286.8234609097352,34.0
relax_041.csv,relax_041,42,1175,1225,4.7,relax,0,2.968860459704197,3.4300910200676284,32.0,264.52545249674955,33.0
relax_041.csv,relax_041,43,1200,1250,4.8,relax,0,3.3691863333959087,4.070285860267754,32.0,300.2716528816599,32.0
relax_042.csv,relax_042,0,125,175,0.5,relax,0,2.7684657361436313,3.2533055078144235,33.0,221.36190937347428,30.0
relax_042.csv,relax_042,1,150,200,0.6,relax,0,3.529601512357467,4.013677785446392,35.0,304.6589399939394,33.0
relax_042.csv,relax_042,2,175,225,0.7,relax,0,3.22790019292124,3.713220662607277,33.0,272.44230762237856,33.0
relax_042.csv,relax_042,3,200,250,0.8,relax,0,2.4323170731618102,2.870926684605581,34.0,209.22355531852028,29.0
relax_042.csv,relax_042,4,225,275,0.9,relax,0,2.2238444396374346,2.720829683091189,32.0,186.79421484748352,24.0
relax_042.csv,relax_042,5,250,300,1.0,relax,0,2.4875130985231273,2.861565424263561,32.0,210.15589217120856,30.0
relax_042.csv,relax_042,6,275,325,1.1,relax,0,3.0491247210740293,3.4080989213448696,34.0,260.06108236178363,35.0
relax_042.csv,relax_042,7,300,350,1.2,relax,0,3.205065638515619,3.692685306253862,34.0,284.2497509575789,35.0
relax_042.csv,relax_042,8,325,375,1.3,relax,0,3.0109061320282806,3.506793059490428,36.0,267.60607808116725,34.0
relax_042.csv,relax_042,9,350,400,1.4,relax,0,2.6577401583921807,3.1107630627539042,34.0,239.93051591108681,32.0
relax_042.csv,relax_042,10,375,425,1.5,relax,0,3.2515140203560047,3.964013277108775,34.0,278.73613210224823,30.0
relax_042.csv,relax_042,11,400,450,1.6,relax,0,3.4138336526385817,4.022070810225134,34.0,287.6651427931952,33.0
relax_042.csv,relax_042,12,425,475,1.7,relax,0,3.1542297052745,3.514420687482989,34.0,268.3907260764721,35.0
relax_042.csv,relax_042,13,450,500,1.8,relax,0,3.8273320353724842,4.320109195227853,33.0,330.79336185343766,34.0
relax_042.csv,relax_042,14,475,525,1.9,relax,0,4.099405770445432,4.595209060188861,34.0,357.36093681134435,35.0
relax_042.csv,relax_042,15,500,550,2.0,relax,0,3.0102246965990442,3.5175870227830237,33.0,252.43320652265567,31.0
relax_042.csv,relax_042,16,525,575,2.1,relax,0,2.2127005422858317,2.6213955616734648,34.0,188.85326579030985,28.0
relax_042.csv,relax_042,17,550,600,2.2,relax,0,2.246807275835051,2.6196848157885038,33.0,190.4351579546568,30.0
relax_042.csv,relax_042,18,575,625,2.3,relax,0,2.353553909170722,2.7706303289651824,31.0,199.70966108223763,30.0
relax_042.csv,relax_042,19,600,650,2.4,relax,0,3.269709024483169,3.850096617357621,31.0,285.011352315663,31.0
relax_042.csv,relax_042,20,625,675,2.5,relax,0,3.6488609419617113,4.134979108211314,33.0,315.74781215589906,34.0
relax_042.csv,relax_042,21,650,700,2.6,relax,0,3.0243734508381497,3.465959000157374,32.0,260.6820629137004,31.0
relax_042.csv,relax_042,22,675,725,2.7,relax,0,3.1170806288515145,3.5717528284792737,31.0,257.47031337860494,29.0
relax_042.csv,relax_042,23,700,750,2.8,relax,0,3.5189179662044476,4.031099749667235,32.0,289.77710689719737,32.0
relax_042.csv,relax_042,24,725,775,2.9,relax,0,3.724592312729612,4.219243938047427,34.0,328.0021996267577,35.0
relax_042.csv,relax_042,25,750,800,3.0,relax,0,3.9398311984043812,4.395232372217108,33.0,342.9638119326972,34.0
relax_042.csv,relax_042,26,775,825,3.1,relax,0,3.359570964442147,4.03373287116747,30.0,294.550796877585,29.0
relax_042.csv,relax_042,27,800,850,3.2,relax,0,2.840742506818637,3.508597751445779,29.0,234.80338234808852,27.0
relax_042.csv,relax_042,28,825,875,3.3,relax,0,3.2467835415427984,3.729626900816222,33.0,285.1187551112958,33.0
relax_042.csv,relax_042,29,850,900,3.4,relax,0,3.201546150884716,3.6017009921983565,34.0,274.5611937911335,34.0
relax_042.csv,relax_042,30,875,925,3.5,relax,0,2.560705347700441,2.911448509093652,34.0,225.6119241715287,34.0
relax_042.csv,relax_042,31,900,950,3.6,relax,0,2.9792620811455044,3.618235529417701,33.0,258.4529002024678,33.0
relax_042.csv,relax_042,32,925,975,3.7,relax,0,3.639058499971587,4.313590127879008,29.0,300.35354855508655,30.0
relax_042.csv,relax_042,33,950,1000,3.8,relax,0,3.152018670173236,3.949524503839111,30.0,271.05585772512285,26.0
relax_042.csv,relax_042,34,975,1025,3.9,relax,0,2.662661045286888,3.5863712119944178,32.0,243.74903022981403,24.0
relax_042.csv,relax_042,35,1000,1050,4.0,relax,0,2.5150065687625762,3.152916982403005,33.0,223.36375866025503,28.0
relax_042.csv,relax_042,36,1025,1075,4.1,relax,0,2.412936693607401,2.768452177450696,33.0,208.57741160347885,32.0
relax_042.csv,relax_042,37,1050,1100,4.2,relax,0,3.37256842140274,3.960036711370822,33.0,288.9162014792682,32.0
relax_042.csv,relax_042,38,1075,1125,4.3,relax,0,4.062236748469807,4.644420860117744,31.0,337.77778815053034,32.0
relax_042.csv,relax_042,39,1100,1150,4.4,relax,0,3.433057304184369,4.200779216719983,31.0,285.6333694294721,29.0
relax_042.csv,relax_042,40,1125,1175,4.5,relax,0,3.211685360826867,3.992688777338575,32.0,268.9163607166355,26.0
relax_042.csv,relax_042,41,1150,1200,4.6,relax,0,3.1928608026783483,3.829937693727605,32.0,274.0848460106031,29.0
relax_042.csv,relax_042,42,1175,1225,4.7,relax,0,3.860830900391649,4.5125977199651315,34.0,325.96924268868906,32.0
relax_042.csv,relax_042,43,1200,1250,4.8,relax,0,3.671696780491448,4.450669233981985,32.0,291.54705535341316,29.0
relax_043.csv,relax_043,0,125,175,0.5,relax,0,2.793008413688806,3.26855626232474,32.0,234.84198327050672,32.0
relax_043.csv,relax_043,1,150,200,0.6,relax,0,3.321663355622231,4.006721064664625,32.0,281.1285441702193,31.0
relax_043.csv,relax_043,2,175,225,0.7,relax,0,3.7175113316777515,4.393906217613734,33.0,314.37553573390045,32.0
relax_043.csv,relax_043,3,200,250,0.8,relax,0,2.699087392652361,3.2632691597902883,30.0,215.38538002566926,27.0
relax_043.csv,relax_043,4,225,275,0.9,relax,0,2.9188631396195577,3.3591956216662693,32.0,234.60832348864824,29.0
relax_043.csv,relax_043,5,250,300,1.0,relax,0,3.4334080594925678,4.016124387764981,31.0,274.602608524995,30.0
relax_043.csv,relax_043,6,275,325,1.1,relax,0,3.0373556216612623,3.974741179180473,26.0,252.30488257689075,23.0
relax_043.csv,relax_043,7,300,350,1.2,relax,0,3.7101198962393926,4.902573178828411,25.0,307.04790429851755,23.0
relax_043.csv,relax_043,8,325,375,1.3,relax,0,4.2169696491497,5.120395362653216,31.0,363.3709776243378,30.0
relax_043.csv,relax_043,9,350,400,1.4,relax,0,3.9005723272814508,4.434581485840053,31.0,315.84373574049306,31.0
relax_043.csv,relax_043,10,375,425,1.5,relax,0,4.0287556203942465,4.5024399845542895,33.0,334.20669619635316,33.0
relax_043.csv,relax_043,11,400,450,1.6,relax,0,4.092076472525216,4.5766806603505525,34.0,353.40935701253045,34.0
relax_043.csv,relax_043,12,425,475,1.7,relax,0,4.334966867126131,4.837314000214604,34.0,380.6010816009186,35.0
relax_043.csv,relax_043,13,450,500,1.8,relax,0,4.546347463396332,5.131982522573626,34.0,402.90568115815097,34.0
relax_043.csv,relax_043,14,475,525,1.9,relax,0,3.859129604085045,4.53399117058687,32.0,340.6115047460932,32.0
relax_043.csv,relax_043,15,500,550,2.0,relax,0,3.458822701943775,3.9543576229867856,32.0,298.7877340072041,32.0
relax_043.csv,relax_043,16,525,575,2.1,relax,0,4.0128487157289765,4.540757711797307,34.0,354.85872139111194,34.0
relax_043.csv,relax_043,17,550,600,2.2,relax,0,4.315029408289683,4.992148135869327,34.0,378.1156149322044,33.0
relax_043.csv,relax_043,18,575,625,2.3,relax,0,3.1774164635757667,3.9586857890234417,33.0,269.961990101948,32.0
relax_043.csv,relax_043,19,600,650,2.4,relax,0,2.2929645271214847,2.736939199605619,33.0,191.7392602849467,28.0
relax_043.csv,relax_043,20,625,675,2.5,relax,0,2.154368977283855,2.620662182879366,33.0,183.68042380346327,23.0
relax_043.csv,relax_043,21,650,700,2.6,relax,0,2.1425623033355157,2.544250326443176,35.0,196.51945078506236,27.0
relax_043.csv,relax_043,22,675,725,2.7,relax,0,2.473147840420837,2.919646755727229,33.0,215.95337329764118,29.0
relax_043.csv,relax_043,23,700,750,2.8,relax,0,2.868166274008772,3.380546354596699,33.0,245.22798136658727,31.0
relax_043.csv,relax_043,24,725,775,2.9,relax,0,3.4090848460144745,3.984553455386427,34.0,290.909058864377,33.0
relax_043.csv,relax_043,25,750,800,3.0,relax,0,3.3865083494697075,4.0966533190702314,30.0,282.47887606819233,30.0
relax_043.csv,relax_043,26,775,825,3.1,relax,0,3.2435257367073573,3.9995366536557477,29.0,273.5669238184148,28.0
relax_043.csv,relax_043,27,800,850,3.2,relax,0,3.1522411419960865,3.780701719323672,31.0,267.7277170016462,29.0
relax_043.csv,relax_043,28,825,875,3.3,relax,0,3.3801728801243214,3.8869360073806534,32.0,283.9102900223085,31.0
relax_043.csv,relax_043,29,850,900,3.4,relax,0,4.115651301782454,4.722770273301725,32.0,346.7852435277108,33.0
relax_043.csv,relax_043,30,875,925,3.5,relax,0,4.237053821999752,4.876350541608722,33.0,361.43225892707017,34.0
relax_043.csv,relax_043,31,900,950,3.6,relax,0,3.8350042836189058,4.403258169636184,33.0,329.2377456871993,33.0
relax_043.csv,relax_043,32,925,975,3.7,relax,0,3.368568690590742,4.039584534659406,31.0,285.5578922810413,28.0
relax_043.csv,relax_043,33,950,1000,3.8,relax,0,3.476079150069379,4.13149906786588,31.0,280.8244767211469,28.0
relax_043.csv,relax_043,34,975,1025,3.9,relax,0,3.3659983174243395,3.878930761306232,32.0,279.5910899697442,32.0
relax_043.csv,relax_043,35,1000,1050,4.0,relax,0,2.1174859904674816,2.636728653866449,27.0,178.06827252918674,25.0
relax_043.csv,relax_043,36,1025,1075,4.1,relax,0,1.7176410226961665,2.0786041932141774,28.0,150.16264896863342,25.0
relax_043.csv,relax_043,37,1050,1100,4.2,relax,0,2.602695411989014,3.0677675387621357,33.0,215.9969484459091,31.0
relax_043.csv,relax_043,38,1075,1125,4.3,relax,0,4.292020200069079,4.990622810996128,33.0,365.89304300912295,34.0
relax_043.csv,relax_043,39,1100,1150,4.4,relax,0,4.834731199883563,5.455055844890022,34.0,419.973778442998,34.0
relax_043.csv,relax_043,40,1125,1175,4.5,relax,0,4.5022155467837415,5.18919403450517,34.0,385.8827328882352,33.0
relax_043.csv,relax_043,41,1150,1200,4.6,relax,0,3.2919029864537364,4.223926217705212,31.0,276.1119763323334,24.0
relax_043.csv,relax_043,42,1175,1225,4.7,relax,0,2.635899719940596,3.284004125550954,31.0,220.39371266604155,24.0
relax_043.csv,relax_043,43,1200,1250,4.8,relax,0,2.858383197690338,3.455094164385345,34.0,254.94134483788247,34.0
relax_044.csv,relax_044,0,125,175,0.5,relax,0,4.238316678369017,5.052587582341083,32.0,346.078098803677,30.0
relax_044.csv,relax_044,1,150,200,0.6,relax,0,3.336298874476101,3.895095239489502,30.0,256.3350803513004,30.0
relax_044.csv,relax_044,2,175,225,0.7,relax,0,2.8656898920312712,3.450384896938828,32.0,236.3733490040415,31.0
relax_044.csv,relax_044,3,200,250,0.8,relax,0,2.9720384548130285,3.624933564852935,33.0,262.72759641504706,31.0
relax_044.csv,relax_044,4,225,275,0.9,relax,0,3.7971293338751537,4.341648616187492,34.0,336.0022865372647,35.0
relax_044.csv,relax_044,5,250,300,1.0,relax,0,3.83944418190753,4.241793848002043,33.0,320.8043268694117,34.0
relax_044.csv,relax_044,6,275,325,1.1,relax,0,3.233325333930674,3.762575774561762,32.0,283.66612901875493,29.0
relax_044.csv,relax_044,7,300,350,1.2,relax,0,3.186679106789837,4.005417541400531,30.0,262.16677074797656,25.0
relax_044.csv,relax_044,8,325,375,1.3,relax,0,3.6496511018459734,4.4497037647407,31.0,307.47106854409543,30.0
relax_044.csv,relax_044,9,350,400,1.4,relax,0,3.0188971302415837,3.7437635518926635,30.0,259.1394513472474,27.0
relax_044.csv,relax_044,10,375,425,1.5,relax,0,3.113011916712044,3.7497861702960873,30.0,265.30769095416935,29.0
relax_044.csv,relax_044,11,400,450,1.6,relax,0,4.167507472110192,4.74610099289359,33.0,358.2763269142569,34.0
relax_044.csv,relax_044,12,425,475,1.7,relax,0,4.038329436246031,4.667788433695971,32.0,343.47690544190084,32.0
relax_044.csv,relax_044,13,450,500,1.8,relax,0,3.0193890623431834,3.5513583185378566,34.0,266.32768414926113,33.0
relax_044.csv,relax_044,14,475,525,1.9,relax,0,2.9269033313798265,3.40410698527633,33.0,253.79192962643427,33.0
relax_044.csv,relax_044,15,500,550,2.0,relax,0,3.723656918845441,4.248477614622968,34.0,323.52890738222635,35.0
relax_044.csv,relax_044,16,525,575,2.1,relax,0,3.6172068369765986,4.099986872981387,34.0,316.05912719744543,35.0
relax_044.csv,relax_044,17,550,600,2.2,relax,0,2.4671020710921177,2.890413861620883,32.0,210.21448603397545,31.0
relax_044.csv,relax_044,18,575,625,2.3,relax,0,2.1004793919782894,2.574307466659362,31.0,174.10303450124053,26.0
relax_044.csv,relax_044,19,600,650,2.4,relax,0,3.223568120225983,3.8102692174874595,34.0,283.19671970351834,31.0
relax_044.csv,relax_044,20,625,675,2.5,relax,0,3.491266761446627,4.016625717585271,34.0,309.80910128189856,34.0
relax_044.csv,relax_044,21,650,700,2.6,relax,0,3.433024292511451,4.012899445554901,34.0,306.17336003565924,33.0
relax_044.csv,relax_044,22,675,725,2.7,relax,0,3.9673157773951586,4.471079775035648,34.0,342.41381457993276,35.0
relax_044.csv,relax_044,23,700,750,2.8,relax,0,3.574484550691916,4.187061335011184,34.0,315.5356909152312,34.0
relax_044.csv,relax_044,24,725,775,2.9,relax,0,2.3347361699297284,3.042639755241942,33.0,205.86488813995155,24.0
relax_044.csv,relax_044,25,750,800,3.0,relax,0,1.9210658347469047,2.2509238133490563,33.0,164.08583246770954,24.0
relax_044.csv,relax_044,26,775,825,3.1,relax,0,3.375292491330644,3.9856565438522176,33.0,276.1302558088497,31.0
relax_044.csv,relax_044,27,800,850,3.2,relax,0,3.8603608130069618,4.431179543370238,33.0,317.21431431141804,33.0
relax_044.csv,relax_044,28,825,875,3.3,relax,0,3.316258399483578,3.758134936722218,34.0,282.91800987388433,35.0
relax_044.csv,relax_044,29,850,900,3.4,relax,0,3.7717099766370192,4.281889363243603,35.0,337.09320751361844,35.0
relax_044.csv,relax_044,30,875,925,3.5,relax,0,3.232351682610652,3.887860925068388,31.0,285.52609666618065,30.0
relax_044.csv,relax_044,31,900,950,3.6,relax,0,2.786794892545873,3.2636431418649052,31.0,239.4779336182292,30.0
relax_044.csv,relax_044,32,925,975,3.7,relax,0,3.4804389317881226,3.9044392213838437,34.0,305.79350786814786,35.0
relax_044.csv,relax_044,33,950,1000,3.8,relax,0,3.2738741444440267,3.7925979598332638,33.0,280.26611424429717,32.0
relax_044.csv,relax_044,34,975,1025,3.9,relax,0,2.0131050815669767,2.6427646459025356,29.0,175.32720069434865,22.0
relax_044.csv,relax_044,35,1000,1050,4.0,relax,0,1.7923171386799601,2.2429869161311835,30.0,160.10167416643142,23.0
relax_044.csv,relax_044,36,1025,1075,4.1,relax,0,2.832876496299432,3.2287755346669162,34.0,246.10678094960522,33.0
relax_044.csv,relax_044,37,1050,1100,4.2,relax,0,3.5520653992193205,4.02199124767091,34.0,305.17920876754175,35.0
relax_044.csv,relax_044,38,1075,1125,4.3,relax,0,4.163436351034871,4.722482863468607,34.0,365.98237381734407,35.0
relax_044.csv,relax_044,39,1100,1150,4.4,relax,0,4.30480142386107,4.898837239903359,34.0,378.07393156686413,35.0
relax_044.csv,relax_044,40,1125,1175,4.5,relax,0,3.4222979051284157,4.031532301089614,35.0,294.69179334198304,34.0
relax_044.csv,relax_044,41,1150,1200,4.6,relax,0,2.9312611260347508,3.3937231895701565,34.0,261.6398962522639,34.0
relax_044.csv,relax_044,42,1175,1225,4.7,relax,0,3.313711873576789,3.8058229369525574,35.0,302.73246811711937,35.0
relax_044.csv,relax_044,43,1200,1250,4.8,relax,0,2.978510656317477,3.4082881929669733,34.0,265.5345192066481,34.0
relax_045.csv,relax_045,0,125,175,0.5,relax,0,3.513728807759831,4.137298799626407,31.0,273.395878144669,30.0
relax_045.csv,relax_045,1,150,200,0.6,relax,0,3.349131142832698,3.822655972167859,33.0,272.2054512292395,34.0
relax_045.csv,relax_045,2,175,225,0.7,relax,0,2.876764059523477,3.2992375269559355,33.0,236.06615715197887,31.0
relax_045.csv,relax_045,3,200,250,0.8,relax,0,2.229679626760773,2.664647490428953,32.0,192.41071801692334,28.0
relax_045.csv,relax_045,4,225,275,0.9,relax,0,2.31787603514944,2.712151478392302,33.0,208.6236153482037,31.0
relax_045.csv,relax_045,5,250,300,1.0,relax,0,3.38902855740026,3.949912740825283,35.0,297.9204254735018,35.0
relax_045.csv,relax_045,6,275,325,1.1,relax,0,3.831918144779502,4.398015267883116,34.0,335.88939944340046,35.0
relax_045.csv,relax_045,7,300,350,1.2,relax,0,3.4463492868604653,3.9149740288520865,34.0,298.95365255388515,35.0
relax_045.csv,relax_045,8,325,375,1.3,relax,0,3.1549547967598346,3.5709188774464997,33.0,273.1455972123098,33.0
relax_045.csv,relax_045,9,350,400,1.4,relax,0,2.87513725068672,3.291639965213748,32.0,241.32632167698378,29.0
relax_045.csv,relax_045,10,375,425,1.5,relax,0,3.1116646445188354,3.8387540999731176,30.0,256.627204721599,26.0
relax_045.csv,relax_045,11,400,450,1.6,relax,0,3.8844715865442794,4.607821416390334,32.0,328.1773775541626,31.0
relax_045.csv,relax_045,12,425,475,1.7,relax,0,3.967649036260161,4.500396788254887,34.0,343.8040978758596,35.0
relax_045.csv,relax_045,13,450,500,1.8,relax,0,2.3471999135085757,3.0772464502461685,31.0,208.9229898960066,22.0
relax_045.csv,relax_045,14,475,525,1.9,relax,0,1.278796392614864,1.6479672073211349,23.0,105.38462774131065,10.0
relax_045.csv,relax_045,15,500,550,2.0,relax,0,2.7576342825290054,3.5506462408354196,27.0,235.90636412865769,24.0
relax_045.csv,relax_045,16,525,575,2.1,relax,0,3.62892635600693,4.141880060107231,33.0,313.03246165845627,34.0
relax_045.csv,relax_045,17,550,600,2.2,relax,0,3.110140037176421,3.4948641559423574,34.0,275.7083479940952,35.0
relax_045.csv,relax_045,18,575,625,2.3,relax,0,3.1392937360357087,3.7292113329857854,34.0,270.65068213227744,30.0
relax_045.csv,relax_045,19,600,650,2.4,relax,0,3.400524245848527,4.146846692036775,34.0,301.44195459473184,29.0
relax_045.csv,relax_045,20,625,675,2.5,relax,0,3.060809001052425,3.669823190267664,33.0,268.1946185171496,31.0
relax_045.csv,relax_045,21,650,700,2.6,relax,0,2.9872757442984965,3.408395372872373,33.0,249.997780203314,32.0
relax_045.csv,relax_045,22,675,725,2.7,relax,0,3.1756632452328604,3.550759333119342,34.0,270.7952655240948,33.0
relax_045.csv,relax_045,23,700,750,2.8,relax,0,2.630985984740248,3.023018778204115,34.0,224.9817960842462,32.0
relax_045.csv,relax_045,24,725,775,2.9,relax,0,2.587170090706576,3.0195260484701545,34.0,224.8864147891507,33.0
relax_045.csv,relax_045,25,750,800,3.0,relax,0,2.4631063380149594,2.8767035131383705,33.0,212.13122676211054,30.0
relax_045.csv,relax_045,26,775,825,3.1,relax,0,2.063504509992184,2.461416903777222,32.0,179.8715296535212,24.0
relax_045.csv,relax_045,27,800,850,3.2,relax,0,2.480131663198467,3.062189015577702,31.0,216.8138704646894,26.0
relax_045.csv,relax_045,28,825,875,3.3,relax,0,2.9360695162615027,3.5837088944673727,29.0,250.77915952338645,27.0
relax_045.csv,relax_045,29,850,900,3.4,relax,0,3.0211855844326654,3.5318586018778357,33.0,264.8059756817487,31.0
relax_045.csv,relax_045,30,875,925,3.5,relax,0,3.2829714348917816,3.727843458743713,34.0,280.10974462389606,34.0
relax_045.csv,relax_045,31,900,950,3.6,relax,0,2.759958171488861,3.292763865797299,31.0,235.0661858142061,31.0
relax_045.csv,relax_045,32,925,975,3.7,relax,0,2.548586575918227,2.985746508839753,31.0,217.9233123986256,32.0
relax_045.csv,relax_045,33,950,1000,3.8,relax,0,2.9051469025835193,3.4052691175387957,34.0,263.36705899767577,33.0
relax_045.csv,relax_045,34,975,1025,3.9,relax,0,2.8833438191588896,3.425237990819093,33.0,249.98091868732504,29.0
relax_045.csv,relax_045,35,1000,1050,4.0,relax,0,2.9637575129328027,3.435706738798355,34.0,245.56126746468638,31.0
relax_045.csv,relax_045,36,1025,1075,4.1,relax,0,2.9228222959893646,3.531339273198912,33.0,246.0668605855003,29.0
relax_045.csv,relax_045,37,1050,1100,4.2,relax,0,2.8103800918350896,3.386365554979367,32.0,235.20608681513738,29.0
relax_045.csv,relax_045,38,1075,1125,4.3,relax,0,2.6541796803779967,2.9763446324917,34.0,231.39620765384745,33.0
relax_045.csv,relax_045,39,1100,1150,4.4,relax,0,3.02862273190211,3.4417125834084343,33.0,257.64393073041873,32.0
relax_045.csv,relax_045,40,1125,1175,4.5,relax,0,3.752393529180501,4.56565276075108,32.0,323.96969933478107,31.0
relax_045.csv,relax_045,41,1150,1200,4.6,relax,0,2.9545730269326493,4.010023957322381,27.0,245.98793501802731,25.0
relax_045.csv,relax_045,42,1175,1225,4.7,relax,0,2.814796495536683,3.529920545169113,28.0,242.34441725834057,28.0
relax_045.csv,relax_045,43,1200,1250,4.8,relax,0,3.8490949443572617,4.419447005792221,34.0,339.8591336060518,34.0
relax_046.csv,relax_046,0,125,175,0.5,relax,0,2.5528481019105556,3.2987969400906776,28.0,214.80969738395714,25.0
relax_046.csv,relax_046,1,150,200,0.6,relax,0,2.4769786902439455,3.4153265615573063,24.0,205.15536684742702,20.0
relax_046.csv,relax_046,2,175,225,0.7,relax,0,3.5427549180888422,4.322722127956685,31.0,290.47322969628317,29.0
relax_046.csv,relax_046,3,200,250,0.8,relax,0,3.601489268056954,4.095849420236694,32.0,295.83471483829135,32.0
relax_046.csv,relax_046,4,225,275,0.9,relax,0,4.005796834845939,4.476717017874289,33.0,339.6804003781635,34.0
relax_046.csv,relax_046,5,250,300,1.0,relax,0,4.148307090320774,4.61508454241293,34.0,355.4370163619071,35.0
relax_046.csv,relax_046,6,275,325,1.1,relax,0,3.6033031031533445,4.0240162719704005,34.0,306.2002552411732,34.0
relax_046.csv,relax_046,7,300,350,1.2,relax,0,3.5685519805326584,4.0630473045800315,33.0,300.12847173770194,33.0
relax_046.csv,relax_046,8,325,375,1.3,relax,0,3.421911760673648,4.084901881815152,31.0,274.2075016161211,28.0
relax_046.csv,relax_046,9,350,400,1.4,relax,0,3.3278069962388126,4.141472159724381,30.0,274.4322824844344,27.0
relax_046.csv,relax_046,10,375,425,1.5,relax,0,3.2560000265814004,4.004297804610198,32.0,276.40054615492653,31.0
relax_046.csv,relax_046,11,400,450,1.6,relax,0,4.1632543590628535,4.95001397732258,32.0,347.8958615071783,33.0
relax_046.csv,relax_046,12,425,475,1.7,relax,0,4.036879294358181,4.863212194857233,34.0,335.1653473908543,33.0
relax_046.csv,relax_046,13,450,500,1.8,relax,0,2.467087909528536,3.093348600121298,32.0,203.7357786548836,27.0
relax_046.csv,relax_046,14,475,525,1.9,relax,0,2.616575176964943,3.3364040764011693,30.0,224.0118202055795,23.0
relax_046.csv,relax_046,15,500,550,2.0,relax,0,4.024396848420306,4.762233624432867,30.0,332.8533061693298,29.0
relax_046.csv,relax_046,16,525,575,2.1,relax,0,4.187920896412484,4.759260926514284,32.0,347.2701654901473,33.0
relax_046.csv,relax_046,17,550,600,2.2,relax,0,3.786362263899741,4.309344309578513,33.0,320.7097156250704,34.0
relax_046.csv,relax_046,18,575,625,2.3,relax,0,3.957008447172819,4.471739709351073,34.0,345.5834782885056,35.0
relax_046.csv,relax_046,19,600,650,2.4,relax,0,3.623284644025818,4.151160184164055,33.0,304.72319767634644,33.0
relax_046.csv,relax_046,20,625,675,2.5,relax,0,3.6454479005115825,4.206074709371244,31.0,294.71904570130783,32.0
relax_046.csv,relax_046,21,650,700,2.6,relax,0,3.08561354715146,3.7353487248151684,30.0,246.41932668289772,25.0
relax_046.csv,relax_046,22,675,725,2.7,relax,0,2.875018756689489,3.5277840365519872,31.0,242.9669122001727,26.0
relax_046.csv,relax_046,23,700,750,2.8,relax,0,3.435783318119348,3.9395296204666637,33.0,300.2516613210429,34.0
relax_046.csv,relax_046,24,725,775,2.9,relax,0,3.3031503720870954,3.7290140033431713,34.0,291.31885721283385,33.0
relax_046.csv,relax_046,25,750,800,3.0,relax,0,2.58685649913552,3.04553632033873,31.0,221.06445746864193,28.0
relax_046.csv,relax_046,26,775,825,3.1,relax,0,2.8474924854350605,3.5500015773295734,32.0,234.8450554808472,29.0
relax_046.csv,relax_046,27,800,850,3.2,relax,0,4.085634019731893,4.7154853419618785,33.0,335.6007211602431,34.0
relax_046.csv,relax_046,28,825,875,3.3,relax,0,3.291817735646492,3.9560818320247066,32.0,272.52143403880143,31.0
relax_046.csv,relax_046,29,850,900,3.4,relax,0,1.8375073438729843,2.262819001128004,28.0,152.41725132957887,21.0
relax_046.csv,relax_046,30,875,925,3.5,relax,0,2.684425741258608,3.3276426583099905,29.0,232.9431326868936,25.0
relax_046.csv,relax_046,31,900,950,3.6,relax,0,3.9354520676690457,4.52067840144306,33.0,340.5293248225077,32.0
relax_046.csv,relax_046,32,925,975,3.7,relax,0,3.3568711270974814,3.9689080931926286,33.0,290.74515369270654,30.0
relax_046.csv,relax_046,33,950,1000,3.8,relax,0,2.3079292821648725,2.7472661241104577,34.0,201.04699616637834,24.0
relax_046.csv,relax_046,34,975,1025,3.9,relax,0,2.3605256813880926,2.8096629015003822,33.0,204.8067920827761,25.0
relax_046.csv,relax_046,35,1000,1050,4.0,relax,0,3.6019781314042887,4.195913905581021,32.0,301.10702012168673,33.0
relax_046.csv,relax_046,36,1025,1075,4.1,relax,0,3.172588951815772,3.956610111495209,27.0,251.88819672205418,24.0
relax_046.csv,relax_046,37,1050,1100,4.2,relax,0,3.0293866176229383,3.8187137773116206,27.0,248.36994533410814,23.0
relax_046.csv,relax_046,38,1075,1125,4.3,relax,0,3.9444742519748788,4.7154286141058845,31.0,322.081001871417,28.0
relax_046.csv,relax_046,39,1100,1150,4.4,relax,0,3.137133317607407,3.9204440144965487,31.0,256.4756895188458,25.0
relax_046.csv,relax_046,40,1125,1175,4.5,relax,0,3.1541154356038676,3.70184694082163,32.0,267.31766872473486,29.0
relax_046.csv,relax_046,41,1150,1200,4.6,relax,0,3.459827813890863,3.9898219009717364,30.0,281.2949643611376,30.0
relax_046.csv,relax_046,42,1175,1225,4.7,relax,0,3.1314218284325164,3.744714921350793,31.0,271.23894765813304,30.0
relax_046.csv,relax_046,43,1200,1250,4.8,relax,0,2.6311735522330286,3.1506248972969306,34.0,223.348162661128,32.0
relax_047.csv,relax_047,0,125,175,0.5,relax,0,2.6797624275422076,3.3768040695536126,28.0,213.6517742482588,26.0
relax_047.csv,relax_047,1,150,200,0.6,relax,0,2.233873277262864,2.590954568553171,30.0,183.47057429599104,25.0
relax_047.csv,relax_047,2,175,225,0.7,relax,0,3.4588886624082007,4.077759016757969,33.0,293.0483263025691,30.0
relax_047.csv,relax_047,3,200,250,0.8,relax,0,3.7194145167355908,4.320416126248522,32.0,299.8876051203749,29.0
relax_047.csv,relax_047,4,225,275,0.9,relax,0,2.3577973647342314,2.9706929089521257,31.0,198.93993423846146,22.0
relax_047.csv,relax_047,5,250,300,1.0,relax,0,2.5159167703509393,3.1521581339106537,31.0,215.09200435303114,23.0
relax_047.csv,relax_047,6,275,325,1.1,relax,0,3.6221688076805556,4.192318899680488,32.0,306.5876238975327,31.0
relax_047.csv,relax_047,7,300,350,1.2,relax,0,4.027917650206462,4.548175424896553,33.0,347.04513379368893,34.0
relax_047.csv,relax_047,8,325,375,1.3,relax,0,3.4820838719218177,3.90155511855162,34.0,295.8049796349029,34.0
relax_047.csv,relax_047,9,350,400,1.4,relax,0,2.532597151492935,3.019784119075832,27.0,210.185865964324,27.0
relax_047.csv,relax_047,10,375,425,1.5,relax,0,2.4471426068963775,3.0367446982870474,27.0,204.87699592476181,26.0
relax_047.csv,relax_047,11,400,450,1.6,relax,0,3.551794915746681,4.218516303770099,32.0,306.29054073935896,31.0
relax_047.csv,relax_047,12,425,475,1.7,relax,0,3.5328692682231932,4.151779154208725,33.0,310.04427304542867,33.0
relax_047.csv,relax_047,13,450,500,1.8,relax,0,2.9494975460791086,3.3344910638910066,33.0,248.33088054697438,32.0
relax_047.csv,relax_047,14,475,525,1.9,relax,0,2.7993235302325625,3.209567998740267,33.0,240.60694958126848,31.0
relax_047.csv,relax_047,15,500,550,2.0,relax,0,3.6926926075263453,4.485677550413392,32.0,320.5091759749664,31.0
relax_047.csv,relax_047,16,525,575,2.1,relax,0,4.047379768489558,4.789294610441731,32.0,340.3034467601743,30.0
relax_047.csv,relax_047,17,550,600,2.2,relax,0,2.48166905068668,3.0839625026527715,28.0,206.54183862004456,24.0
relax_047.csv,relax_047,18,575,625,2.3,relax,0,2.9628248223924603,4.089495083888338,27.0,247.13668227283318,23.0
relax_047.csv,relax_047,19,600,650,2.4,relax,0,3.5415960521062044,4.526988894304873,30.0,297.21456178817937,27.0
relax_047.csv,relax_047,20,625,675,2.5,relax,0,3.1246459833135067,3.6786958379748187,31.0,254.24727714656532,28.0
relax_047.csv,relax_047,21,650,700,2.6,relax,0,3.391586519105864,3.8826011390105175,32.0,279.7558246830493,32.0
relax_047.csv,relax_047,22,675,725,2.7,relax,0,2.9751119157098316,3.485800700827121,33.0,250.19113601336838,29.0
relax_047.csv,relax_047,23,700,750,2.8,relax,0,2.8291111107736264,3.2857368050647113,33.0,237.78930048206865,29.0
relax_047.csv,relax_047,24,725,775,2.9,relax,0,3.097550603400409,3.4867428565234935,34.0,265.54139620967686,34.0
relax_047.csv,relax_047,25,750,800,3.0,relax,0,3.0303317884779464,3.44224187711253,33.0,263.79696629570407,34.0
relax_047.csv,relax_047,26,775,825,3.1,relax,0,2.7890098922531217,3.3692373721936772,31.0,243.86596678304983,28.0
relax_047.csv,relax_047,27,800,850,3.2,relax,0,3.0174275298893587,3.6910560834766732,31.0,262.5275742547877,26.0
relax_047.csv,relax_047,28,825,875,3.3,relax,0,3.457294181536863,4.05109465955991,33.0,305.04465865540783,31.0
relax_047.csv,relax_047,29,850,900,3.4,relax,0,2.6081161995010183,3.1816304835451876,34.0,230.49406107641727,29.0
relax_047.csv,relax_047,30,875,925,3.5,relax,0,2.3744805832233626,2.803142324781016,34.0,210.81672005530146,30.0
relax_047.csv,relax_047,31,900,950,3.6,relax,0,3.1452758135120376,3.5371601506444383,34.0,273.18855691436073,34.0
relax_047.csv,relax_047,32,925,975,3.7,relax,0,3.210907319211573,3.616386680213718,33.0,274.48307590601263,33.0
relax_047.csv,relax_047,33,950,1000,3.8,relax,0,3.3802447398332007,3.913820727514712,33.0,288.96907282504327,33.0
relax_047.csv,relax_047,34,975,1025,3.9,relax,0,3.4348288541895227,3.970353217962214,34.0,306.167061940207,34.0
relax_047.csv,relax_047,35,1000,1050,4.0,relax,0,3.809188781583602,4.441955396853123,34.0,336.3490747310362,34.0
relax_047.csv,relax_047,36,1025,1075,4.1,relax,0,4.037669357026681,4.675429097088875,33.0,350.37803702643475,34.0
relax_047.csv,relax_047,37,1050,1100,4.2,relax,0,2.9168390188876447,3.5019239834853457,30.0,249.80601748630585,30.0
relax_047.csv,relax_047,38,1075,1125,4.3,relax,0,2.230529431464938,2.6328975207496095,28.0,187.0883634532652,27.0
relax_047.csv,relax_047,39,1100,1150,4.4,relax,0,2.8413157037444647,3.4519289751990914,32.0,241.3212762664721,30.0
relax_047.csv,relax_047,40,1125,1175,4.5,relax,0,3.9402199631334,4.636220397842604,34.0,346.2184969902179,33.0
relax_047.csv,relax_047,41,1150,1200,4.6,relax,0,3.9698211793251024,4.746800069314023,30.0,342.97197513121716,30.0
relax_047.csv,relax_047,42,1175,1225,4.7,relax,0,3.2698636826151244,4.0427964860133825,28.0,273.34286833033195,28.0
relax_047.csv,relax_047,43,1200,1250,4.8,relax,0,2.4210326952560166,3.0854761019278123,28.0,209.30555146138346,26.0
relax_048.csv,relax_048,0,125,175,0.5,relax,0,3.3580446254901686,3.960505045074816,30.0,268.5045706226865,29.0
relax_048.csv,relax_048,1,150,200,0.6,relax,0,3.6108076557917457,4.309867691010321,31.0,293.07839023336425,30.0
relax_048.csv,relax_048,2,175,225,0.7,relax,0,4.0649563802828075,4.927409377167782,30.0,335.13405676765734,29.0
relax_048.csv,relax_048,3,200,250,0.8,relax,0,4.471398925025273,5.256579214034579,31.0,365.9779679735115,31.0
relax_048.csv,relax_048,4,225,275,0.9,relax,0,4.2030505828923435,4.770785351525263,32.0,344.30270211457133,31.0
relax_048.csv,relax_048,5,250,300,1.0,relax,0,3.0047550652288373,3.652198187670716,30.0,256.5300302027341,25.0
relax_048.csv,relax_048,6,275,325,1.1,relax,0,1.819410981555982,2.5432879031405076,22.0,151.23444626229005,14.0
relax_048.csv,relax_048,7,300,350,1.2,relax,0,2.108882952031721,2.854004857950106,26.0,173.33993247167788,18.0
relax_048.csv,relax_048,8,325,375,1.3,relax,0,2.7316052417881593,3.3296932929004233,33.0,235.1849293266666,28.0
relax_048.csv,relax_048,9,350,400,1.4,relax,0,3.067011659586081,3.565952749950891,33.0,261.39608162632703,32.0
relax_048.csv,relax_048,10,375,425,1.5,relax,0,2.954090826368297,3.448876549041246,34.0,254.62472852188694,33.0
relax_048.csv,relax_048,11,400,450,1.6,relax,0,2.2861098518090883,2.765003017713223,33.0,185.70173791744386,27.0
relax_048.csv,relax_048,12,425,475,1.7,relax,0,3.3109414053896837,4.012240732498782,32.0,271.2577026557353,29.0
relax_048.csv,relax_048,13,450,500,1.8,relax,0,4.282444780390769,4.848973308203419,33.0,362.8655174658039,33.0
relax_048.csv,relax_048,14,475,525,1.9,relax,0,3.9424028760199303,4.471924144209913,34.0,347.0766309037331,35.0
relax_048.csv,relax_048,15,500,550,2.0,relax,0,3.3246487463996517,3.7846081820880277,32.0,274.3618534033859,33.0
relax_048.csv,relax_048,16,525,575,2.1,relax,0,2.745868619541422,3.2247829724201984,32.0,229.7059751558408,32.0
relax_048.csv,relax_048,17,550,600,2.2,relax,0,3.1588265263966826,3.80349389940238,32.0,266.47442960420454,31.0
relax_048.csv,relax_048,18,575,625,2.3,relax,0,4.050961270478198,4.653152837318359,33.0,349.5797889959397,32.0
relax_048.csv,relax_048,19,600,650,2.4,relax,0,3.7843838292582057,4.348076711370741,34.0,336.79778192786523,35.0
relax_048.csv,relax_048,20,625,675,2.5,relax,0,3.7328029341578013,4.2927915518467445,34.0,329.0413778047549,35.0
relax_048.csv,relax_048,21,650,700,2.6,relax,0,3.5635202343259085,4.087786785170904,35.0,312.47067711662066,33.0
relax_048.csv,relax_048,22,675,725,2.7,relax,0,2.6944319529963807,3.0774296468494677,35.0,242.60002622246915,33.0
relax_048.csv,relax_048,23,700,750,2.8,relax,0,2.7485588848455094,3.25559935541777,33.0,233.1583524480061,30.0
relax_048.csv,relax_048,24,725,775,2.9,relax,0,3.444472084152516,3.945419201193051,32.0,285.08416123676176,32.0
relax_048.csv,relax_048,25,750,800,3.0,relax,0,3.846620988143927,4.290478939583814,34.0,335.9636976417363,35.0
relax_048.csv,relax_048,26,775,825,3.1,relax,0,3.899532428220466,4.402357607123404,34.0,342.21262789518755,35.0
relax_048.csv,relax_048,27,800,850,3.2,relax,0,4.667380006706801,5.236328037141347,34.0,398.5073330026491,35.0
relax_048.csv,relax_048,28,825,875,3.3,relax,0,4.8073180713021095,5.4389532954326105,33.0,407.619996179783,34.0
relax_048.csv,relax_048,29,850,900,3.4,relax,0,3.9735253596315774,4.574927783828349,31.0,323.7315149672017,32.0
relax_048.csv,relax_048,30,875,925,3.5,relax,0,4.093488171977973,4.625819424364354,33.0,354.12987064691896,34.0
relax_048.csv,relax_048,31,900,950,3.6,relax,0,4.674241866969355,5.292252494127011,33.0,408.14148477338716,34.0
relax_048.csv,relax_048,32,925,975,3.7,relax,0,4.0739245645136055,4.750090870728157,34.0,358.73219155937545,34.0
relax_048.csv,relax_048,33,950,1000,3.8,relax,0,2.8837681762295637,3.3223684439284638,33.0,241.56149369314423,33.0
relax_048.csv,relax_048,34,975,1025,3.9,relax,0,2.527326480169711,2.8683989258628504,33.0,219.57214938319822,32.0
relax_048.csv,relax_048,35,1000,1050,4.0,relax,0,3.3305476683517554,3.9573909739319464,34.0,294.7805491702293,33.0
relax_048.csv,relax_048,36,1025,1075,4.1,relax,0,4.324627559086523,4.953527509281129,34.0,386.0853546252342,35.0
relax_048.csv,relax_048,37,1050,1100,4.2,relax,0,3.0190942854843565,3.8562763281345442,33.0,269.5369766170474,25.0
relax_048.csv,relax_048,38,1075,1125,4.3,relax,0,2.5333387981363695,3.1124841140002517,32.0,225.0962024908774,26.0
relax_048.csv,relax_048,39,1100,1150,4.4,relax,0,3.6188738193805006,4.117072131142571,33.0,306.4894623257926,33.0
relax_048.csv,relax_048,40,1125,1175,4.5,relax,0,3.5208732659268174,4.040668695945924,33.0,301.2083214342514,33.0
relax_048.csv,relax_048,41,1150,1200,4.6,relax,0,2.992400607901712,3.470090520219188,34.0,264.43603182747586,33.0
relax_048.csv,relax_048,42,1175,1225,4.7,relax,0,2.7030892245477025,3.106511037860893,34.0,238.43662809243335,33.0
relax_048.csv,relax_048,43,1200,1250,4.8,relax,0,3.016156147933753,3.3806575375819663,34.0,261.60404903545617,35.0
relax_049.csv,relax_049,0,125,175,0.5,relax,0,3.4518851216461086,4.154295571281832,34.0,311.94658454337184,32.0
relax_049.csv,relax_049,1,150,200,0.6,relax,0,2.815020007185621,3.4868013089676344,32.0,245.02924189532862,29.0
relax_049.csv,relax_049,2,175,225,0.7,relax,0,3.1927723839804605,3.804979974036708,31.0,267.7549802854148,28.0
relax_049.csv,relax_049,3,200,250,0.8,relax,0,3.562723375163734,4.045235730661404,33.0,305.44222413174884,34.0
relax_049.csv,relax_049,4,225,275,0.9,relax,0,2.7880265105641153,3.1948369880510152,33.0,236.74826174330352,32.0
relax_049.csv,relax_049,5,250,300,1.0,relax,0,2.621322918570123,3.0198026335196846,34.0,219.90657207755967,29.0
relax_049.csv,relax_049,6,275,325,1.1,relax,0,3.185905538875521,3.675833689561704,34.0,276.3441160333869,32.0
relax_049.csv,relax_049,7,300,350,1.2,relax,0,4.135290986775912,4.679387147357949,34.0,370.06589480416676,35.0
relax_049.csv,relax_049,8,325,375,1.3,relax,0,3.092494756396098,3.8679817808686088,34.0,275.63185624763554,29.0
relax_049.csv,relax_049,9,350,400,1.4,relax,0,3.071080215928122,4.0474546074954105,32.0,262.78573714511936,26.0
relax_049.csv,relax_049,10,375,425,1.5,relax,0,3.870962647295511,4.589338045929921,33.0,335.25189316100136,32.0
relax_049.csv,relax_049,11,400,450,1.6,relax,0,3.7274506534505436,4.174771094361603,34.0,320.1011584459048,34.0
relax_049.csv,relax_049,12,425,475,1.7,relax,0,3.824963582643422,4.253698947919857,34.0,333.35391617024607,35.0
relax_049.csv,relax_049,13,450,500,1.8,relax,0,2.514583530503598,3.0036268600341844,34.0,224.00633566040716,28.0
relax_049.csv,relax_049,14,475,525,1.9,relax,0,1.7731127012651016,2.0757690658464902,34.0,156.98594963249175,25.0
relax_049.csv,relax_049,15,500,550,2.0,relax,0,2.1153328999789465,2.4451391450167037,32.0,179.17772633170347,29.0
relax_049.csv,relax_049,16,525,575,2.1,relax,0,2.0180293811078984,2.4042594758276223,30.0,174.77602741500846,24.0
relax_049.csv,relax_049,17,550,600,2.2,relax,0,3.1504563299112918,3.88712146781393,30.0,270.15935286978646,27.0
relax_049.csv,relax_049,18,575,625,2.3,relax,0,3.9278597647932294,4.459184088798437,34.0,345.4838952729735,35.0
relax_049.csv,relax_049,19,600,650,2.4,relax,0,3.1612278997925785,3.554047082947756,35.0,279.92404878931075,36.0
relax_049.csv,relax_049,20,625,675,2.5,relax,0,2.257216215580002,2.737039681658661,30.0,201.29559442417695,26.0
relax_049.csv,relax_049,21,650,700,2.6,relax,0,1.5637479692194527,1.885756277981334,30.0,139.35861616169586,21.0
relax_049.csv,relax_049,22,675,725,2.7,relax,0,2.8544381506008687,3.4632923581383954,35.0,245.88793464882647,30.0
relax_049.csv,relax_049,23,700,750,2.8,relax,0,4.064924643855605,4.521440833139001,34.0,354.4610755582759,35.0
relax_049.csv,relax_049,24,725,775,2.9,relax,0,4.151244020901374,4.60811432127485,33.0,358.3052433214866,34.0
relax_049.csv,relax_049,25,750,800,3.0,relax,0,4.068855406772503,4.539753667657905,34.0,359.42063663866395,35.0
relax_049.csv,relax_049,26,775,825,3.1,relax,0,2.5754500412626644,3.2756448143232872,31.0,227.7060264154511,24.0
relax_049.csv,relax_049,27,800,850,3.2,relax,0,2.079400444168269,2.6991848069762243,31.0,186.73562345429647,20.0
relax_049.csv,relax_049,28,825,875,3.3,relax,0,3.784402582210131,4.360928031026512,34.0,329.58908365540657,32.0
relax_049.csv,relax_049,29,850,900,3.4,relax,0,4.365187203310824,4.807015094528741,34.0,370.89051831774066,35.0
relax_049.csv,relax_049,30,875,925,3.5,relax,0,3.0389864604569747,3.6735599502921255,31.0,249.18369901449714,26.0
relax_049.csv,relax_049,31,900,950,3.6,relax,0,3.0519673914239185,4.0757711255739695,31.0,256.64063815898777,24.0
relax_049.csv,relax_049,32,925,975,3.7,relax,0,3.574827342520683,4.433260590697431,31.0,300.13263824202465,29.0
relax_049.csv,relax_049,33,950,1000,3.8,relax,0,2.6911056048428073,3.2190567207954026,33.0,231.45616742588354,28.0
relax_049.csv,relax_049,34,975,1025,3.9,relax,0,1.9405164638474388,2.447214074054823,33.0,162.9877589710108,21.0
relax_049.csv,relax_049,35,1000,1050,4.0,relax,0,2.3196451110389886,2.8671616841528014,32.0,199.29693304700046,25.0
relax_049.csv,relax_049,36,1025,1075,4.1,relax,0,3.2275615841769802,3.7096242252474143,34.0,287.7549808192996,35.0
relax_049.csv,relax_049,37,1050,1100,4.2,relax,0,3.1489737978437393,3.6573689137402914,33.0,269.5510730378043,31.0
relax_049.csv,relax_049,38,1075,1125,4.3,relax,0,2.961292908625594,3.4158021815135657,34.0,254.0089653971465,32.0
relax_049.csv,relax_049,39,1100,1150,4.4,relax,0,3.0185035721587616,3.4612693772019356,34.0,263.9934218008824,34.0
relax_049.csv,relax_049,40,1125,1175,4.5,relax,0,2.922872484701792,3.3615478184590013,33.0,247.48733486885783,30.0
relax_049.csv,relax_049,41,1150,1200,4.6,relax,0,3.1594059195013444,3.600539774566334,33.0,268.4835721587461,32.0
relax_049.csv,relax_049,42,1175,1225,4.7,relax,0,3.1929311578904533,3.646234324718627,34.0,280.3813340623945,34.0
relax_049.csv,relax_049,43,1200,1250,4.8,relax,0,3.053183987412568,3.5737334561111314,33.0,259.50604894494654,33.0
relax_050.csv,relax_050,0,125,175,0.5,relax,0,3.0024485953785187,3.7165746858993916,35.0,270.2756807147303,29.0
relax_050.csv,relax_050,1,150,200,0.6,relax,0,3.4067266369738176,4.139315092605083,33.0,315.86191819127913,33.0
relax_050.csv,relax_050,2,175,225,0.7,relax,0,2.8624187728724655,3.4295726835782316,34.0,258.1363914468224,31.0
relax_050.csv,relax_050,3,200,250,0.8,relax,0,2.522051602187387,2.9168858060162526,33.0,215.8887719506609,31.0
relax_050.csv,relax_050,4,225,275,0.9,relax,0,2.256264457198972,2.6303888037621177,31.0,187.59100118750732,28.0
relax_050.csv,relax_050,5,250,300,1.0,relax,0,2.9258325148197755,3.368237962658762,34.0,248.3797661575853,32.0
relax_050.csv,relax_050,6,275,325,1.1,relax,0,3.5686650845058647,4.120485276974781,34.0,320.0410429895731,34.0
relax_050.csv,relax_050,7,300,350,1.2,relax,0,3.9297414551443484,4.562364988458248,33.0,348.764257085909,33.0
relax_050.csv,relax_050,8,325,375,1.3,relax,0,3.5119866891225997,4.089883287437585,33.0,308.5241943626884,33.0
relax_050.csv,relax_050,9,350,400,1.4,relax,0,2.9527037765293875,3.4359106838296127,34.0,258.63278994858524,33.0
relax_050.csv,relax_050,10,375,425,1.5,relax,0,3.157482418403126,3.6420943746101866,33.0,267.6151808942619,33.0
relax_050.csv,relax_050,11,400,450,1.6,relax,0,2.9190160867331834,3.4828998211165305,32.0,244.06903063314587,30.0
relax_050.csv,relax_050,12,425,475,1.7,relax,0,2.9802268742767812,3.534002203406673,35.0,270.77181429418187,33.0
relax_050.csv,relax_050,13,450,500,1.8,relax,0,3.259211178560524,3.7810933039209385,36.0,292.8867473225264,37.0
relax_050.csv,relax_050,14,475,525,1.9,relax,0,3.1127551171587275,3.72238811311291,35.0,273.0119132081596,35.0
relax_050.csv,relax_050,15,500,550,2.0,relax,0,2.5951380991352386,3.159929376771125,33.0,225.73250992438292,29.0
relax_050.csv,relax_050,16,525,575,2.1,relax,0,2.670500594742919,3.1230257524028926,33.0,234.5554120039598,29.0
relax_050.csv,relax_050,17,550,600,2.2,relax,0,2.5933739397060163,3.061733545724222,36.0,232.72090975151627,30.0
relax_050.csv,relax_050,18,575,625,2.3,relax,0,2.3547810432991967,2.7552649334487374,36.0,208.20224005735577,30.0
relax_050.csv,relax_050,19,600,650,2.4,relax,0,2.3368443026790207,2.6928687420057984,36.0,202.979933482229,31.0
relax_050.csv,relax_050,20,625,675,2.5,relax,0,2.5404358928904824,2.9005098109952643,35.0,213.63278686219678,31.0
relax_050.csv,relax_050,21,650,700,2.6,relax,0,2.9991278145016933,3.6059706350967837,32.0,264.3524215403137,32.0
relax_050.csv,relax_050,22,675,725,2.7,relax,0,3.732502568175446,4.484245559908156,32.0,329.8265684272188,32.0
relax_050.csv,relax_050,23,700,750,2.8,relax,0,3.4696316768485302,4.106260554149949,35.0,305.5730150602936,35.0
relax_050.csv,relax_050,24,725,775,2.9,relax,0,2.7133455671640103,3.313219678968972,35.0,241.7802363175134,32.0
relax_050.csv,relax_050,25,750,800,3.0,relax,0,3.2842792251153674,3.8707666975537895,34.0,293.2517756747633,31.0
relax_050.csv,relax_050,26,775,825,3.1,relax,0,3.0786697117911803,3.56271783383963,33.0,270.2455950647139,33.0
relax_050.csv,relax_050,27,800,850,3.2,relax,0,2.830072154789523,3.4836794924312167,33.0,252.89830709492773,31.0
relax_050.csv,relax_050,28,825,875,3.3,relax,0,3.728100779209842,4.5126273937185095,33.0,330.6205076809816,32.0
relax_050.csv,relax_050,29,850,900,3.4,relax,0,3.303968646903712,4.084077776728424,36.0,299.19024032536123,33.0
relax_050.csv,relax_050,30,875,925,3.5,relax,0,1.802987159771085,2.2860084551585578,32.0,160.173384341817,22.0
relax_050.csv,relax_050,31,900,950,3.6,relax,0,2.675135854686886,3.3219159988974174,30.0,225.63267470119365,24.0
relax_050.csv,relax_050,32,925,975,3.7,relax,0,3.464828038582246,3.973153508769055,35.0,300.3481635233827,34.0
relax_050.csv,relax_050,33,950,1000,3.8,relax,0,2.958119314943338,3.453856071585587,36.0,260.06641238758476,33.0
relax_050.csv,relax_050,34,975,1025,3.9,relax,0,2.893495992179041,3.3324734239853493,36.0,265.2765879798345,34.0
relax_050.csv,relax_050,35,1000,1050,4.0,relax,0,3.3928712576026845,3.8643902468029685,35.0,302.0164505560319,35.0
relax_050.csv,relax_050,36,1025,1075,4.1,relax,0,3.585659696861195,4.0744937231374685,35.0,318.77424996042276,35.0
relax_050.csv,relax_050,37,1050,1100,4.2,relax,0,3.053222238903362,3.5155099422641114,35.0,266.0966188442973,35.0
relax_050.csv,relax_050,38,1075,1125,4.3,relax,0,2.6941844355272027,3.1503772854436,34.0,232.85041939130068,32.0
relax_050.csv,relax_050,39,1100,1150,4.4,relax,0,3.555989955468348,4.365688145108805,34.0,315.01224440432895,32.0
relax_050.csv,relax_050,40,1125,1175,4.5,relax,0,3.6543338952495623,4.460998697992047,33.0,318.7685755224816,31.0
relax_050.csv,relax_050,41,1150,1200,4.6,relax,0,2.735277552511555,3.2305487299400424,34.0,244.27260942204782,32.0
relax_050.csv,relax_050,42,1175,1225,4.7,relax,0,3.169776937417286,3.853614786737837,34.0,284.5720539133941,31.0
relax_050.csv,relax_050,43,1200,1250,4.8,relax,0,3.584788393578256,4.300502425372045,34.0,320.52339276740565,32.0
relax_051.csv,relax_051,0,125,175,0.5,relax,0,3.4554799151988145,4.241348409469412,35.0,305.6381108638327,31.0
relax_051.csv,relax_051,1,150,200,0.6,relax,0,3.2004171554814,3.8063592083774216,35.0,285.5581700703804,32.0
relax_051.csv,relax_051,2,175,225,0.7,relax,0,4.027099400279671,4.474126456915138,34.0,346.6572595888618,35.0
relax_051.csv,relax_051,3,200,250,0.8,relax,0,3.5197033467189778,4.0335249779648,34.0,305.80372347147494,33.0
relax_051.csv,relax_051,4,225,275,0.9,relax,0,2.4146375029864724,2.83105360085591,33.0,217.4278825494693,29.0
relax_051.csv,relax_051,5,250,300,1.0,relax,0,2.4998493780016076,2.972414171790215,33.0,222.52782000529592,30.0
relax_051.csv,relax_051,6,275,325,1.1,relax,0,3.5379253322942104,4.117233330912883,34.0,305.68607071344604,34.0
relax_051.csv,relax_051,7,300,350,1.2,relax,0,3.6881875751365714,4.175196976418152,35.0,319.55622227262353,36.0
relax_051.csv,relax_051,8,325,375,1.3,relax,0,2.8303466468946383,3.260918888841215,34.0,249.2616170908109,34.0
relax_051.csv,relax_051,9,350,400,1.4,relax,0,3.098604736607478,3.7912753544763373,35.0,279.6861149653059,31.0
relax_051.csv,relax_051,10,375,425,1.5,relax,0,3.5390115138781884,4.099707691866714,36.0,313.7616781278412,33.0
relax_051.csv,relax_051,11,400,450,1.6,relax,0,2.9921957317356425,3.3594879861193636,35.0,261.8206324004602,36.0
relax_051.csv,relax_051,12,425,475,1.7,relax,0,2.8215960510342906,3.220205100955717,34.0,244.12395848972122,35.0
relax_051.csv,relax_051,13,450,500,1.8,relax,0,3.6021604073248032,4.079966250943899,33.0,312.5345996028247,34.0
relax_051.csv,relax_051,14,475,525,1.9,relax,0,3.815952079850831,4.335102372801821,34.0,325.36411110395835,34.0
relax_051.csv,relax_051,15,500,550,2.0,relax,0,3.7802272012573717,4.393704737398009,35.0,336.1785515225716,35.0
relax_051.csv,relax_051,16,525,575,2.1,relax,0,3.1925780588225883,3.8028626962083782,35.0,282.80259579463797,33.0
relax_051.csv,relax_051,17,550,600,2.2,relax,0,2.8065536868401337,3.190500133675869,34.0,245.76367960975563,33.0
relax_051.csv,relax_051,18,575,625,2.3,relax,0,3.4396626692151515,3.8289709956433624,34.0,295.027614173273,35.0
relax_051.csv,relax_051,19,600,650,2.4,relax,0,2.95070786738342,3.4220303870083715,33.0,258.0153815044997,31.0
relax_051.csv,relax_051,20,625,675,2.5,relax,0,2.8663870921295156,3.5503584610274883,32.0,257.14967493978173,29.0
relax_051.csv,relax_051,21,650,700,2.6,relax,0,2.7870229030661737,3.424703085805854,34.0,250.1439776376263,33.0
relax_051.csv,relax_051,22,675,725,2.7,relax,0,2.6539802728716158,3.081063051169284,35.0,230.8694950244043,33.0
relax_051.csv,relax_051,23,700,750,2.8,relax,0,3.1741451399803178,3.602294968099573,35.0,276.0418438611114,34.0
relax_051.csv,relax_051,24,725,775,2.9,relax,0,2.9850242100270226,3.424178099500056,36.0,261.9362953019241,32.0
relax_051.csv,relax_051,25,750,800,3.0,relax,0,3.5251256493174905,4.2825918667704865,35.0,306.8715577858384,31.0
relax_051.csv,relax_051,26,775,825,3.1,relax,0,4.631905476102604,5.487414400029379,35.0,418.10951018840956,35.0
relax_051.csv,relax_051,27,800,850,3.2,relax,0,3.569105467930034,4.529333224586935,35.0,315.37321735541127,31.0
relax_051.csv,relax_051,28,825,875,3.3,relax,0,2.827891677670534,3.4255726269408235,35.0,257.7112651419436,30.0
relax_051.csv,relax_051,29,850,900,3.4,relax,0,2.922789831374763,3.5345360914897146,35.0,259.248683141539,30.0
relax_051.csv,relax_051,30,875,925,3.5,relax,0,2.281611939597678,2.821183911535984,34.0,204.89301013742144,27.0
relax_051.csv,relax_051,31,900,950,3.6,relax,0,2.9761809450742196,3.533700998932858,32.0,248.67874954370592,29.0
relax_051.csv,relax_051,32,925,975,3.7,relax,0,3.038440429217294,3.5370103896391494,34.0,256.57916222660305,28.0
relax_051.csv,relax_051,33,950,1000,3.8,relax,0,3.2656624798001075,3.937921970186142,36.0,287.43024342539684,32.0
relax_051.csv,relax_051,34,975,1025,3.9,relax,0,3.3761241982163086,4.009594991680213,36.0,304.8164849213624,35.0
relax_051.csv,relax_051,35,1000,1050,4.0,relax,0,2.613500652381773,3.0806909993686933,34.0,233.16907130376592,31.0
relax_051.csv,relax_051,36,1025,1075,4.1,relax,0,3.1447098707109835,3.667557768435312,33.0,269.7131831636209,31.0
relax_051.csv,relax_051,37,1050,1100,4.2,relax,0,3.5898520608541675,4.0231168835654145,34.0,311.87385373233724,35.0
relax_051.csv,relax_051,38,1075,1125,4.3,relax,0,3.8664909959029656,4.39493797076905,35.0,340.48137174549777,34.0
relax_051.csv,relax_051,39,1100,1150,4.4,relax,0,3.5082865361184004,4.236109250275508,33.0,315.6699115623769,31.0
relax_051.csv,relax_051,40,1125,1175,4.5,relax,0,3.072693018116003,3.683492016726453,33.0,269.14584876408094,31.0
relax_051.csv,relax_051,41,1150,1200,4.6,relax,0,3.0947607017705714,3.7879289495207433,35.0,274.74472789028835,32.0
relax_051.csv,relax_051,42,1175,1225,4.7,relax,0,3.2133954380541976,3.924352038707186,35.0,276.8824149433791,32.0
relax_051.csv,relax_051,43,1200,1250,4.8,relax,0,3.378653839691991,3.8722553242251823,35.0,300.0784995003802,34.0
relax_052.csv,relax_052,0,125,175,0.5,relax,0,2.544051764175104,3.1009964847323066,33.0,216.30171051501043,27.0
relax_052.csv,relax_052,1,150,200,0.6,relax,0,3.0735063069701245,3.657523540697558,34.0,272.55693677078864,31.0
relax_052.csv,relax_052,2,175,225,0.7,relax,0,3.3811363130883554,3.835195395457505,34.0,298.05564894498326,34.0
relax_052.csv,relax_052,3,200,250,0.8,relax,0,2.862166939560225,3.5659727591128205,28.0,253.26454398201122,29.0
relax_052.csv,relax_052,4,225,275,0.9,relax,0,2.7900625610028014,3.611654425998756,27.0,252.82622388197984,26.0
relax_052.csv,relax_052,5,250,300,1.0,relax,0,2.548860659918829,3.1067015967902636,31.0,221.7030903032452,26.0
relax_052.csv,relax_052,6,275,325,1.1,relax,0,2.3571974124390183,2.9345842233011243,31.0,207.1035869616806,25.0
relax_052.csv,relax_052,7,300,350,1.2,relax,0,2.896033085851647,3.6343392396835896,32.0,261.6521055497927,28.0
relax_052.csv,relax_052,8,325,375,1.3,relax,0,3.8697164199259872,4.528463511870235,34.0,339.55364678173345,31.0
relax_052.csv,relax_052,9,350,400,1.4,relax,0,3.2682334501501082,3.9103993967883666,33.0,280.7803031039776,30.0
relax_052.csv,relax_052,10,375,425,1.5,relax,0,2.9582177938346708,3.6630511258788294,30.0,253.4361658457286,28.0
relax_052.csv,relax_052,11,400,450,1.6,relax,0,3.4327526525269008,4.306219401515982,27.0,291.05726876816254,27.0
relax_052.csv,relax_052,12,425,475,1.7,relax,0,3.3125476068498845,4.033076074719201,30.0,279.8190697100041,29.0
relax_052.csv,relax_052,13,450,500,1.8,relax,0,3.462441756257393,3.9303521229239946,33.0,302.28032074122626,34.0
relax_052.csv,relax_052,14,475,525,1.9,relax,0,2.887034123459587,3.454461162994709,33.0,256.958525837481,32.0
relax_052.csv,relax_052,15,500,550,2.0,relax,0,3.2669803706229708,3.9616114771512114,34.0,294.0693309795791,33.0
relax_052.csv,relax_052,16,525,575,2.1,relax,0,4.010738796528201,4.534592350225829,34.0,352.217011754699,35.0
relax_052.csv,relax_052,17,550,600,2.2,relax,0,3.7264481713695106,4.263589997251847,32.0,313.7881250236388,32.0
relax_052.csv,relax_052,18,575,625,2.3,relax,0,3.8318741606300257,4.434524707686953,33.0,332.1158750423806,33.0
relax_052.csv,relax_052,19,600,650,2.4,relax,0,3.547320494051653,4.149145084729961,34.0,312.52148436615977,35.0
relax_052.csv,relax_052,20,625,675,2.5,relax,0,3.027272627721759,3.609423362297219,34.0,261.13595496160474,31.0
relax_052.csv,relax_052,21,650,700,2.6,relax,0,4.195700769970122,5.243981391758141,35.0,364.7197723765942,31.0
relax_052.csv,relax_052,22,675,725,2.7,relax,0,5.158253907879588,6.1440679272312915,34.0,456.5824793346899,34.0
relax_052.csv,relax_052,23,700,750,2.8,relax,0,4.366721005470314,5.127906453724992,34.0,387.8210787323866,35.0
relax_052.csv,relax_052,24,725,775,2.9,relax,0,3.078836142458926,3.6726266160849077,33.0,257.8647880167325,33.0
relax_052.csv,relax_052,25,750,800,3.0,relax,0,2.8133218202329586,3.3952407990487883,33.0,249.17939497965227,32.0
relax_052.csv,relax_052,26,775,825,3.1,relax,0,4.239684258487284,5.288494403245914,34.0,367.6589105000947,34.0
relax_052.csv,relax_052,27,800,850,3.2,relax,0,3.8589260668550587,5.051651924869069,34.0,324.2240104744423,28.0
relax_052.csv,relax_052,28,825,875,3.3,relax,0,2.9603093875200455,3.639227122334471,35.0,263.92733368764124,29.0
relax_052.csv,relax_052,29,850,900,3.4,relax,0,3.7361815858618592,4.45061688827336,36.0,329.8908573486339,36.0
relax_052.csv,relax_052,30,875,925,3.5,relax,0,3.532217723282847,4.306956705547668,33.0,308.29821002887263,33.0
relax_052.csv,relax_052,31,900,950,3.6,relax,0,3.245529633412032,3.858741216725395,33.0,280.3315273401875,32.0
relax_052.csv,relax_052,32,925,975,3.7,relax,0,3.3035868165523343,3.9125926607181696,33.0,275.4345869454037,32.0
relax_052.csv,relax_052,33,950,1000,3.8,relax,0,3.829038721935695,4.596676007680977,33.0,338.83528232634774,33.0
relax_052.csv,relax_052,34,975,1025,3.9,relax,0,3.7868426798221573,4.5371644158559015,35.0,342.2451023754693,33.0
relax_052.csv,relax_052,35,1000,1050,4.0,relax,0,3.842485996240736,4.664928105188857,35.0,342.50366568897334,32.0
relax_052.csv,relax_052,36,1025,1075,4.1,relax,0,3.9543621959042987,4.7083056019292675,35.0,345.5910686124839,34.0
relax_052.csv,relax_052,37,1050,1100,4.2,relax,0,3.110514058766547,3.6190337716072842,35.0,268.8063646644386,33.0
relax_052.csv,relax_052,38,1075,1125,4.3,relax,0,3.2450939521270086,3.6780110604847507,35.0,287.3200841066218,35.0
relax_052.csv,relax_052,39,1100,1150,4.4,relax,0,2.8825301856854595,3.2978474608349133,35.0,253.33440013407903,33.0
relax_052.csv,relax_052,40,1125,1175,4.5,relax,0,2.2714968861843,2.559772042130766,34.0,195.14198047273868,33.0
relax_052.csv,relax_052,41,1150,1200,4.6,relax,0,2.5590043176325916,2.8895203499817796,34.0,219.98646100253703,35.0
relax_052.csv,relax_052,42,1175,1225,4.7,relax,0,2.601188285778581,2.914487968022435,35.0,221.12637404183621,33.0
relax_052.csv,relax_052,43,1200,1250,4.8,relax,0,2.7196094740940797,3.1027096773834466,35.0,237.58042917102068,34.0
relax_053.csv,relax_053,0,125,175,0.5,relax,0,3.3243774425940313,3.8621422910936114,31.0,275.96942897814546,30.0
relax_053.csv,relax_053,1,150,200,0.6,relax,0,3.969643315372506,4.469730851821464,34.0,342.2511610510627,34.0
relax_053.csv,relax_053,2,175,225,0.7,relax,0,3.5250670606508065,4.071470904803314,33.0,302.3491826261571,32.0
relax_053.csv,relax_053,3,200,250,0.8,relax,0,4.0994126095759835,4.71439187373027,34.0,362.04290911263075,35.0
relax_053.csv,relax_053,4,225,275,0.9,relax,0,4.117284526469024,4.745397854348924,35.0,365.21443017020613,36.0
relax_053.csv,relax_053,5,250,300,1.0,relax,0,3.0112262201680324,3.5112188913381535,35.0,273.78014227100425,34.0
relax_053.csv,relax_053,6,275,325,1.1,relax,0,1.661025091529352,2.2641853259224676,24.0,142.51524733341722,15.0
relax_053.csv,relax_053,7,300,350,1.2,relax,0,2.5312544388903357,3.6235057906004062,25.0,219.29994521554227,17.0
relax_053.csv,relax_053,8,325,375,1.3,relax,0,3.873972488195993,4.665861820378086,35.0,346.18497540796994,33.0
relax_053.csv,relax_053,9,350,400,1.4,relax,0,2.3208913529415525,3.2312006263725155,28.0,200.54265244522273,22.0
relax_053.csv,relax_053,10,375,425,1.5,relax,0,2.4675413129700576,3.207450823912927,28.0,222.3433829499199,25.0
relax_053.csv,relax_053,11,400,450,1.6,relax,0,3.5038033307668774,4.000676741306497,35.0,315.4613384495795,35.0
relax_053.csv,relax_053,12,425,475,1.7,relax,0,3.377269199177442,3.8116022377556145,35.0,301.5644308113915,36.0
relax_053.csv,relax_053,13,450,500,1.8,relax,0,3.254573485525102,3.691111799018896,35.0,286.61610665306426,35.0
relax_053.csv,relax_053,14,475,525,1.9,relax,0,3.072982532857176,3.468960031184054,34.0,263.68963655304447,33.0
relax_053.csv,relax_053,15,500,550,2.0,relax,0,3.5447134868408723,4.050066814684398,34.0,309.8202800622975,34.0
relax_053.csv,relax_053,16,525,575,2.1,relax,0,3.696257838834129,4.237648532242917,33.0,323.09391640524507,34.0
relax_053.csv,relax_053,17,550,600,2.2,relax,0,3.0409843967072696,3.4853787623581467,33.0,261.35729647636754,34.0
relax_053.csv,relax_053,18,575,625,2.3,relax,0,3.2053067597030616,3.6525112886232374,34.0,276.1585721227607,35.0
relax_053.csv,relax_053,19,600,650,2.4,relax,0,3.2836840473060405,3.871760076051497,35.0,297.77418139596193,32.0
relax_053.csv,relax_053,20,625,675,2.5,relax,0,3.1278470829401677,3.7671418382437665,33.0,273.25354686695175,29.0
relax_053.csv,relax_053,21,650,700,2.6,relax,0,3.636333425353615,4.390616259489055,34.0,323.6350177002779,32.0
relax_053.csv,relax_053,22,675,725,2.7,relax,0,3.8560585628923634,4.578985995886533,34.0,339.3181867977864,33.0
relax_053.csv,relax_053,23,700,750,2.8,relax,0,3.414702119084765,3.9505258208379193,34.0,293.67233379750917,34.0
relax_053.csv,relax_053,24,725,775,2.9,relax,0,3.533762891259981,4.050787847371232,34.0,305.4750853545555,34.0
relax_053.csv,relax_053,25,750,800,3.0,relax,0,3.6929250530771434,4.1714463021405255,33.0,311.06464448320384,32.0
relax_053.csv,relax_053,26,775,825,3.1,relax,0,3.232763532944081,3.7817427552759217,31.0,282.0761903346161,31.0
relax_053.csv,relax_053,27,800,850,3.2,relax,0,3.544804512353804,4.138925275250225,32.0,315.0186794990278,32.0
relax_053.csv,relax_053,28,825,875,3.3,relax,0,4.285030815460241,4.8080531223985705,34.0,380.9073874668878,35.0
relax_053.csv,relax_053,29,850,900,3.4,relax,0,3.435204833619526,4.13352143063892,33.0,303.762038911928,31.0
relax_053.csv,relax_053,30,875,925,3.5,relax,0,1.8485345599166814,2.353388623925455,26.0,156.7080407633645,20.0
relax_053.csv,relax_053,31,900,950,3.6,relax,0,1.9463962395894412,2.395476158411131,26.0,163.9248088964151,20.0
relax_053.csv,relax_053,32,925,975,3.7,relax,0,2.340884574980098,2.8772901757903186,30.0,192.4223828534099,23.0
relax_053.csv,relax_053,33,950,1000,3.8,relax,0,2.7917182528744457,3.5229620885668056,31.0,240.5124598662275,26.0
relax_053.csv,relax_053,34,975,1025,3.9,relax,0,3.269988809469358,3.8968364487798057,35.0,289.6777095038823,33.0
relax_053.csv,relax_053,35,1000,1050,4.0,relax,0,3.2535123417236513,3.7555759765584815,33.0,282.334964114344,33.0
relax_053.csv,relax_053,36,1025,1075,4.1,relax,0,3.4929834660977086,3.9345905192824073,33.0,298.8155222035976,33.0
relax_053.csv,relax_053,37,1050,1100,4.2,relax,0,3.7108272568363003,4.214034656448977,33.0,315.10068406310614,33.0
relax_053.csv,relax_053,38,1075,1125,4.3,relax,0,3.5470060244391264,4.0692629157906515,32.0,295.4739424620258,31.0
relax_053.csv,relax_053,39,1100,1150,4.4,relax,0,3.850866969863899,4.354986465744251,32.0,324.34681132913215,32.0
relax_053.csv,relax_053,40,1125,1175,4.5,relax,0,4.132504209695945,4.6595526437089285,34.0,364.0098661234842,35.0
relax_053.csv,relax_053,41,1150,1200,4.6,relax,0,2.8752442533334626,3.494969688322597,32.0,248.5307472477728,30.0
relax_053.csv,relax_053,42,1175,1225,4.7,relax,0,2.857567647238812,3.3750125218993134,32.0,249.62399275638901,30.0
relax_053.csv,relax_053,43,1200,1250,4.8,relax,0,4.061716374722908,4.530628249323703,34.0,350.7608593420878,35.0
relax_054.csv,relax_054,0,125,175,0.5,relax,0,3.4123144825445832,4.125709697424531,31.0,291.3406118983104,29.0
relax_054.csv,relax_054,1,150,200,0.6,relax,0,2.958605180377295,3.5312468617938797,32.0,259.4682059230693,30.0
relax_054.csv,relax_054,2,175,225,0.7,relax,0,2.393615107900297,2.7504612682299814,33.0,209.58579059481963,31.0
relax_054.csv,relax_054,3,200,250,0.8,relax,0,2.4118098753553254,2.735078169507498,34.0,213.21306269737394,34.0
relax_054.csv,relax_054,4,225,275,0.9,relax,0,2.367598165766529,2.690928077685613,34.0,210.61991848474963,34.0
relax_054.csv,relax_054,5,250,300,1.0,relax,0,2.693209195837066,3.070546958844093,34.0,232.63638072849477,32.0
relax_054.csv,relax_054,6,275,325,1.1,relax,0,2.971403677847835,3.4514487614057945,34.0,257.36409331374114,32.0
relax_054.csv,relax_054,7,300,350,1.2,relax,0,3.138776468333554,3.658931093134181,34.0,271.73268604597433,32.0
relax_054.csv,relax_054,8,325,375,1.3,relax,0,3.750903625920438,4.251450676005363,33.0,311.128060967236,33.0
relax_054.csv,relax_054,9,350,400,1.4,relax,0,3.2824531078886823,3.7791516588005427,33.0,270.9569732327419,32.0
relax_054.csv,relax_054,10,375,425,1.5,relax,0,2.4126349276130137,2.711282642268587,34.0,212.51892015691865,32.0
relax_054.csv,relax_054,11,400,450,1.6,relax,0,3.4928008708829363,4.071737257520911,34.0,307.8528549515086,34.0
relax_054.csv,relax_054,12,425,475,1.7,relax,0,4.320921129674532,4.852447115870915,34.0,379.8637395474175,35.0
relax_054.csv,relax_054,13,450,500,1.8,relax,0,3.6905729361384454,4.190062157506575,34.0,321.9491294992216,35.0
relax_054.csv,relax_054,14,475,525,1.9,relax,0,2.7947903178579296,3.199137700914624,34.0,246.86712010219284,34.0
relax_054.csv,relax_054,15,500,550,2.0,relax,0,2.533229357309905,2.942293941088922,34.0,222.15890824466413,33.0
relax_054.csv,relax_054,16,525,575,2.1,relax,0,2.631536365674113,3.1515228032454465,34.0,233.17235314433512,31.0
relax_054.csv,relax_054,17,550,600,2.2,relax,0,3.3112976909378453,3.9319982481893727,34.0,295.5921415227166,32.0
relax_054.csv,relax_054,18,575,625,2.3,relax,0,4.504530323250466,5.05082177689989,34.0,396.7108555887842,34.0
relax_054.csv,relax_054,19,600,650,2.4,relax,0,4.518886786647399,5.035210466943687,34.0,396.6172221017698,35.0
relax_054.csv,relax_054,20,625,675,2.5,relax,0,3.1735413008871287,3.7226743293799527,33.0,274.3897262740843,32.0
relax_054.csv,relax_054,21,650,700,2.6,relax,0,1.8648533830684182,2.2649469970428715,32.0,162.94577101530504,23.0
relax_054.csv,relax_054,22,675,725,2.7,relax,0,2.811132422378794,3.5562311032818297,33.0,252.33921507479766,27.0
relax_054.csv,relax_054,23,700,750,2.8,relax,0,4.299295249884228,4.846648583221865,34.0,385.36453562642527,35.0
relax_054.csv,relax_054,24,725,775,2.9,relax,0,4.690811805075046,5.205290355468997,34.0,406.759607210072,34.0
relax_054.csv,relax_054,25,750,800,3.0,relax,0,4.898017705265553,5.406182561765531,34.0,421.2916777736761,35.0
relax_054.csv,relax_054,26,775,825,3.1,relax,0,4.9434723638949984,5.475909407859111,34.0,431.06716656983735,35.0
relax_054.csv,relax_054,27,800,850,3.2,relax,0,4.46612503332438,5.02505937624565,33.0,380.63195819921907,33.0
relax_054.csv,relax_054,28,825,875,3.3,relax,0,2.8039808795461116,3.5887032151665177,27.0,236.47327940018207,25.0
relax_054.csv,relax_054,29,850,900,3.4,relax,0,2.0808493330427824,2.7008126169280082,27.0,182.86098251376808,23.0
relax_054.csv,relax_054,30,875,925,3.5,relax,0,2.997559527639819,3.4335358165249525,32.0,251.5070751729065,31.0
relax_054.csv,relax_054,31,900,950,3.6,relax,0,3.653521427082325,4.026975732761381,33.0,302.0912059953934,33.0
relax_054.csv,relax_054,32,925,975,3.7,relax,0,2.7910979221418923,3.305945380444708,33.0,234.32068642782454,28.0
relax_054.csv,relax_054,33,950,1000,3.8,relax,0,2.2908811464374743,2.640926347290805,32.0,191.27452269038315,27.0
relax_054.csv,relax_054,34,975,1025,3.9,relax,0,3.22654387161868,3.7049690884177875,33.0,268.80949583519566,31.0
relax_054.csv,relax_054,35,1000,1050,4.0,relax,0,3.250426658385694,3.828433550823651,34.0,277.0326235830085,33.0
relax_054.csv,relax_054,36,1025,1075,4.1,relax,0,3.763555667569625,4.407666055406506,35.0,332.29944603857103,34.0
relax_054.csv,relax_054,37,1050,1100,4.2,relax,0,4.139033963496955,4.7522529050445215,32.0,361.1883043535411,32.0
relax_054.csv,relax_054,38,1075,1125,4.3,relax,0,3.1185003723236147,3.717885040103735,30.0,264.37732695703414,27.0
relax_054.csv,relax_054,39,1100,1150,4.4,relax,0,3.1417900739737656,3.7006303163879846,33.0,277.4994253732632,31.0
relax_054.csv,relax_054,40,1125,1175,4.5,relax,0,3.218319491061897,3.7586057276787486,35.0,284.2159139655047,35.0
relax_054.csv,relax_054,41,1150,1200,4.6,relax,0,2.7422645878899874,3.193747437268357,34.0,239.58931679979588,33.0
relax_054.csv,relax_054,42,1175,1225,4.7,relax,0,2.614044667425105,3.036584409440798,34.0,231.5200667747487,33.0
relax_054.csv,relax_054,43,1200,1250,4.8,relax,0,2.7634949138871554,3.353404562146671,33.0,237.71887844860464,30.0
relax_055.csv,relax_055,0,125,175,0.5,relax,0,3.3097615153081845,3.918602057742641,36.0,286.92979120428754,29.0
relax_055.csv,relax_055,1,150,200,0.6,relax,0,2.640981058814369,3.337160958695245,33.0,234.16011264291555,24.0
relax_055.csv,relax_055,2,175,225,0.7,relax,0,2.110135855516463,2.753661316275885,32.0,187.7535587742539,21.0
relax_055.csv,relax_055,3,200,250,0.8,relax,0,2.521406161787388,2.9235214764637294,35.0,228.0506082646832,32.0
relax_055.csv,relax_055,4,225,275,0.9,relax,0,3.0020486683225376,3.40099857907002,35.0,270.34476561112695,36.0
relax_055.csv,relax_055,5,250,300,1.0,relax,0,3.3933083139735603,3.8829692789289973,34.0,305.5723869367277,34.0
relax_055.csv,relax_055,6,275,325,1.1,relax,0,2.431085074050966,3.143783053308773,28.0,214.65270570688386,21.0
relax_055.csv,relax_055,7,300,350,1.2,relax,0,1.7450815288379895,2.195396374230512,29.0,156.80699832357737,20.0
relax_055.csv,relax_055,8,325,375,1.3,relax,0,1.827827694562555,2.2684285806278104,30.0,163.64692665949482,22.0
relax_055.csv,relax_055,9,350,400,1.4,relax,0,2.494160928751047,3.262084029800412,31.0,223.9530086858742,25.0
relax_055.csv,relax_055,10,375,425,1.5,relax,0,2.759987531193791,3.4313981917537597,36.0,251.12262033183643,32.0
relax_055.csv,relax_055,11,400,450,1.6,relax,0,2.7158261191485566,3.3536723205521395,35.0,245.85296321398067,32.0
relax_055.csv,relax_055,12,425,475,1.7,relax,0,3.1811366742854004,3.7081800034242782,35.0,280.6572401935738,35.0
relax_055.csv,relax_055,13,450,500,1.8,relax,0,3.0216682129360124,3.5725248160393233,36.0,266.2229280254047,32.0
relax_055.csv,relax_055,14,475,525,1.9,relax,0,2.950188474811201,3.5744147683837673,36.0,256.84739374111496,27.0
relax_055.csv,relax_055,15,500,550,2.0,relax,0,2.905139446622865,3.397305118080299,36.0,256.4485987728593,31.0
relax_055.csv,relax_055,16,525,575,2.1,relax,0,3.185316325562448,3.629728274612624,35.0,278.4505766620557,36.0
relax_055.csv,relax_055,17,550,600,2.2,relax,0,3.7655738001214365,4.447041272804483,35.0,335.6383019911485,34.0
relax_055.csv,relax_055,18,575,625,2.3,relax,0,3.2006124603322883,4.05129374541713,33.0,291.4245546147905,29.0
relax_055.csv,relax_055,19,600,650,2.4,relax,0,2.6471684704097633,3.1622912491991713,33.0,238.52853806711607,31.0
relax_055.csv,relax_055,20,625,675,2.5,relax,0,2.607925632331779,3.06414015066821,35.0,235.95045861385458,31.0
relax_055.csv,relax_055,21,650,700,2.6,relax,0,2.803663775168155,3.5373253077893883,32.0,250.36012053431344,27.0
relax_055.csv,relax_055,22,675,725,2.7,relax,0,3.835418124451948,4.710116267229448,33.0,350.8089849631052,32.0
relax_055.csv,relax_055,23,700,750,2.8,relax,0,3.6292571133842073,4.382018728814882,34.0,322.511812976548,34.0
relax_055.csv,relax_055,24,725,775,2.9,relax,0,3.0366848767934975,3.592358436188957,35.0,264.8846252304954,29.0
relax_055.csv,relax_055,25,750,800,3.0,relax,0,2.4017064697000774,3.0082655734028103,34.0,215.81332635485734,24.0
relax_055.csv,relax_055,26,775,825,3.1,relax,0,2.5978566090300945,3.089790067103739,35.0,225.33999900277578,29.0
relax_055.csv,relax_055,27,800,850,3.2,relax,0,3.6217194014506653,4.100970843556598,34.0,314.544915578029,35.0
relax_055.csv,relax_055,28,825,875,3.3,relax,0,3.155523787140227,3.748378326692058,32.0,276.13910001454104,33.0
relax_055.csv,relax_055,29,850,900,3.4,relax,0,2.4969876266025093,2.8863512151983057,32.0,217.44610867027325,32.0
relax_055.csv,relax_055,30,875,925,3.5,relax,0,2.6882247829777843,3.111852106754453,34.0,230.96739234626497,33.0
relax_055.csv,relax_055,31,900,950,3.6,relax,0,3.5179959574355264,4.1056879483445305,34.0,305.76794481272384,33.0
relax_055.csv,relax_055,32,925,975,3.7,relax,0,3.7470460736248725,4.332092911651446,35.0,332.0095892396133,35.0
relax_055.csv,relax_055,33,950,1000,3.8,relax,0,2.8965507947994897,3.383843571256302,36.0,262.5334352606552,36.0
relax_055.csv,relax_055,34,975,1025,3.9,relax,0,2.4272417488751272,2.9342389781945695,32.0,211.1360022662814,28.0
relax_055.csv,relax_055,35,1000,1050,4.0,relax,0,3.2481424269895633,4.034262333627273,31.0,288.5259742105204,27.0
relax_055.csv,relax_055,36,1025,1075,4.1,relax,0,3.605064489901879,4.2992654765375375,33.0,319.12317432613145,32.0
relax_055.csv,relax_055,37,1050,1100,4.2,relax,0,3.746590945956731,4.4100414341778125,33.0,326.40721492707877,31.0
relax_055.csv,relax_055,38,1075,1125,4.3,relax,0,4.945703675163507,5.537320966202285,34.0,431.25837936131535,35.0
relax_055.csv,relax_055,39,1100,1150,4.4,relax,0,5.001486200602259,5.723109894102495,33.0,432.30855770267857,34.0
relax_055.csv,relax_055,40,1125,1175,4.5,relax,0,3.805192464000127,4.581641263978773,33.0,333.00585990793775,34.0
relax_055.csv,relax_055,41,1150,1200,4.6,relax,0,2.961231600996257,3.399711519102364,35.0,263.74046166395163,34.0
relax_055.csv,relax_055,42,1175,1225,4.7,relax,0,3.139139530177699,3.6503319731098234,34.0,271.7988442895572,33.0
relax_055.csv,relax_055,43,1200,1250,4.8,relax,0,3.0567580594140713,3.6781391822613902,33.0,270.9675303954211,31.0
relax_056.csv,relax_056,0,125,175,0.5,relax,0,3.5988775805892215,4.284275717369394,35.0,325.422657572654,34.0
relax_056.csv,relax_056,1,150,200,0.6,relax,0,3.54614062215439,4.067771767431729,35.0,311.2917504122013,34.0
relax_056.csv,relax_056,2,175,225,0.7,relax,0,3.1233186274217544,3.6086935015082386,35.0,278.4508556658578,34.0
relax_056.csv,relax_056,3,200,250,0.8,relax,0,2.525952274309942,3.032620783302051,32.0,222.90587932572046,29.0
relax_056.csv,relax_056,4,225,275,0.9,relax,0,2.3906289949169293,2.8533573358339583,33.0,211.36267066053068,29.0
relax_056.csv,relax_056,5,250,300,1.0,relax,0,2.3993585241942865,2.8508322189834576,32.0,209.85411722837642,29.0
relax_056.csv,relax_056,6,275,325,1.1,relax,0,2.6595535607199645,3.125884186195665,32.0,232.591742758443,29.0
relax_056.csv,relax_056,7,300,350,1.2,relax,0,2.8161763250182634,3.210023536759118,35.0,249.73796113257356,33.0
relax_056.csv,relax_056,8,325,375,1.3,relax,0,2.7675373732791337,3.3537845259868777,31.0,240.17859504964298,29.0
relax_056.csv,relax_056,9,350,400,1.4,relax,0,3.6316546628585473,4.229851648578496,31.0,319.01899835792074,31.0
relax_056.csv,relax_056,10,375,425,1.5,relax,0,4.067912085460978,4.546420333478914,34.0,360.7889651968539,35.0
relax_056.csv,relax_056,11,400,450,1.6,relax,0,2.9996514852501264,3.6212920840134997,33.0,266.7597997840105,29.0
relax_056.csv,relax_056,12,425,475,1.7,relax,0,1.6230181378898567,1.9485974424472867,30.0,141.65338733977458,22.0
relax_056.csv,relax_056,13,450,500,1.8,relax,0,1.0874927033676078,1.344275623748079,23.0,96.66724109312696,13.0
relax_056.csv,relax_056,14,475,525,1.9,relax,0,1.4928925940281024,1.9028227637183837,26.0,138.4520572336619,18.0
relax_056.csv,relax_056,15,500,550,2.0,relax,0,2.7178836817030443,3.1765617855511565,35.0,248.89398076104806,31.0
relax_056.csv,relax_056,16,525,575,2.1,relax,0,2.9998784315635367,3.4362352152197486,35.0,267.22633264778005,34.0
relax_056.csv,relax_056,17,550,600,2.2,relax,0,2.8498413906978897,3.2529848781371244,35.0,254.78719169371487,34.0
relax_056.csv,relax_056,18,575,625,2.3,relax,0,3.008863977859871,3.4744929887342244,35.0,270.6877200840801,33.0
relax_056.csv,relax_056,19,600,650,2.4,relax,0,3.3527551892795344,3.8878742725991926,34.0,299.3944203320913,33.0
relax_056.csv,relax_056,20,625,675,2.5,relax,0,2.7558070864210764,3.3317558416235475,35.0,247.2374809626478,29.0
relax_056.csv,relax_056,21,650,700,2.6,relax,0,2.285738027520761,2.854750469688823,32.0,193.7694668316699,24.0
relax_056.csv,relax_056,22,675,725,2.7,relax,0,3.4206259425323835,4.103604871475673,30.0,292.29683802923665,29.0
relax_056.csv,relax_056,23,700,750,2.8,relax,0,4.013337381188941,4.564900612414706,33.0,346.17321652185626,34.0
relax_056.csv,relax_056,24,725,775,2.9,relax,0,4.000823645458777,4.516204334154229,34.0,350.1047895038144,35.0
relax_056.csv,relax_056,25,750,800,3.0,relax,0,3.832804268775181,4.304084319103534,35.0,330.48905136970643,34.0
relax_056.csv,relax_056,26,775,825,3.1,relax,0,3.877203051772396,4.342124910627021,34.0,331.71427476933053,35.0
relax_056.csv,relax_056,27,800,850,3.2,relax,0,3.826271910563928,4.6823768076119014,32.0,333.7663687130278,29.0
relax_056.csv,relax_056,28,825,875,3.3,relax,0,2.7304430456268522,3.7317451323750674,29.0,235.03198065411365,24.0
relax_056.csv,relax_056,29,850,900,3.4,relax,0,2.7101373728540197,3.1917656578007114,32.0,240.904182164615,31.0
relax_056.csv,relax_056,30,875,925,3.5,relax,0,2.574757285926347,3.0665790519038354,33.0,228.23380330070404,27.0
relax_056.csv,relax_056,31,900,950,3.6,relax,0,2.610117226563286,3.1094170177133464,33.0,223.62993228720597,26.0
relax_056.csv,relax_056,32,925,975,3.7,relax,0,2.8502328794873524,3.327956129114766,30.0,239.32363483364682,29.0
relax_056.csv,relax_056,33,950,1000,3.8,relax,0,3.3021057257990747,4.172823309049999,29.0,273.74094709748067,25.0
relax_056.csv,relax_056,34,975,1025,3.9,relax,0,3.6804808472445183,4.44596497473066,32.0,306.81862650245637,27.0
relax_056.csv,relax_056,35,1000,1050,4.0,relax,0,2.8693497261336955,3.307559027189376,33.0,249.31465711076504,31.0
relax_056.csv,relax_056,36,1025,1075,4.1,relax,0,2.820120221003789,3.2026986524748335,34.0,246.9660924147958,32.0
relax_056.csv,relax_056,37,1050,1100,4.2,relax,0,3.2215828643185183,3.6928541279660974,34.0,279.9608510593805,34.0
relax_056.csv,relax_056,38,1075,1125,4.3,relax,0,3.6140276869306485,4.219385712590536,34.0,312.9704812362119,33.0
relax_056.csv,relax_056,39,1100,1150,4.4,relax,0,3.8058723232963563,4.468266707797864,34.0,331.48576398138505,32.0
relax_056.csv,relax_056,40,1125,1175,4.5,relax,0,3.4592124520742296,4.039119725312822,33.0,305.8600889758314,34.0
relax_056.csv,relax_056,41,1150,1200,4.6,relax,0,2.0229934890968058,2.5944585527283706,25.0,168.95845281307632,24.0
relax_056.csv,relax_056,42,1175,1225,4.7,relax,0,1.6119526826385453,2.053686555253658,21.0,128.62601956615998,19.0
relax_056.csv,relax_056,43,1200,1250,4.8,relax,0,2.339589207423231,2.7951961529042673,31.0,201.36159769808447,27.0
relax_057.csv,relax_057,0,125,175,0.5,relax,0,2.6964208203000886,3.298821608763001,31.0,225.2861406335338,29.0
relax_057.csv,relax_057,1,150,200,0.6,relax,0,2.412309024329427,2.993792620222411,32.0,213.1812653383002,29.0
relax_057.csv,relax_057,2,175,225,0.7,relax,0,3.5152261711841573,4.293998868558301,33.0,321.77534390510425,32.0
relax_057.csv,relax_057,3,200,250,0.8,relax,0,5.198352640695261,5.882039508182886,34.0,445.0407927290103,35.0
relax_057.csv,relax_057,4,225,275,0.9,relax,0,5.379152997369377,5.986627677975389,34.0,460.8218856291906,35.0
relax_057.csv,relax_057,5,250,300,1.0,relax,0,4.51158217138139,5.088804218236218,33.0,393.95406271297264,34.0
relax_057.csv,relax_057,6,275,325,1.1,relax,0,3.548126953579686,4.2713223587466125,34.0,320.53430448021453,32.0
relax_057.csv,relax_057,7,300,350,1.2,relax,0,2.908430326096666,3.6827326306496295,31.0,253.897626051925,26.0
relax_057.csv,relax_057,8,325,375,1.3,relax,0,3.4592141490684303,4.122101315632519,31.0,305.2582389952513,30.0
relax_057.csv,relax_057,9,350,400,1.4,relax,0,3.405172592193735,3.9488582589746817,34.0,301.91960466339884,34.0
relax_057.csv,relax_057,10,375,425,1.5,relax,0,2.665919968617075,3.1295645881668612,31.0,233.4280560747397,30.0
relax_057.csv,relax_057,11,400,450,1.6,relax,0,3.211989141705166,3.8457803520304075,32.0,285.3501188142158,30.0
relax_057.csv,relax_057,12,425,475,1.7,relax,0,3.5679550739639074,4.136812405386629,34.0,321.90724267955613,35.0
relax_057.csv,relax_057,13,450,500,1.8,relax,0,3.2099489652422575,3.783083341046339,33.0,289.3381727166233,34.0
relax_057.csv,relax_057,14,475,525,1.9,relax,0,3.4175446842001116,4.067369695912431,32.0,301.308172119807,33.0
relax_057.csv,relax_057,15,500,550,2.0,relax,0,2.971396107430526,3.55086286850233,36.0,265.83936376918854,34.0
relax_057.csv,relax_057,16,525,575,2.1,relax,0,2.448762343347366,2.810452598992289,35.0,214.44046237770218,33.0
relax_057.csv,relax_057,17,550,600,2.2,relax,0,2.6904114414902924,3.0527573421948406,35.0,238.04372097886343,35.0
relax_057.csv,relax_057,18,575,625,2.3,relax,0,2.4590778367295147,2.9614819410060633,31.0,210.12378035286255,29.0
relax_057.csv,relax_057,19,600,650,2.4,relax,0,2.8195273027686425,3.403763927174593,31.0,242.03526035854838,30.0
relax_057.csv,relax_057,20,625,675,2.5,relax,0,3.977472751743059,4.5259016173609155,35.0,349.93529839447353,34.0
relax_057.csv,relax_057,21,650,700,2.6,relax,0,4.071575537501763,4.6735931672721645,34.0,365.8007758794574,35.0
relax_057.csv,relax_057,22,675,725,2.7,relax,0,2.704135024864061,3.411398644851398,29.0,235.27156217200138,27.0
relax_057.csv,relax_057,23,700,750,2.8,relax,0,2.297253462160201,2.926002815811611,27.0,195.74308770585077,24.0
relax_057.csv,relax_057,24,725,775,2.9,relax,0,3.5879794961629123,4.2324857309348145,32.0,312.6943578658789,31.0
relax_057.csv,relax_057,25,750,800,3.0,relax,0,3.9406353015720073,4.472960622483774,35.0,347.5017819014991,35.0
relax_057.csv,relax_057,26,775,825,3.1,relax,0,3.39415383976536,3.8651699496874685,35.0,297.9476184147188,35.0
relax_057.csv,relax_057,27,800,850,3.2,relax,0,2.768347967401111,3.2389461314549255,34.0,246.5376607311022,33.0
relax_057.csv,relax_057,28,825,875,3.3,relax,0,2.3783646899891417,3.026998954510936,30.0,212.7813962428888,26.0
relax_057.csv,relax_057,29,850,900,3.4,relax,0,2.4934562926454227,3.106343261807377,30.0,215.5269833726248,27.0
relax_057.csv,relax_057,30,875,925,3.5,relax,0,2.251468278052795,2.5927034274123897,36.0,202.6328929904236,32.0
relax_057.csv,relax_057,31,900,950,3.6,relax,0,2.4928101087945613,3.096830919641641,33.0,220.2413549651992,30.0
relax_057.csv,relax_057,32,925,975,3.7,relax,0,3.1830395221213608,3.9808594423833963,32.0,281.4973418923492,30.0
relax_057.csv,relax_057,33,950,1000,3.8,relax,0,3.495800757434301,4.098319757939476,35.0,312.3251254797711,34.0
relax_057.csv,relax_057,34,975,1025,3.9,relax,0,2.9991557623708247,3.3842705729837403,35.0,260.5907640582826,36.0
relax_057.csv,relax_057,35,1000,1050,4.0,relax,0,2.451188739319841,2.808229862844041,34.0,221.33758197203474,34.0
relax_057.csv,relax_057,36,1025,1075,4.1,relax,0,3.1499266778388693,3.6922080020988517,32.0,270.39026423582,32.0
relax_057.csv,relax_057,37,1050,1100,4.2,relax,0,3.8749837231265376,4.505597536706851,35.0,345.4355540155384,35.0
relax_057.csv,relax_057,38,1075,1125,4.3,relax,0,2.996460794252112,3.745359387107293,31.0,263.5751787266002,28.0
relax_057.csv,relax_057,39,1100,1150,4.4,relax,0,2.798460390416427,3.577609222006839,27.0,232.24565488628002,24.0
relax_057.csv,relax_057,40,1125,1175,4.5,relax,0,4.167075423978446,4.95978370178523,32.0,366.2040785269234,31.0
relax_057.csv,relax_057,41,1150,1200,4.6,relax,0,3.6372116252656377,4.42007027848331,34.0,326.0140213865495,32.0
relax_057.csv,relax_057,42,1175,1225,4.7,relax,0,2.3327080509763722,2.7449194989962087,34.0,201.57393150896135,30.0
relax_057.csv,relax_057,43,1200,1250,4.8,relax,0,2.2107679702465086,2.5226187071248813,34.0,185.79478651183922,29.0
relax_058.csv,relax_058,0,125,175,0.5,relax,0,3.6030437321803688,4.400025061925328,33.0,314.12235773599133,31.0
relax_058.csv,relax_058,1,150,200,0.6,relax,0,3.042283949363352,3.6285288154072752,34.0,272.05979346366115,32.0
relax_058.csv,relax_058,2,175,225,0.7,relax,0,3.2221739385734787,3.9854758045675522,34.0,284.63763528299023,31.0
relax_058.csv,relax_058,3,200,250,0.8,relax,0,3.3654139912349526,4.202941208935357,35.0,299.74442358459436,29.0
relax_058.csv,relax_058,4,225,275,0.9,relax,0,3.3597842053422835,4.03980018968255,36.0,302.5410133878986,32.0
relax_058.csv,relax_058,5,250,300,1.0,relax,0,3.415081363267565,4.01286176565929,33.0,297.4717878374137,34.0
relax_058.csv,relax_058,6,275,325,1.1,relax,0,3.2992104097096897,3.887060365318661,32.0,287.63796604460384,31.0
relax_058.csv,relax_058,7,300,350,1.2,relax,0,2.5890162086437156,3.2336062263493286,31.0,222.98393355867896,24.0
relax_058.csv,relax_058,8,325,375,1.3,relax,0,3.2095853843917093,4.07369795485183,29.0,283.1569596215788,27.0
relax_058.csv,relax_058,9,350,400,1.4,relax,0,4.029380351644842,4.631917654968623,34.0,352.8419752088211,35.0
relax_058.csv,relax_058,10,375,425,1.5,relax,0,3.1153017759404715,3.559355160996975,35.0,272.0282065422864,35.0
relax_058.csv,relax_058,11,400,450,1.6,relax,0,3.1867987611710062,3.6624763440464885,34.0,280.12091435321884,34.0
relax_058.csv,relax_058,12,425,475,1.7,relax,0,3.2806395320622475,3.7179322764170104,34.0,290.969447243031,35.0
relax_058.csv,relax_058,13,450,500,1.8,relax,0,2.658983621699575,3.1570006734373006,33.0,231.3655927851728,30.0
relax_058.csv,relax_058,14,475,525,1.9,relax,0,3.2866488910444285,3.977308946563928,33.0,280.3672975304807,29.0
relax_058.csv,relax_058,15,500,550,2.0,relax,0,4.013289814158348,4.496523931247542,34.0,343.3014745639674,34.0
relax_058.csv,relax_058,16,525,575,2.1,relax,0,3.5528906031592693,3.965019289309206,34.0,301.81952767647715,34.0
relax_058.csv,relax_058,17,550,600,2.2,relax,0,3.0034349540935654,3.410273094375127,35.0,269.2853916703642,35.0
relax_058.csv,relax_058,18,575,625,2.3,relax,0,2.8406510638902245,3.325361880179922,34.0,249.10444140249558,32.0
relax_058.csv,relax_058,19,600,650,2.4,relax,0,3.4000769282600034,4.148514242014873,32.0,302.31318980457013,30.0
relax_058.csv,relax_058,20,625,675,2.5,relax,0,3.6543710940587983,4.356976835510541,32.0,322.25769438979904,32.0
relax_058.csv,relax_058,21,650,700,2.6,relax,0,3.0303632666804776,3.4907762581959525,36.0,270.059569868909,35.0
relax_058.csv,relax_058,22,675,725,2.7,relax,0,3.092344645397617,3.6237319538326185,37.0,278.8734278743562,34.0
relax_058.csv,relax_058,23,700,750,2.8,relax,0,3.49401161332346,4.1282915739979575,36.0,314.21202655497507,33.0
relax_058.csv,relax_058,24,725,775,2.9,relax,0,3.5081902198119654,4.099198222845997,35.0,310.07069635324586,35.0
relax_058.csv,relax_058,25,750,800,3.0,relax,0,2.9462618704838155,3.5219564110897164,34.0,263.54780725132196,32.0
relax_058.csv,relax_058,26,775,825,3.1,relax,0,2.5034508665755966,2.9965310668556406,34.0,218.53863494919435,28.0
relax_058.csv,relax_058,27,800,850,3.2,relax,0,2.7644037643268335,3.273772809109309,33.0,241.72092613128797,30.0
relax_058.csv,relax_058,28,825,875,3.3,relax,0,3.138116396822095,3.7939860179960085,32.0,281.4140070409335,31.0
relax_058.csv,relax_058,29,850,900,3.4,relax,0,3.1543905467366495,3.8843617268248134,33.0,278.4748462068732,32.0
relax_058.csv,relax_058,30,875,925,3.5,relax,0,3.1148937036226267,3.7963099700277927,33.0,271.55222524682586,31.0
relax_058.csv,relax_058,31,900,950,3.6,relax,0,3.367537632785471,3.972838909583485,33.0,302.14707574683104,33.0
relax_058.csv,relax_058,32,925,975,3.7,relax,0,3.142017253049583,3.6325793685817005,35.0,284.3109180977464,36.0
relax_058.csv,relax_058,33,950,1000,3.8,relax,0,3.1676011306522494,3.76333553600204,34.0,278.38593710543756,33.0
relax_058.csv,relax_058,34,975,1025,3.9,relax,0,2.6240590942634507,3.3539384425974736,31.0,233.4808256424136,24.0
relax_058.csv,relax_058,35,1000,1050,4.0,relax,0,2.207516390624474,2.6792621164479424,31.0,193.0538453208847,25.0
relax_058.csv,relax_058,36,1025,1075,4.1,relax,0,3.183837150582759,3.8019937661027,35.0,283.5266536237552,35.0
relax_058.csv,relax_058,37,1050,1100,4.2,relax,0,3.1533493287702568,3.831616187924911,34.0,280.2113735563474,30.0
relax_058.csv,relax_058,38,1075,1125,4.3,relax,0,2.483706193670273,3.170858956304261,31.0,221.3155353711134,24.0
relax_058.csv,relax_058,39,1100,1150,4.4,relax,0,3.291668670589286,4.115867427721535,32.0,295.30146720058747,29.0
relax_058.csv,relax_058,40,1125,1175,4.5,relax,0,4.1908134590092825,4.854616377590119,33.0,355.9553972566283,32.0
relax_058.csv,relax_058,41,1150,1200,4.6,relax,0,3.5442551314285207,4.114886061919378,34.0,298.77351757957746,33.0
relax_058.csv,relax_058,42,1175,1225,4.7,relax,0,2.1961690678273995,2.618165252838781,30.0,191.45050926928639,26.0
relax_058.csv,relax_058,43,1200,1250,4.8,relax,0,2.027184640034364,2.592873695538583,29.0,184.646413645889,24.0
relax_059.csv,relax_059,0,125,175,0.5,relax,0,3.656196798916838,4.720563017279239,32.0,318.08510604244964,30.0
relax_059.csv,relax_059,1,150,200,0.6,relax,0,3.753441869114909,4.841725248950579,34.0,339.5450554763297,31.0
relax_059.csv,relax_059,2,175,225,0.7,relax,0,4.532514735738248,5.374807999582143,34.0,387.23193961271215,33.0
relax_059.csv,relax_059,3,200,250,0.8,relax,0,3.552429445167686,4.29874453876733,32.0,294.5018058918829,29.0
relax_059.csv,relax_059,4,225,275,0.9,relax,0,2.818513234094438,3.5197186882591924,31.0,244.6031543705598,26.0
relax_059.csv,relax_059,5,250,300,1.0,relax,0,3.275299736773068,4.05626627977223,33.0,287.73784547038446,28.0
relax_059.csv,relax_059,6,275,325,1.1,relax,0,3.8962492210027606,4.60585642562819,36.0,350.73199005885147,33.0
relax_059.csv,relax_059,7,300,350,1.2,relax,0,2.856536762432752,3.4795593483844556,36.0,263.5468081840041,33.0
relax_059.csv,relax_059,8,325,375,1.3,relax,0,3.094008820922817,3.866509080085663,34.0,266.70224677072196,31.0
relax_059.csv,relax_059,9,350,400,1.4,relax,0,3.6915442205020566,4.359566699233245,35.0,325.26496732948743,35.0
relax_059.csv,relax_059,10,375,425,1.5,relax,0,2.7342618189811043,3.312451811467249,32.0,238.47051979742216,31.0
relax_059.csv,relax_059,11,400,450,1.6,relax,0,2.6879031161550087,3.3459512811226646,29.0,238.38569829150418,29.0
relax_059.csv,relax_059,12,425,475,1.7,relax,0,3.1574580479239365,3.8580610069179646,31.0,284.0781337619114,32.0
relax_059.csv,relax_059,13,450,500,1.8,relax,0,2.8651512584643903,3.5071036448544546,34.0,260.53962079549274,32.0
relax_059.csv,relax_059,14,475,525,1.9,relax,0,2.7859689881427214,3.529303436446434,34.0,257.77413158348884,30.0
relax_059.csv,relax_059,15,500,550,2.0,relax,0,3.304461276646792,4.0717954328811485,33.0,297.4857789421682,29.0
relax_059.csv,relax_059,16,525,575,2.1,relax,0,3.8470382772150824,4.512985219196494,35.0,332.265245712274,33.0
relax_059.csv,relax_059,17,550,600,2.2,relax,0,3.4872553609847,4.196884915971472,36.0,312.9896554189571,33.0
relax_059.csv,relax_059,18,575,625,2.3,relax,0,3.1872797201581666,3.9301210805184144,36.0,291.0538671383518,30.0
relax_059.csv,relax_059,19,600,650,2.4,relax,0,2.9618808428113965,3.693740372143617,35.0,271.3916245598226,31.0
relax_059.csv,relax_059,20,625,675,2.5,relax,0,2.3728972596785547,2.798807460463396,34.0,213.09795355239575,31.0
relax_059.csv,relax_059,21,650,700,2.6,relax,0,3.3443369860502945,4.1007046698943705,36.0,306.49176530118484,35.0
relax_059.csv,relax_059,22,675,725,2.7,relax,0,3.409843135750953,4.166616269098702,37.0,312.5223457031826,35.0
relax_059.csv,relax_059,23,700,750,2.8,relax,0,2.6442649574516257,3.081238332217226,35.0,240.40892194840777,33.0
relax_059.csv,relax_059,24,725,775,2.9,relax,0,3.237104259567192,3.8478055262915722,33.0,287.2125293347987,32.0
relax_059.csv,relax_059,25,750,800,3.0,relax,0,3.1770084544468182,3.8209859913076625,32.0,281.8443408108316,31.0
relax_059.csv,relax_059,26,775,825,3.1,relax,0,2.8327897957577175,3.33928644724448,32.0,243.7667792588795,29.0
relax_059.csv,relax_059,27,800,850,3.2,relax,0,2.886136093748172,3.408876405967788,33.0,247.77799611405032,30.0
relax_059.csv,relax_059,28,825,875,3.3,relax,0,2.3791131456457757,2.8965502492293123,33.0,218.91763250117802,30.0
relax_059.csv,relax_059,29,850,900,3.4,relax,0,2.842402433152864,3.4961746137836855,33.0,256.451893152808,30.0
relax_059.csv,relax_059,30,875,925,3.5,relax,0,2.787841051245867,3.403087214067061,34.0,254.14722000544046,31.0
relax_059.csv,relax_059,31,900,950,3.6,relax,0,2.6480592282596485,3.296861523465169,35.0,239.51420618684523,27.0
relax_059.csv,relax_059,32,925,975,3.7,relax,0,2.7513042832738113,3.4103906633527523,34.0,251.6587220541337,30.0
relax_059.csv,relax_059,33,950,1000,3.8,relax,0,2.7449327801909873,3.293825369929944,33.0,241.33245307298785,31.0
relax_059.csv,relax_059,34,975,1025,3.9,relax,0,2.6152948524836233,3.260219247894954,31.0,227.36125015171064,26.0
relax_059.csv,relax_059,35,1000,1050,4.0,relax,0,2.9030348350034507,3.6611204458204702,28.0,247.12534621848076,26.0
relax_059.csv,relax_059,36,1025,1075,4.1,relax,0,3.4128576076096384,3.9925878742807344,34.0,294.9491477608396,31.0
relax_059.csv,relax_059,37,1050,1100,4.2,relax,0,3.754213612432534,4.527892701446991,35.0,330.4712259650815,31.0
relax_059.csv,relax_059,38,1075,1125,4.3,relax,0,4.024841386425055,4.976372972092823,32.0,352.45626884023187,30.0
relax_059.csv,relax_059,39,1100,1150,4.4,relax,0,3.5067991425467375,4.371512437383761,33.0,315.8470207379914,31.0
relax_059.csv,relax_059,40,1125,1175,4.5,relax,0,2.9749297201308265,3.6991883236692935,31.0,268.3859863717812,30.0
relax_059.csv,relax_059,41,1150,1200,4.6,relax,0,3.4411814582311364,4.277074963782405,31.0,299.7873579838932,31.0
relax_059.csv,relax_059,42,1175,1225,4.7,relax,0,3.8096184480268334,4.544237947904797,33.0,336.56083028970716,32.0
relax_059.csv,relax_059,43,1200,1250,4.8,relax,0,2.5438537209950023,3.1303476397008914,31.0,221.11539798633032,27.0
relax_060.csv,relax_060,0,125,175,0.5,relax,0,2.5899661440593396,3.2140002187045824,28.0,216.48601974704178,27.0
relax_060.csv,relax_060,1,150,200,0.6,relax,0,3.369014594097609,4.150209477517465,31.0,294.90167775730856,30.0
relax_060.csv,relax_060,2,175,225,0.7,relax,0,3.595187434855936,4.346235215988395,34.0,323.5844020078782,33.0
relax_060.csv,relax_060,3,200,250,0.8,relax,0,2.270496048798775,2.8999336501756736,27.0,194.0451994926541,24.0
relax_060.csv,relax_060,4,225,275,0.9,relax,0,3.004362443612962,3.7878638394133635,29.0,265.43150998435505,26.0
relax_060.csv,relax_060,5,250,300,1.0,relax,0,3.1005059429851154,3.8294975743444977,28.0,266.43655108174,28.0
relax_060.csv,relax_060,6,275,325,1.1,relax,0,2.9556232542240797,3.6293928227188323,30.0,253.75475872992678,29.0
relax_060.csv,relax_060,7,300,350,1.2,relax,0,3.3527127828922687,3.990421838990777,32.0,292.4317107374517,33.0
relax_060.csv,relax_060,8,325,375,1.3,relax,0,3.17998814070444,3.8991130130045764,32.0,279.6149806164594,33.0
relax_060.csv,relax_060,9,350,400,1.4,relax,0,3.3785713678796907,3.996899196980636,34.0,299.06217503244096,34.0
relax_060.csv,relax_060,10,375,425,1.5,relax,0,2.9867125436177604,3.5164727173215455,33.0,265.22236715402516,32.0
relax_060.csv,relax_060,11,400,450,1.6,relax,0,3.4156797986978678,4.141768644600217,34.0,308.1480047539889,32.0
relax_060.csv,relax_060,12,425,475,1.7,relax,0,3.3347099465396592,4.010483546197175,35.0,291.8096168968866,32.0
relax_060.csv,relax_060,13,450,500,1.8,relax,0,3.037303741285821,3.5358805031340506,36.0,267.457990634571,34.0
relax_060.csv,relax_060,14,475,525,1.9,relax,0,3.1877198085221723,3.8347730480252356,34.0,276.290853488343,32.0
relax_060.csv,relax_060,15,500,550,2.0,relax,0,2.9068865981904164,3.4971728817547985,33.0,257.0423855736575,31.0
relax_060.csv,relax_060,16,525,575,2.1,relax,0,2.5925335329909887,3.0392876644932705,35.0,222.74351139998038,32.0
relax_060.csv,relax_060,17,550,600,2.2,relax,0,3.0887464187928693,3.612256016578322,35.0,261.16152904742705,33.0
relax_060.csv,relax_060,18,575,625,2.3,relax,0,3.54206923326962,4.036619107725231,35.0,307.50295202609414,36.0
relax_060.csv,relax_060,19,600,650,2.4,relax,0,2.901447717295886,3.478778967987035,34.0,255.82232951158198,31.0
relax_060.csv,relax_060,20,625,675,2.5,relax,0,2.722406769630236,3.219889566609207,34.0,239.4710687498536,30.0
relax_060.csv,relax_060,21,650,700,2.6,relax,0,2.76747197193407,3.177744017465091,37.0,244.57697616924506,32.0
relax_060.csv,relax_060,22,675,725,2.7,relax,0,2.889704540416421,3.3686077957038827,36.0,260.42310698862605,31.0
relax_060.csv,relax_060,23,700,750,2.8,relax,0,3.8203584550055054,4.375342925575024,35.0,343.0429010991682,35.0
relax_060.csv,relax_060,24,725,775,2.9,relax,0,3.6451602540091512,4.2383321925818045,34.0,321.7652964637151,34.0
relax_060.csv,relax_060,25,750,800,3.0,relax,0,3.2427332853542152,3.8262973330872465,34.0,291.96745169213705,33.0
relax_060.csv,relax_060,26,775,825,3.1,relax,0,3.3188146190954213,3.93212332765573,32.0,287.2959960784213,31.0
relax_060.csv,relax_060,27,800,850,3.2,relax,0,2.9522767277117663,3.580583821119469,32.0,263.8473346243025,29.0
relax_060.csv,relax_060,28,825,875,3.3,relax,0,3.156927285616189,3.6845638251057355,32.0,273.8249184378565,31.0
relax_060.csv,relax_060,29,850,900,3.4,relax,0,3.2979363354523645,3.683540004082234,34.0,285.5652682252275,34.0
relax_060.csv,relax_060,30,875,925,3.5,relax,0,2.9908659498151264,3.3453711419468353,34.0,253.7223839017266,32.0
relax_060.csv,relax_060,31,900,950,3.6,relax,0,2.6264164819354914,3.0664560594421886,33.0,227.1072112859207,29.0
relax_060.csv,relax_060,32,925,975,3.7,relax,0,2.299121036375722,2.7409518520254412,34.0,200.3812080052228,27.0
relax_060.csv,relax_060,33,950,1000,3.8,relax,0,3.5823619798966466,4.4660578171779575,35.0,303.53081434191535,32.0
relax_060.csv,relax_060,34,975,1025,3.9,relax,0,4.641237724107045,5.2836455607610775,34.0,388.51789238829787,35.0
relax_060.csv,relax_060,35,1000,1050,4.0,relax,0,4.2948938708872495,4.772651538537683,34.0,366.242462480623,35.0
relax_060.csv,relax_060,36,1025,1075,4.1,relax,0,3.8020392952832363,4.372821096955297,35.0,334.0101900188155,34.0
relax_060.csv,relax_060,37,1050,1100,4.2,relax,0,3.067142033993574,3.610673603155483,33.0,265.16212480319507,32.0
relax_060.csv,relax_060,38,1075,1125,4.3,relax,0,3.8384779681721697,4.604215723028439,33.0,329.88034205224443,33.0
relax_060.csv,relax_060,39,1100,1150,4.4,relax,0,3.7501858015257197,4.503740776658735,33.0,321.25247711218583,33.0
relax_060.csv,relax_060,40,1125,1175,4.5,relax,0,1.8949911078450505,2.3600364977465205,28.0,158.56148470838232,23.0
relax_060.csv,relax_060,41,1150,1200,4.6,relax,0,2.559882994106636,3.3712470055168153,31.0,228.05806831127023,27.0
relax_060.csv,relax_060,42,1175,1225,4.7,relax,0,3.492387521571917,4.080438022901094,35.0,309.70477156944384,35.0
relax_060.csv,relax_060,43,1200,1250,4.8,relax,0,2.900441854785048,3.433454837289932,33.0,262.2592665458297,32.0
