frame_index,recording_sample_index,recording_elapsed_s,button_label,Channel1_raw
0,0,0.000000,0,998
1,1,0.002000,0,1004
2,2,0.004000,0,1007
3,3,0.006000,0,1002
4,4,0.008000,0,993
5,5,0.010000,0,990
6,6,0.012000,0,997
7,7,0.014000,0,1007
8,8,0.016000,0,1009
9,9,0.018000,0,1001
10,10,0.020000,0,992
11,11,0.022000,0,991
12,12,0.024000,0,1000
13,13,0.026000,0,1007
14,14,0.028000,0,1005
15,15,0.030000,0,998
16,16,0.032000,0,993
17,17,0.034000,0,996
18,18,0.036000,0,1002
19,19,0.038000,0,1005
20,20,0.040000,0,1001
21,21,0.042000,0,996
22,22,0.044000,0,995
23,23,0.046000,0,998
24,24,0.048000,0,1004
25,25,0.050000,0,1005
26,26,0.052000,0,1000
27,27,0.054000,0,993
28,28,0.056000,0,992
29,29,0.058000,0,1000
30,30,0.060000,0,1008
31,31,0.062000,0,1007
32,32,0.064000,0,998
33,33,0.066000,0,991
34,34,0.068000,0,994
35,35,0.070000,0,1003
36,36,0.072000,0,1007
37,37,0.074000,0,1003
38,38,0.076000,0,997
39,39,0.078000,0,995
40,40,0.080000,0,997
41,41,0.082000,0,1001
42,42,0.084000,0,1002
43,43,0.086000,0,1002
44,44,0.088000,0,1000
45,45,0.090000,0,998
46,46,0.092000,0,997
47,47,0.094000,0,999
48,48,0.096000,0,1002
49,49,0.098000,0,1001
50,50,0.100000,0,999
51,51,0.102000,0,998
52,52,0.104000,0,999
53,53,0.106000,0,999
54,54,0.108000,0,1000
55,55,0.110000,0,1001
56,56,0.112000,0,1002
57,57,0.114000,0,999
58,58,0.116000,0,996
59,59,0.118000,0,996
60,60,0.120000,0,1000
61,61,0.122000,0,1004
62,62,0.124000,0,1004
63,63,0.126000,0,999
64,64,0.128000,0,995
65,65,0.130000,0,996
66,66,0.132000,0,999
67,67,0.134000,0,1003
68,68,0.136000,0,1003
69,69,0.138000,0,1000
70,70,0.140000,0,997
71,71,0.142000,0,996
72,72,0.144000,0,1000
73,73,0.146000,0,1003
74,74,0.148000,0,1000
75,75,0.150000,0,996
76,76,0.152000,0,997
77,77,0.154000,0,1003
78,78,0.156000,0,1006
79,79,0.158000,0,1000
80,80,0.160000,0,992
81,81,0.162000,0,993
82,82,0.164000,0,1002
83,83,0.166000,0,1009
84,84,0.168000,0,1004
85,85,0.170000,0,994
86,86,0.172000,0,990
87,87,0.174000,0,998
88,88,0.176000,0,1007
89,89,0.178000,0,1006
90,90,0.180000,0,998
91,91,0.182000,0,993
92,92,0.184000,0,998
93,93,0.186000,0,1003
94,94,0.188000,0,1002
95,95,0.190000,0,997
96,96,0.192000,0,996
97,97,0.194000,0,1001
98,98,0.196000,0,1005
99,99,0.198000,0,1001
100,100,0.200000,0,995
101,101,0.202000,0,994
102,102,0.204000,0,998
103,103,0.206000,0,1003
104,104,0.208000,0,1004
105,105,0.210000,0,1001
106,106,0.212000,0,997
107,107,0.214000,0,995
108,108,0.216000,0,997
109,109,0.218000,0,1001
110,110,0.220000,0,1004
111,111,0.222000,0,1002
112,112,0.224000,0,997
113,113,0.226000,0,996
114,114,0.228000,0,999
115,115,0.230000,0,1003
116,116,0.232000,0,1000
117,117,0.234000,0,996
118,118,0.236000,0,997
119,119,0.238000,0,1002
120,120,0.240000,0,1005
121,121,0.242000,0,1000
122,122,0.244000,0,994
123,123,0.246000,0,994
124,124,0.248000,0,1001
125,125,0.250000,0,1006
126,126,0.252000,0,1003
127,127,0.254000,0,995
128,128,0.256000,0,993
129,129,0.258000,0,1000
130,130,0.260000,0,1005
131,131,0.262000,0,1003
132,132,0.264000,0,996
133,133,0.266000,0,995
134,134,0.268000,0,1000
135,135,0.270000,0,1004
136,136,0.272000,0,1001
137,137,0.274000,0,997
138,138,0.276000,0,997
139,139,0.278000,0,1000
140,140,0.280000,0,1002
141,141,0.282000,0,999
142,142,0.284000,0,996
143,143,0.286000,0,999
144,144,0.288000,0,1004
145,145,0.290000,0,1003
146,146,0.292000,0,997
147,147,0.294000,0,993
148,148,0.296000,0,997
149,149,0.298000,0,1004
150,150,0.300000,0,1006
151,151,0.302000,0,1000
152,152,0.304000,0,995
153,153,0.306000,0,995
154,154,0.308000,0,1000
155,155,0.310000,0,1004
156,156,0.312000,0,1003
157,157,0.314000,0,998
158,158,0.316000,0,996
159,159,0.318000,0,997
160,160,0.320000,0,1001
161,161,0.322000,0,1003
162,162,0.324000,0,1001
163,163,0.326000,0,996
164,164,0.328000,0,995
165,165,0.330000,0,999
166,166,0.332000,0,1005
167,167,0.334000,0,1005
168,168,0.336000,0,998
169,169,0.338000,0,992
170,170,0.340000,0,994
171,171,0.342000,0,1003
172,172,0.344000,0,1008
173,173,0.346000,0,1004
174,174,0.348000,0,995
175,175,0.350000,0,992
176,176,0.352000,0,997
177,177,0.354000,0,1005
178,178,0.356000,0,1006
179,179,0.358000,0,999
180,180,0.360000,0,994
181,181,0.362000,0,995
182,182,0.364000,0,1002
183,183,0.366000,0,1006
184,184,0.368000,0,1002
185,185,0.370000,0,996
186,186,0.372000,0,993
187,187,0.374000,0,998
188,188,0.376000,0,1005
189,189,0.378000,0,1005
190,190,0.380000,0,999
191,191,0.382000,0,993
192,192,0.384000,0,996
193,193,0.386000,0,1003
194,194,0.388000,0,1005
195,195,0.390000,0,1000
196,196,0.392000,0,995
197,197,0.394000,0,997
198,198,0.396000,0,1002
199,199,0.398000,0,1003
200,200,0.400000,0,999
201,201,0.402000,0,996
202,202,0.404000,0,998
203,203,0.406000,0,1002
204,204,0.408000,0,1003
205,205,0.410000,0,999
206,206,0.412000,0,995
207,207,0.414000,0,996
208,208,0.416000,0,1002
209,209,0.418000,0,1006
210,210,0.420000,0,1003
211,211,0.422000,0,996
212,212,0.424000,0,992
213,213,0.426000,0,997
214,214,0.428000,0,1005
215,215,0.430000,0,1007
216,216,0.432000,0,999
217,217,0.434000,0,991
218,218,0.436000,0,994
219,219,0.438000,0,1004
220,220,0.440000,0,1008
221,221,0.442000,0,1000
222,222,0.444000,0,991
223,223,0.446000,0,993
224,224,0.448000,0,1003
225,225,0.450000,0,1008
226,226,0.452000,0,1002
227,227,0.454000,0,994
228,228,0.456000,0,992
229,229,0.458000,0,1000
230,230,0.460000,0,1007
231,231,0.462000,0,1005
232,232,0.464000,0,996
233,233,0.466000,0,992
234,234,0.468000,0,996
235,235,0.470000,0,1004
236,236,0.472000,0,1007
237,237,0.474000,0,1001
238,238,0.476000,0,993
239,239,0.478000,0,992
240,240,0.480000,0,1000
241,241,0.482000,0,1007
242,242,0.484000,0,1006
243,243,0.486000,0,997
244,244,0.488000,0,992
245,245,0.490000,0,997
246,246,0.492000,0,1004
247,247,0.494000,0,1004
248,248,0.496000,0,998
249,249,0.498000,0,995
250,250,0.500000,0,1001
251,251,0.502000,0,1004
252,252,0.504000,0,999
253,253,0.506000,0,993
254,254,0.508000,0,995
255,255,0.510000,0,1005
256,256,0.512000,0,1009
257,257,0.514000,0,1002
258,258,0.516000,0,990
259,259,0.518000,0,989
260,260,0.520000,0,1000
261,261,0.522000,0,1011
262,262,0.524000,0,1010
263,263,0.526000,0,997
264,264,0.528000,0,988
265,265,0.530000,0,991
266,266,0.532000,0,1002
267,267,0.534000,0,1009
268,268,0.536000,0,1006
269,269,0.538000,0,997
270,270,0.540000,0,992
271,271,0.542000,0,995
272,272,0.544000,0,1002
273,273,0.546000,0,1006
274,274,0.548000,0,1001
275,275,0.550000,0,995
276,276,0.552000,0,994
277,277,0.554000,0,1001
278,278,0.556000,0,1007
279,279,0.558000,0,1003
280,280,0.560000,0,994
281,281,0.562000,0,991
282,282,0.564000,0,998
283,283,0.566000,0,1007
284,284,0.568000,0,1008
285,285,0.570000,0,999
286,286,0.572000,0,991
287,287,0.574000,0,993
288,288,0.576000,0,1002
289,289,0.578000,0,1007
290,290,0.580000,0,1004
291,291,0.582000,0,996
292,292,0.584000,0,993
293,293,0.586000,0,997
294,294,0.588000,0,1003
295,295,0.590000,0,1005
296,296,0.592000,0,1000
297,297,0.594000,0,995
298,298,0.596000,0,996
299,299,0.598000,0,1001
300,300,0.600000,0,1003
301,301,0.602000,0,1000
302,302,0.604000,0,997
303,303,0.606000,0,999
304,304,0.608000,0,1002
305,305,0.610000,0,1001
306,306,0.612000,0,995
307,307,0.614000,0,995
308,308,0.616000,0,1002
309,309,0.618000,0,1007
310,310,0.620000,0,1003
311,311,0.622000,0,993
312,312,0.624000,0,990
313,313,0.626000,0,999
314,314,0.628000,0,1008
315,315,0.630000,0,1007
316,316,0.632000,0,997
317,317,0.634000,0,991
318,318,0.636000,0,997
319,319,0.638000,0,1005
320,320,0.640000,0,1005
321,321,0.642000,0,997
322,322,0.644000,0,993
323,323,0.646000,0,998
324,324,0.648000,0,1006
325,325,0.650000,0,1005
326,326,0.652000,0,996
327,327,0.654000,0,991
328,328,0.656000,0,997
329,329,0.658000,0,1006
330,330,0.660000,0,1006
331,331,0.662000,0,997
332,332,0.664000,0,993
333,333,0.666000,0,998
334,334,0.668000,0,1004
335,335,0.670000,0,1003
336,336,0.672000,0,997
337,337,0.674000,0,995
338,338,0.676000,0,1000
339,339,0.678000,0,1003
340,340,0.680000,0,1001
341,341,0.682000,0,997
342,342,0.684000,0,996
343,343,0.686000,0,1000
344,344,0.688000,0,1003
345,345,0.690000,0,1001
346,346,0.692000,0,997
347,347,0.694000,0,997
348,348,0.696000,0,1001
349,349,0.698000,0,1003
350,350,0.700000,0,1000
351,351,0.702000,0,996
352,352,0.704000,0,997
353,353,0.706000,0,1001
354,354,0.708000,0,1003
355,355,0.710000,0,1000
356,356,0.712000,0,997
357,357,0.714000,0,997
358,358,0.716000,0,1001
359,359,0.718000,0,1002
360,360,0.720000,0,1001
361,361,0.722000,0,997
362,362,0.724000,0,997
363,363,0.726000,0,1000
364,364,0.728000,0,1003
365,365,0.730000,0,1001
366,366,0.732000,0,996
367,367,0.734000,0,997
368,368,0.736000,0,1001
369,369,0.738000,0,1003
370,370,0.740000,0,1000
371,371,0.742000,0,996
372,372,0.744000,0,998
373,373,0.746000,0,1002
374,374,0.748000,0,1002
375,375,0.750000,0,998
376,376,0.752000,0,996
377,377,0.754000,0,999
378,378,0.756000,0,1003
379,379,0.758000,0,1002
380,380,0.760000,0,997
381,381,0.762000,0,996
382,382,0.764000,0,1000
383,383,0.766000,0,1003
384,384,0.768000,0,1000
385,385,0.770000,0,995
386,386,0.772000,0,997
387,387,0.774000,0,1005
388,388,0.776000,0,1006
389,389,0.778000,0,997
390,390,0.780000,0,990
391,391,0.782000,0,995
392,392,0.784000,0,1006
393,393,0.786000,0,1010
394,394,0.788000,0,1001
395,395,0.790000,0,990
396,396,0.792000,0,992
397,397,0.794000,0,1002
398,398,0.796000,0,1008
399,399,0.798000,0,1002
400,400,0.800000,0,995
401,401,0.802000,0,995
402,402,0.804000,0,1001
403,403,0.806000,0,1003
404,404,0.808000,0,999
405,405,0.810000,0,996
406,406,0.812000,0,999
407,407,0.814000,0,1004
408,408,0.816000,0,1004
409,409,0.818000,0,997
410,410,0.820000,0,992
411,411,0.822000,0,995
412,412,0.824000,0,1005
413,413,0.826000,0,1009
414,414,0.828000,0,1001
415,415,0.830000,0,990
416,416,0.832000,0,991
417,417,0.834000,0,1003
418,418,0.836000,0,1010
419,419,0.838000,0,1003
420,420,0.840000,0,993
421,421,0.842000,0,992
422,422,0.844000,0,1001
423,423,0.846000,0,1007
424,424,0.848000,0,1002
425,425,0.850000,0,993
426,426,0.852000,0,993
427,427,0.854000,0,1002
428,428,0.856000,0,1008
429,429,0.858000,0,1003
430,430,0.860000,0,993
431,431,0.862000,0,991
432,432,0.864000,0,1001
433,433,0.866000,0,1008
434,434,0.868000,0,1003
435,435,0.870000,0,993
436,436,0.872000,0,992
437,437,0.874000,0,1003
438,438,0.876000,0,1009
439,439,0.878000,0,1001
440,440,0.880000,0,989
441,441,0.882000,0,991
442,442,0.884000,0,1005
443,443,0.886000,0,1012
444,444,0.888000,0,1003
445,445,0.890000,0,989
446,446,0.892000,0,988
447,447,0.894000,0,1000
448,448,0.896000,0,1011
449,449,0.898000,0,1008
450,450,0.900000,0,995
451,451,0.902000,0,987
452,452,0.904000,0,995
453,453,0.906000,0,1008
454,454,0.908000,0,1010
455,455,0.910000,0,998
456,456,0.912000,0,988
457,457,0.914000,0,993
458,458,0.916000,0,1007
459,459,0.918000,0,1012
460,460,0.920000,0,1001
461,461,0.922000,0,989
462,462,0.924000,0,991
463,463,0.926000,0,1003
464,464,0.928000,0,1009
465,465,0.930000,0,1003
466,466,0.932000,0,995
467,467,0.934000,0,996
468,468,0.936000,0,1000
469,469,0.938000,0,1001
470,470,0.940000,0,998
471,471,0.942000,0,998
472,472,0.944000,0,1001
473,473,0.946000,0,1003
474,474,0.948000,0,1000
475,475,0.950000,0,995
476,476,0.952000,0,995
477,477,0.954000,0,1001
478,478,0.956000,0,1006
479,479,0.958000,0,1004
480,480,0.960000,0,996
481,481,0.962000,0,991
482,482,0.964000,0,996
483,483,0.966000,0,1006
484,484,0.968000,0,1008
485,485,0.970000,0,1000
486,486,0.972000,0,992
487,487,0.974000,0,993
488,488,0.976000,0,1001
489,489,0.978000,0,1006
490,490,0.980000,0,1003
491,491,0.982000,0,996
492,492,0.984000,0,995
493,493,0.986000,0,1000
494,494,0.988000,0,1003
495,495,0.990000,0,1001
496,496,0.992000,0,997
497,497,0.994000,0,997
498,498,0.996000,0,1001
499,499,0.998000,0,1003
500,500,1.000000,0,999
501,501,1.002000,0,996
502,502,1.004000,0,998
503,503,1.006000,0,1002
504,504,1.008000,0,1003
505,505,1.010000,0,998
506,506,1.012000,0,996
507,507,1.014000,0,999
508,508,1.016000,0,1003
509,509,1.018000,0,1002
510,510,1.020000,0,997
511,511,1.022000,0,996
512,512,1.024000,0,1000
513,513,1.026000,0,1003
514,514,1.028000,0,1001
515,515,1.030000,0,998
516,516,1.032000,0,997
517,517,1.034000,0,1000
518,518,1.036000,0,1000
519,519,1.038000,0,998
520,520,1.040000,0,999
521,521,1.042000,0,1002
522,522,1.044000,0,1003
523,523,1.046000,0,1000
524,524,1.048000,0,994
525,525,1.050000,0,994
526,526,1.052000,0,1001
527,527,1.054000,0,1008
528,528,1.056000,0,1006
529,529,1.058000,0,995
530,530,1.060000,0,989
531,531,1.062000,0,995
532,532,1.064000,0,1007
533,533,1.066000,0,1010
534,534,1.068000,0,1001
535,535,1.070000,0,991
536,536,1.072000,0,991
537,537,1.074000,0,1001
538,538,1.076000,0,1008
539,539,1.078000,0,1005
540,540,1.080000,0,997
541,541,1.082000,0,994
542,542,1.084000,0,998
543,543,1.086000,0,1001
544,544,1.088000,0,1000
545,545,1.090000,0,999
546,546,1.092000,0,1001
547,547,1.094000,0,1003
548,548,1.096000,0,999
549,549,1.098000,0,993
550,550,1.100000,0,994
551,551,1.102000,0,1004
552,552,1.104000,0,1009
553,553,1.106000,0,1001
554,554,1.108000,0,991
555,555,1.110000,0,991
556,556,1.112000,0,1002
557,557,1.114000,0,1009
558,558,1.116000,0,1004
559,559,1.118000,0,994
560,560,1.120000,0,993
561,561,1.122000,0,1000
562,562,1.124000,0,1004
563,563,1.126000,0,1001
564,564,1.128000,0,997
565,565,1.130000,0,999
566,566,1.132000,0,1002
567,567,1.134000,0,999
568,568,1.136000,0,994
569,569,1.138000,0,997
570,570,1.140000,0,1006
571,571,1.142000,0,1008
572,572,1.144000,0,998
573,573,1.146000,0,989
574,574,1.148000,0,993
575,575,1.150000,0,1005
576,576,1.152000,0,1010
577,577,1.154000,0,1002
578,578,1.156000,0,992
579,579,1.158000,0,994
580,580,1.160000,0,1001
581,581,1.162000,0,1004
582,582,1.164000,0,999
583,583,1.166000,0,997
584,584,1.168000,0,1001
585,585,1.170000,0,1004
586,586,1.172000,0,999
587,587,1.174000,0,992
588,588,1.176000,0,995
589,589,1.178000,0,1006
590,590,1.180000,0,1011
591,591,1.182000,0,1000
592,592,1.184000,0,988
593,593,1.186000,0,990
594,594,1.188000,0,1005
595,595,1.190000,0,1012
596,596,1.192000,0,1003
597,597,1.194000,0,991
598,598,1.196000,0,992
599,599,1.198000,0,1002
600,600,1.200000,0,1006
601,601,1.202000,0,1001
602,602,1.204000,0,996
603,603,1.206000,0,999
604,604,1.208000,0,1003
605,605,1.210000,0,999
606,606,1.212000,0,993
607,607,1.214000,0,998
608,608,1.216000,0,1007
609,609,1.218000,0,1007
610,610,1.220000,0,996
611,611,1.222000,0,988
612,612,1.224000,0,995
613,613,1.226000,0,1008
614,614,1.228000,0,1009
615,615,1.230000,0,998
616,616,1.232000,0,990
617,617,1.234000,0,995
618,618,1.236000,0,1005
619,619,1.238000,0,1005
620,620,1.240000,0,998
621,621,1.242000,0,995
622,622,1.244000,0,1000
623,623,1.246000,0,1004
624,624,1.248000,0,1000
625,625,1.250000,0,994
626,626,1.252000,0,996
627,627,1.254000,0,1005
628,628,1.256000,0,1007
629,629,1.258000,0,997
630,630,1.260000,0,989
631,631,1.262000,0,995
632,632,1.264000,0,1008
633,633,1.266000,0,1010
634,634,1.268000,0,998
635,635,1.270000,0,989
636,636,1.272000,0,994
637,637,1.274000,0,1004
638,638,1.276000,0,1006
639,639,1.278000,0,1001
640,640,1.280000,0,996
641,641,1.282000,0,998
642,642,1.284000,0,1001
643,643,1.286000,0,999
644,644,1.288000,0,996
645,645,1.290000,0,1000
646,646,1.292000,0,1005
647,647,1.294000,0,1004
648,648,1.296000,0,996
649,649,1.298000,0,993
650,650,1.300000,0,999
651,651,1.302000,0,1005
652,652,1.304000,0,1003
653,653,1.306000,0,997
654,654,1.308000,0,996
655,655,1.310000,0,1002
656,656,1.312000,0,1003
657,657,1.314000,0,998
658,658,1.316000,0,994
659,659,1.318000,0,998
660,660,1.320000,0,1004
661,661,1.322000,0,1005
662,662,1.324000,0,999
663,663,1.326000,0,994
664,664,1.328000,0,996
665,665,1.330000,0,1003
666,666,1.332000,0,1004
667,667,1.334000,0,999
668,668,1.336000,0,994
669,669,1.338000,0,998
670,670,1.340000,0,1005
671,671,1.342000,0,1004
672,672,1.344000,0,997
673,673,1.346000,0,993
674,674,1.348000,0,997
675,675,1.350000,0,1004
676,676,1.352000,0,1005
677,677,1.354000,0,1000
678,678,1.356000,0,996
679,679,1.358000,0,997
680,680,1.360000,0,1000
681,681,1.362000,0,1000
682,682,1.364000,0,1000
683,683,1.366000,0,1000
684,684,1.368000,0,1003
685,685,1.370000,0,1002
686,686,1.372000,0,996
687,687,1.374000,0,992
688,688,1.376000,0,998
689,689,1.378000,0,1008
690,690,1.380000,0,1008
691,691,1.382000,0,998
692,692,1.384000,0,989
693,693,1.386000,0,993
694,694,1.388000,0,1004
695,695,1.390000,0,1008
696,696,1.392000,0,1003
697,697,1.394000,0,996
698,698,1.396000,0,994
699,699,1.398000,0,998
700,700,1.400000,0,1001
701,701,1.402000,0,1001
702,702,1.404000,0,1002
703,703,1.406000,0,1003
704,704,1.408000,0,1000
705,705,1.410000,0,995
706,706,1.412000,0,992
707,707,1.414000,0,999
708,708,1.416000,0,1009
709,709,1.418000,0,1009
710,710,1.420000,0,996
711,711,1.422000,0,987
712,712,1.424000,0,993
713,713,1.426000,0,1008
714,714,1.428000,0,1012
715,715,1.430000,0,1001
716,716,1.432000,0,989
717,717,1.434000,0,992
718,718,1.436000,0,1004
719,719,1.438000,0,1007
720,720,1.440000,0,1000
721,721,1.442000,0,995
722,722,1.444000,0,999
723,723,1.446000,0,1004
724,724,1.448000,0,1000
725,725,1.450000,0,994
726,726,1.452000,0,996
727,727,1.454000,0,1005
728,728,1.456000,0,1009
729,729,1.458000,0,999
730,730,1.460000,0,988
731,731,1.462000,0,991
732,732,1.464000,0,1006
733,733,1.466000,0,1013
734,734,1.468000,0,1003
735,735,1.470000,0,990
736,736,1.472000,0,990
737,737,1.474000,0,1001
738,738,1.476000,0,1008
739,739,1.478000,0,1003
740,740,1.480000,0,996
741,741,1.482000,0,996
742,742,1.484000,0,1000
743,743,1.486000,0,1001
744,744,1.488000,0,998
745,745,1.490000,0,998
746,746,1.492000,0,1001
747,747,1.494000,0,1002
748,748,1.496000,0,1000
749,749,1.498000,0,998
750,750,1.500000,0,998
751,751,1.502000,0,999
752,752,1.504000,0,1000
753,753,1.506000,0,1001
754,754,1.508000,0,1001
755,755,1.510000,0,999
756,756,1.512000,0,998
757,757,1.514000,0,1000
758,758,1.516000,0,1001
759,759,1.518000,0,1000
760,760,1.520000,0,997
761,761,1.522000,0,997
762,762,1.524000,0,1000
763,763,1.526000,0,1004
764,764,1.528000,0,1002
765,765,1.530000,0,997
766,766,1.532000,0,995
767,767,1.534000,0,998
768,768,1.536000,0,1002
769,769,1.538000,0,1002
770,770,1.540000,0,1000
771,771,1.542000,0,999
772,772,1.544000,0,999
773,773,1.546000,0,998
774,774,1.548000,0,997
775,775,1.550000,0,999
776,776,1.552000,0,1002
777,777,1.554000,0,1004
778,778,1.556000,0,1000
779,779,1.558000,0,995
780,780,1.560000,0,995
781,781,1.562000,0,1000
782,782,1.564000,0,1006
783,783,1.566000,0,1004
784,784,1.568000,0,995
785,785,1.570000,0,991
786,786,1.572000,0,998
787,787,1.574000,0,1008
788,788,1.576000,0,1008
789,789,1.578000,0,998
790,790,1.580000,0,990
791,791,1.582000,0,993
792,792,1.584000,0,1002
793,793,1.586000,0,1007
794,794,1.588000,0,1004
795,795,1.590000,0,997
796,796,1.592000,0,996
797,797,1.594000,0,999
798,798,1.596000,0,999
799,799,1.598000,0,997
800,800,1.600000,0,999
801,801,1.602000,0,1005
802,802,1.604000,0,1006
803,803,1.606000,0,997
804,804,1.608000,0,989
805,805,1.610000,0,994
806,806,1.612000,0,1006
807,807,1.614000,0,1010
808,808,1.616000,0,1002
809,809,1.618000,0,991
810,810,1.620000,0,992
811,811,1.622000,0,1001
812,812,1.624000,0,1006
813,813,1.626000,0,1002
814,814,1.628000,0,996
815,815,1.630000,0,996
816,816,1.632000,0,1000
817,817,1.634000,0,1001
818,818,1.636000,0,999
819,819,1.638000,0,999
820,820,1.640000,0,1002
821,821,1.642000,0,1002
822,822,1.644000,0,996
823,823,1.646000,0,992
824,824,1.648000,0,999
825,825,1.650000,0,1009
826,826,1.652000,0,1008
827,827,1.654000,0,995
828,828,1.656000,0,988
829,829,1.658000,0,995
830,830,1.660000,0,1007
831,831,1.662000,0,1008
832,832,1.664000,0,999
833,833,1.666000,0,993
834,834,1.668000,0,996
835,835,1.670000,0,1002
836,836,1.672000,0,1002
837,837,1.674000,0,998
838,838,1.676000,0,998
839,839,1.678000,0,1003
840,840,1.680000,0,1003
841,841,1.682000,0,997
842,842,1.684000,0,993
843,843,1.686000,0,998
844,844,1.688000,0,1006
845,845,1.690000,0,1005
846,846,1.692000,0,996
847,847,1.694000,0,992
848,848,1.696000,0,998
849,849,1.698000,0,1006
850,850,1.700000,0,1005
851,851,1.702000,0,996
852,852,1.704000,0,992
853,853,1.706000,0,998
854,854,1.708000,0,1006
855,855,1.710000,0,1006
856,856,1.712000,0,999
857,857,1.714000,0,993
858,858,1.716000,0,996
859,859,1.718000,0,1001
860,860,1.720000,0,1003
861,861,1.722000,0,1001
862,862,1.724000,0,1000
863,863,1.726000,0,1001
864,864,1.728000,0,999
865,865,1.730000,0,994
866,866,1.732000,0,994
867,867,1.734000,0,1002
868,868,1.736000,0,1009
869,869,1.738000,0,1006
870,870,1.740000,0,995
871,871,1.742000,0,989
872,872,1.744000,0,995
873,873,1.746000,0,1005
874,874,1.748000,0,1008
875,875,1.750000,0,1001
876,876,1.752000,0,995
877,877,1.754000,0,996
878,878,1.756000,0,1000
879,879,1.758000,0,1000
880,880,1.760000,0,997
881,881,1.762000,0,1000
882,882,1.764000,0,1005
883,883,1.766000,0,1004
884,884,1.768000,0,995
885,885,1.770000,0,991
886,886,1.772000,0,997
887,887,1.774000,0,1006
888,888,1.776000,0,1007
889,889,1.778000,0,999
890,890,1.780000,0,994
891,891,1.782000,0,996
892,892,1.784000,0,1001
893,893,1.786000,0,1003
894,894,1.788000,0,999
895,895,1.790000,0,998
896,896,1.792000,0,1001
897,897,1.794000,0,1002
898,898,1.796000,0,999
899,899,1.798000,0,995
900,900,1.800000,0,996
901,901,1.802000,0,1002
902,902,1.804000,0,1006
903,903,1.806000,0,1001
904,904,1.808000,0,995
905,905,1.810000,0,993
906,906,1.812000,0,1000
907,907,1.814000,0,1007
908,908,1.816000,0,1005
909,909,1.818000,0,995
910,910,1.820000,0,990
911,911,1.822000,0,997
912,912,1.824000,0,1008
913,913,1.826000,0,1009
914,914,1.828000,0,997
915,915,1.830000,0,988
916,916,1.832000,0,992
917,917,1.834000,0,1004
918,918,1.836000,0,1010
919,919,1.838000,0,1005
920,920,1.840000,0,995
921,921,1.842000,0,991
922,922,1.844000,0,995
923,923,1.846000,0,1002
924,924,1.848000,0,1004
925,925,1.850000,0,1004
926,926,1.852000,0,1002
927,927,1.854000,0,998
928,928,1.856000,0,993
929,929,1.858000,0,993
930,930,1.860000,0,1001
931,931,1.862000,0,1009
932,932,1.864000,0,1007
933,933,1.866000,0,996
934,934,1.868000,0,989
935,935,1.870000,0,995
936,936,1.872000,0,1005
937,937,1.874000,0,1008
938,938,1.876000,0,1001
939,939,1.878000,0,993
940,940,1.880000,0,994
941,941,1.882000,0,1001
942,942,1.884000,0,1004
943,943,1.886000,0,1000
944,944,1.888000,0,996
945,945,1.890000,0,998
946,946,1.892000,0,1002
947,947,1.894000,0,1002
948,948,1.896000,0,997
949,949,1.898000,0,996
950,950,1.900000,0,1002
951,951,1.902000,0,1005
952,952,1.904000,0,1000
953,953,1.906000,0,993
954,954,1.908000,0,996
955,955,1.910000,0,1005
956,956,1.912000,0,1007
957,957,1.914000,0,999
958,958,1.916000,0,992
959,959,1.918000,0,995
960,960,1.920000,0,1002
961,961,1.922000,0,1005
962,962,1.924000,0,1001
963,963,1.926000,0,997
964,964,1.928000,0,999
965,965,1.930000,0,1001
966,966,1.932000,0,999
967,967,1.934000,0,997
968,968,1.936000,0,999
969,969,1.938000,0,1004
970,970,1.940000,0,1003
971,971,1.942000,0,997
972,972,1.944000,0,995
973,973,1.946000,0,999
974,974,1.948000,0,1003
975,975,1.950000,0,1000
976,976,1.952000,0,997
977,977,1.954000,0,1001
978,978,1.956000,0,1004
979,979,1.958000,0,1000
980,980,1.960000,0,992
981,981,1.962000,0,993
982,982,1.964000,0,1004
983,983,1.966000,0,1010
984,984,1.968000,0,1001
985,985,1.970000,0,991
986,986,1.972000,0,992
987,987,1.974000,0,1003
988,988,1.976000,0,1008
989,989,1.978000,0,1001
990,990,1.980000,0,992
991,991,1.982000,0,995
992,992,1.984000,0,1003
993,993,1.986000,0,1005
994,994,1.988000,0,999
995,995,1.990000,0,995
996,996,1.992000,0,998
997,997,1.994000,0,1003
998,998,1.996000,0,1001
999,999,1.998000,0,995
1000,1000,2.000000,0,997
1001,1001,2.002000,0,1004
1002,1002,2.004000,0,1006
1003,1003,2.006000,0,997
1004,1004,2.008000,0,990
1005,1005,2.010000,0,996
1006,1006,2.012000,0,1007
1007,1007,2.014000,0,1008
1008,1008,2.016000,0,998
1009,1009,2.018000,0,991
1010,1010,2.020000,0,996
1011,1011,2.022000,0,1004
1012,1012,2.024000,0,1005
1013,1013,2.026000,0,998
1014,1014,2.028000,0,995
1015,1015,2.030000,0,1000
1016,1016,2.032000,0,1004
1017,1017,2.034000,0,1000
1018,1018,2.036000,0,994
1019,1019,2.038000,0,996
1020,1020,2.040000,0,1004
1021,1021,2.042000,0,1007
1022,1022,2.044000,0,1000
1023,1023,2.046000,0,992
1024,1024,2.048000,0,993
1025,1025,2.050000,0,1002
1026,1026,2.052000,0,1007
1027,1027,2.054000,0,1003
1028,1028,2.056000,0,996
1029,1029,2.058000,0,994
1030,1030,2.060000,0,997
1031,1031,2.062000,0,1001
1032,1032,2.064000,0,1003
1033,1033,2.066000,0,1002
1034,1034,2.068000,0,999
1035,1035,2.070000,0,997
1036,1036,2.072000,0,997
1037,1037,2.074000,0,999
1038,1038,2.076000,0,1002
1039,1039,2.078000,0,1002
1040,1040,2.080000,0,1000
1041,1041,2.082000,0,998
1042,1042,2.084000,0,997
1043,1043,2.086000,0,999
1044,1044,2.088000,0,1001
1045,1045,2.090000,0,1001
1046,1046,2.092000,0,1000
1047,1047,2.094000,0,1001
1048,1048,2.096000,0,1000
1049,1049,2.098000,0,997
1050,1050,2.100000,0,995
1051,1051,2.102000,0,1000
1052,1052,2.104000,0,1006
1053,1053,2.106000,0,1005
1054,1054,2.108000,0,996
1055,1055,2.110000,0,990
1056,1056,2.112000,0,995
1057,1057,2.114000,0,1005
1058,1058,2.116000,0,1008
1059,1059,2.118000,0,1001
1060,1060,2.120000,0,994
1061,1061,2.122000,0,994
1062,1062,2.124000,0,1000
1063,1063,2.126000,0,1003
1064,1064,2.128000,0,1001
1065,1065,2.130000,0,1000
1066,1066,2.132000,0,1000
1067,1067,2.134000,0,999
1068,1068,2.136000,0,997
1069,1069,2.138000,0,997
1070,1070,2.140000,0,1001
1071,1071,2.142000,0,1005
1072,1072,2.144000,0,1003
1073,1073,2.146000,0,996
1074,1074,2.148000,0,993
1075,1075,2.150000,0,998
1076,1076,2.152000,0,1005
1077,1077,2.154000,0,1004
1078,1078,2.156000,0,999
1079,1079,2.158000,0,995
1080,1080,2.160000,0,997
1081,1081,2.162000,0,999
1082,1082,2.164000,0,1001
1083,1083,2.166000,0,1002
1084,1084,2.168000,0,1002
1085,1085,2.170000,0,999
1086,1086,2.172000,0,995
1087,1087,2.174000,0,995
1088,1088,2.176000,0,1001
1089,1089,2.178000,0,1006
1090,1090,2.180000,0,1004
1091,1091,2.182000,0,996
1092,1092,2.184000,0,993
1093,1093,2.186000,0,998
1094,1094,2.188000,0,1004
1095,1095,2.190000,0,1003
1096,1096,2.192000,0,998
1097,1097,2.194000,0,996
1098,1098,2.196000,0,1001
1099,1099,2.198000,0,1004
1100,1100,2.200000,0,998
1101,1101,2.202000,0,992
1102,1102,2.204000,0,996
1103,1103,2.206000,0,1007
1104,1104,2.208000,0,1008
1105,1105,2.210000,0,998
1106,1106,2.212000,0,990
1107,1107,2.214000,0,995
1108,1108,2.216000,0,1005
1109,1109,2.218000,0,1006
1110,1110,2.220000,0,999
1111,1111,2.222000,0,995
1112,1112,2.224000,0,998
1113,1113,2.226000,0,1002
1114,1114,2.228000,0,1000
1115,1115,2.230000,0,996
1116,1116,2.232000,0,998
1117,1117,2.234000,0,1003
1118,1118,2.236000,0,1004
1119,1119,2.238000,0,997
1120,1120,2.240000,0,993
1121,1121,2.242000,0,998
1122,1122,2.244000,0,1006
1123,1123,2.246000,0,1006
1124,1124,2.248000,0,997
1125,1125,2.250000,0,990
1126,1126,2.252000,0,996
1127,1127,2.254000,0,1006
1128,1128,2.256000,0,1008
1129,1129,2.258000,0,999
1130,1130,2.260000,0,992
1131,1131,2.262000,0,995
1132,1132,2.264000,0,1002
1133,1133,2.266000,0,1005
1134,1134,2.268000,0,1001
1135,1135,2.270000,0,997
1136,1136,2.272000,0,997
1137,1137,2.274000,0,1000
1138,1138,2.276000,0,1000
1139,1139,2.278000,0,998
1140,1140,2.280000,0,999
1141,1141,2.282000,0,1002
1142,1142,2.284000,0,1002
1143,1143,2.286000,0,998
1144,1144,2.288000,0,995
1145,1145,2.290000,0,998
1146,1146,2.292000,0,1003
1147,1147,2.294000,0,1003
1148,1148,2.296000,0,999
1149,1149,2.298000,0,996
1150,1150,2.300000,0,998
1151,1151,2.302000,0,1000
1152,1152,2.304000,0,1000
1153,1153,2.306000,0,1000
1154,1154,2.308000,0,1000
1155,1155,2.310000,0,1000
1156,1156,2.312000,0,999
1157,1157,2.314000,0,998
1158,1158,2.316000,0,999
1159,1159,2.318000,0,1000
1160,1160,2.320000,0,1001
1161,1161,2.322000,0,999
1162,1162,2.324000,0,999
1163,1163,2.326000,0,1000
1164,1164,2.328000,0,1000
1165,1165,2.330000,0,999
1166,1166,2.332000,0,997
1167,1167,2.334000,0,1000
1168,1168,2.336000,0,1004
1169,1169,2.338000,0,1003
1170,1170,2.340000,0,996
1171,1171,2.342000,0,992
1172,1172,2.344000,0,997
1173,1173,2.346000,0,1006
1174,1174,2.348000,0,1007
1175,1175,2.350000,0,999
1176,1176,2.352000,0,992
1177,1177,2.354000,0,994
1178,1178,2.356000,0,1002
1179,1179,2.358000,0,1005
1180,1180,2.360000,0,1001
1181,1181,2.362000,0,997
1182,1182,2.364000,0,998
1183,1183,2.366000,0,1001
1184,1184,2.368000,0,1001
1185,1185,2.370000,0,998
1186,1186,2.372000,0,997
1187,1187,2.374000,0,1000
1188,1188,2.376000,0,1004
1189,1189,2.378000,0,1002
1190,1190,2.380000,0,996
1191,1191,2.382000,0,995
1192,1192,2.384000,0,1000
1193,1193,2.386000,0,1004
1194,1194,2.388000,0,1001
1195,1195,2.390000,0,997
1196,1196,2.392000,0,997
1197,1197,2.394000,0,1001
1198,1198,2.396000,0,1003
1199,1199,2.398000,0,999
1200,1200,2.400000,0,995
1201,1201,2.402000,0,998
1202,1202,2.404000,0,1003
1203,1203,2.406000,0,1005
1204,1204,2.408000,0,1000
1205,1205,2.410000,0,994
1206,1206,2.412000,0,994
1207,1207,2.414000,0,1002
1208,1208,2.416000,0,1007
1209,1209,2.418000,0,1003
1210,1210,2.420000,0,995
1211,1211,2.422000,0,993
1212,1212,2.424000,0,999
1213,1213,2.426000,0,1005
1214,1214,2.428000,0,1003
1215,1215,2.430000,0,998
1216,1216,2.432000,0,996
1217,1217,2.434000,0,999
1218,1218,2.436000,0,1002
1219,1219,2.438000,0,1000
1220,1220,2.440000,0,997
1221,1221,2.442000,0,998
1222,1222,2.444000,0,1002
1223,1223,2.446000,0,1003
1224,1224,2.448000,0,999
1225,1225,2.450000,0,995
1226,1226,2.452000,0,997
1227,1227,2.454000,0,1002
1228,1228,2.456000,0,1002
1229,1229,2.458000,0,1000
1230,1230,2.460000,0,1000
1231,1231,2.462000,0,1000
1232,1232,2.464000,0,999
1233,1233,2.466000,0,996
1234,1234,2.468000,0,997
1235,1235,2.470000,0,1003
1236,1236,2.472000,0,1006
1237,1237,2.474000,0,1002
1238,1238,2.476000,0,994
1239,1239,2.478000,0,993
1240,1240,2.480000,0,999
1241,1241,2.482000,0,1006
1242,1242,2.484000,0,1004
1243,1243,2.486000,0,997
1244,1244,2.488000,0,994
1245,1245,2.490000,0,999
1246,1246,2.492000,0,1004
1247,1247,2.494000,0,1002
1248,1248,2.496000,0,997
1249,1249,2.498000,0,996
1250,1250,2.500000,0,1000
1251,1251,2.502000,0,1002
1252,1252,2.504000,0,999
1253,1253,2.506000,0,997
1254,1254,2.508000,0,1001
1255,1255,2.510000,0,1004
1256,1256,2.512000,0,1000
1257,1257,2.514000,0,993
1258,1258,2.516000,0,994
1259,1259,2.518000,0,1002
1260,1260,2.520000,0,1009
1261,1261,2.522000,0,1004
1262,1262,2.524000,0,993
1263,1263,2.526000,0,990
1264,1264,2.528000,0,999
1265,1265,2.530000,0,1007
1266,1266,2.532000,0,1005
1267,1267,2.534000,0,998
1268,1268,2.536000,0,995
1269,1269,2.538000,0,999
1270,1270,2.540000,0,1001
1271,1271,2.542000,0,999
1272,1272,2.544000,0,998
1273,1273,2.546000,0,1000
1274,1274,2.548000,0,1002
1275,1275,2.550000,0,1000
1276,1276,2.552000,0,997
1277,1277,2.554000,0,997
1278,1278,2.556000,0,1000
1279,1279,2.558000,0,1003
1280,1280,2.560000,0,1001
1281,1281,2.562000,0,996
1282,1282,2.564000,0,996
1283,1283,2.566000,0,1001
1284,1284,2.568000,0,1004
1285,1285,2.570000,0,1000
1286,1286,2.572000,0,996
1287,1287,2.574000,0,996
1288,1288,2.576000,0,1002
1289,1289,2.578000,0,1004
1290,1290,2.580000,0,1000
1291,1291,2.582000,0,995
1292,1292,2.584000,0,996
1293,1293,2.586000,0,1001
1294,1294,2.588000,0,1004
1295,1295,2.590000,0,1001
1296,1296,2.592000,0,995
1297,1297,2.594000,0,995
1298,1298,2.596000,0,1002
1299,1299,2.598000,0,1005
1300,1300,2.600000,0,1000
1301,1301,2.602000,0,994
1302,1302,2.604000,0,995
1303,1303,2.606000,0,1003
1304,1304,2.608000,0,1007
1305,1305,2.610000,0,1000
1306,1306,2.612000,0,992
1307,1307,2.614000,0,994
1308,1308,2.616000,0,1003
1309,1309,2.618000,0,1007
1310,1310,2.620000,0,1002
1311,1311,2.622000,0,993
1312,1312,2.624000,0,994
1313,1313,2.626000,0,1001
1314,1314,2.628000,0,1005
1315,1315,2.630000,0,1002
1316,1316,2.632000,0,997
1317,1317,2.634000,0,997
1318,1318,2.636000,0,999
1319,1319,2.638000,0,1000
1320,1320,2.640000,0,1000
1321,1321,2.642000,0,1001
1322,1322,2.644000,0,1001
1323,1323,2.646000,0,1000
1324,1324,2.648000,0,997
1325,1325,2.650000,0,996
1326,1326,2.652000,0,999
1327,1327,2.654000,0,1003
1328,1328,2.656000,0,1004
1329,1329,2.658000,0,1000
1330,1330,2.660000,0,994
1331,1331,2.662000,0,994
1332,1332,2.664000,0,1000
1333,1333,2.666000,0,1006
1334,1334,2.668000,0,1005
1335,1335,2.670000,0,997
1336,1336,2.672000,0,993
1337,1337,2.674000,0,996
1338,1338,2.676000,0,1002
1339,1339,2.678000,0,1004
1340,1340,2.680000,0,1001
1341,1341,2.682000,0,997
1342,1342,2.684000,0,997
1343,1343,2.686000,0,999
1344,1344,2.688000,0,1000
1345,1345,2.690000,0,1000
1346,1346,2.692000,0,1000
1347,1347,2.694000,0,1001
1348,1348,2.696000,0,1000
1349,1349,2.698000,0,997
1350,1350,2.700000,0,997
1351,1351,2.702000,0,1000
1352,1352,2.704000,0,1004
1353,1353,2.706000,0,1001
1354,1354,2.708000,0,997
1355,1355,2.710000,0,996
1356,1356,2.712000,0,1000
1357,1357,2.714000,0,1002
1358,1358,2.716000,0,1001
1359,1359,2.718000,0,998
1360,1360,2.720000,0,998
1361,1361,2.722000,0,1001
1362,1362,2.724000,0,1001
1363,1363,2.726000,0,998
1364,1364,2.728000,0,996
1365,1365,2.730000,0,999
1366,1366,2.732000,0,1005
1367,1367,2.734000,0,1004
1368,1368,2.736000,0,996
1369,1369,2.738000,0,991
1370,1370,2.740000,0,997
1371,1371,2.742000,0,1008
1372,1372,2.744000,0,1009
1373,1373,2.746000,0,997
1374,1374,2.748000,0,988
1375,1375,2.750000,0,993
1376,1376,2.752000,0,1006
1377,1377,2.754000,0,1009
1378,1378,2.756000,0,1001
1379,1379,2.758000,0,992
1380,1380,2.760000,0,994
1381,1381,2.762000,0,1002
1382,1382,2.764000,0,1004
1383,1383,2.766000,0,1000
1384,1384,2.768000,0,997
1385,1385,2.770000,0,1000
1386,1386,2.772000,0,1003
1387,1387,2.774000,0,999
1388,1388,2.776000,0,994
1389,1389,2.778000,0,997
1390,1390,2.780000,0,1005
1391,1391,2.782000,0,1007
1392,1392,2.784000,0,998
1393,1393,2.786000,0,990
1394,1394,2.788000,0,994
1395,1395,2.790000,0,1005
1396,1396,2.792000,0,1009
1397,1397,2.794000,0,1000
1398,1398,2.796000,0,991
1399,1399,2.798000,0,994
1400,1400,2.800000,0,1002
1401,1401,2.802000,0,1006
1402,1402,2.804000,0,1002
1403,1403,2.806000,0,997
1404,1404,2.808000,0,997
1405,1405,2.810000,0,999
1406,1406,2.812000,0,999
1407,1407,2.814000,0,998
1408,1408,2.816000,0,1001
1409,1409,2.818000,0,1004
1410,1410,2.820000,0,1002
1411,1411,2.822000,0,994
1412,1412,2.824000,0,991
1413,1413,2.826000,0,998
1414,1414,2.828000,0,1009
1415,1415,2.830000,0,1008
1416,1416,2.832000,0,997
1417,1417,2.834000,0,990
1418,1418,2.836000,0,995
1419,1419,2.838000,0,1005
1420,1420,2.840000,0,1005
1421,1421,2.842000,0,999
1422,1422,2.844000,0,996
1423,1423,2.846000,0,1000
1424,1424,2.848000,0,1002
1425,1425,2.850000,0,999
1426,1426,2.852000,0,994
1427,1427,2.854000,0,998
1428,1428,2.856000,0,1005
1429,1429,2.858000,0,1006
1430,1430,2.860000,0,998
1431,1431,2.862000,0,991
1432,1432,2.864000,0,994
1433,1433,2.866000,0,1004
1434,1434,2.868000,0,1008
1435,1435,2.870000,0,1002
1436,1436,2.872000,0,994
1437,1437,2.874000,0,994
1438,1438,2.876000,0,1000
1439,1439,2.878000,0,1004
1440,1440,2.880000,0,1002
1441,1441,2.882000,0,998
1442,1442,2.884000,0,997
1443,1443,2.886000,0,999
1444,1444,2.888000,0,1000
1445,1445,2.890000,0,1001
1446,1446,2.892000,0,1000
1447,1447,2.894000,0,1000
1448,1448,2.896000,0,998
1449,1449,2.898000,0,997
1450,1450,2.900000,0,998
1451,1451,2.902000,0,1002
1452,1452,2.904000,0,1003
1453,1453,2.906000,0,1000
1454,1454,2.908000,0,996
1455,1455,2.910000,0,997
1456,1456,2.912000,0,1000
1457,1457,2.914000,0,1001
1458,1458,2.916000,0,999
1459,1459,2.918000,0,999
1460,1460,2.920000,0,1002
1461,1461,2.922000,0,1002
1462,1462,2.924000,0,997
1463,1463,2.926000,0,994
1464,1464,2.928000,0,997
1465,1465,2.930000,0,1004
1466,1466,2.932000,0,1005
1467,1467,2.934000,0,1000
1468,1468,2.936000,0,996
1469,1469,2.938000,0,997
1470,1470,2.940000,0,1000
1471,1471,2.942000,0,1001
1472,1472,2.944000,0,998
1473,1473,2.946000,0,999
1474,1474,2.948000,0,1003
1475,1475,2.950000,0,1004
1476,1476,2.952000,0,998
1477,1477,2.954000,0,990
1478,1478,2.956000,0,994
1479,1479,2.958000,0,1007
1480,1480,2.960000,0,1011
1481,1481,2.962000,0,1000
1482,1482,2.964000,0,989
1483,1483,2.966000,0,992
1484,1484,2.968000,0,1004
1485,1485,2.970000,0,1009
1486,1486,2.972000,0,1002
1487,1487,2.974000,0,994
1488,1488,2.976000,0,995
1489,1489,2.978000,0,1001
1490,1490,2.980000,0,1003
1491,1491,2.982000,0,999
1492,1492,2.984000,0,997
1493,1493,2.986000,0,1000
1494,1494,2.988000,0,1003
1495,1495,2.990000,0,999
1496,1496,2.992000,0,994
1497,1497,2.994000,0,997
1498,1498,2.996000,0,1005
1499,1499,2.998000,0,1006
1500,1500,3.000000,0,997
1501,1501,3.002000,0,992
1502,1502,3.004000,0,998
1503,1503,3.006000,0,1006
1504,1504,3.008000,0,1004
1505,1505,3.010000,0,995
1506,1506,3.012000,0,993
1507,1507,3.014000,0,1001
1508,1508,3.016000,0,1006
1509,1509,3.018000,0,1002
1510,1510,3.020000,0,994
1511,1511,3.022000,0,993
1512,1512,3.024000,0,1000
1513,1513,3.026000,0,1006
1514,1514,3.028000,0,1004
1515,1515,3.030000,0,997
1516,1516,3.032000,0,994
1517,1517,3.034000,0,998
1518,1518,3.036000,0,1002
1519,1519,3.038000,0,1002
1520,1520,3.040000,0,1000
1521,1521,3.042000,0,998
1522,1522,3.044000,0,998
1523,1523,3.046000,0,999
1524,1524,3.048000,0,1000
1525,1525,3.050000,0,1002
1526,1526,3.052000,0,1002
1527,1527,3.054000,0,997
1528,1528,3.056000,0,993
1529,1529,3.058000,0,997
1530,1530,3.060000,0,1007
1531,1531,3.062000,0,1009
1532,1532,3.064000,0,997
1533,1533,3.066000,0,986
1534,1534,3.068000,0,992
1535,1535,3.070000,0,1008
1536,1536,3.072000,0,1014
1537,1537,3.074000,0,1002
1538,1538,3.076000,0,988
1539,1539,3.078000,0,989
1540,1540,3.080000,0,1002
1541,1541,3.082000,0,1009
1542,1542,3.084000,0,1004
1543,1543,3.086000,0,996
1544,1544,3.088000,0,995
1545,1545,3.090000,0,1000
1546,1546,3.092000,0,1001
1547,1547,3.094000,0,998
1548,1548,3.096000,0,998
1549,1549,3.098000,0,1002
1550,1550,3.100000,0,1004
1551,1551,3.102000,0,998
1552,1552,3.104000,0,994
1553,1553,3.106000,0,997
1554,1554,3.108000,0,1003
1555,1555,3.110000,0,1004
1556,1556,3.112000,0,999
1557,1557,3.114000,0,996
1558,1558,3.116000,0,999
1559,1559,3.118000,0,1000
1560,1560,3.120000,0,999
1561,1561,3.122000,0,998
1562,1562,3.124000,0,1001
1563,1563,3.126000,0,1004
1564,1564,3.128000,0,1001
1565,1565,3.130000,0,995
1566,1566,3.132000,0,994
1567,1567,3.134000,0,1000
1568,1568,3.136000,0,1005
1569,1569,3.138000,0,1004
1570,1570,3.140000,0,999
1571,1571,3.142000,0,995
1572,1572,3.144000,0,996
1573,1573,3.146000,0,999
1574,1574,3.148000,0,1001
1575,1575,3.150000,0,1002
1576,1576,3.152000,0,1003
1577,1577,3.154000,0,1001
1578,1578,3.156000,0,996
1579,1579,3.158000,0,992
1580,1580,3.160000,0,997
1581,1581,3.162000,0,1007
1582,1582,3.164000,0,1008
1583,1583,3.166000,0,999
1584,1584,3.168000,0,990
1585,1585,3.170000,0,992
1586,1586,3.172000,0,1003
1587,1587,3.174000,0,1009
1588,1588,3.176000,0,1003
1589,1589,3.178000,0,995
1590,1590,3.180000,0,994
1591,1591,3.182000,0,999
1592,1592,3.184000,0,1003
1593,1593,3.186000,0,1000
1594,1594,3.188000,0,997
1595,1595,3.190000,0,1000
1596,1596,3.192000,0,1003
1597,1597,3.194000,0,1001
1598,1598,3.196000,0,996
1599,1599,3.198000,0,994
1600,1600,3.200000,0,1000
1601,1601,3.202000,0,1005
1602,1602,3.204000,0,1004
1603,1603,3.206000,0,997
1604,1604,3.208000,0,994
1605,1605,3.210000,0,998
1606,1606,3.212000,0,1003
1607,1607,3.214000,0,1003
1608,1608,3.216000,0,998
1609,1609,3.218000,0,996
1610,1610,3.220000,0,999
1611,1611,3.222000,0,1004
1612,1612,3.224000,0,1003
1613,1613,3.226000,0,995
1614,1614,3.228000,0,993
1615,1615,3.230000,0,999
1616,1616,3.232000,0,1008
1617,1617,3.234000,0,1006
1618,1618,3.236000,0,996
1619,1619,3.238000,0,990
1620,1620,3.240000,0,996
1621,1621,3.242000,0,1005
1622,1622,3.244000,0,1006
1623,1623,3.246000,0,999
1624,1624,3.248000,0,995
1625,1625,3.250000,0,998
1626,1626,3.252000,0,1002
1627,1627,3.254000,0,1000
1628,1628,3.256000,0,996
1629,1629,3.258000,0,998
1630,1630,3.260000,0,1004
1631,1631,3.262000,0,1004
1632,1632,3.264000,0,998
1633,1633,3.266000,0,993
1634,1634,3.268000,0,997
1635,1635,3.270000,0,1003
1636,1636,3.272000,0,1004
1637,1637,3.274000,0,1000
1638,1638,3.276000,0,996
1639,1639,3.278000,0,998
1640,1640,3.280000,0,1002
1641,1641,3.282000,0,1001
1642,1642,3.284000,0,997
1643,1643,3.286000,0,997
1644,1644,3.288000,0,1002
1645,1645,3.290000,0,1005
1646,1646,3.292000,0,1000
1647,1647,3.294000,0,994
1648,1648,3.296000,0,995
1649,1649,3.298000,0,1001
1650,1650,3.300000,0,1005
1651,1651,3.302000,0,1003
1652,1652,3.304000,0,997
1653,1653,3.306000,0,994
1654,1654,3.308000,0,997
1655,1655,3.310000,0,1004
1656,1656,3.312000,0,1006
1657,1657,3.314000,0,999
1658,1658,3.316000,0,991
1659,1659,3.318000,0,995
1660,1660,3.320000,0,1007
1661,1661,3.322000,0,1011
1662,1662,3.324000,0,1000
1663,1663,3.326000,0,987
1664,1664,3.328000,1,990
1665,1665,3.330000,1,1005
1666,1666,3.332000,1,1013
1667,1667,3.334000,1,1003
1668,1668,3.336000,1,991
1669,1669,3.338000,1,991
1670,1670,3.340000,1,1001
1671,1671,3.342000,1,1005
1672,1672,3.344000,1,1000
1673,1673,3.346000,1,997
1674,1674,3.348000,1,1001
1675,1675,3.350000,1,1004
1676,1676,3.352000,1,998
1677,1677,3.354000,1,990
1678,1678,3.356000,1,995
1679,1679,3.358000,1,1007
1680,1680,3.360000,1,1011
1681,1681,3.362000,1,1000
1682,1682,3.364000,1,988
1683,1683,3.366000,1,991
1684,1684,3.368000,1,1003
1685,1685,3.370000,1,1010
1686,1686,3.372000,1,1004
1687,1687,3.374000,1,994
1688,1688,3.376000,1,993
1689,1689,3.378000,1,1000
1690,1690,3.380000,1,1003
1691,1691,3.382000,1,1001
1692,1692,3.384000,1,998
1693,1693,3.386000,1,999
1694,1694,3.388000,1,1002
1695,1695,3.390000,1,1001
1696,1696,3.392000,1,997
1697,1697,3.394000,1,996
1698,1698,3.396000,1,999
1699,1699,3.398000,1,1002
1700,1700,3.400000,1,1003
1701,1701,3.402000,1,1000
1702,1702,3.404000,1,998
1703,1703,3.406000,1,998
1704,1704,3.408000,1,999
1705,1705,3.410000,1,1000
1706,1706,3.412000,1,999
1707,1707,3.414000,1,998
1708,1708,3.416000,1,1001
1709,1709,3.418000,1,1004
1710,1710,3.420000,1,1002
1711,1711,3.422000,1,995
1712,1712,3.424000,1,992
1713,1713,3.426000,1,998
1714,1714,3.428000,1,1005
1715,1715,3.430000,1,1006
1716,1716,3.432000,1,1002
1717,1717,3.434000,1,996
1718,1718,3.436000,1,995
1719,1719,3.438000,1,996
1720,1720,3.440000,1,998
1721,1721,3.442000,1,1002
1722,1722,3.444000,1,1006
1723,1723,3.446000,1,1006
1724,1724,3.448000,1,998
1725,1725,3.450000,1,989
1726,1726,3.452000,1,990
1727,1727,3.454000,1,1003
1728,1728,3.456000,1,1013
1729,1729,3.458000,1,1007
1730,1730,3.460000,1,992
1731,1731,3.462000,1,989
1732,1732,3.464000,1,1001
1733,1733,3.466000,1,1008
1734,1734,3.468000,1,999
1735,1735,3.470000,1,988
1736,1736,3.472000,1,995
1737,1737,3.474000,1,1014
1738,1738,3.476000,1,1018
1739,1739,3.478000,1,996
1740,1740,3.480000,1,974
1741,1741,3.482000,1,979
1742,1742,3.484000,1,1010
1743,1743,3.486000,1,1031
1744,1744,3.488000,1,1020
1745,1745,3.490000,1,988
1746,1746,3.492000,1,967
1747,1747,3.494000,1,978
1748,1748,3.496000,1,1012
1749,1749,3.498000,1,1031
1750,1750,3.500000,1,1016
1751,1751,3.502000,1,984
1752,1752,3.504000,1,972
1753,1753,3.506000,1,994
1754,1754,3.508000,1,1020
1755,1755,3.510000,1,1017
1756,1756,3.512000,1,991
1757,1757,3.514000,1,977
1758,1758,3.516000,1,992
1759,1759,3.518000,1,1018
1760,1760,3.520000,1,1022
1761,1761,3.522000,1,999
1762,1762,3.524000,1,976
1763,1763,3.526000,1,979
1764,1764,3.528000,1,1005
1765,1765,3.530000,1,1025
1766,1766,3.532000,1,1019
1767,1767,3.534000,1,990
1768,1768,3.536000,1,969
1769,1769,3.538000,1,981
1770,1770,3.540000,1,1017
1771,1771,3.542000,1,1039
1772,1772,3.544000,1,1017
1773,1773,3.546000,1,972
1774,1774,3.548000,1,951
1775,1775,3.550000,1,981
1776,1776,3.552000,1,1034
1777,1777,3.554000,1,1053
1778,1778,3.556000,1,1017
1779,1779,3.558000,1,965
1780,1780,3.560000,1,953
1781,1781,3.562000,1,985
1782,1782,3.564000,1,1023
1783,1783,3.566000,1,1030
1784,1784,3.568000,1,1013
1785,1785,3.570000,1,996
1786,1786,3.572000,1,988
1787,1787,3.574000,1,979
1788,1788,3.576000,1,979
1789,1789,3.578000,1,1003
1790,1790,3.580000,1,1037
1791,1791,3.582000,1,1038
1792,1792,3.584000,1,989
1793,1793,3.586000,1,944
1794,1794,3.588000,1,961
1795,1795,3.590000,1,1025
1796,1796,3.592000,1,1059
1797,1797,3.594000,1,1021
1798,1798,3.596000,1,960
1799,1799,3.598000,1,953
1800,1800,3.600000,1,1007
1801,1801,3.602000,1,1048
1802,1802,3.604000,1,1017
1803,1803,3.606000,1,956
1804,1804,3.608000,1,952
1805,1805,3.610000,1,1018
1806,1806,3.612000,1,1069
1807,1807,3.614000,1,1036
1808,1808,3.616000,1,956
1809,1809,3.618000,1,925
1810,1810,3.620000,1,976
1811,1811,3.622000,1,1046
1812,1812,3.624000,1,1059
1813,1813,3.626000,1,1011
1814,1814,3.628000,1,968
1815,1815,3.630000,1,974
1816,1816,3.632000,1,999
1817,1817,3.634000,1,997
1818,1818,3.636000,1,982
1819,1819,3.638000,1,1001
1820,1820,3.640000,1,1047
1821,1821,3.642000,1,1050
1822,1822,3.644000,1,980
1823,1823,3.646000,1,913
1824,1824,3.648000,1,944
1825,1825,3.650000,1,1049
1826,1826,3.652000,1,1101
1827,1827,3.654000,1,1035
1828,1828,3.656000,1,929
1829,1829,3.658000,1,908
1830,1830,3.660000,1,989
1831,1831,3.662000,1,1072
1832,1832,3.664000,1,1070
1833,1833,3.666000,1,997
1834,1834,3.668000,1,936
1835,1835,3.670000,1,944
1836,1836,3.672000,1,1010
1837,1837,3.674000,1,1062
1838,1838,3.676000,1,1043
1839,1839,3.678000,1,970
1840,1840,3.680000,1,932
1841,1841,3.682000,1,978
1842,1842,3.684000,1,1052
1843,1843,3.686000,1,1059
1844,1844,3.688000,1,994
1845,1845,3.690000,1,945
1846,1846,3.692000,1,965
1847,1847,3.694000,1,1013
1848,1848,3.696000,1,1026
1849,1849,3.698000,1,1007
1850,1850,3.700000,1,1001
1851,1851,3.702000,1,1017
1852,1852,3.704000,1,1011
1853,1853,3.706000,1,967
1854,1854,3.708000,1,940
1855,1855,3.710000,1,985
1856,1856,3.712000,1,1063
1857,1857,3.714000,1,1075
1858,1858,3.716000,1,1001
1859,1859,3.718000,1,929
1860,1860,3.720000,1,943
1861,1861,3.722000,1,1010
1862,1862,3.724000,1,1042
1863,1863,3.726000,1,1019
1864,1864,3.728000,1,992
1865,1865,3.730000,1,995
1866,1866,3.732000,1,1007
1867,1867,3.734000,1,1003
1868,1868,3.736000,1,986
1869,1869,3.738000,1,976
1870,1870,3.740000,1,981
1871,1871,3.742000,1,1005
1872,1872,3.744000,1,1041
1873,1873,3.746000,1,1052
1874,1874,3.748000,1,1007
1875,1875,3.750000,1,937
1876,1876,3.752000,1,919
1877,1877,3.754000,1,987
1878,1878,3.756000,1,1075
1879,1879,3.758000,1,1087
1880,1880,3.760000,1,1012
1881,1881,3.762000,1,930
1882,1882,3.764000,1,919
1883,1883,3.766000,1,984
1884,1884,3.768000,1,1058
1885,1885,3.770000,1,1071
1886,1886,3.772000,1,1013
1887,1887,3.774000,1,948
1888,1888,3.776000,1,944
1889,1889,3.778000,1,995
1890,1890,3.780000,1,1038
1891,1891,3.782000,1,1034
1892,1892,3.784000,1,1005
1893,1893,3.786000,1,984
1894,1894,3.788000,1,975
1895,1895,3.790000,1,974
1896,1896,3.792000,1,1000
1897,1897,3.794000,1,1041
1898,1898,3.796000,1,1045
1899,1899,3.798000,1,987
1900,1900,3.800000,1,931
1901,1901,3.802000,1,955
1902,1902,3.804000,1,1040
1903,1903,3.806000,1,1080
1904,1904,3.808000,1,1025
1905,1905,3.810000,1,941
1906,1906,3.812000,1,927
1907,1907,3.814000,1,992
1908,1908,3.816000,1,1060
1909,1909,3.818000,1,1057
1910,1910,3.820000,1,992
1911,1911,3.822000,1,940
1912,1912,3.824000,1,961
1913,1913,3.826000,1,1031
1914,1914,3.828000,1,1063
1915,1915,3.830000,1,1008
1916,1916,3.832000,1,933
1917,1917,3.834000,1,942
1918,1918,3.836000,1,1035
1919,1919,3.838000,1,1094
1920,1920,3.840000,1,1037
1921,1921,3.842000,1,929
1922,1922,3.844000,1,900
1923,1923,3.846000,1,981
1924,1924,3.848000,1,1077
1925,1925,3.850000,1,1086
1926,1926,3.852000,1,1011
1927,1927,3.854000,1,939
1928,1928,3.856000,1,936
1929,1929,3.858000,1,989
1930,1930,3.860000,1,1035
1931,1931,3.862000,1,1032
1932,1932,3.864000,1,1001
1933,1933,3.866000,1,990
1934,1934,3.868000,1,1008
1935,1935,3.870000,1,1013
1936,1936,3.872000,1,982
1937,1937,3.874000,1,954
1938,1938,3.876000,1,979
1939,1939,3.878000,1,1036
1940,1940,3.880000,1,1058
1941,1941,3.882000,1,1022
1942,1942,3.884000,1,970
1943,1943,3.886000,1,952
1944,1944,3.888000,1,969
1945,1945,3.890000,1,1000
1946,1946,3.892000,1,1031
1947,1947,3.894000,1,1047
1948,1948,3.896000,1,1030
1949,1949,3.898000,1,982
1950,1950,3.900000,1,941
1951,1951,3.902000,1,948
1952,1952,3.904000,1,1002
1953,1953,3.906000,1,1057
1954,1954,3.908000,1,1063
1955,1955,3.910000,1,1013
1956,1956,3.912000,1,954
1957,1957,3.914000,1,936
1958,1958,3.916000,1,969
1959,1959,3.918000,1,1020
1960,1960,3.920000,1,1052
1961,1961,3.922000,1,1051
1962,1962,3.924000,1,1017
1963,1963,3.926000,1,963
1964,1964,3.928000,1,925
1965,1965,3.930000,1,946
1966,1966,3.932000,1,1027
1967,1967,3.934000,1,1091
1968,1968,3.936000,1,1065
1969,1969,3.938000,1,973
1970,1970,3.940000,1,917
1971,1971,3.942000,1,948
1972,1972,3.944000,1,1016
1973,1973,3.946000,1,1047
1974,1974,3.948000,1,1031
1975,1975,3.950000,1,1003
1976,1976,3.952000,1,985
1977,1977,3.954000,1,980
1978,1978,3.956000,1,987
1979,1979,3.958000,1,997
1980,1980,3.960000,1,1001
1981,1981,3.962000,1,1003
1982,1982,3.964000,1,1015
1983,1983,3.966000,1,1025
1984,1984,3.968000,1,1006
1985,1985,3.970000,1,966
1986,1986,3.972000,1,954
1987,1987,3.974000,1,997
1988,1988,3.976000,1,1048
1989,1989,3.978000,1,1042
1990,1990,3.980000,1,986
1991,1991,3.982000,1,954
1992,1992,3.984000,1,984
1993,1993,3.986000,1,1030
1994,1994,3.988000,1,1024
1995,1995,3.990000,1,977
1996,1996,3.992000,1,960
1997,1997,3.994000,1,1004
1998,1998,3.996000,1,1051
1999,1999,3.998000,1,1038
2000,2000,4.000000,1,979
2001,2001,4.002000,1,939
2002,2002,4.004000,1,959
2003,2003,4.006000,1,1014
2004,2004,4.008000,1,1052
2005,2005,4.010000,1,1049
2006,2006,4.012000,1,1011
2007,2007,4.014000,1,963
2008,2008,4.016000,1,933
2009,2009,4.018000,1,953
2010,2010,4.020000,1,1024
2011,2011,4.022000,1,1087
2012,2012,4.024000,1,1065
2013,2013,4.026000,1,972
2014,2014,4.028000,1,910
2015,2015,4.030000,1,947
2016,2016,4.032000,1,1029
2017,2017,4.034000,1,1060
2018,2018,4.036000,1,1024
2019,2019,4.038000,1,987
2020,2020,4.040000,1,984
2021,2021,4.042000,1,989
2022,2022,4.044000,1,984
2023,2023,4.046000,1,990
2024,2024,4.048000,1,1016
2025,2025,4.050000,1,1026
2026,2026,4.052000,1,999
2027,2027,4.054000,1,975
2028,2028,4.056000,1,993
2029,2029,4.058000,1,1024
2030,2030,4.060000,1,1013
2031,2031,4.062000,1,972
2032,2032,4.064000,1,967
2033,2033,4.066000,1,1013
2034,2034,4.068000,1,1045
2035,2035,4.070000,1,1015
2036,2036,4.072000,1,964
2037,2037,4.074000,1,962
2038,2038,4.076000,1,1008
2039,2039,4.078000,1,1039
2040,2040,4.080000,1,1021
2041,2041,4.082000,1,983
2042,2042,4.084000,1,968
2043,2043,4.086000,1,983
2044,2044,4.088000,1,1008
2045,2045,4.090000,1,1025
2046,2046,4.092000,1,1024
2047,2047,4.094000,1,1006
2048,2048,4.096000,1,977
2049,2049,4.098000,1,962
2050,2050,4.100000,1,981
2051,2051,4.102000,1,1021
2052,2052,4.104000,1,1040
2053,2053,4.106000,1,1016
2054,2054,4.108000,1,981
2055,2055,4.110000,1,980
2056,2056,4.112000,1,1002
2057,2057,4.114000,1,1001
2058,2058,4.116000,1,975
2059,2059,4.118000,1,978
2060,2060,4.120000,1,1029
2061,2061,4.122000,1,1065
2062,2062,4.124000,1,1026
2063,2063,4.126000,1,945
2064,2064,4.128000,1,917
2065,2065,4.130000,1,975
2066,2066,4.132000,1,1057
2067,2067,4.134000,1,1081
2068,2068,4.136000,1,1026
2069,2069,4.138000,1,947
2070,2070,4.140000,1,919
2071,2071,4.142000,1,973
2072,2072,4.144000,1,1057
2073,2073,4.146000,1,1080
2074,2074,4.148000,1,1014
2075,2075,4.150000,1,930
2076,2076,4.152000,1,924
2077,2077,4.154000,1,1003
2078,2078,4.156000,1,1077
2079,2079,4.158000,1,1062
2080,2080,4.160000,1,981
2081,2081,4.162000,1,931
2082,2082,4.164000,1,960
2083,2083,4.166000,1,1019
2084,2084,4.168000,1,1039
2085,2085,4.170000,1,1017
2086,2086,4.172000,1,995
2087,2087,4.174000,1,991
2088,2088,4.176000,1,991
2089,2089,4.178000,1,987
2090,2090,4.180000,1,990
2091,2091,4.182000,1,1007
2092,2092,4.184000,1,1023
2093,2093,4.186000,1,1016
2094,2094,4.188000,1,988
2095,2095,4.190000,1,969
2096,2096,4.192000,1,982
2097,2097,4.194000,1,1018
2098,2098,4.196000,1,1036
2099,2099,4.198000,1,1014
2100,2100,4.200000,1,974
2101,2101,4.202000,1,960
2102,2102,4.204000,1,986
2103,2103,4.206000,1,1028
2104,2104,4.208000,1,1043
2105,2105,4.210000,1,1012
2106,2106,4.212000,1,963
2107,2107,4.214000,1,954
2108,2108,4.216000,1,1000
2109,2109,4.218000,1,1047
2110,2110,4.220000,1,1030
2111,2111,4.222000,1,971
2112,2112,4.224000,1,953
2113,2113,4.226000,1,1005
2114,2114,4.228000,1,1052
2115,2115,4.230000,1,1023
2116,2116,4.232000,1,958
2117,2117,4.234000,1,949
2118,2118,4.236000,1,1006
2119,2119,4.238000,1,1049
2120,2120,4.240000,1,1026
2121,2121,4.242000,1,977
2122,2122,4.244000,1,967
2123,2123,4.246000,1,999
2124,2124,4.248000,1,1024
2125,2125,4.250000,1,1013
2126,2126,4.252000,1,983
2127,2127,4.254000,1,973
2128,2128,4.256000,1,998
2129,2129,4.258000,1,1030
2130,2130,4.260000,1,1030
2131,2131,4.262000,1,993
2132,2132,4.264000,1,961
2133,2133,4.266000,1,969
2134,2134,4.268000,1,1011
2135,2135,4.270000,1,1042
2136,2136,4.272000,1,1028
2137,2137,4.274000,1,977
2138,2138,4.276000,1,949
2139,2139,4.278000,1,983
2140,2140,4.280000,1,1044
2141,2141,4.282000,1,1053
2142,2142,4.284000,1,995
2143,2143,4.286000,1,944
2144,2144,4.288000,1,958
2145,2145,4.290000,1,1010
2146,2146,4.292000,1,1037
2147,2147,4.294000,1,1030
2148,2148,4.296000,1,1014
2149,2149,4.298000,1,994
2150,2150,4.300000,1,961
2151,2151,4.302000,1,946
2152,2152,4.304000,1,988
2153,2153,4.306000,1,1061
2154,2154,4.308000,1,1076
2155,2155,4.310000,1,1003
2156,2156,4.312000,1,922
2157,2157,4.314000,1,929
2158,2158,4.316000,1,1015
2159,2159,4.318000,1,1073
2160,2160,4.320000,1,1041
2161,2161,4.322000,1,974
2162,2162,4.324000,1,955
2163,2163,4.326000,1,990
2164,2164,4.328000,1,1015
2165,2165,4.330000,1,1002
2166,2166,4.332000,1,991
2167,2167,4.334000,1,1014
2168,2168,4.336000,1,1033
2169,2169,4.338000,1,1001
2170,2170,4.340000,1,949
2171,2171,4.342000,1,953
2172,2172,4.344000,1,1021
2173,2173,4.346000,1,1075
2174,2174,4.348000,1,1044
2175,2175,4.350000,1,954
2176,2176,4.352000,1,907
2177,2177,4.354000,1,964
2178,2178,4.356000,1,1071
2179,2179,4.358000,1,1102
2180,2180,4.360000,1,1008
2181,2181,4.362000,1,901
2182,2182,4.364000,1,919
2183,2183,4.366000,1,1037
2184,2184,4.368000,1,1094
2185,2185,4.370000,1,1019
2186,2186,4.372000,1,929
2187,2187,4.374000,1,954
2188,2188,4.376000,1,1045
2189,2189,4.378000,1,1059
2190,2190,4.380000,1,979
2191,2191,4.382000,1,928
2192,2192,4.384000,1,981
2193,2193,4.386000,1,1059
2194,2194,4.388000,1,1054
2195,2195,4.390000,1,984
2196,2196,4.392000,1,946
2197,2197,4.394000,1,978
2198,2198,4.396000,1,1021
2199,2199,4.398000,1,1021
2200,2200,4.400000,1,997
2201,2201,4.402000,1,993
2202,2202,4.404000,1,1011
2203,2203,4.406000,1,1013
2204,2204,4.408000,1,987
2205,2205,4.410000,1,967
2206,2206,4.412000,1,984
2207,2207,4.414000,1,1020
2208,2208,4.416000,1,1034
2209,2209,4.418000,1,1017
2210,2210,4.420000,1,993
2211,2211,4.422000,1,978
2212,2212,4.424000,1,971
2213,2213,4.426000,1,979
2214,2214,4.428000,1,1012
2215,2215,4.430000,1,1044
2216,2216,4.432000,1,1029
2217,2217,4.434000,1,979
2218,2218,4.436000,1,960
2219,2219,4.438000,1,994
2220,2220,4.440000,1,1023
2221,2221,4.442000,1,1004
2222,2222,4.444000,1,976
2223,2223,4.446000,1,991
2224,2224,4.448000,1,1032
2225,2225,4.450000,1,1037
2226,2226,4.452000,1,990
2227,2227,4.454000,1,948
2228,2228,4.456000,1,965
2229,2229,4.458000,1,1020
2230,2230,4.460000,1,1046
2231,2231,4.462000,1,1020
2232,2232,4.464000,1,982
2233,2233,4.466000,1,973
2234,2234,4.468000,1,990
2235,2235,4.470000,1,1005
2236,2236,4.472000,1,1007
2237,2237,4.474000,1,1002
2238,2238,4.476000,1,1000
2239,2239,4.478000,1,1009
2240,2240,4.480000,1,1016
2241,2241,4.482000,1,997
2242,2242,4.484000,1,958
2243,2243,4.486000,1,956
2244,2244,4.488000,1,1019
2245,2245,4.490000,1,1085
2246,2246,4.492000,1,1059
2247,2247,4.494000,1,950
2248,2248,4.496000,1,881
2249,2249,4.498000,1,944
2250,2250,4.500000,1,1073
2251,2251,4.502000,1,1120
2252,2252,4.504000,1,1036
2253,2253,4.506000,1,926
2254,2254,4.508000,1,910
2255,2255,4.510000,1,984
2256,2256,4.512000,1,1046
2257,2257,4.514000,1,1041
2258,2258,4.516000,1,1007
2259,2259,4.518000,1,995
2260,2260,4.520000,1,997
2261,2261,4.522000,1,987
2262,2262,4.524000,1,976
2263,2263,4.526000,1,984
2264,2264,4.528000,1,1011
2265,2265,4.530000,1,1031
2266,2266,4.532000,1,1026
2267,2267,4.534000,1,998
2268,2268,4.536000,1,969
2269,2269,4.538000,1,964
2270,2270,4.540000,1,991
2271,2271,4.542000,1,1026
2272,2272,4.544000,1,1035
2273,2273,4.546000,1,1013
2274,2274,4.548000,1,984
2275,2275,4.550000,1,971
2276,2276,4.552000,1,979
2277,2277,4.554000,1,998
2278,2278,4.556000,1,1019
2279,2279,4.558000,1,1034
2280,2280,4.560000,1,1022
2281,2281,4.562000,1,980
2282,2282,4.564000,1,945
2283,2283,4.566000,1,965
2284,2284,4.568000,1,1032
2285,2285,4.570000,1,1070
2286,2286,4.572000,1,1027
2287,2287,4.574000,1,950
2288,2288,4.576000,1,932
2289,2289,4.578000,1,996
2290,2290,4.580000,1,1057
2291,2291,4.582000,1,1040
2292,2292,4.584000,1,977
2293,2293,4.586000,1,954
2294,2294,4.588000,1,996
2295,2295,4.590000,1,1037
2296,2296,4.592000,1,1019
2297,2297,4.594000,1,971
2298,2298,4.596000,1,963
2299,2299,4.598000,1,1007
2300,2300,4.600000,1,1041
2301,2301,4.602000,1,1018
2302,2302,4.604000,1,973
2303,2303,4.606000,1,970
2304,2304,4.608000,1,1009
2305,2305,4.610000,1,1025
2306,2306,4.612000,1,996
2307,2307,4.614000,1,972
2308,2308,4.616000,1,996
2309,2309,4.618000,1,1033
2310,2310,4.620000,1,1024
2311,2311,4.622000,1,975
2312,2312,4.624000,1,954
2313,2313,4.626000,1,994
2314,2314,4.628000,1,1042
2315,2315,4.630000,1,1033
2316,2316,4.632000,1,982
2317,2317,4.634000,1,960
2318,2318,4.636000,1,991
2319,2319,4.638000,1,1025
2320,2320,4.640000,1,1018
2321,2321,4.642000,1,987
2322,2322,4.644000,1,982
2323,2323,4.646000,1,1007
2324,2324,4.648000,1,1019
2325,2325,4.650000,1,998
2326,2326,4.652000,1,976
2327,2327,4.654000,1,988
2328,2328,4.656000,1,1018
2329,2329,4.658000,1,1023
2330,2330,4.660000,1,998
2331,2331,4.662000,1,977
2332,2332,4.664000,1,986
2333,2333,4.666000,1,1007
2334,2334,4.668000,1,1016
2335,2335,4.670000,1,1007
2336,2336,4.672000,1,995
2337,2337,4.674000,1,989
2338,2338,4.676000,1,990
2339,2339,4.678000,1,999
2340,2340,4.680000,1,1011
2341,2341,4.682000,1,1014
2342,2342,4.684000,1,1000
2343,2343,4.686000,1,983
2344,2344,4.688000,1,983
2345,2345,4.690000,1,1002
2346,2346,4.692000,1,1018
2347,2347,4.694000,1,1014
2348,2348,4.696000,1,996
2349,2349,4.698000,1,983
2350,2350,4.700000,1,987
2351,2351,4.702000,1,1003
2352,2352,4.704000,1,1018
2353,2353,4.706000,1,1014
2354,2354,4.708000,1,989
2355,2355,4.710000,1,969
2356,2356,4.712000,1,984
2357,2357,4.714000,1,1025
2358,2358,4.716000,1,1047
2359,2359,4.718000,1,1015
2360,2360,4.720000,1,957
2361,2361,4.722000,1,938
2362,2362,4.724000,1,985
2363,2363,4.726000,1,1050
2364,2364,4.728000,1,1064
2365,2365,4.730000,1,1014
2366,2366,4.732000,1,956
2367,2367,4.734000,1,946
2368,2368,4.736000,1,982
2369,2369,4.738000,1,1020
2370,2370,4.740000,1,1032
2371,2371,4.742000,1,1024
2372,2372,4.744000,1,1008
2373,2373,4.746000,1,989
2374,2374,4.748000,1,969
2375,2375,4.750000,1,966
2376,2376,4.752000,1,995
2377,2377,4.754000,1,1038
2378,2378,4.756000,1,1050
2379,2379,4.758000,1,1007
2380,2380,4.760000,1,950
2381,2381,4.762000,1,945
2382,2382,4.764000,1,1003
2383,2383,4.766000,1,1056
2384,2384,4.768000,1,1043
2385,2385,4.770000,1,983
2386,2386,4.772000,1,951
2387,2387,4.774000,1,976
2388,2388,4.776000,1,1017
2389,2389,4.778000,1,1027
2390,2390,4.780000,1,1012
2391,2391,4.782000,1,997
2392,2392,4.784000,1,989
2393,2393,4.786000,1,985
2394,2394,4.788000,1,992
2395,2395,4.790000,1,1007
2396,2396,4.792000,1,1014
2397,2397,4.794000,1,1005
2398,2398,4.796000,1,992
2399,2399,4.798000,1,991
2400,2400,4.800000,1,1001
2401,2401,4.802000,1,1007
2402,2402,4.804000,1,999
2403,2403,4.806000,1,989
2404,2404,4.808000,1,993
2405,2405,4.810000,1,1009
2406,2406,4.812000,1,1014
2407,2407,4.814000,1,1001
2408,2408,4.816000,1,984
2409,2409,4.818000,1,986
2410,2410,4.820000,1,1006
2411,2411,4.822000,1,1019
2412,2412,4.824000,1,1008
2413,2413,4.826000,1,984
2414,2414,4.828000,1,978
2415,2415,4.830000,1,998
2416,2416,4.832000,1,1021
2417,2417,4.834000,1,1020
2418,2418,4.836000,1,997
2419,2419,4.838000,1,977
2420,2420,4.840000,1,980
2421,2421,4.842000,1,1002
2422,2422,4.844000,1,1018
2423,2423,4.846000,1,1013
2424,2424,4.848000,1,1000
2425,2425,4.850000,1,994
2426,2426,4.852000,1,994
2427,2427,4.854000,1,990
2428,2428,4.856000,1,989
2429,2429,4.858000,1,1004
2430,2430,4.860000,1,1022
2431,2431,4.862000,1,1016
2432,2432,4.864000,1,986
2433,2433,4.866000,1,970
2434,2434,4.868000,1,993
2435,2435,4.870000,1,1025
2436,2436,4.872000,1,1021
2437,2437,4.874000,1,986
2438,2438,4.876000,1,971
2439,2439,4.878000,1,998
2440,2440,4.880000,1,1030
2441,2441,4.882000,1,1021
2442,2442,4.884000,1,980
2443,2443,4.886000,1,962
2444,2444,4.888000,1,992
2445,2445,4.890000,1,1031
2446,2446,4.892000,1,1030
2447,2447,4.894000,1,996
2448,2448,4.896000,1,970
2449,2449,4.898000,1,979
2450,2450,4.900000,1,1007
2451,2451,4.902000,1,1025
2452,2452,4.904000,1,1014
2453,2453,4.906000,1,987
2454,2454,4.908000,1,973
2455,2455,4.910000,1,992
2456,2456,4.912000,1,1024
2457,2457,4.914000,1,1026
2458,2458,4.916000,1,994
2459,2459,4.918000,1,968
2460,2460,4.920000,1,981
2461,2461,4.922000,1,1014
2462,2462,4.924000,1,1026
2463,2463,4.926000,1,1007
2464,2464,4.928000,1,988
2465,2465,4.930000,1,988
2466,2466,4.932000,1,999
2467,2467,4.934000,1,1002
2468,2468,4.936000,1,995
2469,2469,4.938000,1,993
2470,2470,4.940000,1,1004
2471,2471,4.942000,1,1017
2472,2472,4.944000,1,1013
2473,2473,4.946000,1,990
2474,2474,4.948000,1,972
2475,2475,4.950000,1,983
2476,2476,4.952000,1,1013
2477,2477,4.954000,1,1031
2478,2478,4.956000,1,1014
2479,2479,4.958000,1,980
2480,2480,4.960000,1,967
2481,2481,4.962000,1,990
2482,2482,4.964000,1,1025
2483,2483,4.966000,1,1034
2484,2484,4.968000,1,1003
2485,2485,4.970000,1,966
2486,2486,4.972000,1,965
2487,2487,4.974000,1,1004
2488,2488,4.976000,1,1039
2489,2489,4.978000,1,1028
2490,2490,4.980000,1,986
2491,2491,4.982000,1,962
2492,2492,4.984000,1,981
2493,2493,4.986000,1,1019
2494,2494,4.988000,1,1030
2495,2495,4.990000,1,1007
2496,2496,4.992000,1,979
2497,2497,4.994000,1,977
2498,2498,4.996000,1,1001
2499,2499,4.998000,1,1021
2500,2500,5.000000,1,1015
2501,2501,5.002000,1,991
2502,2502,5.004000,1,978
2503,2503,5.006000,1,991
2504,2504,5.008000,1,1015
2505,2505,5.010000,1,1021
2506,2506,5.012000,1,999
2507,2507,5.014000,1,975
2508,2508,5.016000,1,980
2509,2509,5.018000,1,1012
2510,2510,5.020000,1,1033
2511,2511,5.022000,1,1013
2512,2512,5.024000,1,974
2513,2513,5.026000,1,965
2514,2514,5.028000,1,996
2515,2515,5.030000,1,1026
2516,2516,5.032000,1,1023
2517,2517,5.034000,1,999
2518,2518,5.036000,1,985
2519,2519,5.038000,1,990
2520,2520,5.040000,1,995
2521,2521,5.042000,1,995
2522,2522,5.044000,1,1001
2523,2523,5.046000,1,1014
2524,2524,5.048000,1,1016
2525,2525,5.050000,1,1000
2526,2526,5.052000,1,982
2527,2527,5.054000,1,984
2528,2528,5.056000,1,998
2529,2529,5.058000,1,1007
2530,2530,5.060000,1,1007
2531,2531,5.062000,1,1009
2532,2532,5.064000,1,1009
2533,2533,5.066000,1,996
2534,2534,5.068000,1,978
2535,2535,5.070000,1,978
2536,2536,5.072000,1,1006
2537,2537,5.074000,1,1031
2538,2538,5.076000,1,1022
2539,2539,5.078000,1,987
2540,2540,5.080000,1,968
2541,2541,5.082000,1,985
2542,2542,5.084000,1,1014
2543,2543,5.086000,1,1022
2544,2544,5.088000,1,1006
2545,2545,5.090000,1,990
2546,2546,5.092000,1,989
2547,2547,5.094000,1,996
2548,2548,5.096000,1,1001
2549,2549,5.098000,1,1003
2550,2550,5.100000,1,1005
2551,2551,5.102000,1,1004
2552,2552,5.104000,1,998
2553,2553,5.106000,1,992
2554,2554,5.108000,1,993
2555,2555,5.110000,1,1002
2556,2556,5.112000,1,1009
2557,2557,5.114000,1,1005
2558,2558,5.116000,1,994
2559,2559,5.118000,1,988
2560,2560,5.120000,1,996
2561,2561,5.122000,1,1009
2562,2562,5.124000,1,1010
2563,2563,5.126000,1,999
2564,2564,5.128000,1,988
2565,2565,5.130000,1,991
2566,2566,5.132000,1,1003
2567,2567,5.134000,1,1010
2568,2568,5.136000,1,1004
2569,2569,5.138000,1,994
2570,2570,5.140000,1,991
2571,2571,5.142000,1,999
2572,2572,5.144000,1,1006
2573,2573,5.146000,1,1003
2574,2574,5.148000,1,995
2575,2575,5.150000,1,995
2576,2576,5.152000,1,1003
2577,2577,5.154000,1,1006
2578,2578,5.156000,1,999
2579,2579,5.158000,1,992
2580,2580,5.160000,1,995
2581,2581,5.162000,1,1004
2582,2582,5.164000,1,1006
2583,2583,5.166000,1,1000
2584,2584,5.168000,1,996
2585,2585,5.170000,1,998
2586,2586,5.172000,1,1001
2587,2587,5.174000,1,998
2588,2588,5.176000,1,996
2589,2589,5.178000,1,1000
2590,2590,5.180000,1,1006
2591,2591,5.182000,1,1003
2592,2592,5.184000,1,994
2593,2593,5.186000,1,992
2594,2594,5.188000,1,1000
2595,2595,5.190000,1,1007
2596,2596,5.192000,1,1003
2597,2597,5.194000,1,995
2598,2598,5.196000,1,994
2599,2599,5.198000,1,1001
2600,2600,5.200000,1,1004
2601,2601,5.202000,1,1000
2602,2602,5.204000,1,996
2603,2603,5.206000,1,997
2604,2604,5.208000,1,1001
2605,2605,5.210000,1,1002
2606,2606,5.212000,1,999
2607,2607,5.214000,1,998
2608,2608,5.216000,1,1000
2609,2609,5.218000,1,1002
2610,2610,5.220000,1,1000
2611,2611,5.222000,1,996
2612,2612,5.224000,1,995
2613,2613,5.226000,1,1000
2614,2614,5.228000,1,1005
2615,2615,5.230000,1,1004
2616,2616,5.232000,1,999
2617,2617,5.234000,1,994
2618,2618,5.236000,1,995
2619,2619,5.238000,1,1001
2620,2620,5.240000,1,1005
2621,2621,5.242000,1,1000
2622,2622,5.244000,1,996
2623,2623,5.246000,1,998
2624,2624,5.248000,1,1004
2625,2625,5.250000,1,1003
2626,2626,5.252000,1,995
2627,2627,5.254000,1,992
2628,2628,5.256000,1,999
2629,2629,5.258000,1,1007
2630,2630,5.260000,1,1006
2631,2631,5.262000,1,997
2632,2632,5.264000,1,991
2633,2633,5.266000,1,996
2634,2634,5.268000,1,1004
2635,2635,5.270000,1,1006
2636,2636,5.272000,1,1001
2637,2637,5.274000,1,995
2638,2638,5.276000,1,995
2639,2639,5.278000,1,999
2640,2640,5.280000,1,1003
2641,2641,5.282000,1,1002
2642,2642,5.284000,1,999
2643,2643,5.286000,1,997
2644,2644,5.288000,1,998
2645,2645,5.290000,1,1000
2646,2646,5.292000,1,1001
2647,2647,5.294000,1,1000
2648,2648,5.296000,1,999
2649,2649,5.298000,1,1000
2650,2650,5.300000,1,1001
2651,2651,5.302000,1,999
2652,2652,5.304000,1,995
2653,2653,5.306000,1,996
2654,2654,5.308000,1,1003
2655,2655,5.310000,1,1008
2656,2656,5.312000,1,1002
2657,2657,5.314000,1,992
2658,2658,5.316000,1,989
2659,2659,5.318000,1,1000
2660,2660,5.320000,1,1010
2661,2661,5.322000,1,1007
2662,2662,5.324000,1,995
2663,2663,5.326000,1,990
2664,2664,5.328000,1,998
2665,2665,5.330000,1,1007
2666,2666,5.332000,1,1005
2667,2667,5.334000,1,995
2668,2668,5.336000,1,991
2669,2669,5.338000,1,999
2670,2670,5.340000,1,1008
2671,2671,5.342000,1,1007
2672,2672,5.344000,1,998
2673,2673,5.346000,1,992
2674,2674,5.348000,1,995
2675,2675,5.350000,1,1001
2676,2676,5.352000,1,1003
2677,2677,5.354000,1,1001
2678,2678,5.356000,1,1001
2679,2679,5.358000,1,1002
2680,2680,5.360000,1,999
2681,2681,5.362000,1,993
2682,2682,5.364000,1,991
2683,2683,5.366000,1,1001
2684,2684,5.368000,1,1013
2685,2685,5.370000,1,1009
2686,2686,5.372000,1,993
2687,2687,5.374000,1,984
2688,2688,5.376000,0,992
2689,2689,5.378000,0,1009
2690,2690,5.380000,0,1014
2691,2691,5.382000,0,1003
2692,2692,5.384000,0,990
2693,2693,5.386000,0,989
2694,2694,5.388000,0,999
2695,2695,5.390000,0,1007
2696,2696,5.392000,0,1005
2697,2697,5.394000,0,998
2698,2698,5.396000,0,995
2699,2699,5.398000,0,998
2700,2700,5.400000,0,1001
2701,2701,5.402000,0,1000
2702,2702,5.404000,0,998
2703,2703,5.406000,0,999
2704,2704,5.408000,0,1003
2705,2705,5.410000,0,1004
2706,2706,5.412000,0,997
2707,2707,5.414000,0,991
2708,2708,5.416000,0,996
2709,2709,5.418000,0,1007
2710,2710,5.420000,0,1009
2711,2711,5.422000,0,998
2712,2712,5.424000,0,988
2713,2713,5.426000,0,993
2714,2714,5.428000,0,1007
2715,2715,5.430000,0,1012
2716,2716,5.432000,0,1001
2717,2717,5.434000,0,989
2718,2718,5.436000,0,989
2719,2719,5.438000,0,1001
2720,2720,5.440000,0,1011
2721,2721,5.442000,0,1008
2722,2722,5.444000,0,996
2723,2723,5.446000,0,990
2724,2724,5.448000,0,994
2725,2725,5.450000,0,1002
2726,2726,5.452000,0,1005
2727,2727,5.454000,0,1003
2728,2728,5.456000,0,1001
2729,2729,5.458000,0,1000
2730,2730,5.460000,0,995
2731,2731,5.462000,0,992
2732,2732,5.464000,0,997
2733,2733,5.466000,0,1007
2734,2734,5.468000,0,1010
2735,2735,5.470000,0,1000
2736,2736,5.472000,0,990
2737,2737,5.474000,0,991
2738,2738,5.476000,0,1002
2739,2739,5.478000,0,1009
2740,2740,5.480000,0,1002
2741,2741,5.482000,0,994
2742,2742,5.484000,0,995
2743,2743,5.486000,0,1003
2744,2744,5.488000,0,1004
2745,2745,5.490000,0,996
2746,2746,5.492000,0,993
2747,2747,5.494000,0,1002
2748,2748,5.496000,0,1008
2749,2749,5.498000,0,1002
2750,2750,5.500000,0,991
2751,2751,5.502000,0,992
2752,2752,5.504000,0,1003
2753,2753,5.506000,0,1009
2754,2754,5.508000,0,1002
2755,2755,5.510000,0,993
2756,2756,5.512000,0,993
2757,2757,5.514000,0,1002
2758,2758,5.516000,0,1006
2759,2759,5.518000,0,1002
2760,2760,5.520000,0,996
2761,2761,5.522000,0,995
2762,2762,5.524000,0,1000
2763,2763,5.526000,0,1003
2764,2764,5.528000,0,1001
2765,2765,5.530000,0,998
2766,2766,5.532000,0,997
2767,2767,5.534000,0,999
2768,2768,5.536000,0,1000
2769,2769,5.538000,0,1001
2770,2770,5.540000,0,1001
2771,2771,5.542000,0,1000
2772,2772,5.544000,0,998
2773,2773,5.546000,0,997
2774,2774,5.548000,0,999
2775,2775,5.550000,0,1002
2776,2776,5.552000,0,1003
2777,2777,5.554000,0,1001
2778,2778,5.556000,0,998
2779,2779,5.558000,0,996
2780,2780,5.560000,0,997
2781,2781,5.562000,0,1000
2782,2782,5.564000,0,1004
2783,2783,5.566000,0,1004
2784,2784,5.568000,0,999
2785,2785,5.570000,0,994
2786,2786,5.572000,0,995
2787,2787,5.574000,0,1000
2788,2788,5.576000,0,1003
2789,2789,5.578000,0,1002
2790,2790,5.580000,0,1000
2791,2791,5.582000,0,1000
2792,2792,5.584000,0,998
2793,2793,5.586000,0,996
2794,2794,5.588000,0,995
2795,2795,5.590000,0,1000
2796,2796,5.592000,0,1007
2797,2797,5.594000,0,1006
2798,2798,5.596000,0,996
2799,2799,5.598000,0,988
2800,2800,5.600000,0,994
2801,2801,5.602000,0,1006
2802,2802,5.604000,0,1010
2803,2803,5.606000,0,1001
2804,2804,5.608000,0,993
2805,2805,5.610000,0,994
2806,2806,5.612000,0,1001
2807,2807,5.614000,0,1004
2808,2808,5.616000,0,1001
2809,2809,5.618000,0,997
2810,2810,5.620000,0,998
2811,2811,5.622000,0,1002
2812,2812,5.624000,0,1003
2813,2813,5.626000,0,998
2814,2814,5.628000,0,995
2815,2815,5.630000,0,998
2816,2816,5.632000,0,1004
2817,2817,5.634000,0,1004
2818,2818,5.636000,0,999
2819,2819,5.638000,0,995
2820,2820,5.640000,0,996
2821,2821,5.642000,0,1000
2822,2822,5.644000,0,1002
2823,2823,5.646000,0,1001
2824,2824,5.648000,0,999
2825,2825,5.650000,0,999
2826,2826,5.652000,0,1000
2827,2827,5.654000,0,999
2828,2828,5.656000,0,998
2829,2829,5.658000,0,999
2830,2830,5.660000,0,1001
2831,2831,5.662000,0,1002
2832,2832,5.664000,0,999
2833,2833,5.666000,0,997
2834,2834,5.668000,0,999
2835,2835,5.670000,0,1002
2836,2836,5.672000,0,1002
2837,2837,5.674000,0,998
2838,2838,5.676000,0,995
2839,2839,5.678000,0,998
2840,2840,5.680000,0,1004
2841,2841,5.682000,0,1004
2842,2842,5.684000,0,999
2843,2843,5.686000,0,995
2844,2844,5.688000,0,997
2845,2845,5.690000,0,1002
2846,2846,5.692000,0,1003
2847,2847,5.694000,0,999
2848,2848,5.696000,0,996
2849,2849,5.698000,0,999
2850,2850,5.700000,0,1004
2851,2851,5.702000,0,1003
2852,2852,5.704000,0,996
2853,2853,5.706000,0,993
2854,2854,5.708000,0,998
2855,2855,5.710000,0,1006
2856,2856,5.712000,0,1007
2857,2857,5.714000,0,999
2858,2858,5.716000,0,992
2859,2859,5.718000,0,994
2860,2860,5.720000,0,1001
2861,2861,5.722000,0,1005
2862,2862,5.724000,0,1002
2863,2863,5.726000,0,999
2864,2864,5.728000,0,998
2865,2865,5.730000,0,998
2866,2866,5.732000,0,997
2867,2867,5.734000,0,998
2868,2868,5.736000,0,1003
2869,2869,5.738000,0,1006
2870,2870,5.740000,0,1002
2871,2871,5.742000,0,992
2872,2872,5.744000,0,990
2873,2873,5.746000,0,999
2874,2874,5.748000,0,1010
2875,2875,5.750000,0,1008
2876,2876,5.752000,0,996
2877,2877,5.754000,0,989
2878,2878,5.756000,0,994
2879,2879,5.758000,0,1005
2880,2880,5.760000,0,1007
2881,2881,5.762000,0,1000
2882,2882,5.764000,0,995
2883,2883,5.766000,0,997
2884,2884,5.768000,0,1002
2885,2885,5.770000,0,1000
2886,2886,5.772000,0,996
2887,2887,5.774000,0,997
2888,2888,5.776000,0,1004
2889,2889,5.778000,0,1006
2890,2890,5.780000,0,998
2891,2891,5.782000,0,991
2892,2892,5.784000,0,995
2893,2893,5.786000,0,1004
2894,2894,5.788000,0,1007
2895,2895,5.790000,0,1001
2896,2896,5.792000,0,994
2897,2897,5.794000,0,996
2898,2898,5.796000,0,1001
2899,2899,5.798000,0,1002
2900,2900,5.800000,0,998
2901,2901,5.802000,0,998
2902,2902,5.804000,0,1002
2903,2903,5.806000,0,1004
2904,2904,5.808000,0,1000
2905,2905,5.810000,0,995
2906,2906,5.812000,0,995
2907,2907,5.814000,0,1001
2908,2908,5.816000,0,1005
2909,2909,5.818000,0,1003
2910,2910,5.820000,0,998
2911,2911,5.822000,0,995
2912,2912,5.824000,0,997
2913,2913,5.826000,0,1002
2914,2914,5.828000,0,1003
2915,2915,5.830000,0,999
2916,2916,5.832000,0,995
2917,2917,5.834000,0,998
2918,2918,5.836000,0,1004
2919,2919,5.838000,0,1004
2920,2920,5.840000,0,997
2921,2921,5.842000,0,993
2922,2922,5.844000,0,997
2923,2923,5.846000,0,1005
2924,2924,5.848000,0,1006
2925,2925,5.850000,0,999
2926,2926,5.852000,0,993
2927,2927,5.854000,0,995
2928,2928,5.856000,0,1002
2929,2929,5.858000,0,1005
2930,2930,5.860000,0,1000
2931,2931,5.862000,0,996
2932,2932,5.864000,0,997
2933,2933,5.866000,0,1001
2934,2934,5.868000,0,1002
2935,2935,5.870000,0,998
2936,2936,5.872000,0,997
2937,2937,5.874000,0,1000
2938,2938,5.876000,0,1003
2939,2939,5.878000,0,1001
2940,2940,5.880000,0,997
2941,2941,5.882000,0,995
2942,2942,5.884000,0,1000
2943,2943,5.886000,0,1005
2944,2944,5.888000,0,1003
2945,2945,5.890000,0,996
2946,2946,5.892000,0,992
2947,2947,5.894000,0,998
2948,2948,5.896000,0,1007
2949,2949,5.898000,0,1007
2950,2950,5.900000,0,998
2951,2951,5.902000,0,990
2952,2952,5.904000,0,993
2953,2953,5.906000,0,1003
2954,2954,5.908000,0,1009
2955,2955,5.910000,0,1004
2956,2956,5.912000,0,994
2957,2957,5.914000,0,990
2958,2958,5.916000,0,998
2959,2959,5.918000,0,1007
2960,2960,5.920000,0,1007
2961,2961,5.922000,0,998
2962,2962,5.924000,0,992
2963,2963,5.926000,0,995
2964,2964,5.928000,0,1003
2965,2965,5.930000,0,1005
2966,2966,5.932000,0,1000
2967,2967,5.934000,0,996
2968,2968,5.936000,0,998
2969,2969,5.938000,0,1001
2970,2970,5.940000,0,1001
2971,2971,5.942000,0,998
2972,2972,5.944000,0,998
2973,2973,5.946000,0,1001
2974,2974,5.948000,0,1003
2975,2975,5.950000,0,1000
2976,2976,5.952000,0,997
2977,2977,5.954000,0,997
2978,2978,5.956000,0,1000
2979,2979,5.958000,0,1003
2980,2980,5.960000,0,1001
2981,2981,5.962000,0,997
2982,2982,5.964000,0,996
2983,2983,5.966000,0,1001
2984,2984,5.968000,0,1005
2985,2985,5.970000,0,1002
2986,2986,5.972000,0,996
2987,2987,5.974000,0,993
2988,2988,5.976000,0,997
2989,2989,5.978000,0,1005
2990,2990,5.980000,0,1008
2991,2991,5.982000,0,1001
2992,2992,5.984000,0,991
2993,2993,5.986000,0,991
2994,2994,5.988000,0,1002
2995,2995,5.990000,0,1009
2996,2996,5.992000,0,1003
2997,2997,5.994000,0,993
2998,2998,5.996000,0,994
2999,2999,5.998000,0,1003
3000,3000,6.000000,0,1006
3001,3001,6.002000,0,999
3002,3002,6.004000,0,992
3003,3003,6.006000,0,996
3004,3004,6.008000,0,1005
3005,3005,6.010000,0,1006
3006,3006,6.012000,0,998
3007,3007,6.014000,0,992
3008,3008,6.016000,0,996
3009,3009,6.018000,0,1005
3010,3010,6.020000,0,1006
3011,3011,6.022000,0,998
3012,3012,6.024000,0,993
3013,3013,6.026000,0,997
3014,3014,6.028000,0,1004
3015,3015,6.030000,0,1005
3016,3016,6.032000,0,999
3017,3017,6.034000,0,994
3018,3018,6.036000,0,997
3019,3019,6.038000,0,1003
3020,3020,6.040000,0,1003
3021,3021,6.042000,0,999
3022,3022,6.044000,0,996
3023,3023,6.046000,0,999
3024,3024,6.048000,0,1003
3025,3025,6.050000,0,1003
3026,3026,6.052000,0,998
3027,3027,6.054000,0,995
3028,3028,6.056000,0,998
3029,3029,6.058000,0,1003
3030,3030,6.060000,0,1004
3031,3031,6.062000,0,999
3032,3032,6.064000,0,996
3033,3033,6.066000,0,997
3034,3034,6.068000,0,1002
3035,3035,6.070000,0,1003
3036,3036,6.072000,0,998
3037,3037,6.074000,0,994
3038,3038,6.076000,0,998
3039,3039,6.078000,0,1005
3040,3040,6.080000,0,1006
3041,3041,6.082000,0,998
3042,3042,6.084000,0,991
3043,3043,6.086000,0,995
3044,3044,6.088000,0,1004
3045,3045,6.090000,0,1007
3046,3046,6.092000,0,1001
3047,3047,6.094000,0,994
3048,3048,6.096000,0,995
3049,3049,6.098000,0,1002
3050,3050,6.100000,0,1005
3051,3051,6.102000,0,1000
3052,3052,6.104000,0,994
3053,3053,6.106000,0,997
3054,3054,6.108000,0,1003
3055,3055,6.110000,0,1004
3056,3056,6.112000,0,1000
3057,3057,6.114000,0,996
3058,3058,6.116000,0,997
3059,3059,6.118000,0,1001
3060,3060,6.120000,0,1003
3061,3061,6.122000,0,1000
3062,3062,6.124000,0,996
3063,3063,6.126000,0,997
3064,3064,6.128000,0,1002
3065,3065,6.130000,0,1004
3066,3066,6.132000,0,1000
3067,3067,6.134000,0,994
3068,3068,6.136000,0,995
3069,3069,6.138000,0,1002
3070,3070,6.140000,0,1005
3071,3071,6.142000,0,1002
3072,3072,6.144000,0,996
3073,3073,6.146000,0,995
3074,3074,6.148000,0,1000
3075,3075,6.150000,0,1004
3076,3076,6.152000,0,1003
3077,3077,6.154000,0,996
3078,3078,6.156000,0,993
3079,3079,6.158000,0,998
3080,3080,6.160000,0,1007
3081,3081,6.162000,0,1007
3082,3082,6.164000,0,997
3083,3083,6.166000,0,990
3084,3084,6.168000,0,994
3085,3085,6.170000,0,1005
3086,3086,6.172000,0,1008
3087,3087,6.174000,0,1001
3088,3088,6.176000,0,994
3089,3089,6.178000,0,995
3090,3090,6.180000,0,1000
3091,3091,6.182000,0,1001
3092,3092,6.184000,0,998
3093,3093,6.186000,0,999
3094,3094,6.188000,0,1004
3095,3095,6.190000,0,1004
3096,3096,6.192000,0,996
3097,3097,6.194000,0,990
3098,3098,6.196000,0,997
3099,3099,6.198000,0,1009
3100,3100,6.200000,0,1009
3101,3101,6.202000,0,998
3102,3102,6.204000,0,989
3103,3103,6.206000,0,994
3104,3104,6.208000,0,1004
3105,3105,6.210000,0,1007
3106,3106,6.212000,0,1000
3107,3107,6.214000,0,995
3108,3108,6.216000,0,997
3109,3109,6.218000,0,1001
3110,3110,6.220000,0,1001
3111,3111,6.222000,0,998
3112,3112,6.224000,0,998
3113,3113,6.226000,0,1002
3114,3114,6.228000,0,1003
3115,3115,6.230000,0,998
3116,3116,6.232000,0,993
3117,3117,6.234000,0,998
3118,3118,6.236000,0,1006
3119,3119,6.238000,0,1006
3120,3120,6.240000,0,997
3121,3121,6.242000,0,990
3122,3122,6.244000,0,994
3123,3123,6.246000,0,1005
3124,3124,6.248000,0,1009
3125,3125,6.250000,0,1002
3126,3126,6.252000,0,993
3127,3127,6.254000,0,993
3128,3128,6.256000,0,1000
3129,3129,6.258000,0,1005
3130,3130,6.260000,0,1002
3131,3131,6.262000,0,999
3132,3132,6.264000,0,999
3133,3133,6.266000,0,1000
3134,3134,6.268000,0,997
3135,3135,6.270000,0,994
3136,3136,6.272000,0,999
3137,3137,6.274000,0,1008
3138,3138,6.276000,0,1008
3139,3139,6.278000,0,997
3140,3140,6.280000,0,987
3141,3141,6.282000,0,992
3142,3142,6.284000,0,1006
3143,3143,6.286000,0,1011
3144,3144,6.288000,0,1003
3145,3145,6.290000,0,993
3146,3146,6.292000,0,992
3147,3147,6.294000,0,999
3148,3148,6.296000,0,1003
3149,3149,6.298000,0,1001
3150,3150,6.300000,0,1000
3151,3151,6.302000,0,1003
3152,3152,6.304000,0,1003
3153,3153,6.306000,0,995
3154,3154,6.308000,0,990
3155,3155,6.310000,0,996
3156,3156,6.312000,0,1009
3157,3157,6.314000,0,1013
3158,3158,6.316000,0,1000
3159,3159,6.318000,0,986
3160,3160,6.320000,0,987
3161,3161,6.322000,0,1002
3162,3162,6.324000,0,1012
3163,3163,6.326000,0,1008
3164,3164,6.328000,0,996
3165,3165,6.330000,0,990
3166,3166,6.332000,0,995
3167,3167,6.334000,0,1003
3168,3168,6.336000,0,1004
3169,3169,6.338000,0,1001
3170,3170,6.340000,0,1000
3171,3171,6.342000,0,1000
3172,3172,6.344000,0,997
3173,3173,6.346000,0,995
3174,3174,6.348000,0,998
3175,3175,6.350000,0,1004
3176,3176,6.352000,0,1005
3177,3177,6.354000,0,999
3178,3178,6.356000,0,994
3179,3179,6.358000,0,996
3180,3180,6.360000,0,1002
3181,3181,6.362000,0,1004
3182,3182,6.364000,0,1000
3183,3183,6.366000,0,996
3184,3184,6.368000,0,997
3185,3185,6.370000,0,1001
3186,3186,6.372000,0,1002
3187,3187,6.374000,0,999
3188,3188,6.376000,0,998
3189,3189,6.378000,0,1000
3190,3190,6.380000,0,1002
3191,3191,6.382000,0,998
3192,3192,6.384000,0,995
3193,3193,6.386000,0,998
3194,3194,6.388000,0,1005
3195,3195,6.390000,0,1005
3196,3196,6.392000,0,998
3197,3197,6.394000,0,992
3198,3198,6.396000,0,994
3199,3199,6.398000,0,1003
3200,3200,6.400000,0,1008
3201,3201,6.402000,0,1003
3202,3202,6.404000,0,995
3203,3203,6.406000,0,993
3204,3204,6.408000,0,998
3205,3205,6.410000,0,1003
3206,3206,6.412000,0,1003
3207,3207,6.414000,0,1001
3208,3208,6.416000,0,1000
3209,3209,6.418000,0,999
3210,3210,6.420000,0,996
3211,3211,6.422000,0,995
3212,3212,6.424000,0,999
3213,3213,6.426000,0,1006
3214,3214,6.428000,0,1006
3215,3215,6.430000,0,998
3216,3216,6.432000,0,992
3217,3217,6.434000,0,994
3218,3218,6.436000,0,1002
3219,3219,6.438000,0,1006
3220,3220,6.440000,0,1002
3221,3221,6.442000,0,997
3222,3222,6.444000,0,997
3223,3223,6.446000,0,1001
3224,3224,6.448000,0,1001
3225,3225,6.450000,0,998
3226,3226,6.452000,0,996
3227,3227,6.454000,0,1000
3228,3228,6.456000,0,1005
3229,3229,6.458000,0,1003
3230,3230,6.460000,0,997
3231,3231,6.462000,0,993
3232,3232,6.464000,0,996
3233,3233,6.466000,0,1003
3234,3234,6.468000,0,1004
3235,3235,6.470000,0,1000
3236,3236,6.472000,0,997
3237,3237,6.474000,0,998
3238,3238,6.476000,0,1002
3239,3239,6.478000,0,1000
3240,3240,6.480000,0,996
3241,3241,6.482000,0,996
3242,3242,6.484000,0,1002
3243,3243,6.486000,0,1007
3244,3244,6.488000,0,1003
3245,3245,6.490000,0,994
3246,3246,6.492000,0,990
3247,3247,6.494000,0,998
3248,3248,6.496000,0,1007
3249,3249,6.498000,0,1008
3250,3250,6.500000,0,1000
3251,3251,6.502000,0,993
3252,3252,6.504000,0,994
3253,3253,6.506000,0,1000
3254,3254,6.508000,0,1003
3255,3255,6.510000,0,1001
3256,3256,6.512000,0,1000
3257,3257,6.514000,0,1001
3258,3258,6.516000,0,1001
3259,3259,6.518000,0,996
3260,3260,6.520000,0,993
3261,3261,6.522000,0,998
3262,3262,6.524000,0,1008
3263,3263,6.526000,0,1009
3264,3264,6.528000,0,999
3265,3265,6.530000,0,990
3266,3266,6.532000,0,992
3267,3267,6.534000,0,1002
3268,3268,6.536000,0,1008
3269,3269,6.538000,0,1004
3270,3270,6.540000,0,997
3271,3271,6.542000,0,995
3272,3272,6.544000,0,998
3273,3273,6.546000,0,999
3274,3274,6.548000,0,998
3275,3275,6.550000,0,1000
3276,3276,6.552000,0,1005
3277,3277,6.554000,0,1005
3278,3278,6.556000,0,997
3279,3279,6.558000,0,991
3280,3280,6.560000,0,995
3281,3281,6.562000,0,1003
3282,3282,6.564000,0,1007
3283,3283,6.566000,0,1003
3284,3284,6.568000,0,996
3285,3285,6.570000,0,994
3286,3286,6.572000,0,997
3287,3287,6.574000,0,1001
3288,3288,6.576000,0,1003
3289,3289,6.578000,0,1001
3290,3290,6.580000,0,998
3291,3291,6.582000,0,998
3292,3292,6.584000,0,1000
3293,3293,6.586000,0,1001
3294,3294,6.588000,0,999
3295,3295,6.590000,0,996
3296,3296,6.592000,0,998
3297,3297,6.594000,0,1002
3298,3298,6.596000,0,1004
3299,3299,6.598000,0,1000
3300,3300,6.600000,0,994
3301,3301,6.602000,0,995
3302,3302,6.604000,0,1001
3303,3303,6.606000,0,1005
3304,3304,6.608000,0,1001
3305,3305,6.610000,0,997
3306,3306,6.612000,0,997
3307,3307,6.614000,0,1001
3308,3308,6.616000,0,1001
3309,3309,6.618000,0,998
3310,3310,6.620000,0,998
3311,3311,6.622000,0,1002
3312,3312,6.624000,0,1003
3313,3313,6.626000,0,999
3314,3314,6.628000,0,994
3315,3315,6.630000,0,997
3316,3316,6.632000,0,1004
3317,3317,6.634000,0,1005
3318,3318,6.636000,0,999
3319,3319,6.638000,0,993
3320,3320,6.640000,0,996
3321,3321,6.642000,0,1004
3322,3322,6.644000,0,1005
3323,3323,6.646000,0,999
3324,3324,6.648000,0,994
3325,3325,6.650000,0,999
3326,3326,6.652000,0,1004
3327,3327,6.654000,0,1001
3328,3328,6.656000,1,995
3329,3329,6.658000,1,995
3330,3330,6.660000,1,1003
3331,3331,6.662000,1,1006
3332,3332,6.664000,1,1001
3333,3333,6.666000,1,993
3334,3334,6.668000,1,994
3335,3335,6.670000,1,1002
3336,3336,6.672000,1,1007
3337,3337,6.674000,1,1003
3338,3338,6.676000,1,995
3339,3339,6.678000,1,994
3340,3340,6.680000,1,1000
3341,3341,6.682000,1,1004
3342,3342,6.684000,1,1001
3343,3343,6.686000,1,997
3344,3344,6.688000,1,998
3345,3345,6.690000,1,1001
3346,3346,6.692000,1,1001
3347,3347,6.694000,1,998
3348,3348,6.696000,1,997
3349,3349,6.698000,1,999
3350,3350,6.700000,1,1002
3351,3351,6.702000,1,1003
3352,3352,6.704000,1,999
3353,3353,6.706000,1,995
3354,3354,6.708000,1,998
3355,3355,6.710000,1,1003
3356,3356,6.712000,1,1004
3357,3357,6.714000,1,998
3358,3358,6.716000,1,994
3359,3359,6.718000,1,999
3360,3360,6.720000,1,1006
3361,3361,6.722000,1,1004
3362,3362,6.724000,1,996
3363,3363,6.726000,1,992
3364,3364,6.728000,1,997
3365,3365,6.730000,1,1005
3366,3366,6.732000,1,1006
3367,3367,6.734000,1,1000
3368,3368,6.736000,1,994
3369,3369,6.738000,1,995
3370,3370,6.740000,1,1001
3371,3371,6.742000,1,1004
3372,3372,6.744000,1,1001
3373,3373,6.746000,1,997
3374,3374,6.748000,1,998
3375,3375,6.750000,1,1000
3376,3376,6.752000,1,1001
3377,3377,6.754000,1,998
3378,3378,6.756000,1,997
3379,3379,6.758000,1,1000
3380,3380,6.760000,1,1003
3381,3381,6.762000,1,1001
3382,3382,6.764000,1,996
3383,3383,6.766000,1,995
3384,3384,6.768000,1,999
3385,3385,6.770000,1,1005
3386,3386,6.772000,1,1004
3387,3387,6.774000,1,997
3388,3388,6.776000,1,993
3389,3389,6.778000,1,997
3390,3390,6.780000,1,1005
3391,3391,6.782000,1,1006
3392,3392,6.784000,1,999
3393,3393,6.786000,1,992
3394,3394,6.788000,1,994
3395,3395,6.790000,1,1002
3396,3396,6.792000,1,1007
3397,3397,6.794000,1,1002
3398,3398,6.796000,1,995
3399,3399,6.798000,1,994
3400,3400,6.800000,1,1000
3401,3401,6.802000,1,1004
3402,3402,6.804000,1,1001
3403,3403,6.806000,1,998
3404,3404,6.808000,1,999
3405,3405,6.810000,1,1002
3406,3406,6.812000,1,1000
3407,3407,6.814000,1,996
3408,3408,6.816000,1,996
3409,3409,6.818000,1,1001
3410,3410,6.820000,1,1004
3411,3411,6.822000,1,1002
3412,3412,6.824000,1,997
3413,3413,6.826000,1,996
3414,3414,6.828000,1,998
3415,3415,6.830000,1,1002
3416,3416,6.832000,1,1002
3417,3417,6.834000,1,999
3418,3418,6.836000,1,997
3419,3419,6.838000,1,999
3420,3420,6.840000,1,1002
3421,3421,6.842000,1,1001
3422,3422,6.844000,1,997
3423,3423,6.846000,1,995
3424,3424,6.848000,1,1000
3425,3425,6.850000,1,1006
3426,3426,6.852000,1,1005
3427,3427,6.854000,1,999
3428,3428,6.856000,1,993
3429,3429,6.858000,1,992
3430,3430,6.860000,1,997
3431,3431,6.862000,1,1005
3432,3432,6.864000,1,1010
3433,3433,6.866000,1,1008
3434,3434,6.868000,1,997
3435,3435,6.870000,1,987
3436,3436,6.872000,1,986
3437,3437,6.874000,1,997
3438,3438,6.876000,1,1010
3439,3439,6.878000,1,1016
3440,3440,6.880000,1,1009
3441,3441,6.882000,1,994
3442,3442,6.884000,1,982
3443,3443,6.886000,1,984
3444,3444,6.888000,1,998
3445,3445,6.890000,1,1015
3446,3446,6.892000,1,1020
3447,3447,6.894000,1,1007
3448,3448,6.896000,1,986
3449,3449,6.898000,1,979
3450,3450,6.900000,1,989
3451,3451,6.902000,1,1007
3452,3452,6.904000,1,1018
3453,3453,6.906000,1,1013
3454,3454,6.908000,1,996
3455,3455,6.910000,1,982
3456,3456,6.912000,1,987
3457,3457,6.914000,1,1004
3458,3458,6.916000,1,1013
3459,3459,6.918000,1,1005
3460,3460,6.920000,1,993
3461,3461,6.922000,1,992
3462,3462,6.924000,1,1003
3463,3463,6.926000,1,1009
3464,3464,6.928000,1,999
3465,3465,6.930000,1,985
3466,3466,6.932000,1,989
3467,3467,6.934000,1,1008
3468,3468,6.936000,1,1020
3469,3469,6.938000,1,1008
3470,3470,6.940000,1,986
3471,3471,6.942000,1,980
3472,3472,6.944000,1,999
3473,3473,6.946000,1,1017
3474,3474,6.948000,1,1008
3475,3475,6.950000,1,984
3476,3476,6.952000,1,982
3477,3477,6.954000,1,1012
3478,3478,6.956000,1,1034
3479,3479,6.958000,1,1011
3480,3480,6.960000,1,964
3481,3481,6.962000,1,952
3482,3482,6.964000,1,997
3483,3483,6.966000,1,1050
3484,3484,6.968000,1,1050
3485,3485,6.970000,1,999
3486,3486,6.972000,1,953
3487,3487,6.974000,1,954
3488,3488,6.976000,1,988
3489,3489,6.978000,1,1024
3490,3490,6.980000,1,1042
3491,3491,6.982000,1,1034
3492,3492,6.984000,1,997
3493,3493,6.986000,1,954
3494,3494,6.988000,1,951
3495,3495,6.990000,1,995
3496,3496,6.992000,1,1042
3497,3497,6.994000,1,1045
3498,3498,6.996000,1,1006
3499,3499,6.998000,1,970
3500,3500,7.000000,1,965
3501,3501,7.002000,1,984
3502,3502,7.004000,1,1009
3503,3503,7.006000,1,1028
3504,3504,7.008000,1,1030
3505,3505,7.010000,1,1007
3506,3506,7.012000,1,969
3507,3507,7.014000,1,955
3508,3508,7.016000,1,986
3509,3509,7.018000,1,1035
3510,3510,7.020000,1,1045
3511,3511,7.022000,1,1006
3512,3512,7.024000,1,967
3513,3513,7.026000,1,973
3514,3514,7.028000,1,1004
3515,3515,7.030000,1,1010
3516,3516,7.032000,1,992
3517,3517,7.034000,1,995
3518,3518,7.036000,1,1025
3519,3519,7.038000,1,1032
3520,3520,7.040000,1,993
3521,3521,7.042000,1,950
3522,3522,7.044000,1,956
3523,3523,7.046000,1,1010
3524,3524,7.048000,1,1056
3525,3525,7.050000,1,1049
3526,3526,7.052000,1,994
3527,3527,7.054000,1,942
3528,3528,7.056000,1,946
3529,3529,7.058000,1,1003
3530,3530,7.060000,1,1052
3531,3531,7.062000,1,1042
3532,3532,7.064000,1,994
3533,3533,7.066000,1,966
3534,3534,7.068000,1,982
3535,3535,7.070000,1,1004
3536,3536,7.072000,1,1002
3537,3537,7.074000,1,993
3538,3538,7.076000,1,1005
3539,3539,7.078000,1,1025
3540,3540,7.080000,1,1020
3541,3541,7.082000,1,986
3542,3542,7.084000,1,958
3543,3543,7.086000,1,969
3544,3544,7.088000,1,1011
3545,3545,7.090000,1,1049
3546,3546,7.092000,1,1047
3547,3547,7.094000,1,996
3548,3548,7.096000,1,938
3549,3549,7.098000,1,939
3550,3550,7.100000,1,1007
3551,3551,7.102000,1,1067
3552,3552,7.104000,1,1049
3553,3553,7.106000,1,980
3554,3554,7.108000,1,947
3555,3555,7.110000,1,981
3556,3556,7.112000,1,1022
3557,3557,7.114000,1,1018
3558,3558,7.116000,1,992
3559,3559,7.118000,1,991
3560,3560,7.120000,1,1010
3561,3561,7.122000,1,1007
3562,3562,7.124000,1,984
3563,3563,7.126000,1,984
3564,3564,7.128000,1,1016
3565,3565,7.130000,1,1031
3566,3566,7.132000,1,998
3567,3567,7.134000,1,956
3568,3568,7.136000,1,965
3569,3569,7.138000,1,1022
3570,3570,7.140000,1,1061
3571,3571,7.142000,1,1031
3572,3572,7.144000,1,962
3573,3573,7.146000,1,930
3574,3574,7.148000,1,973
3575,3575,7.150000,1,1046
3576,3576,7.152000,1,1071
3577,3577,7.154000,1,1020
3578,3578,7.156000,1,948
3579,3579,7.158000,1,934
3580,3580,7.160000,1,990
3581,3581,7.162000,1,1048
3582,3582,7.164000,1,1047
3583,3583,7.166000,1,1000
3584,3584,7.168000,1,964
3585,3585,7.170000,1,974
3586,3586,7.172000,1,1005
3587,3587,7.174000,1,1015
3588,3588,7.176000,1,1005
3589,3589,7.178000,1,1000
3590,3590,7.180000,1,1005
3591,3591,7.182000,1,998
3592,3592,7.184000,1,981
3593,3593,7.186000,1,986
3594,3594,7.188000,1,1019
3595,3595,7.190000,1,1033
3596,3596,7.192000,1,999
3597,3597,7.194000,1,958
3598,3598,7.196000,1,970
3599,3599,7.198000,1,1024
3600,3600,7.200000,1,1050
3601,3601,7.202000,1,1012
3602,3602,7.204000,1,958
3603,3603,7.206000,1,955
3604,3604,7.208000,1,1002
3605,3605,7.210000,1,1042
3606,3606,7.212000,1,1031
3607,3607,7.214000,1,994
3608,3608,7.216000,1,974
3609,3609,7.218000,1,982
3610,3610,7.220000,1,993
3611,3611,7.222000,1,997
3612,3612,7.224000,1,1006
3613,3613,7.226000,1,1026
3614,3614,7.228000,1,1029
3615,3615,7.230000,1,997
3616,3616,7.232000,1,960
3617,3617,7.234000,1,961
3618,3618,7.236000,1,1000
3619,3619,7.238000,1,1034
3620,3620,7.240000,1,1032
3621,3621,7.242000,1,1008
3622,3622,7.244000,1,984
3623,3623,7.246000,1,970
3624,3624,7.248000,1,971
3625,3625,7.250000,1,998
3626,3626,7.252000,1,1038
3627,3627,7.254000,1,1048
3628,3628,7.256000,1,1003
3629,3629,7.258000,1,946
3630,3630,7.260000,1,943
3631,3631,7.262000,1,1003
3632,3632,7.264000,1,1061
3633,3633,7.266000,1,1050
3634,3634,7.268000,1,986
3635,3635,7.270000,1,942
3636,3636,7.272000,1,964
3637,3637,7.274000,1,1020
3638,3638,7.276000,1,1046
3639,3639,7.278000,1,1018
3640,3640,7.280000,1,976
3641,3641,7.282000,1,966
3642,3642,7.284000,1,994
3643,3643,7.286000,1,1024
3644,3644,7.288000,1,1024
3645,3645,7.290000,1,996
3646,3646,7.292000,1,971
3647,3647,7.294000,1,977
3648,3648,7.296000,1,1012
3649,3649,7.298000,1,1037
3650,3650,7.300000,1,1021
3651,3651,7.302000,1,978
3652,3652,7.304000,1,956
3653,3653,7.306000,1,980
3654,3654,7.308000,1,1026
3655,3655,7.310000,1,1044
3656,3656,7.312000,1,1015
3657,3657,7.314000,1,972
3658,3658,7.316000,1,960
3659,3659,7.318000,1,989
3660,3660,7.320000,1,1025
3661,3661,7.322000,1,1033
3662,3662,7.324000,1,1008
3663,3663,7.326000,1,981
3664,3664,7.328000,1,977
3665,3665,7.330000,1,990
3666,3666,7.332000,1,999
3667,3667,7.334000,1,1004
3668,3668,7.336000,1,1021
3669,3669,7.338000,1,1035
3670,3670,7.340000,1,1009
3671,3671,7.342000,1,953
3672,3672,7.344000,1,934
3673,3673,7.346000,1,990
3674,3674,7.348000,1,1064
3675,3675,7.350000,1,1074
3676,3676,7.352000,1,1010
3677,3677,7.354000,1,940
3678,3678,7.356000,1,925
3679,3679,7.358000,1,975
3680,3680,7.360000,1,1051
3681,3681,7.362000,1,1084
3682,3682,7.364000,1,1029
3683,3683,7.366000,1,936
3684,3684,7.368000,1,912
3685,3685,7.370000,1,993
3686,3686,7.372000,1,1081
3687,3687,7.374000,1,1064
3688,3688,7.376000,1,969
3689,3689,7.378000,1,923
3690,3690,7.380000,1,975
3691,3691,7.382000,1,1043
3692,3692,7.384000,1,1046
3693,3693,7.386000,1,1004
3694,3694,7.388000,1,980
3695,3695,7.390000,1,985
3696,3696,7.392000,1,982
3697,3697,7.394000,1,974
3698,3698,7.396000,1,1000
3699,3699,7.398000,1,1051
3700,3700,7.400000,1,1058
3701,3701,7.402000,1,993
3702,3702,7.404000,1,924
3703,3703,7.406000,1,937
3704,3704,7.408000,1,1019
3705,3705,7.410000,1,1074
3706,3706,7.412000,1,1044
3707,3707,7.414000,1,973
3708,3708,7.416000,1,942
3709,3709,7.418000,1,975
3710,3710,7.420000,1,1026
3711,3711,7.422000,1,1045
3712,3712,7.424000,1,1016
3713,3713,7.426000,1,968
3714,3714,7.428000,1,949
3715,3715,7.430000,1,986
3716,3716,7.432000,1,1049
3717,3717,7.434000,1,1064
3718,3718,7.436000,1,1001
3719,3719,7.438000,1,926
3720,3720,7.440000,1,934
3721,3721,7.442000,1,1021
3722,3722,7.444000,1,1083
3723,3723,7.446000,1,1047
3724,3724,7.448000,1,961
3725,3725,7.450000,1,927
3726,3726,7.452000,1,975
3727,3727,7.454000,1,1042
3728,3728,7.456000,1,1055
3729,3729,7.458000,1,1012
3730,3730,7.460000,1,963
3731,3731,7.462000,1,954
3732,3732,7.464000,1,990
3733,3733,7.466000,1,1033
3734,3734,7.468000,1,1043
3735,3735,7.470000,1,1010
3736,3736,7.472000,1,964
3737,3737,7.474000,1,950
3738,3738,7.476000,1,989
3739,3739,7.478000,1,1045
3740,3740,7.480000,1,1055
3741,3741,7.482000,1,1002
3742,3742,7.484000,1,943
3743,3743,7.486000,1,945
3744,3744,7.488000,1,1006
3745,3745,7.490000,1,1056
3746,3746,7.492000,1,1045
3747,3747,7.494000,1,995
3748,3748,7.496000,1,959
3749,3749,7.498000,1,959
3750,3750,7.500000,1,984
3751,3751,7.502000,1,1021
3752,3752,7.504000,1,1049
3753,3753,7.506000,1,1036
3754,3754,7.508000,1,984
3755,3755,7.510000,1,943
3756,3756,7.512000,1,960
3757,3757,7.514000,1,1014
3758,3758,7.516000,1,1046
3759,3759,7.518000,1,1028
3760,3760,7.520000,1,989
3761,3761,7.522000,1,973
3762,3762,7.524000,1,991
3763,3763,7.526000,1,1012
3764,3764,7.528000,1,1002
3765,3765,7.530000,1,975
3766,3766,7.532000,1,977
3767,3767,7.534000,1,1025
3768,3768,7.536000,1,1062
3769,3769,7.538000,1,1029
3770,3770,7.540000,1,948
3771,3771,7.542000,1,915
3772,3772,7.544000,1,977
3773,3773,7.546000,1,1060
3774,3774,7.548000,1,1070
3775,3775,7.550000,1,1014
3776,3776,7.552000,1,968
3777,3777,7.554000,1,961
3778,3778,7.556000,1,968
3779,3779,7.558000,1,984
3780,3780,7.560000,1,1026
3781,3781,7.562000,1,1066
3782,3782,7.564000,1,1042
3783,3783,7.566000,1,961
3784,3784,7.568000,1,914
3785,3785,7.570000,1,960
3786,3786,7.572000,1,1046
3787,3787,7.574000,1,1073
3788,3788,7.576000,1,1025
3789,3789,7.578000,1,969
3790,3790,7.580000,1,957
3791,3791,7.582000,1,975
3792,3792,7.584000,1,997
3793,3793,7.586000,1,1018
3794,3794,7.588000,1,1036
3795,3795,7.590000,1,1026
3796,3796,7.592000,1,983
3797,3797,7.594000,1,953
3798,3798,7.596000,1,975
3799,3799,7.598000,1,1024
3800,3800,7.600000,1,1043
3801,3801,7.602000,1,1013
3802,3802,7.604000,1,969
3803,3803,7.606000,1,958
3804,3804,7.608000,1,993
3805,3805,7.610000,1,1040
3806,3806,7.612000,1,1048
3807,3807,7.614000,1,1003
3808,3808,7.616000,1,944
3809,3809,7.618000,1,941
3810,3810,7.620000,1,1007
3811,3811,7.622000,1,1071
3812,3812,7.624000,1,1054
3813,3813,7.626000,1,972
3814,3814,7.628000,1,927
3815,3815,7.630000,1,970
3816,3816,7.632000,1,1038
3817,3817,7.634000,1,1047
3818,3818,7.636000,1,1004
3819,3819,7.638000,1,975
3820,3820,7.640000,1,982
3821,3821,7.642000,1,995
3822,3822,7.644000,1,999
3823,3823,7.646000,1,1007
3824,3824,7.648000,1,1019
3825,3825,7.650000,1,1009
3826,3826,7.652000,1,982
3827,3827,7.654000,1,976
3828,3828,7.656000,1,1003
3829,3829,7.658000,1,1023
3830,3830,7.660000,1,1007
3831,3831,7.662000,1,982
3832,3832,7.664000,1,985
3833,3833,7.666000,1,1010
3834,3834,7.668000,1,1017
3835,3835,7.670000,1,998
3836,3836,7.672000,1,982
3837,3837,7.674000,1,993
3838,3838,7.676000,1,1015
3839,3839,7.678000,1,1014
3840,3840,7.680000,1,990
3841,3841,7.682000,1,976
3842,3842,7.684000,1,993
3843,3843,7.686000,1,1022
3844,3844,7.688000,1,1025
3845,3845,7.690000,1,1000
3846,3846,7.692000,1,974
3847,3847,7.694000,1,974
3848,3848,7.696000,1,999
3849,3849,7.698000,1,1026
3850,3850,7.700000,1,1030
3851,3851,7.702000,1,1002
3852,3852,7.704000,1,967
3853,3853,7.706000,1,964
3854,3854,7.708000,1,1000
3855,3855,7.710000,1,1037
3856,3856,7.712000,1,1035
3857,3857,7.714000,1,997
3858,3858,7.716000,1,964
3859,3859,7.718000,1,968
3860,3860,7.720000,1,1001
3861,3861,7.722000,1,1030
3862,3862,7.724000,1,1028
3863,3863,7.726000,1,1000
3864,3864,7.728000,1,974
3865,3865,7.730000,1,973
3866,3866,7.732000,1,997
3867,3867,7.734000,1,1025
3868,3868,7.736000,1,1029
3869,3869,7.738000,1,1000
3870,3870,7.740000,1,965
3871,3871,7.742000,1,967
3872,3872,7.744000,1,1009
3873,3873,7.746000,1,1039
3874,3874,7.748000,1,1019
3875,3875,7.750000,1,982
3876,3876,7.752000,1,980
3877,3877,7.754000,1,1004
3878,3878,7.756000,1,1001
3879,3879,7.758000,1,972
3880,3880,7.760000,1,982
3881,3881,7.762000,1,1043
3882,3882,7.764000,1,1072
3883,3883,7.766000,1,1004
3884,3884,7.768000,1,910
3885,3885,7.770000,1,913
3886,3886,7.772000,1,1021
3887,3887,7.774000,1,1103
3888,3888,7.776000,1,1065
3889,3889,7.778000,1,964
3890,3890,7.780000,1,922
3891,3891,7.782000,1,964
3892,3892,7.784000,1,1021
3893,3893,7.786000,1,1036
3894,3894,7.788000,1,1019
3895,3895,7.790000,1,1002
3896,3896,7.792000,1,992
3897,3897,7.794000,1,983
3898,3898,7.796000,1,979
3899,3899,7.798000,1,992
3900,3900,7.800000,1,1017
3901,3901,7.802000,1,1029
3902,3902,7.804000,1,1008
3903,3903,7.806000,1,975
3904,3904,7.808000,1,970
3905,3905,7.810000,1,1004
3906,3906,7.812000,1,1036
3907,3907,7.814000,1,1022
3908,3908,7.816000,1,972
3909,3909,7.818000,1,949
3910,3910,7.820000,1,992
3911,3911,7.822000,1,1054
3912,3912,7.824000,1,1057
3913,3913,7.826000,1,988
3914,3914,7.828000,1,929
3915,3915,7.830000,1,952
3916,3916,7.832000,1,1027
3917,3917,7.834000,1,1059
3918,3918,7.836000,1,1020
3919,3919,7.838000,1,972
3920,3920,7.840000,1,974
3921,3921,7.842000,1,1007
3922,3922,7.844000,1,1014
3923,3923,7.846000,1,990
3924,3924,7.848000,1,979
3925,3925,7.850000,1,1001
3926,3926,7.852000,1,1023
3927,3927,7.854000,1,1017
3928,3928,7.856000,1,997
3929,3929,7.858000,1,988
3930,3930,7.860000,1,984
3931,3931,7.862000,1,978
3932,3932,7.864000,1,991
3933,3933,7.866000,1,1030
3934,3934,7.868000,1,1052
3935,3935,7.870000,1,1013
3936,3936,7.872000,1,945
3937,3937,7.874000,1,929
3938,3938,7.876000,1,995
3939,3939,7.878000,1,1072
3940,3940,7.880000,1,1070
3941,3941,7.882000,1,988
3942,3942,7.884000,1,922
3943,3943,7.886000,1,945
3944,3944,7.888000,1,1024
3945,3945,7.890000,1,1064
3946,3946,7.892000,1,1030
3947,3947,7.894000,1,976
3948,3948,7.896000,1,964
3949,3949,7.898000,1,990
3950,3950,7.900000,1,1009
3951,3951,7.902000,1,1003
3952,3952,7.904000,1,994
3953,3953,7.906000,1,1006
3954,3954,7.908000,1,1026
3955,3955,7.910000,1,1019
3956,3956,7.912000,1,980
3957,3957,7.914000,1,951
3958,3958,7.916000,1,974
3959,3959,7.918000,1,1029
3960,3960,7.920000,1,1051
3961,3961,7.922000,1,1017
3962,3962,7.924000,1,974
3963,3963,7.926000,1,971
3964,3964,7.928000,1,992
3965,3965,7.930000,1,1000
3966,3966,7.932000,1,996
3967,3967,7.934000,1,1008
3968,3968,7.936000,1,1031
3969,3969,7.938000,1,1026
3970,3970,7.940000,1,983
3971,3971,7.942000,1,946
3972,3972,7.944000,1,962
3973,3973,7.946000,1,1020
3974,3974,7.948000,1,1060
3975,3975,7.950000,1,1039
3976,3976,7.952000,1,980
3977,3977,7.954000,1,945
3978,3978,7.956000,1,965
3979,3979,7.958000,1,1012
3980,3980,7.960000,1,1038
3981,3981,7.962000,1,1027
3982,3982,7.964000,1,1000
3983,3983,7.966000,1,983
3984,3984,7.968000,1,979
3985,3985,7.970000,1,983
3986,3986,7.972000,1,995
3987,3987,7.974000,1,1016
3988,3988,7.976000,1,1030
3989,3989,7.978000,1,1017
3990,3990,7.980000,1,983
3991,3991,7.982000,1,962
3992,3992,7.984000,1,980
3993,3993,7.986000,1,1018
3994,3994,7.988000,1,1032
3995,3995,7.990000,1,1012
3996,3996,7.992000,1,987
3997,3997,7.994000,1,981
3998,3998,7.996000,1,988
3999,3999,7.998000,1,996
4000,4000,8.000000,1,1007
4001,4001,8.002000,1,1021
4002,4002,8.004000,1,1022
4003,4003,8.006000,1,993
4004,4004,8.008000,1,958
4005,4005,8.010000,1,963
4006,4006,8.012000,1,1019
4007,4007,8.014000,1,1065
4008,4008,8.016000,1,1036
4009,4009,8.018000,1,955
4010,4010,8.020000,1,922
4011,4011,8.022000,1,985
4012,4012,8.024000,1,1069
4013,4013,8.026000,1,1064
4014,4014,8.028000,1,976
4015,4015,8.030000,1,918
4016,4016,8.032000,1,969
4017,4017,8.034000,1,1062
4018,4018,8.036000,1,1076
4019,4019,8.038000,1,992
4020,4020,8.040000,1,914
4021,4021,8.042000,1,938
4022,4022,8.044000,1,1035
4023,4023,8.046000,1,1090
4024,4024,8.048000,1,1043
4025,4025,8.050000,1,954
4026,4026,8.052000,1,921
4027,4027,8.054000,1,971
4028,4028,8.056000,1,1041
4029,4029,8.058000,1,1057
4030,4030,8.060000,1,1013
4031,4031,8.062000,1,968
4032,4032,8.064000,1,972
4033,4033,8.066000,1,1004
4034,4034,8.068000,1,1013
4035,4035,8.070000,1,992
4036,4036,8.072000,1,981
4037,4037,8.074000,1,1005
4038,4038,8.076000,1,1036
4039,4039,8.078000,1,1025
4040,4040,8.080000,1,975
4041,4041,8.082000,1,945
4042,4042,8.084000,1,978
4043,4043,8.086000,1,1040
4044,4044,8.088000,1,1054
4045,4045,8.090000,1,1003
4046,4046,8.092000,1,953
4047,4047,8.094000,1,967
4048,4048,8.096000,1,1017
4049,4049,8.098000,1,1033
4050,4050,8.100000,1,1000
4051,4051,8.102000,1,975
4052,4052,8.104000,1,992
4053,4053,8.106000,1,1020
4054,4054,8.108000,1,1015
4055,4055,8.110000,1,986
4056,4056,8.112000,1,975
4057,4057,8.114000,1,1000
4058,4058,8.116000,1,1025
4059,4059,8.118000,1,1015
4060,4060,8.120000,1,981
4061,4061,8.122000,1,969
4062,4062,8.124000,1,999
4063,4063,8.126000,1,1034
4064,4064,8.128000,1,1030
4065,4065,8.130000,1,988
4066,4066,8.132000,1,956
4067,4067,8.134000,1,969
4068,4068,8.136000,1,1013
4069,4069,8.138000,1,1044
4070,4070,8.140000,1,1031
4071,4071,8.142000,1,989
4072,4072,8.144000,1,961
4073,4073,8.146000,1,972
4074,4074,8.148000,1,1005
4075,4075,8.150000,1,1023
4076,4076,8.152000,1,1015
4077,4077,8.154000,1,1003
4078,4078,8.156000,1,1001
4079,4079,8.158000,1,995
4080,4080,8.160000,1,979
4081,4081,8.162000,1,976
4082,4082,8.164000,1,1003
4083,4083,8.166000,1,1038
4084,4084,8.168000,1,1034
4085,4085,8.170000,1,987
4086,4086,8.172000,1,951
4087,4087,8.174000,1,972
4088,4088,8.176000,1,1021
4089,4089,8.178000,1,1038
4090,4090,8.180000,1,1010
4091,4091,8.182000,1,983
4092,4092,8.184000,1,987
4093,4093,8.186000,1,1001
4094,4094,8.188000,1,998
4095,4095,8.190000,1,988
4096,4096,8.192000,1,997
4097,4097,8.194000,1,1021
4098,4098,8.196000,1,1025
4099,4099,8.198000,1,995
4100,4100,8.200000,1,965
4101,4101,8.202000,1,973
4102,4102,8.204000,1,1015
4103,4103,8.206000,1,1039
4104,4104,8.208000,1,1015
4105,4105,8.210000,1,973
4106,4106,8.212000,1,966
4107,4107,8.214000,1,1001
4108,4108,8.216000,1,1032
4109,4109,8.218000,1,1020
4110,4110,8.220000,1,982
4111,4111,8.222000,1,967
4112,4112,8.224000,1,994
4113,4113,8.226000,1,1029
4114,4114,8.228000,1,1027
4115,4115,8.230000,1,991
4116,4116,8.232000,1,965
4117,4117,8.234000,1,982
4118,4118,8.236000,1,1017
4119,4119,8.238000,1,1026
4120,4120,8.240000,1,1004
4121,4121,8.242000,1,986
4122,4122,8.244000,1,993
4123,4123,8.246000,1,1002
4124,4124,8.248000,1,995
4125,4125,8.250000,1,989
4126,4126,8.252000,1,1004
4127,4127,8.254000,1,1022
4128,4128,8.256000,1,1012
4129,4129,8.258000,1,982
4130,4130,8.260000,1,974
4131,4131,8.262000,1,999
4132,4132,8.264000,1,1022
4133,4133,8.266000,1,1013
4134,4134,8.268000,1,989
4135,4135,8.270000,1,986
4136,4136,8.272000,1,1002
4137,4137,8.274000,1,1008
4138,4138,8.276000,1,997
4139,4139,8.278000,1,993
4140,4140,8.280000,1,1003
4141,4141,8.282000,1,1008
4142,4142,8.284000,1,1000
4143,4143,8.286000,1,993
4144,4144,8.288000,1,998
4145,4145,8.290000,1,1001
4146,4146,8.292000,1,995
4147,4147,8.294000,1,992
4148,4148,8.296000,1,1006
4149,4149,8.298000,1,1020
4150,4150,8.300000,1,1008
4151,4151,8.302000,1,979
4152,4152,8.304000,1,971
4153,4153,8.306000,1,995
4154,4154,8.308000,1,1025
4155,4155,8.310000,1,1028
4156,4156,8.312000,1,1007
4157,4157,8.314000,1,982
4158,4158,8.316000,1,971
4159,4159,8.318000,1,979
4160,4160,8.320000,1,1003
4161,4161,8.322000,1,1031
4162,4162,8.324000,1,1038
4163,4163,8.326000,1,1007
4164,4164,8.328000,1,962
4165,4165,8.330000,1,951
4166,4166,8.332000,1,991
4167,4167,8.334000,1,1039
4168,4168,8.336000,1,1045
4169,4169,8.338000,1,1005
4170,4170,8.340000,1,966
4171,4171,8.342000,1,968
4172,4172,8.344000,1,998
4173,4173,8.346000,1,1019
4174,4174,8.348000,1,1013
4175,4175,8.350000,1,998
4176,4176,8.352000,1,998
4177,4177,8.354000,1,1006
4178,4178,8.356000,1,998
4179,4179,8.358000,1,978
4180,4180,8.360000,1,979
4181,4181,8.362000,1,1014
4182,4182,8.364000,1,1040
4183,4183,8.366000,1,1017
4184,4184,8.368000,1,970
4185,4185,8.370000,1,957
4186,4186,8.372000,1,995
4187,4187,8.374000,1,1034
4188,4188,8.376000,1,1029
4189,4189,8.378000,1,992
4190,4190,8.380000,1,973
4191,4191,8.382000,1,990
4192,4192,8.384000,1,1012
4193,4193,8.386000,1,1011
4194,4194,8.388000,1,995
4195,4195,8.390000,1,992
4196,4196,8.392000,1,1002
4197,4197,8.394000,1,1007
4198,4198,8.396000,1,999
4199,4199,8.398000,1,990
4200,4200,8.400000,1,995
4201,4201,8.402000,1,1008
4202,4202,8.404000,1,1011
4203,4203,8.406000,1,997
4204,4204,8.408000,1,984
4205,4205,8.410000,1,991
4206,4206,8.412000,1,1008
4207,4207,8.414000,1,1014
4208,4208,8.416000,1,1004
4209,4209,8.418000,1,991
4210,4210,8.420000,1,989
4211,4211,8.422000,1,996
4212,4212,8.424000,1,1004
4213,4213,8.426000,1,1008
4214,4214,8.428000,1,1005
4215,4215,8.430000,1,997
4216,4216,8.432000,1,992
4217,4217,8.434000,1,995
4218,4218,8.436000,1,1003
4219,4219,8.438000,1,1006
4220,4220,8.440000,1,1002
4221,4221,8.442000,1,997
4222,4222,8.444000,1,997
4223,4223,8.446000,1,1000
4224,4224,8.448000,1,1000
4225,4225,8.450000,1,997
4226,4226,8.452000,1,997
4227,4227,8.454000,1,1003
4228,4228,8.456000,1,1008
4229,4229,8.458000,1,1002
4230,4230,8.460000,1,989
4231,4231,8.462000,1,986
4232,4232,8.464000,1,1001
4233,4233,8.466000,1,1016
4234,4234,8.468000,1,1013
4235,4235,8.470000,1,993
4236,4236,8.472000,1,979
4237,4237,8.474000,1,988
4238,4238,8.476000,1,1009
4239,4239,8.478000,1,1020
4240,4240,8.480000,1,1009
4241,4241,8.482000,1,988
4242,4242,8.484000,1,980
4243,4243,8.486000,1,993
4244,4244,8.488000,1,1011
4245,4245,8.490000,1,1016
4246,4246,8.492000,1,1003
4247,4247,8.494000,1,989
4248,4248,8.496000,1,987
4249,4249,8.498000,1,997
4250,4250,8.500000,1,1007
4251,4251,8.502000,1,1007
4252,4252,8.504000,1,1000
4253,4253,8.506000,1,997
4254,4254,8.508000,1,997
4255,4255,8.510000,1,997
4256,4256,8.512000,1,996
4257,4257,8.514000,1,1001
4258,4258,8.516000,1,1008
4259,4259,8.518000,1,1005
4260,4260,8.520000,1,993
4261,4261,8.522000,1,987
4262,4262,8.524000,1,997
4263,4263,8.526000,1,1012
4264,4264,8.528000,1,1013
4265,4265,8.530000,1,996
4266,4266,8.532000,1,982
4267,4267,8.534000,1,990
4268,4268,8.536000,1,1010
4269,4269,8.538000,1,1017
4270,4270,8.540000,1,1002
4271,4271,8.542000,1,985
4272,4272,8.544000,1,989
4273,4273,8.546000,1,1006
4274,4274,8.548000,1,1011
4275,4275,8.550000,1,999
4276,4276,8.552000,1,991
4277,4277,8.554000,1,999
4278,4278,8.556000,1,1006
4279,4279,8.558000,1,1001
4280,4280,8.560000,1,992
4281,4281,8.562000,1,996
4282,4282,8.564000,1,1006
4283,4283,8.566000,1,1005
4284,4284,8.568000,1,994
4285,4285,8.570000,1,990
4286,4286,8.572000,1,1002
4287,4287,8.574000,1,1012
4288,4288,8.576000,1,1005
4289,4289,8.578000,1,989
4290,4290,8.580000,1,986
4291,4291,8.582000,1,1001
4292,4292,8.584000,1,1013
4293,4293,8.586000,1,1008
4294,4294,8.588000,1,994
4295,4295,8.590000,1,988
4296,4296,8.592000,1,998
4297,4297,8.594000,1,1007
4298,4298,8.596000,1,1003
4299,4299,8.598000,1,995
4300,4300,8.600000,1,996
4301,4301,8.602000,1,1005
4302,4302,8.604000,1,1007
4303,4303,8.606000,1,995
4304,4304,8.608000,1,988
4305,4305,8.610000,1,996
4306,4306,8.612000,1,1011
4307,4307,8.614000,1,1012
4308,4308,8.616000,1,997
4309,4309,8.618000,1,984
4310,4310,8.620000,1,990
4311,4311,8.622000,1,1007
4312,4312,8.624000,1,1015
4313,4313,8.626000,1,1005
4314,4314,8.628000,1,989
4315,4315,8.630000,1,986
4316,4316,8.632000,1,997
4317,4317,8.634000,1,1010
4318,4318,8.636000,1,1010
4319,4319,8.638000,1,1000
4320,4320,8.640000,1,992
4321,4321,8.642000,1,993
4322,4322,8.644000,1,999
4323,4323,8.646000,1,1003
4324,4324,8.648000,1,1003
4325,4325,8.650000,1,1001
4326,4326,8.652000,1,999
4327,4327,8.654000,1,998
4328,4328,8.656000,1,998
4329,4329,8.658000,1,998
4330,4330,8.660000,1,997
4331,4331,8.662000,1,1000
4332,4332,8.664000,1,1006
4333,4333,8.666000,1,1006
4334,4334,8.668000,1,997
4335,4335,8.670000,1,988
4336,4336,8.672000,1,992
4337,4337,8.674000,1,1006
4338,4338,8.676000,1,1014
4339,4339,8.678000,1,1004
4340,4340,8.680000,1,988
4341,4341,8.682000,1,987
4342,4342,8.684000,1,1002
4343,4343,8.686000,1,1013
4344,4344,8.688000,1,1005
4345,4345,8.690000,1,990
4346,4346,8.692000,1,991
4347,4347,8.694000,1,1004
4348,4348,8.696000,1,1010
4349,4349,8.698000,1,1000
4350,4350,8.700000,1,989
4351,4351,8.702000,1,993
4352,4352,8.704000,0,1007
4353,4353,8.706000,0,1010
4354,4354,8.708000,0,999
4355,4355,8.710000,0,990
4356,4356,8.712000,0,994
4357,4357,8.714000,0,1005
4358,4358,8.716000,0,1007
4359,4359,8.718000,0,1000
4360,4360,8.720000,0,994
4361,4361,8.722000,0,996
4362,4362,8.724000,0,1002
4363,4363,8.726000,0,1004
4364,4364,8.728000,0,999
4365,4365,8.730000,0,995
4366,4366,8.732000,0,998
4367,4367,8.734000,0,1004
4368,4368,8.736000,0,1003
4369,4369,8.738000,0,996
4370,4370,8.740000,0,993
4371,4371,8.742000,0,1000
4372,4372,8.744000,0,1007
4373,4373,8.746000,0,1003
4374,4374,8.748000,0,994
4375,4375,8.750000,0,993
4376,4376,8.752000,0,1003
4377,4377,8.754000,0,1008
4378,4378,8.756000,0,1000
4379,4379,8.758000,0,990
4380,4380,8.760000,0,993
4381,4381,8.762000,0,1007
4382,4382,8.764000,0,1011
4383,4383,8.766000,0,1000
4384,4384,8.768000,0,988
4385,4385,8.770000,0,990
4386,4386,8.772000,0,1005
4387,4387,8.774000,0,1012
4388,4388,8.776000,0,1004
4389,4389,8.778000,0,991
4390,4390,8.780000,0,990
4391,4391,8.782000,0,1000
4392,4392,8.784000,0,1007
4393,4393,8.786000,0,1004
4394,4394,8.788000,0,996
4395,4395,8.790000,0,995
4396,4396,8.792000,0,1000
4397,4397,8.794000,0,1002
4398,4398,8.796000,0,999
4399,4399,8.798000,0,996
4400,4400,8.800000,0,999
4401,4401,8.802000,0,1006
4402,4402,8.804000,0,1005
4403,4403,8.806000,0,995
4404,4404,8.808000,0,990
4405,4405,8.810000,0,996
4406,4406,8.812000,0,1008
4407,4407,8.814000,0,1009
4408,4408,8.816000,0,999
4409,4409,8.818000,0,990
4410,4410,8.820000,0,993
4411,4411,8.822000,0,1003
4412,4412,8.824000,0,1006
4413,4413,8.826000,0,1000
4414,4414,8.828000,0,997
4415,4415,8.830000,0,999
4416,4416,8.832000,0,1002
4417,4417,8.834000,0,999
4418,4418,8.836000,0,994
4419,4419,8.838000,0,997
4420,4420,8.840000,0,1005
4421,4421,8.842000,0,1007
4422,4422,8.844000,0,999
4423,4423,8.846000,0,991
4424,4424,8.848000,0,994
4425,4425,8.850000,0,1003
4426,4426,8.852000,0,1007
4427,4427,8.854000,0,1002
4428,4428,8.856000,0,994
4429,4429,8.858000,0,994
4430,4430,8.860000,0,1001
4431,4431,8.862000,0,1005
4432,4432,8.864000,0,1001
4433,4433,8.866000,0,994
4434,4434,8.868000,0,994
4435,4435,8.870000,0,1003
4436,4436,8.872000,0,1008
4437,4437,8.874000,0,1002
4438,4438,8.876000,0,992
4439,4439,8.878000,0,991
4440,4440,8.880000,0,1001
4441,4441,8.882000,0,1008
4442,4442,8.884000,0,1004
4443,4443,8.886000,0,995
4444,4444,8.888000,0,994
4445,4445,8.890000,0,1001
4446,4446,8.892000,0,1004
4447,4447,8.894000,0,999
4448,4448,8.896000,0,994
4449,4449,8.898000,0,998
4450,4450,8.900000,0,1006
4451,4451,8.902000,0,1005
4452,4452,8.904000,0,996
4453,4453,8.906000,0,991
4454,4454,8.908000,0,998
4455,4455,8.910000,0,1007
4456,4456,8.912000,0,1007
4457,4457,8.914000,0,996
4458,4458,8.916000,0,990
4459,4459,8.918000,0,997
4460,4460,8.920000,0,1007
4461,4461,8.922000,0,1006
4462,4462,8.924000,0,996
4463,4463,8.926000,0,992
4464,4464,8.928000,0,999
4465,4465,8.930000,0,1007
4466,4466,8.932000,0,1003
4467,4467,8.934000,0,994
4468,4468,8.936000,0,994
4469,4469,8.938000,0,1003
4470,4470,8.940000,0,1008
4471,4471,8.942000,0,1000
4472,4472,8.944000,0,992
4473,4473,8.946000,0,994
4474,4474,8.948000,0,1003
4475,4475,8.950000,0,1007
4476,4476,8.952000,0,1001
4477,4477,8.954000,0,994
4478,4478,8.956000,0,996
4479,4479,8.958000,0,1002
4480,4480,8.960000,0,1003
4481,4481,8.962000,0,997
4482,4482,8.964000,0,995
4483,4483,8.966000,0,1001
4484,4484,8.968000,0,1007
4485,4485,8.970000,0,1002
4486,4486,8.972000,0,992
4487,4487,8.974000,0,992
4488,4488,8.976000,0,1002
4489,4489,8.978000,0,1010
4490,4490,8.980000,0,1004
4491,4491,8.982000,0,993
4492,4492,8.984000,0,991
4493,4493,8.986000,0,1001
4494,4494,8.988000,0,1007
4495,4495,8.990000,0,1002
4496,4496,8.992000,0,995
4497,4497,8.994000,0,995
4498,4498,8.996000,0,1002
4499,4499,8.998000,0,1005
4500,4500,9.000000,0,1000
4501,4501,9.002000,0,993
4502,4502,9.004000,0,994
4503,4503,9.006000,0,1002
4504,4504,9.008000,0,1008
4505,4505,9.010000,0,1004
4506,4506,9.012000,0,995
4507,4507,9.014000,0,990
4508,4508,9.016000,0,996
4509,4509,9.018000,0,1005
4510,4510,9.020000,0,1008
4511,4511,9.022000,0,1002
4512,4512,9.024000,0,995
4513,4513,9.026000,0,995
4514,4514,9.028000,0,998
4515,4515,9.030000,0,1001
4516,4516,9.032000,0,1001
4517,4517,9.034000,0,1001
4518,4518,9.036000,0,1003
4519,4519,9.038000,0,1001
4520,4520,9.040000,0,995
4521,4521,9.042000,0,992
4522,4522,9.044000,0,999
4523,4523,9.046000,0,1007
4524,4524,9.048000,0,1007
4525,4525,9.050000,0,999
4526,4526,9.052000,0,993
4527,4527,9.054000,0,995
4528,4528,9.056000,0,1000
4529,4529,9.058000,0,1003
4530,4530,9.060000,0,1003
4531,4531,9.062000,0,1001
4532,4532,9.064000,0,999
4533,4533,9.066000,0,997
4534,4534,9.068000,0,996
4535,4535,9.070000,0,998
4536,4536,9.072000,0,1003
4537,4537,9.074000,0,1006
4538,4538,9.076000,0,1002
4539,4539,9.078000,0,994
4540,4540,9.080000,0,991
4541,4541,9.082000,0,998
4542,4542,9.084000,0,1008
4543,4543,9.086000,0,1007
4544,4544,9.088000,0,998
4545,4545,9.090000,0,991
4546,4546,9.092000,0,995
4547,4547,9.094000,0,1003
4548,4548,9.096000,0,1005
4549,4549,9.098000,0,1000
4550,4550,9.100000,0,996
4551,4551,9.102000,0,999
4552,4552,9.104000,0,1002
4553,4553,9.106000,0,999
4554,4554,9.108000,0,994
4555,4555,9.110000,0,997
4556,4556,9.112000,0,1005
4557,4557,9.114000,0,1007
4558,4558,9.116000,0,999
4559,4559,9.118000,0,991
4560,4560,9.120000,0,993
4561,4561,9.122000,0,1003
4562,4562,9.124000,0,1008
4563,4563,9.126000,0,1003
4564,4564,9.128000,0,994
4565,4565,9.130000,0,993
4566,4566,9.132000,0,999
4567,4567,9.134000,0,1006
4568,4568,9.136000,0,1004
4569,4569,9.138000,0,996
4570,4570,9.140000,0,991
4571,4571,9.142000,0,998
4572,4572,9.144000,0,1008
4573,4573,9.146000,0,1008
4574,4574,9.148000,0,998
4575,4575,9.150000,0,989
4576,4576,9.152000,0,993
4577,4577,9.154000,0,1004
4578,4578,9.156000,0,1009
4579,4579,9.158000,0,1003
4580,4580,9.160000,0,996
4581,4581,9.162000,0,995
4582,4582,9.164000,0,999
4583,4583,9.166000,0,1000
4584,4584,9.168000,0,999
4585,4585,9.170000,0,1001
4586,4586,9.172000,0,1004
4587,4587,9.174000,0,1002
4588,4588,9.176000,0,995
4589,4589,9.178000,0,992
4590,4590,9.180000,0,998
4591,4591,9.182000,0,1007
4592,4592,9.184000,0,1007
4593,4593,9.186000,0,998
4594,4594,9.188000,0,991
4595,4595,9.190000,0,994
4596,4596,9.192000,0,1003
4597,4597,9.194000,0,1005
4598,4598,9.196000,0,1001
4599,4599,9.198000,0,997
4600,4600,9.200000,0,998
4601,4601,9.202000,0,1001
4602,4602,9.204000,0,1000
4603,4603,9.206000,0,996
4604,4604,9.208000,0,997
4605,4605,9.210000,0,1003
4606,4606,9.212000,0,1006
4607,4607,9.214000,0,999
4608,4608,9.216000,0,991
4609,4609,9.218000,0,993
4610,4610,9.220000,0,1004
4611,4611,9.222000,0,1010
4612,4612,9.224000,0,1002
4613,4613,9.226000,0,991
4614,4614,9.228000,0,992
4615,4615,9.230000,0,1002
4616,4616,9.232000,0,1007
4617,4617,9.234000,0,1002
4618,4618,9.236000,0,996
4619,4619,9.238000,0,996
4620,4620,9.240000,0,1000
4621,4621,9.242000,0,1001
4622,4622,9.244000,0,998
4623,4623,9.246000,0,998
4624,4624,9.248000,0,1002
4625,4625,9.250000,0,1003
4626,4626,9.252000,0,998
4627,4627,9.254000,0,995
4628,4628,9.256000,0,999
4629,4629,9.258000,0,1002
4630,4630,9.260000,0,1000
4631,4631,9.262000,0,997
4632,4632,9.264000,0,999
4633,4633,9.266000,0,1003
4634,4634,9.268000,0,1001
4635,4635,9.270000,0,996
4636,4636,9.272000,0,996
4637,4637,9.274000,0,1001
4638,4638,9.276000,0,1005
4639,4639,9.278000,0,1002
4640,4640,9.280000,0,995
4641,4641,9.282000,0,994
4642,4642,9.284000,0,1000
4643,4643,9.286000,0,1005
4644,4644,9.288000,0,1003
4645,4645,9.290000,0,996
4646,4646,9.292000,0,994
4647,4647,9.294000,0,999
4648,4648,9.296000,0,1003
4649,4649,9.298000,0,1002
4650,4650,9.300000,0,998
4651,4651,9.302000,0,997
4652,4652,9.304000,0,1000
4653,4653,9.306000,0,1001
4654,4654,9.308000,0,999
4655,4655,9.310000,0,998
4656,4656,9.312000,0,1000
4657,4657,9.314000,0,1001
4658,4658,9.316000,0,999
4659,4659,9.318000,0,997
4660,4660,9.320000,0,998
4661,4661,9.322000,0,1001
4662,4662,9.324000,0,1002
4663,4663,9.326000,0,1000
4664,4664,9.328000,0,998
4665,4665,9.330000,0,999
4666,4666,9.332000,0,1001
4667,4667,9.334000,0,1000
4668,4668,9.336000,0,997
4669,4669,9.338000,0,997
4670,4670,9.340000,0,1003
4671,4671,9.342000,0,1006
4672,4672,9.344000,0,999
4673,4673,9.346000,0,991
4674,4674,9.348000,0,993
4675,4675,9.350000,0,1005
4676,4676,9.352000,0,1010
4677,4677,9.354000,0,1001
4678,4678,9.356000,0,990
4679,4679,9.358000,0,993
4680,4680,9.360000,0,1004
4681,4681,9.362000,0,1009
4682,4682,9.364000,0,1001
4683,4683,9.366000,0,992
4684,4684,9.368000,0,994
4685,4685,9.370000,0,1002
4686,4686,9.372000,0,1004
4687,4687,9.374000,0,1000
4688,4688,9.376000,0,997
4689,4689,9.378000,0,999
4690,4690,9.380000,0,1002
4691,4691,9.382000,0,999
4692,4692,9.384000,0,995
4693,4693,9.386000,0,998
4694,4694,9.388000,0,1005
4695,4695,9.390000,0,1005
4696,4696,9.392000,0,997
4697,4697,9.394000,0,991
4698,4698,9.396000,0,996
4699,4699,9.398000,0,1006
4700,4700,9.400000,0,1008
4701,4701,9.402000,0,1000
4702,4702,9.404000,0,992
4703,4703,9.406000,0,993
4704,4704,9.408000,0,1001
4705,4705,9.410000,0,1006
4706,4706,9.412000,0,1003
4707,4707,9.414000,0,997
4708,4708,9.416000,0,996
4709,4709,9.418000,0,999
4710,4710,9.420000,0,1000
4711,4711,9.422000,0,999
4712,4712,9.424000,0,999
4713,4713,9.426000,0,1003
4714,4714,9.428000,0,1003
4715,4715,9.430000,0,996
4716,4716,9.432000,0,991
4717,4717,9.434000,0,997
4718,4718,9.436000,0,1007
4719,4719,9.438000,0,1008
4720,4720,9.440000,0,999
4721,4721,9.442000,0,991
4722,4722,9.444000,0,995
4723,4723,9.446000,0,1003
4724,4724,9.448000,0,1005
4725,4725,9.450000,0,1000
4726,4726,9.452000,0,996
4727,4727,9.454000,0,999
4728,4728,9.456000,0,1002
4729,4729,9.458000,0,999
4730,4730,9.460000,0,995
4731,4731,9.462000,0,997
4732,4732,9.464000,0,1005
4733,4733,9.466000,0,1007
4734,4734,9.468000,0,999
4735,4735,9.470000,0,990
4736,4736,9.472000,0,993
4737,4737,9.474000,0,1005
4738,4738,9.476000,0,1010
4739,4739,9.478000,0,1002
4740,4740,9.480000,0,992
4741,4741,9.482000,0,992
4742,4742,9.484000,0,1000
4743,4743,9.486000,0,1006
4744,4744,9.488000,0,1003
4745,4745,9.490000,0,998
4746,4746,9.492000,0,998
4747,4747,9.494000,0,1000
4748,4748,9.496000,0,998
4749,4749,9.498000,0,995
4750,4750,9.500000,0,999
4751,4751,9.502000,0,1007
4752,4752,9.504000,0,1007
4753,4753,9.506000,0,995
4754,4754,9.508000,0,987
4755,4755,9.510000,0,995
4756,4756,9.512000,0,1009
4757,4757,9.514000,0,1010
4758,4758,9.516000,0,998
4759,4759,9.518000,0,989
4760,4760,9.520000,0,994
4761,4761,9.522000,0,1005
4762,4762,9.524000,0,1006
4763,4763,9.526000,0,999
4764,4764,9.528000,0,995
4765,4765,9.530000,0,997
4766,4766,9.532000,0,1002
4767,4767,9.534000,0,1002
4768,4768,9.536000,0,998
4769,4769,9.538000,0,997
4770,4770,9.540000,0,1001
4771,4771,9.542000,0,1003
4772,4772,9.544000,0,999
4773,4773,9.546000,0,994
4774,4774,9.548000,0,997
4775,4775,9.550000,0,1005
4776,4776,9.552000,0,1006
4777,4777,9.554000,0,999
4778,4778,9.556000,0,992
4779,4779,9.558000,0,994
4780,4780,9.560000,0,1003
4781,4781,9.562000,0,1006
4782,4782,9.564000,0,1002
4783,4783,9.566000,0,996
4784,4784,9.568000,0,996
4785,4785,9.570000,0,1000
4786,4786,9.572000,0,1001
4787,4787,9.574000,0,999
4788,4788,9.576000,0,999
4789,4789,9.578000,0,1003
4790,4790,9.580000,0,1002
4791,4791,9.582000,0,996
4792,4792,9.584000,0,993
4793,4793,9.586000,0,999
4794,4794,9.588000,0,1007
4795,4795,9.590000,0,1006
4796,4796,9.592000,0,996
4797,4797,9.594000,0,990
4798,4798,9.596000,0,997
4799,4799,9.598000,0,1007
4800,4800,9.600000,0,1007
4801,4801,9.602000,0,998
4802,4802,9.604000,0,992
4803,4803,9.606000,0,995
4804,4804,9.608000,0,1002
4805,4805,9.610000,0,1004
4806,4806,9.612000,0,1001
4807,4807,9.614000,0,999
4808,4808,9.616000,0,999
4809,4809,9.618000,0,999
4810,4810,9.620000,0,998
4811,4811,9.622000,0,997
4812,4812,9.624000,0,1000
4813,4813,9.626000,0,1004
4814,4814,9.628000,0,1004
4815,4815,9.630000,0,997
4816,4816,9.632000,0,992
4817,4817,9.634000,0,997
4818,4818,9.636000,0,1005
4819,4819,9.638000,0,1006
4820,4820,9.640000,0,999
4821,4821,9.642000,0,993
4822,4822,9.644000,0,996
4823,4823,9.646000,0,1002
4824,4824,9.648000,0,1003
4825,4825,9.650000,0,999
4826,4826,9.652000,0,997
4827,4827,9.654000,0,999
4828,4828,9.656000,0,1002
4829,4829,9.658000,0,1000
4830,4830,9.660000,0,996
4831,4831,9.662000,0,998
4832,4832,9.664000,0,1003
4833,4833,9.666000,0,1004
4834,4834,9.668000,0,998
4835,4835,9.670000,0,994
4836,4836,9.672000,0,997
4837,4837,9.674000,0,1004
4838,4838,9.676000,0,1005
4839,4839,9.678000,0,999
4840,4840,9.680000,0,994
4841,4841,9.682000,0,996
4842,4842,9.684000,0,1003
4843,4843,9.686000,0,1006
4844,4844,9.688000,0,1000
4845,4845,9.690000,0,993
4846,4846,9.692000,0,993
4847,4847,9.694000,0,1001
4848,4848,9.696000,0,1008
4849,4849,9.698000,0,1005
4850,4850,9.700000,0,996
4851,4851,9.702000,0,991
4852,4852,9.704000,0,996
4853,4853,9.706000,0,1003
4854,4854,9.708000,0,1005
4855,4855,9.710000,0,1001
4856,4856,9.712000,0,999
4857,4857,9.714000,0,998
4858,4858,9.716000,0,998
4859,4859,9.718000,0,996
4860,4860,9.720000,0,998
4861,4861,9.722000,0,1003
4862,4862,9.724000,0,1006
4863,4863,9.726000,0,1001
4864,4864,9.728000,0,993
4865,4865,9.730000,0,992
4866,4866,9.732000,0,999
4867,4867,9.734000,0,1007
4868,4868,9.736000,0,1007
4869,4869,9.738000,0,999
4870,4870,9.740000,0,992
4871,4871,9.742000,0,993
4872,4872,9.744000,0,1001
4873,4873,9.746000,0,1007
4874,4874,9.748000,0,1004
4875,4875,9.750000,0,997
4876,4876,9.752000,0,995
4877,4877,9.754000,0,999
4878,4878,9.756000,0,1002
4879,4879,9.758000,0,1001
4880,4880,9.760000,0,998
4881,4881,9.762000,0,999
4882,4882,9.764000,0,1002
4883,4883,9.766000,0,1001
4884,4884,9.768000,0,997
4885,4885,9.770000,0,996
4886,4886,9.772000,0,1000
4887,4887,9.774000,0,1004
4888,4888,9.776000,0,1001
4889,4889,9.778000,0,996
4890,4890,9.780000,0,995
4891,4891,9.782000,0,1000
4892,4892,9.784000,0,1005
4893,4893,9.786000,0,1003
4894,4894,9.788000,0,996
4895,4895,9.790000,0,993
4896,4896,9.792000,0,998
4897,4897,9.794000,0,1006
4898,4898,9.796000,0,1007
4899,4899,9.798000,0,999
4900,4900,9.800000,0,992
4901,4901,9.802000,0,994
4902,4902,9.804000,0,1003
4903,4903,9.806000,0,1007
4904,4904,9.808000,0,1002
4905,4905,9.810000,0,994
4906,4906,9.812000,0,994
4907,4907,9.814000,0,1000
4908,4908,9.816000,0,1004
4909,4909,9.818000,0,1001
4910,4910,9.820000,0,998
4911,4911,9.822000,0,999
4912,4912,9.824000,0,1001
4913,4913,9.826000,0,998
4914,4914,9.828000,0,996
4915,4915,9.830000,0,999
4916,4916,9.832000,0,1005
4917,4917,9.834000,0,1004
4918,4918,9.836000,0,997
4919,4919,9.838000,0,994
4920,4920,9.840000,0,999
4921,4921,9.842000,0,1003
4922,4922,9.844000,0,1001
4923,4923,9.846000,0,997
4924,4924,9.848000,0,999
4925,4925,9.850000,0,1004
4926,4926,9.852000,0,1003
4927,4927,9.854000,0,995
4928,4928,9.856000,1,992
4929,4929,9.858000,1,999
4930,4930,9.860000,1,1008
4931,4931,9.862000,1,1007
4932,4932,9.864000,1,995
4933,4933,9.866000,1,990
4934,4934,9.868000,1,997
4935,4935,9.870000,1,1007
4936,4936,9.872000,1,1006
4937,4937,9.874000,1,997
4938,4938,9.876000,1,993
4939,4939,9.878000,1,998
4940,4940,9.880000,1,1004
4941,4941,9.882000,1,1003
4942,4942,9.884000,1,998
4943,4943,9.886000,1,996
4944,4944,9.888000,1,999
4945,4945,9.890000,1,1003
4946,4946,9.892000,1,1001
4947,4947,9.894000,1,997
4948,4948,9.896000,1,997
4949,4949,9.898000,1,1002
4950,4950,9.900000,1,1004
4951,4951,9.902000,1,999
4952,4952,9.904000,1,994
4953,4953,9.906000,1,995
4954,4954,9.908000,1,1003
4955,4955,9.910000,1,1007
4956,4956,9.912000,1,1002
4957,4957,9.914000,1,994
4958,4958,9.916000,1,991
4959,4959,9.918000,1,998
4960,4960,9.920000,1,1007
4961,4961,9.922000,1,1008
4962,4962,9.924000,1,999
4963,4963,9.926000,1,991
4964,4964,9.928000,1,993
4965,4965,9.930000,1,1002
4966,4966,9.932000,1,1006
4967,4967,9.934000,1,1002
4968,4968,9.936000,1,998
4969,4969,9.938000,1,998
4970,4970,9.940000,1,999
4971,4971,9.942000,1,997
4972,4972,9.944000,1,997
4973,4973,9.946000,1,1001
4974,4974,9.948000,1,1006
4975,4975,9.950000,1,1003
4976,4976,9.952000,1,995
4977,4977,9.954000,1,992
4978,4978,9.956000,1,998
4979,4979,9.958000,1,1006
4980,4980,9.960000,1,1005
4981,4981,9.962000,1,997
4982,4982,9.964000,1,992
4983,4983,9.966000,1,998
4984,4984,9.968000,1,1005
4985,4985,9.970000,1,1005
4986,4986,9.972000,1,997
4987,4987,9.974000,1,993
4988,4988,9.976000,1,997
4989,4989,9.978000,1,1003
4990,4990,9.980000,1,1003
4991,4991,9.982000,1,999
4992,4992,9.984000,1,997
4993,4993,9.986000,1,1000
4994,4994,9.988000,1,1002
4995,4995,9.990000,1,999
4996,4996,9.992000,1,995
4997,4997,9.994000,1,999
4998,4998,9.996000,1,1006
4999,4999,9.998000,1,1005
5000,5000,10.000000,1,996
5001,5001,10.002000,1,989
5002,5002,10.004000,1,996
5003,5003,10.006000,1,1009
5004,5004,10.008000,1,1010
5005,5005,10.010000,1,998
5006,5006,10.012000,1,989
5007,5007,10.014000,1,993
5008,5008,10.016000,1,1004
5009,5009,10.018000,1,1008
5010,5010,10.020000,1,1002
5011,5011,10.022000,1,996
5012,5012,10.024000,1,996
5013,5013,10.026000,1,999
5014,5014,10.028000,1,1001
5015,5015,10.030000,1,999
5016,5016,10.032000,1,1000
5017,5017,10.034000,1,1002
5018,5018,10.036000,1,1001
5019,5019,10.038000,1,997
5020,5020,10.040000,1,995
5021,5021,10.042000,1,999
5022,5022,10.044000,1,1004
5023,5023,10.046000,1,1002
5024,5024,10.048000,1,997
5025,5025,10.050000,1,996
5026,5026,10.052000,1,999
5027,5027,10.054000,1,1002
5028,5028,10.056000,1,1000
5029,5029,10.058000,1,999
5030,5030,10.060000,1,999
5031,5031,10.062000,1,999
5032,5032,10.064000,1,999
5033,5033,10.066000,1,999
5034,5034,10.068000,1,1001
5035,5035,10.070000,1,1003
5036,5036,10.072000,1,1002
5037,5037,10.074000,1,996
5038,5038,10.076000,1,991
5039,5039,10.078000,1,995
5040,5040,10.080000,1,1006
5041,5041,10.082000,1,1012
5042,5042,10.084000,1,1004
5043,5043,10.086000,1,988
5044,5044,10.088000,1,984
5045,5045,10.090000,1,997
5046,5046,10.092000,1,1013
5047,5047,10.094000,1,1014
5048,5048,10.096000,1,999
5049,5049,10.098000,1,987
5050,5050,10.100000,1,989
5051,5051,10.102000,1,1001
5052,5052,10.104000,1,1008
5053,5053,10.106000,1,1005
5054,5054,10.108000,1,999
5055,5055,10.110000,1,996
5056,5056,10.112000,1,997
5057,5057,10.114000,1,999
5058,5058,10.116000,1,1001
5059,5059,10.118000,1,1001
5060,5060,10.120000,1,1000
5061,5061,10.122000,1,998
5062,5062,10.124000,1,999
5063,5063,10.126000,1,1000
5064,5064,10.128000,1,999
5065,5065,10.130000,1,999
5066,5066,10.132000,1,1001
5067,5067,10.134000,1,1002
5068,5068,10.136000,1,999
5069,5069,10.138000,1,997
5070,5070,10.140000,1,999
5071,5071,10.142000,1,1002
5072,5072,10.144000,1,1001
5073,5073,10.146000,1,995
5074,5074,10.148000,1,994
5075,5075,10.150000,1,1004
5076,5076,10.152000,1,1013
5077,5077,10.154000,1,1007
5078,5078,10.156000,1,990
5079,5079,10.158000,1,980
5080,5080,10.160000,1,988
5081,5081,10.162000,1,1006
5082,5082,10.164000,1,1018
5083,5083,10.166000,1,1019
5084,5084,10.168000,1,1010
5085,5085,10.170000,1,991
5086,5086,10.172000,1,968
5087,5087,10.174000,1,962
5088,5088,10.176000,1,997
5089,5089,10.178000,1,1050
5090,5090,10.180000,1,1061
5091,5091,10.182000,1,1000
5092,5092,10.184000,1,931
5093,5093,10.186000,1,936
5094,5094,10.188000,1,1012
5095,5095,10.190000,1,1069
5096,5096,10.192000,1,1047
5097,5097,10.194000,1,977
5098,5098,10.196000,1,935
5099,5099,10.198000,1,961
5100,5100,10.200000,1,1031
5101,5101,10.202000,1,1072
5102,5102,10.204000,1,1036
5103,5103,10.206000,1,956
5104,5104,10.208000,1,916
5105,5105,10.210000,1,963
5106,5106,10.212000,1,1048
5107,5107,10.214000,1,1085
5108,5108,10.216000,1,1037
5109,5109,10.218000,1,957
5110,5110,10.220000,1,924
5111,5111,10.222000,1,964
5112,5112,10.224000,1,1029
5113,5113,10.226000,1,1054
5114,5114,10.228000,1,1026
5115,5115,10.230000,1,989
5116,5116,10.232000,1,979
5117,5117,10.234000,1,985
5118,5118,10.236000,1,979
5119,5119,10.238000,1,978
5120,5120,10.240000,1,1012
5121,5121,10.242000,1,1060
5122,5122,10.244000,1,1055
5123,5123,10.246000,1,976
5124,5124,10.248000,1,903
5125,5125,10.250000,1,931
5126,5126,10.252000,1,1042
5127,5127,10.254000,1,1109
5128,5128,10.256000,1,1055
5129,5129,10.258000,1,947
5130,5130,10.260000,1,911
5131,5131,10.262000,1,970
5132,5132,10.264000,1,1041
5133,5133,10.266000,1,1045
5134,5134,10.268000,1,1004
5135,5135,10.270000,1,985
5136,5136,10.272000,1,999
5137,5137,10.274000,1,1006
5138,5138,10.276000,1,985
5139,5139,10.278000,1,973
5140,5140,10.280000,1,997
5141,5141,10.282000,1,1029
5142,5142,10.284000,1,1029
5143,5143,10.286000,1,998
5144,5144,10.288000,1,975
5145,5145,10.290000,1,979
5146,5146,10.292000,1,996
5147,5147,10.294000,1,1007
5148,5148,10.296000,1,1012
5149,5149,10.298000,1,1011
5150,5150,10.300000,1,1003
5151,5151,10.302000,1,994
5152,5152,10.304000,1,990
5153,5153,10.306000,1,992
5154,5154,10.308000,1,994
5155,5155,10.310000,1,1000
5156,5156,10.312000,1,1011
5157,5157,10.314000,1,1015
5158,5158,10.316000,1,1002
5159,5159,10.318000,1,988
5160,5160,10.320000,1,991
5161,5161,10.322000,1,1002
5162,5162,10.324000,1,1000
5163,5163,10.326000,1,986
5164,5164,10.328000,1,990
5165,5165,10.330000,1,1021
5166,5166,10.332000,1,1041
5167,5167,10.334000,1,1011
5168,5168,10.336000,1,956
5169,5169,10.338000,1,945
5170,5170,10.340000,1,997
5171,5171,10.342000,1,1048
5172,5172,10.344000,1,1042
5173,5173,10.346000,1,995
5174,5174,10.348000,1,966
5175,5175,10.350000,1,977
5176,5176,10.352000,1,1002
5177,5177,10.354000,1,1013
5178,5178,10.356000,1,1009
5179,5179,10.358000,1,1001
5180,5180,10.360000,1,996
5181,5181,10.362000,1,997
5182,5182,10.364000,1,1002
5183,5183,10.366000,1,1001
5184,5184,10.368000,1,991
5185,5185,10.370000,1,988
5186,5186,10.372000,1,1006
5187,5187,10.374000,1,1024
5188,5188,10.376000,1,1010
5189,5189,10.378000,1,977
5190,5190,10.380000,1,970
5191,5191,10.382000,1,1000
5192,5192,10.384000,1,1027
5193,5193,10.386000,1,1020
5194,5194,10.388000,1,996
5195,5195,10.390000,1,986
5196,5196,10.392000,1,992
5197,5197,10.394000,1,994
5198,5198,10.396000,1,991
5199,5199,10.398000,1,999
5200,5200,10.400000,1,1019
5201,5201,10.402000,1,1023
5202,5202,10.404000,1,999
5203,5203,10.406000,1,971
5204,5204,10.408000,1,977
5205,5205,10.410000,1,1007
5206,5206,10.412000,1,1022
5207,5207,10.414000,1,1006
5208,5208,10.416000,1,985
5209,5209,10.418000,1,991
5210,5210,10.420000,1,1015
5211,5211,10.422000,1,1022
5212,5212,10.424000,1,998
5213,5213,10.426000,1,966
5214,5214,10.428000,1,959
5215,5215,10.430000,1,993
5216,5216,10.432000,1,1047
5217,5217,10.434000,1,1068
5218,5218,10.436000,1,1021
5219,5219,10.438000,1,942
5220,5220,10.440000,1,911
5221,5221,10.442000,1,965
5222,5222,10.444000,1,1053
5223,5223,10.446000,1,1090
5224,5224,10.448000,1,1044
5225,5225,10.450000,1,963
5226,5226,10.452000,1,923
5227,5227,10.454000,1,954
5228,5228,10.456000,1,1015
5229,5229,10.458000,1,1047
5230,5230,10.460000,1,1036
5231,5231,10.462000,1,1010
5232,5232,10.464000,1,990
5233,5233,10.466000,1,974
5234,5234,10.468000,1,962
5235,5235,10.470000,1,975
5236,5236,10.472000,1,1020
5237,5237,10.474000,1,1061
5238,5238,10.476000,1,1046
5239,5239,10.478000,1,977
5240,5240,10.480000,1,924
5241,5241,10.482000,1,949
5242,5242,10.484000,1,1028
5243,5243,10.486000,1,1074
5244,5244,10.488000,1,1039
5245,5245,10.490000,1,966
5246,5246,10.492000,1,937
5247,5247,10.494000,1,980
5248,5248,10.496000,1,1036
5249,5249,10.498000,1,1041
5250,5250,10.500000,1,998
5251,5251,10.502000,1,966
5252,5252,10.504000,1,982
5253,5253,10.506000,1,1019
5254,5254,10.508000,1,1029
5255,5255,10.510000,1,996
5256,5256,10.512000,1,963
5257,5257,10.514000,1,973
5258,5258,10.516000,1,1019
5259,5259,10.518000,1,1049
5260,5260,10.520000,1,1023
5261,5261,10.522000,1,967
5262,5262,10.524000,1,947
5263,5263,10.526000,1,986
5264,5264,10.528000,1,1038
5265,5265,10.530000,1,1043
5266,5266,10.532000,1,997
5267,5267,10.534000,1,957
5268,5268,10.536000,1,974
5269,5269,10.538000,1,1024
5270,5270,10.540000,1,1041
5271,5271,10.542000,1,1004
5272,5272,10.544000,1,960
5273,5273,10.546000,1,965
5274,5274,10.548000,1,1009
5275,5275,10.550000,1,1040
5276,5276,10.552000,1,1025
5277,5277,10.554000,1,989
5278,5278,10.556000,1,973
5279,5279,10.558000,1,980
5280,5280,10.560000,1,992
5281,5281,10.562000,1,1005
5282,5282,10.564000,1,1024
5283,5283,10.566000,1,1033
5284,5284,10.568000,1,1006
5285,5285,10.570000,1,961
5286,5286,10.572000,1,951
5287,5287,10.574000,1,996
5288,5288,10.576000,1,1047
5289,5289,10.578000,1,1043
5290,5290,10.580000,1,995
5291,5291,10.582000,1,962
5292,5292,10.584000,1,971
5293,5293,10.586000,1,995
5294,5294,10.588000,1,1009
5295,5295,10.590000,1,1020
5296,5296,10.592000,1,1033
5297,5297,10.594000,1,1022
5298,5298,10.596000,1,972
5299,5299,10.598000,1,928
5300,5300,10.600000,1,955
5301,5301,10.602000,1,1044
5302,5302,10.604000,1,1099
5303,5303,10.606000,1,1048
5304,5304,10.608000,1,941
5305,5305,10.610000,1,896
5306,5306,10.612000,1,958
5307,5307,10.614000,1,1052
5308,5308,10.616000,1,1084
5309,5309,10.618000,1,1039
5310,5310,10.620000,1,973
5311,5311,10.622000,1,941
5312,5312,10.624000,1,955
5313,5313,10.626000,1,996
5314,5314,10.628000,1,1035
5315,5315,10.630000,1,1050
5316,5316,10.632000,1,1029
5317,5317,10.634000,1,982
5318,5318,10.636000,1,947
5319,5319,10.638000,1,956
5320,5320,10.640000,1,1005
5321,5321,10.642000,1,1048
5322,5322,10.644000,1,1044
5323,5323,10.646000,1,998
5324,5324,10.648000,1,960
5325,5325,10.650000,1,965
5326,5326,10.652000,1,1003
5327,5327,10.654000,1,1030
5328,5328,10.656000,1,1018
5329,5329,10.658000,1,986
5330,5330,10.660000,1,977
5331,5331,10.662000,1,1002
5332,5332,10.664000,1,1021
5333,5333,10.666000,1,1009
5334,5334,10.668000,1,982
5335,5335,10.670000,1,979
5336,5336,10.672000,1,1003
5337,5337,10.674000,1,1025
5338,5338,10.676000,1,1018
5339,5339,10.678000,1,988
5340,5340,10.680000,1,963
5341,5341,10.682000,1,974
5342,5342,10.684000,1,1022
5343,5343,10.686000,1,1056
5344,5344,10.688000,1,1027
5345,5345,10.690000,1,960
5346,5346,10.692000,1,936
5347,5347,10.694000,1,985
5348,5348,10.696000,1,1043
5349,5349,10.698000,1,1046
5350,5350,10.700000,1,1004
5351,5351,10.702000,1,974
5352,5352,10.704000,1,977
5353,5353,10.706000,1,991
5354,5354,10.708000,1,999
5355,5355,10.710000,1,1009
5356,5356,10.712000,1,1023
5357,5357,10.714000,1,1017
5358,5358,10.716000,1,985
5359,5359,10.718000,1,961
5360,5360,10.720000,1,983
5361,5361,10.722000,1,1030
5362,5362,10.724000,1,1041
5363,5363,10.726000,1,1000
5364,5364,10.728000,1,959
5365,5365,10.730000,1,968
5366,5366,10.732000,1,1013
5367,5367,10.734000,1,1037
5368,5368,10.736000,1,1014
5369,5369,10.738000,1,979
5370,5370,10.740000,1,975
5371,5371,10.742000,1,1002
5372,5372,10.744000,1,1020
5373,5373,10.746000,1,1008
5374,5374,10.748000,1,985
5375,5375,10.750000,1,979
5376,5376,10.752000,1,997
5377,5377,10.754000,1,1024
5378,5378,10.756000,1,1030
5379,5379,10.758000,1,999
5380,5380,10.760000,1,959
5381,5381,10.762000,1,960
5382,5382,10.764000,1,1011
5383,5383,10.766000,1,1052
5384,5384,10.768000,1,1031
5385,5385,10.770000,1,973
5386,5386,10.772000,1,954
5387,5387,10.774000,1,994
5388,5388,10.776000,1,1033
5389,5389,10.778000,1,1019
5390,5390,10.780000,1,978
5391,5391,10.782000,1,975
5392,5392,10.784000,1,1013
5393,5393,10.786000,1,1035
5394,5394,10.788000,1,1004
5395,5395,10.790000,1,959
5396,5396,10.792000,1,964
5397,5397,10.794000,1,1020
5398,5398,10.796000,1,1056
5399,5399,10.798000,1,1023
5400,5400,10.800000,1,958
5401,5401,10.802000,1,941
5402,5402,10.804000,1,994
5403,5403,10.806000,1,1054
5404,5404,10.808000,1,1048
5405,5405,10.810000,1,985
5406,5406,10.812000,1,942
5407,5407,10.814000,1,971
5408,5408,10.816000,1,1029
5409,5409,10.818000,1,1045
5410,5410,10.820000,1,1004
5411,5411,10.822000,1,967
5412,5412,10.824000,1,978
5413,5413,10.826000,1,1013
5414,5414,10.828000,1,1021
5415,5415,10.830000,1,1000
5416,5416,10.832000,1,987
5417,5417,10.834000,1,996
5418,5418,10.836000,1,1000
5419,5419,10.838000,1,991
5420,5420,10.840000,1,995
5421,5421,10.842000,1,1022
5422,5422,10.844000,1,1033
5423,5423,10.846000,1,997
5424,5424,10.848000,1,949
5425,5425,10.850000,1,952
5426,5426,10.852000,1,1015
5427,5427,10.854000,1,1068
5428,5428,10.856000,1,1046
5429,5429,10.858000,1,973
5430,5430,10.860000,1,932
5431,5431,10.862000,1,963
5432,5432,10.864000,1,1024
5433,5433,10.866000,1,1052
5434,5434,10.868000,1,1030
5435,5435,10.870000,1,987
5436,5436,10.872000,1,965
5437,5437,10.874000,1,975
5438,5438,10.876000,1,998
5439,5439,10.878000,1,1014
5440,5440,10.880000,1,1018
5441,5441,10.882000,1,1015
5442,5442,10.884000,1,1005
5443,5443,10.886000,1,986
5444,5444,10.888000,1,975
5445,5445,10.890000,1,987
5446,5446,10.892000,1,1009
5447,5447,10.894000,1,1016
5448,5448,10.896000,1,1006
5449,5449,10.898000,1,1003
5450,5450,10.900000,1,1005
5451,5451,10.902000,1,994
5452,5452,10.904000,1,976
5453,5453,10.906000,1,979
5454,5454,10.908000,1,1010
5455,5455,10.910000,1,1036
5456,5456,10.912000,1,1026
5457,5457,10.914000,1,986
5458,5458,10.916000,1,954
5459,5459,10.918000,1,969
5460,5460,10.920000,1,1019
5461,5461,10.922000,1,1049
5462,5462,10.924000,1,1024
5463,5463,10.926000,1,977
5464,5464,10.928000,1,964
5465,5465,10.930000,1,988
5466,5466,10.932000,1,1010
5467,5467,10.934000,1,1012
5468,5468,10.936000,1,1007
5469,5469,10.938000,1,1006
5470,5470,10.940000,1,1001
5471,5471,10.942000,1,993
5472,5472,10.944000,1,990
5473,5473,10.946000,1,996
5474,5474,10.948000,1,1000
5475,5475,10.950000,1,998
5476,5476,10.952000,1,999
5477,5477,10.954000,1,1011
5478,5478,10.956000,1,1019
5479,5479,10.958000,1,1003
5480,5480,10.960000,1,975
5481,5481,10.962000,1,967
5482,5482,10.964000,1,993
5483,5483,10.966000,1,1029
5484,5484,10.968000,1,1040
5485,5485,10.970000,1,1011
5486,5486,10.972000,1,967
5487,5487,10.974000,1,954
5488,5488,10.976000,1,989
5489,5489,10.978000,1,1038
5490,5490,10.980000,1,1046
5491,5491,10.982000,1,1003
5492,5492,10.984000,1,955
5493,5493,10.986000,1,955
5494,5494,10.988000,1,1003
5495,5495,10.990000,1,1050
5496,5496,10.992000,1,1044
5497,5497,10.994000,1,990
5498,5498,10.996000,1,947
5499,5499,10.998000,1,961
5500,5500,11.000000,1,1010
5501,5501,11.002000,1,1038
5502,5502,11.004000,1,1026
5503,5503,11.006000,1,1001
5504,5504,11.008000,1,988
5505,5505,11.010000,1,984
5506,5506,11.012000,1,978
5507,5507,11.014000,1,980
5508,5508,11.016000,1,1003
5509,5509,11.018000,1,1038
5510,5510,11.020000,1,1048
5511,5511,11.022000,1,1010
5512,5512,11.024000,1,948
5513,5513,11.026000,1,925
5514,5514,11.028000,1,976
5515,5515,11.030000,1,1061
5516,5516,11.032000,1,1091
5517,5517,11.034000,1,1029
5518,5518,11.036000,1,932
5519,5519,11.038000,1,904
5520,5520,11.040000,1,975
5521,5521,11.042000,1,1069
5522,5522,11.044000,1,1082
5523,5523,11.046000,1,1006
5524,5524,11.048000,1,938
5525,5525,11.050000,1,953
5526,5526,11.052000,1,1012
5527,5527,11.054000,1,1032
5528,5528,11.056000,1,1003
5529,5529,11.058000,1,985
5530,5530,11.060000,1,1007
5531,5531,11.062000,1,1025
5532,5532,11.064000,1,1002
5533,5533,11.066000,1,966
5534,5534,11.068000,1,966
5535,5535,11.070000,1,1003
5536,5536,11.072000,1,1037
5537,5537,11.074000,1,1034
5538,5538,11.076000,1,1000
5539,5539,11.078000,1,967
5540,5540,11.080000,1,966
5541,5541,11.082000,1,998
5542,5542,11.084000,1,1026
5543,5543,11.086000,1,1021
5544,5544,11.088000,1,998
5545,5545,11.090000,1,988
5546,5546,11.092000,1,993
5547,5547,11.094000,1,997
5548,5548,11.096000,1,997
5549,5549,11.098000,1,999
5550,5550,11.100000,1,1003
5551,5551,11.102000,1,1007
5552,5552,11.104000,1,1010
5553,5553,11.106000,1,1003
5554,5554,11.108000,1,981
5555,5555,11.110000,1,965
5556,5556,11.112000,1,989
5557,5557,11.114000,1,1042
5558,5558,11.116000,1,1061
5559,5559,11.118000,1,1005
5560,5560,11.120000,1,930
5561,5561,11.122000,1,927
5562,5562,11.124000,1,1006
5563,5563,11.126000,1,1076
5564,5564,11.128000,1,1062
5565,5565,11.130000,1,992
5566,5566,11.132000,1,945
5567,5567,11.134000,1,951
5568,5568,11.136000,1,986
5569,5569,11.138000,1,1025
5570,5570,11.140000,1,1047
5571,5571,11.142000,1,1033
5572,5572,11.144000,1,986
5573,5573,11.146000,1,952
5574,5574,11.148000,1,968
5575,5575,11.150000,1,1012
5576,5576,11.152000,1,1032
5577,5577,11.154000,1,1013
5578,5578,11.156000,1,992
5579,5579,11.158000,1,993
5580,5580,11.160000,1,999
5581,5581,11.162000,1,991
5582,5582,11.164000,1,986
5583,5583,11.166000,1,1003
5584,5584,11.168000,1,1022
5585,5585,11.170000,1,1012
5586,5586,11.172000,1,986
5587,5587,11.174000,1,983
5588,5588,11.176000,1,1003
5589,5589,11.178000,1,1011
5590,5590,11.180000,1,993
5591,5591,11.182000,1,984
5592,5592,11.184000,1,1006
5593,5593,11.186000,1,1029
5594,5594,11.188000,1,1014
5595,5595,11.190000,1,976
5596,5596,11.192000,1,962
5597,5597,11.194000,1,992
5598,5598,11.196000,1,1030
5599,5599,11.198000,1,1035
5600,5600,11.200000,1,1003
5601,5601,11.202000,1,970
5602,5602,11.204000,1,968
5603,5603,11.206000,1,998
5604,5604,11.208000,1,1027
5605,5605,11.210000,1,1023
5606,5606,11.212000,1,994
5607,5607,11.214000,1,974
5608,5608,11.216000,1,989
5609,5609,11.218000,1,1020
5610,5610,11.220000,1,1023
5611,5611,11.222000,1,989
5612,5612,11.224000,1,958
5613,5613,11.226000,1,978
5614,5614,11.228000,1,1037
5615,5615,11.230000,1,1062
5616,5616,11.232000,1,1012
5617,5617,11.234000,1,937
5618,5618,11.236000,1,929
5619,5619,11.238000,1,1004
5620,5620,11.240000,1,1072
5621,5621,11.242000,1,1055
5622,5622,11.244000,1,981
5623,5623,11.246000,1,944
5624,5624,11.248000,1,972
5625,5625,11.250000,1,1013
5626,5626,11.252000,1,1020
5627,5627,11.254000,1,1007
5628,5628,11.256000,1,1008
5629,5629,11.258000,1,1014
5630,5630,11.260000,1,997
5631,5631,11.262000,1,967
5632,5632,11.264000,1,965
5633,5633,11.266000,1,1003
5634,5634,11.268000,1,1043
5635,5635,11.270000,1,1042
5636,5636,11.272000,1,1000
5637,5637,11.274000,1,959
5638,5638,11.276000,1,955
5639,5639,11.278000,1,990
5640,5640,11.280000,1,1032
5641,5641,11.282000,1,1043
5642,5642,11.284000,1,1015
5643,5643,11.286000,1,977
5644,5644,11.288000,1,963
5645,5645,11.290000,1,979
5646,5646,11.292000,1,1009
5647,5647,11.294000,1,1030
5648,5648,11.296000,1,1025
5649,5649,11.298000,1,998
5650,5650,11.300000,1,972
5651,5651,11.302000,1,973
5652,5652,11.304000,1,1001
5653,5653,11.306000,1,1022
5654,5654,11.308000,1,1016
5655,5655,11.310000,1,996
5656,5656,11.312000,1,991
5657,5657,11.314000,1,999
5658,5658,11.316000,1,999
5659,5659,11.318000,1,988
5660,5660,11.320000,1,987
5661,5661,11.322000,1,1011
5662,5662,11.324000,1,1030
5663,5663,11.326000,1,1014
5664,5664,11.328000,1,974
5665,5665,11.330000,1,961
5666,5666,11.332000,1,995
5667,5667,11.334000,1,1034
5668,5668,11.336000,1,1030
5669,5669,11.338000,1,990
5670,5670,11.340000,1,967
5671,5671,11.342000,1,988
5672,5672,11.344000,1,1016
5673,5673,11.346000,1,1015
5674,5674,11.348000,1,995
5675,5675,11.350000,1,993
5676,5676,11.352000,1,1004
5677,5677,11.354000,1,1001
5678,5678,11.356000,1,984
5679,5679,11.358000,1,990
5680,5680,11.360000,1,1022
5681,5681,11.362000,1,1031
5682,5682,11.364000,1,989
5683,5683,11.366000,1,946
5684,5684,11.368000,1,971
5685,5685,11.370000,1,1044
5686,5686,11.372000,1,1070
5687,5687,11.374000,1,1007
5688,5688,11.376000,1,931
5689,5689,11.378000,1,936
5690,5690,11.380000,1,1013
5691,5691,11.382000,1,1066
5692,5692,11.384000,1,1041
5693,5693,11.386000,1,981
5694,5694,11.388000,1,958
5695,5695,11.390000,1,979
5696,5696,11.392000,1,1003
5697,5697,11.394000,1,1008
5698,5698,11.396000,1,1009
5699,5699,11.398000,1,1019
5700,5700,11.400000,1,1017
5701,5701,11.402000,1,990
5702,5702,11.404000,1,961
5703,5703,11.406000,1,970
5704,5704,11.408000,1,1015
5705,5705,11.410000,1,1045
5706,5706,11.412000,1,1026
5707,5707,11.414000,1,982
5708,5708,11.416000,1,963
5709,5709,11.418000,1,981
5710,5710,11.420000,1,1010
5711,5711,11.422000,1,1024
5712,5712,11.424000,1,1015
5713,5713,11.426000,1,993
5714,5714,11.428000,1,981
5715,5715,11.430000,1,990
5716,5716,11.432000,1,1007
5717,5717,11.434000,1,1011
5718,5718,11.436000,1,1003
5719,5719,11.438000,1,995
5720,5720,11.440000,1,990
5721,5721,11.442000,1,992
5722,5722,11.444000,1,1003
5723,5723,11.446000,1,1016
5724,5724,11.448000,1,1015
5725,5725,11.450000,1,994
5726,5726,11.452000,1,974
5727,5727,11.454000,1,977
5728,5728,11.456000,1,1004
5729,5729,11.458000,1,1029
5730,5730,11.460000,1,1028
5731,5731,11.462000,1,1000
5732,5732,11.464000,1,970
5733,5733,11.466000,1,965
5734,5734,11.468000,1,994
5735,5735,11.470000,1,1030
5736,5736,11.472000,1,1038
5737,5737,11.474000,1,1006
5738,5738,11.476000,1,967
5739,5739,11.478000,1,962
5740,5740,11.480000,1,998
5741,5741,11.482000,1,1034
5742,5742,11.484000,1,1030
5743,5743,11.486000,1,994
5744,5744,11.488000,1,966
5745,5745,11.490000,1,978
5746,5746,11.492000,1,1012
5747,5747,11.494000,1,1028
5748,5748,11.496000,1,1009
5749,5749,11.498000,1,983
5750,5750,11.500000,1,981
5751,5751,11.502000,1,1002
5752,5752,11.504000,1,1016
5753,5753,11.506000,1,1006
5754,5754,11.508000,1,988
5755,5755,11.510000,1,983
5756,5756,11.512000,1,997
5757,5757,11.514000,1,1017
5758,5758,11.516000,1,1020
5759,5759,11.518000,1,997
5760,5760,11.520000,1,972
5761,5761,11.522000,1,979
5762,5762,11.524000,1,1013
5763,5763,11.526000,1,1029
5764,5764,11.528000,1,1006
5765,5765,11.530000,1,979
5766,5766,11.532000,1,985
5767,5767,11.534000,1,1009
5768,5768,11.536000,1,1013
5769,5769,11.538000,1,994
5770,5770,11.540000,1,987
5771,5771,11.542000,1,1002
5772,5772,11.544000,1,1013
5773,5773,11.546000,1,1003
5774,5774,11.548000,1,989
5775,5775,11.550000,1,993
5776,5776,11.552000,1,1007
5777,5777,11.554000,1,1007
5778,5778,11.556000,1,991
5779,5779,11.558000,1,986
5780,5780,11.560000,1,1002
5781,5781,11.562000,1,1018
5782,5782,11.564000,1,1011
5783,5783,11.566000,1,990
5784,5784,11.568000,1,980
5785,5785,11.570000,1,990
5786,5786,11.572000,1,1008
5787,5787,11.574000,1,1018
5788,5788,11.576000,1,1010
5789,5789,11.578000,1,991
5790,5790,11.580000,1,980
5791,5791,11.582000,1,990
5792,5792,11.584000,1,1012
5793,5793,11.586000,1,1019
5794,5794,11.588000,1,1003
5795,5795,11.590000,1,981
5796,5796,11.592000,1,981
5797,5797,11.594000,1,1005
5798,5798,11.596000,1,1023
5799,5799,11.598000,1,1013
5800,5800,11.600000,1,987
5801,5801,11.602000,1,975
5802,5802,11.604000,1,988
5803,5803,11.606000,1,1013
5804,5804,11.608000,1,1025
5805,5805,11.610000,1,1013
5806,5806,11.612000,1,986
5807,5807,11.614000,1,970
5808,5808,11.616000,1,982
5809,5809,11.618000,1,1013
5810,5810,11.620000,1,1032
5811,5811,11.622000,1,1018
5812,5812,11.624000,1,985
5813,5813,11.626000,1,968
5814,5814,11.628000,1,984
5815,5815,11.630000,1,1012
5816,5816,11.632000,1,1022
5817,5817,11.634000,1,1006
5818,5818,11.636000,1,990
5819,5819,11.638000,1,992
5820,5820,11.640000,1,1003
5821,5821,11.642000,1,1003
5822,5822,11.644000,1,993
5823,5823,11.646000,1,988
5824,5824,11.648000,1,999
5825,5825,11.650000,1,1016
5826,5826,11.652000,1,1018
5827,5827,11.654000,1,1000
5828,5828,11.656000,1,978
5829,5829,11.658000,1,975
5830,5830,11.660000,1,996
5831,5831,11.662000,1,1022
5832,5832,11.664000,1,1028
5833,5833,11.666000,1,1006
5834,5834,11.668000,1,979
5835,5835,11.670000,1,973
5836,5836,11.672000,1,992
5837,5837,11.674000,1,1014
5838,5838,11.676000,1,1018
5839,5839,11.678000,1,1005
5840,5840,11.680000,1,993
5841,5841,11.682000,1,992
5842,5842,11.684000,1,997
5843,5843,11.686000,1,998
5844,5844,11.688000,1,995
5845,5845,11.690000,1,998
5846,5846,11.692000,1,1007
5847,5847,11.694000,1,1012
5848,5848,11.696000,1,1005
5849,5849,11.698000,1,992
5850,5850,11.700000,1,984
5851,5851,11.702000,1,990
5852,5852,11.704000,1,1004
5853,5853,11.706000,1,1014
5854,5854,11.708000,1,1013
5855,5855,11.710000,1,999
5856,5856,11.712000,1,986
5857,5857,11.714000,1,985
5858,5858,11.716000,1,998
5859,5859,11.718000,1,1012
5860,5860,11.720000,1,1011
5861,5861,11.722000,1,999
5862,5862,11.724000,1,992
5863,5863,11.726000,1,995
5864,5864,11.728000,1,1001
5865,5865,11.730000,1,1000
5866,5866,11.732000,1,996
5867,5867,11.734000,1,1000
5868,5868,11.736000,1,1008
5869,5869,11.738000,1,1007
5870,5870,11.740000,1,995
5871,5871,11.742000,1,987
5872,5872,11.744000,1,994
5873,5873,11.746000,1,1007
5874,5874,11.748000,1,1010
5875,5875,11.750000,1,1000
5876,5876,11.752000,1,993
5877,5877,11.754000,1,998
5878,5878,11.756000,1,1004
5879,5879,11.758000,1,1000
5880,5880,11.760000,1,993
5881,5881,11.762000,1,996
5882,5882,11.764000,1,1007
5883,5883,11.766000,1,1010
5884,5884,11.768000,1,999
5885,5885,11.770000,1,988
5886,5886,11.772000,1,991
5887,5887,11.774000,1,1004
5888,5888,11.776000,1,1010
5889,5889,11.778000,1,1003
5890,5890,11.780000,1,994
5891,5891,11.782000,1,994
5892,5892,11.784000,1,1000
5893,5893,11.786000,1,1003
5894,5894,11.788000,1,1000
5895,5895,11.790000,1,998
5896,5896,11.792000,1,1000
5897,5897,11.794000,1,1003
5898,5898,11.796000,1,999
5899,5899,11.798000,1,994
5900,5900,11.800000,1,995
5901,5901,11.802000,1,1005
5902,5902,11.804000,1,1010
5903,5903,11.806000,1,1002
5904,5904,11.808000,1,989
5905,5905,11.810000,1,988
5906,5906,11.812000,1,1002
5907,5907,11.814000,1,1013
5908,5908,11.816000,1,1007
5909,5909,11.818000,1,992
5910,5910,11.820000,1,988
5911,5911,11.822000,1,999
5912,5912,11.824000,1,1009
5913,5913,11.826000,1,1005
5914,5914,11.828000,1,994
5915,5915,11.830000,1,991
5916,5916,11.832000,1,1000
5917,5917,11.834000,1,1007
5918,5918,11.836000,1,1002
5919,5919,11.838000,1,995
5920,5920,11.840000,1,995
5921,5921,11.842000,1,1000
5922,5922,11.844000,1,1003
5923,5923,11.846000,1,1000
5924,5924,11.848000,1,997
5925,5925,11.850000,1,999
5926,5926,11.852000,1,1002
5927,5927,11.854000,1,1002
5928,5928,11.856000,1,998
5929,5929,11.858000,1,996
5930,5930,11.860000,1,998
5931,5931,11.862000,1,1003
5932,5932,11.864000,1,1004
5933,5933,11.866000,1,999
5934,5934,11.868000,1,995
5935,5935,11.870000,1,996
5936,5936,11.872000,1,1000
5937,5937,11.874000,1,1003
5938,5938,11.876000,1,1002
5939,5939,11.878000,1,1001
5940,5940,11.880000,1,999
5941,5941,11.882000,1,996
5942,5942,11.884000,1,994
5943,5943,11.886000,1,998
5944,5944,11.888000,1,1005
5945,5945,11.890000,1,1008
5946,5946,11.892000,1,1001
5947,5947,11.894000,1,992
5948,5948,11.896000,1,992
5949,5949,11.898000,1,999
5950,5950,11.900000,1,1005
5951,5951,11.902000,1,1005
5952,5952,11.904000,1,1000
5953,5953,11.906000,1,997
5954,5954,11.908000,1,997
5955,5955,11.910000,1,997
5956,5956,11.912000,1,998
5957,5957,11.914000,1,1001
5958,5958,11.916000,1,1005
5959,5959,11.918000,1,1004
5960,5960,11.920000,1,997
5961,5961,11.922000,1,990
5962,5962,11.924000,1,995
5963,5963,11.926000,1,1007
5964,5964,11.928000,1,1010
5965,5965,11.930000,1,1000
5966,5966,11.932000,1,989
5967,5967,11.934000,1,992
5968,5968,11.936000,1,1004
5969,5969,11.938000,1,1010
5970,5970,11.940000,1,1003
5971,5971,11.942000,1,994
5972,5972,11.944000,1,992
5973,5973,11.946000,1,997
5974,5974,11.948000,1,1003
5975,5975,11.950000,1,1005
5976,5976,11.952000,1,1003
5977,5977,11.954000,1,1000
5978,5978,11.956000,1,995
5979,5979,11.958000,1,993
5980,5980,11.960000,1,997
5981,5981,11.962000,1,1004
5982,5982,11.964000,1,1009
5983,5983,11.966000,1,1004
5984,5984,11.968000,1,993
5985,5985,11.970000,1,987
5986,5986,11.972000,1,997
5987,5987,11.974000,1,1011
5988,5988,11.976000,1,1012
5989,5989,11.978000,1,997
5990,5990,11.980000,1,985
5991,5991,11.982000,1,992
5992,5992,11.984000,1,1008
5993,5993,11.986000,1,1012
5994,5994,11.988000,1,1000
5995,5995,11.990000,1,990
5996,5996,11.992000,1,995
5997,5997,11.994000,1,1004
5998,5998,11.996000,1,1003
5999,5999,11.998000,1,995
6000,6000,12.000000,1,995
6001,6001,12.002000,1,1005
6002,6002,12.004000,1,1009
6003,6003,12.006000,1,998
6004,6004,12.008000,1,987
6005,6005,12.010000,1,992
6006,6006,12.012000,1,1007
6007,6007,12.014000,1,1013
6008,6008,12.016000,1,1003
6009,6009,12.018000,1,989
6010,6010,12.020000,1,989
6011,6011,12.022000,1,1001
6012,6012,12.024000,1,1008
6013,6013,12.026000,1,1004
6014,6014,12.028000,1,997
6015,6015,12.030000,1,997
6016,6016,12.032000,0,999
6017,6017,12.034000,0,999
6018,6018,12.036000,0,997
6019,6019,12.038000,0,999
6020,6020,12.040000,0,1005
6021,6021,12.042000,0,1005
6022,6022,12.044000,0,997
6023,6023,12.046000,0,991
6024,6024,12.048000,0,996
6025,6025,12.050000,0,1007
6026,6026,12.052000,0,1008
6027,6027,12.054000,0,997
6028,6028,12.056000,0,989
6029,6029,12.058000,0,995
6030,6030,12.060000,0,1005
6031,6031,12.062000,0,1008
6032,6032,12.064000,0,1000
6033,6033,12.066000,0,994
6034,6034,12.068000,0,995
6035,6035,12.070000,0,1001
6036,6036,12.072000,0,1003
6037,6037,12.074000,0,1000
6038,6038,12.076000,0,999
6039,6039,12.078000,0,1002
6040,6040,12.080000,0,1003
6041,6041,12.082000,0,997
6042,6042,12.084000,0,991
6043,6043,12.086000,0,996
6044,6044,12.088000,0,1008
6045,6045,12.090000,0,1010
6046,6046,12.092000,0,1000
6047,6047,12.094000,0,989
6048,6048,12.096000,0,990
6049,6049,12.098000,0,1001
6050,6050,12.100000,0,1009
6051,6051,12.102000,0,1006
6052,6052,12.104000,0,997
6053,6053,12.106000,0,993
6054,6054,12.108000,0,996
6055,6055,12.110000,0,1000
6056,6056,12.112000,0,1001
6057,6057,12.114000,0,1001
6058,6058,12.116000,0,1003
6059,6059,12.118000,0,1002
6060,6060,12.120000,0,996
6061,6061,12.122000,0,991
6062,6062,12.124000,0,996
6063,6063,12.126000,0,1007
6064,6064,12.128000,0,1010
6065,6065,12.130000,0,1000
6066,6066,12.132000,0,988
6067,6067,12.134000,0,990
6068,6068,12.136000,0,1003
6069,6069,12.138000,0,1011
6070,6070,12.140000,0,1005
6071,6071,12.142000,0,993
6072,6072,12.144000,0,990
6073,6073,12.146000,0,998
6074,6074,12.148000,0,1006
6075,6075,12.150000,0,1004
6076,6076,12.152000,0,998
6077,6077,12.154000,0,997
6078,6078,12.156000,0,999
6079,6079,12.158000,0,999
6080,6080,12.160000,0,996
6081,6081,12.162000,0,998
6082,6082,12.164000,0,1006
6083,6083,12.166000,0,1007
6084,6084,12.168000,0,997
6085,6085,12.170000,0,987
6086,6086,12.172000,0,992
6087,6087,12.174000,0,1008
6088,6088,12.176000,0,1013
6089,6089,12.178000,0,1002
6090,6090,12.180000,0,988
6091,6091,12.182000,0,990
6092,6092,12.184000,0,1002
6093,6093,12.186000,0,1009
6094,6094,12.188000,0,1002
6095,6095,12.190000,0,995
6096,6096,12.192000,0,997
6097,6097,12.194000,0,1002
6098,6098,12.196000,0,1001
6099,6099,12.198000,0,995
6100,6100,12.200000,0,996
6101,6101,12.202000,0,1005
6102,6102,12.204000,0,1007
6103,6103,12.206000,0,998
6104,6104,12.208000,0,990
6105,6105,12.210000,0,994
6106,6106,12.212000,0,1006
6107,6107,12.214000,0,1008
6108,6108,12.216000,0,999
6109,6109,12.218000,0,992
6110,6110,12.220000,0,995
6111,6111,12.222000,0,1003
6112,6112,12.224000,0,1003
6113,6113,12.226000,0,999
6114,6114,12.228000,0,997
6115,6115,12.230000,0,1001
6116,6116,12.232000,0,1002
6117,6117,12.234000,0,998
6118,6118,12.236000,0,994
6119,6119,12.238000,0,998
6120,6120,12.240000,0,1006
6121,6121,12.242000,0,1006
6122,6122,12.244000,0,995
6123,6123,12.246000,0,989
6124,6124,12.248000,0,997
6125,6125,12.250000,0,1010
6126,6126,12.252000,0,1009
6127,6127,12.254000,0,995
6128,6128,12.256000,0,988
6129,6129,12.258000,0,996
6130,6130,12.260000,0,1007
6131,6131,12.262000,0,1007
6132,6132,12.264000,0,997
6133,6133,12.266000,0,992
6134,6134,12.268000,0,998
6135,6135,12.270000,0,1005
6136,6136,12.272000,0,1003
6137,6137,12.274000,0,995
6138,6138,12.276000,0,994
6139,6139,12.278000,0,1001
6140,6140,12.280000,0,1006
6141,6141,12.282000,0,1001
6142,6142,12.284000,0,995
6143,6143,12.286000,0,995
6144,6144,12.288000,0,1001
6145,6145,12.290000,0,1006
6146,6146,12.292000,0,1002
6147,6147,12.294000,0,995
6148,6148,12.296000,0,994
6149,6149,12.298000,0,1000
6150,6150,12.300000,0,1007
6151,6151,12.302000,0,1004
6152,6152,12.304000,0,995
6153,6153,12.306000,0,991
6154,6154,12.308000,0,998
6155,6155,12.310000,0,1007
6156,6156,12.312000,0,1007
6157,6157,12.314000,0,998
6158,6158,12.316000,0,992
6159,6159,12.318000,0,995
6160,6160,12.320000,0,1002
6161,6161,12.322000,0,1004
6162,6162,12.324000,0,1000
6163,6163,12.326000,0,998
6164,6164,12.328000,0,1000
6165,6165,12.330000,0,1000
6166,6166,12.332000,0,996
6167,6167,12.334000,0,994
6168,6168,12.336000,0,1001
6169,6169,12.338000,0,1009
6170,6170,12.340000,0,1006
6171,6171,12.342000,0,992
6172,6172,12.344000,0,985
6173,6173,12.346000,0,996
6174,6174,12.348000,0,1013
6175,6175,12.350000,0,1014
6176,6176,12.352000,0,997
6177,6177,12.354000,0,983
6178,6178,12.356000,0,990
6179,6179,12.358000,0,1007
6180,6180,12.360000,0,1013
6181,6181,12.362000,0,1002
6182,6182,12.364000,0,992
6183,6183,12.366000,0,993
6184,6184,12.368000,0,1001
6185,6185,12.370000,0,1003
6186,6186,12.372000,0,999
6187,6187,12.374000,0,997
6188,6188,12.376000,0,1000
6189,6189,12.378000,0,1002
6190,6190,12.380000,0,1000
6191,6191,12.382000,0,997
6192,6192,12.384000,0,997
6193,6193,12.386000,0,1000
6194,6194,12.388000,0,1003
6195,6195,12.390000,0,1001
6196,6196,12.392000,0,997
6197,6197,12.394000,0,997
6198,6198,12.396000,0,1000
6199,6199,12.398000,0,1002
6200,6200,12.400000,0,999
6201,6201,12.402000,0,996
6202,6202,12.404000,0,999
6203,6203,12.406000,0,1004
6204,6204,12.408000,0,1003
6205,6205,12.410000,0,996
6206,6206,12.412000,0,992
6207,6207,12.414000,0,997
6208,6208,12.416000,0,1006
6209,6209,12.418000,0,1007
6210,6210,12.420000,0,999
6211,6211,12.422000,0,992
6212,6212,12.424000,0,995
6213,6213,12.426000,0,1003
6214,6214,12.428000,0,1005
6215,6215,12.430000,0,999
6216,6216,12.432000,0,995
6217,6217,12.434000,0,998
6218,6218,12.436000,0,1004
6219,6219,12.438000,0,1003
6220,6220,12.440000,0,996
6221,6221,12.442000,0,993
6222,6222,12.444000,0,999
6223,6223,12.446000,0,1007
6224,6224,12.448000,0,1006
6225,6225,12.450000,0,997
6226,6226,12.452000,0,992
6227,6227,12.454000,0,996
6228,6228,12.456000,0,1003
6229,6229,12.458000,0,1004
6230,6230,12.460000,0,999
6231,6231,12.462000,0,997
6232,6232,12.464000,0,999
6233,6233,12.466000,0,1001
6234,6234,12.468000,0,998
6235,6235,12.470000,0,995
6236,6236,12.472000,0,998
6237,6237,12.474000,0,1005
6238,6238,12.476000,0,1006
6239,6239,12.478000,0,997
6240,6240,12.480000,0,990
6241,6241,12.482000,0,996
6242,6242,12.484000,0,1006
6243,6243,12.486000,0,1008
6244,6244,12.488000,0,999
6245,6245,12.490000,0,992
6246,6246,12.492000,0,995
6247,6247,12.494000,0,1004
6248,6248,12.496000,0,1005
6249,6249,12.498000,0,999
6250,6250,12.500000,0,996
6251,6251,12.502000,0,1000
6252,6252,12.504000,0,1003
6253,6253,12.506000,0,999
6254,6254,12.508000,0,994
6255,6255,12.510000,0,997
6256,6256,12.512000,0,1006
6257,6257,12.514000,0,1007
6258,6258,12.516000,0,997
6259,6259,12.518000,0,989
6260,6260,12.520000,0,995
6261,6261,12.522000,0,1007
6262,6262,12.524000,0,1008
6263,6263,12.526000,0,997
6264,6264,12.528000,0,991
6265,6265,12.530000,0,998
6266,6266,12.532000,0,1008
6267,6267,12.534000,0,1005
6268,6268,12.536000,0,992
6269,6269,12.538000,0,989
6270,6270,12.540000,0,1001
6271,6271,12.542000,0,1012
6272,6272,12.544000,0,1006
6273,6273,12.546000,0,991
6274,6274,12.548000,0,989
6275,6275,12.550000,0,1001
6276,6276,12.552000,0,1010
6277,6277,12.554000,0,1003
6278,6278,12.556000,0,992
6279,6279,12.558000,0,994
6280,6280,12.560000,0,1005
6281,6281,12.562000,0,1008
6282,6282,12.564000,0,998
6283,6283,12.566000,0,989
6284,6284,12.568000,0,994
6285,6285,12.570000,0,1006
6286,6286,12.572000,0,1009
6287,6287,12.574000,0,1000
6288,6288,12.576000,0,992
6289,6289,12.578000,0,994
6290,6290,12.580000,0,1001
6291,6291,12.582000,0,1004
6292,6292,12.584000,0,1001
6293,6293,12.586000,0,998
6294,6294,12.588000,0,1000
6295,6295,12.590000,0,1001
6296,6296,12.592000,0,997
6297,6297,12.594000,0,995
6298,6298,12.596000,0,999
6299,6299,12.598000,0,1006
6300,6300,12.600000,0,1006
6301,6301,12.602000,0,997
6302,6302,12.604000,0,990
6303,6303,12.606000,0,995
6304,6304,12.608000,0,1004
6305,6305,12.610000,0,1008
6306,6306,12.612000,0,1002
6307,6307,12.614000,0,994
6308,6308,12.616000,0,995
6309,6309,12.618000,0,1000
6310,6310,12.620000,0,1002
6311,6311,12.622000,0,999
6312,6312,12.624000,0,998
6313,6313,12.626000,0,1002
6314,6314,12.628000,0,1004
6315,6315,12.630000,0,999
6316,6316,12.632000,0,992
6317,6317,12.634000,0,994
6318,6318,12.636000,0,1003
6319,6319,12.638000,0,1008
6320,6320,12.640000,0,1003
6321,6321,12.642000,0,995
6322,6322,12.644000,0,993
6323,6323,12.646000,0,998
6324,6324,12.648000,0,1003
6325,6325,12.650000,0,1004
6326,6326,12.652000,0,1000
6327,6327,12.654000,0,996
6328,6328,12.656000,0,997
6329,6329,12.658000,0,1001
6330,6330,12.660000,0,1003
6331,6331,12.662000,0,999
6332,6332,12.664000,0,996
6333,6333,12.666000,0,998
6334,6334,12.668000,0,1002
6335,6335,12.670000,0,1003
6336,6336,12.672000,0,999
6337,6337,12.674000,0,996
6338,6338,12.676000,0,999
6339,6339,12.678000,0,1002
6340,6340,12.680000,0,1001
6341,6341,12.682000,0,997
6342,6342,12.684000,0,997
6343,6343,12.686000,0,1001
6344,6344,12.688000,0,1004
6345,6345,12.690000,0,1000
6346,6346,12.692000,0,995
6347,6347,12.694000,0,997
6348,6348,12.696000,0,1002
6349,6349,12.698000,0,1004
6350,6350,12.700000,0,1000
6351,6351,12.702000,0,996
6352,6352,12.704000,0,997
6353,6353,12.706000,0,1002
6354,6354,12.708000,0,1004
6355,6355,12.710000,0,1001
6356,6356,12.712000,0,995
6357,6357,12.714000,0,995
6358,6358,12.716000,0,1000
6359,6359,12.718000,0,1005
6360,6360,12.720000,0,1003
6361,6361,12.722000,0,998
6362,6362,12.724000,0,995
6363,6363,12.726000,0,996
6364,6364,12.728000,0,1000
6365,6365,12.730000,0,1003
6366,6366,12.732000,0,1002
6367,6367,12.734000,0,999
6368,6368,12.736000,0,997
6369,6369,12.738000,0,997
6370,6370,12.740000,0,998
6371,6371,12.742000,0,1000
6372,6372,12.744000,0,1002
6373,6373,12.746000,0,1004
6374,6374,12.748000,0,1000
6375,6375,12.750000,0,994
6376,6376,12.752000,0,993
6377,6377,12.754000,0,1000
6378,6378,12.756000,0,1006
6379,6379,12.758000,0,1004
6380,6380,12.760000,0,996
6381,6381,12.762000,0,994
6382,6382,12.764000,0,1000
6383,6383,12.766000,0,1005
6384,6384,12.768000,0,1001
6385,6385,12.770000,0,994
6386,6386,12.772000,0,994
6387,6387,12.774000,0,1002
6388,6388,12.776000,0,1007
6389,6389,12.778000,0,1001
6390,6390,12.780000,0,993
6391,6391,12.782000,0,994
6392,6392,12.784000,0,1003
6393,6393,12.786000,0,1007
6394,6394,12.788000,0,1000
6395,6395,12.790000,0,991
6396,6396,12.792000,0,995
6397,6397,12.794000,0,1005
6398,6398,12.796000,0,1009
6399,6399,12.798000,0,1000
6400,6400,12.800000,0,991
6401,6401,12.802000,0,992
6402,6402,12.804000,0,1002
6403,6403,12.806000,0,1007
6404,6404,12.808000,0,1004
6405,6405,12.810000,0,997
6406,6406,12.812000,0,996
6407,6407,12.814000,0,998
6408,6408,12.816000,0,999
6409,6409,12.818000,0,999
6410,6410,12.820000,0,1001
6411,6411,12.822000,0,1004
6412,6412,12.824000,0,1003
6413,6413,12.826000,0,996
6414,6414,12.828000,0,990
6415,6415,12.830000,0,996
6416,6416,12.832000,0,1007
6417,6417,12.834000,0,1009
6418,6418,12.836000,0,999
6419,6419,12.838000,0,990
6420,6420,12.840000,0,993
6421,6421,12.842000,0,1003
6422,6422,12.844000,0,1008
6423,6423,12.846000,0,1003
6424,6424,12.848000,0,995
6425,6425,12.850000,0,994
6426,6426,12.852000,0,999
6427,6427,12.854000,0,1003
6428,6428,12.856000,0,1003
6429,6429,12.858000,0,1001
6430,6430,12.860000,0,998
6431,6431,12.862000,0,997
6432,6432,12.864000,0,998
6433,6433,12.866000,0,1000
6434,6434,12.868000,0,1002
6435,6435,12.870000,0,1002
6436,6436,12.872000,0,1000
6437,6437,12.874000,0,998
6438,6438,12.876000,0,997
6439,6439,12.878000,0,998
6440,6440,12.880000,0,1001
6441,6441,12.882000,0,1003
6442,6442,12.884000,0,1002
6443,6443,12.886000,0,997
6444,6444,12.888000,0,995
6445,6445,12.890000,0,999
6446,6446,12.892000,0,1003
6447,6447,12.894000,0,1003
6448,6448,12.896000,0,999
6449,6449,12.898000,0,997
6450,6450,12.900000,0,999
6451,6451,12.902000,0,1001
6452,6452,12.904000,0,1000
6453,6453,12.906000,0,999
6454,6454,12.908000,0,1000
6455,6455,12.910000,0,1001
6456,6456,12.912000,0,1000
6457,6457,12.914000,0,997
6458,6458,12.916000,0,996
6459,6459,12.918000,0,1000
6460,6460,12.920000,0,1004
6461,6461,12.922000,0,1002
6462,6462,12.924000,0,995
6463,6463,12.926000,0,993
6464,6464,12.928000,0,999
6465,6465,12.930000,0,1006
6466,6466,12.932000,0,1005
6467,6467,12.934000,0,997
6468,6468,12.936000,0,993
6469,6469,12.938000,0,996
6470,6470,12.940000,0,1002
6471,6471,12.942000,0,1004
6472,6472,12.944000,0,1002
6473,6473,12.946000,0,998
6474,6474,12.948000,0,997
6475,6475,12.950000,0,998
6476,6476,12.952000,0,999
6477,6477,12.954000,0,1000
6478,6478,12.956000,0,1001
6479,6479,12.958000,0,1002
6480,6480,12.960000,0,1000
6481,6481,12.962000,0,996
6482,6482,12.964000,0,995
6483,6483,12.966000,0,1000
6484,6484,12.968000,0,1005
6485,6485,12.970000,0,1004
6486,6486,12.972000,0,997
6487,6487,12.974000,0,994
6488,6488,12.976000,0,998
6489,6489,12.978000,0,1003
6490,6490,12.980000,0,1003
6491,6491,12.982000,0,999
6492,6492,12.984000,0,997
6493,6493,12.986000,0,998
6494,6494,12.988000,0,1001
6495,6495,12.990000,0,1001
6496,6496,12.992000,0,999
6497,6497,12.994000,0,998
6498,6498,12.996000,0,1001
6499,6499,12.998000,0,1002
6500,6500,13.000000,0,999
6501,6501,13.002000,0,995
6502,6502,13.004000,0,997
6503,6503,13.006000,0,1004
6504,6504,13.008000,0,1005
6505,6505,13.010000,0,999
6506,6506,13.012000,0,993
6507,6507,13.014000,0,995
6508,6508,13.016000,0,1003
6509,6509,13.018000,0,1005
6510,6510,13.020000,0,1001
6511,6511,13.022000,0,996
6512,6512,13.024000,0,998
6513,6513,13.026000,0,1001
6514,6514,13.028000,0,1000
6515,6515,13.030000,0,996
6516,6516,13.032000,0,998
6517,6517,13.034000,0,1004
6518,6518,13.036000,0,1006
6519,6519,13.038000,0,999
6520,6520,13.040000,0,991
6521,6521,13.042000,0,994
6522,6522,13.044000,0,1004
6523,6523,13.046000,0,1009
6524,6524,13.048000,0,1002
6525,6525,13.050000,0,993
6526,6526,13.052000,0,993
6527,6527,13.054000,0,1001
6528,6528,13.056000,0,1006
6529,6529,13.058000,0,1002
6530,6530,13.060000,0,996
6531,6531,13.062000,0,996
6532,6532,13.064000,0,1002
6533,6533,13.066000,0,1002
6534,6534,13.068000,0,997
6535,6535,13.070000,0,996
6536,6536,13.072000,0,1002
6537,6537,13.074000,0,1006
6538,6538,13.076000,0,1000
6539,6539,13.078000,0,991
6540,6540,13.080000,0,994
6541,6541,13.082000,0,1004
6542,6542,13.084000,0,1008
6543,6543,13.086000,0,1000
6544,6544,13.088000,0,994
6545,6545,13.090000,0,998
6546,6546,13.092000,0,1003
6547,6547,13.094000,0,1001
6548,6548,13.096000,0,994
6549,6549,13.098000,0,995
6550,6550,13.100000,0,1004
6551,6551,13.102000,0,1008
6552,6552,13.104000,0,1001
6553,6553,13.106000,0,992
6554,6554,13.108000,0,992
6555,6555,13.110000,0,1001
6556,6556,13.112000,0,1007
6557,6557,13.114000,0,1003
6558,6558,13.116000,0,996
6559,6559,13.118000,0,995
6560,6560,13.120000,0,999
6561,6561,13.122000,0,1002
6562,6562,13.124000,0,1000
6563,6563,13.126000,0,998
6564,6564,13.128000,0,1000
6565,6565,13.130000,0,1002
6566,6566,13.132000,0,1001
6567,6567,13.134000,0,998
6568,6568,13.136000,0,996
6569,6569,13.138000,0,999
6570,6570,13.140000,0,1003
6571,6571,13.142000,0,1003
6572,6572,13.144000,0,997
6573,6573,13.146000,0,995
6574,6574,13.148000,0,1000
6575,6575,13.150000,0,1004
6576,6576,13.152000,0,1002
6577,6577,13.154000,0,995
6578,6578,13.156000,0,994
6579,6579,13.158000,0,1001
6580,6580,13.160000,0,1006
6581,6581,13.162000,0,1003
6582,6582,13.164000,0,995
6583,6583,13.166000,0,993
6584,6584,13.168000,0,1000
6585,6585,13.170000,0,1005
6586,6586,13.172000,0,1003
6587,6587,13.174000,0,996
6588,6588,13.176000,0,994
6589,6589,13.178000,0,1000
6590,6590,13.180000,0,1005
6591,6591,13.182000,0,1003
6592,6592,13.184000,1,995
6593,6593,13.186000,1,993
6594,6594,13.188000,1,1000
6595,6595,13.190000,1,1006
6596,6596,13.192000,1,1004
6597,6597,13.194000,1,996
6598,6598,13.196000,1,993
6599,6599,13.198000,1,997
6600,6600,13.200000,1,1004
6601,6601,13.202000,1,1005
6602,6602,13.204000,1,1000
6603,6603,13.206000,1,996
6604,6604,13.208000,1,997
6605,6605,13.210000,1,999
6606,6606,13.212000,1,1000
6607,6607,13.214000,1,1000
6608,6608,13.216000,1,1002
6609,6609,13.218000,1,1002
6610,6610,13.220000,1,1000
6611,6611,13.222000,1,995
6612,6612,13.224000,1,994
6613,6613,13.226000,1,1001
6614,6614,13.228000,1,1007
6615,6615,13.230000,1,1003
6616,6616,13.232000,1,996
6617,6617,13.234000,1,993
6618,6618,13.236000,1,998
6619,6619,13.238000,1,1004
6620,6620,13.240000,1,1003
6621,6621,13.242000,1,999
6622,6622,13.244000,1,996
6623,6623,13.246000,1,997
6624,6624,13.248000,1,1001
6625,6625,13.250000,1,1002
6626,6626,13.252000,1,1001
6627,6627,13.254000,1,998
6628,6628,13.256000,1,997
6629,6629,13.258000,1,1000
6630,6630,13.260000,1,1001
6631,6631,13.262000,1,1001
6632,6632,13.264000,1,999
6633,6633,13.266000,1,997
6634,6634,13.268000,1,999
6635,6635,13.270000,1,1001
6636,6636,13.272000,1,1001
6637,6637,13.274000,1,999
6638,6638,13.276000,1,997
6639,6639,13.278000,1,998
6640,6640,13.280000,1,1001
6641,6641,13.282000,1,1002
6642,6642,13.284000,1,1000
6643,6643,13.286000,1,997
6644,6644,13.288000,1,997
6645,6645,13.290000,1,998
6646,6646,13.292000,1,1001
6647,6647,13.294000,1,1004
6648,6648,13.296000,1,1004
6649,6649,13.298000,1,999
6650,6650,13.300000,1,993
6651,6651,13.302000,1,995
6652,6652,13.304000,1,1001
6653,6653,13.306000,1,1005
6654,6654,13.308000,1,1003
6655,6655,13.310000,1,997
6656,6656,13.312000,1,996
6657,6657,13.314000,1,997
6658,6658,13.316000,1,999
6659,6659,13.318000,1,1002
6660,6660,13.320000,1,1006
6661,6661,13.322000,1,1004
6662,6662,13.324000,1,995
6663,6663,13.326000,1,986
6664,6664,13.328000,1,992
6665,6665,13.330000,1,1009
6666,6666,13.332000,1,1017
6667,6667,13.334000,1,1005
6668,6668,13.336000,1,987
6669,6669,13.338000,1,984
6670,6670,13.340000,1,997
6671,6671,13.342000,1,1009
6672,6672,13.344000,1,1009
6673,6673,13.346000,1,1002
6674,6674,13.348000,1,996
6675,6675,13.350000,1,995
6676,6676,13.352000,1,996
6677,6677,13.354000,1,997
6678,6678,13.356000,1,999
6679,6679,13.358000,1,1003
6680,6680,13.360000,1,1007
6681,6681,13.362000,1,1008
6682,6682,13.364000,1,999
6683,6683,13.366000,1,985
6684,6684,13.368000,1,981
6685,6685,13.370000,1,999
6686,6686,13.372000,1,1024
6687,6687,13.374000,1,1024
6688,6688,13.376000,1,997
6689,6689,13.378000,1,970
6690,6690,13.380000,1,974
6691,6691,13.382000,1,1002
6692,6692,13.384000,1,1025
6693,6693,13.386000,1,1022
6694,6694,13.388000,1,1002
6695,6695,13.390000,1,984
6696,6696,13.392000,1,978
6697,6697,13.394000,1,986
6698,6698,13.396000,1,1005
6699,6699,13.398000,1,1022
6700,6700,13.400000,1,1021
6701,6701,13.402000,1,1000
6702,6702,13.404000,1,979
6703,6703,13.406000,1,979
6704,6704,13.408000,1,994
6705,6705,13.410000,1,1004
6706,6706,13.412000,1,1008
6707,6707,13.414000,1,1017
6708,6708,13.416000,1,1022
6709,6709,13.418000,1,1000
6710,6710,13.420000,1,963
6711,6711,13.422000,1,957
6712,6712,13.424000,1,1000
6713,6713,13.426000,1,1045
6714,6714,13.428000,1,1039
6715,6715,13.430000,1,994
6716,6716,13.432000,1,967
6717,6717,13.434000,1,980
6718,6718,13.436000,1,999
6719,6719,13.438000,1,1000
6720,6720,13.440000,1,1001
6721,6721,13.442000,1,1020
6722,6722,13.444000,1,1030
6723,6723,13.446000,1,1001
6724,6724,13.448000,1,959
6725,6725,13.450000,1,957
6726,6726,13.452000,1,1001
6727,6727,13.454000,1,1039
6728,6728,13.456000,1,1035
6729,6729,13.458000,1,1005
6730,6730,13.460000,1,981
6731,6731,13.462000,1,975
6732,6732,13.464000,1,979
6733,6733,13.466000,1,988
6734,6734,13.468000,1,1010
6735,6735,13.470000,1,1041
6736,6736,13.472000,1,1046
6737,6737,13.474000,1,1001
6738,6738,13.476000,1,939
6739,6739,13.478000,1,927
6740,6740,13.480000,1,991
6741,6741,13.482000,1,1071
6742,6742,13.484000,1,1083
6743,6743,13.486000,1,1011
6744,6744,13.488000,1,929
6745,6745,13.490000,1,921
6746,6746,13.492000,1,990
6747,6747,13.494000,1,1057
6748,6748,13.496000,1,1056
6749,6749,13.498000,1,1002
6750,6750,13.500000,1,967
6751,6751,13.502000,1,980
6752,6752,13.504000,1,1002
6753,6753,13.506000,1,995
6754,6754,13.508000,1,984
6755,6755,13.510000,1,1004
6756,6756,13.512000,1,1037
6757,6757,13.514000,1,1030
6758,6758,13.516000,1,984
6759,6759,13.518000,1,953
6760,6760,13.520000,1,969
6761,6761,13.522000,1,1009
6762,6762,13.524000,1,1035
6763,6763,13.526000,1,1037
6764,6764,13.528000,1,1013
6765,6765,13.530000,1,968
6766,6766,13.532000,1,940
6767,6767,13.534000,1,971
6768,6768,13.536000,1,1045
6769,6769,13.538000,1,1079
6770,6770,13.540000,1,1019
6771,6771,13.542000,1,930
6772,6772,13.544000,1,923
6773,6773,13.546000,1,1009
6774,6774,13.548000,1,1080
6775,6775,13.550000,1,1051
6776,6776,13.552000,1,963
6777,6777,13.554000,1,925
6778,6778,13.556000,1,977
6779,6779,13.558000,1,1049
6780,6780,13.560000,1,1059
6781,6781,13.562000,1,1006
6782,6782,13.564000,1,956
6783,6783,13.566000,1,954
6784,6784,13.568000,1,987
6785,6785,13.570000,1,1022
6786,6786,13.572000,1,1042
6787,6787,13.574000,1,1037
6788,6788,13.576000,1,1000
6789,6789,13.578000,1,952
6790,6790,13.580000,1,938
6791,6791,13.582000,1,982
6792,6792,13.584000,1,1048
6793,6793,13.586000,1,1075
6794,6794,13.588000,1,1035
6795,6795,13.590000,1,957
6796,6796,13.592000,1,907
6797,6797,13.594000,1,944
6798,6798,13.596000,1,1047
6799,6799,13.598000,1,1112
6800,6800,13.600000,1,1056
6801,6801,13.602000,1,934
6802,6802,13.604000,1,888
6803,6803,13.606000,1,972
6804,6804,13.608000,1,1074
6805,6805,13.610000,1,1071
6806,6806,13.612000,1,987
6807,6807,13.614000,1,946
6808,6808,13.616000,1,988
6809,6809,13.618000,1,1032
6810,6810,13.620000,1,1009
6811,6811,13.622000,1,965
6812,6812,13.624000,1,973
6813,6813,13.626000,1,1027
6814,6814,13.628000,1,1053
6815,6815,13.630000,1,1012
6816,6816,13.632000,1,953
6817,6817,13.634000,1,947
6818,6818,13.636000,1,999
6819,6819,13.638000,1,1047
6820,6820,13.640000,1,1039
6821,6821,13.642000,1,992
6822,6822,13.644000,1,969
6823,6823,13.646000,1,988
6824,6824,13.648000,1,1005
6825,6825,13.650000,1,991
6826,6826,13.652000,1,982
6827,6827,13.654000,1,1015
6828,6828,13.656000,1,1052
6829,6829,13.658000,1,1027
6830,6830,13.660000,1,955
6831,6831,13.662000,1,926
6832,6832,13.664000,1,983
6833,6833,13.666000,1,1058
6834,6834,13.668000,1,1062
6835,6835,13.670000,1,1000
6836,6836,13.672000,1,954
6837,6837,13.674000,1,966
6838,6838,13.676000,1,1001
6839,6839,13.678000,1,1014
6840,6840,13.680000,1,1009
6841,6841,13.682000,1,1011
6842,6842,13.684000,1,1018
6843,6843,13.686000,1,1002
6844,6844,13.688000,1,967
6845,6845,13.690000,1,957
6846,6846,13.692000,1,998
6847,6847,13.694000,1,1048
6848,6848,13.696000,1,1048
6849,6849,13.698000,1,995
6850,6850,13.700000,1,953
6851,6851,13.702000,1,967
6852,6852,13.704000,1,1007
6853,6853,13.706000,1,1016
6854,6854,13.708000,1,1000
6855,6855,13.710000,1,1004
6856,6856,13.712000,1,1031
6857,6857,13.714000,1,1026
6858,6858,13.716000,1,972
6859,6859,13.718000,1,933
6860,6860,13.720000,1,966
6861,6861,13.722000,1,1037
6862,6862,13.724000,1,1064
6863,6863,13.726000,1,1027
6864,6864,13.728000,1,977
6865,6865,13.730000,1,964
6866,6866,13.732000,1,978
6867,6867,13.734000,1,991
6868,6868,13.736000,1,1001
6869,6869,13.738000,1,1019
6870,6870,13.740000,1,1032
6871,6871,13.742000,1,1018
6872,6872,13.744000,1,985
6873,6873,13.746000,1,965
6874,6874,13.748000,1,972
6875,6875,13.750000,1,993
6876,6876,13.752000,1,1017
6877,6877,13.754000,1,1039
6878,6878,13.756000,1,1040
6879,6879,13.758000,1,999
6880,6880,13.760000,1,942
6881,6881,13.762000,1,933
6882,6882,13.764000,1,999
6883,6883,13.766000,1,1073
6884,6884,13.768000,1,1065
6885,6885,13.770000,1,986
6886,6886,13.772000,1,933
6887,6887,13.774000,1,962
6888,6888,13.776000,1,1024
6889,6889,13.778000,1,1038
6890,6890,13.780000,1,1000
6891,6891,13.782000,1,975
6892,6892,13.784000,1,996
6893,6893,13.786000,1,1026
6894,6894,13.788000,1,1015
6895,6895,13.790000,1,975
6896,6896,13.792000,1,960
6897,6897,13.794000,1,995
6898,6898,13.796000,1,1039
6899,6899,13.798000,1,1039
6900,6900,13.800000,1,995
6901,6901,13.802000,1,958
6902,6902,13.804000,1,969
6903,6903,13.806000,1,1008
6904,6904,13.808000,1,1028
6905,6905,13.810000,1,1015
6906,6906,13.812000,1,996
6907,6907,13.814000,1,990
6908,6908,13.816000,1,990
6909,6909,13.818000,1,991
6910,6910,13.820000,1,1002
6911,6911,13.822000,1,1016
6912,6912,13.824000,1,1008
6913,6913,13.826000,1,984
6914,6914,13.828000,1,983
6915,6915,13.830000,1,1010
6916,6916,13.832000,1,1022
6917,6917,13.834000,1,997
6918,6918,13.836000,1,973
6919,6919,13.838000,1,989
6920,6920,13.840000,1,1021
6921,6921,13.842000,1,1021
6922,6922,13.844000,1,991
6923,6923,13.846000,1,974
6924,6924,13.848000,1,994
6925,6925,13.850000,1,1020
6926,6926,13.852000,1,1017
6927,6927,13.854000,1,992
6928,6928,13.856000,1,980
6929,6929,13.858000,1,993
6930,6930,13.860000,1,1009
6931,6931,13.862000,1,1008
6932,6932,13.864000,1,1000
6933,6933,13.866000,1,999
6934,6934,13.868000,1,1007
6935,6935,13.870000,1,1009
6936,6936,13.872000,1,990
6937,6937,13.874000,1,963
6938,6938,13.876000,1,968
6939,6939,13.878000,1,1026
6940,6940,13.880000,1,1080
6941,6941,13.882000,1,1050
6942,6942,13.884000,1,946
6943,6943,13.886000,1,886
6944,6944,13.888000,1,949
6945,6945,13.890000,1,1068
6946,6946,13.892000,1,1111
6947,6947,13.894000,1,1041
6948,6948,13.896000,1,946
6949,6949,13.898000,1,919
6950,6950,13.900000,1,959
6951,6951,13.902000,1,1009
6952,6952,13.904000,1,1038
6953,6953,13.906000,1,1051
6954,6954,13.908000,1,1047
6955,6955,13.910000,1,1001
6956,6956,13.912000,1,927
6957,6957,13.914000,1,897
6958,6958,13.916000,1,970
6959,6959,13.918000,1,1095
6960,6960,13.920000,1,1136
6961,6961,13.922000,1,1034
6962,6962,13.924000,1,895
6963,6963,13.926000,1,875
6964,6964,13.928000,1,979
6965,6965,13.930000,1,1073
6966,6966,13.932000,1,1069
6967,6967,13.934000,1,1019
6968,6968,13.936000,1,996
6969,6969,13.938000,1,988
6970,6970,13.940000,1,954
6971,6971,13.942000,1,928
6972,6972,13.944000,1,982
6973,6973,13.946000,1,1086
6974,6974,13.948000,1,1116
6975,6975,13.950000,1,1012
6976,6976,13.952000,1,882
6977,6977,13.954000,1,882
6978,6978,13.956000,1,1013
6979,6979,13.958000,1,1115
6980,6980,13.960000,1,1080
6981,6981,13.962000,1,975
6982,6982,13.964000,1,925
6983,6983,13.966000,1,954
6984,6984,13.968000,1,1001
6985,6985,13.970000,1,1029
6986,6986,13.972000,1,1041
6987,6987,13.974000,1,1031
6988,6988,13.976000,1,994
6989,6989,13.978000,1,952
6990,6990,13.980000,1,949
6991,6991,13.982000,1,993
6992,6992,13.984000,1,1043
6993,6993,13.986000,1,1052
6994,6994,13.988000,1,1018
6995,6995,13.990000,1,973
6996,6996,13.992000,1,953
6997,6997,13.994000,1,970
6998,6998,13.996000,1,1007
6999,6999,13.998000,1,1032
7000,7000,14.000000,1,1029
7001,7001,14.002000,1,1008
7002,7002,14.004000,1,990
7003,7003,14.006000,1,982
7004,7004,14.008000,1,977
7005,7005,14.010000,1,979
7006,7006,14.012000,1,1002
7007,7007,14.014000,1,1037
7008,7008,14.016000,1,1041
7009,7009,14.018000,1,1000
7010,7010,14.020000,1,956
7011,7011,14.022000,1,960
7012,7012,14.024000,1,1002
7013,7013,14.026000,1,1030
7014,7014,14.028000,1,1023
7015,7015,14.030000,1,1001
7016,7016,14.032000,1,992
7017,7017,14.034000,1,993
7018,7018,14.036000,1,987
7019,7019,14.038000,1,979
7020,7020,14.040000,1,995
7021,7021,14.042000,1,1030
7022,7022,14.044000,1,1041
7023,7023,14.046000,1,1004
7024,7024,14.048000,1,956
7025,7025,14.050000,1,952
7026,7026,14.052000,1,1001
7027,7027,14.054000,1,1047
7028,7028,14.056000,1,1038
7029,7029,14.058000,1,986
7030,7030,14.060000,1,957
7031,7031,14.062000,1,984
7032,7032,14.064000,1,1030
7033,7033,14.066000,1,1029
7034,7034,14.068000,1,979
7035,7035,14.070000,1,952
7036,7036,14.072000,1,994
7037,7037,14.074000,1,1055
7038,7038,14.076000,1,1051
7039,7039,14.078000,1,982
7040,7040,14.080000,1,931
7041,7041,14.082000,1,956
7042,7042,14.084000,1,1021
7043,7043,14.086000,1,1052
7044,7044,14.088000,1,1029
7045,7045,14.090000,1,995
7046,7046,14.092000,1,982
7047,7047,14.094000,1,979
7048,7048,14.096000,1,974
7049,7049,14.098000,1,987
7050,7050,14.100000,1,1024
7051,7051,14.102000,1,1046
7052,7052,14.104000,1,1018
7053,7053,14.106000,1,966
7054,7054,14.108000,1,957
7055,7055,14.110000,1,999
7056,7056,14.112000,1,1032
7057,7057,14.114000,1,1016
7058,7058,14.116000,1,984
7059,7059,14.118000,1,981
7060,7060,14.120000,1,1004
7061,7061,14.122000,1,1020
7062,7062,14.124000,1,1012
7063,7063,14.126000,1,987
7064,7064,14.128000,1,969
7065,7065,14.130000,1,982
7066,7066,14.132000,1,1023
7067,7067,14.134000,1,1047
7068,7068,14.136000,1,1018
7069,7069,14.138000,1,963
7070,7070,14.140000,1,943
7071,7071,14.142000,1,983
7072,7072,14.144000,1,1041
7073,7073,14.146000,1,1058
7074,7074,14.148000,1,1018
7075,7075,14.150000,1,962
7076,7076,14.152000,1,943
7077,7077,14.154000,1,976
7078,7078,14.156000,1,1025
7079,7079,14.158000,1,1045
7080,7080,14.160000,1,1025
7081,7081,14.162000,1,991
7082,7082,14.164000,1,973
7083,7083,14.166000,1,977
7084,7084,14.168000,1,990
7085,7085,14.170000,1,1003
7086,7086,14.172000,1,1016
7087,7087,14.174000,1,1023
7088,7088,14.176000,1,1014
7089,7089,14.178000,1,985
7090,7090,14.180000,1,961
7091,7091,14.182000,1,975
7092,7092,14.184000,1,1025
7093,7093,14.186000,1,1058
7094,7094,14.188000,1,1024
7095,7095,14.190000,1,951
7096,7096,14.192000,1,920
7097,7097,14.194000,1,979
7098,7098,14.196000,1,1071
7099,7099,14.198000,1,1095
7100,7100,14.200000,1,1014
7101,7101,14.202000,1,912
7102,7102,14.204000,1,904
7103,7103,14.206000,1,998
7104,7104,14.208000,1,1084
7105,7105,14.210000,1,1071
7106,7106,14.212000,1,992
7107,7107,14.214000,1,943
7108,7108,14.216000,1,963
7109,7109,14.218000,1,1004
7110,7110,14.220000,1,1015
7111,7111,14.222000,1,1002
7112,7112,14.224000,1,1004
7113,7113,14.226000,1,1024
7114,7114,14.228000,1,1023
7115,7115,14.230000,1,983
7116,7116,14.232000,1,947
7117,7117,14.234000,1,970
7118,7118,14.236000,1,1029
7119,7119,14.238000,1,1053
7120,7120,14.240000,1,1014
7121,7121,14.242000,1,966
7122,7122,14.244000,1,971
7123,7123,14.246000,1,1009
7124,7124,14.248000,1,1018
7125,7125,14.250000,1,989
7126,7126,14.252000,1,977
7127,7127,14.254000,1,1015
7128,7128,14.256000,1,1050
7129,7129,14.258000,1,1014
7130,7130,14.260000,1,935
7131,7131,14.262000,1,923
7132,7132,14.264000,1,1014
7133,7133,14.266000,1,1105
7134,7134,14.268000,1,1077
7135,7135,14.270000,1,957
7136,7136,14.272000,1,885
7137,7137,14.274000,1,935
7138,7138,14.276000,1,1041
7139,7139,14.278000,1,1093
7140,7140,14.280000,1,1058
7141,7141,14.282000,1,985
7142,7142,14.284000,1,934
7143,7143,14.286000,1,935
7144,7144,14.288000,1,984
7145,7145,14.290000,1,1046
7146,7146,14.292000,1,1071
7147,7147,14.294000,1,1033
7148,7148,14.296000,1,959
7149,7149,14.298000,1,923
7150,7150,14.300000,1,964
7151,7151,14.302000,1,1041
7152,7152,14.304000,1,1070
7153,7153,14.306000,1,1027
7154,7154,14.308000,1,967
7155,7155,14.310000,1,950
7156,7156,14.312000,1,974
7157,7157,14.314000,1,1006
7158,7158,14.316000,1,1025
7159,7159,14.318000,1,1030
7160,7160,14.320000,1,1020
7161,7161,14.322000,1,993
7162,7162,14.324000,1,966
7163,7163,14.326000,1,964
7164,7164,14.328000,1,994
7165,7165,14.330000,1,1032
7166,7166,14.332000,1,1038
7167,7167,14.334000,1,1005
7168,7168,14.336000,1,970
7169,7169,14.338000,1,972
7170,7170,14.340000,1,1005
7171,7171,14.342000,1,1024
7172,7172,14.344000,1,1006
7173,7173,14.346000,1,980
7174,7174,14.348000,1,985
7175,7175,14.350000,1,1016
7176,7176,14.352000,1,1028
7177,7177,14.354000,1,1000
7178,7178,14.356000,1,965
7179,7179,14.358000,1,970
7180,7180,14.360000,1,1016
7181,7181,14.362000,1,1044
7182,7182,14.364000,1,1013
7183,7183,14.366000,1,962
7184,7184,14.368000,1,965
7185,7185,14.370000,1,1022
7186,7186,14.372000,1,1047
7187,7187,14.374000,1,996
7188,7188,14.376000,1,938
7189,7189,14.378000,1,965
7190,7190,14.380000,1,1052
7191,7191,14.382000,1,1079
7192,7192,14.384000,1,1001
7193,7193,14.386000,1,915
7194,7194,14.388000,1,931
7195,7195,14.390000,1,1027
7196,7196,14.392000,1,1082
7197,7197,14.394000,1,1040
7198,7198,14.396000,1,971
7199,7199,14.398000,1,949
7200,7200,14.400000,1,970
7201,7201,14.402000,1,997
7202,7202,14.404000,1,1021
7203,7203,14.406000,1,1042
7204,7204,14.408000,1,1037
7205,7205,14.410000,1,990
7206,7206,14.412000,1,937
7207,7207,14.414000,1,941
7208,7208,14.416000,1,1008
7209,7209,14.418000,1,1072
7210,7210,14.420000,1,1062
7211,7211,14.422000,1,989
7212,7212,14.424000,1,931
7213,7213,14.426000,1,947
7214,7214,14.428000,1,1012
7215,7215,14.430000,1,1056
7216,7216,14.432000,1,1035
7217,7217,14.434000,1,983
7218,7218,14.436000,1,962
7219,7219,14.438000,1,986
7220,7220,14.440000,1,1016
7221,7221,14.442000,1,1015
7222,7222,14.444000,1,996
7223,7223,14.446000,1,989
7224,7224,14.448000,1,1000
7225,7225,14.450000,1,1006
7226,7226,14.452000,1,998
7227,7227,14.454000,1,999
7228,7228,14.456000,1,1014
7229,7229,14.458000,1,1012
7230,7230,14.460000,1,971
7231,7231,14.462000,1,944
7232,7232,14.464000,1,997
7233,7233,14.466000,1,1085
7234,7234,14.468000,1,1086
7235,7235,14.470000,1,970
7236,7236,14.472000,1,863
7237,7237,14.474000,1,904
7238,7238,14.476000,1,1063
7239,7239,14.478000,1,1163
7240,7240,14.480000,1,1085
7241,7241,14.482000,1,911
7242,7242,14.484000,1,836
7243,7243,14.486000,1,940
7244,7244,14.488000,1,1099
7245,7245,14.490000,1,1135
7246,7246,14.492000,1,1025
7247,7247,14.494000,1,908
7248,7248,14.496000,1,909
7249,7249,14.498000,1,1004
7250,7250,14.500000,1,1076
7251,7251,14.502000,1,1051
7252,7252,14.504000,1,968
7253,7253,14.506000,1,929
7254,7254,14.508000,1,979
7255,7255,14.510000,1,1058
7256,7256,14.512000,1,1071
7257,7257,14.514000,1,1000
7258,7258,14.516000,1,923
7259,7259,14.518000,1,925
7260,7260,14.520000,1,1004
7261,7261,14.522000,1,1080
7262,7262,14.524000,1,1077
7263,7263,14.526000,1,1000
7264,7264,14.528000,1,926
7265,7265,14.530000,1,924
7266,7266,14.532000,1,989
7267,7267,14.534000,1,1054
7268,7268,14.536000,1,1064
7269,7269,14.538000,1,1019
7270,7270,14.540000,1,970
7271,7271,14.542000,1,954
7272,7272,14.544000,1,972
7273,7273,14.546000,1,999
7274,7274,14.548000,1,1026
7275,7275,14.550000,1,1042
7276,7276,14.552000,1,1024
7277,7277,14.554000,1,972
7278,7278,14.556000,1,940
7279,7279,14.558000,1,976
7280,7280,14.560000,1,1044
7281,7281,14.562000,1,1059
7282,7282,14.564000,1,999
7283,7283,14.566000,1,943
7284,7284,14.568000,1,962
7285,7285,14.570000,1,1024
7286,7286,14.572000,1,1045
7287,7287,14.574000,1,1005
7288,7288,14.576000,1,969
7289,7289,14.578000,1,986
7290,7290,14.580000,1,1020
7291,7291,14.582000,1,1010
7292,7292,14.584000,1,973
7293,7293,14.586000,1,976
7294,7294,14.588000,1,1026
7295,7295,14.590000,1,1051
7296,7296,14.592000,1,1002
7297,7297,14.594000,1,938
7298,7298,14.596000,1,950
7299,7299,14.598000,1,1028
7300,7300,14.600000,1,1071
7301,7301,14.602000,1,1022
7302,7302,14.604000,1,948
7303,7303,14.606000,1,946
7304,7304,14.608000,1,1015
7305,7305,14.610000,1,1062
7306,7306,14.612000,1,1020
7307,7307,14.614000,1,943
7308,7308,14.616000,1,939
7309,7309,14.618000,1,1021
7310,7310,14.620000,1,1083
7311,7311,14.622000,1,1038
7312,7312,14.624000,1,943
7313,7313,14.626000,1,921
7314,7314,14.628000,1,993
7315,7315,14.630000,1,1058
7316,7316,14.632000,1,1043
7317,7317,14.634000,1,993
7318,7318,14.636000,1,977
7319,7319,14.638000,1,990
7320,7320,14.640000,1,985
7321,7321,14.642000,1,972
7322,7322,14.644000,1,1001
7323,7323,14.646000,1,1059
7324,7324,14.648000,1,1060
7325,7325,14.650000,1,974
7326,7326,14.652000,1,898
7327,7327,14.654000,1,943
7328,7328,14.656000,1,1065
7329,7329,14.658000,1,1112
7330,7330,14.660000,1,1022
7331,7331,14.662000,1,906
7332,7332,14.664000,1,906
7333,7333,14.666000,1,1015
7334,7334,14.668000,1,1098
7335,7335,14.670000,1,1063
7336,7336,14.672000,1,964
7337,7337,14.674000,1,915
7338,7338,14.676000,1,959
7339,7339,14.678000,1,1036
7340,7340,14.680000,1,1064
7341,7341,14.682000,1,1026
7342,7342,14.684000,1,974
7343,7343,14.686000,1,958
7344,7344,14.688000,1,981
7345,7345,14.690000,1,1009
7346,7346,14.692000,1,1018
7347,7347,14.694000,1,1015
7348,7348,14.696000,1,1009
7349,7349,14.698000,1,1000
7350,7350,14.700000,1,986
7351,7351,14.702000,1,977
7352,7352,14.704000,1,984
7353,7353,14.706000,1,1004
7354,7354,14.708000,1,1027
7355,7355,14.710000,1,1034
7356,7356,14.712000,1,1012
7357,7357,14.714000,1,969
7358,7358,14.716000,1,946
7359,7359,14.718000,1,976
7360,7360,14.720000,1,1033
7361,7361,14.722000,1,1056
7362,7362,14.724000,1,1022
7363,7363,14.726000,1,973
7364,7364,14.728000,1,962
7365,7365,14.730000,1,988
7366,7366,14.732000,1,1010
7367,7367,14.734000,1,1010
7368,7368,14.736000,1,1000
7369,7369,14.738000,1,998
7370,7370,14.740000,1,1008
7371,7371,14.742000,1,1016
7372,7372,14.744000,1,1007
7373,7373,14.746000,1,980
7374,7374,14.748000,1,962
7375,7375,14.750000,1,982
7376,7376,14.752000,1,1028
7377,7377,14.754000,1,1048
7378,7378,14.756000,1,1014
7379,7379,14.758000,1,965
7380,7380,14.760000,1,962
7381,7381,14.762000,1,1002
7382,7382,14.764000,1,1029
7383,7383,14.766000,1,1011
7384,7384,14.768000,1,983
7385,7385,14.770000,1,985
7386,7386,14.772000,1,1007
7387,7387,14.774000,1,1014
7388,7388,14.776000,1,1001
7389,7389,14.778000,1,990
7390,7390,14.780000,1,991
7391,7391,14.782000,1,999
7392,7392,14.784000,1,1006
7393,7393,14.786000,1,1008
7394,7394,14.788000,1,1001
7395,7395,14.790000,1,990
7396,7396,14.792000,1,989
7397,7397,14.794000,1,1003
7398,7398,14.796000,1,1015
7399,7399,14.798000,1,1008
7400,7400,14.800000,1,985
7401,7401,14.802000,1,977
7402,7402,14.804000,1,999
7403,7403,14.806000,1,1027
7404,7404,14.808000,1,1022
7405,7405,14.810000,1,987
7406,7406,14.812000,1,968
7407,7407,14.814000,1,989
7408,7408,14.816000,1,1019
7409,7409,14.818000,1,1021
7410,7410,14.820000,1,999
7411,7411,14.822000,1,983
7412,7412,14.824000,1,988
7413,7413,14.826000,1,1004
7414,7414,14.828000,1,1013
7415,7415,14.830000,1,1009
7416,7416,14.832000,1,994
7417,7417,14.834000,1,980
7418,7418,14.836000,1,988
7419,7419,14.838000,1,1015
7420,7420,14.840000,1,1029
7421,7421,14.842000,1,1005
7422,7422,14.844000,1,969
7423,7423,14.846000,1,968
7424,7424,14.848000,1,1006
7425,7425,14.850000,1,1039
7426,7426,14.852000,1,1028
7427,7427,14.854000,1,986
7428,7428,14.856000,1,960
7429,7429,14.858000,1,973
7430,7430,14.860000,1,1008
7431,7431,14.862000,1,1032
7432,7432,14.864000,1,1028
7433,7433,14.866000,1,1000
7434,7434,14.868000,1,975
7435,7435,14.870000,1,974
7436,7436,14.872000,1,993
7437,7437,14.874000,1,1006
7438,7438,14.876000,1,1007
7439,7439,14.878000,1,1014
7440,7440,14.880000,1,1026
7441,7441,14.882000,1,1011
7442,7442,14.884000,1,967
7443,7443,14.886000,1,945
7444,7444,14.888000,1,987
7445,7445,14.890000,1,1051
7446,7446,14.892000,1,1059
7447,7447,14.894000,1,1001
7448,7448,14.896000,1,947
7449,7449,14.898000,1,956
7450,7450,14.900000,1,1005
7451,7451,14.902000,1,1036
7452,7452,14.904000,1,1026
7453,7453,14.906000,1,998
7454,7454,14.908000,1,981
7455,7455,14.910000,1,984
7456,7456,14.912000,1,995
7457,7457,14.914000,1,1005
7458,7458,14.916000,1,1008
7459,7459,14.918000,1,1007
7460,7460,14.920000,1,1002
7461,7461,14.922000,1,995
7462,7462,14.924000,1,991
7463,7463,14.926000,1,993
7464,7464,14.928000,1,1001
7465,7465,14.930000,1,1008
7466,7466,14.932000,1,1008
7467,7467,14.934000,1,1000
7468,7468,14.936000,1,991
7469,7469,14.938000,1,992
7470,7470,14.940000,1,1000
7471,7471,14.942000,1,1005
7472,7472,14.944000,1,1003
7473,7473,14.946000,1,1002
7474,7474,14.948000,1,1003
7475,7475,14.950000,1,999
7476,7476,14.952000,1,991
7477,7477,14.954000,1,988
7478,7478,14.956000,1,998
7479,7479,14.958000,1,1012
7480,7480,14.960000,1,1013
7481,7481,14.962000,1,1003
7482,7482,14.964000,1,992
7483,7483,14.966000,1,987
7484,7484,14.968000,1,989
7485,7485,14.970000,1,999
7486,7486,14.972000,1,1014
7487,7487,14.974000,1,1020
7488,7488,14.976000,1,1004
7489,7489,14.978000,1,979
7490,7490,14.980000,1,973
7491,7491,14.982000,1,997
7492,7492,14.984000,1,1023
7493,7493,14.986000,1,1023
7494,7494,14.988000,1,998
7495,7495,14.990000,1,979
7496,7496,14.992000,1,986
7497,7497,14.994000,1,1004
7498,7498,14.996000,1,1012
7499,7499,14.998000,1,1003
7500,7500,15.000000,1,995
7501,7501,15.002000,1,996
7502,7502,15.004000,1,1001
7503,7503,15.006000,1,1001
7504,7504,15.008000,1,1000
7505,7505,15.010000,1,999
7506,7506,15.012000,1,999
7507,7507,15.014000,1,997
7508,7508,15.016000,1,996
7509,7509,15.018000,1,1001
7510,7510,15.020000,1,1008
7511,7511,15.022000,1,1005
7512,7512,15.024000,1,994
7513,7513,15.026000,1,989
7514,7514,15.028000,1,997
7515,7515,15.030000,1,1008
7516,7516,15.032000,1,1008
7517,7517,15.034000,1,998
7518,7518,15.036000,1,993
7519,7519,15.038000,1,997
7520,7520,15.040000,1,1002
7521,7521,15.042000,1,1000
7522,7522,15.044000,1,997
7523,7523,15.046000,1,1001
7524,7524,15.048000,1,1005
7525,7525,15.050000,1,1000
7526,7526,15.052000,1,990
7527,7527,15.054000,1,993
7528,7528,15.056000,1,1009
7529,7529,15.058000,1,1016
7530,7530,15.060000,1,1000
7531,7531,15.062000,1,980
7532,7532,15.064000,1,982
7533,7533,15.066000,1,1007
7534,7534,15.068000,1,1026
7535,7535,15.070000,1,1013
7536,7536,15.072000,1,985
7537,7537,15.074000,1,975
7538,7538,15.076000,1,994
7539,7539,15.078000,1,1016
7540,7540,15.080000,1,1016
7541,7541,15.082000,1,999
7542,7542,15.084000,1,988
7543,7543,15.086000,1,993
7544,7544,15.088000,1,1003
7545,7545,15.090000,1,1003
7546,7546,15.092000,1,998
7547,7547,15.094000,1,998
7548,7548,15.096000,1,1004
7549,7549,15.098000,1,1004
7550,7550,15.100000,1,998
7551,7551,15.102000,1,992
7552,7552,15.104000,1,995
7553,7553,15.106000,1,1004
7554,7554,15.108000,1,1008
7555,7555,15.110000,1,1004
7556,7556,15.112000,1,994
7557,7557,15.114000,1,991
7558,7558,15.116000,1,997
7559,7559,15.118000,1,1006
7560,7560,15.120000,1,1008
7561,7561,15.122000,1,1000
7562,7562,15.124000,1,990
7563,7563,15.126000,1,990
7564,7564,15.128000,1,1003
7565,7565,15.130000,1,1015
7566,7566,15.132000,1,1009
7567,7567,15.134000,1,990
7568,7568,15.136000,1,979
7569,7569,15.138000,1,991
7570,7570,15.140000,1,1014
7571,7571,15.142000,1,1022
7572,7572,15.144000,1,1004
7573,7573,15.146000,1,982
7574,7574,15.148000,1,981
7575,7575,15.150000,1,999
7576,7576,15.152000,1,1014
7577,7577,15.154000,1,1012
7578,7578,15.156000,1,999
7579,7579,15.158000,1,991
7580,7580,15.160000,1,992
7581,7581,15.162000,1,998
7582,7582,15.164000,1,1004
7583,7583,15.166000,1,1004
7584,7584,15.168000,1,1001
7585,7585,15.170000,1,998
7586,7586,15.172000,1,998
7587,7587,15.174000,1,1000
7588,7588,15.176000,1,1000
7589,7589,15.178000,1,999
7590,7590,15.180000,1,998
7591,7591,15.182000,1,1000
7592,7592,15.184000,1,1003
7593,7593,15.186000,1,1001
7594,7594,15.188000,1,997
7595,7595,15.190000,1,995
7596,7596,15.192000,1,999
7597,7597,15.194000,1,1005
7598,7598,15.196000,1,1004
7599,7599,15.198000,1,996
7600,7600,15.200000,1,992
7601,7601,15.202000,1,998
7602,7602,15.204000,1,1006
7603,7603,15.206000,1,1006
7604,7604,15.208000,1,998
7605,7605,15.210000,1,992
7606,7606,15.212000,1,996
7607,7607,15.214000,1,1003
7608,7608,15.216000,1,1004
7609,7609,15.218000,1,999
7610,7610,15.220000,1,997
7611,7611,15.222000,1,1000
7612,7612,15.224000,1,1002
7613,7613,15.226000,1,998
7614,7614,15.228000,1,995
7615,7615,15.230000,1,998
7616,7616,15.232000,1,1005
7617,7617,15.234000,1,1005
7618,7618,15.236000,1,997
7619,7619,15.238000,1,991
7620,7620,15.240000,1,996
7621,7621,15.242000,1,1006
7622,7622,15.244000,1,1008
7623,7623,15.246000,1,999
7624,7624,15.248000,1,988
7625,7625,15.250000,1,991
7626,7626,15.252000,1,1007
7627,7627,15.254000,1,1017
7628,7628,15.256000,1,1005
7629,7629,15.258000,1,984
7630,7630,15.260000,1,980
7631,7631,15.262000,1,999
7632,7632,15.264000,1,1019
7633,7633,15.266000,1,1016
7634,7634,15.268000,1,995
7635,7635,15.270000,1,982
7636,7636,15.272000,1,990
7637,7637,15.274000,1,1006
7638,7638,15.276000,1,1009
7639,7639,15.278000,1,1001
7640,7640,15.280000,1,996
7641,7641,15.282000,1,999
7642,7642,15.284000,1,1001
7643,7643,15.286000,1,996
7644,7644,15.288000,1,993
7645,7645,15.290000,1,999
7646,7646,15.292000,1,1008
7647,7647,15.294000,1,1007
7648,7648,15.296000,1,996
7649,7649,15.298000,1,989
7650,7650,15.300000,1,994
7651,7651,15.302000,1,1005
7652,7652,15.304000,1,1008
7653,7653,15.306000,1,1001
7654,7654,15.308000,1,994
7655,7655,15.310000,1,996
7656,7656,15.312000,1,1001
7657,7657,15.314000,1,1001
7658,7658,15.316000,1,997
7659,7659,15.318000,1,998
7660,7660,15.320000,1,1005
7661,7661,15.322000,1,1006
7662,7662,15.324000,1,996
7663,7663,15.326000,1,987
7664,7664,15.328000,1,994
7665,7665,15.330000,1,1010
7666,7666,15.332000,1,1013
7667,7667,15.334000,1,999
7668,7668,15.336000,1,986
7669,7669,15.338000,1,990
7670,7670,15.340000,1,1005
7671,7671,15.342000,1,1012
7672,7672,15.344000,1,1003
7673,7673,15.346000,1,992
7674,7674,15.348000,1,992
7675,7675,15.350000,1,1001
7676,7676,15.352000,1,1005
7677,7677,15.354000,1,1001
7678,7678,15.356000,1,997
7679,7679,15.358000,1,999
7680,7680,15.360000,0,1002
7681,7681,15.362000,0,1000
7682,7682,15.364000,0,996
7683,7683,15.366000,0,997
7684,7684,15.368000,0,1002
7685,7685,15.370000,0,1004
7686,7686,15.372000,0,1000
7687,7687,15.374000,0,996
7688,7688,15.376000,0,996
7689,7689,15.378000,0,999
7690,7690,15.380000,0,1003
7691,7691,15.382000,0,1002
7692,7692,15.384000,0,998
7693,7693,15.386000,0,995
7694,7694,15.388000,0,998
7695,7695,15.390000,0,1003
7696,7696,15.392000,0,1004
7697,7697,15.394000,0,999
7698,7698,15.396000,0,994
7699,7699,15.398000,0,995
7700,7700,15.400000,0,1002
7701,7701,15.402000,0,1007
7702,7702,15.404000,0,1003
7703,7703,15.406000,0,996
7704,7704,15.408000,0,992
7705,7705,15.410000,0,997
7706,7706,15.412000,0,1004
7707,7707,15.414000,0,1005
7708,7708,15.416000,0,1000
7709,7709,15.418000,0,997
7710,7710,15.420000,0,997
7711,7711,15.422000,0,999
7712,7712,15.424000,0,1000
7713,7713,15.426000,0,1000
7714,7714,15.428000,0,1000
7715,7715,15.430000,0,1001
7716,7716,15.432000,0,1000
7717,7717,15.434000,0,998
7718,7718,15.436000,0,997
7719,7719,15.438000,0,999
7720,7720,15.440000,0,1004
7721,7721,15.442000,0,1004
7722,7722,15.444000,0,997
7723,7723,15.446000,0,992
7724,7724,15.448000,0,997
7725,7725,15.450000,0,1007
7726,7726,15.452000,0,1008
7727,7727,15.454000,0,999
7728,7728,15.456000,0,990
7729,7729,15.458000,0,993
7730,7730,15.460000,0,1002
7731,7731,15.462000,0,1007
7732,7732,15.464000,0,1003
7733,7733,15.466000,0,997
7734,7734,15.468000,0,995
7735,7735,15.470000,0,998
7736,7736,15.472000,0,1000
7737,7737,15.474000,0,999
7738,7738,15.476000,0,1000
7739,7739,15.478000,0,1003
7740,7740,15.480000,0,1003
7741,7741,15.482000,0,999
7742,7742,15.484000,0,994
7743,7743,15.486000,0,996
7744,7744,15.488000,0,1001
7745,7745,15.490000,0,1004
7746,7746,15.492000,0,1002
7747,7747,15.494000,0,997
7748,7748,15.496000,0,996
7749,7749,15.498000,0,1000
7750,7750,15.500000,0,1003
7751,7751,15.502000,0,1001
7752,7752,15.504000,0,996
7753,7753,15.506000,0,994
7754,7754,15.508000,0,1000
7755,7755,15.510000,0,1008
7756,7756,15.512000,0,1006
7757,7757,15.514000,0,996
7758,7758,15.516000,0,989
7759,7759,15.518000,0,995
7760,7760,15.520000,0,1006
7761,7761,15.522000,0,1008
7762,7762,15.524000,0,1000
7763,7763,15.526000,0,994
7764,7764,15.528000,0,997
7765,7765,15.530000,0,1002
7766,7766,15.532000,0,1000
7767,7767,15.534000,0,995
7768,7768,15.536000,0,997
7769,7769,15.538000,0,1006
7770,7770,15.540000,0,1008
7771,7771,15.542000,0,998
7772,7772,15.544000,0,988
7773,7773,15.546000,0,993
7774,7774,15.548000,0,1007
7775,7775,15.550000,0,1011
7776,7776,15.552000,0,1001
7777,7777,15.554000,0,990
7778,7778,15.556000,0,993
7779,7779,15.558000,0,1003
7780,7780,15.560000,0,1006
7781,7781,15.562000,0,1001
7782,7782,15.564000,0,995
7783,7783,15.566000,0,997
7784,7784,15.568000,0,1002
7785,7785,15.570000,0,1003
7786,7786,15.572000,0,999
7787,7787,15.574000,0,995
7788,7788,15.576000,0,998
7789,7789,15.578000,0,1002
7790,7790,15.580000,0,1002
7791,7791,15.582000,0,999
7792,7792,15.584000,0,997
7793,7793,15.586000,0,999
7794,7794,15.588000,0,1002
7795,7795,15.590000,0,1001
7796,7796,15.592000,0,998
7797,7797,15.594000,0,997
7798,7798,15.596000,0,1000
7799,7799,15.598000,0,1003
7800,7800,15.600000,0,1002
7801,7801,15.602000,0,996
7802,7802,15.604000,0,994
7803,7803,15.606000,0,999
7804,7804,15.608000,0,1006
7805,7805,15.610000,0,1005
7806,7806,15.612000,0,997
7807,7807,15.614000,0,992
7808,7808,15.616000,0,996
7809,7809,15.618000,0,1004
7810,7810,15.620000,0,1006
7811,7811,15.622000,0,999
7812,7812,15.624000,0,994
7813,7813,15.626000,0,998
7814,7814,15.628000,0,1003
7815,7815,15.630000,0,1001
7816,7816,15.632000,0,995
7817,7817,15.634000,0,996
7818,7818,15.636000,0,1004
7819,7819,15.638000,0,1007
7820,7820,15.640000,0,998
7821,7821,15.642000,0,991
7822,7822,15.644000,0,994
7823,7823,15.646000,0,1005
7824,7824,15.648000,0,1009
7825,7825,15.650000,0,1000
7826,7826,15.652000,0,991
7827,7827,15.654000,0,994
7828,7828,15.656000,0,1003
7829,7829,15.658000,0,1005
7830,7830,15.660000,0,999
7831,7831,15.662000,0,996
7832,7832,15.664000,0,1001
7833,7833,15.666000,0,1004
7834,7834,15.668000,0,998
7835,7835,15.670000,0,991
7836,7836,15.672000,0,996
7837,7837,15.674000,0,1008
7838,7838,15.676000,0,1010
7839,7839,15.678000,0,998
7840,7840,15.680000,0,988
7841,7841,15.682000,0,992
7842,7842,15.684000,0,1005
7843,7843,15.686000,0,1010
7844,7844,15.688000,0,1001
7845,7845,15.690000,0,991
7846,7846,15.692000,0,992
7847,7847,15.694000,0,1002
7848,7848,15.696000,0,1008
7849,7849,15.698000,0,1002
7850,7850,15.700000,0,993
7851,7851,15.702000,0,993
7852,7852,15.704000,0,1001
7853,7853,15.706000,0,1007
7854,7854,15.708000,0,1004
7855,7855,15.710000,0,996
7856,7856,15.712000,0,993
7857,7857,15.714000,0,998
7858,7858,15.716000,0,1003
7859,7859,15.718000,0,1004
7860,7860,15.720000,0,1000
7861,7861,15.722000,0,997
7862,7862,15.724000,0,998
7863,7863,15.726000,0,999
7864,7864,15.728000,0,999
7865,7865,15.730000,0,1000
7866,7866,15.732000,0,1003
7867,7867,15.734000,0,1003
7868,7868,15.736000,0,999
7869,7869,15.738000,0,993
7870,7870,15.740000,0,994
7871,7871,15.742000,0,1002
7872,7872,15.744000,0,1008
7873,7873,15.746000,0,1005
7874,7874,15.748000,0,995
7875,7875,15.750000,0,991
7876,7876,15.752000,0,996
7877,7877,15.754000,0,1005
7878,7878,15.756000,0,1006
7879,7879,15.758000,0,1000
7880,7880,15.760000,0,996
7881,7881,15.762000,0,998
7882,7882,15.764000,0,1001
7883,7883,15.766000,0,1000
7884,7884,15.768000,0,998
7885,7885,15.770000,0,999
7886,7886,15.772000,0,1001
7887,7887,15.774000,0,1002
7888,7888,15.776000,0,999
7889,7889,15.778000,0,996
7890,7890,15.780000,0,997
7891,7891,15.782000,0,1001
7892,7892,15.784000,0,1004
7893,7893,15.786000,0,1002
7894,7894,15.788000,0,997
7895,7895,15.790000,0,994
7896,7896,15.792000,0,998
7897,7897,15.794000,0,1004
7898,7898,15.796000,0,1004
7899,7899,15.798000,0,999
7900,7900,15.800000,0,994
7901,7901,15.802000,0,996
7902,7902,15.804000,0,1003
7903,7903,15.806000,0,1006
7904,7904,15.808000,0,1002
7905,7905,15.810000,0,993
7906,7906,15.812000,0,992
7907,7907,15.814000,0,1001
7908,7908,15.816000,0,1009
7909,7909,15.818000,0,1006
7910,7910,15.820000,0,995
7911,7911,15.822000,0,989
7912,7912,15.824000,0,996
7913,7913,15.826000,0,1006
7914,7914,15.828000,0,1006
7915,7915,15.830000,0,998
7916,7916,15.832000,0,995
7917,7917,15.834000,0,999
7918,7918,15.836000,0,1003
7919,7919,15.838000,0,999
7920,7920,15.840000,0,994
7921,7921,15.842000,0,997
7922,7922,15.844000,0,1005
7923,7923,15.846000,0,1006
7924,7924,15.848000,0,998
7925,7925,15.850000,0,992
7926,7926,15.852000,0,995
7927,7927,15.854000,0,1004
7928,7928,15.856000,0,1006
7929,7929,15.858000,0,1000
7930,7930,15.860000,0,995
7931,7931,15.862000,0,996
7932,7932,15.864000,0,1002
7933,7933,15.866000,0,1003
7934,7934,15.868000,0,999
7935,7935,15.870000,0,996
7936,7936,15.872000,0,999
7937,7937,15.874000,0,1003
7938,7938,15.876000,0,1001
7939,7939,15.878000,0,997
7940,7940,15.880000,0,996
7941,7941,15.882000,0,999
7942,7942,15.884000,0,1003
7943,7943,15.886000,0,1003
7944,7944,15.888000,0,998
7945,7945,15.890000,0,995
7946,7946,15.892000,0,998
7947,7947,15.894000,0,1003
7948,7948,15.896000,0,1003
7949,7949,15.898000,0,999
7950,7950,15.900000,0,995
7951,7951,15.902000,0,998
7952,7952,15.904000,0,1003
7953,7953,15.906000,0,1003
7954,7954,15.908000,0,999
7955,7955,15.910000,0,995
7956,7956,15.912000,0,997
7957,7957,15.914000,0,1002
7958,7958,15.916000,0,1004
7959,7959,15.918000,0,1001
7960,7960,15.920000,0,995
7961,7961,15.922000,0,994
7962,7962,15.924000,0,1000
7963,7963,15.926000,0,1006
7964,7964,15.928000,0,1005
7965,7965,15.930000,0,997
7966,7966,15.932000,0,991
7967,7967,15.934000,0,995
7968,7968,15.936000,0,1005
7969,7969,15.938000,0,1008
7970,7970,15.940000,0,1001
7971,7971,15.942000,0,993
7972,7972,15.944000,0,994
7973,7973,15.946000,0,1001
7974,7974,15.948000,0,1004
7975,7975,15.950000,0,1000
7976,7976,15.952000,0,997
7977,7977,15.954000,0,1000
7978,7978,15.956000,0,1002
7979,7979,15.958000,0,999
7980,7980,15.960000,0,994
7981,7981,15.962000,0,997
7982,7982,15.964000,0,1004
7983,7983,15.966000,0,1006
7984,7984,15.968000,0,1000
7985,7985,15.970000,0,992
7986,7986,15.972000,0,994
7987,7987,15.974000,0,1002
7988,7988,15.976000,0,1006
7989,7989,15.978000,0,1002
7990,7990,15.980000,0,997
7991,7991,15.982000,0,996
7992,7992,15.984000,0,999
7993,7993,15.986000,0,1001
7994,7994,15.988000,0,1000
7995,7995,15.990000,0,998
7996,7996,15.992000,0,1000
7997,7997,15.994000,0,1002
7998,7998,15.996000,0,1000
7999,7999,15.998000,0,996
8000,8000,16.000000,0,996
8001,8001,16.002000,0,1001
8002,8002,16.004000,0,1005
8003,8003,16.006000,0,1002
8004,8004,16.008000,0,996
8005,8005,16.010000,0,995
8006,8006,16.012000,0,1000
8007,8007,16.014000,0,1004
8008,8008,16.016000,0,1002
8009,8009,16.018000,0,997
8010,8010,16.020000,0,997
8011,8011,16.022000,0,1000
8012,8012,16.024000,0,1001
8013,8013,16.026000,0,999
8014,8014,16.028000,0,998
8015,8015,16.030000,0,1000
8016,8016,16.032000,0,1002
8017,8017,16.034000,0,1000
8018,8018,16.036000,0,996
8019,8019,16.038000,0,997
8020,8020,16.040000,0,1001
8021,8021,16.042000,0,1003
8022,8022,16.044000,0,1000
8023,8023,16.046000,0,997
8024,8024,16.048000,0,997
8025,8025,16.050000,0,1001
8026,8026,16.052000,0,1002
8027,8027,16.054000,0,1000
8028,8028,16.056000,0,996
8029,8029,16.058000,0,996
8030,8030,16.060000,0,1001
8031,8031,16.062000,0,1005
8032,8032,16.064000,0,1002
8033,8033,16.066000,0,994
8034,8034,16.068000,0,993
8035,8035,16.070000,0,1000
8036,8036,16.072000,0,1007
8037,8037,16.074000,0,1004
8038,8038,16.076000,0,996
8039,8039,16.078000,0,993
8040,8040,16.080000,0,999
8041,8041,16.082000,0,1005
8042,8042,16.084000,0,1003
8043,8043,16.086000,0,996
8044,8044,16.088000,0,995
8045,8045,16.090000,0,1001
8046,8046,16.092000,0,1005
8047,8047,16.094000,0,1001
8048,8048,16.096000,0,994
8049,8049,16.098000,0,995
8050,8050,16.100000,0,1003
8051,8051,16.102000,0,1006
8052,8052,16.104000,0,1001
8053,8053,16.106000,0,994
8054,8054,16.108000,0,994
8055,8055,16.110000,0,1001
8056,8056,16.112000,0,1006
8057,8057,16.114000,0,1002
8058,8058,16.116000,0,996
8059,8059,16.118000,0,994
8060,8060,16.120000,0,999
8061,8061,16.122000,0,1004
8062,8062,16.124000,0,1003
8063,8063,16.126000,0,998
8064,8064,16.128000,0,996
8065,8065,16.130000,0,999
8066,8066,16.132000,0,1001
8067,8067,16.134000,0,1001
8068,8068,16.136000,0,999
8069,8069,16.138000,0,999
8070,8070,16.140000,0,1000
8071,8071,16.142000,0,1001
8072,8072,16.144000,0,999
8073,8073,16.146000,0,997
8074,8074,16.148000,0,999
8075,8075,16.150000,0,1003
8076,8076,16.152000,0,1003
8077,8077,16.154000,0,997
8078,8078,16.156000,0,992
8079,8079,16.158000,0,997
8080,8080,16.160000,0,1006
8081,8081,16.162000,0,1008
8082,8082,16.164000,0,998
8083,8083,16.166000,0,990
8084,8084,16.168000,0,994
8085,8085,16.170000,0,1004
8086,8086,16.172000,0,1008
8087,8087,16.174000,0,1001
8088,8088,16.176000,0,994
8089,8089,16.178000,0,996
8090,8090,16.180000,0,1002
8091,8091,16.182000,0,1002
8092,8092,16.184000,0,996
8093,8093,16.186000,0,995
8094,8094,16.188000,0,1003
8095,8095,16.190000,0,1007
8096,8096,16.192000,0,1002
8097,8097,16.194000,0,992
8098,8098,16.196000,0,992
8099,8099,16.198000,0,1001
8100,8100,16.200000,0,1007
8101,8101,16.202000,0,1004
8102,8102,16.204000,0,997
8103,8103,16.206000,0,995
8104,8104,16.208000,0,999
8105,8105,16.210000,0,1001
8106,8106,16.212000,0,1000
8107,8107,16.214000,0,998
8108,8108,16.216000,0,999
8109,8109,16.218000,0,1001
8110,8110,16.220000,0,1001
8111,8111,16.222000,0,998
8112,8112,16.224000,0,996
8113,8113,16.226000,0,998
8114,8114,16.228000,0,1002
8115,8115,16.230000,0,1002
8116,8116,16.232000,0,999
8117,8117,16.234000,0,997
8118,8118,16.236000,0,999
8119,8119,16.238000,0,1001
8120,8120,16.240000,0,1000
8121,8121,16.242000,0,998
8122,8122,16.244000,0,998
8123,8123,16.246000,0,1001
8124,8124,16.248000,0,1003
8125,8125,16.250000,0,1001
8126,8126,16.252000,0,996
8127,8127,16.254000,0,995
8128,8128,16.256000,0,1000
8129,8129,16.258000,0,1005
8130,8130,16.260000,0,1002
8131,8131,16.262000,0,997
8132,8132,16.264000,0,996
8133,8133,16.266000,0,999
8134,8134,16.268000,0,1001
8135,8135,16.270000,0,1000
8136,8136,16.272000,0,998
8137,8137,16.274000,0,1000
8138,8138,16.276000,0,1003
8139,8139,16.278000,0,1002
8140,8140,16.280000,0,996
8141,8141,16.282000,0,993
8142,8142,16.284000,0,999
8143,8143,16.286000,0,1007
8144,8144,16.288000,0,1007
8145,8145,16.290000,0,998
8146,8146,16.292000,0,991
8147,8147,16.294000,0,994
8148,8148,16.296000,0,1003
8149,8149,16.298000,0,1008
8150,8150,16.300000,0,1003
8151,8151,16.302000,0,995
8152,8152,16.304000,0,992
8153,8153,16.306000,0,998
8154,8154,16.308000,0,1005
8155,8155,16.310000,0,1005
8156,8156,16.312000,0,999
8157,8157,16.314000,0,994
8158,8158,16.316000,0,996
8159,8159,16.318000,0,1002
8160,8160,16.320000,0,1004
8161,8161,16.322000,0,1001
8162,8162,16.324000,0,996
8163,8163,16.326000,0,997
8164,8164,16.328000,0,1000
8165,8165,16.330000,0,1002
8166,8166,16.332000,0,1000
8167,8167,16.334000,0,998
8168,8168,16.336000,0,1000
8169,8169,16.338000,0,1002
8170,8170,16.340000,0,1000
8171,8171,16.342000,0,997
8172,8172,16.344000,0,997
8173,8173,16.346000,0,1001
8174,8174,16.348000,0,1003
8175,8175,16.350000,0,1001
8176,8176,16.352000,0,997
8177,8177,16.354000,0,997
8178,8178,16.356000,0,1000
8179,8179,16.358000,0,1003
8180,8180,16.360000,0,1001
8181,8181,16.362000,0,997
8182,8182,16.364000,0,996
8183,8183,16.366000,0,999
8184,8184,16.368000,0,1003
8185,8185,16.370000,0,1003
8186,8186,16.372000,0,998
8187,8187,16.374000,0,994
8188,8188,16.376000,0,996
8189,8189,16.378000,0,1003
8190,8190,16.380000,0,1006
8191,8191,16.382000,0,1002
8192,8192,16.384000,0,994
8193,8193,16.386000,0,992
8194,8194,16.388000,0,1000
8195,8195,16.390000,0,1008
8196,8196,16.392000,0,1005
8197,8197,16.394000,0,996
8198,8198,16.396000,0,992
8199,8199,16.398000,0,997
8200,8200,16.400000,0,1005
8201,8201,16.402000,0,1005
8202,8202,16.404000,0,999
8203,8203,16.406000,0,996
8204,8204,16.408000,0,998
8205,8205,16.410000,0,1001
8206,8206,16.412000,0,1000
8207,8207,16.414000,0,997
8208,8208,16.416000,0,999
8209,8209,16.418000,0,1003
8210,8210,16.420000,0,1003
8211,8211,16.422000,0,997
8212,8212,16.424000,0,994
8213,8213,16.426000,0,997
8214,8214,16.428000,0,1004
8215,8215,16.430000,0,1005
8216,8216,16.432000,0,1000
8217,8217,16.434000,0,994
8218,8218,16.436000,0,996
8219,8219,16.438000,0,1002
8220,8220,16.440000,0,1002
8221,8221,16.442000,0,998
8222,8222,16.444000,0,998
8223,8223,16.446000,0,1002
8224,8224,16.448000,0,1004
8225,8225,16.450000,0,998
8226,8226,16.452000,0,992
8227,8227,16.454000,0,996
8228,8228,16.456000,0,1005
8229,8229,16.458000,0,1008
8230,8230,16.460000,0,1000
8231,8231,16.462000,0,992
8232,8232,16.464000,0,994
8233,8233,16.466000,0,1002
8234,8234,16.468000,0,1007
8235,8235,16.470000,0,1002
8236,8236,16.472000,0,995
8237,8237,16.474000,0,994
8238,8238,16.476000,0,1000
8239,8239,16.478000,0,1006
8240,8240,16.480000,0,1004
8241,8241,16.482000,0,996
8242,8242,16.484000,0,992
8243,8243,16.486000,0,998
8244,8244,16.488000,0,1006
8245,8245,16.490000,0,1006
8246,8246,16.492000,0,998
8247,8247,16.494000,0,992
8248,8248,16.496000,0,996
8249,8249,16.498000,0,1003
8250,8250,16.500000,0,1005
8251,8251,16.502000,0,1000
8252,8252,16.504000,0,997
8253,8253,16.506000,0,1000
8254,8254,16.508000,0,1002
8255,8255,16.510000,0,998
8256,8256,16.512000,1,994
8257,8257,16.514000,1,999
8258,8258,16.516000,1,1008
8259,8259,16.518000,1,1008
8260,8260,16.520000,1,995
8261,8261,16.522000,1,986
8262,8262,16.524000,1,993
8263,8263,16.526000,1,1010
8264,8264,16.528000,1,1014
8265,8265,16.530000,1,1000
8266,8266,16.532000,1,987
8267,8267,16.534000,1,991
8268,8268,16.536000,1,1005
8269,8269,16.538000,1,1009
8270,8270,16.540000,1,1000
8271,8271,16.542000,1,993
8272,8272,16.544000,1,997
8273,8273,16.546000,1,1004
8274,8274,16.548000,1,1001
8275,8275,16.550000,1,994
8276,8276,16.552000,1,996
8277,8277,16.554000,1,1004
8278,8278,16.556000,1,1007
8279,8279,16.558000,1,999
8280,8280,16.560000,1,991
8281,8281,16.562000,1,995
8282,8282,16.564000,1,1004
8283,8283,16.566000,1,1007
8284,8284,16.568000,1,1000
8285,8285,16.570000,1,993
8286,8286,16.572000,1,996
8287,8287,16.574000,1,1004
8288,8288,16.576000,1,1004
8289,8289,16.578000,1,997
8290,8290,16.580000,1,994
8291,8291,16.582000,1,1000
8292,8292,16.584000,1,1006
8293,8293,16.586000,1,1002
8294,8294,16.588000,1,994
8295,8295,16.590000,1,994
8296,8296,16.592000,1,1001
8297,8297,16.594000,1,1006
8298,8298,16.596000,1,1001
8299,8299,16.598000,1,995
8300,8300,16.600000,1,996
8301,8301,16.602000,1,1003
8302,8302,16.604000,1,1005
8303,8303,16.606000,1,1000
8304,8304,16.608000,1,992
8305,8305,16.610000,1,993
8306,8306,16.612000,1,1003
8307,8307,16.614000,1,1010
8308,8308,16.616000,1,1006
8309,8309,16.618000,1,993
8310,8310,16.620000,1,987
8311,8311,16.622000,1,994
8312,8312,16.624000,1,1008
8313,8313,16.626000,1,1012
8314,8314,16.628000,1,1003
8315,8315,16.630000,1,991
8316,8316,16.632000,1,988
8317,8317,16.634000,1,998
8318,8318,16.636000,1,1008
8319,8319,16.638000,1,1008
8320,8320,16.640000,1,999
8321,8321,16.642000,1,992
8322,8322,16.644000,1,994
8323,8323,16.646000,1,1001
8324,8324,16.648000,1,1005
8325,8325,16.650000,1,1001
8326,8326,16.652000,1,996
8327,8327,16.654000,1,997
8328,8328,16.656000,1,1002
8329,8329,16.658000,1,1003
8330,8330,16.660000,1,998
8331,8331,16.662000,1,994
8332,8332,16.664000,1,997
8333,8333,16.666000,1,1003
8334,8334,16.668000,1,1006
8335,8335,16.670000,1,1002
8336,8336,16.672000,1,995
8337,8337,16.674000,1,993
8338,8338,16.676000,1,998
8339,8339,16.678000,1,1003
8340,8340,16.680000,1,1004
8341,8341,16.682000,1,1000
8342,8342,16.684000,1,999
8343,8343,16.686000,1,1000
8344,8344,16.688000,1,998
8345,8345,16.690000,1,993
8346,8346,16.692000,1,993
8347,8347,16.694000,1,1004
8348,8348,16.696000,1,1013
8349,8349,16.698000,1,1007
8350,8350,16.700000,1,989
8351,8351,16.702000,1,982
8352,8352,16.704000,1,997
8353,8353,16.706000,1,1015
8354,8354,16.708000,1,1013
8355,8355,16.710000,1,995
8356,8356,16.712000,1,985
8357,8357,16.714000,1,993
8358,8358,16.716000,1,1006
8359,8359,16.718000,1,1008
8360,8360,16.720000,1,1001
8361,8361,16.722000,1,997
8362,8362,16.724000,1,999
8363,8363,16.726000,1,997
8364,8364,16.728000,1,993
8365,8365,16.730000,1,997
8366,8366,16.732000,1,1009
8367,8367,16.734000,1,1011
8368,8368,16.736000,1,997
8369,8369,16.738000,1,985
8370,8370,16.740000,1,992
8371,8371,16.742000,1,1007
8372,8372,16.744000,1,1010
8373,8373,16.746000,1,999
8374,8374,16.748000,1,991
8375,8375,16.750000,1,998
8376,8376,16.752000,1,1007
8377,8377,16.754000,1,1003
8378,8378,16.756000,1,990
8379,8379,16.758000,1,987
8380,8380,16.760000,1,1003
8381,8381,16.762000,1,1019
8382,8382,16.764000,1,1013
8383,8383,16.766000,1,988
8384,8384,16.768000,1,973
8385,8385,16.770000,1,990
8386,8386,16.772000,1,1020
8387,8387,16.774000,1,1026
8388,8388,16.776000,1,998
8389,8389,16.778000,1,971
8390,8390,16.780000,1,981
8391,8391,16.782000,1,1016
8392,8392,16.784000,1,1032
8393,8393,16.786000,1,1006
8394,8394,16.788000,1,971
8395,8395,16.790000,1,971
8396,8396,16.792000,1,1005
8397,8397,16.794000,1,1029
8398,8398,16.796000,1,1017
8399,8399,16.798000,1,991
8400,8400,16.800000,1,984
8401,8401,16.802000,1,995
8402,8402,16.804000,1,1001
8403,8403,16.806000,1,997
8404,8404,16.808000,1,997
8405,8405,16.810000,1,1008
8406,8406,16.812000,1,1015
8407,8407,16.814000,1,1004
8408,8408,16.816000,1,984
8409,8409,16.818000,1,978
8410,8410,16.820000,1,995
8411,8411,16.822000,1,1016
8412,8412,16.824000,1,1016
8413,8413,16.826000,1,1001
8414,8414,16.828000,1,994
8415,8415,16.830000,1,997
8416,8416,16.832000,1,991
8417,8417,16.834000,1,978
8418,8418,16.836000,1,993
8419,8419,16.838000,1,1036
8420,8420,16.840000,1,1047
8421,8421,16.842000,1,994
8422,8422,16.844000,1,938
8423,8423,16.846000,1,956
8424,8424,16.848000,1,1024
8425,8425,16.850000,1,1054
8426,8426,16.852000,1,1017
8427,8427,16.854000,1,974
8428,8428,16.856000,1,980
8429,8429,16.858000,1,1009
8430,8430,16.860000,1,1009
8431,8431,16.862000,1,982
8432,8432,16.864000,1,974
8433,8433,16.866000,1,1004
8434,8434,16.868000,1,1038
8435,8435,16.870000,1,1032
8436,8436,16.872000,1,992
8437,8437,16.874000,1,962
8438,8438,16.876000,1,969
8439,8439,16.878000,1,996
8440,8440,16.880000,1,1018
8441,8441,16.882000,1,1025
8442,8442,16.884000,1,1019
8443,8443,16.886000,1,1001
8444,8444,16.888000,1,980
8445,8445,16.890000,1,971
8446,8446,16.892000,1,982
8447,8447,16.894000,1,1006
8448,8448,16.896000,1,1029
8449,8449,16.898000,1,1029
8450,8450,16.900000,1,1003
8451,8451,16.902000,1,974
8452,8452,16.904000,1,969
8453,8453,16.906000,1,990
8454,8454,16.908000,1,1015
8455,8455,16.910000,1,1021
8456,8456,16.912000,1,1008
8457,8457,16.914000,1,995
8458,8458,16.916000,1,994
8459,8459,16.918000,1,997
8460,8460,16.920000,1,994
8461,8461,16.922000,1,990
8462,8462,16.924000,1,995
8463,8463,16.926000,1,1010
8464,8464,16.928000,1,1020
8465,8465,16.930000,1,1013
8466,8466,16.932000,1,989
8467,8467,16.934000,1,969
8468,8468,16.936000,1,974
8469,8469,16.938000,1,1008
8470,8470,16.940000,1,1041
8471,8471,16.942000,1,1038
8472,8472,16.944000,1,993
8473,8473,16.946000,1,949
8474,8474,16.948000,1,954
8475,8475,16.950000,1,1006
8476,8476,16.952000,1,1050
8477,8477,16.954000,1,1043
8478,8478,16.956000,1,998
8479,8479,16.958000,1,960
8480,8480,16.960000,1,960
8481,8481,16.962000,1,991
8482,8482,16.964000,1,1025
8483,8483,16.966000,1,1032
8484,8484,16.968000,1,1011
8485,8485,16.970000,1,989
8486,8486,16.972000,1,985
8487,8487,16.974000,1,990
8488,8488,16.976000,1,988
8489,8489,16.978000,1,991
8490,8490,16.980000,1,1014
8491,8491,16.982000,1,1035
8492,8492,16.984000,1,1020
8493,8493,16.986000,1,975
8494,8494,16.988000,1,954
8495,8495,16.990000,1,985
8496,8496,16.992000,1,1030
8497,8497,16.994000,1,1034
8498,8498,16.996000,1,1000
8499,8499,16.998000,1,976
8500,8500,17.000000,1,987
8501,8501,17.002000,1,1007
8502,8502,17.004000,1,1007
8503,8503,17.006000,1,992
8504,8504,17.008000,1,990
8505,8505,17.010000,1,1007
8506,8506,17.012000,1,1021
8507,8507,17.014000,1,1011
8508,8508,17.016000,1,980
8509,8509,17.018000,1,963
8510,8510,17.020000,1,988
8511,8511,17.022000,1,1035
8512,8512,17.024000,1,1049
8513,8513,17.026000,1,1005
8514,8514,17.028000,1,946
8515,8515,17.030000,1,944
8516,8516,17.032000,1,1005
8517,8517,17.034000,1,1061
8518,8518,17.036000,1,1051
8519,8519,17.038000,1,988
8520,8520,17.040000,1,943
8521,8521,17.042000,1,958
8522,8522,17.044000,1,1007
8523,8523,17.046000,1,1036
8524,8524,17.048000,1,1030
8525,8525,17.050000,1,1010
8526,8526,17.052000,1,990
8527,8527,17.054000,1,971
8528,8528,17.056000,1,964
8529,8529,17.058000,1,991
8530,8530,17.060000,1,1038
8531,8531,17.062000,1,1051
8532,8532,17.064000,1,1008
8533,8533,17.066000,1,954
8534,8534,17.068000,1,953
8535,8535,17.070000,1,999
8536,8536,17.072000,1,1037
8537,8537,17.074000,1,1030
8538,8538,17.076000,1,999
8539,8539,17.078000,1,977
8540,8540,17.080000,1,978
8541,8541,17.082000,1,997
8542,8542,17.084000,1,1016
8543,8543,17.086000,1,1016
8544,8544,17.088000,1,999
8545,8545,17.090000,1,988
8546,8546,17.092000,1,993
8547,8547,17.094000,1,1000
8548,8548,17.096000,1,994
8549,8549,17.098000,1,993
8550,8550,17.100000,1,1010
8551,8551,17.102000,1,1026
8552,8552,17.104000,1,1010
8553,8553,17.106000,1,973
8554,8554,17.108000,1,964
8555,8555,17.110000,1,996
8556,8556,17.112000,1,1029
8557,8557,17.114000,1,1025
8558,8558,17.116000,1,997
8559,8559,17.118000,1,985
8560,8560,17.120000,1,994
8561,8561,17.122000,1,1000
8562,8562,17.124000,1,989
8563,8563,17.126000,1,986
8564,8564,17.128000,1,1009
8565,8565,17.130000,1,1034
8566,8566,17.132000,1,1021
8567,8567,17.134000,1,975
8568,8568,17.136000,1,950
8569,8569,17.138000,1,982
8570,8570,17.140000,1,1038
8571,8571,17.142000,1,1050
8572,8572,17.144000,1,1004
8573,8573,17.146000,1,957
8574,8574,17.148000,1,959
8575,8575,17.150000,1,1003
8576,8576,17.152000,1,1039
8577,8577,17.154000,1,1033
8578,8578,17.156000,1,994
8579,8579,17.158000,1,959
8580,8580,17.160000,1,962
8581,8581,17.162000,1,1007
8582,8582,17.164000,1,1052
8583,8583,17.166000,1,1048
8584,8584,17.168000,1,988
8585,8585,17.170000,1,929
8586,8586,17.172000,1,940
8587,8587,17.174000,1,1020
8588,8588,17.176000,1,1083
8589,8589,17.178000,1,1059
8590,8590,17.180000,1,978
8591,8591,17.182000,1,926
8592,8592,17.184000,1,945
8593,8593,17.186000,1,1003
8594,8594,17.188000,1,1048
8595,8595,17.190000,1,1055
8596,8596,17.192000,1,1023
8597,8597,17.194000,1,970
8598,8598,17.196000,1,936
8599,8599,17.198000,1,961
8600,8600,17.200000,1,1028
8601,8601,17.202000,1,1066
8602,8602,17.204000,1,1029
8603,8603,17.206000,1,963
8604,8604,17.208000,1,950
8605,8605,17.210000,1,999
8606,8606,17.212000,1,1037
8607,8607,17.214000,1,1011
8608,8608,17.216000,1,968
8609,8609,17.218000,1,980
8610,8610,17.220000,1,1032
8611,8611,17.222000,1,1044
8612,8612,17.224000,1,994
8613,8613,17.226000,1,947
8614,8614,17.228000,1,962
8615,8615,17.230000,1,1016
8616,8616,17.232000,1,1044
8617,8617,17.234000,1,1026
8618,8618,17.236000,1,991
8619,8619,17.238000,1,970
8620,8620,17.240000,1,975
8621,8621,17.242000,1,1001
8622,8622,17.244000,1,1027
8623,8623,17.246000,1,1025
8624,8624,17.248000,1,993
8625,8625,17.250000,1,965
8626,8626,17.252000,1,976
8627,8627,17.254000,1,1018
8628,8628,17.256000,1,1042
8629,8629,17.258000,1,1017
8630,8630,17.260000,1,972
8631,8631,17.262000,1,956
8632,8632,17.264000,1,986
8633,8633,17.266000,1,1028
8634,8634,17.268000,1,1039
8635,8635,17.270000,1,1009
8636,8636,17.272000,1,974
8637,8637,17.274000,1,972
8638,8638,17.276000,1,999
8639,8639,17.278000,1,1018
8640,8640,17.280000,1,1007
8641,8641,17.282000,1,991
8642,8642,17.284000,1,994
8643,8643,17.286000,1,1007
8644,8644,17.288000,1,1009
8645,8645,17.290000,1,998
8646,8646,17.292000,1,988
8647,8647,17.294000,1,989
8648,8648,17.296000,1,1000
8649,8649,17.298000,1,1011
8650,8650,17.300000,1,1013
8651,8651,17.302000,1,1004
8652,8652,17.304000,1,989
8653,8653,17.306000,1,979
8654,8654,17.308000,1,985
8655,8655,17.310000,1,1008
8656,8656,17.312000,1,1033
8657,8657,17.314000,1,1029
8658,8658,17.316000,1,990
8659,8659,17.318000,1,949
8660,8660,17.320000,1,958
8661,8661,17.322000,1,1014
8662,8662,17.324000,1,1062
8663,8663,17.326000,1,1046
8664,8664,17.328000,1,981
8665,8665,17.330000,1,935
8666,8666,17.332000,1,954
8667,8667,17.334000,1,1015
8668,8668,17.336000,1,1058
8669,8669,17.338000,1,1043
8670,8670,17.340000,1,988
8671,8671,17.342000,1,951
8672,8672,17.344000,1,964
8673,8673,17.346000,1,1009
8674,8674,17.348000,1,1036
8675,8675,17.350000,1,1020
8676,8676,17.352000,1,989
8677,8677,17.354000,1,982
8678,8678,17.356000,1,999
8679,8679,17.358000,1,1003
8680,8680,17.360000,1,989
8681,8681,17.362000,1,990
8682,8682,17.364000,1,1017
8683,8683,17.366000,1,1032
8684,8684,17.368000,1,1002
8685,8685,17.370000,1,962
8686,8686,17.372000,1,967
8687,8687,17.374000,1,1009
8688,8688,17.376000,1,1033
8689,8689,17.378000,1,1015
8690,8690,17.380000,1,992
8691,8691,17.382000,1,995
8692,8692,17.384000,1,1003
8693,8693,17.386000,1,990
8694,8694,17.388000,1,970
8695,8695,17.390000,1,984
8696,8696,17.392000,1,1033
8697,8697,17.394000,1,1057
8698,8698,17.396000,1,1013
8699,8699,17.398000,1,940
8700,8700,17.400000,1,931
8701,8701,17.402000,1,1005
8702,8702,17.404000,1,1073
8703,8703,17.406000,1,1053
8704,8704,17.408000,1,976
8705,8705,17.410000,1,937
8706,8706,17.412000,1,971
8707,8707,17.414000,1,1022
8708,8708,17.416000,1,1035
8709,8709,17.418000,1,1014
8710,8710,17.420000,1,992
8711,8711,17.422000,1,982
8712,8712,17.424000,1,984
8713,8713,17.426000,1,995
8714,8714,17.428000,1,1012
8715,8715,17.430000,1,1021
8716,8716,17.432000,1,1007
8717,8717,17.434000,1,980
8718,8718,17.436000,1,974
8719,8719,17.438000,1,1000
8720,8720,17.440000,1,1028
8721,8721,17.442000,1,1022
8722,8722,17.444000,1,986
8723,8723,17.446000,1,963
8724,8724,17.448000,1,985
8725,8725,17.450000,1,1031
8726,8726,17.452000,1,1043
8727,8727,17.454000,1,1000
8728,8728,17.456000,1,950
8729,8729,17.458000,1,955
8730,8730,17.460000,1,1014
8731,8731,17.462000,1,1061
8732,8732,17.464000,1,1041
8733,8733,17.466000,1,976
8734,8734,17.468000,1,934
8735,8735,17.470000,1,961
8736,8736,17.472000,1,1025
8737,8737,17.474000,1,1062
8738,8738,17.476000,1,1039
8739,8739,17.478000,1,978
8740,8740,17.480000,1,936
8741,8741,17.482000,1,956
8742,8742,17.484000,1,1025
8743,8743,17.486000,1,1069
8744,8744,17.488000,1,1035
8745,8745,17.490000,1,959
8746,8746,17.492000,1,933
8747,8747,17.494000,1,986
8748,8748,17.496000,1,1049
8749,8749,17.498000,1,1047
8750,8750,17.500000,1,992
8751,8751,17.502000,1,957
8752,8752,17.504000,1,979
8753,8753,17.506000,1,1016
8754,8754,17.508000,1,1017
8755,8755,17.510000,1,993
8756,8756,17.512000,1,991
8757,8757,17.514000,1,1016
8758,8758,17.516000,1,1023
8759,8759,17.518000,1,986
8760,8760,17.520000,1,952
8761,8761,17.522000,1,978
8762,8762,17.524000,1,1040
8763,8763,17.526000,1,1058
8764,8764,17.528000,1,1007
8765,8765,17.530000,1,948
8766,8766,17.532000,1,949
8767,8767,17.534000,1,1003
8768,8768,17.536000,1,1045
8769,8769,17.538000,1,1034
8770,8770,17.540000,1,993
8771,8771,17.542000,1,970
8772,8772,17.544000,1,981
8773,8773,17.546000,1,1000
8774,8774,17.548000,1,1010
8775,8775,17.550000,1,1013
8776,8776,17.552000,1,1011
8777,8777,17.554000,1,998
8778,8778,17.556000,1,979
8779,8779,17.558000,1,978
8780,8780,17.560000,1,1006
8781,8781,17.562000,1,1033
8782,8782,17.564000,1,1023
8783,8783,17.566000,1,980
8784,8784,17.568000,1,959
8785,8785,17.570000,1,990
8786,8786,17.572000,1,1031
8787,8787,17.574000,1,1023
8788,8788,17.576000,1,984
8789,8789,17.578000,1,977
8790,8790,17.580000,1,1012
8791,8791,17.582000,1,1024
8792,8792,17.584000,1,988
8793,8793,17.586000,1,962
8794,8794,17.588000,1,994
8795,8795,17.590000,1,1041
8796,8796,17.592000,1,1032
8797,8797,17.594000,1,976
8798,8798,17.596000,1,952
8799,8799,17.598000,1,989
8800,8800,17.600000,1,1036
8801,8801,17.602000,1,1036
8802,8802,17.604000,1,996
8803,8803,17.606000,1,966
8804,8804,17.608000,1,972
8805,8805,17.610000,1,1000
8806,8806,17.612000,1,1027
8807,8807,17.614000,1,1032
8808,8808,17.616000,1,1008
8809,8809,17.618000,1,972
8810,8810,17.620000,1,961
8811,8811,17.622000,1,989
8812,8812,17.624000,1,1025
8813,8813,17.626000,1,1031
8814,8814,17.628000,1,1013
8815,8815,17.630000,1,995
8816,8816,17.632000,1,979
8817,8817,17.634000,1,965
8818,8818,17.636000,1,976
8819,8819,17.638000,1,1022
8820,8820,17.640000,1,1061
8821,8821,17.642000,1,1038
8822,8822,17.644000,1,967
8823,8823,17.646000,1,926
8824,8824,17.648000,1,964
8825,8825,17.650000,1,1035
8826,8826,17.652000,1,1058
8827,8827,17.654000,1,1021
8828,8828,17.656000,1,982
8829,8829,17.658000,1,976
8830,8830,17.660000,1,986
8831,8831,17.662000,1,988
8832,8832,17.664000,1,989
8833,8833,17.666000,1,1010
8834,8834,17.668000,1,1038
8835,8835,17.670000,1,1035
8836,8836,17.672000,1,989
8837,8837,17.674000,1,945
8838,8838,17.676000,1,954
8839,8839,17.678000,1,1010
8840,8840,17.680000,1,1053
8841,8841,17.682000,1,1041
8842,8842,17.684000,1,994
8843,8843,17.686000,1,966
8844,8844,17.688000,1,973
8845,8845,17.690000,1,992
8846,8846,17.692000,1,1001
8847,8847,17.694000,1,1009
8848,8848,17.696000,1,1024
8849,8849,17.698000,1,1031
8850,8850,17.700000,1,1006
8851,8851,17.702000,1,964
8852,8852,17.704000,1,948
8853,8853,17.706000,1,979
8854,8854,17.708000,1,1028
8855,8855,17.710000,1,1053
8856,8856,17.712000,1,1038
8857,8857,17.714000,1,995
8858,8858,17.716000,1,952
8859,8859,17.718000,1,941
8860,8860,17.720000,1,978
8861,8861,17.722000,1,1041
8862,8862,17.724000,1,1072
8863,8863,17.726000,1,1034
8864,8864,17.728000,1,965
8865,8865,17.730000,1,933
8866,8866,17.732000,1,965
8867,8867,17.734000,1,1021
8868,8868,17.736000,1,1047
8869,8869,17.738000,1,1030
8870,8870,17.740000,1,993
8871,8871,17.742000,1,972
8872,8872,17.744000,1,978
8873,8873,17.746000,1,997
8874,8874,17.748000,1,1007
8875,8875,17.750000,1,1008
8876,8876,17.752000,1,1010
8877,8877,17.754000,1,1009
8878,8878,17.756000,1,996
8879,8879,17.758000,1,980
8880,8880,17.760000,1,984
8881,8881,17.762000,1,1008
8882,8882,17.764000,1,1024
8883,8883,17.766000,1,1009
8884,8884,17.768000,1,981
8885,8885,17.770000,1,978
8886,8886,17.772000,1,1006
8887,8887,17.774000,1,1025
8888,8888,17.776000,1,1009
8889,8889,17.778000,1,980
8890,8890,17.780000,1,978
8891,8891,17.782000,1,1003
8892,8892,17.784000,1,1020
8893,8893,17.786000,1,1012
8894,8894,17.788000,1,993
8895,8895,17.790000,1,984
8896,8896,17.792000,1,986
8897,8897,17.794000,1,997
8898,8898,17.796000,1,1015
8899,8899,17.798000,1,1026
8900,8900,17.800000,1,1009
8901,8901,17.802000,1,975
8902,8902,17.804000,1,961
8903,8903,17.806000,1,991
8904,8904,17.808000,1,1035
8905,8905,17.810000,1,1042
8906,8906,17.812000,1,998
8907,8907,17.814000,1,955
8908,8908,17.816000,1,967
8909,8909,17.818000,1,1018
8910,8910,17.820000,1,1041
8911,8911,17.822000,1,1011
8912,8912,17.824000,1,972
8913,8913,17.826000,1,975
8914,8914,17.828000,1,1010
8915,8915,17.830000,1,1023
8916,8916,17.832000,1,999
8917,8917,17.834000,1,977
8918,8918,17.836000,1,991
8919,8919,17.838000,1,1021
8920,8920,17.840000,1,1025
8921,8921,17.842000,1,994
8922,8922,17.844000,1,963
8923,8923,17.846000,1,973
8924,8924,17.848000,1,1013
8925,8925,17.850000,1,1040
8926,8926,17.852000,1,1025
8927,8927,17.854000,1,988
8928,8928,17.856000,1,968
8929,8929,17.858000,1,978
8930,8930,17.860000,1,998
8931,8931,17.862000,1,1013
8932,8932,17.864000,1,1022
8933,8933,17.866000,1,1020
8934,8934,17.868000,1,999
8935,8935,17.870000,1,969
8936,8936,17.872000,1,965
8937,8937,17.874000,1,1001
8938,8938,17.876000,1,1040
8939,8939,17.878000,1,1034
8940,8940,17.880000,1,988
8941,8941,17.882000,1,955
8942,8942,17.884000,1,972
8943,8943,17.886000,1,1019
8944,8944,17.888000,1,1046
8945,8945,17.890000,1,1024
8946,8946,17.892000,1,973
8947,8947,17.894000,1,947
8948,8948,17.896000,1,980
8949,8949,17.898000,1,1040
8950,8950,17.900000,1,1053
8951,8951,17.902000,1,1001
8952,8952,17.904000,1,948
8953,8953,17.906000,1,963
8954,8954,17.908000,1,1022
8955,8955,17.910000,1,1045
8956,8956,17.912000,1,1005
8957,8957,17.914000,1,965
8958,8958,17.916000,1,982
8959,8959,17.918000,1,1020
8960,8960,17.920000,1,1018
8961,8961,17.922000,1,985
8962,8962,17.924000,1,984
8963,8963,17.926000,1,1017
8964,8964,17.928000,1,1021
8965,8965,17.930000,1,978
8966,8966,17.932000,1,956
8967,8967,17.934000,1,1003
8968,8968,17.936000,1,1060
8969,8969,17.938000,1,1043
8970,8970,17.940000,1,964
8971,8971,17.942000,1,922
8972,8972,17.944000,1,972
8973,8973,17.946000,1,1057
8974,8974,17.948000,1,1077
8975,8975,17.950000,1,1007
8976,8976,17.952000,1,928
8977,8977,17.954000,1,933
8978,8978,17.956000,1,1016
8979,8979,17.958000,1,1078
8980,8980,17.960000,1,1047
8981,8981,17.962000,1,959
8982,8982,17.964000,1,920
8983,8983,17.966000,1,977
8984,8984,17.968000,1,1061
8985,8985,17.970000,1,1068
8986,8986,17.972000,1,991
8987,8987,17.974000,1,928
8988,8988,17.976000,1,958
8989,8989,17.978000,1,1035
8990,8990,17.980000,1,1058
8991,8991,17.982000,1,1006
8992,8992,17.984000,1,957
8993,8993,17.986000,1,971
8994,8994,17.988000,1,1015
8995,8995,17.990000,1,1026
8996,8996,17.992000,1,1001
8997,8997,17.994000,1,984
8998,8998,17.996000,1,995
8999,8999,17.998000,1,1009
9000,9000,18.000000,1,1002
9001,9001,18.002000,1,989
9002,9002,18.004000,1,992
9003,9003,18.006000,1,1006
9004,9004,18.008000,1,1012
9005,9005,18.010000,1,1005
9006,9006,18.012000,1,994
9007,9007,18.014000,1,988
9008,9008,18.016000,1,987
9009,9009,18.018000,1,996
9010,9010,18.020000,1,1016
9011,9011,18.022000,1,1030
9012,9012,18.024000,1,1009
9013,9013,18.026000,1,968
9014,9014,18.028000,1,955
9015,9015,18.030000,1,995
9016,9016,18.032000,1,1047
9017,9017,18.034000,1,1045
9018,9018,18.036000,1,989
9019,9019,18.038000,1,947
9020,9020,18.040000,1,969
9021,9021,18.042000,1,1023
9022,9022,18.044000,1,1044
9023,9023,18.046000,1,1012
9024,9024,18.048000,1,971
9025,9025,18.050000,1,968
9026,9026,18.052000,1,1001
9027,9027,18.054000,1,1027
9028,9028,18.056000,1,1020
9029,9029,18.058000,1,991
9030,9030,18.060000,1,971
9031,9031,18.062000,1,981
9032,9032,18.064000,1,1015
9033,9033,18.066000,1,1038
9034,9034,18.068000,1,1018
9035,9035,18.070000,1,970
9036,9036,18.072000,1,950
9037,9037,18.074000,1,989
9038,9038,18.076000,1,1045
9039,9039,18.078000,1,1049
9040,9040,18.080000,1,995
9041,9041,18.082000,1,951
9042,9042,18.084000,1,966
9043,9043,18.086000,1,1012
9044,9044,18.088000,1,1033
9045,9045,18.090000,1,1016
9046,9046,18.092000,1,993
9047,9047,18.094000,1,986
9048,9048,18.096000,1,990
9049,9049,18.098000,1,997
9050,9050,18.100000,1,1004
9051,9051,18.102000,1,1007
9052,9052,18.104000,1,1004
9053,9053,18.106000,1,1000
9054,9054,18.108000,1,998
9055,9055,18.110000,1,995
9056,9056,18.112000,1,988
9057,9057,18.114000,1,991
9058,9058,18.116000,1,1011
9059,9059,18.118000,1,1028
9060,9060,18.120000,1,1014
9061,9061,18.122000,1,974
9062,9062,18.124000,1,958
9063,9063,18.126000,1,991
9064,9064,18.128000,1,1038
9065,9065,18.130000,1,1038
9066,9066,18.132000,1,993
9067,9067,18.134000,1,962
9068,9068,18.136000,1,980
9069,9069,18.138000,1,1016
9070,9070,18.140000,1,1021
9071,9071,18.142000,1,997
9072,9072,18.144000,1,984
9073,9073,18.146000,1,999
9074,9074,18.148000,1,1016
9075,9075,18.150000,1,1008
9076,9076,18.152000,1,986
9077,9077,18.154000,1,980
9078,9078,18.156000,1,995
9079,9079,18.158000,1,1012
9080,9080,18.160000,1,1017
9081,9081,18.162000,1,1008
9082,9082,18.164000,1,994
9083,9083,18.166000,1,985
9084,9084,18.168000,1,991
9085,9085,18.170000,1,1002
9086,9086,18.172000,1,1002
9087,9087,18.174000,1,994
9088,9088,18.176000,1,999
9089,9089,18.178000,1,1022
9090,9090,18.180000,1,1027
9091,9091,18.182000,1,990
9092,9092,18.184000,1,948
9093,9093,18.186000,1,961
9094,9094,18.188000,1,1025
9095,9095,18.190000,1,1065
9096,9096,18.192000,1,1029
9097,9097,18.194000,1,962
9098,9098,18.196000,1,944
9099,9099,18.198000,1,988
9100,9100,18.200000,1,1033
9101,9101,18.202000,1,1031
9102,9102,18.204000,1,999
9103,9103,18.206000,1,983
9104,9104,18.208000,1,990
9105,9105,18.210000,1,1001
9106,9106,18.212000,1,1002
9107,9107,18.214000,1,999
9108,9108,18.216000,1,999
9109,9109,18.218000,1,1001
9110,9110,18.220000,1,1004
9111,9111,18.222000,1,1006
9112,9112,18.224000,1,1001
9113,9113,18.226000,1,990
9114,9114,18.228000,1,985
9115,9115,18.230000,1,995
9116,9116,18.232000,1,1013
9117,9117,18.234000,1,1019
9118,9118,18.236000,1,1003
9119,9119,18.238000,1,981
9120,9120,18.240000,1,979
9121,9121,18.242000,1,1001
9122,9122,18.244000,1,1023
9123,9123,18.246000,1,1017
9124,9124,18.248000,1,991
9125,9125,18.250000,1,974
9126,9126,18.252000,1,986
9127,9127,18.254000,1,1012
9128,9128,18.256000,1,1024
9129,9129,18.258000,1,1008
9130,9130,18.260000,1,984
9131,9131,18.262000,1,982
9132,9132,18.264000,1,1000
9133,9133,18.266000,1,1013
9134,9134,18.268000,1,1004
9135,9135,18.270000,1,990
9136,9136,18.272000,1,994
9137,9137,18.274000,1,1010
9138,9138,18.276000,1,1012
9139,9139,18.278000,1,993
9140,9140,18.280000,1,979
9141,9141,18.282000,1,992
9142,9142,18.284000,1,1017
9143,9143,18.286000,1,1019
9144,9144,18.288000,1,996
9145,9145,18.290000,1,979
9146,9146,18.292000,1,990
9147,9147,18.294000,1,1011
9148,9148,18.296000,1,1013
9149,9149,18.298000,1,996
9150,9150,18.300000,1,986
9151,9151,18.302000,1,998
9152,9152,18.304000,1,1013
9153,9153,18.306000,1,1007
9154,9154,18.308000,1,988
9155,9155,18.310000,1,984
9156,9156,18.312000,1,1002
9157,9157,18.314000,1,1019
9158,9158,18.316000,1,1012
9159,9159,18.318000,1,987
9160,9160,18.320000,1,975
9161,9161,18.322000,1,992
9162,9162,18.324000,1,1020
9163,9163,18.326000,1,1026
9164,9164,18.328000,1,1002
9165,9165,18.330000,1,976
9166,9166,18.332000,1,976
9167,9167,18.334000,1,1000
9168,9168,18.336000,1,1020
9169,9169,18.338000,1,1016
9170,9170,18.340000,1,999
9171,9171,18.342000,1,988
9172,9172,18.344000,1,989
9173,9173,18.346000,1,994
9174,9174,18.348000,1,1000
9175,9175,18.350000,1,1009
9176,9176,18.352000,1,1012
9177,9177,18.354000,1,1003
9178,9178,18.356000,1,989
9179,9179,18.358000,1,985
9180,9180,18.360000,1,995
9181,9181,18.362000,1,1007
9182,9182,18.364000,1,1010
9183,9183,18.366000,1,1003
9184,9184,18.368000,1,996
9185,9185,18.370000,1,996
9186,9186,18.372000,1,1000
9187,9187,18.374000,1,999
9188,9188,18.376000,1,994
9189,9189,18.378000,1,997
9190,9190,18.380000,1,1009
9191,9191,18.382000,1,1012
9192,9192,18.384000,1,997
9193,9193,18.386000,1,981
9194,9194,18.388000,1,987
9195,9195,18.390000,1,1012
9196,9196,18.392000,1,1022
9197,9197,18.394000,1,1003
9198,9198,18.396000,1,979
9199,9199,18.398000,1,983
9200,9200,18.400000,1,1007
9201,9201,18.402000,1,1017
9202,9202,18.404000,1,1002
9203,9203,18.406000,1,987
9204,9204,18.408000,1,995
9205,9205,18.410000,1,1010
9206,9206,18.412000,1,1008
9207,9207,18.414000,1,990
9208,9208,18.416000,1,983
9209,9209,18.418000,1,998
9210,9210,18.420000,1,1016
9211,9211,18.422000,1,1013
9212,9212,18.424000,1,996
9213,9213,18.426000,1,985
9214,9214,18.428000,1,993
9215,9215,18.430000,1,1004
9216,9216,18.432000,1,1007
9217,9217,18.434000,1,1000
9218,9218,18.436000,1,995
9219,9219,18.438000,1,997
9220,9220,18.440000,1,1001
9221,9221,18.442000,1,1004
9222,9222,18.444000,1,1003
9223,9223,18.446000,1,998
9224,9224,18.448000,1,992
9225,9225,18.450000,1,991
9226,9226,18.452000,1,1001
9227,9227,18.454000,1,1013
9228,9228,18.456000,1,1013
9229,9229,18.458000,1,995
9230,9230,18.460000,1,978
9231,9231,18.462000,1,985
9232,9232,18.464000,1,1010
9233,9233,18.466000,1,1023
9234,9234,18.468000,1,1008
9235,9235,18.470000,1,985
9236,9236,18.472000,1,984
9237,9237,18.474000,1,1001
9238,9238,18.476000,1,1009
9239,9239,18.478000,1,998
9240,9240,18.480000,1,989
9241,9241,18.482000,1,1001
9242,9242,18.484000,1,1018
9243,9243,18.486000,1,1012
9244,9244,18.488000,1,985
9245,9245,18.490000,1,971
9246,9246,18.492000,1,990
9247,9247,18.494000,1,1023
9248,9248,18.496000,1,1031
9249,9249,18.498000,1,1005
9250,9250,18.500000,1,974
9251,9251,18.502000,1,971
9252,9252,18.504000,1,996
9253,9253,18.506000,1,1021
9254,9254,18.508000,1,1024
9255,9255,18.510000,1,1004
9256,9256,18.512000,1,982
9257,9257,18.514000,1,977
9258,9258,18.516000,1,993
9259,9259,18.518000,1,1015
9260,9260,18.520000,1,1021
9261,9261,18.522000,1,1007
9262,9262,18.524000,1,988
9263,9263,18.526000,1,982
9264,9264,18.528000,1,990
9265,9265,18.530000,1,1004
9266,9266,18.532000,1,1014
9267,9267,18.534000,1,1014
9268,9268,18.536000,1,1001
9269,9269,18.538000,1,985
9270,9270,18.540000,1,983
9271,9271,18.542000,1,998
9272,9272,18.544000,1,1013
9273,9273,18.546000,1,1010
9274,9274,18.548000,1,995
9275,9275,18.550000,1,992
9276,9276,18.552000,1,1002
9277,9277,18.554000,1,1008
9278,9278,18.556000,1,999
9279,9279,18.558000,1,987
9280,9280,18.560000,1,988
9281,9281,18.562000,1,1005
9282,9282,18.564000,1,1019
9283,9283,18.566000,1,1013
9284,9284,18.568000,1,991
9285,9285,18.570000,1,980
9286,9286,18.572000,1,990
9287,9287,18.574000,1,1005
9288,9288,18.576000,1,1008
9289,9289,18.578000,1,1004
9290,9290,18.580000,1,1005
9291,9291,18.582000,1,1006
9292,9292,18.584000,1,995
9293,9293,18.586000,1,981
9294,9294,18.588000,1,985
9295,9295,18.590000,1,1008
9296,9296,18.592000,1,1022
9297,9297,18.594000,1,1011
9298,9298,18.596000,1,989
9299,9299,18.598000,1,983
9300,9300,18.600000,1,998
9301,9301,18.602000,1,1010
9302,9302,18.604000,1,1004
9303,9303,18.606000,1,993
9304,9304,18.608000,1,993
9305,9305,18.610000,1,1005
9306,9306,18.612000,1,1010
9307,9307,18.614000,1,1000
9308,9308,18.616000,1,989
9309,9309,18.618000,1,992
9310,9310,18.620000,1,1004
9311,9311,18.622000,1,1008
9312,9312,18.624000,1,1002
9313,9313,18.626000,1,994
9314,9314,18.628000,1,995
9315,9315,18.630000,1,1002
9316,9316,18.632000,1,1004
9317,9317,18.634000,1,1000
9318,9318,18.636000,1,995
9319,9319,18.638000,1,996
9320,9320,18.640000,1,1001
9321,9321,18.642000,1,1004
9322,9322,18.644000,1,1002
9323,9323,18.646000,1,998
9324,9324,18.648000,1,996
9325,9325,18.650000,1,997
9326,9326,18.652000,1,999
9327,9327,18.654000,1,1002
9328,9328,18.656000,1,1005
9329,9329,18.658000,1,1001
9330,9330,18.660000,1,994
9331,9331,18.662000,1,993
9332,9332,18.664000,1,1000
9333,9333,18.666000,1,1007
9334,9334,18.668000,1,1003
9335,9335,18.670000,1,994
9336,9336,18.672000,1,994
9337,9337,18.674000,1,1003
9338,9338,18.676000,1,1007
9339,9339,18.678000,1,999
9340,9340,18.680000,1,989
9341,9341,18.682000,1,992
9342,9342,18.684000,1,1008
9343,9343,18.686000,1,1017
9344,9344,18.688000,1,1005
9345,9345,18.690000,1,983
9346,9346,18.692000,1,978
9347,9347,18.694000,1,999
9348,9348,18.696000,1,1023
9349,9349,18.698000,1,1020
9350,9350,18.700000,1,993
9351,9351,18.702000,1,974
9352,9352,18.704000,1,985
9353,9353,18.706000,1,1011
9354,9354,18.708000,1,1021
9355,9355,18.710000,1,1005
9356,9356,18.712000,1,988
9357,9357,18.714000,1,989
9358,9358,18.716000,1,1000
9359,9359,18.718000,1,1005
9360,9360,18.720000,1,1000
9361,9361,18.722000,1,998
9362,9362,18.724000,1,1002
9363,9363,18.726000,1,1005
9364,9364,18.728000,1,999
9365,9365,18.730000,1,992
9366,9366,18.732000,1,993
9367,9367,18.734000,1,1001
9368,9368,18.736000,1,1009
9369,9369,18.738000,1,1006
9370,9370,18.740000,1,997
9371,9371,18.742000,1,990
9372,9372,18.744000,1,993
9373,9373,18.746000,1,1003
9374,9374,18.748000,1,1009
9375,9375,18.750000,1,1003
9376,9376,18.752000,1,994
9377,9377,18.754000,1,992
9378,9378,18.756000,1,999
9379,9379,18.758000,1,1005
9380,9380,18.760000,1,1003
9381,9381,18.762000,1,998
9382,9382,18.764000,1,996
9383,9383,18.766000,1,998
9384,9384,18.768000,1,1001
9385,9385,18.770000,1,1000
9386,9386,18.772000,1,999
9387,9387,18.774000,1,1000
9388,9388,18.776000,1,1001
9389,9389,18.778000,1,1000
9390,9390,18.780000,1,996
9391,9391,18.782000,1,997
9392,9392,18.784000,1,1001
9393,9393,18.786000,1,1003
9394,9394,18.788000,1,1000
9395,9395,18.790000,1,996
9396,9396,18.792000,1,999
9397,9397,18.794000,1,1002
9398,9398,18.796000,1,1001
9399,9399,18.798000,1,996
9400,9400,18.800000,1,996
9401,9401,18.802000,1,1003
9402,9402,18.804000,1,1005
9403,9403,18.806000,1,1000
9404,9404,18.808000,1,994
9405,9405,18.810000,1,996
9406,9406,18.812000,1,1003
9407,9407,18.814000,1,1004
9408,9408,18.816000,1,999
9409,9409,18.818000,1,995
9410,9410,18.820000,1,998
9411,9411,18.822000,1,1003
9412,9412,18.824000,1,1003
9413,9413,18.826000,1,998
9414,9414,18.828000,1,995
9415,9415,18.830000,1,999
9416,9416,18.832000,1,1004
9417,9417,18.834000,1,1003
9418,9418,18.836000,1,997
9419,9419,18.838000,1,994
9420,9420,18.840000,1,998
9421,9421,18.842000,1,1005
9422,9422,18.844000,1,1005
9423,9423,18.846000,1,999
9424,9424,18.848000,1,994
9425,9425,18.850000,1,996
9426,9426,18.852000,1,1002
9427,9427,18.854000,1,1003
9428,9428,18.856000,1,1000
9429,9429,18.858000,1,997
9430,9430,18.860000,1,999
9431,9431,18.862000,1,1003
9432,9432,18.864000,1,1001
9433,9433,18.866000,1,995
9434,9434,18.868000,1,994
9435,9435,18.870000,1,1001
9436,9436,18.872000,1,1008
9437,9437,18.874000,1,1006
9438,9438,18.876000,1,997
9439,9439,18.878000,1,990
9440,9440,18.880000,1,993
9441,9441,18.882000,1,1001
9442,9442,18.884000,1,1007
9443,9443,18.886000,1,1006
9444,9444,18.888000,1,1001
9445,9445,18.890000,1,997
9446,9446,18.892000,1,993
9447,9447,18.894000,1,993
9448,9448,18.896000,1,998
9449,9449,18.898000,1,1007
9450,9450,18.900000,1,1012
9451,9451,18.902000,1,1004
9452,9452,18.904000,1,989
9453,9453,18.906000,1,983
9454,9454,18.908000,1,996
9455,9455,18.910000,1,1013
9456,9456,18.912000,1,1015
9457,9457,18.914000,1,1000
9458,9458,18.916000,1,987
9459,9459,18.918000,1,989
9460,9460,18.920000,1,1001
9461,9461,18.922000,1,1008
9462,9462,18.924000,1,1004
9463,9463,18.926000,1,999
9464,9464,18.928000,1,998
9465,9465,18.930000,1,999
9466,9466,18.932000,1,997
9467,9467,18.934000,1,995
9468,9468,18.936000,1,999
9469,9469,18.938000,1,1007
9470,9470,18.940000,1,1006
9471,9471,18.942000,1,996
9472,9472,18.944000,0,989
9473,9473,18.946000,0,994
9474,9474,18.948000,0,1006
9475,9475,18.950000,0,1010
9476,9476,18.952000,0,1001
9477,9477,18.954000,0,992
9478,9478,18.956000,0,993
9479,9479,18.958000,0,1001
9480,9480,18.960000,0,1005
9481,9481,18.962000,0,1002
9482,9482,18.964000,0,998
9483,9483,18.966000,0,998
9484,9484,18.968000,0,1001
9485,9485,18.970000,0,1000
9486,9486,18.972000,0,996
9487,9487,18.974000,0,996
9488,9488,18.976000,0,1002
9489,9489,18.978000,0,1006
9490,9490,18.980000,0,1002
9491,9491,18.982000,0,995
9492,9492,18.984000,0,994
9493,9493,18.986000,0,1000
9494,9494,18.988000,0,1004
9495,9495,18.990000,0,1002
9496,9496,18.992000,0,997
9497,9497,18.994000,0,996
9498,9498,18.996000,0,1001
9499,9499,18.998000,0,1004
9500,9500,19.000000,0,1001
9501,9501,19.002000,0,994
9502,9502,19.004000,0,993
9503,9503,19.006000,0,1000
9504,9504,19.008000,0,1009
9505,9505,19.010000,0,1006
9506,9506,19.012000,0,995
9507,9507,19.014000,0,989
9508,9508,19.016000,0,995
9509,9509,19.018000,0,1006
9510,9510,19.020000,0,1008
9511,9511,19.022000,0,1000
9512,9512,19.024000,0,994
9513,9513,19.026000,0,997
9514,9514,19.028000,0,1002
9515,9515,19.030000,0,1001
9516,9516,19.032000,0,996
9517,9517,19.034000,0,998
9518,9518,19.036000,0,1004
9519,9519,19.038000,0,1005
9520,9520,19.040000,0,997
9521,9521,19.042000,0,991
9522,9522,19.044000,0,996
9523,9523,19.046000,0,1006
9524,9524,19.048000,0,1008
9525,9525,19.050000,0,999
9526,9526,19.052000,0,991
9527,9527,19.054000,0,995
9528,9528,19.056000,0,1004
9529,9529,19.058000,0,1005
9530,9530,19.060000,0,998
9531,9531,19.062000,0,995
9532,9532,19.064000,0,1000
9533,9533,19.066000,0,1005
9534,9534,19.068000,0,1000
9535,9535,19.070000,0,993
9536,9536,19.072000,0,995
9537,9537,19.074000,0,1006
9538,9538,19.076000,0,1009
9539,9539,19.078000,0,999
9540,9540,19.080000,0,989
9541,9541,19.082000,0,993
9542,9542,19.084000,0,1005
9543,9543,19.086000,0,1010
9544,9544,19.088000,0,1001
9545,9545,19.090000,0,992
9546,9546,19.092000,0,994
9547,9547,19.094000,0,1002
9548,9548,19.096000,0,1005
9549,9549,19.098000,0,1000
9550,9550,19.100000,0,996
9551,9551,19.102000,0,998
9552,9552,19.104000,0,1002
9553,9553,19.106000,0,1001
9554,9554,19.108000,0,997
9555,9555,19.110000,0,996
9556,9556,19.112000,0,1001
9557,9557,19.114000,0,1004
9558,9558,19.116000,0,1001
9559,9559,19.118000,0,996
9560,9560,19.120000,0,996
9561,9561,19.122000,0,1001
9562,9562,19.124000,0,1004
9563,9563,19.126000,0,1000
9564,9564,19.128000,0,996
9565,9565,19.130000,0,996
9566,9566,19.132000,0,1001
9567,9567,19.134000,0,1004
9568,9568,19.136000,0,1002
9569,9569,19.138000,0,995
9570,9570,19.140000,0,994
9571,9571,19.142000,0,1000
9572,9572,19.144000,0,1005
9573,9573,19.146000,0,1002
9574,9574,19.148000,0,996
9575,9575,19.150000,0,995
9576,9576,19.152000,0,1000
9577,9577,19.154000,0,1003
9578,9578,19.156000,0,1001
9579,9579,19.158000,0,996
9580,9580,19.160000,0,997
9581,9581,19.162000,0,1002
9582,9582,19.164000,0,1002
9583,9583,19.166000,0,998
9584,9584,19.168000,0,995
9585,9585,19.170000,0,999
9586,9586,19.172000,0,1004
9587,9587,19.174000,0,1003
9588,9588,19.176000,0,996
9589,9589,19.178000,0,994
9590,9590,19.180000,0,999
9591,9591,19.182000,0,1005
9592,9592,19.184000,0,1003
9593,9593,19.186000,0,997
9594,9594,19.188000,0,995
9595,9595,19.190000,0,998
9596,9596,19.192000,0,1002
9597,9597,19.194000,0,1002
9598,9598,19.196000,0,999
9599,9599,19.198000,0,998
9600,9600,19.200000,0,1000
9601,9601,19.202000,0,1000
9602,9602,19.204000,0,998
9603,9603,19.206000,0,998
9604,9604,19.208000,0,1000
9605,9605,19.210000,0,1003
9606,9606,19.212000,0,1002
9607,9607,19.214000,0,996
9608,9608,19.216000,0,994
9609,9609,19.218000,0,1000
9610,9610,19.220000,0,1004
9611,9611,19.222000,0,1002
9612,9612,19.224000,0,997
9613,9613,19.226000,0,997
9614,9614,19.228000,0,1000
9615,9615,19.230000,0,1001
9616,9616,19.232000,0,999
9617,9617,19.234000,0,998
9618,9618,19.236000,0,1001
9619,9619,19.238000,0,1003
9620,9620,19.240000,0,1000
9621,9621,19.242000,0,995
9622,9622,19.244000,0,995
9623,9623,19.246000,0,1001
9624,9624,19.248000,0,1006
9625,9625,19.250000,0,1003
9626,9626,19.252000,0,994
9627,9627,19.254000,0,991
9628,9628,19.256000,0,999
9629,9629,19.258000,0,1008
9630,9630,19.260000,0,1007
9631,9631,19.262000,0,996
9632,9632,19.264000,0,990
9633,9633,19.266000,0,996
9634,9634,19.268000,0,1005
9635,9635,19.270000,0,1006
9636,9636,19.272000,0,1000
9637,9637,19.274000,0,995
9638,9638,19.276000,0,997
9639,9639,19.278000,0,1001
9640,9640,19.280000,0,1001
9641,9641,19.282000,0,998
9642,9642,19.284000,0,998
9643,9643,19.286000,0,1002
9644,9644,19.288000,0,1004
9645,9645,19.290000,0,999
9646,9646,19.292000,0,993
9647,9647,19.294000,0,996
9648,9648,19.296000,0,1004
9649,9649,19.298000,0,1006
9650,9650,19.300000,0,1000
9651,9651,19.302000,0,993
9652,9652,19.304000,0,994
9653,9653,19.306000,0,1002
9654,9654,19.308000,0,1006
9655,9655,19.310000,0,1002
9656,9656,19.312000,0,995
9657,9657,19.314000,0,994
9658,9658,19.316000,0,1000
9659,9659,19.318000,0,1006
9660,9660,19.320000,0,1004
9661,9661,19.322000,0,996
9662,9662,19.324000,0,993
9663,9663,19.326000,0,998
9664,9664,19.328000,0,1004
9665,9665,19.330000,0,1004
9666,9666,19.332000,0,999
9667,9667,19.334000,0,996
9668,9668,19.336000,0,999
9669,9669,19.338000,0,1002
9670,9670,19.340000,0,1000
9671,9671,19.342000,0,996
9672,9672,19.344000,0,998
9673,9673,19.346000,0,1003
9674,9674,19.348000,0,1005
9675,9675,19.350000,0,999
9676,9676,19.352000,0,993
9677,9677,19.354000,0,995
9678,9678,19.356000,0,1003
9679,9679,19.358000,0,1007
9680,9680,19.360000,0,1003
9681,9681,19.362000,0,995
9682,9682,19.364000,0,992
9683,9683,19.366000,0,998
9684,9684,19.368000,0,1006
9685,9685,19.370000,0,1006
9686,9686,19.372000,0,997
9687,9687,19.374000,0,991
9688,9688,19.376000,0,996
9689,9689,19.378000,0,1006
9690,9690,19.380000,0,1008
9691,9691,19.382000,0,999
9692,9692,19.384000,0,991
9693,9693,19.386000,0,994
9694,9694,19.388000,0,1004
9695,9695,19.390000,0,1007
9696,9696,19.392000,0,1000
9697,9697,19.394000,0,994
9698,9698,19.396000,0,997
9699,9699,19.398000,0,1003
9700,9700,19.400000,0,1002
9701,9701,19.402000,0,997
9702,9702,19.404000,0,996
9703,9703,19.406000,0,1000
9704,9704,19.408000,0,1004
9705,9705,19.410000,0,1001
9706,9706,19.412000,0,996
9707,9707,19.414000,0,995
9708,9708,19.416000,0,999
9709,9709,19.418000,0,1004
9710,9710,19.420000,0,1003
9711,9711,19.422000,0,997
9712,9712,19.424000,0,994
9713,9713,19.426000,0,998
9714,9714,19.428000,0,1004
9715,9715,19.430000,0,1004
9716,9716,19.432000,0,998
9717,9717,19.434000,0,993
9718,9718,19.436000,0,997
9719,9719,19.438000,0,1003
9720,9720,19.440000,0,1005
9721,9721,19.442000,0,1000
9722,9722,19.444000,0,995
9723,9723,19.446000,0,996
9724,9724,19.448000,0,1000
9725,9725,19.450000,0,1002
9726,9726,19.452000,0,1000
9727,9727,19.454000,0,998
9728,9728,19.456000,0,1000
9729,9729,19.458000,0,1002
9730,9730,19.460000,0,999
9731,9731,19.462000,0,995
9732,9732,19.464000,0,997
9733,9733,19.466000,0,1003
9734,9734,19.468000,0,1006
9735,9735,19.470000,0,1001
9736,9736,19.472000,0,994
9737,9737,19.474000,0,994
9738,9738,19.476000,0,1000
9739,9739,19.478000,0,1006
9740,9740,19.480000,0,1003
9741,9741,19.482000,0,996
9742,9742,19.484000,0,994
9743,9743,19.486000,0,999
9744,9744,19.488000,0,1003
9745,9745,19.490000,0,1001
9746,9746,19.492000,0,997
9747,9747,19.494000,0,998
9748,9748,19.496000,0,1001
9749,9749,19.498000,0,1002
9750,9750,19.500000,0,998
9751,9751,19.502000,0,996
9752,9752,19.504000,0,1000
9753,9753,19.506000,0,1003
9754,9754,19.508000,0,1002
9755,9755,19.510000,0,997
9756,9756,19.512000,0,995
9757,9757,19.514000,0,999
9758,9758,19.516000,0,1004
9759,9759,19.518000,0,1003
9760,9760,19.520000,0,997
9761,9761,19.522000,0,995
9762,9762,19.524000,0,999
9763,9763,19.526000,0,1003
9764,9764,19.528000,0,1003
9765,9765,19.530000,0,998
9766,9766,19.532000,0,997
9767,9767,19.534000,0,999
9768,9768,19.536000,0,1001
9769,9769,19.538000,0,1000
9770,9770,19.540000,0,999
9771,9771,19.542000,0,1000
9772,9772,19.544000,0,1001
9773,9773,19.546000,0,1000
9774,9774,19.548000,0,998
9775,9775,19.550000,0,997
9776,9776,19.552000,0,1000
9777,9777,19.554000,0,1004
9778,9778,19.556000,0,1002
9779,9779,19.558000,0,996
9780,9780,19.560000,0,993
9781,9781,19.562000,0,999
9782,9782,19.564000,0,1007
9783,9783,19.566000,0,1006
9784,9784,19.568000,0,996
9785,9785,19.570000,0,990
9786,9786,19.572000,0,996
9787,9787,19.574000,0,1006
9788,9788,19.576000,0,1008
9789,9789,19.578000,0,1001
9790,9790,19.580000,0,993
9791,9791,19.582000,0,994
9792,9792,19.584000,0,1000
9793,9793,19.586000,0,1003
9794,9794,19.588000,0,1001
9795,9795,19.590000,0,999
9796,9796,19.592000,0,1000
9797,9797,19.594000,0,1001
9798,9798,19.596000,0,998
9799,9799,19.598000,0,995
9800,9800,19.600000,0,997
9801,9801,19.602000,0,1002
9802,9802,19.604000,0,1005
9803,9803,19.606000,0,1002
9804,9804,19.608000,0,995
9805,9805,19.610000,0,994
9806,9806,19.612000,0,999
9807,9807,19.614000,0,1005
9808,9808,19.616000,0,1005
9809,9809,19.618000,0,997
9810,9810,19.620000,0,993
9811,9811,19.622000,0,997
9812,9812,19.624000,0,1005
9813,9813,19.626000,0,1006
9814,9814,19.628000,0,998
9815,9815,19.630000,0,992
9816,9816,19.632000,0,996
9817,9817,19.634000,0,1004
9818,9818,19.636000,0,1005
9819,9819,19.638000,0,999
9820,9820,19.640000,0,995
9821,9821,19.642000,0,998
9822,9822,19.644000,0,1003
9823,9823,19.646000,0,1002
9824,9824,19.648000,0,998
9825,9825,19.650000,0,996
9826,9826,19.652000,0,1000
9827,9827,19.654000,0,1003
9828,9828,19.656000,0,1001
9829,9829,19.658000,0,997
9830,9830,19.660000,0,996
9831,9831,19.662000,0,999
9832,9832,19.664000,0,1004
9833,9833,19.666000,0,1003
9834,9834,19.668000,0,997
9835,9835,19.670000,0,993
9836,9836,19.672000,0,998
9837,9837,19.674000,0,1006
9838,9838,19.676000,0,1007
9839,9839,19.678000,0,998
9840,9840,19.680000,0,991
9841,9841,19.682000,0,994
9842,9842,19.684000,0,1004
9843,9843,19.686000,0,1008
9844,9844,19.688000,0,1001
9845,9845,19.690000,0,994
9846,9846,19.692000,0,995
9847,9847,19.694000,0,1001
9848,9848,19.696000,0,1003
9849,9849,19.698000,0,999
9850,9850,19.700000,0,997
9851,9851,19.702000,0,1002
9852,9852,19.704000,0,1005
9853,9853,19.706000,0,999
9854,9854,19.708000,0,991
9855,9855,19.710000,0,994
9856,9856,19.712000,0,1005
9857,9857,19.714000,0,1009
9858,9858,19.716000,0,1001
9859,9859,19.718000,0,991
9860,9860,19.720000,0,993
9861,9861,19.722000,0,1002
9862,9862,19.724000,0,1007
9863,9863,19.726000,0,1002
9864,9864,19.728000,0,995
9865,9865,19.730000,0,995
9866,9866,19.732000,0,1001
9867,9867,19.734000,0,1004
9868,9868,19.736000,0,1001
9869,9869,19.738000,0,997
9870,9870,19.740000,0,998
9871,9871,19.742000,0,1001
9872,9872,19.744000,0,1001
9873,9873,19.746000,0,999
9874,9874,19.748000,0,998
9875,9875,19.750000,0,999
9876,9876,19.752000,0,1001
9877,9877,19.754000,0,1001
9878,9878,19.756000,0,999
9879,9879,19.758000,0,998
9880,9880,19.760000,0,1000
9881,9881,19.762000,0,1001
9882,9882,19.764000,0,999
9883,9883,19.766000,0,997
9884,9884,19.768000,0,998
9885,9885,19.770000,0,1002
9886,9886,19.772000,0,1003
9887,9887,19.774000,0,999
9888,9888,19.776000,0,995
9889,9889,19.778000,0,997
9890,9890,19.780000,0,1003
9891,9891,19.782000,0,1003
9892,9892,19.784000,0,999
9893,9893,19.786000,0,995
9894,9894,19.788000,0,998
9895,9895,19.790000,0,1002
9896,9896,19.792000,0,1003
9897,9897,19.794000,0,999
9898,9898,19.796000,0,996
9899,9899,19.798000,0,998
9900,9900,19.800000,0,1003
9901,9901,19.802000,0,1003
9902,9902,19.804000,0,997
9903,9903,19.806000,0,993
9904,9904,19.808000,0,998
9905,9905,19.810000,0,1007
9906,9906,19.812000,0,1008
9907,9907,19.814000,0,998
9908,9908,19.816000,0,989
9909,9909,19.818000,0,993
9910,9910,19.820000,0,1004
9911,9911,19.822000,0,1010
9912,9912,19.824000,0,1003
9913,9913,19.826000,0,994
9914,9914,19.828000,0,993
9915,9915,19.830000,0,999
9916,9916,19.832000,0,1002
9917,9917,19.834000,0,1000
9918,9918,19.836000,0,999
9919,9919,19.838000,0,1002
9920,9920,19.840000,0,1003
9921,9921,19.842000,0,997
9922,9922,19.844000,0,991
9923,9923,19.846000,0,996
9924,9924,19.848000,0,1006
9925,9925,19.850000,0,1009
9926,9926,19.852000,0,1000
9927,9927,19.854000,0,991
9928,9928,19.856000,0,993
9929,9929,19.858000,0,1002
9930,9930,19.860000,0,1007
9931,9931,19.862000,0,1002
9932,9932,19.864000,0,995
9933,9933,19.866000,0,994
9934,9934,19.868000,0,1001
9935,9935,19.870000,0,1004
9936,9936,19.872000,0,1001
9937,9937,19.874000,0,996
9938,9938,19.876000,0,996
9939,9939,19.878000,0,1001
9940,9940,19.880000,0,1003
9941,9941,19.882000,0,1000
9942,9942,19.884000,0,997
9943,9943,19.886000,0,998
9944,9944,19.888000,0,1001
9945,9945,19.890000,0,1002
9946,9946,19.892000,0,999
9947,9947,19.894000,0,997
9948,9948,19.896000,0,999
9949,9949,19.898000,0,1002
9950,9950,19.900000,0,1001
9951,9951,19.902000,0,997
9952,9952,19.904000,0,995
9953,9953,19.906000,0,999
9954,9954,19.908000,0,1004
9955,9955,19.910000,0,1003
9956,9956,19.912000,0,998
9957,9957,19.914000,0,995
9958,9958,19.916000,0,998
9959,9959,19.918000,0,1003
9960,9960,19.920000,0,1004
9961,9961,19.922000,0,999
9962,9962,19.924000,0,996
9963,9963,19.926000,0,998
9964,9964,19.928000,0,1002
9965,9965,19.930000,0,1002
9966,9966,19.932000,0,997
9967,9967,19.934000,0,997
9968,9968,19.936000,0,1002
9969,9969,19.938000,0,1005
9970,9970,19.940000,0,999
9971,9971,19.942000,0,991
9972,9972,19.944000,0,994
9973,9973,19.946000,0,1006
9974,9974,19.948000,0,1011
9975,9975,19.950000,0,1001
9976,9976,19.952000,0,988
9977,9977,19.954000,0,990
9978,9978,19.956000,0,1003
9979,9979,19.958000,0,1011
9980,9980,19.960000,0,1004
9981,9981,19.962000,0,994
9982,9982,19.964000,0,992
9983,9983,19.966000,0,999
9984,9984,19.968000,1,1004
9985,9985,19.970000,1,1001
9986,9986,19.972000,1,998
9987,9987,19.974000,1,1000
9988,9988,19.976000,1,1002
9989,9989,19.978000,1,1000
9990,9990,19.980000,1,996
9991,9991,19.982000,1,997
9992,9992,19.984000,1,1001
9993,9993,19.986000,1,1004
9994,9994,19.988000,1,1001
9995,9995,19.990000,1,996
9996,9996,19.992000,1,996
9997,9997,19.994000,1,1000
9998,9998,19.996000,1,1003
9999,9999,19.998000,1,1002
10000,10000,20.000000,1,997
10001,10001,20.002000,1,995
10002,10002,20.004000,1,1000
10003,10003,20.006000,1,1005
10004,10004,20.008000,1,1004
10005,10005,20.010000,1,997
10006,10006,20.012000,1,993
10007,10007,20.014000,1,996
10008,10008,20.016000,1,1003
10009,10009,20.018000,1,1006
10010,10010,20.020000,1,1001
10011,10011,20.022000,1,996
10012,10012,20.024000,1,996
10013,10013,20.026000,1,1000
10014,10014,20.028000,1,1002
10015,10015,20.030000,1,1000
10016,10016,20.032000,1,999
10017,10017,20.034000,1,1001
10018,10018,20.036000,1,1002
10019,10019,20.038000,1,997
10020,10020,20.040000,1,994
10021,10021,20.042000,1,998
10022,10022,20.044000,1,1006
10023,10023,20.046000,1,1007
10024,10024,20.048000,1,999
10025,10025,20.050000,1,991
10026,10026,20.052000,1,994
10027,10027,20.054000,1,1003
10028,10028,20.056000,1,1007
10029,10029,20.058000,1,1002
10030,10030,20.060000,1,995
10031,10031,20.062000,1,996
10032,10032,20.064000,1,1000
10033,10033,20.066000,1,1002
10034,10034,20.068000,1,999
10035,10035,20.070000,1,998
10036,10036,20.072000,1,1002
10037,10037,20.074000,1,1004
10038,10038,20.076000,1,999
10039,10039,20.078000,1,993
10040,10040,20.080000,1,995
10041,10041,20.082000,1,1004
10042,10042,20.084000,1,1007
10043,10043,20.086000,1,1001
10044,10044,20.088000,1,993
10045,10045,20.090000,1,993
10046,10046,20.092000,1,1001
10047,10047,20.094000,1,1006
10048,10048,20.096000,1,1003
10049,10049,20.098000,1,996
10050,10050,20.100000,1,995
10051,10051,20.102000,1,999
10052,10052,20.104000,1,1003
10053,10053,20.106000,1,1001
10054,10054,20.108000,1,998
10055,10055,20.110000,1,999
10056,10056,20.112000,1,1001
10057,10057,20.114000,1,1000
10058,10058,20.116000,1,998
10059,10059,20.118000,1,998
10060,10060,20.120000,1,1001
10061,10061,20.122000,1,1003
10062,10062,20.124000,1,1000
10063,10063,20.126000,1,996
10064,10064,20.128000,1,996
10065,10065,20.130000,1,1001
10066,10066,20.132000,1,1005
10067,10067,20.134000,1,1003
10068,10068,20.136000,1,995
10069,10069,20.138000,1,992
10070,10070,20.140000,1,998
10071,10071,20.142000,1,1008
10072,10072,20.144000,1,1008
10073,10073,20.146000,1,997
10074,10074,20.148000,1,988
10075,10075,20.150000,1,993
10076,10076,20.152000,1,1004
10077,10077,20.154000,1,1010
10078,10078,20.156000,1,1003
10079,10079,20.158000,1,994
10080,10080,20.160000,1,994
10081,10081,20.162000,1,999
10082,10082,20.164000,1,1002
10083,10083,20.166000,1,999
10084,10084,20.168000,1,998
10085,10085,20.170000,1,1003
10086,10086,20.172000,1,1005
10087,10087,20.174000,1,999
10088,10088,20.176000,1,992
10089,10089,20.178000,1,994
10090,10090,20.180000,1,1003
10091,10091,20.182000,1,1007
10092,10092,20.184000,1,1002
10093,10093,20.186000,1,995
10094,10094,20.188000,1,995
10095,10095,20.190000,1,1001
10096,10096,20.192000,1,1004
10097,10097,20.194000,1,1000
10098,10098,20.196000,1,994
10099,10099,20.198000,1,996
10100,10100,20.200000,1,1004
10101,10101,20.202000,1,1007
10102,10102,20.204000,1,1002
10103,10103,20.206000,1,993
10104,10104,20.208000,1,992
10105,10105,20.210000,1,998
10106,10106,20.212000,1,1004
10107,10107,20.214000,1,1006
10108,10108,20.216000,1,1003
10109,10109,20.218000,1,999
10110,10110,20.220000,1,994
10111,10111,20.222000,1,992
10112,10112,20.224000,1,996
10113,10113,20.226000,1,1004
10114,10114,20.228000,1,1009
10115,10115,20.230000,1,1005
10116,10116,20.232000,1,995
10117,10117,20.234000,1,989
10118,10118,20.236000,1,996
10119,10119,20.238000,1,1006
10120,10120,20.240000,1,1006
10121,10121,20.242000,1,998
10122,10122,20.244000,1,994
10123,10123,20.246000,1,1000
10124,10124,20.248000,1,1007
10125,10125,20.250000,1,1005
10126,10126,20.252000,1,994
10127,10127,20.254000,1,987
10128,10128,20.256000,1,993
10129,10129,20.258000,1,1006
10130,10130,20.260000,1,1014
10131,10131,20.262000,1,1008
10132,10132,20.264000,1,995
10133,10133,20.266000,1,989
10134,10134,20.268000,1,991
10135,10135,20.270000,1,997
10136,10136,20.272000,1,1000
10137,10137,20.274000,1,1006
10138,10138,20.276000,1,1015
10139,10139,20.278000,1,1013
10140,10140,20.280000,1,991
10141,10141,20.282000,1,967
10142,10142,20.284000,1,974
10143,10143,20.286000,1,1014
10144,10144,20.288000,1,1045
10145,10145,20.290000,1,1028
10146,10146,20.292000,1,978
10147,10147,20.294000,1,951
10148,10148,20.296000,1,979
10149,10149,20.298000,1,1027
10150,10150,20.300000,1,1037
10151,10151,20.302000,1,1002
10152,10152,20.304000,1,972
10153,10153,20.306000,1,984
10154,10154,20.308000,1,1011
10155,10155,20.310000,1,1012
10156,10156,20.312000,1,994
10157,10157,20.314000,1,993
10158,10158,20.316000,1,1011
10159,10159,20.318000,1,1013
10160,10160,20.320000,1,987
10161,10161,20.322000,1,967
10162,10162,20.324000,1,989
10163,10163,20.326000,1,1034
10164,10164,20.328000,1,1047
10165,10165,20.330000,1,1001
10166,10166,20.332000,1,945
10167,10167,20.334000,1,949
10168,10168,20.336000,1,1015
10169,10169,20.338000,1,1066
10170,10170,20.340000,1,1039
10171,10171,20.342000,1,965
10172,10172,20.344000,1,932
10173,10173,20.346000,1,976
10174,10174,20.348000,1,1045
10175,10175,20.350000,1,1062
10176,10176,20.352000,1,1014
10177,10177,20.354000,1,954
10178,10178,20.356000,1,941
10179,10179,20.358000,1,982
10180,10180,20.360000,1,1038
10181,10181,20.362000,1,1057
10182,10182,20.364000,1,1024
10183,10183,20.366000,1,971
10184,10184,20.368000,1,947
10185,10185,20.370000,1,972
10186,10186,20.372000,1,1015
10187,10187,20.374000,1,1037
10188,10188,20.376000,1,1026
10189,10189,20.378000,1,1002
10190,10190,20.380000,1,982
10191,10191,20.382000,1,975
10192,10192,20.384000,1,981
10193,10193,20.386000,1,998
10194,10194,20.388000,1,1021
10195,10195,20.390000,1,1030
10196,10196,20.392000,1,1012
10197,10197,20.394000,1,979
10198,10198,20.396000,1,967
10199,10199,20.398000,1,988
10200,10200,20.400000,1,1015
10201,10201,20.402000,1,1022
10202,10202,20.404000,1,1009
10203,10203,20.406000,1,993
10204,10204,20.408000,1,984
10205,10205,20.410000,1,990
10206,10206,20.412000,1,1006
10207,10207,20.414000,1,1017
10208,10208,20.416000,1,1003
10209,10209,20.418000,1,978
10210,10210,20.420000,1,977
10211,10211,20.422000,1,1012
10212,10212,20.424000,1,1042
10213,10213,20.426000,1,1020
10214,10214,20.428000,1,965
10215,10215,20.430000,1,947
10216,10216,20.432000,1,994
10217,10217,20.434000,1,1047
10218,10218,20.436000,1,1040
10219,10219,20.438000,1,989
10220,10220,20.440000,1,966
10221,10221,20.442000,1,989
10222,10222,20.444000,1,1007
10223,10223,20.446000,1,993
10224,10224,20.448000,1,986
10225,10225,20.450000,1,1018
10226,10226,20.452000,1,1045
10227,10227,20.454000,1,1014
10228,10228,20.456000,1,955
10229,10229,20.458000,1,944
10230,10230,20.460000,1,998
10231,10231,20.462000,1,1047
10232,10232,20.464000,1,1034
10233,10233,20.466000,1,989
10234,10234,20.468000,1,977
10235,10235,20.470000,1,1002
10236,10236,20.472000,1,1010
10237,10237,20.474000,1,979
10238,10238,20.476000,1,961
10239,10239,20.478000,1,1003
10240,10240,20.480000,1,1062
10241,10241,20.482000,1,1055
10242,10242,20.484000,1,978
10243,10243,20.486000,1,917
10244,10244,20.488000,1,943
10245,10245,20.490000,1,1025
10246,10246,20.492000,1,1078
10247,10247,20.494000,1,1053
10248,10248,20.496000,1,982
10249,10249,20.498000,1,937
10250,10250,20.500000,1,953
10251,10251,20.502000,1,1003
10252,10252,20.504000,1,1037
10253,10253,20.506000,1,1036
10254,10254,20.508000,1,1015
10255,10255,20.510000,1,992
10256,10256,20.512000,1,972
10257,10257,20.514000,1,963
10258,10258,20.516000,1,980
10259,10259,20.518000,1,1023
10260,10260,20.520000,1,1052
10261,10261,20.522000,1,1032
10262,10262,20.524000,1,980
10263,10263,20.526000,1,951
10264,10264,20.528000,1,970
10265,10265,20.530000,1,1009
10266,10266,20.532000,1,1027
10267,10267,20.534000,1,1018
10268,10268,20.536000,1,1006
10269,10269,20.538000,1,1002
10270,10270,20.540000,1,994
10271,10271,20.542000,1,977
10272,10272,20.544000,1,972
10273,10273,20.546000,1,999
10274,10274,20.548000,1,1037
10275,10275,20.550000,1,1038
10276,10276,20.552000,1,993
10277,10277,20.554000,1,954
10278,10278,20.556000,1,972
10279,10279,20.558000,1,1022
10280,10280,20.560000,1,1038
10281,10281,20.562000,1,1003
10282,10282,20.564000,1,969
10283,10283,20.566000,1,980
10284,10284,20.568000,1,1017
10285,10285,20.570000,1,1027
10286,10286,20.572000,1,997
10287,10287,20.574000,1,970
10288,10288,20.576000,1,986
10289,10289,20.578000,1,1023
10290,10290,20.580000,1,1029
10291,10291,20.582000,1,994
10292,10292,20.584000,1,964
10293,10293,20.586000,1,981
10294,10294,20.588000,1,1024
10295,10295,20.590000,1,1038
10296,10296,20.592000,1,1002
10297,10297,20.594000,1,961
10298,10298,20.596000,1,963
10299,10299,20.598000,1,1009
10300,10300,20.600000,1,1046
10301,10301,20.602000,1,1035
10302,10302,20.604000,1,988
10303,10303,20.606000,1,952
10304,10304,20.608000,1,960
10305,10305,20.610000,1,1005
10306,10306,20.612000,1,1045
10307,10307,20.614000,1,1043
10308,10308,20.616000,1,1003
10309,10309,20.618000,1,962
10310,10310,20.620000,1,957
10311,10311,20.622000,1,988
10312,10312,20.624000,1,1025
10313,10313,20.626000,1,1036
10314,10314,20.628000,1,1014
10315,10315,20.630000,1,985
10316,10316,20.632000,1,975
10317,10317,20.634000,1,987
10318,10318,20.636000,1,1003
10319,10319,20.638000,1,1008
10320,10320,20.640000,1,1008
10321,10321,20.642000,1,1009
10322,10322,20.644000,1,1007
10323,10323,20.646000,1,992
10324,10324,20.648000,1,976
10325,10325,20.650000,1,979
10326,10326,20.652000,1,1007
10327,10327,20.654000,1,1035
10328,10328,20.656000,1,1032
10329,10329,20.658000,1,993
10330,10330,20.660000,1,957
10331,10331,20.662000,1,963
10332,10332,20.664000,1,1006
10333,10333,20.666000,1,1040
10334,10334,20.668000,1,1030
10335,10335,20.670000,1,994
10336,10336,20.672000,1,972
10337,10337,20.674000,1,980
10338,10338,20.676000,1,999
10339,10339,20.678000,1,1010
10340,10340,20.680000,1,1013
10341,10341,20.682000,1,1014
10342,10342,20.684000,1,1006
10343,10343,20.686000,1,984
10344,10344,20.688000,1,967
10345,10345,20.690000,1,984
10346,10346,20.692000,1,1027
10347,10347,20.694000,1,1046
10348,10348,20.696000,1,1012
10349,10349,20.698000,1,959
10350,10350,20.700000,1,948
10351,10351,20.702000,1,992
10352,10352,20.704000,1,1045
10353,10353,20.706000,1,1050
10354,10354,20.708000,1,1006
10355,10355,20.710000,1,960
10356,10356,20.712000,1,953
10357,10357,20.714000,1,985
10358,10358,20.716000,1,1026
10359,10359,20.718000,1,1043
10360,10360,20.720000,1,1025
10361,10361,20.722000,1,988
10362,10362,20.724000,1,962
10363,10363,20.726000,1,969
10364,10364,20.728000,1,999
10365,10365,20.730000,1,1023
10366,10366,20.732000,1,1025
10367,10367,20.734000,1,1011
10368,10368,20.736000,1,995
10369,10369,20.738000,1,982
10370,10370,20.740000,1,977
10371,10371,20.742000,1,987
10372,10372,20.744000,1,1009
10373,10373,20.746000,1,1027
10374,10374,20.748000,1,1024
10375,10375,20.750000,1,1000
10376,10376,20.752000,1,973
10377,10377,20.754000,1,968
10378,10378,20.756000,1,991
10379,10379,20.758000,1,1020
10380,10380,20.760000,1,1029
10381,10381,20.762000,1,1015
10382,10382,20.764000,1,994
10383,10383,20.766000,1,980
10384,10384,20.768000,1,978
10385,10385,20.770000,1,985
10386,10386,20.772000,1,1004
10387,10387,20.774000,1,1028
10388,10388,20.776000,1,1038
10389,10389,20.778000,1,1011
10390,10390,20.780000,1,959
10391,10391,20.782000,1,940
10392,10392,20.784000,1,987
10393,10393,20.786000,1,1051
10394,10394,20.788000,1,1056
10395,10395,20.790000,1,1001
10396,10396,20.792000,1,960
10397,10397,20.794000,1,973
10398,10398,20.796000,1,1001
10399,10399,20.798000,1,1000
10400,10400,20.800000,1,993
10401,10401,20.802000,1,1016
10402,10402,20.804000,1,1045
10403,10403,20.806000,1,1021
10404,10404,20.808000,1,956
10405,10405,20.810000,1,928
10406,10406,20.812000,1,982
10407,10407,20.814000,1,1058
10408,10408,20.816000,1,1069
10409,10409,20.818000,1,1007
10410,10410,20.820000,1,949
10411,10411,20.822000,1,950
10412,10412,20.824000,1,994
10413,10413,20.826000,1,1028
10414,10414,20.828000,1,1028
10415,10415,20.830000,1,1009
10416,10416,20.832000,1,994
10417,10417,20.834000,1,987
10418,10418,20.836000,1,985
10419,10419,20.838000,1,991
10420,10420,20.840000,1,1006
10421,10421,20.842000,1,1015
10422,10422,20.844000,1,1009
10423,10423,20.846000,1,996
10424,10424,20.848000,1,990
10425,10425,20.850000,1,995
10426,10426,20.852000,1,1001
10427,10427,20.854000,1,1002
10428,10428,20.856000,1,998
10429,10429,20.858000,1,995
10430,10430,20.860000,1,998
10431,10431,20.862000,1,1010
10432,10432,20.864000,1,1014
10433,10433,20.866000,1,999
10434,10434,20.868000,1,977
10435,10435,20.870000,1,978
10436,10436,20.872000,1,1006
10437,10437,20.874000,1,1027
10438,10438,20.876000,1,1017
10439,10439,20.878000,1,991
10440,10440,20.880000,1,981
10441,10441,20.882000,1,992
10442,10442,20.884000,1,1006
10443,10443,20.886000,1,1004
10444,10444,20.888000,1,993
10445,10445,20.890000,1,991
10446,10446,20.892000,1,1008
10447,10447,20.894000,1,1025
10448,10448,20.896000,1,1015
10449,10449,20.898000,1,981
10450,10450,20.900000,1,959
10451,10451,20.902000,1,977
10452,10452,20.904000,1,1020
10453,10453,20.906000,1,1043
10454,10454,20.908000,1,1024
10455,10455,20.910000,1,988
10456,10456,20.912000,1,970
10457,10457,20.914000,1,979
10458,10458,20.916000,1,994
10459,10459,20.918000,1,1003
10460,10460,20.920000,1,1017
10461,10461,20.922000,1,1030
10462,10462,20.924000,1,1018
10463,10463,20.926000,1,978
10464,10464,20.928000,1,951
10465,10465,20.930000,1,974
10466,10466,20.932000,1,1025
10467,10467,20.934000,1,1047
10468,10468,20.936000,1,1019
10469,10469,20.938000,1,979
10470,10470,20.940000,1,968
10471,10471,20.942000,1,985
10472,10472,20.944000,1,1005
10473,10473,20.946000,1,1011
10474,10474,20.948000,1,1012
10475,10475,20.950000,1,1013
10476,10476,20.952000,1,1006
10477,10477,20.954000,1,985
10478,10478,20.956000,1,971
10479,10479,20.958000,1,985
10480,10480,20.960000,1,1016
10481,10481,20.962000,1,1031
10482,10482,20.964000,1,1014
10483,10483,20.966000,1,985
10484,10484,20.968000,1,974
10485,10485,20.970000,1,988
10486,10486,20.972000,1,1009
10487,10487,20.974000,1,1017
10488,10488,20.976000,1,1008
10489,10489,20.978000,1,993
10490,10490,20.980000,1,987
10491,10491,20.982000,1,994
10492,10492,20.984000,1,1006
10493,10493,20.986000,1,1012
10494,10494,20.988000,1,1007
10495,10495,20.990000,1,994
10496,10496,20.992000,1,980
10497,10497,20.994000,1,983
10498,10498,20.996000,1,1007
10499,10499,20.998000,1,1032
10500,10500,21.000000,1,1026
10501,10501,21.002000,1,989
10502,10502,21.004000,1,959
10503,10503,21.006000,1,967
10504,10504,21.008000,1,1006
10505,10505,21.010000,1,1038
10506,10506,21.012000,1,1038
10507,10507,21.014000,1,1006
10508,10508,21.016000,1,968
10509,10509,21.018000,1,955
10510,10510,21.020000,1,980
10511,10511,21.022000,1,1024
10512,10512,21.024000,1,1048
10513,10513,21.026000,1,1024
10514,10514,21.028000,1,976
10515,10515,21.030000,1,955
10516,10516,21.032000,1,982
10517,10517,21.034000,1,1022
10518,10518,21.036000,1,1029
10519,10519,21.038000,1,1004
10520,10520,21.040000,1,985
10521,10521,21.042000,1,990
10522,10522,21.044000,1,1004
10523,10523,21.046000,1,1004
10524,10524,21.048000,1,992
10525,10525,21.050000,1,988
10526,10526,21.052000,1,999
10527,10527,21.054000,1,1014
10528,10528,21.056000,1,1017
10529,10529,21.058000,1,1004
10530,10530,21.060000,1,985
10531,10531,21.062000,1,976
10532,10532,21.064000,1,988
10533,10533,21.066000,1,1010
10534,10534,21.068000,1,1023
10535,10535,21.070000,1,1016
10536,10536,21.072000,1,997
10537,10537,21.074000,1,985
10538,10538,21.076000,1,983
10539,10539,21.078000,1,986
10540,10540,21.080000,1,995
10541,10541,21.082000,1,1015
10542,10542,21.084000,1,1034
10543,10543,21.086000,1,1023
10544,10544,21.088000,1,981
10545,10545,21.090000,1,950
10546,10546,21.092000,1,967
10547,10547,21.094000,1,1018
10548,10548,21.096000,1,1052
10549,10549,21.098000,1,1033
10550,10550,21.100000,1,983
10551,10551,21.102000,1,953
10552,10552,21.104000,1,972
10553,10553,21.106000,1,1013
10554,10554,21.108000,1,1034
10555,10555,21.110000,1,1022
10556,10556,21.112000,1,996
10557,10557,21.114000,1,976
10558,10558,21.116000,1,969
10559,10559,21.118000,1,984
10560,10560,21.120000,1,1023
10561,10561,21.122000,1,1053
10562,10562,21.124000,1,1027
10563,10563,21.126000,1,959
10564,10564,21.128000,1,929
10565,10565,21.130000,1,982
10566,10566,21.132000,1,1056
10567,10567,21.134000,1,1060
10568,10568,21.136000,1,994
10569,10569,21.138000,1,945
10570,10570,21.140000,1,970
10571,10571,21.142000,1,1025
10572,10572,21.144000,1,1034
10573,10573,21.146000,1,991
10574,10574,21.148000,1,965
10575,10575,21.150000,1,994
10576,10576,21.152000,1,1035
10577,10577,21.154000,1,1028
10578,10578,21.156000,1,983
10579,10579,21.158000,1,959
10580,10580,21.160000,1,980
10581,10581,21.162000,1,1017
10582,10582,21.164000,1,1030
10583,10583,21.166000,1,1018
10584,10584,21.168000,1,997
10585,10585,21.170000,1,978
10586,10586,21.172000,1,974
10587,10587,21.174000,1,991
10588,10588,21.176000,1,1020
10589,10589,21.178000,1,1030
10590,10590,21.180000,1,1006
10591,10591,21.182000,1,976
10592,10592,21.184000,1,977
10593,10593,21.186000,1,1005
10594,10594,21.188000,1,1023
10595,10595,21.190000,1,1010
10596,10596,21.192000,1,986
10597,10597,21.194000,1,978
10598,10598,21.196000,1,994
10599,10599,21.198000,1,1017
10600,10600,21.200000,1,1024
10601,10601,21.202000,1,1004
10602,10602,21.204000,1,976
10603,10603,21.206000,1,973
10604,10604,21.208000,1,1001
10605,10605,21.210000,1,1027
10606,10606,21.212000,1,1018
10607,10607,21.214000,1,987
10608,10608,21.216000,1,978
10609,10609,21.218000,1,1002
10610,10610,21.220000,1,1020
10611,10611,21.222000,1,1002
10612,10612,21.224000,1,974
10613,10613,21.226000,1,985
10614,10614,21.228000,1,1024
10615,10615,21.230000,1,1035
10616,10616,21.232000,1,997
10617,10617,21.234000,1,960
10618,10618,21.236000,1,974
10619,10619,21.238000,1,1016
10620,10620,21.240000,1,1029
10621,10621,21.242000,1,1005
10622,10622,21.244000,1,987
10623,10623,21.246000,1,995
10624,10624,21.248000,1,1005
10625,10625,21.250000,1,994
10626,10626,21.252000,1,982
10627,10627,21.254000,1,994
10628,10628,21.256000,1,1021
10629,10629,21.258000,1,1026
10630,10630,21.260000,1,1000
10631,10631,21.262000,1,971
10632,10632,21.264000,1,969
10633,10633,21.266000,1,999
10634,10634,21.268000,1,1033
10635,10635,21.270000,1,1036
10636,10636,21.272000,1,1000
10637,10637,21.274000,1,959
10638,10638,21.276000,1,958
10639,10639,21.278000,1,1003
10640,10640,21.280000,1,1045
10641,10641,21.282000,1,1038
10642,10642,21.284000,1,992
10643,10643,21.286000,1,959
10644,10644,21.288000,1,968
10645,10645,21.290000,1,1001
10646,10646,21.292000,1,1022
10647,10647,21.294000,1,1023
10648,10648,21.296000,1,1015
10649,10649,21.298000,1,1000
10650,10650,21.300000,1,978
10651,10651,21.302000,1,964
10652,10652,21.304000,1,980
10653,10653,21.306000,1,1023
10654,10654,21.308000,1,1049
10655,10655,21.310000,1,1023
10656,10656,21.312000,1,969
10657,10657,21.314000,1,952
10658,10658,21.316000,1,994
10659,10659,21.318000,1,1037
10660,10660,21.320000,1,1019
10661,10661,21.322000,1,971
10662,10662,21.324000,1,973
10663,10663,21.326000,1,1030
10664,10664,21.328000,1,1052
10665,10665,21.330000,1,990
10666,10666,21.332000,1,924
10667,10667,21.334000,1,956
10668,10668,21.336000,1,1051
10669,10669,21.338000,1,1083
10670,10670,21.340000,1,1009
10671,10671,21.342000,1,930
10672,10672,21.344000,1,943
10673,10673,21.346000,1,1016
10674,10674,21.348000,1,1053
10675,10675,21.350000,1,1023
10676,10676,21.352000,1,981
10677,10677,21.354000,1,976
10678,10678,21.356000,1,993
10679,10679,21.358000,1,1001
10680,10680,21.360000,1,1003
10681,10681,21.362000,1,1010
10682,10682,21.364000,1,1013
10683,10683,21.366000,1,997
10684,10684,21.368000,1,977
10685,10685,21.370000,1,979
10686,10686,21.372000,1,1008
10687,10687,21.374000,1,1034
10688,10688,21.376000,1,1023
10689,10689,21.378000,1,981
10690,10690,21.380000,1,956
10691,10691,21.382000,1,980
10692,10692,21.384000,1,1026
10693,10693,21.386000,1,1039
10694,10694,21.388000,1,1006
10695,10695,21.390000,1,976
10696,10696,21.392000,1,982
10697,10697,21.394000,1,1003
10698,10698,21.396000,1,1003
10699,10699,21.398000,1,991
10700,10700,21.400000,1,998
10701,10701,21.402000,1,1022
10702,10702,21.404000,1,1020
10703,10703,21.406000,1,987
10704,10704,21.408000,1,968
10705,10705,21.410000,1,990
10706,10706,21.412000,1,1019
10707,10707,21.414000,1,1014
10708,10708,21.416000,1,991
10709,10709,21.418000,1,991
10710,10710,21.420000,1,1013
10711,10711,21.422000,1,1019
10712,10712,21.424000,1,992
10713,10713,21.426000,1,966
10714,10714,21.428000,1,976
10715,10715,21.430000,1,1015
10716,10716,21.432000,1,1043
10717,10717,21.434000,1,1029
10718,10718,21.436000,1,984
10719,10719,21.438000,1,949
10720,10720,21.440000,1,963
10721,10721,21.442000,1,1018
10722,10722,21.444000,1,1057
10723,10723,21.446000,1,1032
10724,10724,21.448000,1,972
10725,10725,21.450000,1,948
10726,10726,21.452000,1,986
10727,10727,21.454000,1,1031
10728,10728,21.456000,1,1029
10729,10729,21.458000,1,993
10730,10730,21.460000,1,977
10731,10731,21.462000,1,996
10732,10732,21.464000,1,1015
10733,10733,21.466000,1,1008
10734,10734,21.468000,1,986
10735,10735,21.470000,1,981
10736,10736,21.472000,1,1002
10737,10737,21.474000,1,1026
10738,10738,21.476000,1,1022
10739,10739,21.478000,1,989
10740,10740,21.480000,1,962
10741,10741,21.482000,1,974
10742,10742,21.484000,1,1017
10743,10743,21.486000,1,1047
10744,10744,21.488000,1,1028
10745,10745,21.490000,1,977
10746,10746,21.492000,1,947
10747,10747,21.494000,1,969
10748,10748,21.496000,1,1021
10749,10749,21.498000,1,1051
10750,10750,21.500000,1,1030
10751,10751,21.502000,1,982
10752,10752,21.504000,1,955
10753,10753,21.506000,1,971
10754,10754,21.508000,1,1008
10755,10755,21.510000,1,1033
10756,10756,21.512000,1,1028
10757,10757,21.514000,1,1001
10758,10758,21.516000,1,974
10759,10759,21.518000,1,971
10760,10760,21.520000,1,997
10761,10761,21.522000,1,1023
10762,10762,21.524000,1,1018
10763,10763,21.526000,1,990
10764,10764,21.528000,1,981
10765,10765,21.530000,1,1005
10766,10766,21.532000,1,1024
10767,10767,21.534000,1,999
10768,10768,21.536000,1,962
10769,10769,21.538000,1,978
10770,10770,21.540000,1,1038
10771,10771,21.542000,1,1056
10772,10772,21.544000,1,993
10773,10773,21.546000,1,927
10774,10774,21.548000,1,952
10775,10775,21.550000,1,1041
10776,10776,21.552000,1,1080
10777,10777,21.554000,1,1020
10778,10778,21.556000,1,940
10779,10779,21.558000,1,936
10780,10780,21.560000,1,1004
10781,10781,21.562000,1,1057
10782,10782,21.564000,1,1037
10783,10783,21.566000,1,981
10784,10784,21.568000,1,959
10785,10785,21.570000,1,986
10786,10786,21.572000,1,1017
10787,10787,21.574000,1,1018
10788,10788,21.576000,1,1002
10789,10789,21.578000,1,997
10790,10790,21.580000,1,1001
10791,10791,21.582000,1,995
10792,10792,21.584000,1,981
10793,10793,21.586000,1,986
10794,10794,21.588000,1,1016
10795,10795,21.590000,1,1037
10796,10796,21.592000,1,1013
10797,10797,21.594000,1,966
10798,10798,21.596000,1,956
10799,10799,21.598000,1,1001
10800,10800,21.600000,1,1045
10801,10801,21.602000,1,1031
10802,10802,21.604000,1,977
10803,10803,21.606000,1,956
10804,10804,21.608000,1,994
10805,10805,21.610000,1,1034
10806,10806,21.612000,1,1022
10807,10807,21.614000,1,984
10808,10808,21.616000,1,977
10809,10809,21.618000,1,1002
10810,10810,21.620000,1,1014
10811,10811,21.622000,1,998
10812,10812,21.624000,1,986
10813,10813,21.626000,1,1000
10814,10814,21.628000,1,1020
10815,10815,21.630000,1,1010
10816,10816,21.632000,1,981
10817,10817,21.634000,1,973
10818,10818,21.636000,1,1001
10819,10819,21.638000,1,1030
10820,10820,21.640000,1,1022
10821,10821,21.642000,1,985
10822,10822,21.644000,1,965
10823,10823,21.646000,1,985
10824,10824,21.648000,1,1021
10825,10825,21.650000,1,1031
10826,10826,21.652000,1,1006
10827,10827,21.654000,1,977
10828,10828,21.656000,1,976
10829,10829,21.658000,1,1000
10830,10830,21.660000,1,1019
10831,10831,21.662000,1,1014
10832,10832,21.664000,1,995
10833,10833,21.666000,1,986
10834,10834,21.668000,1,991
10835,10835,21.670000,1,1001
10836,10836,21.672000,1,1010
10837,10837,21.674000,1,1011
10838,10838,21.676000,1,1000
10839,10839,21.678000,1,983
10840,10840,21.680000,1,979
10841,10841,21.682000,1,1000
10842,10842,21.684000,1,1027
10843,10843,21.686000,1,1028
10844,10844,21.688000,1,993
10845,10845,21.690000,1,960
10846,10846,21.692000,1,970
10847,10847,21.694000,1,1015
10848,10848,21.696000,1,1040
10849,10849,21.698000,1,1019
10850,10850,21.700000,1,981
10851,10851,21.702000,1,971
10852,10852,21.704000,1,992
10853,10853,21.706000,1,1012
10854,10854,21.708000,1,1009
10855,10855,21.710000,1,998
10856,10856,21.712000,1,999
10857,10857,21.714000,1,1007
10858,10858,21.716000,1,1003
10859,10859,21.718000,1,989
10860,10860,21.720000,1,984
10861,10861,21.722000,1,1000
10862,10862,21.724000,1,1015
10863,10863,21.726000,1,1009
10864,10864,21.728000,1,993
10865,10865,21.730000,1,993
10866,10866,21.732000,1,1005
10867,10867,21.734000,1,1003
10868,10868,21.736000,1,988
10869,10869,21.738000,1,989
10870,10870,21.740000,1,1011
10871,10871,21.742000,1,1018
10872,10872,21.744000,1,995
10873,10873,21.746000,1,976
10874,10874,21.748000,1,995
10875,10875,21.750000,1,1026
10876,10876,21.752000,1,1019
10877,10877,21.754000,1,980
10878,10878,21.756000,1,963
10879,10879,21.758000,1,996
10880,10880,21.760000,1,1035
10881,10881,21.762000,1,1029
10882,10882,21.764000,1,988
10883,10883,21.766000,1,966
10884,10884,21.768000,1,986
10885,10885,21.770000,1,1014
10886,10886,21.772000,1,1017
10887,10887,21.774000,1,1001
10888,10888,21.776000,1,994
10889,10889,21.778000,1,998
10890,10890,21.780000,1,1000
10891,10891,21.782000,1,994
10892,10892,21.784000,1,994
10893,10893,21.786000,1,1003
10894,10894,21.788000,1,1010
10895,10895,21.790000,1,1005
10896,10896,21.792000,1,992
10897,10897,21.794000,1,987
10898,10898,21.796000,1,997
10899,10899,21.798000,1,1011
10900,10900,21.800000,1,1011
10901,10901,21.802000,1,997
10902,10902,21.804000,1,985
10903,10903,21.806000,1,992
10904,10904,21.808000,1,1007
10905,10905,21.810000,1,1013
10906,10906,21.812000,1,1003
10907,10907,21.814000,1,991
10908,10908,21.816000,1,990
10909,10909,21.818000,1,998
10910,10910,21.820000,1,1004
10911,10911,21.822000,1,1005
10912,10912,21.824000,1,1003
10913,10913,21.826000,1,1000
10914,10914,21.828000,1,995
10915,10915,21.830000,1,991
10916,10916,21.832000,1,996
10917,10917,21.834000,1,1009
10918,10918,21.836000,1,1014
10919,10919,21.838000,1,1001
10920,10920,21.840000,1,982
10921,10921,21.842000,1,983
10922,10922,21.844000,1,1006
10923,10923,21.846000,1,1023
10924,10924,21.848000,1,1012
10925,10925,21.850000,1,986
10926,10926,21.852000,1,977
10927,10927,21.854000,1,995
10928,10928,21.856000,1,1016
10929,10929,21.858000,1,1016
10930,10930,21.860000,1,999
10931,10931,21.862000,1,985
10932,10932,21.864000,1,989
10933,10933,21.866000,1,1002
10934,10934,21.868000,1,1010
10935,10935,21.870000,1,1005
10936,10936,21.872000,1,996
10937,10937,21.874000,1,994
10938,10938,21.876000,1,999
10939,10939,21.878000,1,1003
10940,10940,21.880000,1,1001
10941,10941,21.882000,1,997
10942,10942,21.884000,1,998
10943,10943,21.886000,1,1002
10944,10944,21.888000,1,1004
10945,10945,21.890000,1,999
10946,10946,21.892000,1,993
10947,10947,21.894000,1,995
10948,10948,21.896000,1,1003
10949,10949,21.898000,1,1007
10950,10950,21.900000,1,1002
10951,10951,21.902000,1,994
10952,10952,21.904000,1,994
10953,10953,21.906000,1,1001
10954,10954,21.908000,1,1005
10955,10955,21.910000,1,1002
10956,10956,21.912000,1,997
10957,10957,21.914000,1,997
10958,10958,21.916000,1,999
10959,10959,21.918000,1,998
10960,10960,21.920000,1,997
10961,10961,21.922000,1,1002
10962,10962,21.924000,1,1009
10963,10963,21.926000,1,1006
10964,10964,21.928000,1,993
10965,10965,21.930000,1,984
10966,10966,21.932000,1,993
10967,10967,21.934000,1,1011
10968,10968,21.936000,1,1016
10969,10969,21.938000,1,1002
10970,10970,21.940000,1,987
10971,10971,21.942000,1,988
10972,10972,21.944000,1,1000
10973,10973,21.946000,1,1009
10974,10974,21.948000,1,1005
10975,10975,21.950000,1,996
10976,10976,21.952000,1,994
10977,10977,21.954000,1,1000
10978,10978,21.956000,1,1004
10979,10979,21.958000,1,1002
10980,10980,21.960000,1,995
10981,10981,21.962000,1,993
10982,10982,21.964000,1,999
10983,10983,21.966000,1,1006
10984,10984,21.968000,1,1007
10985,10985,21.970000,1,1000
10986,10986,21.972000,1,992
10987,10987,21.974000,1,992
10988,10988,21.976000,1,999
10989,10989,21.978000,1,1005
10990,10990,21.980000,1,1004
10991,10991,21.982000,1,1001
10992,10992,21.984000,1,999
10993,10993,21.986000,1,998
10994,10994,21.988000,1,996
10995,10995,21.990000,1,996
10996,10996,21.992000,1,1000
10997,10997,21.994000,1,1006
10998,10998,21.996000,1,1006
10999,10999,21.998000,1,998
11000,11000,22.000000,1,990
11001,11001,22.002000,1,993
11002,11002,22.004000,1,1003
11003,11003,22.006000,1,1010
11004,11004,22.008000,1,1004
11005,11005,22.010000,1,991
11006,11006,22.012000,1,987
11007,11007,22.014000,1,1001
11008,11008,22.016000,1,1015
11009,11009,22.018000,1,1009
11010,11010,22.020000,1,986
11011,11011,22.022000,1,977
11012,11012,22.024000,1,999
11013,11013,22.026000,1,1026
11014,11014,22.028000,1,1022
11015,11015,22.030000,1,988
11016,11016,22.032000,1,968
11017,11017,22.034000,1,986
11018,11018,22.036000,1,1017
11019,11019,22.038000,1,1022
11020,11020,22.040000,1,1001
11021,11021,22.042000,1,986
11022,11022,22.044000,1,994
11023,11023,22.046000,1,1005
11024,11024,22.048000,1,1001
11025,11025,22.050000,1,991
11026,11026,22.052000,1,994
11027,11027,22.054000,1,1008
11028,11028,22.056000,1,1014
11029,11029,22.058000,1,1003
11030,11030,22.060000,1,987
11031,11031,22.062000,1,984
11032,11032,22.064000,1,998
11033,11033,22.066000,1,1012
11034,11034,22.068000,1,1011
11035,11035,22.070000,1,998
11036,11036,22.072000,1,989
11037,11037,22.074000,1,993
11038,11038,22.076000,1,1003
11039,11039,22.078000,1,1006
11040,11040,22.080000,1,999
11041,11041,22.082000,1,994
11042,11042,22.084000,1,998
11043,11043,22.086000,1,1006
11044,11044,22.088000,1,1005
11045,11045,22.090000,1,996
11046,11046,22.092000,1,990
11047,11047,22.094000,1,997
11048,11048,22.096000,1,1007
11049,11049,22.098000,1,1007
11050,11050,22.100000,1,998
11051,11051,22.102000,1,993
11052,11052,22.104000,1,999
11053,11053,22.106000,1,1004
11054,11054,22.108000,1,1001
11055,11055,22.110000,1,994
11056,11056,22.112000,1,996
11057,11057,22.114000,1,1005
11058,11058,22.116000,1,1008
11059,11059,22.118000,1,999
11060,11060,22.120000,1,990
11061,11061,22.122000,1,993
11062,11062,22.124000,1,1003
11063,11063,22.126000,1,1008
11064,11064,22.128000,1,1003
11065,11065,22.130000,1,995
11066,11066,22.132000,1,994
11067,11067,22.134000,1,1000
11068,11068,22.136000,1,1002
11069,11069,22.138000,1,998
11070,11070,22.140000,1,996
11071,11071,22.142000,1,1002
11072,11072,22.144000,1,1007
11073,11073,22.146000,1,1001
11074,11074,22.148000,1,991
11075,11075,22.150000,1,991
11076,11076,22.152000,1,1002
11077,11077,22.154000,1,1010
11078,11078,22.156000,1,1005
11079,11079,22.158000,1,994
11080,11080,22.160000,1,992
11081,11081,22.162000,1,999
11082,11082,22.164000,1,1003
11083,11083,22.166000,1,1001
11084,11084,22.168000,1,997
11085,11085,22.170000,1,1000
11086,11086,22.172000,1,1003
11087,11087,22.174000,1,1001
11088,11088,22.176000,1,995
11089,11089,22.178000,1,995
11090,11090,22.180000,1,1003
11091,11091,22.182000,1,1006
11092,11092,22.184000,1,1000
11093,11093,22.186000,1,992
11094,11094,22.188000,1,996
11095,11095,22.190000,1,1006
11096,11096,22.192000,1,1007
11097,11097,22.194000,1,997
11098,11098,22.196000,1,990
11099,11099,22.198000,1,995
11100,11100,22.200000,1,1006
11101,11101,22.202000,1,1008
11102,11102,22.204000,1,1000
11103,11103,22.206000,1,992
11104,11104,22.208000,1,994
11105,11105,22.210000,1,1001
11106,11106,22.212000,1,1004
11107,11107,22.214000,1,1000
11108,11108,22.216000,1,998
11109,11109,22.218000,1,1000
11110,11110,22.220000,1,1001
11111,11111,22.222000,1,996
11112,11112,22.224000,1,994
11113,11113,22.226000,1,999
11114,11114,22.228000,1,1008
11115,11115,22.230000,1,1008
11116,11116,22.232000,1,996
11117,11117,22.234000,1,987
11118,11118,22.236000,1,993
11119,11119,22.238000,1,1006
11120,11120,22.240000,1,1012
11121,11121,22.242000,1,1004
11122,11122,22.244000,1,993
11123,11123,22.246000,1,991
11124,11124,22.248000,1,997
11125,11125,22.250000,1,1002
11126,11126,22.252000,1,1004
11127,11127,22.254000,1,1003
11128,11128,22.256000,1,1002
11129,11129,22.258000,1,998
11130,11130,22.260000,1,993
11131,11131,22.262000,1,993
11132,11132,22.264000,1,1000
11133,11133,22.266000,1,1008
11134,11134,22.268000,1,1007
11135,11135,22.270000,1,998
11136,11136,22.272000,1,991
11137,11137,22.274000,1,994
11138,11138,22.276000,1,1001
11139,11139,22.278000,1,1005
11140,11140,22.280000,1,1002
11141,11141,22.282000,1,999
11142,11142,22.284000,1,998
11143,11143,22.286000,1,999
11144,11144,22.288000,1,998
11145,11145,22.290000,1,997
11146,11146,22.292000,1,1000
11147,11147,22.294000,1,1005
11148,11148,22.296000,1,1005
11149,11149,22.298000,1,997
11150,11150,22.300000,1,991
11151,11151,22.302000,1,995
11152,11152,22.304000,1,1004
11153,11153,22.306000,1,1007
11154,11154,22.308000,1,1001
11155,11155,22.310000,1,994
11156,11156,22.312000,1,995
11157,11157,22.314000,1,1001
11158,11158,22.316000,1,1004
11159,11159,22.318000,1,1001
11160,11160,22.320000,1,997
11161,11161,22.322000,1,998
11162,11162,22.324000,1,1002
11163,11163,22.326000,1,1001
11164,11164,22.328000,1,997
11165,11165,22.330000,1,995
11166,11166,22.332000,1,1001
11167,11167,22.334000,1,1006
11168,11168,22.336000,1,1003
11169,11169,22.338000,1,994
11170,11170,22.340000,1,992
11171,11171,22.342000,1,1000
11172,11172,22.344000,1,1008
11173,11173,22.346000,1,1005
11174,11174,22.348000,1,995
11175,11175,22.350000,1,992
11176,11176,22.352000,1,999
11177,11177,22.354000,1,1005
11178,11178,22.356000,1,1004
11179,11179,22.358000,1,997
11180,11180,22.360000,1,994
11181,11181,22.362000,1,999
11182,11182,22.364000,1,1005
11183,11183,22.366000,1,1003
11184,11184,22.368000,1,995
11185,11185,22.370000,1,992
11186,11186,22.372000,1,999
11187,11187,22.374000,1,1007
11188,11188,22.376000,1,1006
11189,11189,22.378000,1,998
11190,11190,22.380000,1,992
11191,11191,22.382000,1,995
11192,11192,22.384000,1,1002
11193,11193,22.386000,1,1005
11194,11194,22.388000,1,1001
11195,11195,22.390000,1,998
11196,11196,22.392000,1,998
11197,11197,22.394000,1,999
11198,11198,22.396000,1,998
11199,11199,22.398000,1,997
11200,11200,22.400000,0,1000
11201,11201,22.402000,0,1006
11202,11202,22.404000,0,1006
11203,11203,22.406000,0,996
11204,11204,22.408000,0,988
11205,11205,22.410000,0,993
11206,11206,22.412000,0,1007
11207,11207,22.414000,0,1013
11208,11208,22.416000,0,1002
11209,11209,22.418000,0,990
11210,11210,22.420000,0,989
11211,11211,22.422000,0,1000
11212,11212,22.424000,0,1007
11213,11213,22.426000,0,1004
11214,11214,22.428000,0,998
11215,11215,22.430000,0,998
11216,11216,22.432000,0,1000
11217,11217,22.434000,0,998
11218,11218,22.436000,0,996
11219,11219,22.438000,0,999
11220,11220,22.440000,0,1005
11221,11221,22.442000,0,1006
11222,11222,22.444000,0,998
11223,11223,22.446000,0,992
11224,11224,22.448000,0,995
11225,11225,22.450000,0,1004
11226,11226,22.452000,0,1006
11227,11227,22.454000,0,1000
11228,11228,22.456000,0,995
11229,11229,22.458000,0,996
11230,11230,22.460000,0,1001
11231,11231,22.462000,0,1002
11232,11232,22.464000,0,999
11233,11233,22.466000,0,997
11234,11234,22.468000,0,999
11235,11235,22.470000,0,1002
11236,11236,22.472000,0,1001
11237,11237,22.474000,0,997
11238,11238,22.476000,0,996
11239,11239,22.478000,0,1001
11240,11240,22.480000,0,1004
11241,11241,22.482000,0,1000
11242,11242,22.484000,0,995
11243,11243,22.486000,0,997
11244,11244,22.488000,0,1003
11245,11245,22.490000,0,1004
11246,11246,22.492000,0,998
11247,11247,22.494000,0,994
11248,11248,22.496000,0,997
11249,11249,22.498000,0,1004
11250,11250,22.500000,0,1005
11251,11251,22.502000,0,1000
11252,11252,22.504000,0,994
11253,11253,22.506000,0,996
11254,11254,22.508000,0,1001
11255,11255,22.510000,0,1003
11256,11256,22.512000,0,1000
11257,11257,22.514000,0,998
11258,11258,22.516000,0,999
11259,11259,22.518000,0,1001
11260,11260,22.520000,0,999
11261,11261,22.522000,0,997
11262,11262,22.524000,0,998
11263,11263,22.526000,0,1002
11264,11264,22.528000,0,1004
11265,11265,22.530000,0,1000
11266,11266,22.532000,0,995
11267,11267,22.534000,0,996
11268,11268,22.536000,0,1001
11269,11269,22.538000,0,1004
11270,11270,22.540000,0,1002
11271,11271,22.542000,0,996
11272,11272,22.544000,0,996
11273,11273,22.546000,0,1000
11274,11274,22.548000,0,1003
11275,11275,22.550000,0,1000
11276,11276,22.552000,0,997
11277,11277,22.554000,0,999
11278,11278,22.556000,0,1002
11279,11279,22.558000,0,1001
11280,11280,22.560000,0,998
11281,11281,22.562000,0,997
11282,11282,22.564000,0,999
11283,11283,22.566000,0,1003
11284,11284,22.568000,0,1002
11285,11285,22.570000,0,997
11286,11286,22.572000,0,996
11287,11287,22.574000,0,1000
11288,11288,22.576000,0,1004
11289,11289,22.578000,0,1003
11290,11290,22.580000,0,996
11291,11291,22.582000,0,993
11292,11292,22.584000,0,998
11293,11293,22.586000,0,1006
11294,11294,22.588000,0,1006
11295,11295,22.590000,0,998
11296,11296,22.592000,0,991
11297,11297,22.594000,0,994
11298,11298,22.596000,0,1003
11299,11299,22.598000,0,1007
11300,11300,22.600000,0,1002
11301,11301,22.602000,0,996
11302,11302,22.604000,0,996
11303,11303,22.606000,0,1000
11304,11304,22.608000,0,1001
11305,11305,22.610000,0,998
11306,11306,22.612000,0,998
11307,11307,22.614000,0,1003
11308,11308,22.616000,0,1005
11309,11309,22.618000,0,999
11310,11310,22.620000,0,992
11311,11311,22.622000,0,994
11312,11312,22.624000,0,1003
11313,11313,22.626000,0,1009
11314,11314,22.628000,0,1003
11315,11315,22.630000,0,993
11316,11316,22.632000,0,991
11317,11317,22.634000,0,1000
11318,11318,22.636000,0,1007
11319,11319,22.638000,0,1004
11320,11320,22.640000,0,996
11321,11321,22.642000,0,993
11322,11322,22.644000,0,998
11323,11323,22.646000,0,1004
11324,11324,22.648000,0,1004
11325,11325,22.650000,0,999
11326,11326,22.652000,0,995
11327,11327,22.654000,0,997
11328,11328,22.656000,0,1002
11329,11329,22.658000,0,1002
11330,11330,22.660000,0,999
11331,11331,22.662000,0,997
11332,11332,22.664000,0,1000
11333,11333,22.666000,0,1002
11334,11334,22.668000,0,1000
11335,11335,22.670000,0,997
11336,11336,22.672000,0,997
11337,11337,22.674000,0,1000
11338,11338,22.676000,0,1002
11339,11339,22.678000,0,1001
11340,11340,22.680000,0,998
11341,11341,22.682000,0,997
11342,11342,22.684000,0,999
11343,11343,22.686000,0,1002
11344,11344,22.688000,0,1001
11345,11345,22.690000,0,998
11346,11346,22.692000,0,997
11347,11347,22.694000,0,999
11348,11348,22.696000,0,1003
11349,11349,22.698000,0,1002
11350,11350,22.700000,0,998
11351,11351,22.702000,0,995
11352,11352,22.704000,0,998
11353,11353,22.706000,0,1002
11354,11354,22.708000,0,1004
11355,11355,22.710000,0,1001
11356,11356,22.712000,0,995
11357,11357,22.714000,0,994
11358,11358,22.716000,0,1000
11359,11359,22.718000,0,1006
11360,11360,22.720000,0,1004
11361,11361,22.722000,0,996
11362,11362,22.724000,0,993
11363,11363,22.726000,0,997
11364,11364,22.728000,0,1004
11365,11365,22.730000,0,1004
11366,11366,22.732000,0,998
11367,11367,22.734000,0,997
11368,11368,22.736000,0,1000
11369,11369,22.738000,0,1002
11370,11370,22.740000,0,998
11371,11371,22.742000,0,994
11372,11372,22.744000,0,998
11373,11373,22.746000,0,1006
11374,11374,22.748000,0,1006
11375,11375,22.750000,0,998
11376,11376,22.752000,0,991
11377,11377,22.754000,0,994
11378,11378,22.756000,0,1004
11379,11379,22.758000,0,1009
11380,11380,22.760000,0,1003
11381,11381,22.762000,0,993
11382,11382,22.764000,0,991
11383,11383,22.766000,0,999
11384,11384,22.768000,0,1006
11385,11385,22.770000,0,1004
11386,11386,22.772000,0,997
11387,11387,22.774000,0,995
11388,11388,22.776000,0,1000
11389,11389,22.778000,0,1003
11390,11390,22.780000,0,1000
11391,11391,22.782000,0,996
11392,11392,22.784000,0,997
11393,11393,22.786000,0,1002
11394,11394,22.788000,0,1004
11395,11395,22.790000,0,1000
11396,11396,22.792000,0,994
11397,11397,22.794000,0,996
11398,11398,22.796000,0,1003
11399,11399,22.798000,0,1005
11400,11400,22.800000,0,999
11401,11401,22.802000,0,994
11402,11402,22.804000,0,997
11403,11403,22.806000,0,1004
11404,11404,22.808000,0,1004
11405,11405,22.810000,0,998
11406,11406,22.812000,0,995
11407,11407,22.814000,0,998
11408,11408,22.816000,0,1003
11409,11409,22.818000,0,1004
11410,11410,22.820000,0,999
11411,11411,22.822000,0,995
11412,11412,22.824000,0,997
11413,11413,22.826000,0,1001
11414,11414,22.828000,0,1003
11415,11415,22.830000,0,1002
11416,11416,22.832000,0,998
11417,11417,22.834000,0,996
11418,11418,22.836000,0,997
11419,11419,22.838000,0,1001
11420,11420,22.840000,0,1004
11421,11421,22.842000,0,1002
11422,11422,22.844000,0,996
11423,11423,22.846000,0,994
11424,11424,22.848000,0,999
11425,11425,22.850000,0,1005
11426,11426,22.852000,0,1005
11427,11427,22.854000,0,998
11428,11428,22.856000,0,993
11429,11429,22.858000,0,996
11430,11430,22.860000,0,1003
11431,11431,22.862000,0,1005
11432,11432,22.864000,0,999
11433,11433,22.866000,0,996
11434,11434,22.868000,0,999
11435,11435,22.870000,0,1002
11436,11436,22.872000,0,1000
11437,11437,22.874000,0,996
11438,11438,22.876000,0,998
11439,11439,22.878000,0,1003
11440,11440,22.880000,0,1004
11441,11441,22.882000,0,999
11442,11442,22.884000,0,995
11443,11443,22.886000,0,997
11444,11444,22.888000,0,1002
11445,11445,22.890000,0,1002
11446,11446,22.892000,0,999
11447,11447,22.894000,0,997
11448,11448,22.896000,0,1000
11449,11449,22.898000,0,1002
11450,11450,22.900000,0,1000
11451,11451,22.902000,0,996
11452,11452,22.904000,0,996
11453,11453,22.906000,0,1002
11454,11454,22.908000,0,1005
11455,11455,22.910000,0,1001
11456,11456,22.912000,0,994
11457,11457,22.914000,0,994
11458,11458,22.916000,0,1000
11459,11459,22.918000,0,1005
11460,11460,22.920000,0,1002
11461,11461,22.922000,0,998
11462,11462,22.924000,0,996
11463,11463,22.926000,0,999
11464,11464,22.928000,0,1002
11465,11465,22.930000,0,1001
11466,11466,22.932000,0,998
11467,11467,22.934000,0,997
11468,11468,22.936000,0,1001
11469,11469,22.938000,0,1003
11470,11470,22.940000,0,1000
11471,11471,22.942000,0,995
11472,11472,22.944000,0,995
11473,11473,22.946000,0,1001
11474,11474,22.948000,0,1006
11475,11475,22.950000,0,1003
11476,11476,22.952000,0,995
11477,11477,22.954000,0,992
11478,11478,22.956000,0,998
11479,11479,22.958000,0,1004
11480,11480,22.960000,0,1005
11481,11481,22.962000,0,1000
11482,11482,22.964000,0,996
11483,11483,22.966000,0,997
11484,11484,22.968000,0,1000
11485,11485,22.970000,0,999
11486,11486,22.972000,0,997
11487,11487,22.974000,0,1000
11488,11488,22.976000,0,1005
11489,11489,22.978000,0,1004
11490,11490,22.980000,0,995
11491,11491,22.982000,0,991
11492,11492,22.984000,0,997
11493,11493,22.986000,0,1006
11494,11494,22.988000,0,1008
11495,11495,22.990000,0,1000
11496,11496,22.992000,0,992
11497,11497,22.994000,0,995
11498,11498,22.996000,0,1002
11499,11499,22.998000,0,1003
11500,11500,23.000000,0,999
11501,11501,23.002000,0,997
11502,11502,23.004000,0,1002
11503,11503,23.006000,0,1004
11504,11504,23.008000,0,998
11505,11505,23.010000,0,992
11506,11506,23.012000,0,996
11507,11507,23.014000,0,1005
11508,11508,23.016000,0,1008
11509,11509,23.018000,0,1000
11510,11510,23.020000,0,993
11511,11511,23.022000,0,994
11512,11512,23.024000,0,1001
11513,11513,23.026000,0,1004
11514,11514,23.028000,0,1001
11515,11515,23.030000,0,997
11516,11516,23.032000,0,997
11517,11517,23.034000,0,1001
11518,11518,23.036000,0,1003
11519,11519,23.038000,0,999
11520,11520,23.040000,0,995
11521,11521,23.042000,0,997
11522,11522,23.044000,0,1002
11523,11523,23.046000,0,1004
11524,11524,23.048000,0,1000
11525,11525,23.050000,0,996
11526,11526,23.052000,0,996
11527,11527,23.054000,0,1000
11528,11528,23.056000,0,1003
11529,11529,23.058000,0,1000
11530,11530,23.060000,0,997
11531,11531,23.062000,0,998
11532,11532,23.064000,0,1002
11533,11533,23.066000,0,1002
11534,11534,23.068000,0,998
11535,11535,23.070000,0,994
11536,11536,23.072000,0,998
11537,11537,23.074000,0,1005
11538,11538,23.076000,0,1006
11539,11539,23.078000,0,998
11540,11540,23.080000,0,992
11541,11541,23.082000,0,995
11542,11542,23.084000,0,1003
11543,11543,23.086000,0,1007
11544,11544,23.088000,0,1002
11545,11545,23.090000,0,995
11546,11546,23.092000,0,994
11547,11547,23.094000,0,1000
11548,11548,23.096000,0,1004
11549,11549,23.098000,0,1001
11550,11550,23.100000,0,997
11551,11551,23.102000,0,997
11552,11552,23.104000,0,1001
11553,11553,23.106000,0,1001
11554,11554,23.108000,0,999
11555,11555,23.110000,0,998
11556,11556,23.112000,0,1000
11557,11557,23.114000,0,1002
11558,11558,23.116000,0,1000
11559,11559,23.118000,0,997
11560,11560,23.120000,0,997
11561,11561,23.122000,0,1000
11562,11562,23.124000,0,1003
11563,11563,23.126000,0,1001
11564,11564,23.128000,0,996
11565,11565,23.130000,0,996
11566,11566,23.132000,0,1001
11567,11567,23.134000,0,1004
11568,11568,23.136000,0,1000
11569,11569,23.138000,0,996
11570,11570,23.140000,0,998
11571,11571,23.142000,0,1002
11572,11572,23.144000,0,1002
11573,11573,23.146000,0,998
11574,11574,23.148000,0,997
11575,11575,23.150000,0,999
11576,11576,23.152000,0,1002
11577,11577,23.154000,0,1001
11578,11578,23.156000,0,998
11579,11579,23.158000,0,998
11580,11580,23.160000,0,1000
11581,11581,23.162000,0,1001
11582,11582,23.164000,0,1000
11583,11583,23.166000,0,997
11584,11584,23.168000,0,997
11585,11585,23.170000,0,1000
11586,11586,23.172000,0,1004
11587,11587,23.174000,0,1003
11588,11588,23.176000,0,998
11589,11589,23.178000,0,994
11590,11590,23.180000,0,997
11591,11591,23.182000,0,1003
11592,11592,23.184000,0,1004
11593,11593,23.186000,0,1000
11594,11594,23.188000,0,996
11595,11595,23.190000,0,997
11596,11596,23.192000,0,1001
11597,11597,23.194000,0,1002
11598,11598,23.196000,0,999
11599,11599,23.198000,0,998
11600,11600,23.200000,0,1000
11601,11601,23.202000,0,1002
11602,11602,23.204000,0,1000
11603,11603,23.206000,0,996
11604,11604,23.208000,0,996
11605,11605,23.210000,0,1001
11606,11606,23.212000,0,1004
11607,11607,23.214000,0,1001
11608,11608,23.216000,0,996
11609,11609,23.218000,0,994
11610,11610,23.220000,0,1000
11611,11611,23.222000,0,1005
11612,11612,23.224000,0,1004
11613,11613,23.226000,0,996
11614,11614,23.228000,0,992
11615,11615,23.230000,0,997
11616,11616,23.232000,0,1006
11617,11617,23.234000,0,1007
11618,11618,23.236000,0,999
11619,11619,23.238000,0,992
11620,11620,23.240000,0,994
11621,11621,23.242000,0,1003
11622,11622,23.244000,0,1006
11623,11623,23.246000,0,1001
11624,11624,23.248000,0,995
11625,11625,23.250000,0,996
11626,11626,23.252000,0,1002
11627,11627,23.254000,0,1003
11628,11628,23.256000,0,999
11629,11629,23.258000,0,996
11630,11630,23.260000,0,1000
11631,11631,23.262000,0,1003
11632,11632,23.264000,0,1001
11633,11633,23.266000,0,996
11634,11634,23.268000,0,995
11635,11635,23.270000,0,1001
11636,11636,23.272000,0,1006
11637,11637,23.274000,0,1003
11638,11638,23.276000,0,994
11639,11639,23.278000,0,991
11640,11640,23.280000,0,999
11641,11641,23.282000,0,1008
11642,11642,23.284000,0,1007
11643,11643,23.286000,0,996
11644,11644,23.288000,0,989
11645,11645,23.290000,0,994
11646,11646,23.292000,0,1005
11647,11647,23.294000,0,1008
11648,11648,23.296000,0,1001
11649,11649,23.298000,0,993
11650,11650,23.300000,0,995
11651,11651,23.302000,0,1002
11652,11652,23.304000,0,1003
11653,11653,23.306000,0,997
11654,11654,23.308000,0,996
11655,11655,23.310000,0,1003
11656,11656,23.312000,0,1006
11657,11657,23.314000,0,999
11658,11658,23.316000,0,990
11659,11659,23.318000,0,993
11660,11660,23.320000,0,1005
11661,11661,23.322000,0,1011
11662,11662,23.324000,0,1002
11663,11663,23.326000,0,991
11664,11664,23.328000,0,990
11665,11665,23.330000,0,1001
11666,11666,23.332000,0,1008
11667,11667,23.334000,0,1004
11668,11668,23.336000,0,996
11669,11669,23.338000,0,995
11670,11670,23.340000,0,999
11671,11671,23.342000,0,1002
11672,11672,23.344000,0,1000
11673,11673,23.346000,0,998
11674,11674,23.348000,0,1000
11675,11675,23.350000,0,1002
11676,11676,23.352000,0,1001
11677,11677,23.354000,0,997
11678,11678,23.356000,0,996
11679,11679,23.358000,0,999
11680,11680,23.360000,0,1003
11681,11681,23.362000,0,1003
11682,11682,23.364000,0,999
11683,11683,23.366000,0,996
11684,11684,23.368000,0,998
11685,11685,23.370000,0,1002
11686,11686,23.372000,0,1003
11687,11687,23.374000,0,998
11688,11688,23.376000,0,995
11689,11689,23.378000,0,998
11690,11690,23.380000,0,1005
11691,11691,23.382000,0,1005
11692,11692,23.384000,0,997
11693,11693,23.386000,0,991
11694,11694,23.388000,0,996
11695,11695,23.390000,0,1007
11696,11696,23.392000,0,1009
11697,11697,23.394000,0,999
11698,11698,23.396000,0,990
11699,11699,23.398000,0,993
11700,11700,23.400000,0,1003
11701,11701,23.402000,0,1008
11702,11702,23.404000,0,1002
11703,11703,23.406000,0,996
11704,11704,23.408000,0,997
11705,11705,23.410000,0,1000
11706,11706,23.412000,0,999
11707,11707,23.414000,0,996
11708,11708,23.416000,0,1000
11709,11709,23.418000,0,1007
11710,11710,23.420000,0,1006
11711,11711,23.422000,0,995
11712,11712,23.424000,0,987
11713,11713,23.426000,0,994
11714,11714,23.428000,0,1008
11715,11715,23.430000,0,1011
11716,11716,23.432000,0,1001
11717,11717,23.434000,0,991
11718,11718,23.436000,0,993
11719,11719,23.438000,0,1001
11720,11720,23.440000,0,1005
11721,11721,23.442000,0,1001
11722,11722,23.444000,0,998
11723,11723,23.446000,0,1000
11724,11724,23.448000,0,1001
11725,11725,23.450000,0,997
11726,11726,23.452000,0,994
11727,11727,23.454000,0,999
11728,11728,23.456000,0,1007
11729,11729,23.458000,0,1006
11730,11730,23.460000,0,996
11731,11731,23.462000,0,989
11732,11732,23.464000,0,996
11733,11733,23.466000,0,1008
11734,11734,23.468000,0,1008
11735,11735,23.470000,0,997
11736,11736,23.472000,0,990
11737,11737,23.474000,0,995
11738,11738,23.476000,0,1005
11739,11739,23.478000,0,1006
11740,11740,23.480000,0,999
11741,11741,23.482000,0,994
11742,11742,23.484000,0,998
11743,11743,23.486000,0,1003
11744,11744,23.488000,0,1000
11745,11745,23.490000,0,995
11746,11746,23.492000,0,997
11747,11747,23.494000,0,1005
11748,11748,23.496000,0,1006
11749,11749,23.498000,0,997
11750,11750,23.500000,0,989
11751,11751,23.502000,0,995
11752,11752,23.504000,0,1007
11753,11753,23.506000,0,1010
11754,11754,23.508000,0,1000
11755,11755,23.510000,0,990
11756,11756,23.512000,0,992
11757,11757,23.514000,0,1002
11758,11758,23.516000,0,1007
11759,11759,23.518000,0,1003
11760,11760,23.520000,0,997
11761,11761,23.522000,0,996
11762,11762,23.524000,0,999
11763,11763,23.526000,0,999
11764,11764,23.528000,0,999
11765,11765,23.530000,0,1000
11766,11766,23.532000,0,1003
11767,11767,23.534000,0,1002
11768,11768,23.536000,0,996
11769,11769,23.538000,0,993
11770,11770,23.540000,0,998
11771,11771,23.542000,0,1007
11772,11772,23.544000,0,1006
11773,11773,23.546000,0,997
11774,11774,23.548000,0,992
11775,11775,23.550000,0,996
11776,11776,23.552000,0,1004
11777,11777,23.554000,0,1005
11778,11778,23.556000,0,999
11779,11779,23.558000,0,995
11780,11780,23.560000,0,997
11781,11781,23.562000,0,1002
11782,11782,23.564000,0,1003
11783,11783,23.566000,0,998
11784,11784,23.568000,0,996
11785,11785,23.570000,0,999
11786,11786,23.572000,0,1003
11787,11787,23.574000,0,1001
11788,11788,23.576000,0,997
11789,11789,23.578000,0,996
11790,11790,23.580000,0,1000
11791,11791,23.582000,0,1003
11792,11792,23.584000,0,1001
11793,11793,23.586000,0,997
11794,11794,23.588000,0,996
11795,11795,23.590000,0,1000
11796,11796,23.592000,0,1004
11797,11797,23.594000,0,1003
11798,11798,23.596000,0,997
11799,11799,23.598000,0,995
11800,11800,23.600000,0,998
11801,11801,23.602000,0,1003
11802,11802,23.604000,0,1004
11803,11803,23.606000,0,999
11804,11804,23.608000,0,996
11805,11805,23.610000,0,997
11806,11806,23.612000,0,1001
11807,11807,23.614000,0,1003
11808,11808,23.616000,0,999
11809,11809,23.618000,0,997
11810,11810,23.620000,0,999
11811,11811,23.622000,0,1002
11812,11812,23.624000,0,1001
11813,11813,23.626000,0,997
11814,11814,23.628000,0,996
11815,11815,23.630000,0,1000
11816,11816,23.632000,0,1003
11817,11817,23.634000,0,1002
11818,11818,23.636000,0,997
11819,11819,23.638000,0,996
11820,11820,23.640000,0,999
11821,11821,23.642000,0,1003
11822,11822,23.644000,0,1003
11823,11823,23.646000,0,997
11824,11824,23.648000,0,994
11825,11825,23.650000,0,998
11826,11826,23.652000,0,1004
11827,11827,23.654000,0,1005
11828,11828,23.656000,0,999
11829,11829,23.658000,0,994
11830,11830,23.660000,0,996
11831,11831,23.662000,0,1002
11832,11832,23.664000,0,1005
11833,11833,23.666000,0,1002
11834,11834,23.668000,0,997
11835,11835,23.670000,0,996
11836,11836,23.672000,0,999
11837,11837,23.674000,0,1002
11838,11838,23.676000,0,1001
11839,11839,23.678000,0,999
11840,11840,23.680000,0,999
11841,11841,23.682000,0,1000
11842,11842,23.684000,0,1000
11843,11843,23.686000,0,998
11844,11844,23.688000,0,998
11845,11845,23.690000,0,1001
11846,11846,23.692000,0,1002
11847,11847,23.694000,0,1000
11848,11848,23.696000,0,997
11849,11849,23.698000,0,997
11850,11850,23.700000,0,1001
11851,11851,23.702000,0,1003
11852,11852,23.704000,0,1000
11853,11853,23.706000,0,996
11854,11854,23.708000,0,996
11855,11855,23.710000,0,1001
11856,11856,23.712000,0,1004
11857,11857,23.714000,0,1001
11858,11858,23.716000,0,996
11859,11859,23.718000,0,995
11860,11860,23.720000,0,999
11861,11861,23.722000,0,1003
11862,11862,23.724000,0,1002
11863,11863,23.726000,0,998
11864,11864,23.728000,0,997
11865,11865,23.730000,0,1000
11866,11866,23.732000,0,1001
11867,11867,23.734000,0,999
11868,11868,23.736000,0,997
11869,11869,23.738000,0,999
11870,11870,23.740000,0,1002
11871,11871,23.742000,0,1002
11872,11872,23.744000,0,997
11873,11873,23.746000,0,995
11874,11874,23.748000,0,999
11875,11875,23.750000,0,1004
11876,11876,23.752000,0,1004
11877,11877,23.754000,0,998
11878,11878,23.756000,0,994
11879,11879,23.758000,0,997
11880,11880,23.760000,0,1002
11881,11881,23.762000,0,1004
11882,11882,23.764000,0,1000
11883,11883,23.766000,0,997
11884,11884,23.768000,0,997
11885,11885,23.770000,0,999
11886,11886,23.772000,0,1000
11887,11887,23.774000,0,1000
11888,11888,23.776000,0,1001
11889,11889,23.778000,0,1002
11890,11890,23.780000,0,999
11891,11891,23.782000,0,995
11892,11892,23.784000,0,994
11893,11893,23.786000,0,1001
11894,11894,23.788000,0,1008
11895,11895,23.790000,0,1006
11896,11896,23.792000,0,996
11897,11897,23.794000,0,990
11898,11898,23.796000,0,995
11899,11899,23.798000,0,1005
11900,11900,23.800000,0,1007
11901,11901,23.802000,0,1001
11902,11902,23.804000,0,994
11903,11903,23.806000,0,995
11904,11904,23.808000,0,1001
11905,11905,23.810000,0,1002
11906,11906,23.812000,0,998
11907,11907,23.814000,0,997
11908,11908,23.816000,0,1002
11909,11909,23.818000,0,1004
11910,11910,23.820000,0,998
11911,11911,23.822000,0,993
11912,11912,23.824000,0,996
11913,11913,23.826000,0,1004
11914,11914,23.828000,0,1007
11915,11915,23.830000,0,1000
11916,11916,23.832000,0,993
11917,11917,23.834000,0,995
11918,11918,23.836000,0,1002
11919,11919,23.838000,0,1005
11920,11920,23.840000,0,1000
11921,11921,23.842000,0,996
11922,11922,23.844000,0,997
11923,11923,23.846000,0,1002
11924,11924,23.848000,0,1002
11925,11925,23.850000,0,997
11926,11926,23.852000,0,995
11927,11927,23.854000,0,1001
11928,11928,23.856000,0,1006
11929,11929,23.858000,0,1001
11930,11930,23.860000,0,993
11931,11931,23.862000,0,993
11932,11932,23.864000,0,1003
11933,11933,23.866000,0,1009
11934,11934,23.868000,0,1003
11935,11935,23.870000,0,993
11936,11936,23.872000,0,991
11937,11937,23.874000,0,1000
11938,11938,23.876000,0,1007
11939,11939,23.878000,0,1004
11940,11940,23.880000,0,996
11941,11941,23.882000,0,994
11942,11942,23.884000,0,999
11943,11943,23.886000,0,1003
11944,11944,23.888000,0,1000
11945,11945,23.890000,0,997
11946,11946,23.892000,0,999
11947,11947,23.894000,0,1003
11948,11948,23.896000,0,1001
11949,11949,23.898000,0,996
11950,11950,23.900000,0,996
11951,11951,23.902000,0,1001
11952,11952,23.904000,0,1004
11953,11953,23.906000,0,1001
11954,11954,23.908000,0,996
11955,11955,23.910000,0,996
11956,11956,23.912000,0,1000
11957,11957,23.914000,0,1003
11958,11958,23.916000,0,1001
11959,11959,23.918000,0,997
11960,11960,23.920000,0,997
11961,11961,23.922000,0,1002
11962,11962,23.924000,0,1003
11963,11963,23.926000,0,999
11964,11964,23.928000,0,995
11965,11965,23.930000,0,998
11966,11966,23.932000,0,1004
11967,11967,23.934000,0,1003
11968,11968,23.936000,0,997
11969,11969,23.938000,0,994
11970,11970,23.940000,0,998
11971,11971,23.942000,0,1004
11972,11972,23.944000,0,1003
11973,11973,23.946000,0,998
11974,11974,23.948000,0,996
11975,11975,23.950000,0,1000
11976,11976,23.952000,0,1002
11977,11977,23.954000,0,1000
11978,11978,23.956000,0,996
11979,11979,23.958000,0,997
11980,11980,23.960000,0,1002
11981,11981,23.962000,0,1004
11982,11982,23.964000,0,1000
11983,11983,23.966000,0,994
11984,11984,23.968000,0,995
11985,11985,23.970000,0,1002
11986,11986,23.972000,0,1006
11987,11987,23.974000,0,1003
11988,11988,23.976000,0,996
11989,11989,23.978000,0,995
11990,11990,23.980000,0,998
11991,11991,23.982000,0,1002
11992,11992,23.984000,0,1002
11993,11993,23.986000,0,1000
11994,11994,23.988000,0,998
11995,11995,23.990000,0,998
11996,11996,23.992000,0,999
11997,11997,23.994000,0,999
11998,11998,23.996000,0,999
11999,11999,23.998000,0,1000
12000,12000,24.000000,0,1002
12001,12001,24.002000,0,1001
12002,12002,24.004000,0,998
12003,12003,24.006000,0,996
12004,12004,24.008000,0,999
12005,12005,24.010000,0,1003
12006,12006,24.012000,0,1003
12007,12007,24.014000,0,999
12008,12008,24.016000,0,996
12009,12009,24.018000,0,997
12010,12010,24.020000,0,1001
12011,12011,24.022000,0,1002
12012,12012,24.024000,0,1000
12013,12013,24.026000,0,999
12014,12014,24.028000,0,999
12015,12015,24.030000,0,999
12016,12016,24.032000,0,999
12017,12017,24.034000,0,998
12018,12018,24.036000,0,1000
12019,12019,24.038000,0,1003
12020,12020,24.040000,0,1002
12021,12021,24.042000,0,997
12022,12022,24.044000,0,994
12023,12023,24.046000,0,998
12024,12024,24.048000,0,1005
12025,12025,24.050000,0,1006
12026,12026,24.052000,0,999
12027,12027,24.054000,0,992
12028,12028,24.056000,0,994
12029,12029,24.058000,0,1002
12030,12030,24.060000,0,1006
12031,12031,24.062000,0,1002
12032,12032,24.064000,0,997
12033,12033,24.066000,0,996
12034,12034,24.068000,0,999
12035,12035,24.070000,0,1001
12036,12036,24.072000,0,1000
12037,12037,24.074000,0,1000
12038,12038,24.076000,0,1002
12039,12039,24.078000,0,1002
12040,12040,24.080000,0,997
12041,12041,24.082000,0,993
12042,12042,24.084000,0,998
12043,12043,24.086000,0,1006
12044,12044,24.088000,0,1007
12045,12045,24.090000,0,998
12046,12046,24.092000,0,991
12047,12047,24.094000,0,995
12048,12048,24.096000,0,1004
12049,12049,24.098000,0,1007
12050,12050,24.100000,0,1001
12051,12051,24.102000,0,995
12052,12052,24.104000,0,995
12053,12053,24.106000,0,1000
12054,12054,24.108000,0,1002
12055,12055,24.110000,0,1000
12056,12056,24.112000,0,998
12057,12057,24.114000,0,1001
12058,12058,24.116000,0,1002
12059,12059,24.118000,0,998
12060,12060,24.120000,0,995
12061,12061,24.122000,0,997
12062,12062,24.124000,0,1004
12063,12063,24.126000,0,1006
12064,12064,24.128000,0,999
12065,12065,24.130000,0,992
12066,12066,24.132000,0,995
12067,12067,24.134000,0,1003
12068,12068,24.136000,0,1006
12069,12069,24.138000,0,1001
12070,12070,24.140000,0,995
12071,12071,24.142000,0,996
12072,12072,24.144000,0,1001
12073,12073,24.146000,0,1002
12074,12074,24.148000,0,999
12075,12075,24.150000,0,997
12076,12076,24.152000,0,1001
12077,12077,24.154000,0,1003
12078,12078,24.156000,0,999
12079,12079,24.158000,0,993
12080,12080,24.160000,0,996
12081,12081,24.162000,0,1005
12082,12082,24.164000,0,1007
12083,12083,24.166000,0,1000
12084,12084,24.168000,0,992
12085,12085,24.170000,0,994
12086,12086,24.172000,0,1002
12087,12087,24.174000,0,1007
12088,12088,24.176000,0,1002
12089,12089,24.178000,0,995
12090,12090,24.180000,0,995
12091,12091,24.182000,0,1000
12092,12092,24.184000,0,1002
12093,12093,24.186000,0,1000
12094,12094,24.188000,0,998
12095,12095,24.190000,0,1000
12096,12096,24.192000,0,1002
12097,12097,24.194000,0,999
12098,12098,24.196000,0,996
12099,12099,24.198000,0,998
12100,12100,24.200000,0,1002
12101,12101,24.202000,0,1002
12102,12102,24.204000,0,999
12103,12103,24.206000,0,997
12104,12104,24.208000,0,999
12105,12105,24.210000,0,1002
12106,12106,24.212000,0,1002
12107,12107,24.214000,0,998
12108,12108,24.216000,0,996
12109,12109,24.218000,0,998
12110,12110,24.220000,0,1003
12111,12111,24.222000,0,1003
12112,12112,24.224000,0,999
12113,12113,24.226000,0,996
12114,12114,24.228000,0,998
12115,12115,24.230000,0,1001
12116,12116,24.232000,0,1002
12117,12117,24.234000,0,999
12118,12118,24.236000,0,998
12119,12119,24.238000,0,1000
12120,12120,24.240000,0,1001
12121,12121,24.242000,0,1000
12122,12122,24.244000,0,998
12123,12123,24.246000,0,997
12124,12124,24.248000,0,1000
12125,12125,24.250000,0,1003
12126,12126,24.252000,0,1002
12127,12127,24.254000,0,996
12128,12128,24.256000,0,994
12129,12129,24.258000,0,999
12130,12130,24.260000,0,1005
12131,12131,24.262000,0,1004
12132,12132,24.264000,0,998
12133,12133,24.266000,0,994
12134,12134,24.268000,0,997
12135,12135,24.270000,0,1002
12136,12136,24.272000,0,1003
12137,12137,24.274000,0,1000
12138,12138,24.276000,0,997
12139,12139,24.278000,0,999
12140,12140,24.280000,0,1001
12141,12141,24.282000,0,999
12142,12142,24.284000,0,997
12143,12143,24.286000,0,998
12144,12144,24.288000,0,1002
12145,12145,24.290000,0,1003
12146,12146,24.292000,0,999
12147,12147,24.294000,0,994
12148,12148,24.296000,0,997
12149,12149,24.298000,0,1003
12150,12150,24.300000,0,1005
12151,12151,24.302000,0,999
12152,12152,24.304000,0,994
12153,12153,24.306000,0,997
12154,12154,24.308000,0,1004
12155,12155,24.310000,0,1004
12156,12156,24.312000,0,998
12157,12157,24.314000,0,994
12158,12158,24.316000,0,997
12159,12159,24.318000,0,1003
12160,12160,24.320000,0,1003
12161,12161,24.322000,0,1000
12162,12162,24.324000,0,998
12163,12163,24.326000,0,999
12164,12164,24.328000,0,999
12165,12165,24.330000,0,998
12166,12166,24.332000,0,998
12167,12167,24.334000,0,1002
12168,12168,24.336000,0,1005
12169,12169,24.338000,0,1002
12170,12170,24.340000,0,994
12171,12171,24.342000,0,992
12172,12172,24.344000,0,999
12173,12173,24.346000,0,1006
12174,12174,24.348000,0,1004
12175,12175,24.350000,0,998
12176,12176,24.352000,0,996
12177,12177,24.354000,0,999
12178,12178,24.356000,0,1001
12179,12179,24.358000,0,999
12180,12180,24.360000,0,997
12181,12181,24.362000,0,1000
12182,12182,24.364000,0,1004
12183,12183,24.366000,0,1002
12184,12184,24.368000,0,997
12185,12185,24.370000,0,994
12186,12186,24.372000,0,998
12187,12187,24.374000,0,1005
12188,12188,24.376000,0,1004
12189,12189,24.378000,0,998
12190,12190,24.380000,0,993
12191,12191,24.382000,0,997
12192,12192,24.384000,0,1003
12193,12193,24.386000,0,1004
12194,12194,24.388000,0,1000
12195,12195,24.390000,0,996
12196,12196,24.392000,0,997
12197,12197,24.394000,0,1000
12198,12198,24.396000,0,1002
12199,12199,24.398000,0,1001
12200,12200,24.400000,0,999
12201,12201,24.402000,0,999
12202,12202,24.404000,0,999
12203,12203,24.406000,0,998
12204,12204,24.408000,0,998
12205,12205,24.410000,0,1001
12206,12206,24.412000,0,1003
12207,12207,24.414000,0,1001
12208,12208,24.416000,0,997
12209,12209,24.418000,0,995
12210,12210,24.420000,0,999
12211,12211,24.422000,0,1003
12212,12212,24.424000,0,1002
12213,12213,24.426000,0,999
12214,12214,24.428000,0,998
12215,12215,24.430000,0,999
12216,12216,24.432000,0,999
12217,12217,24.434000,0,998
12218,12218,24.436000,0,999
12219,12219,24.438000,0,1001
12220,12220,24.440000,0,1002
12221,12221,24.442000,0,1000
12222,12222,24.444000,0,996
12223,12223,24.446000,0,996
12224,12224,24.448000,0,1000
12225,12225,24.450000,0,1004
12226,12226,24.452000,0,1002
12227,12227,24.454000,0,996
12228,12228,24.456000,0,994
12229,12229,24.458000,0,999
12230,12230,24.460000,0,1004
12231,12231,24.462000,0,1002
12232,12232,24.464000,0,997
12233,12233,24.466000,0,997
12234,12234,24.468000,0,1001
12235,12235,24.470000,0,1001
12236,12236,24.472000,0,998
12237,12237,24.474000,0,997
12238,12238,24.476000,0,999
12239,12239,24.478000,0,1003
12240,12240,24.480000,0,1002
12241,12241,24.482000,0,998
12242,12242,24.484000,0,996
12243,12243,24.486000,0,999
12244,12244,24.488000,0,1002
12245,12245,24.490000,0,1001
12246,12246,24.492000,0,997
12247,12247,24.494000,0,996
12248,12248,24.496000,0,1000
12249,12249,24.498000,0,1004
12250,12250,24.500000,0,1002
12251,12251,24.502000,0,997
12252,12252,24.504000,0,995
12253,12253,24.506000,0,999
12254,12254,24.508000,0,1004
12255,12255,24.510000,0,1003
12256,12256,24.512000,0,998
12257,12257,24.514000,0,996
12258,12258,24.516000,0,999
12259,12259,24.518000,0,1002
12260,12260,24.520000,0,1000
12261,12261,24.522000,0,997
12262,12262,24.524000,0,998
12263,12263,24.526000,0,1003
12264,12264,24.528000,0,1003
12265,12265,24.530000,0,997
12266,12266,24.532000,0,993
12267,12267,24.534000,0,998
12268,12268,24.536000,0,1006
12269,12269,24.538000,0,1006
12270,12270,24.540000,0,997
12271,12271,24.542000,0,991
12272,12272,24.544000,0,997
12273,12273,24.546000,0,1006
12274,12274,24.548000,0,1006
12275,12275,24.550000,0,998
12276,12276,24.552000,0,993
12277,12277,24.554000,0,997
12278,12278,24.556000,0,1004
12279,12279,24.558000,0,1004
12280,12280,24.560000,0,999
12281,12281,24.562000,0,996
12282,12282,24.564000,0,998
12283,12283,24.566000,0,1001
12284,12284,24.568000,0,1000
12285,12285,24.570000,0,998
12286,12286,24.572000,0,1000
12287,12287,24.574000,0,1004
12288,12288,24.576000,0,1003
12289,12289,24.578000,0,995
12290,12290,24.580000,0,991
12291,12291,24.582000,0,998
12292,12292,24.584000,0,1008
12293,12293,24.586000,0,1008
12294,12294,24.588000,0,998
12295,12295,24.590000,0,989
12296,12296,24.592000,0,993
12297,12297,24.594000,0,1003
12298,12298,24.596000,0,1008
12299,12299,24.598000,0,1003
12300,12300,24.600000,0,996
12301,12301,24.602000,0,995
12302,12302,24.604000,0,999
12303,12303,24.606000,0,1000
12304,12304,24.608000,0,999
12305,12305,24.610000,0,1000
12306,12306,24.612000,0,1004
12307,12307,24.614000,0,1003
12308,12308,24.616000,0,996
12309,12309,24.618000,0,991
12310,12310,24.620000,0,996
12311,12311,24.622000,0,1006
12312,12312,24.624000,0,1008
12313,12313,24.626000,0,1000
12314,12314,24.628000,0,992
12315,12315,24.630000,0,994
12316,12316,24.632000,0,1002
12317,12317,24.634000,0,1005
12318,12318,24.636000,0,1001
12319,12319,24.638000,0,998
12320,12320,24.640000,0,999
12321,12321,24.642000,0,1001
12322,12322,24.644000,0,998
12323,12323,24.646000,0,995
12324,12324,24.648000,0,999
12325,12325,24.650000,0,1005
12326,12326,24.652000,0,1006
12327,12327,24.654000,0,997
12328,12328,24.656000,0,990
12329,12329,24.658000,0,995
12330,12330,24.660000,0,1006
12331,12331,24.662000,0,1009
12332,12332,24.664000,0,1000
12333,12333,24.666000,0,991
12334,12334,24.668000,0,994
12335,12335,24.670000,0,1002
12336,12336,24.672000,0,1006
12337,12337,24.674000,0,1001
12338,12338,24.676000,0,996
12339,12339,24.678000,0,998
12340,12340,24.680000,0,1002
12341,12341,24.682000,0,1000
12342,12342,24.684000,0,995
12343,12343,24.686000,0,997
12344,12344,24.688000,0,1005
12345,12345,24.690000,0,1007
12346,12346,24.692000,0,998
12347,12347,24.694000,0,989
12348,12348,24.696000,0,994
12349,12349,24.698000,0,1006
12350,12350,24.700000,0,1010
12351,12351,24.702000,0,1000
12352,12352,24.704000,0,991
12353,12353,24.706000,0,993
12354,12354,24.708000,0,1002
12355,12355,24.710000,0,1006
12356,12356,24.712000,0,1001
12357,12357,24.714000,0,996
12358,12358,24.716000,0,998
12359,12359,24.718000,0,1002
12360,12360,24.720000,0,1001
12361,12361,24.722000,0,996
12362,12362,24.724000,0,997
12363,12363,24.726000,0,1003
12364,12364,24.728000,0,1005
12365,12365,24.730000,0,998
12366,12366,24.732000,0,992
12367,12367,24.734000,0,996
12368,12368,24.736000,0,1005
12369,12369,24.738000,0,1007
12370,12370,24.740000,0,999
12371,12371,24.742000,0,992
12372,12372,24.744000,0,996
12373,12373,24.746000,0,1003
12374,12374,24.748000,0,1005
12375,12375,24.750000,0,1000
12376,12376,24.752000,0,995
12377,12377,24.754000,0,996
12378,12378,24.756000,0,1002
12379,12379,24.758000,0,1004
12380,12380,24.760000,0,1000
12381,12381,24.762000,0,997
12382,12382,24.764000,0,997
12383,12383,24.766000,0,1000
12384,12384,24.768000,0,1001
12385,12385,24.770000,0,1000
12386,12386,24.772000,0,999
12387,12387,24.774000,0,1000
12388,12388,24.776000,0,1001
12389,12389,24.778000,0,1000
12390,12390,24.780000,0,997
12391,12391,24.782000,0,996
12392,12392,24.784000,0,1000
12393,12393,24.786000,0,1005
12394,12394,24.788000,0,1004
12395,12395,24.790000,0,996
12396,12396,24.792000,0,991
12397,12397,24.794000,0,997
12398,12398,24.796000,0,1007
12399,12399,24.798000,0,1008
12400,12400,24.800000,0,999
12401,12401,24.802000,0,990
12402,12402,24.804000,0,994
12403,12403,24.806000,0,1004
12404,12404,24.808000,0,1007
12405,12405,24.810000,0,1001
12406,12406,24.812000,0,994
12407,12407,24.814000,0,995
12408,12408,24.816000,0,1002
12409,12409,24.818000,0,1004
12410,12410,24.820000,0,999
12411,12411,24.822000,0,995
12412,12412,24.824000,0,998
12413,12413,24.826000,0,1003
12414,12414,24.828000,0,1002
12415,12415,24.830000,0,998
12416,12416,24.832000,0,996
12417,12417,24.834000,0,999
12418,12418,24.836000,0,1003
12419,12419,24.838000,0,1001
12420,12420,24.840000,0,997
12421,12421,24.842000,0,996
12422,12422,24.844000,0,1001
12423,12423,24.846000,0,1005
12424,12424,24.848000,0,1003
12425,12425,24.850000,0,994
12426,12426,24.852000,0,991
12427,12427,24.854000,0,999
12428,12428,24.856000,0,1008
12429,12429,24.858000,0,1007
12430,12430,24.860000,0,997
12431,12431,24.862000,0,990
12432,12432,24.864000,0,995
12433,12433,24.866000,0,1005
12434,12434,24.868000,0,1006
12435,12435,24.870000,0,999
12436,12436,24.872000,0,995
12437,12437,24.874000,0,1000
12438,12438,24.876000,0,1003
12439,12439,24.878000,0,999
12440,12440,24.880000,0,994
12441,12441,24.882000,0,996
12442,12442,24.884000,0,1004
12443,12443,24.886000,0,1006
12444,12444,24.888000,0,1000
12445,12445,24.890000,0,994
12446,12446,24.892000,0,995
12447,12447,24.894000,0,1000
12448,12448,24.896000,0,1004
12449,12449,24.898000,0,1002
12450,12450,24.900000,0,998
12451,12451,24.902000,0,996
12452,12452,24.904000,0,999
12453,12453,24.906000,0,1002
12454,12454,24.908000,0,1001
12455,12455,24.910000,0,998
12456,12456,24.912000,0,998
12457,12457,24.914000,0,1000
12458,12458,24.916000,0,1001
12459,12459,24.918000,0,999
12460,12460,24.920000,0,998
12461,12461,24.922000,0,999
12462,12462,24.924000,0,1001
12463,12463,24.926000,0,1001
12464,12464,24.928000,0,998
12465,12465,24.930000,0,997
12466,12466,24.932000,0,999
12467,12467,24.934000,0,1002
12468,12468,24.936000,0,1003
12469,12469,24.938000,0,999
12470,12470,24.940000,0,995
12471,12471,24.942000,0,997
12472,12472,24.944000,0,1002
12473,12473,24.946000,0,1004
12474,12474,24.948000,0,1001
12475,12475,24.950000,0,996
12476,12476,24.952000,0,995
12477,12477,24.954000,0,999
12478,12478,24.956000,0,1005
12479,12479,24.958000,0,1004
12480,12480,24.960000,0,998
12481,12481,24.962000,0,993
12482,12482,24.964000,0,997
12483,12483,24.966000,0,1004
12484,12484,24.968000,0,1006
12485,12485,24.970000,0,1000
12486,12486,24.972000,0,994
12487,12487,24.974000,0,996
12488,12488,24.976000,0,1002
12489,12489,24.978000,0,1004
12490,12490,24.980000,0,1000
12491,12491,24.982000,0,995
12492,12492,24.984000,0,997
12493,12493,24.986000,0,1003
12494,12494,24.988000,0,1004
12495,12495,24.990000,0,999
12496,12496,24.992000,0,995
12497,12497,24.994000,0,996
12498,12498,24.996000,0,1001
12499,12499,24.998000,0,1003
12500,12500,25.000000,0,1001
12501,12501,25.002000,0,998
12502,12502,25.004000,0,997
12503,12503,25.006000,0,999
12504,12504,25.008000,0,1000
12505,12505,25.010000,0,1000
12506,12506,25.012000,0,999
12507,12507,25.014000,0,999
12508,12508,25.016000,0,1000
12509,12509,25.018000,0,1000
12510,12510,25.020000,0,999
12511,12511,25.022000,0,999
12512,12512,25.024000,0,999
12513,12513,25.026000,0,1000
12514,12514,25.028000,0,1001
12515,12515,25.030000,0,1000
12516,12516,25.032000,0,997
12517,12517,25.034000,0,996
12518,12518,25.036000,0,1000
12519,12519,25.038000,0,1004
12520,12520,25.040000,0,1003
12521,12521,25.042000,0,998
12522,12522,25.044000,0,994
12523,12523,25.046000,0,997
12524,12524,25.048000,0,1003
12525,12525,25.050000,0,1006
12526,12526,25.052000,0,1001
12527,12527,25.054000,0,994
12528,12528,25.056000,0,993
12529,12529,25.058000,0,1000
12530,12530,25.060000,0,1006
12531,12531,25.062000,0,1005
12532,12532,25.064000,0,998
12533,12533,25.066000,0,994
12534,12534,25.068000,0,996
12535,12535,25.070000,0,1002
12536,12536,25.072000,0,1004
12537,12537,25.074000,0,1000
12538,12538,25.076000,0,997
12539,12539,25.078000,0,998
12540,12540,25.080000,0,1001
12541,12541,25.082000,0,1001
12542,12542,25.084000,0,998
12543,12543,25.086000,0,997
12544,12544,25.088000,0,1000
12545,12545,25.090000,0,1002
12546,12546,25.092000,0,1001
12547,12547,25.094000,0,997
12548,12548,25.096000,0,995
12549,12549,25.098000,0,999
12550,12550,25.100000,0,1004
12551,12551,25.102000,0,1004
12552,12552,25.104000,0,998
12553,12553,25.106000,0,994
12554,12554,25.108000,0,996
12555,12555,25.110000,0,1002
12556,12556,25.112000,0,1004
12557,12557,25.114000,0,1001
12558,12558,25.116000,0,997
12559,12559,25.118000,0,996
12560,12560,25.120000,0,1000
12561,12561,25.122000,0,1003
12562,12562,25.124000,0,1002
12563,12563,25.126000,0,997
12564,12564,25.128000,0,995
12565,12565,25.130000,0,999
12566,12566,25.132000,0,1005
12567,12567,25.134000,0,1005
12568,12568,25.136000,0,998
12569,12569,25.138000,0,993
12570,12570,25.140000,0,996
12571,12571,25.142000,0,1003
12572,12572,25.144000,0,1005
12573,12573,25.146000,0,999
12574,12574,25.148000,0,996
12575,12575,25.150000,0,999
12576,12576,25.152000,0,1002
12577,12577,25.154000,0,1000
12578,12578,25.156000,0,996
12579,12579,25.158000,0,997
12580,12580,25.160000,0,1003
12581,12581,25.162000,0,1006
12582,12582,25.164000,0,1000
12583,12583,25.166000,0,993
12584,12584,25.168000,0,994
12585,12585,25.170000,0,1002
12586,12586,25.172000,0,1006
12587,12587,25.174000,0,1002
12588,12588,25.176000,0,996
12589,12589,25.178000,0,995
12590,12590,25.180000,0,999
12591,12591,25.182000,0,1002
12592,12592,25.184000,0,1000
12593,12593,25.186000,0,997
12594,12594,25.188000,0,999
12595,12595,25.190000,0,1003
12596,12596,25.192000,0,1001
12597,12597,25.194000,0,996
12598,12598,25.196000,0,995
12599,12599,25.198000,0,1001
12600,12600,25.200000,0,1006
12601,12601,25.202000,0,1002
12602,12602,25.204000,0,995
12603,12603,25.206000,0,994
12604,12604,25.208000,0,1001
12605,12605,25.210000,0,1006
12606,12606,25.212000,0,1002
12607,12607,25.214000,0,994
12608,12608,25.216000,0,992
12609,12609,25.218000,0,1001
12610,12610,25.220000,0,1009
12611,12611,25.222000,0,1005
12612,12612,25.224000,0,994
12613,12613,25.226000,0,990
12614,12614,25.228000,0,997
12615,12615,25.230000,0,1007
12616,12616,25.232000,0,1007
12617,12617,25.234000,0,999
12618,12618,25.236000,0,992
12619,12619,25.238000,0,996
12620,12620,25.240000,0,1002
12621,12621,25.242000,0,1004
12622,12622,25.244000,0,999
12623,12623,25.246000,0,997
12624,12624,25.248000,0,1000
12625,12625,25.250000,0,1002
12626,12626,25.252000,0,1000
12627,12627,25.254000,0,996
12628,12628,25.256000,0,997
12629,12629,25.258000,0,1000
12630,12630,25.260000,0,1003
12631,12631,25.262000,0,1001
12632,12632,25.264000,0,998
12633,12633,25.266000,0,997
12634,12634,25.268000,0,999
12635,12635,25.270000,0,1001
12636,12636,25.272000,0,1000
12637,12637,25.274000,0,999
12638,12638,25.276000,0,999
12639,12639,25.278000,0,1001
12640,12640,25.280000,0,1001
12641,12641,25.282000,0,997
12642,12642,25.284000,0,996
12643,12643,25.286000,0,1000
12644,12644,25.288000,0,1005
12645,12645,25.290000,0,1003
12646,12646,25.292000,0,996
12647,12647,25.294000,0,994
12648,12648,25.296000,0,998
12649,12649,25.298000,0,1004
12650,12650,25.300000,0,1004
12651,12651,25.302000,0,999
12652,12652,25.304000,0,995
12653,12653,25.306000,0,997
12654,12654,25.308000,0,1003
12655,12655,25.310000,0,1004
12656,12656,25.312000,0,998
12657,12657,25.314000,0,994
12658,12658,25.316000,0,997
12659,12659,25.318000,0,1004
12660,12660,25.320000,0,1006
12661,12661,25.322000,0,1000
12662,12662,25.324000,0,993
12663,12663,25.326000,0,994
12664,12664,25.328000,0,1001
12665,12665,25.330000,0,1007
12666,12666,25.332000,0,1003
12667,12667,25.334000,0,996
12668,12668,25.336000,0,995
12669,12669,25.338000,0,999
12670,12670,25.340000,0,1001
12671,12671,25.342000,0,1000
12672,12672,25.344000,0,999
12673,12673,25.346000,0,1002
12674,12674,25.348000,0,1003
12675,12675,25.350000,0,998
12676,12676,25.352000,0,993
12677,12677,25.354000,0,997
12678,12678,25.356000,0,1004
12679,12679,25.358000,0,1006
12680,12680,25.360000,0,1000
12681,12681,25.362000,0,994
12682,12682,25.364000,0,995
12683,12683,25.366000,0,1001
12684,12684,25.368000,0,1005
12685,12685,25.370000,0,1001
12686,12686,25.372000,0,996
12687,12687,25.374000,0,995
12688,12688,25.376000,0,1000
12689,12689,25.378000,0,1004
12690,12690,25.380000,0,1003
12691,12691,25.382000,0,997
12692,12692,25.384000,0,995
12693,12693,25.386000,0,997
12694,12694,25.388000,0,1002
12695,12695,25.390000,0,1004
12696,12696,25.392000,0,1001
12697,12697,25.394000,0,997
12698,12698,25.396000,0,997
12699,12699,25.398000,0,1000
12700,12700,25.400000,0,1001
12701,12701,25.402000,0,998
12702,12702,25.404000,0,998
12703,12703,25.406000,0,1002
12704,12704,25.408000,0,1003
12705,12705,25.410000,0,999
12706,12706,25.412000,0,994
12707,12707,25.414000,0,996
12708,12708,25.416000,0,1003
12709,12709,25.418000,0,1005
12710,12710,25.420000,0,1001
12711,12711,25.422000,0,996
12712,12712,25.424000,0,996
12713,12713,25.426000,0,1000
12714,12714,25.428000,0,1003
12715,12715,25.430000,0,1001
12716,12716,25.432000,0,997
12717,12717,25.434000,0,997
12718,12718,25.436000,0,1001
12719,12719,25.438000,0,1002
12720,12720,25.440000,0,999
12721,12721,25.442000,0,997
12722,12722,25.444000,0,999
12723,12723,25.446000,0,1003
12724,12724,25.448000,0,1002
12725,12725,25.450000,0,997
12726,12726,25.452000,0,995
12727,12727,25.454000,0,1000
12728,12728,25.456000,0,1004
12729,12729,25.458000,0,1003
12730,12730,25.460000,0,996
12731,12731,25.462000,0,994
12732,12732,25.464000,0,999
12733,12733,25.466000,0,1005
12734,12734,25.468000,0,1005
12735,12735,25.470000,0,997
12736,12736,25.472000,0,992
12737,12737,25.474000,0,997
12738,12738,25.476000,0,1006
12739,12739,25.478000,0,1007
12740,12740,25.480000,0,998
12741,12741,25.482000,0,992
12742,12742,25.484000,0,996
12743,12743,25.486000,0,1003
12744,12744,25.488000,0,1005
12745,12745,25.490000,0,1000
12746,12746,25.492000,0,996
12747,12747,25.494000,0,998
12748,12748,25.496000,0,1001
12749,12749,25.498000,0,1000
12750,12750,25.500000,0,996
12751,12751,25.502000,0,998
12752,12752,25.504000,0,1004
12753,12753,25.506000,0,1006
12754,12754,25.508000,0,998
12755,12755,25.510000,0,990
12756,12756,25.512000,0,994
12757,12757,25.514000,0,1006
12758,12758,25.516000,0,1010
12759,12759,25.518000,0,1001
12760,12760,25.520000,0,991
12761,12761,25.522000,0,992
12762,12762,25.524000,0,1001
12763,12763,25.526000,0,1007
12764,12764,25.528000,0,1003
12765,12765,25.530000,0,996
12766,12766,25.532000,0,995
12767,12767,25.534000,0,999
12768,12768,25.536000,0,1003
12769,12769,25.538000,0,1001
12770,12770,25.540000,0,998
12771,12771,25.542000,0,999
12772,12772,25.544000,0,1001
12773,12773,25.546000,0,1000
12774,12774,25.548000,0,998
12775,12775,25.550000,0,998
12776,12776,25.552000,0,1001
12777,12777,25.554000,0,1003
12778,12778,25.556000,0,1000
12779,12779,25.558000,0,996
12780,12780,25.560000,0,996
12781,12781,25.562000,0,1001
12782,12782,25.564000,0,1005
12783,12783,25.566000,0,1002
12784,12784,25.568000,0,995
12785,12785,25.570000,0,992
12786,12786,25.572000,0,999
12787,12787,25.574000,0,1007
12788,12788,25.576000,0,1007
12789,12789,25.578000,0,998
12790,12790,25.580000,0,991
12791,12791,25.582000,0,995
12792,12792,25.584000,0,1003
12793,12793,25.586000,0,1005
12794,12794,25.588000,0,1000
12795,12795,25.590000,0,997
12796,12796,25.592000,0,999
12797,12797,25.594000,0,1001
12798,12798,25.596000,0,998
12799,12799,25.598000,0,994
12800,12800,25.600000,0,998
12801,12801,25.602000,0,1007
12802,12802,25.604000,0,1008
12803,12803,25.606000,0,997
12804,12804,25.608000,0,988
12805,12805,25.610000,0,993
12806,12806,25.612000,0,1006
12807,12807,25.614000,0,1011
12808,12808,25.616000,0,1002
12809,12809,25.618000,0,992
12810,12810,25.620000,0,993
12811,12811,25.622000,0,1001
12812,12812,25.624000,0,1005
12813,12813,25.626000,0,1001
12814,12814,25.628000,0,996
12815,12815,25.630000,0,999
12816,12816,25.632000,0,1003
12817,12817,25.634000,0,1001
12818,12818,25.636000,0,995
12819,12819,25.638000,0,995
12820,12820,25.640000,0,1001
12821,12821,25.642000,0,1006
12822,12822,25.644000,0,1003
12823,12823,25.646000,0,995
12824,12824,25.648000,0,993
12825,12825,25.650000,0,999
12826,12826,25.652000,0,1006
12827,12827,25.654000,0,1004
12828,12828,25.656000,0,996
12829,12829,25.658000,0,992
12830,12830,25.660000,0,998
12831,12831,25.662000,0,1007
12832,12832,25.664000,0,1006
12833,12833,25.666000,0,997
12834,12834,25.668000,0,991
12835,12835,25.670000,0,996
12836,12836,25.672000,0,1005
12837,12837,25.674000,0,1006
12838,12838,25.676000,0,1000
12839,12839,25.678000,0,994
12840,12840,25.680000,0,996
12841,12841,25.682000,0,1002
12842,12842,25.684000,0,1003
12843,12843,25.686000,0,1000
12844,12844,25.688000,0,997
12845,12845,25.690000,0,999
12846,12846,25.692000,0,1001
12847,12847,25.694000,0,1000
12848,12848,25.696000,0,998
12849,12849,25.698000,0,998
12850,12850,25.700000,0,1001
12851,12851,25.702000,0,1002
12852,12852,25.704000,0,999
12853,12853,25.706000,0,997
12854,12854,25.708000,0,997
12855,12855,25.710000,0,1001
12856,12856,25.712000,0,1004
12857,12857,25.714000,0,1001
12858,12858,25.716000,0,995
12859,12859,25.718000,0,993
12860,12860,25.720000,0,999
12861,12861,25.722000,0,1007
12862,12862,25.724000,0,1006
12863,12863,25.726000,0,997
12864,12864,25.728000,0,991
12865,12865,25.730000,0,995
12866,12866,25.732000,0,1004
12867,12867,25.734000,0,1007
12868,12868,25.736000,0,1001
12869,12869,25.738000,0,995
12870,12870,25.740000,0,997
12871,12871,25.742000,0,1001
12872,12872,25.744000,0,1000
12873,12873,25.746000,0,997
12874,12874,25.748000,0,999
12875,12875,25.750000,0,1004
12876,12876,25.752000,0,1005
12877,12877,25.754000,0,997
12878,12878,25.756000,0,991
12879,12879,25.758000,0,995
12880,12880,25.760000,0,1005
12881,12881,25.762000,0,1009
12882,12882,25.764000,0,1001
12883,12883,25.766000,0,992
12884,12884,25.768000,0,992
12885,12885,25.770000,0,1000
12886,12886,25.772000,0,1006
12887,12887,25.774000,0,1004
12888,12888,25.776000,0,997
12889,12889,25.778000,0,993
12890,12890,25.780000,0,997
12891,12891,25.782000,0,1003
12892,12892,25.784000,0,1005
12893,12893,25.786000,0,1000
12894,12894,25.788000,0,995
12895,12895,25.790000,0,995
12896,12896,25.792000,0,1001
12897,12897,25.794000,0,1004
12898,12898,25.796000,0,1002
12899,12899,25.798000,0,998
12900,12900,25.800000,0,997
12901,12901,25.802000,0,999
12902,12902,25.804000,0,999
12903,12903,25.806000,0,998
12904,12904,25.808000,0,999
12905,12905,25.810000,0,1003
12906,12906,25.812000,0,1004
12907,12907,25.814000,0,999
12908,12908,25.816000,0,993
12909,12909,25.818000,0,995
12910,12910,25.820000,0,1003
12911,12911,25.822000,0,1007
12912,12912,25.824000,0,1002
12913,12913,25.826000,0,994
12914,12914,25.828000,0,994
12915,12915,25.830000,0,1000
12916,12916,25.832000,0,1006
12917,12917,25.834000,0,1003
12918,12918,25.836000,0,995
12919,12919,25.838000,0,992
12920,12920,25.840000,0,999
12921,12921,25.842000,0,1007
12922,12922,25.844000,0,1006
12923,12923,25.846000,0,996
12924,12924,25.848000,0,991
12925,12925,25.850000,0,996
12926,12926,25.852000,0,1005
12927,12927,25.854000,0,1006
12928,12928,25.856000,0,999
12929,12929,25.858000,0,994
12930,12930,25.860000,0,998
12931,12931,25.862000,0,1003
12932,12932,25.864000,0,1000
12933,12933,25.866000,0,995
12934,12934,25.868000,0,997
12935,12935,25.870000,0,1005
12936,12936,25.872000,0,1007
12937,12937,25.874000,0,999
12938,12938,25.876000,0,991
12939,12939,25.878000,0,993
12940,12940,25.880000,0,1002
12941,12941,25.882000,0,1009
12942,12942,25.884000,0,1004
12943,12943,25.886000,0,995
12944,12944,25.888000,0,991
12945,12945,25.890000,0,997
12946,12946,25.892000,0,1005
12947,12947,25.894000,0,1005
12948,12948,25.896000,0,999
12949,12949,25.898000,0,994
12950,12950,25.900000,0,996
12951,12951,25.902000,0,1002
12952,12952,25.904000,0,1005
12953,12953,25.906000,0,1001
12954,12954,25.908000,0,995
12955,12955,25.910000,0,994
12956,12956,25.912000,0,1000
12957,12957,25.914000,0,1006
12958,12958,25.916000,0,1004
12959,12959,25.918000,0,996
12960,12960,25.920000,0,993
12961,12961,25.922000,0,998
12962,12962,25.924000,0,1005
12963,12963,25.926000,0,1004
12964,12964,25.928000,0,997
12965,12965,25.930000,0,995
12966,12966,25.932000,0,1000
12967,12967,25.934000,0,1005
12968,12968,25.936000,0,1001
12969,12969,25.938000,0,994
12970,12970,25.940000,0,995
12971,12971,25.942000,0,1001
12972,12972,25.944000,0,1006
12973,12973,25.946000,0,1002
12974,12974,25.948000,0,996
12975,12975,25.950000,0,994
12976,12976,25.952000,0,999
12977,12977,25.954000,0,1004
12978,12978,25.956000,0,1003
12979,12979,25.958000,0,997
12980,12980,25.960000,0,994
12981,12981,25.962000,0,999
12982,12982,25.964000,0,1006
12983,12983,25.966000,0,1005
12984,12984,25.968000,0,995
12985,12985,25.970000,0,989
12986,12986,25.972000,0,997
12987,12987,25.974000,0,1009
12988,12988,25.976000,0,1010
12989,12989,25.978000,0,998
12990,12990,25.980000,0,988
12991,12991,25.982000,0,993
12992,12992,25.984000,0,1005
12993,12993,25.986000,0,1008
12994,12994,25.988000,0,1000
12995,12995,25.990000,0,994
12996,12996,25.992000,0,998
12997,12997,25.994000,0,1003
12998,12998,25.996000,0,1000
12999,12999,25.998000,0,995
13000,13000,26.000000,0,997
13001,13001,26.002000,0,1003
13002,13002,26.004000,0,1005
13003,13003,26.006000,0,1000
13004,13004,26.008000,0,994
13005,13005,26.010000,0,996
13006,13006,26.012000,0,1002
13007,13007,26.014000,0,1005
13008,13008,26.016000,0,1002
13009,13009,26.018000,0,995
13010,13010,26.020000,0,993
13011,13011,26.022000,0,999
13012,13012,26.024000,0,1006
13013,13013,26.026000,0,1006
13014,13014,26.028000,0,998
13015,13015,26.030000,0,991
13016,13016,26.032000,0,994
13017,13017,26.034000,0,1003
13018,13018,26.036000,0,1007
13019,13019,26.038000,0,1002
13020,13020,26.040000,0,996
13021,13021,26.042000,0,995
13022,13022,26.044000,0,999
13023,13023,26.046000,0,1001
13024,13024,26.048000,0,999
13025,13025,26.050000,0,999
13026,13026,26.052000,0,1002
13027,13027,26.054000,0,1004
13028,13028,26.056000,0,999
13029,13029,26.058000,0,993
13030,13030,26.060000,0,995
13031,13031,26.062000,0,1003
13032,13032,26.064000,0,1007
13033,13033,26.066000,0,1002
13034,13034,26.068000,0,993
13035,13035,26.070000,0,993
13036,13036,26.072000,0,1001
13037,13037,26.074000,0,1006
13038,13038,26.076000,0,1003
13039,13039,26.078000,0,995
13040,13040,26.080000,0,993
13041,13041,26.082000,0,999
13042,13042,26.084000,0,1005
13043,13043,26.086000,0,1005
13044,13044,26.088000,0,998
13045,13045,26.090000,0,994
13046,13046,26.092000,0,996
13047,13047,26.094000,0,1002
13048,13048,26.096000,0,1003
13049,13049,26.098000,0,1000
13050,13050,26.100000,0,998
13051,13051,26.102000,0,1000
13052,13052,26.104000,0,1002
13053,13053,26.106000,0,998
13054,13054,26.108000,0,994
13055,13055,26.110000,0,997
13056,13056,26.112000,0,1005
13057,13057,26.114000,0,1007
13058,13058,26.116000,0,999
13059,13059,26.118000,0,991
13060,13060,26.120000,0,992
13061,13061,26.122000,0,1002
13062,13062,26.124000,0,1008
13063,13063,26.126000,0,1005
13064,13064,26.128000,0,995
13065,13065,26.130000,0,991
13066,13066,26.132000,0,996
13067,13067,26.134000,0,1006
13068,13068,26.136000,0,1007
13069,13069,26.138000,0,1000
13070,13070,26.140000,0,992
13071,13071,26.142000,0,993
13072,13072,26.144000,0,1002
13073,13073,26.146000,0,1008
13074,13074,26.148000,0,1004
13075,13075,26.150000,0,994
13076,13076,26.152000,0,990
13077,13077,26.154000,0,998
13078,13078,26.156000,0,1008
13079,13079,26.158000,0,1008
13080,13080,26.160000,0,998
13081,13081,26.162000,0,990
13082,13082,26.164000,0,994
13083,13083,26.166000,0,1003
13084,13084,26.168000,0,1007
13085,13085,26.170000,0,1001
13086,13086,26.172000,0,996
13087,13087,26.174000,0,997
13088,13088,26.176000,0,1001
13089,13089,26.178000,0,1000
13090,13090,26.180000,0,996
13091,13091,26.182000,0,997
13092,13092,26.184000,0,1003
13093,13093,26.186000,0,1006
13094,13094,26.188000,0,1000
13095,13095,26.190000,0,993
13096,13096,26.192000,0,993
13097,13097,26.194000,0,1001
13098,13098,26.196000,0,1007
13099,13099,26.198000,0,1004
13100,13100,26.200000,0,995
13101,13101,26.202000,0,992
13102,13102,26.204000,0,998
13103,13103,26.206000,0,1006
13104,13104,26.208000,0,1006
13105,13105,26.210000,0,997
13106,13106,26.212000,0,992
13107,13107,26.214000,0,996
13108,13108,26.216000,0,1004
13109,13109,26.218000,0,1006
13110,13110,26.220000,0,1000
13111,13111,26.222000,0,994
13112,13112,26.224000,0,994
13113,13113,26.226000,0,1000
13114,13114,26.228000,0,1006
13115,13115,26.230000,0,1005
13116,13116,26.232000,0,998
13117,13117,26.234000,0,993
13118,13118,26.236000,0,995
13119,13119,26.238000,0,1002
13120,13120,26.240000,0,1007
13121,13121,26.242000,0,1003
13122,13122,26.244000,0,995
13123,13123,26.246000,0,993
13124,13124,26.248000,0,998
13125,13125,26.250000,0,1005
13126,13126,26.252000,0,1005
13127,13127,26.254000,0,998
13128,13128,26.256000,0,995
13129,13129,26.258000,0,998
13130,13130,26.260000,0,1002
13131,13131,26.262000,0,1002
13132,13132,26.264000,0,998
13133,13133,26.266000,0,997
13134,13134,26.268000,0,1000
13135,13135,26.270000,0,1002
13136,13136,26.272000,0,999
13137,13137,26.274000,0,996
13138,13138,26.276000,0,998
13139,13139,26.278000,0,1003
13140,13140,26.280000,0,1004
13141,13141,26.282000,0,998
13142,13142,26.284000,0,994
13143,13143,26.286000,0,996
13144,13144,26.288000,0,1002
13145,13145,26.290000,0,1006
13146,13146,26.292000,0,1002
13147,13147,26.294000,0,995
13148,13148,26.296000,0,993
13149,13149,26.298000,0,999
13150,13150,26.300000,0,1006
13151,13151,26.302000,0,1005
13152,13152,26.304000,0,998
13153,13153,26.306000,0,992
13154,13154,26.308000,0,995
13155,13155,26.310000,0,1003
13156,13156,26.312000,0,1007
13157,13157,26.314000,0,1002
13158,13158,26.316000,0,994
13159,13159,26.318000,0,992
13160,13160,26.320000,0,999
13161,13161,26.322000,0,1006
13162,13162,26.324000,0,1006
13163,13163,26.326000,0,997
13164,13164,26.328000,0,993
13165,13165,26.330000,0,997
13166,13166,26.332000,0,1004
13167,13167,26.334000,0,1004
13168,13168,26.336000,0,998
13169,13169,26.338000,0,996
13170,13170,26.340000,0,999
13171,13171,26.342000,0,1003
13172,13172,26.344000,0,1001
13173,13173,26.346000,0,997
13174,13174,26.348000,0,996
13175,13175,26.350000,0,1000
13176,13176,26.352000,0,1003
13177,13177,26.354000,0,1002
13178,13178,26.356000,0,998
13179,13179,26.358000,0,997
13180,13180,26.360000,0,999
13181,13181,26.362000,0,1002
13182,13182,26.364000,0,1001
13183,13183,26.366000,0,998
13184,13184,26.368000,0,996
13185,13185,26.370000,0,1000
13186,13186,26.372000,0,1004
13187,13187,26.374000,0,1003
13188,13188,26.376000,0,998
13189,13189,26.378000,0,994
13190,13190,26.380000,0,996
13191,13191,26.382000,0,1003
13192,13192,26.384000,0,1007
13193,13193,26.386000,0,1002
13194,13194,26.388000,0,993
13195,13195,26.390000,0,990
13196,13196,26.392000,0,998
13197,13197,26.394000,0,1009
13198,13198,26.396000,0,1009
13199,13199,26.398000,0,997
13200,13200,26.400000,0,988
13201,13201,26.402000,0,992
13202,13202,26.404000,0,1004
13203,13203,26.406000,0,1009
13204,13204,26.408000,0,1002
13205,13205,26.410000,0,994
13206,13206,26.412000,0,995
13207,13207,26.414000,0,1001
13208,13208,26.416000,0,1002
13209,13209,26.418000,0,998
13210,13210,26.420000,0,997
13211,13211,26.422000,0,1002
13212,13212,26.424000,0,1006
13213,13213,26.426000,0,1000
13214,13214,26.428000,0,992
13215,13215,26.430000,0,993
13216,13216,26.432000,0,1002
13217,13217,26.434000,0,1008
13218,13218,26.436000,0,1004
13219,13219,26.438000,0,994
13220,13220,26.440000,0,991
13221,13221,26.442000,0,999
13222,13222,26.444000,0,1006
13223,13223,26.446000,0,1005
13224,13224,26.448000,0,997
13225,13225,26.450000,0,993
13226,13226,26.452000,0,997
13227,13227,26.454000,0,1003
13228,13228,26.456000,0,1005
13229,13229,26.458000,0,1000
13230,13230,26.460000,0,995
13231,13231,26.462000,0,996
13232,13232,26.464000,0,1001
13233,13233,26.466000,0,1003
13234,13234,26.468000,0,1001
13235,13235,26.470000,0,998
13236,13236,26.472000,0,998
13237,13237,26.474000,0,1000
13238,13238,26.476000,0,1000
13239,13239,26.478000,0,999
13240,13240,26.480000,0,999
13241,13241,26.482000,0,1000
13242,13242,26.484000,0,1001
13243,13243,26.486000,0,999
13244,13244,26.488000,0,998
13245,13245,26.490000,0,998
13246,13246,26.492000,0,1001
13247,13247,26.494000,0,1002
13248,13248,26.496000,0,1000
13249,13249,26.498000,0,997
13250,13250,26.500000,0,997
13251,13251,26.502000,0,1000
13252,13252,26.504000,0,1003
13253,13253,26.506000,0,1001
13254,13254,26.508000,0,999
13255,13255,26.510000,0,998
13256,13256,26.512000,0,999
13257,13257,26.514000,0,1000
13258,13258,26.516000,0,999
13259,13259,26.518000,0,999
13260,13260,26.520000,0,1001
13261,13261,26.522000,0,1002
13262,13262,26.524000,0,1000
13263,13263,26.526000,0,997
13264,13264,26.528000,0,996
13265,13265,26.530000,0,999
13266,13266,26.532000,0,1005
13267,13267,26.534000,0,1004
13268,13268,26.536000,0,998
13269,13269,26.538000,0,992
13270,13270,26.540000,0,996
13271,13271,26.542000,0,1004
13272,13272,26.544000,0,1007
13273,13273,26.546000,0,1000
13274,13274,26.548000,0,993
13275,13275,26.550000,0,994
13276,13276,26.552000,0,1001
13277,13277,26.554000,0,1006
13278,13278,26.556000,0,1002
13279,13279,26.558000,0,996
13280,13280,26.560000,0,994
13281,13281,26.562000,0,999
13282,13282,26.564000,0,1004
13283,13283,26.566000,0,1003
13284,13284,26.568000,0,998
13285,13285,26.570000,0,996
13286,13286,26.572000,0,998
13287,13287,26.574000,0,1000
13288,13288,26.576000,0,1001
13289,13289,26.578000,0,1001
13290,13290,26.580000,0,1000
13291,13291,26.582000,0,998
13292,13292,26.584000,0,997
13293,13293,26.586000,0,998
13294,13294,26.588000,0,1001
13295,13295,26.590000,0,1002
13296,13296,26.592000,0,1001
13297,13297,26.594000,0,998
13298,13298,26.596000,0,996
13299,13299,26.598000,0,996
13300,13300,26.600000,0,1001
13301,13301,26.602000,0,1006
13302,13302,26.604000,0,1003
13303,13303,26.606000,0,996
13304,13304,26.608000,0,992
13305,13305,26.610000,0,997
13306,13306,26.612000,0,1004
13307,13307,26.614000,0,1006
13308,13308,26.616000,0,1000
13309,13309,26.618000,0,994
13310,13310,26.620000,0,996
13311,13311,26.622000,0,1002
13312,13312,26.624000,0,1003
13313,13313,26.626000,0,998
13314,13314,26.628000,0,997
13315,13315,26.630000,0,1001
13316,13316,26.632000,0,1004
13317,13317,26.634000,0,1000
13318,13318,26.636000,0,995
13319,13319,26.638000,0,995
13320,13320,26.640000,0,1001
13321,13321,26.642000,0,1005
13322,13322,26.644000,0,1002
13323,13323,26.646000,0,996
13324,13324,26.648000,0,994
13325,13325,26.650000,0,1000
13326,13326,26.652000,0,1005
13327,13327,26.654000,0,1003
13328,13328,26.656000,0,996
13329,13329,26.658000,0,994
13330,13330,26.660000,0,999
13331,13331,26.662000,0,1005
13332,13332,26.664000,0,1004
13333,13333,26.666000,0,998
13334,13334,26.668000,0,994
13335,13335,26.670000,0,997
13336,13336,26.672000,0,1002
13337,13337,26.674000,0,1003
13338,13338,26.676000,0,999
13339,13339,26.678000,0,997
13340,13340,26.680000,0,999
13341,13341,26.682000,0,1001
13342,13342,26.684000,0,1000
13343,13343,26.686000,0,998
13344,13344,26.688000,0,998
13345,13345,26.690000,0,1001
13346,13346,26.692000,0,1003
13347,13347,26.694000,0,1000
13348,13348,26.696000,0,997
13349,13349,26.698000,0,996
13350,13350,26.700000,0,1000
13351,13351,26.702000,0,1003
13352,13352,26.704000,0,1002
13353,13353,26.706000,0,997
13354,13354,26.708000,0,994
13355,13355,26.710000,0,999
13356,13356,26.712000,0,1005
13357,13357,26.714000,0,1005
13358,13358,26.716000,0,997
13359,13359,26.718000,0,992
13360,13360,26.720000,0,996
13361,13361,26.722000,0,1005
13362,13362,26.724000,0,1007
13363,13363,26.726000,0,1000
13364,13364,26.728000,0,993
13365,13365,26.730000,0,995
13366,13366,26.732000,0,1002
13367,13367,26.734000,0,1004
13368,13368,26.736000,0,999
13369,13369,26.738000,0,996
13370,13370,26.740000,0,1000
13371,13371,26.742000,0,1004
13372,13372,26.744000,0,1000
13373,13373,26.746000,0,994
13374,13374,26.748000,0,995
13375,13375,26.750000,0,1003
13376,13376,26.752000,0,1007
13377,13377,26.754000,0,1002
13378,13378,26.756000,0,994
13379,13379,26.758000,0,992
13380,13380,26.760000,0,1000
13381,13381,26.762000,0,1006
13382,13382,26.764000,0,1005
13383,13383,26.766000,0,997
13384,13384,26.768000,0,992
13385,13385,26.770000,0,998
13386,13386,26.772000,0,1005
13387,13387,26.774000,0,1005
13388,13388,26.776000,0,998
13389,13389,26.778000,0,993
13390,13390,26.780000,0,997
13391,13391,26.782000,0,1004
13392,13392,26.784000,0,1006
13393,13393,26.786000,0,1000
13394,13394,26.788000,0,994
13395,13395,26.790000,0,994
13396,13396,26.792000,0,1001
13397,13397,26.794000,0,1005
13398,13398,26.796000,0,1002
13399,13399,26.798000,0,996
13400,13400,26.800000,0,995
13401,13401,26.802000,0,999
13402,13402,26.804000,0,1002
13403,13403,26.806000,0,1001
13404,13404,26.808000,0,998
13405,13405,26.810000,0,998
13406,13406,26.812000,0,1000
13407,13407,26.814000,0,1001
13408,13408,26.816000,0,998
13409,13409,26.818000,0,997
13410,13410,26.820000,0,999
13411,13411,26.822000,0,1004
13412,13412,26.824000,0,1003
13413,13413,26.826000,0,997
13414,13414,26.828000,0,993
13415,13415,26.830000,0,998
13416,13416,26.832000,0,1005
13417,13417,26.834000,0,1006
13418,13418,26.836000,0,999
13419,13419,26.838000,0,992
13420,13420,26.840000,0,995
13421,13421,26.842000,0,1003
13422,13422,26.844000,0,1005
13423,13423,26.846000,0,1000
13424,13424,26.848000,0,997
13425,13425,26.850000,0,1000
13426,13426,26.852000,0,1002
13427,13427,26.854000,0,998
13428,13428,26.856000,0,994
13429,13429,26.858000,0,997
13430,13430,26.860000,0,1005
13431,13431,26.862000,0,1007
13432,13432,26.864000,0,999
13433,13433,26.866000,0,991
13434,13434,26.868000,0,993
13435,13435,26.870000,0,1003
13436,13436,26.872000,0,1008
13437,13437,26.874000,0,1003
13438,13438,26.876000,0,994
13439,13439,26.878000,0,993
13440,13440,26.880000,0,1000
13441,13441,26.882000,0,1005
13442,13442,26.884000,0,1002
13443,13443,26.886000,0,995
13444,13444,26.888000,0,994
13445,13445,26.890000,0,1001
13446,13446,26.892000,0,1006
13447,13447,26.894000,0,1003
13448,13448,26.896000,0,995
13449,13449,26.898000,0,993
13450,13450,26.900000,0,998
13451,13451,26.902000,0,1005
13452,13452,26.904000,0,1004
13453,13453,26.906000,0,998
13454,13454,26.908000,0,996
13455,13455,26.910000,0,1000
13456,13456,26.912000,0,1002
13457,13457,26.914000,0,998
13458,13458,26.916000,0,994
13459,13459,26.918000,0,999
13460,13460,26.920000,0,1007
13461,13461,26.922000,0,1007
13462,13462,26.924000,0,995
13463,13463,26.926000,0,988
13464,13464,26.928000,0,995
13465,13465,26.930000,0,1008
13466,13466,26.932000,0,1009
13467,13467,26.934000,0,999
13468,13468,26.936000,0,991
13469,13469,26.938000,0,994
13470,13470,26.940000,0,1003
13471,13471,26.942000,0,1005
13472,13472,26.944000,0,999
13473,13473,26.946000,0,996
13474,13474,26.948000,0,1000
13475,13475,26.950000,0,1003
13476,13476,26.952000,0,999
13477,13477,26.954000,0,995
13478,13478,26.956000,0,997
13479,13479,26.958000,0,1004
13480,13480,26.960000,0,1005
13481,13481,26.962000,0,999
13482,13482,26.964000,0,993
13483,13483,26.966000,0,995
13484,13484,26.968000,0,1002
13485,13485,26.970000,0,1006
13486,13486,26.972000,0,1003
13487,13487,26.974000,0,995
13488,13488,26.976000,0,992
13489,13489,26.978000,0,999
13490,13490,26.980000,0,1007
13491,13491,26.982000,0,1007
13492,13492,26.984000,0,997
13493,13493,26.986000,0,990
13494,13494,26.988000,0,994
13495,13495,26.990000,0,1004
13496,13496,26.992000,0,1008
13497,13497,26.994000,0,1002
13498,13498,26.996000,0,994
13499,13499,26.998000,0,994
13500,13500,27.000000,0,1000
13501,13501,27.002000,0,1004
13502,13502,27.004000,0,1001
13503,13503,27.006000,0,998
13504,13504,27.008000,0,999
13505,13505,27.010000,0,1002
13506,13506,27.012000,0,1000
13507,13507,27.014000,0,996
13508,13508,27.016000,0,996
13509,13509,27.018000,0,1001
13510,13510,27.020000,0,1005
13511,13511,27.022000,0,1002
13512,13512,27.024000,0,996
13513,13513,27.026000,0,994
13514,13514,27.028000,0,999
13515,13515,27.030000,0,1005
13516,13516,27.032000,0,1004
13517,13517,27.034000,0,997
13518,13518,27.036000,0,993
13519,13519,27.038000,0,998
13520,13520,27.040000,0,1006
13521,13521,27.042000,0,1006
13522,13522,27.044000,0,998
13523,13523,27.046000,0,991
13524,13524,27.048000,0,995
13525,13525,27.050000,0,1005
13526,13526,27.052000,0,1007
13527,13527,27.054000,0,1000
13528,13528,27.056000,0,994
13529,13529,27.058000,0,995
13530,13530,27.060000,0,1001
13531,13531,27.062000,0,1004
13532,13532,27.064000,0,1001
13533,13533,27.066000,0,998
13534,13534,27.068000,0,998
13535,13535,27.070000,0,1000
13536,13536,27.072000,0,1000
13537,13537,27.074000,0,998
13538,13538,27.076000,0,999
13539,13539,27.078000,0,1002
13540,13540,27.080000,0,1003
13541,13541,27.082000,0,999
13542,13542,27.084000,0,995
13543,13543,27.086000,0,996
13544,13544,27.088000,0,1002
13545,13545,27.090000,0,1006
13546,13546,27.092000,0,1003
13547,13547,27.094000,0,994
13548,13548,27.096000,0,992
13549,13549,27.098000,0,999
13550,13550,27.100000,0,1007
13551,13551,27.102000,0,1006
13552,13552,27.104000,0,998
13553,13553,27.106000,0,992
13554,13554,27.108000,0,996
13555,13555,27.110000,0,1003
13556,13556,27.112000,0,1004
13557,13557,27.114000,0,999
13558,13558,27.116000,0,996
13559,13559,27.118000,0,999
13560,13560,27.120000,0,1002
13561,13561,27.122000,0,1000
13562,13562,27.124000,0,996
13563,13563,27.126000,0,998
13564,13564,27.128000,0,1004
13565,13565,27.130000,0,1005
13566,13566,27.132000,0,999
13567,13567,27.134000,0,993
13568,13568,27.136000,0,995
13569,13569,27.138000,0,1003
13570,13570,27.140000,0,1006
13571,13571,27.142000,0,1001
13572,13572,27.144000,0,995
13573,13573,27.146000,0,996
13574,13574,27.148000,0,1001
13575,13575,27.150000,0,1002
13576,13576,27.152000,0,998
13577,13577,27.154000,0,998
13578,13578,27.156000,0,1003
13579,13579,27.158000,0,1005
13580,13580,27.160000,0,998
13581,13581,27.162000,0,991
13582,13582,27.164000,0,995
13583,13583,27.166000,0,1005
13584,13584,27.168000,0,1009
13585,13585,27.170000,0,1001
13586,13586,27.172000,0,991
13587,13587,27.174000,0,992
13588,13588,27.176000,0,1001
13589,13589,27.178000,0,1007
13590,13590,27.180000,0,1004
13591,13591,27.182000,0,996
13592,13592,27.184000,0,994
13593,13593,27.186000,0,999
13594,13594,27.188000,0,1005
13595,13595,27.190000,0,1003
13596,13596,27.192000,0,996
13597,13597,27.194000,0,994
13598,13598,27.196000,0,999
13599,13599,27.198000,0,1006
13600,13600,27.200000,0,1004
13601,13601,27.202000,0,997
13602,13602,27.204000,0,993
13603,13603,27.206000,0,997
13604,13604,27.208000,0,1003
13605,13605,27.210000,0,1004
13606,13606,27.212000,0,1000
13607,13607,27.214000,0,998
13608,13608,27.216000,0,999
13609,13609,27.218000,0,999
13610,13610,27.220000,0,997
13611,13611,27.222000,0,997
13612,13612,27.224000,0,1002
13613,13613,27.226000,0,1007
13614,13614,27.228000,0,1004
13615,13615,27.230000,0,994
13616,13616,27.232000,0,990
13617,13617,27.234000,0,997
13618,13618,27.236000,0,1008
13619,13619,27.238000,0,1009
13620,13620,27.240000,0,999
13621,13621,27.242000,0,991
13622,13622,27.244000,0,994
13623,13623,27.246000,0,1002
13624,13624,27.248000,0,1005
13625,13625,27.250000,0,1001
13626,13626,27.252000,0,997
13627,13627,27.254000,0,999
13628,13628,27.256000,0,1001
13629,13629,27.258000,0,999
13630,13630,27.260000,0,995
13631,13631,27.262000,0,998
