source_file,session_id,window_index,start_sample,end_sample_exclusive,downsampled_start_sample,downsampled_end_sample_exclusive,start_time_s,end_time_s,label,label_id,clench_sample_count,clench_fraction,contains_label_transition,intersects_transition_band,mav,rms,wl,zc,ssc,mnf,mdf,pkf,bandpower
session_12.csv,session_12,0,0,128,0,64,0.0,0.256,relax,0,0,0.0,False,False,33.33392176371356,90.06572756906158,2096.4122176547517,27.0,25.0,48.01604970299156,31.25,23.4375,121.83875934339248
session_12.csv,session_12,1,64,192,32,96,0.128,0.384,relax,0,0,0.0,False,False,2.1727563969647337,2.9360308040922813,237.34793192316164,24.0,15.0,82.21175717196475,82.03125,89.84375,6.049191723199964
session_12.csv,session_12,2,128,256,64,128,0.256,0.512,relax,0,0,0.0,False,False,1.755696656875331,2.2300681152698134,186.79046138777497,25.0,13.0,79.01283549626767,74.21875,70.3125,4.167697207994364
session_12.csv,session_12,3,192,320,96,160,0.384,0.64,relax,0,0,0.0,False,False,1.7942741879877242,2.2874920087087838,193.4117820845795,23.0,12.0,79.18883703997801,82.03125,85.9375,8.039240114376359
session_12.csv,session_12,4,256,384,128,192,0.512,0.768,relax,0,0,0.0,False,False,1.7498525153703703,2.3343784677462733,192.78365652194293,20.0,11.0,77.83194696272163,74.21875,70.3125,3.3902662357850297
session_12.csv,session_12,5,320,448,160,224,0.64,0.896,relax,0,0,0.0,False,False,1.980138373851942,2.745582258484809,208.08987371461342,20.0,9.0,81.12316156097323,82.03125,78.125,10.220734039427919
session_12.csv,session_12,6,384,512,192,256,0.768,1.024,relax,0,0,0.0,False,False,2.2597266230270163,3.012321441341498,240.6626190945163,23.0,13.0,79.13535640531228,74.21875,70.3125,12.467242672094173
session_12.csv,session_12,7,448,576,224,288,0.896,1.152,relax,0,0,0.0,False,False,2.03800838685342,2.7202181533060283,208.47992675564174,21.0,11.0,77.742308468359,70.3125,66.40625,2.7056818420951343
session_12.csv,session_12,8,512,640,256,320,1.024,1.28,relax,0,0,0.0,False,False,2.008673835218964,2.811973786211923,216.93801346770718,21.0,12.0,79.27345568215591,78.125,70.3125,14.226580512921807
session_12.csv,session_12,9,576,704,288,352,1.152,1.408,relax,0,0,0.0,False,False,1.9133467749600679,2.569401187767477,204.7913994058973,26.0,14.0,82.037751608036,82.03125,93.75,4.212818230682034
session_12.csv,session_12,10,640,768,320,384,1.28,1.536,relax,0,0,0.0,False,False,1.7691249748932267,2.175938262187585,192.99027355260594,27.0,14.0,82.73227713697646,85.9375,93.75,3.7749658698329562
session_12.csv,session_12,11,704,832,352,416,1.408,1.664,relax,0,0,0.0,False,False,2.276167287614347,2.7538987898723857,244.99074191574317,30.0,18.0,79.36598104156248,82.03125,70.3125,8.005430854386448
session_12.csv,session_12,12,768,896,384,448,1.536,1.792,relax,0,0,0.0,False,True,3.204129061017592,4.128660323485526,328.6246500868164,32.0,19.0,82.274929521393,82.03125,82.03125,13.336439595351125
session_12.csv,session_12,13,832,960,416,480,1.664,1.92,relax,0,45,0.3515625,True,True,10.497351141475788,15.649394308840323,1118.240204869869,35.0,27.0,80.11126891653699,78.125,78.125,105.93314292899029
session_12.csv,session_12,14,896,1024,448,512,1.792,2.048,clench,1,109,0.8515625,True,True,17.401635661998633,21.247554301837027,1849.2028698624822,41.0,34.0,78.82145081065725,78.125,78.125,663.375771137107
session_12.csv,session_12,15,960,1088,480,544,1.92,2.176,clench,1,128,1.0,False,False,16.31878062307196,19.498575783219916,1770.2277976631212,43.0,38.0,83.99269528737048,85.9375,85.9375,313.41400236405826
session_12.csv,session_12,16,1024,1152,512,576,2.048,2.304,clench,1,128,1.0,False,False,13.93760137801046,16.481131182992296,1517.7254932800167,40.0,39.0,82.24511708590663,78.125,78.125,190.55257552752855
session_12.csv,session_12,17,1088,1216,544,608,2.176,2.432,clench,1,128,1.0,False,False,10.229913620024469,12.211005064012413,1086.0666554526288,39.0,34.0,83.03511735392644,82.03125,74.21875,140.51572975827628
session_12.csv,session_12,18,1152,1280,576,640,2.304,2.56,clench,1,128,1.0,False,False,9.72597237347473,12.316697091752696,1048.391448106689,41.0,36.0,79.2428052470184,78.125,78.125,130.9940447615358
session_12.csv,session_12,19,1216,1344,608,672,2.432,2.688,clench,1,128,1.0,False,False,12.432597625770338,15.557530811264503,1358.9618430392036,41.0,37.0,80.49776575503327,82.03125,82.03125,158.04186623533897
session_12.csv,session_12,20,1280,1408,640,704,2.56,2.816,clench,1,128,1.0,False,False,13.68242408224582,16.611954178369874,1487.750565561713,40.0,36.0,80.92262508887285,82.03125,85.9375,321.738752209145
session_12.csv,session_12,21,1344,1472,672,736,2.688,2.944,clench,1,128,1.0,False,False,11.709530030899776,14.360404007660977,1238.7884819185235,38.0,33.0,76.26054142061388,74.21875,74.21875,210.86672214390512
session_12.csv,session_12,22,1408,1536,704,768,2.816,3.072,clench,1,128,1.0,False,False,9.835981613600332,12.210297376091917,1056.67755938975,39.0,32.0,80.02106728165715,85.9375,89.84375,148.85928367229025
session_12.csv,session_12,23,1472,1600,736,800,2.944,3.2,clench,1,128,1.0,False,False,10.896791338219874,13.892881403045157,1226.3927661618081,40.0,38.0,81.19455478914362,82.03125,70.3125,135.2013504369523
session_12.csv,session_12,24,1536,1664,768,832,3.072,3.328,clench,1,128,1.0,False,False,9.226827795426102,12.218928004087797,1033.1244914117615,39.0,35.0,77.17053135409733,74.21875,74.21875,182.204511746282
session_12.csv,session_12,25,1600,1728,800,864,3.2,3.456,clench,1,128,1.0,False,False,8.089191491668732,10.150408991176304,934.5048261498625,44.0,39.0,85.30390163771685,89.84375,97.65625,110.1865183591933
session_12.csv,session_12,26,1664,1792,832,896,3.328,3.584,clench,1,128,1.0,False,False,8.598079578936996,10.192996902097596,991.5270750797384,47.0,44.0,89.98821220761894,93.75,97.65625,107.204268879113
session_12.csv,session_12,27,1728,1856,864,928,3.456,3.712,clench,1,128,1.0,False,False,16.333655553681076,21.865700779334304,1760.5421461722751,43.0,39.0,78.84432915703597,78.125,78.125,345.9788038327837
session_12.csv,session_12,28,1792,1920,896,960,3.584,3.84,clench,1,128,1.0,False,False,19.965863131155153,24.88013143058016,2169.732518856611,41.0,38.0,79.46532310991142,74.21875,74.21875,652.4438385484233
session_12.csv,session_12,29,1856,1984,928,992,3.712,3.968,clench,1,128,1.0,False,False,14.874984304467967,18.207557905006855,1669.3074576258814,42.0,40.0,78.06945598611644,74.21875,74.21875,293.85703459133555
session_12.csv,session_12,30,1920,2048,960,1024,3.84,4.096,clench,1,128,1.0,False,False,9.720326855299309,12.798206717632114,1066.6049997753698,41.0,34.0,83.6517154345564,85.9375,85.9375,106.12203161330793
session_12.csv,session_12,31,1984,2112,992,1056,3.968,4.224,clench,1,124,0.96875,True,True,5.375644344470556,6.352670220352899,559.6266667948438,40.0,25.0,78.43715511285478,78.125,78.125,27.858065366298327
session_12.csv,session_12,32,2048,2176,1024,1088,4.096,4.352,relax,0,60,0.46875,True,True,4.9592363403332556,6.034321897672805,512.5908218048979,36.0,25.0,73.89490188406063,74.21875,74.21875,46.65288249294423
session_12.csv,session_12,33,2112,2240,1056,1120,4.224,4.48,relax,0,0,0.0,False,True,4.684221123097197,5.873743285605341,515.1737029733608,36.0,28.0,83.79464972399406,82.03125,82.03125,25.427134300070477
session_12.csv,session_12,34,2176,2304,1088,1152,4.352,4.608,relax,0,0,0.0,False,False,4.7951845737089025,5.713980106005291,525.4473309543935,39.0,29.0,77.04178124232347,74.21875,70.3125,22.4625097267478
session_12.csv,session_12,35,2240,2368,1120,1184,4.48,4.736,relax,0,0,0.0,False,False,3.8529513611269213,4.5715191766689935,422.8198473834714,39.0,28.0,85.22468413045132,89.84375,89.84375,25.062381428052742
session_12.csv,session_12,36,2304,2432,1152,1216,4.608,4.864,relax,0,0,0.0,False,False,2.8735425329422073,3.4089810054012317,311.8581252444384,39.0,25.0,85.8424525392535,89.84375,89.84375,9.61176189108292
session_12.csv,session_12,37,2368,2496,1184,1248,4.736,4.992,relax,0,0,0.0,False,False,2.531073439218793,3.0695319331722732,280.21107483405973,37.0,22.0,83.94850223882838,89.84375,89.84375,7.228993509784666
session_12.csv,session_12,38,2432,2560,1216,1280,4.864,5.12,relax,0,0,0.0,False,False,2.8932737904913317,3.5267810010497453,317.45934151207535,36.0,25.0,79.52684568774187,82.03125,85.9375,8.970354730800977
session_12.csv,session_12,39,2496,2624,1248,1312,4.992,5.248,relax,0,0,0.0,False,False,3.103139887112847,3.737315413901553,345.7501373739438,38.0,29.0,82.26687764131358,82.03125,85.9375,17.585664899662103
session_12.csv,session_12,40,2560,2688,1280,1344,5.12,5.376,relax,0,0,0.0,False,False,2.731083900980929,3.262208224875165,296.92829186277885,38.0,23.0,79.50471940185261,78.125,82.03125,6.052484444074583
session_12.csv,session_12,41,2624,2752,1312,1376,5.248,5.504,relax,0,0,0.0,False,False,2.4525863869745064,2.9483662424064208,264.0638831376351,34.0,17.0,87.38133687356107,85.9375,82.03125,11.258351256243504
session_12.csv,session_12,42,2688,2816,1344,1408,5.376,5.632,relax,0,0,0.0,False,False,2.357601317098891,3.0842074836992213,255.03663842998495,31.0,17.0,81.28341853535426,82.03125,85.9375,9.912516418025143
session_12.csv,session_12,43,2752,2880,1376,1440,5.504,5.76,relax,0,0,0.0,False,False,2.7887919764021554,3.455298061034743,300.78607455957035,36.0,20.0,83.93401443081038,89.84375,89.84375,7.456212244337081
session_12.csv,session_12,44,2816,2944,1408,1472,5.632,5.888,relax,0,0,0.0,False,False,3.052949525855123,3.628205686489516,329.09295893202125,36.0,20.0,80.58163889198747,78.125,74.21875,14.783149109395458
session_12.csv,session_12,45,2880,3008,1440,1504,5.76,6.016,relax,0,0,0.0,False,False,3.103144506300927,3.7736539913455704,329.7453055914669,36.0,21.0,76.80204327830171,74.21875,74.21875,14.484136654460887
session_12.csv,session_12,46,2944,3072,1472,1536,5.888,6.144,relax,0,0,0.0,False,False,3.0808192322942736,3.6804632981878074,328.1198265732789,36.0,24.0,79.90657932641304,82.03125,70.3125,12.064243317374862
session_12.csv,session_12,47,3008,3136,1504,1568,6.016,6.272,relax,0,0,0.0,False,False,6.782082268604598,9.713839444023876,729.7649753850438,35.0,27.0,75.489279368041,74.21875,74.21875,68.05069973758306
session_12.csv,session_12,48,3072,3200,1536,1600,6.144,6.4,relax,0,20,0.15625,True,True,14.272463533241531,18.31283189842525,1521.8013039337645,39.0,36.0,78.63389206882422,78.125,70.3125,310.4041687786982
session_12.csv,session_12,49,3136,3264,1568,1632,6.272,6.528,clench,1,84,0.65625,True,True,15.925151108317106,19.9877142360344,1737.415628040184,43.0,40.0,82.29484447392035,82.03125,78.125,422.5029383844508
session_12.csv,session_12,50,3200,3328,1600,1664,6.4,6.656,clench,1,128,1.0,False,True,15.846913839424346,19.759525534441423,1774.6254298804163,42.0,39.0,84.74192565754277,85.9375,85.9375,267.38810963765394
session_12.csv,session_12,51,3264,3392,1632,1696,6.528,6.784,clench,1,128,1.0,False,False,13.45862148838781,17.414885723522158,1460.1368610838847,39.0,33.0,81.41188149197544,82.03125,89.84375,249.1331798705916
session_12.csv,session_12,52,3328,3456,1664,1728,6.656,6.912,clench,1,128,1.0,False,False,11.704157581122267,15.132691900214946,1225.4743225146299,41.0,32.0,80.83079424569834,82.03125,82.03125,222.26650812681575
session_12.csv,session_12,53,3392,3520,1696,1760,6.784,7.04,clench,1,128,1.0,False,False,13.865762922345674,17.188400942170063,1422.4644252374435,39.0,31.0,77.20588886343737,74.21875,70.3125,338.06578511900534
session_12.csv,session_12,54,3456,3584,1728,1792,6.912,7.168,clench,1,128,1.0,False,False,13.008762691059964,15.628437884747433,1341.1457656289392,36.0,30.0,75.13621834827342,74.21875,70.3125,229.47148848134086
session_12.csv,session_12,55,3520,3648,1760,1824,7.04,7.296,clench,1,128,1.0,False,False,10.254138340957585,12.482396732620558,1068.6688531173174,39.0,32.0,83.23963044161415,85.9375,85.9375,130.87811119469504
session_12.csv,session_12,56,3584,3712,1792,1856,7.168,7.424,clench,1,128,1.0,False,False,11.82923340901793,14.865203059399555,1188.6183707286143,38.0,33.0,74.87170227419473,70.3125,70.3125,145.03294252853482
session_12.csv,session_12,57,3648,3776,1824,1888,7.296,7.552,clench,1,128,1.0,False,False,12.568060328198609,15.927567832502621,1292.936602383372,37.0,32.0,76.50704665166523,74.21875,70.3125,346.512372108654
session_12.csv,session_12,58,3712,3840,1856,1920,7.424,7.68,clench,1,128,1.0,False,False,9.933960734361248,12.450908504060356,1060.0196327000872,38.0,33.0,80.59709863339522,82.03125,74.21875,122.64462391484166
session_12.csv,session_12,59,3776,3904,1888,1952,7.552,7.808,clench,1,128,1.0,False,False,11.479709579605728,13.629465136871621,1238.4951128629887,39.0,37.0,78.51838991339548,74.21875,74.21875,218.31811604202363
session_12.csv,session_12,60,3840,3968,1920,1984,7.68,7.936,clench,1,128,1.0,False,False,13.148288442665633,15.93806313791227,1426.7324412445046,39.0,35.0,80.81778817559469,82.03125,74.21875,253.30519873698486
session_12.csv,session_12,61,3904,4032,1952,2016,7.808,8.064,clench,1,128,1.0,False,False,16.841852756769505,20.534539335400932,1827.3241846848548,40.0,36.0,85.68094568826088,85.9375,85.9375,288.0354514268894
session_12.csv,session_12,62,3968,4096,1984,2048,7.936,8.192,clench,1,128,1.0,False,False,17.7346217025785,21.18283416661679,1924.2888141685564,41.0,39.0,80.74398778699346,78.125,78.125,510.2931705775423
session_12.csv,session_12,63,4032,4160,2016,2080,8.064,8.32,clench,1,128,1.0,False,False,15.694988825045657,19.676166117479653,1650.061852668553,38.0,34.0,80.58739649576428,74.21875,70.3125,531.3918465198342
session_12.csv,session_12,64,4096,4224,2048,2112,8.192,8.448,clench,1,128,1.0,False,False,14.796213114198535,18.910848792242078,1542.5709140908418,37.0,32.0,78.07050439146052,74.21875,70.3125,283.21765755468
session_12.csv,session_12,65,4160,4288,2080,2144,8.32,8.576,clench,1,127,0.9921875,True,True,9.959442375434584,13.137877860771141,1073.7222315920505,39.0,34.0,77.71580532349853,78.125,78.125,98.11566826754344
session_12.csv,session_12,66,4224,4352,2112,2176,8.448,8.704,relax,0,63,0.4921875,True,True,6.662832521794395,8.598470836254346,738.2899294118034,38.0,32.0,81.07007933562033,82.03125,85.9375,120.22910979827553
session_12.csv,session_12,67,4288,4416,2144,2208,8.576,8.832,relax,0,0,0.0,False,True,5.360039713470083,7.597907839732919,603.0483204565694,35.0,27.0,86.8944327774761,89.84375,89.84375,34.158857327315935
session_12.csv,session_12,68,4352,4480,2176,2240,8.704,8.96,relax,0,0,0.0,False,False,3.468459635517626,4.494589126727892,369.61873341653825,32.0,16.0,79.2440143028486,78.125,85.9375,10.797678201110507
session_12.csv,session_12,69,4416,4544,2208,2272,8.832,9.088,relax,0,0,0.0,False,False,2.950884428592869,3.7473671615130675,311.90916550361163,30.0,17.0,84.60849370625978,89.84375,89.84375,16.808850715919174
session_12.csv,session_12,70,4480,4608,2240,2304,8.96,9.216,relax,0,0,0.0,False,False,2.753736266724946,3.3937647882092397,292.0756542539463,30.0,19.0,77.27149179849602,74.21875,74.21875,7.589309497419599
session_12.csv,session_12,71,4544,4672,2272,2336,9.088,9.344,relax,0,0,0.0,False,False,2.682310146880214,3.1765781464625085,280.9473449482205,36.0,20.0,76.983151130241,74.21875,74.21875,8.149522627472358
session_12.csv,session_12,72,4608,4736,2304,2368,9.216,9.472,relax,0,0,0.0,False,False,2.264980123105977,2.709514813113258,251.06392199244465,38.0,23.0,88.17962065591158,89.84375,89.84375,8.744480577653697
session_12.csv,session_12,73,4672,4800,2336,2400,9.344,9.6,relax,0,0,0.0,False,False,2.504351243306333,3.027052996355191,264.16079471392464,37.0,19.0,78.77405441344156,74.21875,74.21875,4.86131507832336
session_12.csv,session_12,74,4736,4864,2368,2432,9.472,9.728,relax,0,0,0.0,False,False,2.4253329206300216,2.967004820863156,253.80925168390053,33.0,15.0,79.38269198493525,74.21875,74.21875,9.307821231160261
session_12.csv,session_12,75,4800,4928,2400,2464,9.6,9.856,relax,0,0,0.0,False,False,2.385468580856133,3.1349244949517603,264.31844654685335,31.0,17.0,81.50915665011951,85.9375,70.3125,4.247184582929773
session_12.csv,session_12,76,4864,4992,2432,2496,9.728,9.984,relax,0,0,0.0,False,False,2.7372319537487515,3.5525798349215503,305.3885221606733,33.0,19.0,82.20691784285097,78.125,74.21875,15.553588950897758
session_12.csv,session_12,77,4928,5056,2464,2528,9.856,10.112,relax,0,0,0.0,False,False,2.7098569097596514,3.2583407951094143,282.7083548469507,34.0,15.0,81.04260864335646,78.125,74.21875,13.51887827738277
session_12.csv,session_12,78,4992,5120,2496,2560,9.984,10.24,relax,0,0,0.0,False,False,2.9927137223765423,3.5428732554082636,302.4185889608701,32.0,14.0,74.57917744860836,74.21875,70.3125,10.960196845675739
session_12.csv,session_12,79,5056,5184,2528,2592,10.112,10.368,relax,0,0,0.0,False,False,3.333282193309154,4.115737833854612,349.7865148633351,33.0,20.0,79.43127691504439,78.125,74.21875,10.873967754519525
session_12.csv,session_12,80,5120,5248,2560,2624,10.24,10.496,relax,0,0,0.0,False,True,6.665605142923015,9.738189913269597,735.3328625973809,39.0,30.0,86.36892034936743,89.84375,89.84375,54.03096671104546
session_12.csv,session_12,81,5184,5312,2592,2656,10.368,10.624,relax,0,63,0.4921875,True,True,12.41836088255341,15.587336145189663,1342.96210456594,43.0,35.0,83.1218281890866,82.03125,85.9375,424.58716678468784
session_12.csv,session_12,82,5248,5376,2624,2688,10.496,10.752,clench,1,127,0.9921875,True,True,12.212767234384636,14.832444026649574,1317.265816994287,43.0,35.0,85.07737381659543,85.9375,89.84375,120.6388113428415
session_12.csv,session_12,83,5312,5440,2656,2720,10.624,10.88,clench,1,128,1.0,False,False,10.846157796727955,13.276989312897118,1130.943855190964,41.0,32.0,80.99117316999404,78.125,78.125,100.98453595835281
session_12.csv,session_12,84,5376,5504,2688,2752,10.752,11.008,clench,1,128,1.0,False,False,17.905689521012896,24.156553745237687,1981.8662769014982,39.0,37.0,79.71198030774593,78.125,82.03125,980.7140235430755
session_12.csv,session_12,85,5440,5568,2720,2784,10.88,11.136,clench,1,128,1.0,False,False,18.020031727090675,24.222932240186374,1921.088313631884,39.0,36.0,83.9244959572506,82.03125,82.03125,271.97484907708343
session_12.csv,session_12,86,5504,5632,2752,2816,11.008,11.264,clench,1,128,1.0,False,False,12.39549820725195,15.258590448556518,1365.6996207470022,40.0,36.0,76.34427204248583,74.21875,74.21875,291.6351956407702
session_12.csv,session_12,87,5568,5696,2784,2848,11.136,11.392,clench,1,128,1.0,False,False,11.438919735871593,14.140953644615355,1254.9748071079837,38.0,34.0,86.82496211817774,89.84375,93.75,237.94033720049643
session_12.csv,session_12,88,5632,5760,2816,2880,11.264,11.52,clench,1,128,1.0,False,False,10.670879103733391,12.853685195735698,1155.9971145030238,40.0,32.0,79.69198245021273,85.9375,85.9375,128.6851413354747
session_12.csv,session_12,89,5696,5824,2848,2912,11.392,11.648,clench,1,128,1.0,False,False,9.291870164261173,11.212136690021062,985.2257287824887,41.0,32.0,82.04358683326298,85.9375,85.9375,133.95495475003509
session_12.csv,session_12,90,5760,5888,2880,2944,11.52,11.776,clench,1,128,1.0,False,False,10.316818141514068,12.827929155043876,1099.4139636946234,42.0,38.0,84.3450593306644,85.9375,89.84375,204.37320345084055
session_12.csv,session_12,91,5824,5952,2912,2976,11.648,11.904,clench,1,128,1.0,False,False,14.010698600720936,18.209413075408598,1584.8650254773215,43.0,38.0,87.28071733785738,85.9375,93.75,388.5451292335264
session_12.csv,session_12,92,5888,6016,2944,3008,11.776,12.032,clench,1,128,1.0,False,False,16.31161969553957,20.616794725524,1826.7589835445108,45.0,39.0,86.87504271957759,85.9375,97.65625,266.9071863239387
session_12.csv,session_12,93,5952,6080,2976,3040,11.904,12.16,clench,1,128,1.0,False,False,16.526228644909793,20.12085860976376,1805.2738597666987,41.0,38.0,85.06309063204436,85.9375,89.84375,361.181814307477
session_12.csv,session_12,94,6016,6144,3008,3072,12.032,12.288,clench,1,128,1.0,False,False,17.206198054369423,21.55527545862582,1946.7921542625468,39.0,37.0,80.45297927981638,78.125,74.21875,428.3846147521864
session_12.csv,session_12,95,6080,6208,3040,3104,12.16,12.416,clench,1,128,1.0,False,False,14.480185093902339,18.78289890877837,1639.0164870355406,41.0,37.0,84.53807189341727,85.9375,85.9375,445.32751101464584
session_12.csv,session_12,96,6144,6272,3072,3136,12.288,12.544,clench,1,128,1.0,False,False,7.340944814902894,9.664589697851424,826.4185095950202,43.0,34.0,78.71641025542016,78.125,78.125,49.14660466927015
session_12.csv,session_12,97,6208,6336,3104,3168,12.416,12.672,clench,1,92,0.71875,True,True,4.6681383754092876,5.477017783410896,500.360296340588,44.0,33.0,89.4140465967364,93.75,97.65625,23.690290175843987
session_12.csv,session_12,98,6272,6400,3136,3200,12.544,12.8,relax,0,28,0.21875,True,True,4.893836329171117,5.786917282212887,502.34123710810684,42.0,29.0,78.53875648085447,78.125,78.125,33.282057548771526
session_12.csv,session_12,99,6336,6464,3168,3232,12.672,12.928,relax,0,0,0.0,False,False,4.203654658044448,5.124155530759633,445.21962792792056,39.0,25.0,84.6004908796861,82.03125,82.03125,24.015641288141808
session_12.csv,session_12,100,6400,6528,3200,3264,12.8,13.056,relax,0,0,0.0,False,False,2.7709998552006443,3.527254841101955,309.26766642989094,35.0,24.0,85.80274268336301,82.03125,82.03125,7.893607472007799
session_12.csv,session_12,101,6464,6592,3232,3296,12.928,13.184,relax,0,0,0.0,False,False,2.372191663253435,3.0500254375517586,268.46708636893936,33.0,23.0,83.9578271580579,82.03125,82.03125,13.160841834151759
session_12.csv,session_12,102,6528,6656,3264,3328,13.056,13.312,relax,0,0,0.0,False,False,2.5742953070014627,3.2684894299475324,290.8640038764337,35.0,24.0,80.00023256375292,78.125,78.125,4.8653742462411325
session_12.csv,session_12,103,6592,6720,3296,3360,13.184,13.44,relax,0,0,0.0,False,False,2.8535405260434654,3.4873141382169295,314.5509091632385,37.0,23.0,82.87768856670739,85.9375,70.3125,10.560379637297508
session_12.csv,session_12,104,6656,6784,3328,3392,13.312,13.568,relax,0,0,0.0,False,False,3.159200718846407,3.8081635362921653,319.4425278704713,34.0,18.0,75.91922230399585,74.21875,74.21875,12.283301642649135
session_12.csv,session_12,105,6720,6848,3360,3424,13.44,13.696,relax,0,0,0.0,False,False,3.32103060792127,4.093027368456733,353.75141134270746,35.0,20.0,78.1228584657773,74.21875,70.3125,14.286971321414502
session_12.csv,session_12,106,6784,6912,3392,3456,13.568,13.824,relax,0,0,0.0,False,False,2.7408841629348695,3.5620188447409427,305.2391372330252,34.0,21.0,82.659809050758,82.03125,78.125,8.890077294020553
session_12.csv,session_12,107,6848,6976,3424,3488,13.696,13.952,relax,0,0,0.0,False,False,1.902821261016602,2.3774556299799325,207.76163369644553,31.0,14.0,79.06219879973993,78.125,74.21875,6.707399550614555
session_12.csv,session_12,108,6912,7040,3456,3520,13.824,14.08,relax,0,0,0.0,False,False,2.4389196629489476,3.1449661391416646,263.95090072764225,32.0,19.0,81.70494814725541,82.03125,85.9375,9.71227502645975
session_12.csv,session_12,109,6976,7104,3488,3552,13.952,14.208,relax,0,0,0.0,False,False,2.6127207023607206,3.2615548163604755,284.52457251576,34.0,22.0,78.89687156476174,78.125,74.21875,10.796802055325115
session_12.csv,session_12,110,7040,7168,3520,3584,14.08,14.336,relax,0,11,0.0859375,True,True,4.169820329371204,5.425995429285698,423.8241835681917,35.0,20.0,77.21899607440426,74.21875,74.21875,15.85001537940493
session_12.csv,session_12,111,7104,7232,3552,3616,14.208,14.464,clench,1,75,0.5859375,True,True,12.142184702278012,16.341139832885794,1292.0116467867517,38.0,31.0,73.56006781655233,74.21875,74.21875,327.99920896284453
session_12.csv,session_12,112,7168,7296,3584,3648,14.336,14.592,clench,1,128,1.0,False,True,14.904176695138721,18.581795221883688,1598.3092807785672,38.0,35.0,81.06731033012656,78.125,74.21875,292.04069140044675
session_12.csv,session_12,113,7232,7360,3616,3680,14.464,14.72,clench,1,128,1.0,False,False,10.455136381150242,12.859267963263633,1109.6336687323228,39.0,31.0,80.02828110769458,78.125,78.125,158.28893905341582
session_12.csv,session_12,114,7296,7424,3648,3712,14.592,14.848,clench,1,128,1.0,False,False,7.920306081405432,9.665160324914073,832.855576943046,42.0,35.0,81.75419634833075,82.03125,82.03125,45.529129423452495
session_12.csv,session_12,115,7360,7488,3680,3744,14.72,14.976,clench,1,128,1.0,False,False,10.00584404483385,12.377477499968336,1057.1540201003493,42.0,38.0,77.42921813390558,74.21875,74.21875,147.85923118110304
session_12.csv,session_12,116,7424,7552,3712,3776,14.848,15.104,clench,1,128,1.0,False,False,11.620954143340063,13.56850578964582,1254.6735503174132,42.0,38.0,84.03789194903264,89.84375,89.84375,193.6770073081798
session_12.csv,session_12,117,7488,7616,3744,3808,14.976,15.232,clench,1,128,1.0,False,False,9.120695255861694,10.88372660614926,1019.7811443888013,41.0,37.0,82.58940118360835,82.03125,82.03125,151.51302888814593
session_12.csv,session_12,118,7552,7680,3776,3840,15.104,15.36,clench,1,128,1.0,False,False,7.862329767769154,9.603571884778523,859.6449615730819,38.0,33.0,78.02867239373148,74.21875,74.21875,56.105536751653695
session_12.csv,session_12,119,7616,7744,3808,3872,15.232,15.488,clench,1,128,1.0,False,False,7.451745035812278,8.897572668787305,789.2008295300693,38.0,30.0,78.08905413009182,74.21875,74.21875,53.32224118115612
session_12.csv,session_12,120,7680,7808,3840,3904,15.36,15.616,clench,1,128,1.0,False,False,11.660216067520189,14.307723089572123,1302.5949201467529,43.0,38.0,90.38804693932568,93.75,97.65625,161.25697598138763
session_12.csv,session_12,121,7744,7872,3872,3936,15.488,15.744,clench,1,128,1.0,False,False,11.551310161017536,14.03567603954614,1258.8474265556845,44.0,37.0,84.50126013747004,85.9375,82.03125,220.77474632096258
session_12.csv,session_12,122,7808,7936,3904,3968,15.616,15.872,clench,1,128,1.0,False,False,8.010543868192064,9.224241924199866,846.9725051652729,41.0,34.0,76.90796271079351,78.125,78.125,98.97935943922238
session_12.csv,session_12,123,7872,8000,3936,4000,15.744,16.0,clench,1,128,1.0,False,False,9.141411737922432,11.146081087346504,994.1394141598931,40.0,34.0,82.43912743150378,82.03125,78.125,54.155744880344024
session_12.csv,session_12,124,7936,8064,3968,4032,15.872,16.128,clench,1,128,1.0,False,False,11.529178053890957,13.900444806979912,1250.516051584587,41.0,37.0,83.1890570454196,85.9375,85.9375,266.46413803820275
session_12.csv,session_12,125,8000,8128,4000,4064,16.0,16.256,clench,1,128,1.0,False,False,12.828968459472154,15.215110368136957,1393.2926132447465,41.0,38.0,79.58502991975202,78.125,78.125,185.5478199562711
session_12.csv,session_12,126,8064,8192,4032,4096,16.128,16.384,clench,1,128,1.0,False,False,11.39482071992611,14.237559509286623,1232.5094296268148,39.0,36.0,83.8954382623025,85.9375,89.84375,190.2829802105873
session_12.csv,session_12,127,8128,8256,4064,4128,16.256,16.512,clench,1,128,1.0,False,False,11.611788137832946,14.467235231863393,1256.423307219709,38.0,37.0,77.2901578029471,74.21875,74.21875,297.5781522396959
session_12.csv,session_12,128,8192,8320,4096,4160,16.384,16.64,clench,1,128,1.0,False,False,14.350172828156321,17.744679307263993,1529.5251578395334,41.0,39.0,81.91605206148978,78.125,78.125,130.7348388638617
session_12.csv,session_12,129,8256,8384,4128,4192,16.512,16.768,clench,1,128,1.0,False,False,15.192799222665531,19.230551997898353,1638.2979309181267,43.0,41.0,84.28958362016485,82.03125,82.03125,519.5107920086083
session_12.csv,session_12,130,8320,8448,4160,4224,16.64,16.896,clench,1,128,1.0,False,False,17.166761694334113,21.43826539783715,1904.9497639841256,43.0,40.0,80.14495044468201,78.125,74.21875,577.918209249595
session_12.csv,session_12,131,8384,8512,4192,4256,16.768,17.024,clench,1,128,1.0,False,False,20.81794515509327,24.97156542793786,2222.617340528249,41.0,38.0,84.82188615494255,85.9375,85.9375,550.6548991317204
session_12.csv,session_12,132,8448,8576,4224,4288,16.896,17.152,clench,1,128,1.0,False,False,19.823830942701193,24.11032921247644,2072.5114868385035,38.0,33.0,82.9517231962196,85.9375,85.9375,583.152500846494
session_12.csv,session_12,133,8512,8640,4256,4320,17.024,17.28,clench,1,128,1.0,False,False,15.395671569106684,19.454278676773843,1611.9968055572415,37.0,33.0,77.42015401599494,78.125,70.3125,432.4065914013349
session_12.csv,session_12,134,8576,8704,4288,4352,17.152,17.408,clench,1,128,1.0,False,False,9.414667883720451,12.598733367037923,1030.2978524280652,41.0,34.0,80.7963872091665,82.03125,85.9375,106.96666653375236
session_12.csv,session_12,135,8640,8768,4320,4384,17.28,17.536,clench,1,128,1.0,False,True,4.573295785729458,5.5681491085540396,510.2297037844762,42.0,32.0,88.69329969746094,89.84375,97.65625,17.221272382775474
session_12.csv,session_12,136,8704,8832,4352,4416,17.408,17.664,relax,0,64,0.5,True,True,4.717363947056452,6.613106489938383,534.499866600727,40.0,29.0,84.72159553961406,85.9375,85.9375,35.08264502975252
session_12.csv,session_12,137,8768,8896,4384,4448,17.536,17.792,relax,0,0,0.0,False,True,5.526822330651198,7.181222837281295,610.3545727038058,41.0,31.0,87.50739929311843,85.9375,97.65625,40.66553693029605
session_12.csv,session_12,138,8832,8960,4416,4480,17.664,17.92,relax,0,0,0.0,False,False,4.2133047295927835,5.057640356754625,462.72176530149653,39.0,30.0,74.65638698571952,74.21875,70.3125,25.99803984904495
session_12.csv,session_12,139,8896,9024,4448,4512,17.792,18.048,relax,0,0,0.0,False,False,3.042596371599945,3.9522549258789286,331.6356742456481,34.0,22.0,82.3240593799689,85.9375,85.9375,13.268069393342442
session_12.csv,session_12,140,8960,9088,4480,4544,17.92,18.176,relax,0,0,0.0,False,False,2.762860012362431,3.382646819330187,294.84223736014735,32.0,19.0,75.82657266271733,74.21875,70.3125,7.355898864600719
session_12.csv,session_12,141,9024,9152,4512,4576,18.048,18.304,relax,0,0,0.0,False,False,2.7354277998761987,3.275762759741868,286.5210133648095,31.0,17.0,73.22049514210711,70.3125,70.3125,10.574786172420486
session_12.csv,session_12,142,9088,9216,4544,4608,18.176,18.432,relax,0,0,0.0,False,False,2.730063478206326,3.648390012191636,297.0410923902584,31.0,17.0,81.14461817860617,78.125,74.21875,6.937199201484334
session_12.csv,session_12,143,9152,9280,4576,4640,18.304,18.56,relax,0,0,0.0,False,False,3.280305502016409,4.197078962472111,373.98671577321505,38.0,27.0,86.88902391352245,89.84375,93.75,21.620191787944982
session_12.csv,session_12,144,9216,9344,4608,4672,18.432,18.688,relax,0,0,0.0,False,False,3.345420652335525,4.218720870419297,364.89044015158646,36.0,25.0,80.98488376918914,82.03125,82.03125,12.259425646137078
session_12.csv,session_12,145,9280,9408,4640,4704,18.56,18.816,relax,0,0,0.0,False,False,3.558161785558032,4.609425281761811,389.3289207196926,35.0,23.0,81.42523359414895,78.125,74.21875,32.44126223210129
session_12.csv,session_12,146,9344,9472,4672,4736,18.688,18.944,relax,0,0,0.0,False,True,6.7116848419520325,10.289710822187834,706.229420712468,38.0,26.0,82.83010338976037,89.84375,93.75,25.81943587862827
session_12.csv,session_12,147,9408,9536,4704,4768,18.816,19.072,relax,0,48,0.375,True,True,11.439804567695866,15.379104108125976,1267.3858109814303,39.0,34.0,80.63814589222667,78.125,74.21875,252.29754551806815
session_12.csv,session_12,148,9472,9600,4736,4800,18.944,19.2,clench,1,112,0.875,True,True,13.336758416026672,17.104032840053268,1536.1976166884526,41.0,40.0,84.60747872521469,89.84375,93.75,317.80544018533925
session_12.csv,session_12,149,9536,9664,4768,4832,19.072,19.328,clench,1,128,1.0,False,False,18.15833502996462,23.429726464992367,1953.218067850538,41.0,37.0,79.18210953294015,78.125,78.125,499.516771613417
session_12.csv,session_12,150,9600,9728,4800,4864,19.2,19.456,clench,1,128,1.0,False,False,17.632927560110662,23.054278752359885,1881.1179410699267,40.0,36.0,77.26568211471177,78.125,78.125,724.3632449731313
session_12.csv,session_12,151,9664,9792,4832,4896,19.328,19.584,clench,1,128,1.0,False,False,14.649813011219502,19.000814730412248,1535.668178766505,40.0,35.0,80.1690750594955,82.03125,82.03125,218.48833064759464
session_12.csv,session_12,152,9728,9856,4864,4928,19.456,19.712,clench,1,128,1.0,False,False,14.171024389927808,17.87055979171438,1495.6903611338453,41.0,35.0,76.76671992600744,78.125,85.9375,314.4215563367499
session_12.csv,session_12,153,9792,9920,4896,4960,19.584,19.84,clench,1,128,1.0,False,False,14.04599335091354,17.266677536762206,1506.0940097758275,41.0,37.0,78.27350032594548,78.125,74.21875,274.91891825978536
session_12.csv,session_12,154,9856,9984,4928,4992,19.712,19.968,clench,1,128,1.0,False,False,13.750268596056529,16.97343930607828,1494.8078106152425,43.0,39.0,82.48207716015632,82.03125,89.84375,244.70588316969716
session_12.csv,session_12,155,9920,10048,4960,5024,19.84,20.096,clench,1,128,1.0,False,False,13.258946822643741,16.772930781079715,1489.4821296130433,43.0,40.0,79.40831431397102,74.21875,70.3125,175.13713492289497
session_12.csv,session_12,156,9984,10112,4992,5056,19.968,20.224,clench,1,128,1.0,False,False,16.422308320730068,19.515749813833004,1828.8629638094933,43.0,41.0,87.27845905179107,89.84375,89.84375,476.37720011645877
session_12.csv,session_12,157,10048,10176,5024,5088,20.096,20.352,clench,1,128,1.0,False,False,16.282217072377964,18.853041095832815,1745.9036724481002,41.0,38.0,82.95971819968753,85.9375,89.84375,282.50396515559936
session_12.csv,session_12,158,10112,10240,5056,5120,20.224,20.48,clench,1,128,1.0,False,False,14.960863417586634,18.128788363073156,1660.9737168962793,41.0,38.0,83.55553841656213,85.9375,85.9375,366.19522832653183
session_12.csv,session_12,159,10176,10304,5088,5152,20.352,20.608,clench,1,128,1.0,False,False,13.78246678023108,16.565185233393958,1475.2711870082835,40.0,36.0,83.45081310555075,89.84375,93.75,232.14822613131167
session_12.csv,session_12,160,10240,10368,5120,5184,20.48,20.736,clench,1,128,1.0,False,False,11.654131383111586,13.876943228374227,1211.48278451742,39.0,35.0,82.71214935273613,85.9375,89.84375,151.61239021263495
session_12.csv,session_12,161,10304,10432,5152,5216,20.608,20.864,clench,1,128,1.0,False,False,11.761897327741888,14.57393279144335,1253.8708246353447,43.0,35.0,81.41513178267985,82.03125,70.3125,232.75869091873986
session_12.csv,session_12,162,10368,10496,5184,5248,20.736,20.992,clench,1,128,1.0,False,False,8.860178094376405,12.483107678545556,951.1984433824109,43.0,31.0,82.15514530861087,82.03125,85.9375,115.79282970457444
session_12.csv,session_12,163,10432,10560,5216,5280,20.864,21.12,clench,1,121,0.9453125,True,True,6.383147675962244,7.99506607439459,652.3717571302085,40.0,29.0,80.69980089916997,78.125,74.21875,44.452606055659786
session_12.csv,session_12,164,10496,10624,5248,5312,20.992,21.248,relax,0,57,0.4453125,True,True,6.722447339085909,8.545468504313765,708.2997078839809,39.0,31.0,81.42018104220993,82.03125,74.21875,106.67847015474278
session_12.csv,session_12,165,10560,10688,5280,5344,21.12,21.376,relax,0,0,0.0,False,True,4.2528676618197085,5.985500595231371,463.8481798336365,34.0,25.0,76.55013801375085,74.21875,70.3125,8.50400918363233
session_12.csv,session_12,166,10624,10752,5312,5376,21.248,21.504,relax,0,0,0.0,False,False,3.40033724445368,4.320068539463664,374.5036696745606,37.0,23.0,84.07664928641555,82.03125,78.125,23.52674897846802
session_12.csv,session_12,167,10688,10816,5344,5408,21.376,21.632,relax,0,0,0.0,False,False,3.629076933360907,4.462725228839922,393.03922172246354,38.0,25.0,81.96688538029899,78.125,70.3125,12.026672908059362
session_12.csv,session_12,168,10752,10880,5376,5440,21.504,21.76,relax,0,0,0.0,False,False,2.6303956346142296,3.7525684877164482,281.0136514280485,26.0,15.0,79.24985970378896,78.125,74.21875,17.067209267185103
session_12.csv,session_12,169,10816,10944,5408,5472,21.632,21.888,relax,0,0,0.0,False,False,1.4151155041843788,1.769014078952964,152.63450247910492,22.0,8.0,82.9849090508251,85.9375,89.84375,1.3075246578794129
session_12.csv,session_12,170,10880,11008,5440,5504,21.76,22.016,relax,0,0,0.0,False,False,2.3701248605724263,2.9629523422252766,241.29107239570277,30.0,12.0,71.91737732519304,70.3125,70.3125,7.604176040291658
session_12.csv,session_12,171,10944,11072,5472,5536,21.888,22.144,relax,0,0,0.0,False,False,2.7086199648096394,3.2559812492090634,275.70841681025973,32.0,14.0,76.71784768937103,74.21875,74.21875,12.728887844613926
session_12.csv,session_12,172,11008,11136,5504,5568,22.016,22.272,relax,0,0,0.0,False,False,2.679353899231522,3.2334406574985546,278.3825835670311,32.0,17.0,74.45304255008767,74.21875,70.3125,11.255539945327609
session_12.csv,session_12,173,11072,11200,5536,5600,22.144,22.4,relax,0,0,0.0,False,False,2.856496988910267,3.3949612235633464,289.16287797779154,34.0,18.0,76.20055510003392,74.21875,78.125,10.302831194592594
session_12.csv,session_12,174,11136,11264,5568,5632,22.272,22.528,relax,0,0,0.0,False,False,2.4641934081680192,2.9842062641437797,251.06682963162527,31.0,12.0,76.43315065768779,74.21875,70.3125,10.055391657128904
session_12.csv,session_12,175,11200,11328,5600,5664,22.4,22.656,relax,0,0,0.0,False,False,2.2440511349503707,2.7030294813574955,232.14721716357838,33.0,15.0,81.1156353629728,82.03125,93.75,6.137239990537826
session_12.csv,session_12,176,11264,11392,5632,5696,22.528,22.784,relax,0,0,0.0,False,False,2.042830745102611,2.50259274286453,226.83516252296909,34.0,20.0,89.03414902092241,93.75,93.75,7.895193012071367
session_12.csv,session_12,177,11328,11456,5664,5728,22.656,22.912,relax,0,0,0.0,False,False,2.2742153536143377,2.792468010474385,247.27947422211443,33.0,17.0,83.41275901239072,85.9375,89.84375,4.22881548875077
session_12.csv,session_12,178,11392,11520,5696,5760,22.784,23.04,relax,0,0,0.0,False,False,2.249700522256448,2.755031225216054,242.25402476110642,35.0,17.0,80.51969870568718,74.21875,70.3125,7.7189710880467635
session_12.csv,session_12,179,11456,11584,5728,5792,22.912,23.168,relax,0,0,0.0,False,False,2.0274173562137667,2.6124197856999545,224.88859582717612,28.0,16.0,81.00159108808802,78.125,74.21875,7.869451331591663
session_12.csv,session_12,180,11520,11648,5760,5824,23.04,23.296,relax,0,0,0.0,False,False,2.0564065156066205,2.616835820519024,225.18488033279303,26.0,13.0,83.31904658034362,85.9375,85.9375,8.977895822057192
session_12.csv,session_12,181,11584,11712,5792,5856,23.168,23.424,relax,0,0,0.0,False,False,2.2601148848216406,2.7195215781734006,237.32637887204612,30.0,16.0,85.4716669895664,93.75,93.75,5.879471808403301
session_12.csv,session_12,182,11648,11776,5824,5888,23.296,23.552,relax,0,0,0.0,False,False,2.3092361760420257,2.794679090399195,233.43496842938865,30.0,15.0,77.62954222119357,74.21875,70.3125,8.187840046919067
session_12.csv,session_12,183,11712,11840,5856,5920,23.424,23.68,relax,0,0,0.0,False,False,2.0549038797433004,2.6067489792918987,226.90191054225244,27.0,14.0,79.97311367517182,82.03125,89.84375,6.450774990828729
session_12.csv,session_12,184,11776,11904,5888,5952,23.552,23.808,relax,0,0,0.0,False,False,1.7852099272177933,2.2478771643226265,203.10424189158633,26.0,15.0,80.37541086679032,82.03125,82.03125,4.321343868201975
session_12.csv,session_12,185,11840,11968,5920,5984,23.68,23.936,relax,0,0,0.0,False,False,1.841494580547688,2.2131777717400856,189.54908778045208,27.0,11.0,77.76740419367076,70.3125,70.3125,4.689397852509217
session_12.csv,session_12,186,11904,12032,5952,6016,23.808,24.064,relax,0,0,0.0,False,False,2.700287612563668,3.2720009240578847,288.59418775284325,36.0,22.0,78.64646904423948,74.21875,70.3125,13.535860127742778
session_12.csv,session_12,187,11968,12096,5984,6048,23.936,24.192,relax,0,0,0.0,False,False,3.059071511141485,3.669220281231939,327.34398166210866,39.0,26.0,84.20053204109405,85.9375,93.75,8.377675402136784
session_12.csv,session_12,188,12032,12160,6016,6080,24.064,24.32,relax,0,0,0.0,False,False,2.4829060106062224,3.007850816425934,263.2800863543866,34.0,19.0,79.56517507406107,78.125,74.21875,12.502644199415215
session_12.csv,session_12,189,12096,12224,6048,6112,24.192,24.448,relax,0,0,0.0,False,False,1.9934484853808718,2.334063742339057,209.07433350587957,31.0,13.0,80.7079613560406,82.03125,78.125,5.548144118099116
session_12.csv,session_12,190,12160,12288,6080,6144,24.32,24.576,relax,0,0,0.0,False,False,1.592649985717557,1.918310884036602,164.05013684588883,25.0,7.0,76.94980160543433,74.21875,70.3125,3.393824730448138
session_12.csv,session_12,191,12224,12352,6112,6176,24.448,24.704,relax,0,0,0.0,False,False,2.261830295708146,2.966251147144383,241.65165764446687,27.0,11.0,77.19746931899091,74.21875,70.3125,6.684342167516338
session_12.csv,session_12,192,12288,12416,6144,6208,24.576,24.832,relax,0,0,0.0,False,False,2.3711144211500486,3.018374390381823,251.66747077602417,27.0,11.0,81.37836396556027,82.03125,82.03125,10.597712552063264
session_12.csv,session_12,193,12352,12480,6176,6240,24.704,24.96,relax,0,0,0.0,False,False,1.7520056720009585,2.2849115421639543,176.932333878231,21.0,8.0,75.98083492591704,70.3125,70.3125,1.7099062772865177
session_12.csv,session_12,194,12416,12544,6208,6272,24.832,25.088,relax,0,0,0.0,False,False,2.0741464225292168,2.58102386879456,214.7236250598401,30.0,15.0,77.11622021476383,74.21875,70.3125,9.140458115942604
session_12.csv,session_12,195,12480,12608,6240,6304,24.96,25.216,relax,0,16,0.125,True,True,3.9706200284039337,5.268632796965993,445.5507702194109,39.0,26.0,84.58917803809166,85.9375,85.9375,16.526811855233852
session_12.csv,session_12,196,12544,12672,6272,6336,25.088,25.344,clench,1,80,0.625,True,True,9.92768602031813,13.892260179578429,1092.2388950328425,42.0,37.0,82.76921067763813,85.9375,85.9375,84.73132225794572
session_12.csv,session_12,197,12608,12736,6304,6368,25.216,25.472,clench,1,128,1.0,False,True,13.40427245741356,16.455814093638693,1507.3095015620786,46.0,42.0,85.24727079590932,85.9375,89.84375,396.4308846697763
session_12.csv,session_12,198,12672,12800,6336,6400,25.344,25.6,clench,1,128,1.0,False,False,16.05586776819808,19.559818334854125,1744.423497909294,44.0,42.0,83.9220222607009,85.9375,97.65625,220.6755260065807
session_12.csv,session_12,199,12736,12864,6368,6432,25.472,25.728,clench,1,128,1.0,False,False,18.06440295372247,21.933186856857727,1958.7575038559487,42.0,40.0,86.08781895977965,85.9375,85.9375,422.6164427425314
session_12.csv,session_12,200,12800,12928,6400,6464,25.6,25.856,clench,1,128,1.0,False,False,15.402003658269287,19.174744082172758,1673.0509660567661,44.0,44.0,88.31160740664046,89.84375,85.9375,413.57691721210176
session_12.csv,session_12,201,12864,12992,6432,6496,25.728,25.984,clench,1,128,1.0,False,False,14.531261281334283,17.760814142054308,1513.4407586845687,44.0,42.0,83.73396493449206,85.9375,85.9375,402.8685301129467
session_12.csv,session_12,202,12928,13056,6464,6528,25.856,26.112,clench,1,128,1.0,False,False,18.58409928349441,22.279967194017537,2018.8432514912424,43.0,38.0,82.85871983178424,82.03125,93.75,457.9794831860451
session_12.csv,session_12,203,12992,13120,6496,6560,25.984,26.24,clench,1,128,1.0,False,False,17.45044876613633,21.27920969460525,1900.253727158518,41.0,39.0,80.28577391445909,85.9375,85.9375,403.1560414493149
session_12.csv,session_12,204,13056,13184,6528,6592,26.112,26.368,clench,1,128,1.0,False,False,17.02759427097459,20.241008246021455,1864.5958166357996,42.0,39.0,79.6459940620676,82.03125,82.03125,372.2297960147998
session_12.csv,session_12,205,13120,13248,6560,6624,26.24,26.496,clench,1,128,1.0,False,False,18.01830550824978,21.052955153701685,1998.9927233735993,43.0,38.0,86.79204917081218,85.9375,85.9375,430.8124173681864
session_12.csv,session_12,206,13184,13312,6592,6656,26.368,26.624,clench,1,128,1.0,False,False,17.17763162651725,21.001583928790563,1860.1148832241754,42.0,39.0,81.41389784435175,85.9375,70.3125,293.5065210399599
session_12.csv,session_12,207,13248,13376,6624,6688,26.496,26.752,clench,1,128,1.0,False,False,19.5312637252066,24.647407920493976,2161.2212040833865,43.0,41.0,86.52418278820151,89.84375,89.84375,699.7285272650278
session_12.csv,session_12,208,13312,13440,6656,6720,26.624,26.88,clench,1,128,1.0,False,False,22.418566313673928,29.24953212264374,2508.6271392332505,43.0,40.0,81.73353693703903,85.9375,70.3125,1035.9353468984489
session_12.csv,session_12,209,13376,13504,6688,6752,26.752,27.008,clench,1,128,1.0,False,False,18.980360208019263,25.81943887634903,2086.9036132592373,40.0,37.0,81.68408828913338,82.03125,93.75,400.92558130837386
session_12.csv,session_12,210,13440,13568,6720,6784,26.88,27.136,clench,1,106,0.828125,True,True,9.43812843195425,12.271155234679366,1056.9565613944637,39.0,36.0,89.4162661185254,93.75,93.75,96.54255587758949
session_12.csv,session_12,211,13504,13632,6752,6816,27.008,27.264,relax,0,42,0.328125,True,True,7.2725660132618515,8.679900422021294,747.6715166530663,37.0,30.0,76.96435107869485,74.21875,74.21875,106.41353429581788
session_12.csv,session_12,212,13568,13696,6784,6848,27.136,27.392,relax,0,0,0.0,False,True,5.699526281787362,6.963724677344806,582.5860645281498,36.0,23.0,86.33617053180474,85.9375,82.03125,45.8651850806807
session_12.csv,session_12,213,13632,13760,6816,6880,27.264,27.52,relax,0,0,0.0,False,False,3.1069588752379174,3.7493161986104644,310.64096539726626,32.0,17.0,77.50730310228934,74.21875,70.3125,11.01409767341288
session_12.csv,session_12,214,13696,13824,6848,6912,27.392,27.648,relax,0,0,0.0,False,False,2.7509438314801233,3.437036829075418,304.05106491879354,34.0,23.0,80.46658775120443,82.03125,85.9375,15.01332677416713
session_12.csv,session_12,215,13760,13888,6880,6944,27.52,27.776,relax,0,0,0.0,False,False,2.4791636740462044,3.0769931149369665,282.1601271640744,36.0,24.0,83.9205288731542,85.9375,85.9375,7.926073320002337
session_12.csv,session_12,216,13824,13952,6912,6976,27.648,27.904,relax,0,33,0.2578125,True,True,7.926539024152237,12.918577451227826,819.667320622181,37.0,27.0,82.21254499533129,85.9375,85.9375,51.5686340115478
session_12.csv,session_12,217,13888,14016,6944,7008,27.776,28.032,clench,1,97,0.7578125,True,True,21.70074790069291,27.85327311978565,2438.0678342464817,39.0,35.0,81.79579002839873,82.03125,82.03125,994.5748001709137
session_12.csv,session_12,218,13952,14080,6976,7040,27.904,28.16,clench,1,128,1.0,False,False,21.020549134862048,26.71649805518588,2290.3680329233807,39.0,34.0,82.54943058981736,82.03125,85.9375,482.8132256739661
session_12.csv,session_12,219,14016,14144,7008,7072,28.032,28.288,clench,1,128,1.0,False,False,14.958057214366438,18.914177266454367,1614.7955393373481,38.0,35.0,74.39237602167448,74.21875,74.21875,387.14189292334686
session_12.csv,session_12,220,14080,14208,7040,7104,28.16,28.416,clench,1,128,1.0,False,False,16.315535651583097,20.387451833155566,1856.5490150671649,41.0,40.0,81.33046621551982,74.21875,74.21875,411.49352811012074
session_12.csv,session_12,221,14144,14272,7072,7136,28.288,28.544,clench,1,128,1.0,False,False,14.271710019050607,17.701447428366883,1593.2691033029323,41.0,38.0,81.16394291717963,82.03125,82.03125,238.58208677690052
session_12.csv,session_12,222,14208,14336,7104,7168,28.416,28.672,clench,1,128,1.0,False,False,15.555784178972019,20.007372140905392,1767.7774098852283,42.0,37.0,82.00912764500245,82.03125,85.9375,435.37972470271876
session_12.csv,session_12,223,14272,14400,7136,7200,28.544,28.8,clench,1,128,1.0,False,False,15.125423753991752,19.47696210655689,1712.258836570142,44.0,40.0,84.67549515199615,85.9375,93.75,310.0611415330723
session_12.csv,session_12,224,14336,14464,7168,7232,28.672,28.928,clench,1,128,1.0,False,False,15.159819948599186,18.525749781382103,1697.347078314013,44.0,42.0,86.02079551379722,85.9375,85.9375,388.4519985947381
session_12.csv,session_12,225,14400,14528,7200,7264,28.8,29.056,clench,1,128,1.0,False,False,18.599392277182364,22.172914544425655,2081.4283269761604,41.0,41.0,83.69939960417061,89.84375,89.84375,504.4454869342234
session_12.csv,session_12,226,14464,14592,7232,7296,28.928,29.184,clench,1,128,1.0,False,False,13.97851485418,18.38169337641221,1498.5338220092776,36.0,34.0,77.5019243038633,74.21875,74.21875,357.92443066478086
session_12.csv,session_12,227,14528,14656,7264,7328,29.056,29.312,clench,1,128,1.0,False,True,9.570019406800496,12.595718430366148,1036.1361919908948,38.0,32.0,79.71467121046628,82.03125,85.9375,107.63905818689192
session_12.csv,session_12,228,14592,14720,7296,7360,29.184,29.44,clench,1,72,0.5625,True,True,8.548585903481012,11.384275848788711,913.5544421735298,40.0,33.0,84.43752892095662,85.9375,82.03125,113.41080798128486
session_12.csv,session_12,229,14656,14784,7328,7392,29.312,29.568,relax,0,8,0.0625,True,True,5.243613803951753,6.403606392424268,545.3647058757551,37.0,25.0,77.86181320354457,74.21875,70.3125,40.052387523563176
session_12.csv,session_12,230,14720,14848,7360,7424,29.44,29.696,relax,0,0,0.0,False,False,4.482325616947868,5.599662788637941,453.5200530814668,34.0,22.0,74.70776017512307,74.21875,74.21875,38.99345665950613
session_12.csv,session_12,231,14784,14912,7392,7456,29.568,29.824,relax,0,0,0.0,False,False,3.3122018662115424,4.465216500270813,361.52841501060067,36.0,25.0,83.48349804885608,85.9375,85.9375,12.086364291800104
session_12.csv,session_12,232,14848,14976,7424,7488,29.696,29.952,relax,0,0,0.0,False,False,2.2556159542335683,2.7654293371695924,247.46277831520078,33.0,19.0,88.10201540125449,93.75,97.65625,7.4427939137304024
session_12.csv,session_12,233,14912,15040,7456,7520,29.824,30.08,relax,0,0,0.0,False,False,3.776842437572491,4.750285985563329,396.8447233743899,36.0,23.0,80.96871666574056,82.03125,70.3125,23.738735354757583
session_12.csv,session_12,234,14976,15104,7488,7552,29.952,30.208,relax,0,0,0.0,False,False,4.23682282419516,5.157692860595491,456.6632458231418,39.0,27.0,80.22238646234442,78.125,78.125,21.240172341613185
session_12.csv,session_12,235,15040,15168,7520,7584,30.08,30.336,relax,0,0,0.0,False,False,3.3753487176759296,3.977245159032717,363.10685816477064,37.0,23.0,77.86148225705792,74.21875,74.21875,14.981240683226947
session_12.csv,session_12,236,15104,15232,7552,7616,30.208,30.464,relax,0,0,0.0,False,False,3.405150705243355,4.070235531316855,369.619033439201,40.0,25.0,79.52857028672169,78.125,74.21875,18.579157844865232
session_12.csv,session_12,237,15168,15296,7584,7648,30.336,30.592,relax,0,0,0.0,False,False,2.920703770656596,3.710700287869349,322.49606382933,38.0,24.0,83.31039312101348,85.9375,89.84375,7.1341933151982975
session_12.csv,session_12,238,15232,15360,7616,7680,30.464,30.72,relax,0,0,0.0,False,False,2.563887930705353,3.2102620371497967,286.8748200256042,37.0,22.0,84.69507493989101,85.9375,85.9375,11.108355011680233
session_12.csv,session_12,239,15296,15424,7648,7712,30.592,30.848,relax,0,0,0.0,False,False,2.7546229048505633,3.3384077130658607,312.83134565916987,39.0,25.0,81.02013982795687,82.03125,85.9375,9.52049330326023
session_12.csv,session_12,240,15360,15488,7680,7744,30.72,30.976,relax,0,0,0.0,False,False,2.4766104037801013,3.1745257108114457,281.5866862696298,32.0,21.0,87.5421567962349,89.84375,97.65625,6.876092818347753
session_12.csv,session_12,241,15424,15552,7712,7776,30.848,31.104,relax,0,0,0.0,False,False,2.3555493114393693,3.150264846386338,256.22283762018674,26.0,16.0,81.87634174040444,82.03125,74.21875,12.23282704457827
session_12.csv,session_12,242,15488,15616,7744,7808,30.976,31.232,relax,0,0,0.0,False,False,2.4879357347652578,2.9879044196241438,257.48864665262397,33.0,16.0,83.83399619091456,85.9375,85.9375,7.624863748971438
session_12.csv,session_12,243,15552,15680,7776,7840,31.104,31.36,relax,0,19,0.1484375,True,True,6.3718130501925945,10.277387489705921,639.226957337899,38.0,24.0,79.25994718844875,78.125,82.03125,30.81958637383748
session_12.csv,session_12,244,15616,15744,7808,7872,31.232,31.488,clench,1,83,0.6484375,True,True,17.381266386709864,26.096891622272157,1888.0814093122433,41.0,35.0,77.9792710961934,78.125,78.125,1292.2446609765532
session_12.csv,session_12,245,15680,15808,7840,7904,31.36,31.616,clench,1,128,1.0,False,True,19.844057772910087,27.85312968434724,2137.1363440498776,38.0,34.0,81.6020050608054,82.03125,74.21875,263.42937966700674
session_12.csv,session_12,246,15744,15872,7872,7936,31.488,31.744,clench,1,128,1.0,False,False,15.210658083010614,19.19773870845416,1609.7270602090323,39.0,35.0,78.44217831336587,78.125,70.3125,192.75762087291244
session_12.csv,session_12,247,15808,15936,7904,7968,31.616,31.872,clench,1,128,1.0,False,False,14.723944563665555,18.487136716398165,1598.8470268312974,42.0,37.0,85.12538257615947,85.9375,85.9375,534.8798182543289
session_12.csv,session_12,248,15872,16000,7936,8000,31.744,32.0,clench,1,128,1.0,False,False,14.760098872413932,18.59552046541886,1594.6627155120268,41.0,35.0,79.22865939918827,74.21875,70.3125,312.44352144238974
session_12.csv,session_12,249,15936,16064,7968,8032,31.872,32.128,clench,1,128,1.0,False,False,13.872665387097586,17.29808273960323,1535.2058706005557,42.0,39.0,83.36010072274067,85.9375,89.84375,224.48449724207848
session_12.csv,session_12,250,16000,16128,8000,8064,32.0,32.256,clench,1,128,1.0,False,False,12.169088526054697,16.784352048958556,1368.431529256696,42.0,37.0,80.90039441805804,78.125,74.21875,156.56028966174662
session_12.csv,session_12,251,16064,16192,8032,8096,32.128,32.384,clench,1,128,1.0,False,False,9.691689083433886,14.113958517039372,1091.4584125409342,40.0,35.0,82.10893126097264,82.03125,82.03125,375.62652252555176
session_12.csv,session_12,252,16128,16256,8064,8128,32.256,32.512,clench,1,128,1.0,False,False,8.433047036536735,10.197944534347936,892.7211784622093,40.0,33.0,75.77296848779731,74.21875,70.3125,110.36713601300696
session_12.csv,session_12,253,16192,16320,8096,8160,32.384,32.64,clench,1,128,1.0,False,False,13.15657035311656,15.862422939045706,1432.02771015391,42.0,36.0,81.52084268649877,82.03125,89.84375,273.5439539658091
session_12.csv,session_12,254,16256,16384,8128,8192,32.512,32.768,clench,1,128,1.0,False,False,12.537537954240738,15.312846542966684,1394.2562588985168,43.0,37.0,88.18875554707331,89.84375,97.65625,172.0736431265251
session_12.csv,session_12,255,16320,16448,8160,8224,32.64,32.896,clench,1,128,1.0,False,False,14.83517615021406,20.417632008241043,1482.522103586937,39.0,31.0,82.17664155828697,82.03125,78.125,420.2976350738235
session_12.csv,session_12,256,16384,16512,8192,8256,32.768,33.024,clench,1,128,1.0,False,False,22.182339120955966,27.809803093020555,2265.1165339880768,36.0,30.0,79.89082072447228,78.125,74.21875,725.9064727890644
session_12.csv,session_12,257,16448,16576,8224,8288,32.896,33.152,clench,1,128,1.0,False,False,19.471045379636564,24.30554252890649,2071.4435722462176,40.0,34.0,77.737181772543,78.125,70.3125,661.7964806489731
session_12.csv,session_12,258,16512,16640,8256,8320,33.024,33.28,clench,1,128,1.0,False,False,12.730086501304216,15.85780084413019,1368.6481354180153,42.0,35.0,86.4550991729632,93.75,97.65625,175.77363560004505
session_12.csv,session_12,259,16576,16704,8288,8352,33.152,33.408,clench,1,128,1.0,False,False,13.092524304736266,16.455260845877632,1404.400721059352,39.0,36.0,75.87092182542868,74.21875,74.21875,153.6956877504765
session_12.csv,session_12,260,16640,16768,8320,8384,33.28,33.536,clench,1,128,1.0,False,False,11.59711620967185,15.505607916696768,1266.883429710981,41.0,38.0,78.6092651407947,78.125,82.03125,319.599005271225
session_12.csv,session_12,261,16704,16832,8352,8416,33.408,33.664,clench,1,128,1.0,False,False,4.7269077985685986,6.35094404870201,522.6011520178978,40.0,30.0,83.50218690073793,85.9375,85.9375,24.029938438690564
session_12.csv,session_12,262,16768,16896,8384,8448,33.536,33.792,clench,1,117,0.9140625,True,True,3.295236208553147,4.102814811504,367.68403145202416,38.0,26.0,85.73205607864094,85.9375,85.9375,12.66930487859981
session_12.csv,session_12,263,16832,16960,8416,8480,33.664,33.92,relax,0,53,0.4140625,True,True,3.5525741787040226,4.420710101781336,396.687526194234,38.0,25.0,82.01302283962195,82.03125,82.03125,26.942879469773196
session_12.csv,session_12,264,16896,17024,8448,8512,33.792,34.048,relax,0,0,0.0,False,True,5.29247537489388,6.683487927131425,570.5110838116315,40.0,28.0,85.39083414123574,85.9375,85.9375,65.96656648764304
session_12.csv,session_12,265,16960,17088,8480,8544,33.92,34.176,relax,0,0,0.0,False,False,5.189119366210738,6.592721021989697,556.3998317432084,40.0,29.0,84.74959812780313,85.9375,85.9375,17.471669568945313
session_12.csv,session_12,266,17024,17152,8512,8576,34.048,34.304,relax,0,0,0.0,False,False,3.911833568342609,4.9619758180965,415.6806986873399,37.0,23.0,79.89339625931439,82.03125,82.03125,41.67662777908248
session_12.csv,session_12,267,17088,17216,8544,8608,34.176,34.432,relax,0,0,0.0,False,False,3.8169757382780944,4.9492294076962375,414.4914122008296,35.0,22.0,81.54663415196134,85.9375,89.84375,7.569322505552382
session_12.csv,session_12,268,17152,17280,8576,8640,34.304,34.56,relax,0,0,0.0,False,False,3.2572442592270336,4.25625416703604,355.7437818240108,30.0,20.0,78.34912366116949,78.125,74.21875,29.63603809468306
session_12.csv,session_12,269,17216,17344,8608,8672,34.432,34.688,relax,0,0,0.0,False,False,2.987627735539959,3.875728801578763,310.9525969518739,30.0,16.0,79.37129759412989,82.03125,82.03125,7.562494453607891
session_12.csv,session_12,270,17280,17408,8640,8704,34.56,34.816,relax,0,0,0.0,False,False,3.878166337935368,4.8274974513726345,424.57037621153944,35.0,23.0,85.87071445065119,85.9375,85.9375,28.73626211566266
session_12.csv,session_12,271,17344,17472,8672,8736,34.688,34.944,relax,0,0,0.0,False,False,4.516255632105881,5.378931457345617,484.2118149351286,38.0,27.0,79.59883787338377,82.03125,85.9375,18.951369545924887
session_12.csv,session_12,272,17408,17536,8704,8768,34.816,35.072,relax,0,0,0.0,False,False,3.3338734327309867,4.031009193816624,366.192474856502,40.0,25.0,87.482322280524,89.84375,93.75,16.22277114650103
session_12.csv,session_12,273,17472,17600,8736,8800,34.944,35.2,relax,0,0,0.0,False,False,2.4238753070232626,2.9009181870063205,253.40745407275264,36.0,18.0,80.61853318605604,78.125,70.3125,7.733399633905174
session_12.csv,session_12,274,17536,17664,8768,8832,35.072,35.328,relax,0,0,0.0,False,False,2.352119825108078,2.9314449726017084,251.3959586637371,36.0,19.0,85.95380418054424,85.9375,89.84375,9.559136412874983
session_12.csv,session_12,275,17600,17728,8800,8864,35.2,35.456,relax,0,0,0.0,False,False,3.0055879145474877,3.7324117207914727,333.20283591600537,40.0,26.0,85.24822441097069,89.84375,89.84375,15.888294599997272
session_12.csv,session_12,276,17664,17792,8832,8896,35.328,35.584,relax,0,0,0.0,False,False,2.684426633210567,3.4129079215304845,289.8286523923664,33.0,17.0,81.1017069320073,82.03125,85.9375,13.532695637731592
session_12.csv,session_12,277,17728,17856,8864,8928,35.456,35.712,relax,0,0,0.0,False,False,2.1500671594800163,2.671780058330504,231.37634478771366,29.0,15.0,74.01941653676133,74.21875,70.3125,4.700311248457558
session_12.csv,session_12,278,17792,17920,8896,8960,35.584,35.84,relax,0,0,0.0,False,False,2.542759796327054,3.0360259081740266,271.8012035663205,34.0,19.0,81.51971094459499,78.125,78.125,9.80232526732668
session_12.csv,session_12,279,17856,17984,8928,8992,35.712,35.968,relax,0,0,0.0,False,False,2.828866784475716,3.3755775186561072,298.3470190851855,35.0,18.0,82.39051800576087,85.9375,85.9375,7.672400078939797
session_12.csv,session_12,280,17920,18048,8960,9024,35.84,36.096,relax,0,0,0.0,False,False,3.3571948540989975,4.183271263383882,365.2837359188631,36.0,22.0,82.28686187792722,82.03125,82.03125,25.350687750325594
session_12.csv,session_12,281,17984,18112,8992,9056,35.968,36.224,relax,0,0,0.0,False,False,3.766442533298891,4.945870150395779,409.83930010239743,34.0,23.0,80.69775556023416,82.03125,82.03125,12.205589161175121
session_12.csv,session_12,282,18048,18176,9024,9088,36.096,36.352,relax,0,0,0.0,False,False,2.863242940169174,4.023297001056372,309.7221217536866,30.0,19.0,83.39529462607686,82.03125,82.03125,25.71696524821345
session_12.csv,session_12,283,18112,18240,9056,9120,36.224,36.48,relax,0,0,0.0,False,False,2.2622375732396476,2.747627444893236,228.56746883304712,29.0,15.0,76.93583533189721,74.21875,74.21875,12.016522343142368
session_12.csv,session_12,284,18176,18304,9088,9152,36.352,36.608,relax,0,0,0.0,False,False,2.1892504983486356,2.6150674697295604,223.64620760225614,31.0,15.0,74.77815967413406,70.3125,70.3125,4.512356601867651
session_12.csv,session_12,285,18240,18368,9120,9184,36.48,36.736,relax,0,0,0.0,False,False,2.4166277735081554,3.089975836488016,252.99606150863067,31.0,15.0,79.80094309679811,78.125,74.21875,14.223076671323387
session_12.csv,session_12,286,18304,18432,9152,9216,36.608,36.864,relax,0,0,0.0,False,False,2.528577026978583,3.1653174804773023,260.76385393572696,29.0,14.0,84.32880527205171,85.9375,93.75,6.942400033073631
session_12.csv,session_12,287,18368,18496,9184,9248,36.736,36.992,relax,0,0,0.0,False,False,2.099909711626312,2.5207935129143477,221.6001741891431,27.0,14.0,75.84108930179988,70.3125,70.3125,4.9800946790118825
session_12.csv,session_12,288,18432,18560,9216,9280,36.864,37.12,relax,0,4,0.03125,True,True,2.1131506059533667,2.571352616689586,233.595777151429,29.0,15.0,79.38932327485892,74.21875,70.3125,8.457161978185615
session_12.csv,session_12,289,18496,18624,9248,9312,36.992,37.248,clench,1,68,0.53125,True,True,7.260875086467458,10.954493631075284,756.5777502500158,37.0,26.0,79.72942517363505,78.125,78.125,74.80489049709217
session_12.csv,session_12,290,18560,18688,9280,9344,37.12,37.376,clench,1,128,1.0,False,True,13.50238733052143,16.845994024533947,1476.7811862558915,42.0,37.0,81.64195453756446,82.03125,85.9375,369.184154232507
session_12.csv,session_12,291,18624,18752,9312,9376,37.248,37.504,clench,1,128,1.0,False,False,14.845449950373498,18.140153791226677,1615.6970021449267,40.0,38.0,82.96360533426123,82.03125,74.21875,240.69182870389392
session_12.csv,session_12,292,18688,18816,9344,9408,37.376,37.632,clench,1,128,1.0,False,False,18.514964377718893,22.956297452729856,1984.5449029459892,39.0,35.0,80.83800059336752,78.125,78.125,660.1445113356419
session_12.csv,session_12,293,18752,18880,9376,9440,37.504,37.76,clench,1,128,1.0,False,False,19.33810976524581,23.64701637975985,2093.384584942201,40.0,37.0,80.5040055009146,78.125,74.21875,438.98748261736444
session_12.csv,session_12,294,18816,18944,9408,9472,37.632,37.888,clench,1,128,1.0,False,False,15.648443192481409,18.652117652215257,1755.319497792937,43.0,40.0,81.34561713902397,82.03125,82.03125,325.94360060175103
session_12.csv,session_12,295,18880,19008,9440,9504,37.76,38.016,clench,1,128,1.0,False,False,15.63796339672314,18.79955027803181,1676.8392381847157,40.0,35.0,81.52399228029668,82.03125,82.03125,431.7774025108697
session_12.csv,session_12,296,18944,19072,9472,9536,37.888,38.144,clench,1,128,1.0,False,False,19.30257293216176,24.246234045013683,2007.134547784405,39.0,32.0,78.91190365179929,78.125,74.21875,915.9858998464043
session_12.csv,session_12,297,19008,19136,9504,9568,38.016,38.272,clench,1,128,1.0,False,False,14.294478094569566,20.542450625997855,1538.782739181479,43.0,37.0,81.20156258370348,82.03125,82.03125,148.87727590609276
session_12.csv,session_12,298,19072,19200,9536,9600,38.144,38.4,clench,1,128,1.0,False,False,7.098136447718899,8.775312002111692,749.7715786876068,41.0,31.0,80.01001235697333,78.125,78.125,112.69019663047358
session_12.csv,session_12,299,19136,19264,9568,9632,38.272,38.528,clench,1,128,1.0,False,True,7.640322214385259,9.884045749715229,801.1966684143509,38.0,25.0,82.99176638309164,82.03125,89.84375,81.64844183011104
session_12.csv,session_12,300,19200,19328,9600,9664,38.4,38.656,clench,1,69,0.5390625,True,True,6.992870487794638,9.28926849227466,774.5910231300589,38.0,28.0,83.19336451504897,82.03125,89.84375,43.010937270514155
session_12.csv,session_12,301,19264,19392,9632,9696,38.528,38.784,relax,0,5,0.0390625,True,True,4.829416159148484,6.390593399133806,525.7914084341018,36.0,24.0,83.72284380395482,82.03125,78.125,55.662090834901214
session_12.csv,session_12,302,19328,19456,9664,9728,38.656,38.912,relax,0,0,0.0,False,False,3.2106175901017573,4.0278615357698495,339.7087947116233,34.0,20.0,76.08605418204714,74.21875,70.3125,8.96364859309805
session_12.csv,session_12,303,19392,19520,9696,9760,38.784,39.04,relax,0,0,0.0,False,False,2.758315653450566,3.384648893963876,298.17470635578695,37.0,23.0,84.59394275494361,89.84375,89.84375,10.788918861350458
session_12.csv,session_12,304,19456,19584,9728,9792,38.912,39.168,relax,0,0,0.0,False,False,2.9012735155394225,3.601118433196188,322.6474277375975,37.0,25.0,80.86898147461318,82.03125,89.84375,16.9956995497431
session_12.csv,session_12,305,19520,19648,9760,9824,39.04,39.296,relax,0,0,0.0,False,False,3.228012770716872,4.148769813937672,357.2951365396305,31.0,21.0,81.94892028442868,82.03125,78.125,12.45848987235955
session_12.csv,session_12,306,19584,19712,9792,9856,39.168,39.424,relax,0,0,0.0,False,False,2.4804587028133147,3.34380935245886,259.82419158888604,25.0,13.0,81.83001915476723,82.03125,85.9375,9.260276031696325
session_12.csv,session_12,307,19648,19776,9824,9888,39.296,39.552,relax,0,0,0.0,False,False,1.9507811294913837,2.4178091858029207,201.92205275747418,26.0,10.0,74.82907215708687,74.21875,70.3125,6.476916328272
session_12.csv,session_12,308,19712,19840,9856,9920,39.424,39.68,relax,0,0,0.0,False,False,2.666996445103963,3.1346911884920337,271.1618308405308,33.0,14.0,80.65489310832633,82.03125,82.03125,10.670053619966392
session_12.csv,session_12,309,19776,19904,9888,9952,39.552,39.808,relax,0,28,0.21875,True,True,10.519367063812453,16.813885480897053,1052.9797221577653,39.0,27.0,78.65063375020584,78.125,78.125,77.35946480561579
session_12.csv,session_12,310,19840,19968,9920,9984,39.68,39.936,clench,1,92,0.71875,True,True,22.10371194548935,31.597913380804297,2469.443262443849,41.0,37.0,80.63008464199547,82.03125,82.03125,1945.3640921340639
session_12.csv,session_12,311,19904,20032,9952,10016,39.808,40.064,clench,1,128,1.0,False,False,22.1889292451904,30.81474336397133,2479.700390397475,41.0,39.0,79.91691138992206,78.125,78.125,452.82623768853426
session_12.csv,session_12,312,19968,20096,9984,10048,39.936,40.192,clench,1,128,1.0,False,False,19.22853238433331,22.79400746271995,2045.3266822355902,41.0,39.0,79.39365690240899,78.125,82.03125,666.6846806633536
session_12.csv,session_12,313,20032,20160,10016,10080,40.064,40.32,clench,1,128,1.0,False,False,12.90833392195971,17.86870961495609,1338.2072443616173,39.0,34.0,77.40800386559211,74.21875,70.3125,154.14998038585097
session_12.csv,session_12,314,20096,20224,10048,10112,40.192,40.448,clench,1,128,1.0,False,True,4.803467199018705,6.265250385355564,530.7785680981793,39.0,27.0,86.26688004100659,89.84375,93.75,26.274281694889293
session_12.csv,session_12,315,20160,20288,10080,10144,40.32,40.576,clench,1,76,0.59375,True,True,5.506549034408375,6.687329118593318,590.3427029216278,40.0,29.0,81.82079313673951,78.125,93.75,42.09507024419036
session_12.csv,session_12,316,20224,20352,10112,10176,40.448,40.704,relax,0,12,0.09375,True,True,6.861104945592523,8.295800791670082,730.4019682309261,38.0,31.0,80.51831844074371,78.125,70.3125,59.955324117935135
session_12.csv,session_12,317,20288,20416,10144,10208,40.576,40.832,relax,0,0,0.0,False,False,6.5805466630095495,8.329998512622392,724.7571917786789,36.0,33.0,82.4892747547485,85.9375,89.84375,81.24846308133026
session_12.csv,session_12,318,20352,20480,10176,10240,40.704,40.96,relax,0,0,0.0,False,False,4.439988475847038,6.1758962585759445,502.54917872241106,35.0,25.0,83.58574786797224,85.9375,97.65625,23.919123142549033
session_12.csv,session_12,319,20416,20544,10208,10272,40.832,41.088,relax,0,0,0.0,False,False,3.1470398016593464,3.79960139588656,324.8156464181628,34.0,17.0,77.39300050716318,78.125,78.125,12.300080219482407
session_12.csv,session_12,320,20480,20608,10240,10304,40.96,41.216,relax,0,0,0.0,False,False,3.211625256570233,3.906761809202953,323.6779294187113,31.0,16.0,77.81954015471835,74.21875,70.3125,14.217161170114242
session_12.csv,session_12,321,20544,20672,10272,10336,41.088,41.344,relax,0,0,0.0,False,False,2.8079237560192345,3.4879174846113137,303.1059080100829,33.0,19.0,79.38319810065633,78.125,82.03125,13.006879262298204
session_12.csv,session_12,322,20608,20736,10304,10368,41.216,41.472,relax,0,0,0.0,False,True,3.476596012114771,4.451734370345774,356.1890590996185,38.0,23.0,78.99129655510413,78.125,78.125,13.873900046939077
session_12.csv,session_12,323,20672,20800,10336,10400,41.344,41.6,relax,0,54,0.421875,True,True,14.15012432588441,21.630441407162678,1466.4231943729699,38.0,28.0,77.63636831260018,78.125,74.21875,469.8568447022908
session_12.csv,session_12,324,20736,20864,10368,10432,41.472,41.728,clench,1,118,0.921875,True,True,25.759504865815778,30.724461113856634,2701.3488563461383,39.0,35.0,77.14063002447345,74.21875,74.21875,1145.40547628384
session_12.csv,session_12,325,20800,20928,10400,10464,41.6,41.856,clench,1,128,1.0,False,False,18.93086370672643,23.890969370783218,2003.3446933516539,41.0,36.0,80.61147200383414,82.03125,82.03125,472.46968577135584
session_12.csv,session_12,326,20864,20992,10432,10496,41.728,41.984,clench,1,128,1.0,False,False,11.967529308476038,14.457177593938809,1329.446001947356,42.0,37.0,81.39541364728468,82.03125,82.03125,199.0294334129204
session_12.csv,session_12,327,20928,21056,10464,10528,41.856,42.112,clench,1,128,1.0,False,False,11.86381913923312,15.094679815847607,1309.4632386236478,42.0,36.0,80.53239862362257,82.03125,74.21875,192.90892602938186
session_12.csv,session_12,328,20992,21120,10496,10560,41.984,42.24,clench,1,128,1.0,False,False,9.372506228253009,12.553166334323283,1004.403674191972,42.0,31.0,81.37826753470452,78.125,89.84375,138.02614333494606
session_12.csv,session_12,329,21056,21184,10528,10592,42.112,42.368,clench,1,128,1.0,False,False,11.174289051777347,14.767422648329678,1174.066933914512,39.0,28.0,81.52618695825107,82.03125,82.03125,340.20233863242447
session_12.csv,session_12,330,21120,21248,10560,10624,42.24,42.496,clench,1,128,1.0,False,False,13.635245205727916,17.546518123678432,1473.9490755958236,39.0,32.0,78.7536217765734,78.125,74.21875,384.2287878284217
session_12.csv,session_12,331,21184,21312,10592,10656,42.368,42.624,clench,1,128,1.0,False,False,11.4263120504909,14.455829247781704,1193.2225863096621,40.0,31.0,76.0081456331452,74.21875,78.125,126.84945167519513
session_12.csv,session_12,332,21248,21376,10624,10688,42.496,42.752,clench,1,128,1.0,False,False,9.798259815754278,12.083546462380703,1055.2380579268572,41.0,32.0,83.50119821208642,89.84375,93.75,117.33376563609794
session_12.csv,session_12,333,21312,21440,10656,10720,42.624,42.88,clench,1,128,1.0,False,False,10.316430574276135,13.035470979635456,1111.0577054508017,41.0,37.0,78.29397829461782,78.125,82.03125,193.56419743360607
session_12.csv,session_12,334,21376,21504,10688,10752,42.752,43.008,clench,1,128,1.0,False,False,10.255378334851848,12.506283967949901,1092.7990458010197,41.0,38.0,80.53923246109235,82.03125,82.03125,223.86384087429693
session_12.csv,session_12,335,21440,21568,10720,10784,42.88,43.136,clench,1,128,1.0,False,False,11.193310192285098,14.409058996386877,1184.7567986249496,41.0,33.0,82.21109111188436,82.03125,89.84375,158.2897511690799
session_12.csv,session_12,336,21504,21632,10752,10816,43.008,43.264,clench,1,128,1.0,False,False,11.529291536358514,14.859982220994231,1209.5947494491163,42.0,34.0,82.61821027486774,85.9375,78.125,137.1184706905459
session_12.csv,session_12,337,21568,21696,10784,10848,43.136,43.392,clench,1,128,1.0,False,False,9.407667750782968,11.47296922082294,1019.9788894002148,41.0,38.0,83.41948120241824,82.03125,74.21875,141.0707286183189
session_12.csv,session_12,338,21632,21760,10816,10880,43.264,43.52,clench,1,128,1.0,False,False,7.383834085551129,9.74259052495494,824.66302617635,41.0,35.0,80.01884685552363,78.125,78.125,145.68392253319453
session_12.csv,session_12,339,21696,21824,10848,10912,43.392,43.648,clench,1,93,0.7265625,True,True,5.862938394995222,8.089468520240327,619.7413282870685,41.0,29.0,82.75050319406007,82.03125,89.84375,21.424462089625475
session_12.csv,session_12,340,21760,21888,10880,10944,43.52,43.776,relax,0,29,0.2265625,True,True,6.501573808008858,8.355677322171303,692.6899171994543,38.0,29.0,79.61075444411698,78.125,82.03125,107.30238637874051
session_12.csv,session_12,341,21824,21952,10912,10976,43.648,43.904,relax,0,0,0.0,False,False,6.945596448204821,8.974840124841544,752.924984351511,36.0,30.0,80.57267849497656,82.03125,85.9375,64.5327350045303
session_12.csv,session_12,342,21888,22016,10944,11008,43.776,44.032,relax,0,0,0.0,False,False,5.292029073893101,6.626354668855835,580.0017066253962,40.0,29.0,77.1111027143654,74.21875,70.3125,38.568658343459305
session_12.csv,session_12,343,21952,22080,10976,11040,43.904,44.16,relax,0,0,0.0,False,False,3.8939110131565013,4.702322285536977,432.523006019087,43.0,29.0,87.53062247766,89.84375,89.84375,18.166933761572846
session_12.csv,session_12,344,22016,22144,11008,11072,44.032,44.288,relax,0,0,0.0,False,False,3.5922435528667753,4.365176485888008,396.0460538801456,40.0,28.0,85.59874501337791,85.9375,85.9375,18.896240622724378
session_12.csv,session_12,345,22080,22208,11040,11104,44.16,44.416,relax,0,0,0.0,False,False,3.642424316707629,4.504035305722121,385.2586578962205,34.0,23.0,79.01803243184638,78.125,70.3125,18.746896645213717
session_12.csv,session_12,346,22144,22272,11072,11136,44.288,44.544,relax,0,0,0.0,False,False,3.817879704342946,4.8573453009809935,403.1257430564586,37.0,24.0,78.44736036800455,78.125,78.125,18.103802321497536
session_12.csv,session_12,347,22208,22336,11104,11168,44.416,44.672,relax,0,0,0.0,False,False,3.8597249467825603,5.0264602404847425,419.20442604660553,39.0,27.0,87.12216317967442,85.9375,85.9375,38.255231804150675
session_12.csv,session_12,348,22272,22400,11136,11200,44.544,44.8,relax,0,0,0.0,False,False,3.2577831689945933,4.254894680140375,360.18155975247976,35.0,25.0,80.80364680209176,82.03125,70.3125,22.059691066127595
session_12.csv,session_12,349,22336,22464,11168,11232,44.672,44.928,relax,0,26,0.203125,True,True,5.562806242681997,8.905543554134333,611.4940511174956,35.0,24.0,77.7471991457114,74.21875,70.3125,10.734684819022977
session_12.csv,session_12,350,22400,22528,11200,11264,44.8,45.056,clench,1,90,0.703125,True,True,14.08287316730131,18.78785134342886,1522.7640828985966,40.0,33.0,79.31529771957315,74.21875,74.21875,356.96396299218367
session_12.csv,session_12,351,22464,22592,11232,11296,44.928,45.184,clench,1,128,1.0,False,False,17.702282687590905,21.298505478541518,1979.0995651967876,42.0,41.0,81.52349731418099,78.125,78.125,489.41742673247904
session_12.csv,session_12,352,22528,22656,11264,11328,45.056,45.312,clench,1,128,1.0,False,False,15.399947145192368,18.906714873723015,1700.5448616033189,41.0,38.0,82.67143238314128,82.03125,93.75,300.0419148386179
session_12.csv,session_12,353,22592,22720,11296,11360,45.184,45.44,clench,1,128,1.0,False,False,14.12065467519992,17.75392904197153,1509.9440652657263,39.0,34.0,78.81572326517984,78.125,78.125,272.7936623241836
session_12.csv,session_12,354,22656,22784,11328,11392,45.312,45.568,clench,1,128,1.0,False,False,15.046348614442017,18.263302994073115,1645.1950179824823,41.0,36.0,80.48488076697208,78.125,78.125,412.55811832058436
session_12.csv,session_12,355,22720,22848,11360,11424,45.44,45.696,clench,1,128,1.0,False,False,16.01166188716222,19.91355518915594,1751.925179857485,45.0,39.0,91.41938271646455,93.75,97.65625,153.65148671471786
session_12.csv,session_12,356,22784,22912,11392,11456,45.568,45.824,clench,1,128,1.0,False,False,14.959148777199065,18.803206686458733,1617.7771896732086,43.0,38.0,86.03302755120362,85.9375,85.9375,633.5182896244506
session_12.csv,session_12,357,22848,22976,11424,11488,45.696,45.952,clench,1,128,1.0,False,False,12.716024333348152,15.446553843367244,1348.989038759106,39.0,37.0,77.71387604839131,78.125,70.3125,110.14342869486899
session_12.csv,session_12,358,22912,23040,11456,11520,45.824,46.08,clench,1,128,1.0,False,False,14.149913076962319,17.045287967024684,1546.394951280438,40.0,37.0,87.4633070441685,89.84375,89.84375,360.6185079183952
session_12.csv,session_12,359,22976,23104,11488,11552,45.952,46.208,clench,1,128,1.0,False,False,13.434308011287975,16.2012547543526,1455.2305690945116,41.0,37.0,78.71102046126866,78.125,78.125,190.2119905968179
session_12.csv,session_12,360,23040,23168,11520,11584,46.08,46.336,clench,1,128,1.0,False,False,9.867441719341267,11.604724681787461,1015.338969918541,38.0,31.0,78.07955683242471,78.125,74.21875,165.08112553899855
session_12.csv,session_12,361,23104,23232,11552,11616,46.208,46.464,clench,1,128,1.0,False,False,7.661690411056825,10.185820989800904,823.7944419229386,36.0,26.0,78.7639825534558,78.125,78.125,94.03280122744589
session_12.csv,session_12,362,23168,23296,11584,11648,46.336,46.592,clench,1,128,1.0,False,True,4.909815628592163,6.3797860430933655,513.7370214523958,35.0,23.0,80.37018532570616,78.125,74.21875,24.783588769844584
session_12.csv,session_12,363,23232,23360,11616,11680,46.464,46.72,clench,1,87,0.6796875,True,True,5.9294784322022736,7.353378844697205,609.6692173791865,40.0,29.0,78.43441388818016,78.125,74.21875,83.1310375339605
session_12.csv,session_12,364,23296,23424,11648,11712,46.592,46.848,relax,0,23,0.1796875,True,True,5.841250994129471,7.659506854630695,642.9604102596558,43.0,34.0,87.06583116159219,89.84375,93.75,27.80104567785936
session_12.csv,session_12,365,23360,23488,11680,11744,46.72,46.976,relax,0,0,0.0,False,False,4.669216757124958,6.246220145726593,524.3662521419599,40.0,29.0,82.01654381135333,78.125,74.21875,51.738742054248966
session_12.csv,session_12,366,23424,23552,11712,11776,46.848,47.104,relax,0,0,0.0,False,False,3.457785693299864,4.340382179814567,371.9765494136595,35.0,23.0,83.07884509282444,78.125,78.125,16.162383027057977
session_12.csv,session_12,367,23488,23616,11744,11808,46.976,47.232,relax,0,0,0.0,False,False,3.4279482421057077,4.5694498126097844,376.57607633707914,34.0,22.0,76.39314898893679,74.21875,70.3125,14.64508155575004
session_12.csv,session_12,368,23552,23680,11776,11840,47.104,47.36,relax,0,0,0.0,False,False,3.436592774741264,4.5286729790599365,382.92158633536945,35.0,23.0,82.10346042981088,82.03125,82.03125,30.94125602921931
session_12.csv,session_12,369,23616,23744,11808,11872,47.232,47.488,relax,0,0,0.0,False,False,3.0640922198204197,3.704676770635864,326.55668526106206,34.0,22.0,79.36779407786184,74.21875,74.21875,8.708633279382015
session_12.csv,session_12,370,23680,23808,11840,11904,47.36,47.616,relax,0,0,0.0,False,False,2.127429562741126,2.914216415673206,221.63973714179414,22.0,12.0,83.33636976372425,85.9375,85.9375,10.366994330037793
session_12.csv,session_12,371,23744,23872,11872,11936,47.488,47.744,relax,0,0,0.0,False,False,2.738457631120311,3.8534063346442795,304.36041463294436,26.0,19.0,83.58436316238142,85.9375,85.9375,16.055194170389118
session_12.csv,session_12,372,23808,23936,11904,11968,47.616,47.872,relax,0,0,0.0,False,False,3.1269854702574147,4.011871323883776,352.3654875438715,39.0,26.0,85.0456317269292,85.9375,85.9375,13.26457585402901
session_12.csv,session_12,373,23872,24000,11936,12000,47.744,48.0,relax,0,0,0.0,False,False,2.4100694713890793,2.9762831765943414,246.0629589347999,34.0,16.0,76.7422877884436,74.21875,74.21875,5.903186387617505
session_12.csv,session_12,374,23936,24064,11968,12032,47.872,48.128,relax,0,0,0.0,False,False,2.770699495922542,3.307255629956889,278.6696912218193,35.0,15.0,79.73661330409892,78.125,74.21875,14.06553662220923
session_12.csv,session_12,375,24000,24128,12000,12064,48.0,48.256,relax,0,0,0.0,False,False,2.601304180323645,3.106835377775269,270.5244732921937,35.0,18.0,80.58507553150731,82.03125,82.03125,9.656052478708059
session_12.csv,session_12,376,24064,24192,12032,12096,48.128,48.384,relax,0,0,0.0,False,False,2.6627980486775775,3.1614783231573265,278.50530878318597,35.0,19.0,80.51206539113568,82.03125,82.03125,10.053593939968776
session_12.csv,session_12,377,24128,24256,12064,12128,48.256,48.512,relax,0,0,0.0,False,False,2.399182638036881,2.846946047075942,254.4092408218896,35.0,18.0,77.69538567461798,74.21875,70.3125,5.714041863074505
session_12.csv,session_12,378,24192,24320,12096,12160,48.384,48.64,relax,0,0,0.0,False,False,2.741594897380766,3.340240427627589,292.3420682437189,36.0,22.0,80.18041944919803,78.125,74.21875,9.710923381623468
session_12.csv,session_12,379,24256,24384,12128,12192,48.512,48.768,relax,0,0,0.0,False,False,2.8250146455092375,3.424945248635557,294.7283540491932,33.0,19.0,78.95975605644504,78.125,74.21875,16.678930738735783
session_12.csv,session_12,380,24320,24448,12160,12224,48.64,48.896,relax,0,0,0.0,False,False,1.969894834430252,2.51147844259265,219.30492257711745,26.0,14.0,85.9149702158669,82.03125,97.65625,5.684549931282928
session_12.csv,session_12,381,24384,24512,12192,12256,48.768,49.024,relax,0,16,0.125,True,True,3.3602896608589767,5.37224946950084,364.18475742884453,27.0,17.0,77.94022164649533,74.21875,74.21875,18.02103423038524
session_12.csv,session_12,382,24448,24576,12224,12288,48.896,49.152,clench,1,80,0.625,True,True,8.073585141369108,11.981588225928817,849.3327254004543,36.0,27.0,80.82085794876521,82.03125,82.03125,50.830439776148836
session_12.csv,session_12,383,24512,24640,12256,12320,49.024,49.28,clench,1,128,1.0,False,True,11.256607031734639,14.374540036407346,1170.4884785686845,39.0,31.0,82.50770531846129,82.03125,89.84375,310.7166503697635
session_12.csv,session_12,384,24576,24704,12288,12352,49.152,49.408,clench,1,128,1.0,False,False,9.029588057247391,11.198747618565434,947.7529511715867,39.0,31.0,79.12766082106631,78.125,66.40625,72.12563313087448
session_12.csv,session_12,385,24640,24768,12320,12384,49.28,49.536,clench,1,128,1.0,False,False,8.335022476256682,10.11930498443174,863.2481173951721,38.0,30.0,78.9586284696903,78.125,74.21875,148.57213176039494
session_12.csv,session_12,386,24704,24832,12352,12416,49.408,49.664,clench,1,128,1.0,False,False,10.203616429448166,12.011769905544115,1064.847878324649,40.0,33.0,74.93782774035054,74.21875,70.3125,111.64435205485675
session_12.csv,session_12,387,24768,24896,12384,12448,49.536,49.792,clench,1,128,1.0,False,False,10.459936258848552,12.364043238134002,1104.872002095863,41.0,33.0,80.41473433800287,78.125,74.21875,200.46434233058298
session_12.csv,session_12,388,24832,24960,12416,12480,49.664,49.92,clench,1,128,1.0,False,False,8.292716696113068,9.944922417092421,826.2834730461404,39.0,30.0,79.93924281951908,82.03125,82.03125,85.25575050108199
session_12.csv,session_12,389,24896,25024,12448,12512,49.792,50.048,clench,1,128,1.0,False,False,9.078373989155274,11.402343048609739,962.2243867773641,40.0,32.0,78.62104746546186,78.125,70.3125,173.73778377932675
session_12.csv,session_12,390,24960,25088,12480,12544,49.92,50.176,clench,1,128,1.0,False,False,10.027110845626986,12.60190946570331,1090.4853873486215,40.0,35.0,84.92531309397205,85.9375,85.9375,94.23849989600353
session_12.csv,session_12,391,25024,25152,12512,12576,50.048,50.304,clench,1,128,1.0,False,False,9.277040619685422,11.664400223468524,1009.5178692682869,41.0,38.0,83.21125591687833,82.03125,82.03125,113.63225182783304
session_12.csv,session_12,392,25088,25216,12544,12608,50.176,50.432,clench,1,128,1.0,False,False,8.751189612944307,10.816684446902933,924.3485347051416,40.0,34.0,79.30622227566916,82.03125,85.9375,129.2939285781534
session_12.csv,session_12,393,25152,25280,12576,12640,50.304,50.56,clench,1,128,1.0,False,False,8.219707058255572,10.756413898458248,887.1632856374571,40.0,31.0,82.81006537580429,78.125,78.125,63.658132736023745
session_12.csv,session_12,394,25216,25344,12608,12672,50.432,50.688,clench,1,128,1.0,False,False,10.502096443809942,14.42497130351242,1149.8278147515027,39.0,34.0,81.07890350698186,85.9375,85.9375,297.25395839999516
session_12.csv,session_12,395,25280,25408,12640,12704,50.56,50.816,clench,1,128,1.0,False,False,9.332556931693215,12.772527915913466,987.1955387620712,39.0,34.0,79.98134847770172,78.125,74.21875,84.39211391968783
session_12.csv,session_12,396,25344,25472,12672,12736,50.688,50.944,clench,1,128,1.0,False,False,6.5265225387413635,8.100646221157167,706.0000762781891,40.0,33.0,78.69702444793808,74.21875,74.21875,61.87767009425882
session_12.csv,session_12,397,25408,25536,12704,12768,50.816,51.072,clench,1,128,1.0,False,False,7.373953708362658,9.575180992136067,798.9065133606452,41.0,32.0,83.22816850623721,85.9375,74.21875,52.07038769916252
session_12.csv,session_12,398,25472,25600,12736,12800,50.944,51.2,clench,1,128,1.0,False,False,9.132995268189118,11.63159988994426,948.9298246959955,39.0,29.0,76.28773991708108,74.21875,70.3125,143.62241914823298
session_12.csv,session_12,399,25536,25664,12768,12832,51.072,51.328,clench,1,128,1.0,False,False,8.749238742115104,11.490314948965649,953.0983107559064,39.0,30.0,79.68549164993077,74.21875,74.21875,83.06836829708898
session_12.csv,session_12,400,25600,25728,12800,12864,51.2,51.456,clench,1,128,1.0,False,False,8.647206159944194,10.607965866143767,964.1542422654192,43.0,37.0,78.78614160514633,74.21875,74.21875,98.61510706110157
session_12.csv,session_12,401,25664,25792,12832,12896,51.328,51.584,clench,1,128,1.0,False,False,7.260499951422117,8.673896115153177,785.1710247447511,42.0,35.0,85.29329827427154,85.9375,97.65625,57.06046413656675
session_12.csv,session_12,402,25728,25856,12864,12928,51.456,51.712,clench,1,128,1.0,False,False,4.5813088153793995,5.814587329011681,522.0174719307353,44.0,36.0,86.4515304923683,85.9375,97.65625,14.204678270775995
session_12.csv,session_12,403,25792,25920,12896,12960,51.584,51.84,clench,1,128,1.0,False,False,4.696491280705296,5.907345651129828,525.4667281048758,42.0,35.0,80.75330804359066,82.03125,82.03125,45.272622540516174
session_12.csv,session_12,404,25856,25984,12928,12992,51.712,51.968,clench,1,118,0.921875,True,True,4.6764833766524685,5.869850386904316,509.5972817668803,41.0,32.0,77.43466838361336,74.21875,74.21875,26.76129235351107
session_12.csv,session_12,405,25920,26048,12960,13024,51.84,52.096,relax,0,54,0.421875,True,True,3.664495458048598,4.31860467840648,407.12844314541064,45.0,32.0,80.86862105431193,82.03125,82.03125,20.777143742615884
session_12.csv,session_12,406,25984,26112,12992,13056,51.968,52.224,relax,0,0,0.0,False,True,3.404556951690431,3.9751437888987047,366.21894021324766,41.0,27.0,92.52113533455905,93.75,97.65625,19.744559413235198
session_12.csv,session_12,407,26048,26176,13024,13088,52.096,52.352,relax,0,0,0.0,False,False,3.2128713364956125,3.929004440077068,331.1234583033795,36.0,21.0,75.82465424761476,74.21875,70.3125,8.503793934046142
session_12.csv,session_12,408,26112,26240,13056,13120,52.224,52.48,relax,0,0,0.0,False,False,3.416997756686891,4.074663941705287,365.98266194844956,38.0,23.0,78.98789753076586,74.21875,74.21875,20.652442781158403
session_12.csv,session_12,409,26176,26304,13088,13152,52.352,52.608,relax,0,0,0.0,False,False,2.9038793789781048,3.588875236073936,315.4190184297765,37.0,23.0,86.78537621159501,85.9375,82.03125,11.105412599477065
session_12.csv,session_12,410,26240,26368,13120,13184,52.48,52.736,relax,0,0,0.0,False,False,2.714067720951781,3.3857165108300675,299.0522068390249,36.0,21.0,79.54733929141435,82.03125,82.03125,9.845298476197083
session_12.csv,session_12,411,26304,26432,13152,13216,52.608,52.864,relax,0,0,0.0,False,False,2.638541116909571,3.2921490743612556,292.2403390660512,35.0,23.0,81.89302525092552,85.9375,89.84375,9.037843904091082
session_12.csv,session_12,412,26368,26496,13184,13248,52.736,52.992,relax,0,0,0.0,False,False,2.0853738919251787,2.655472291708998,238.09326641484864,31.0,20.0,88.45120725115605,89.84375,97.65625,5.85176438410525
session_12.csv,session_12,413,26432,26560,13216,13280,52.864,53.12,relax,0,0,0.0,False,False,2.2477475474557385,2.758611586960653,252.55132274011325,33.0,19.0,89.07798783627976,89.84375,89.84375,5.46382922261364
session_12.csv,session_12,414,26496,26624,13248,13312,52.992,53.248,relax,0,0,0.0,False,False,2.259297567032575,2.636949521028237,246.72230162583048,36.0,19.0,90.21043510157897,97.65625,97.65625,3.989142988213957
session_12.csv,session_12,415,26560,26688,13280,13344,53.12,53.376,relax,0,0,0.0,False,False,2.7399521606907173,3.248472899774449,291.09072113980795,34.0,18.0,75.43757202169252,74.21875,70.3125,10.756647322410975
session_12.csv,session_12,416,26624,26752,13312,13376,53.248,53.504,relax,0,0,0.0,False,False,2.7904991942386914,3.3536542194987606,309.66473614544424,36.0,22.0,86.90564126946691,89.84375,97.65625,6.917877926005638
session_12.csv,session_12,417,26688,26816,13344,13408,53.376,53.632,relax,0,0,0.0,False,False,2.8995950551547747,3.7171457111891466,311.6851985534444,34.0,19.0,80.16375493938513,78.125,74.21875,9.62804816958996
session_12.csv,session_12,418,26752,26880,13376,13440,53.504,53.76,relax,0,0,0.0,False,False,3.373516521987873,4.202376598919945,355.9759729731697,37.0,20.0,80.85426214759893,82.03125,82.03125,23.275677862535336
session_12.csv,session_12,419,26816,26944,13408,13472,53.632,53.888,relax,0,0,0.0,False,False,2.558435275996091,3.1786155355133037,257.3058019924826,36.0,17.0,81.32855916249162,82.03125,82.03125,10.23778079439605
session_12.csv,session_12,420,26880,27008,13440,13504,53.76,54.016,relax,0,0,0.0,False,False,1.804141432548326,2.1655353637941617,189.43198620669145,27.0,12.0,73.58381602299522,70.3125,70.3125,2.9232548854795515
session_12.csv,session_12,421,26944,27072,13472,13536,53.888,54.144,relax,0,0,0.0,False,False,2.0067220258052956,2.419727761265043,209.12066393934774,29.0,13.0,73.51953635637943,70.3125,70.3125,6.299571540486941
session_12.csv,session_12,422,27008,27136,13504,13568,54.016,54.272,relax,0,0,0.0,False,False,2.1575098337364675,2.5293388160954007,221.19772551517008,32.0,13.0,76.3041578067119,74.21875,74.21875,7.151870578739852
session_12.csv,session_12,423,27072,27200,13536,13600,54.144,54.4,relax,0,0,0.0,False,False,2.4125935796306193,2.9172586280297153,262.1256967852518,34.0,18.0,80.89866205885231,78.125,74.21875,7.922682391652461
session_12.csv,session_12,424,27136,27264,13568,13632,54.272,54.528,relax,0,0,0.0,False,False,2.096097172535462,2.707348646569713,231.56675785764918,28.0,17.0,82.37104960094798,78.125,78.125,6.341720436725493
session_12.csv,session_12,425,27200,27328,13600,13664,54.4,54.656,relax,0,20,0.15625,True,True,5.321899657391668,9.042523701977201,560.9285953094973,29.0,19.0,82.92533601231906,82.03125,82.03125,13.997895917031734
session_12.csv,session_12,426,27264,27392,13632,13696,54.528,54.784,clench,1,84,0.65625,True,True,17.463598383984458,22.91233644453889,1853.6485639595285,41.0,34.0,83.71601139361462,82.03125,82.03125,533.4068428258488
session_12.csv,session_12,427,27328,27456,13664,13728,54.656,54.912,clench,1,128,1.0,False,True,22.486169754970476,26.57876839893288,2403.3405303633717,41.0,37.0,83.71947119495684,82.03125,82.03125,972.2058958438673
session_12.csv,session_12,428,27392,27520,13696,13760,54.784,55.04,clench,1,128,1.0,False,False,15.349132503878227,18.742303690671783,1627.7972415920806,43.0,37.0,83.73060834728527,82.03125,78.125,198.55840658965067
session_12.csv,session_12,429,27456,27584,13728,13792,54.912,55.168,clench,1,128,1.0,False,False,15.180230578251603,19.05168759185999,1801.037586232264,45.0,41.0,86.48254912881517,85.9375,89.84375,282.13239963316676
session_12.csv,session_12,430,27520,27648,13760,13824,55.04,55.296,clench,1,128,1.0,False,False,15.661775545389107,19.471627202743253,1804.355176363303,43.0,37.0,81.34304954788577,82.03125,85.9375,402.65491087861807
session_12.csv,session_12,431,27584,27712,13792,13856,55.168,55.424,clench,1,128,1.0,False,False,13.582322102204035,15.956073485151455,1427.339964674213,40.0,36.0,80.79963735466129,82.03125,85.9375,185.71529049025125
session_12.csv,session_12,432,27648,27776,13824,13888,55.296,55.552,clench,1,128,1.0,False,False,13.512277972960511,15.842891372224209,1438.6479138437242,42.0,39.0,82.58243156484653,85.9375,89.84375,276.6454410244886
session_12.csv,session_12,433,27712,27840,13856,13920,55.424,55.68,clench,1,128,1.0,False,False,12.485558662833316,14.314401408911664,1324.6136807156386,42.0,37.0,77.25641803269883,78.125,78.125,223.77676973894575
session_12.csv,session_12,434,27776,27904,13888,13952,55.552,55.808,clench,1,128,1.0,False,False,18.99937696392849,23.082565773366245,1962.1607453180343,40.0,36.0,78.77473055609987,78.125,78.125,489.2701958328487
session_12.csv,session_12,435,27840,27968,13920,13984,55.68,55.936,clench,1,128,1.0,False,False,23.10155977938445,28.35296882185261,2457.744978676005,41.0,37.0,79.87373087729732,78.125,82.03125,583.363477078752
session_12.csv,session_12,436,27904,28032,13952,14016,55.808,56.064,clench,1,128,1.0,False,False,18.66332660991919,24.208795376609956,2108.5189889517333,45.0,42.0,90.67024431647333,93.75,93.75,1020.3754701545837
session_12.csv,session_12,437,27968,28096,13984,14048,55.936,56.192,clench,1,128,1.0,False,False,10.202525813610842,14.960294246468905,1116.5017738455833,43.0,36.0,82.79624161495578,82.03125,82.03125,143.67134722586695
session_12.csv,session_12,438,28032,28160,14016,14080,56.064,56.32,clench,1,128,1.0,False,False,6.409890991324884,8.174172525846137,671.2838131074084,38.0,30.0,74.61195307913621,74.21875,70.3125,31.604055232660784
session_12.csv,session_12,439,28096,28224,14048,14112,56.192,56.448,clench,1,128,1.0,False,True,7.7786637663177665,9.603661742348358,820.189588732727,38.0,30.0,80.85029216715802,78.125,78.125,123.15609663699561
session_12.csv,session_12,440,28160,28288,14080,14144,56.32,56.576,clench,1,87,0.6796875,True,True,6.537906325723645,8.342531067851446,692.8550209185923,40.0,30.0,77.18985789462151,78.125,70.3125,65.33749547724966
session_12.csv,session_12,441,28224,28352,14112,14176,56.448,56.704,relax,0,23,0.1796875,True,True,5.61292354656824,7.051866645613523,624.4262957275079,43.0,35.0,81.10241332608636,78.125,74.21875,24.447613857515254
session_12.csv,session_12,442,28288,28416,14144,14208,56.576,56.832,relax,0,0,0.0,False,False,5.428870561126464,6.525910770753904,592.757557590729,40.0,32.0,81.38715975135864,82.03125,82.03125,43.19438089705447
session_12.csv,session_12,443,28352,28480,14176,14240,56.704,56.96,relax,0,0,0.0,False,False,4.443151963365024,5.834608246104545,490.29588970946094,37.0,27.0,80.27113505792437,78.125,78.125,44.64852832426115
session_12.csv,session_12,444,28416,28544,14208,14272,56.832,57.088,relax,0,0,0.0,False,False,3.1177772771429284,4.137086469346109,348.26523455753573,38.0,23.0,82.81421091523441,85.9375,85.9375,12.901087832233475
session_12.csv,session_12,445,28480,28608,14240,14304,56.96,57.216,relax,0,0,0.0,False,False,3.179621974427138,3.9861611115432476,352.3806178621503,38.0,22.0,85.1513397883959,85.9375,85.9375,17.03630183456521
session_12.csv,session_12,446,28544,28672,14272,14336,57.088,57.344,relax,0,0,0.0,False,False,2.9980467880386974,3.6584264543762792,334.3678104118677,39.0,25.0,82.92844123618822,85.9375,85.9375,9.334526313035171
session_12.csv,session_12,447,28608,28736,14304,14368,57.216,57.472,relax,0,0,0.0,False,False,3.5306821191377793,4.181478088625828,388.7813714831866,41.0,27.0,84.03864799817075,85.9375,82.03125,19.948987932380778
session_12.csv,session_12,448,28672,28800,14336,14400,57.344,57.6,relax,0,0,0.0,False,False,3.322693826587548,3.95945532896058,358.0076750379121,40.0,24.0,83.48493971064282,82.03125,82.03125,14.171883170084483
session_12.csv,session_12,449,28736,28864,14368,14432,57.472,57.728,relax,0,0,0.0,False,False,2.2182271051674407,2.676313993438654,232.71791678511613,31.0,15.0,81.16550276463317,78.125,78.125,5.527081103626676
session_12.csv,session_12,450,28800,28928,14400,14464,57.6,57.856,relax,0,0,0.0,False,False,3.399369353185684,4.379328853225639,373.2429200589493,31.0,20.0,82.58550089515536,78.125,78.125,18.688603107820466
session_12.csv,session_12,451,28864,28992,14432,14496,57.728,57.984,relax,0,0,0.0,False,False,4.360970457672849,5.450887854523007,464.9642145086092,32.0,24.0,77.02030446073516,74.21875,74.21875,41.811369887895786
session_12.csv,session_12,452,28928,29056,14464,14528,57.856,58.112,relax,0,0,0.0,False,False,3.5574590701738327,4.663543494218726,380.0360399837145,34.0,22.0,81.07559144847512,82.03125,82.03125,5.9812752717135025
session_12.csv,session_12,453,28992,29120,14496,14560,57.984,58.24,relax,0,0,0.0,False,False,2.6229876796017892,3.345195652880397,285.4202092608317,37.0,21.0,82.59376129984467,85.9375,89.84375,14.844164156485265
session_12.csv,session_12,454,29056,29184,14528,14592,58.112,58.368,relax,0,0,0.0,False,False,2.559945507637696,3.2088423716580388,282.2236601544362,35.0,21.0,79.650627986851,74.21875,89.84375,9.240949745992241
session_12.csv,session_12,455,29120,29248,14560,14624,58.24,58.496,relax,0,0,0.0,False,False,3.321431969170784,3.9868915802907146,358.1433749002115,36.0,23.0,87.7251178395551,93.75,93.75,18.121067253838927
session_12.csv,session_12,456,29184,29312,14592,14656,58.368,58.624,relax,0,0,0.0,False,False,3.046300074510988,3.677021751789851,321.2959756567766,35.0,21.0,82.08763172137745,85.9375,89.84375,11.96153394756316
session_12.csv,session_12,457,29248,29376,14624,14688,58.496,58.752,relax,0,0,0.0,False,False,2.647589031364432,3.272175250515511,273.39053983785465,32.0,17.0,76.64754199632192,70.3125,70.3125,6.296783985565941
session_12.csv,session_12,458,29312,29440,14656,14720,58.624,58.88,relax,0,0,0.0,False,False,3.0238285371512967,3.6152130834372818,314.4851530264412,37.0,21.0,84.14999029983625,82.03125,82.03125,18.274236307835427
session_12.csv,session_12,459,29376,29504,14688,14752,58.752,59.008,relax,0,0,0.0,False,False,2.9246030519646844,3.490361173407568,302.87531573273407,35.0,21.0,78.80194941260446,78.125,78.125,9.40578073613919
session_12.csv,session_12,460,29440,29568,14720,14784,58.88,59.136,relax,0,0,0.0,False,False,2.6934457465039676,3.23583802008486,288.0934427812411,34.0,21.0,75.37290000819242,74.21875,70.3125,12.919695488782303
session_12.csv,session_12,461,29504,29632,14752,14816,59.008,59.264,relax,0,0,0.0,False,False,2.6111743808183823,3.207267671716693,294.4605361785223,38.0,25.0,88.430861955247,93.75,93.75,11.487015350839993
session_12.csv,session_12,462,29568,29696,14784,14848,59.136,59.392,relax,0,0,0.0,False,False,3.0751692886286017,3.8389506542882827,343.16979649141155,35.0,25.0,80.354135316271,78.125,74.21875,10.782930025283923
session_12.csv,session_12,463,29632,29760,14816,14880,59.264,59.52,relax,0,6,0.046875,True,True,8.457617112520088,12.779451867212984,891.5330545792543,37.0,32.0,77.66002873055427,78.125,70.3125,77.53745521923318
session_12.csv,session_12,464,29696,29824,14848,14912,59.392,59.648,clench,1,70,0.546875,True,True,14.244283195875706,18.05624960014176,1547.7308456274843,42.0,39.0,78.53180890674778,78.125,85.9375,392.63074119600725
session_12.csv,session_12,465,29760,29888,14880,14944,59.52,59.776,clench,1,128,1.0,False,True,19.160506831925545,23.036062488262232,2113.4151142094915,44.0,42.0,81.74881446954168,85.9375,85.9375,335.03936412514423
session_12.csv,session_12,466,29824,29952,14912,14976,59.648,59.904,clench,1,128,1.0,False,False,22.71162162202569,26.544840637250353,2480.630666574152,44.0,40.0,87.40404822532592,89.84375,97.65625,779.780379973142
session_12.csv,session_12,467,29888,30016,14944,15008,59.776,60.032,clench,1,128,1.0,False,False,19.549725609499042,24.2693581290904,2055.7536557382805,38.0,35.0,75.39111811026223,74.21875,70.3125,531.6516551928004
session_12.csv,session_12,468,29952,30080,14976,15040,59.904,60.16,clench,1,128,1.0,False,False,14.546235567654822,18.623159515295335,1476.812132744304,36.0,31.0,81.90062991609375,85.9375,74.21875,427.2016910592659
session_12.csv,session_12,469,30016,30144,15008,15072,60.032,60.288,clench,1,128,1.0,False,False,12.619309060227017,14.94634091220558,1303.132171867438,38.0,32.0,81.26238170607155,85.9375,85.9375,263.2916906808574
session_12.csv,session_12,470,30080,30208,15040,15104,60.16,60.416,clench,1,128,1.0,False,False,10.982018360208178,13.419786361838225,1162.3050887043078,40.0,33.0,75.82581139641951,74.21875,85.9375,124.25422567503227
session_12.csv,session_12,471,30144,30272,15072,15136,60.288,60.544,clench,1,128,1.0,False,False,10.40695482187528,12.526527863278428,1071.6448847759311,41.0,33.0,74.96396627865973,74.21875,74.21875,183.80890209451323
session_12.csv,session_12,472,30208,30336,15104,15168,60.416,60.672,clench,1,128,1.0,False,False,10.133680910524312,12.777814894489966,1083.672214374924,43.0,39.0,82.07716046233115,82.03125,89.84375,118.16497018770056
session_12.csv,session_12,473,30272,30400,15136,15200,60.544,60.8,clench,1,128,1.0,False,False,9.645106604318809,12.565139587835565,1082.1625752590403,44.0,39.0,82.60782874969516,82.03125,82.03125,126.23733686931732
session_12.csv,session_12,474,30336,30464,15168,15232,60.672,60.928,clench,1,128,1.0,False,False,11.21117739908178,13.572075874966846,1156.5708055010323,39.0,32.0,81.42780534995093,78.125,78.125,242.05406354463426
session_12.csv,session_12,475,30400,30528,15200,15264,60.8,61.056,clench,1,128,1.0,False,False,8.759775255425744,11.136295500540548,899.5228184733772,35.0,28.0,77.4237974979828,74.21875,74.21875,149.51863427899326
session_12.csv,session_12,476,30464,30592,15232,15296,60.928,61.184,clench,1,122,0.953125,True,True,5.970852061036696,7.746338976195806,629.6063780490392,34.0,25.0,77.27018663585866,74.21875,74.21875,19.93340061055852
session_12.csv,session_12,477,30528,30656,15264,15328,61.056,61.312,relax,0,58,0.453125,True,True,6.803893351939347,8.078527399521935,721.6369831803892,39.0,28.0,87.28093084183426,89.84375,97.65625,73.6752566438513
session_12.csv,session_12,478,30592,30720,15296,15360,61.184,61.44,relax,0,0,0.0,False,True,8.26223319093814,9.890966982978117,849.7685132380926,41.0,28.0,82.66038894246807,82.03125,85.9375,128.84143376596845
session_12.csv,session_12,479,30656,30784,15328,15392,61.312,61.568,relax,0,0,0.0,False,False,6.428381703604921,8.556651064315135,651.3545847538849,36.0,25.0,76.71740272460067,70.3125,70.3125,35.24005075899933
session_12.csv,session_12,480,30720,30848,15360,15424,61.44,61.696,relax,0,0,0.0,False,False,4.2457544399109794,5.244639517406019,471.0094885187412,35.0,30.0,81.29332479451735,78.125,74.21875,22.038902353651377
session_12.csv,session_12,481,30784,30912,15392,15456,61.568,61.824,relax,0,0,0.0,False,False,4.280338779477251,5.2341992652484715,470.0259608131789,37.0,29.0,81.27401806250559,82.03125,85.9375,28.76344354825554
session_12.csv,session_12,482,30848,30976,15424,15488,61.696,61.952,relax,0,0,0.0,False,False,4.560606152131561,5.424065577285433,491.9740892194377,40.0,29.0,80.35876280954473,82.03125,74.21875,24.909976243069355
session_12.csv,session_12,483,30912,31040,15456,15520,61.824,62.08,relax,0,0,0.0,False,False,4.253027846662006,5.059940046737391,456.22996025356684,41.0,27.0,86.90599872909009,89.84375,89.84375,25.60136776427688
session_12.csv,session_12,484,30976,31104,15488,15552,61.952,62.208,relax,0,0,0.0,False,False,3.2110276988136417,3.8660511130534188,332.15243766445934,35.0,20.0,76.93867606489832,74.21875,74.21875,17.376548030661347
session_12.csv,session_12,485,31040,31168,15520,15584,62.08,62.336,relax,0,0,0.0,False,False,3.3815308173200798,4.278312081974166,368.92589563573443,35.0,24.0,81.97324043187693,82.03125,70.3125,12.719474786268925
session_12.csv,session_12,486,31104,31232,15552,15616,62.208,62.464,relax,0,0,0.0,False,False,3.4240736767958175,4.280008784481015,373.43409685740977,36.0,25.0,78.37957299994808,74.21875,74.21875,19.262281466187257
session_12.csv,session_12,487,31168,31296,15584,15648,62.336,62.592,relax,0,0,0.0,False,False,3.376992737446262,4.044023380761468,367.5454861734783,38.0,25.0,83.36899109326363,85.9375,85.9375,16.239068083239264
session_12.csv,session_12,488,31232,31360,15616,15680,62.464,62.72,relax,0,0,0.0,False,False,3.7561415748065548,4.321113185175563,403.9814615691239,39.0,27.0,83.7603233473766,85.9375,89.84375,14.725615172572681
session_12.csv,session_12,489,31296,31424,15648,15712,62.592,62.848,relax,0,0,0.0,False,False,3.4508913815177364,4.030149029987549,368.67705195861686,38.0,24.0,78.78203488244706,78.125,78.125,20.468719420219816
session_12.csv,session_12,490,31360,31488,15680,15744,62.72,62.976,relax,0,0,0.0,False,True,3.5520430231025983,4.419557607638614,366.7166806665173,37.0,20.0,76.59311474321252,74.21875,70.3125,9.257250401477139
session_12.csv,session_12,491,31424,31552,15712,15776,62.848,63.104,relax,0,43,0.3359375,True,True,12.25247840296414,20.96135959877314,1378.7929148133755,39.0,28.0,81.90977104570318,82.03125,70.3125,108.41873203803578
session_12.csv,session_12,492,31488,31616,15744,15808,62.976,63.232,clench,1,107,0.8359375,True,True,21.362048887567866,29.65471217792271,2395.1175059391344,40.0,35.0,84.1458467764012,82.03125,78.125,1595.8768710950683
session_12.csv,session_12,493,31552,31680,15776,15840,63.104,63.36,clench,1,128,1.0,False,False,19.23501863720373,25.767223145583397,2115.1339101254966,41.0,39.0,86.32800566070523,85.9375,97.65625,451.0610517468073
session_12.csv,session_12,494,31616,31744,15808,15872,63.232,63.488,clench,1,128,1.0,False,False,16.751593727213155,20.628026483955054,1900.9052939801109,41.0,39.0,82.2974850146645,82.03125,78.125,378.0686097990239
session_12.csv,session_12,495,31680,31808,15840,15904,63.36,63.616,clench,1,128,1.0,False,False,19.024933585828073,23.074851188866756,2107.9779676817657,43.0,40.0,84.07862457997386,85.9375,89.84375,260.2134529180046
session_12.csv,session_12,496,31744,31872,15872,15936,63.488,63.744,clench,1,128,1.0,False,False,23.908418030513584,28.66965786376659,2642.879935999907,45.0,43.0,83.70147304406956,85.9375,85.9375,1114.9109586505172
session_12.csv,session_12,497,31808,31936,15904,15968,63.616,63.872,clench,1,128,1.0,False,False,21.22761948984282,25.796636014862084,2304.1062138548305,43.0,43.0,89.83295133019635,93.75,93.75,530.4296490987588
session_12.csv,session_12,498,31872,32000,15936,16000,63.744,64.0,clench,1,128,1.0,False,False,13.42310787882613,15.836246884196392,1445.940160974886,42.0,40.0,77.91481535415359,74.21875,74.21875,195.50797874817218
session_12.csv,session_12,499,31936,32064,15968,16032,63.872,64.128,clench,1,128,1.0,False,False,12.585729649279498,15.22029484892639,1330.4381324160374,40.0,36.0,82.50189974990643,78.125,78.125,245.6728989983948
session_12.csv,session_12,500,32000,32128,16000,16064,64.0,64.256,clench,1,128,1.0,False,False,12.653249766838123,15.4826916457421,1313.3411405073907,39.0,38.0,82.61133914481245,85.9375,89.84375,165.5296550665787
session_12.csv,session_12,501,32064,32192,16032,16096,64.128,64.384,clench,1,128,1.0,False,False,15.212714233229718,18.449871768524794,1618.8326167933321,42.0,40.0,77.9523936706511,78.125,70.3125,487.5931829102735
session_12.csv,session_12,502,32128,32256,16064,16128,64.256,64.512,clench,1,128,1.0,False,False,16.637027455848475,20.91709542302659,1826.6124346974946,43.0,41.0,87.75444247856817,89.84375,89.84375,536.9745723850382
session_12.csv,session_12,503,32192,32320,16096,16160,64.384,64.64,clench,1,128,1.0,False,False,11.223757644868641,15.740625579839707,1270.835440228188,42.0,37.0,83.97275371337608,85.9375,78.125,70.08296251726573
session_12.csv,session_12,504,32256,32384,16128,16192,64.512,64.768,clench,1,128,1.0,False,False,5.448650708874583,7.697538825483166,594.9202504263151,39.0,25.0,88.15429736119958,89.84375,85.9375,39.31112057238999
session_12.csv,session_12,505,32320,32448,16160,16224,64.64,64.896,clench,1,97,0.7578125,True,True,5.156112499498583,6.624990604836897,553.2622830880504,40.0,26.0,82.10358216662708,82.03125,82.03125,37.76179648875766
session_12.csv,session_12,506,32384,32512,16192,16256,64.768,65.024,relax,0,33,0.2578125,True,True,8.162955652792565,9.782877851114009,897.8238592570337,43.0,34.0,87.68097266556488,89.84375,97.65625,85.48735991815556
session_12.csv,session_12,507,32448,32576,16224,16288,64.896,65.152,relax,0,0,0.0,False,False,7.289528327021314,9.03029304785867,813.4128684093395,42.0,34.0,85.71757386577978,85.9375,85.9375,58.01970625635047
session_12.csv,session_12,508,32512,32640,16256,16320,65.024,65.28,relax,0,0,0.0,False,False,4.587518200562805,5.67067458567011,504.2888618472047,40.0,29.0,85.88304704718978,85.9375,97.65625,33.71211526053632
session_12.csv,session_12,509,32576,32704,16288,16352,65.152,65.408,relax,0,0,0.0,False,False,3.921781631217997,4.756559511147522,418.2218360877795,37.0,23.0,83.71714256185602,85.9375,74.21875,23.042594634626386
session_12.csv,session_12,510,32640,32768,16320,16384,65.28,65.536,relax,0,0,0.0,False,False,3.494073787927565,4.398689693767777,371.17512342363904,35.0,22.0,81.68892315771123,82.03125,78.125,14.438538899899756
session_12.csv,session_12,511,32704,32832,16352,16416,65.408,65.664,relax,0,0,0.0,False,False,2.631541978368123,3.163725568325663,274.3828047511391,33.0,18.0,75.50498776919594,74.21875,74.21875,8.560789822369813
session_12.csv,session_12,512,32768,32896,16384,16448,65.536,65.792,relax,0,0,0.0,False,False,2.9483844095764837,3.581871830705764,307.640427196757,34.0,18.0,75.82478531586008,70.3125,70.3125,9.626734045181385
session_12.csv,session_12,513,32832,32960,16416,16480,65.664,65.92,relax,0,0,0.0,False,False,3.055624861567507,3.7315646405154683,339.4607127139769,37.0,23.0,81.37452972639305,78.125,78.125,15.792542823871408
session_12.csv,session_12,514,32896,33024,16448,16512,65.792,66.048,relax,0,0,0.0,False,False,2.509215827831346,3.0701473725283694,278.67258857794053,35.0,22.0,79.40557437994761,78.125,89.84375,8.50962278120947
session_12.csv,session_12,515,32960,33088,16480,16544,65.92,66.176,relax,0,0,0.0,False,False,2.769813598171755,3.4030716700926753,291.46704376493653,34.0,19.0,80.95340987261581,82.03125,70.3125,11.30741931437695
session_12.csv,session_12,516,33024,33152,16512,16576,66.048,66.304,relax,0,0,0.0,False,False,3.237098639304441,3.9157137794156878,347.7008795260515,37.0,20.0,79.53925266545522,78.125,74.21875,13.920866919190177
session_12.csv,session_12,517,33088,33216,16544,16608,66.176,66.432,relax,0,0,0.0,False,False,2.6786678086347187,3.2937683417453862,286.26655267000496,35.0,18.0,79.30628503653439,78.125,78.125,5.433987324193723
session_12.csv,session_12,518,33152,33280,16576,16640,66.304,66.56,relax,0,13,0.1015625,True,True,3.4581078153010436,4.700162252370604,347.6478612516685,33.0,21.0,78.89083157324563,74.21875,74.21875,12.660624178467812
session_12.csv,session_12,519,33216,33344,16608,16672,66.432,66.688,clench,1,77,0.6015625,True,True,9.26202907529285,12.206213278009443,977.0025109297055,37.0,30.0,83.58510878969274,82.03125,82.03125,139.4199096233991
session_12.csv,session_12,520,33280,33408,16640,16704,66.56,66.816,clench,1,128,1.0,False,True,18.798413635177546,24.914378594882095,2069.5143272054106,40.0,36.0,82.2172252796062,78.125,78.125,716.2575434257768
session_12.csv,session_12,521,33344,33472,16672,16736,66.688,66.944,clench,1,128,1.0,False,False,21.79164231798697,28.773615070987823,2466.9936416318183,40.0,38.0,80.80302858457186,82.03125,82.03125,537.2689309913472
session_12.csv,session_12,522,33408,33536,16704,16768,66.816,67.072,clench,1,128,1.0,False,False,18.020036983677976,22.94320287815697,1961.8946930696793,39.0,37.0,81.03548245425883,78.125,78.125,588.5032310029952
session_12.csv,session_12,523,33472,33600,16736,16800,66.944,67.2,clench,1,128,1.0,False,False,15.033347188141096,18.5928396723465,1553.3648668336848,42.0,38.0,80.10808744179626,78.125,74.21875,171.46317497706158
session_12.csv,session_12,524,33536,33664,16768,16832,67.072,67.328,clench,1,128,1.0,False,False,13.535846327128091,17.049943536383697,1482.5397896252316,45.0,41.0,82.78096890654126,82.03125,78.125,382.36644545331063
session_12.csv,session_12,525,33600,33728,16800,16864,67.2,67.456,clench,1,128,1.0,False,False,12.15997961499772,15.130757162220235,1313.839548770426,42.0,38.0,82.70102863715012,82.03125,85.9375,148.52344996241004
session_12.csv,session_12,526,33664,33792,16832,16896,67.328,67.584,clench,1,128,1.0,False,False,9.740192165653855,12.095788765838503,1076.6980414933096,44.0,38.0,83.09274545055848,85.9375,85.9375,188.77255328133197
session_12.csv,session_12,527,33728,33856,16864,16928,67.456,67.712,clench,1,128,1.0,False,False,7.571774970911994,9.030207163974298,825.4824154896919,47.0,39.0,88.4038596233512,89.84375,97.65625,62.52617738578843
session_12.csv,session_12,528,33792,33920,16896,16960,67.584,67.84,clench,1,128,1.0,False,False,10.313214632118344,13.083212978301434,1117.3643591114962,44.0,38.0,81.31487177500178,82.03125,82.03125,212.01388041564377
session_12.csv,session_12,529,33856,33984,16928,16992,67.712,67.968,clench,1,128,1.0,False,False,10.607580031520353,13.397845351954423,1154.485574293853,42.0,37.0,83.47375142316056,85.9375,89.84375,121.01563169607842
session_12.csv,session_12,530,33920,34048,16960,17024,67.84,68.096,clench,1,128,1.0,False,False,6.86538212637882,8.424818285445378,792.2502226545653,45.0,38.0,84.19714342705421,85.9375,89.84375,78.88875621170743
session_12.csv,session_12,531,33984,34112,16992,17056,67.968,68.224,clench,1,128,1.0,False,False,5.655221668016879,7.2690757864448905,646.6300600358724,43.0,34.0,84.86755290958824,85.9375,89.84375,33.649767862312125
session_12.csv,session_12,532,34048,34176,17024,17088,68.096,68.352,clench,1,128,1.0,False,False,4.932043948240044,6.237342933454595,540.6986164334351,39.0,31.0,78.43054018316923,78.125,78.125,28.359673289997712
session_12.csv,session_12,533,34112,34240,17056,17120,68.224,68.48,clench,1,128,1.0,False,False,4.03360227109787,5.121306587057257,424.76144838165095,36.0,23.0,84.25649997627049,78.125,74.21875,26.709921266466207
session_12.csv,session_12,534,34176,34304,17088,17152,68.352,68.608,clench,1,128,1.0,False,False,6.604861426630869,8.747651096894474,735.1316407189831,38.0,28.0,85.91835796167801,89.84375,89.84375,69.08538136392693
session_12.csv,session_12,535,34240,34368,17120,17184,68.48,68.736,clench,1,128,1.0,False,False,7.660135414020353,9.356201074372565,879.2580370751214,42.0,36.0,84.70618734461051,82.03125,82.03125,80.27519966927389
session_12.csv,session_12,536,34304,34432,17152,17216,68.608,68.864,clench,1,111,0.8671875,True,True,3.9790375569043253,4.929731555373936,423.8396535912993,35.0,22.0,79.06391481042222,78.125,70.3125,24.91464775136786
session_12.csv,session_12,537,34368,34496,17184,17248,68.736,68.992,relax,0,47,0.3671875,True,True,3.0053375198511167,3.6301672711127817,316.30701169455494,33.0,19.0,73.7474309172515,74.21875,70.3125,11.127961268526953
session_12.csv,session_12,538,34432,34560,17216,17280,68.864,69.12,relax,0,0,0.0,False,True,2.73465033505424,3.3787812534896853,302.7413991035572,35.0,24.0,84.08835843438732,82.03125,97.65625,7.803945263547618
session_12.csv,session_12,539,34496,34624,17248,17312,68.992,69.248,relax,0,0,0.0,False,False,2.323267765737751,2.900838644407394,257.4958853227504,33.0,20.0,85.388228380632,85.9375,89.84375,13.203015618343873
session_12.csv,session_12,540,34560,34688,17280,17344,69.12,69.376,relax,0,0,0.0,False,False,2.6283616490585526,3.175532622453743,278.7078896794335,34.0,18.0,84.43096245936874,89.84375,89.84375,8.322393750847345
session_12.csv,session_12,541,34624,34752,17312,17376,69.248,69.504,relax,0,0,0.0,False,False,3.046137786203774,3.584234757693689,323.572035167137,37.0,20.0,76.80876045313663,74.21875,70.3125,13.979204274375425
session_12.csv,session_12,542,34688,34816,17344,17408,69.376,69.632,relax,0,0,0.0,False,False,2.7877927399511644,3.299300703509829,288.47758592192093,36.0,18.0,72.80035681289563,70.3125,70.3125,8.24988151986654
session_12.csv,session_12,543,34752,34880,17376,17440,69.504,69.76,relax,0,0,0.0,False,False,2.403880418047807,2.8987524826383626,272.06783658402543,37.0,23.0,87.68407632243293,89.84375,89.84375,8.511084591871832
session_12.csv,session_12,544,34816,34944,17408,17472,69.632,69.888,relax,0,0,0.0,False,False,1.975530918455216,2.4825426483333186,224.67293335331235,28.0,16.0,86.28154373436124,93.75,93.75,7.369276961782638
session_12.csv,session_12,545,34880,35008,17440,17504,69.76,70.016,relax,0,0,0.0,False,False,2.0640613360206896,2.512457235087823,219.91551948849607,29.0,14.0,74.0488069008711,74.21875,70.3125,6.004800759692528
session_12.csv,session_12,546,34944,35072,17472,17536,69.888,70.144,relax,0,30,0.234375,True,True,5.026612624142272,6.896188639918534,532.0484239360428,37.0,25.0,79.469065344899,78.125,82.03125,25.319522824353662
session_12.csv,session_12,547,35008,35136,17504,17568,70.016,70.272,clench,1,94,0.734375,True,True,10.93774177518923,14.56729323886615,1176.7478268617187,42.0,35.0,81.35106873770793,78.125,78.125,194.55736478884967
session_12.csv,session_12,548,35072,35200,17536,17600,70.144,70.4,clench,1,128,1.0,False,False,11.470616780036485,15.022134840796634,1257.9764673735974,43.0,39.0,85.43960232037116,89.84375,93.75,204.60784614667307
session_12.csv,session_12,549,35136,35264,17568,17632,70.272,70.528,clench,1,128,1.0,False,False,10.57190049056815,13.274168153355184,1162.8334714909224,42.0,40.0,78.29127923529606,78.125,78.125,212.23893667846195
session_12.csv,session_12,550,35200,35328,17600,17664,70.4,70.656,clench,1,128,1.0,False,False,12.299624314660253,14.62958062253918,1321.3683054612095,41.0,38.0,85.75844945730692,85.9375,85.9375,180.7531175231048
session_12.csv,session_12,551,35264,35392,17632,17696,70.528,70.784,clench,1,128,1.0,False,False,11.349710123350151,13.655239697830401,1179.2839424012082,41.0,35.0,79.56651335723947,82.03125,82.03125,250.22180287092976
session_12.csv,session_12,552,35328,35456,17664,17728,70.656,70.912,clench,1,128,1.0,False,False,10.447579268352424,13.162798875580558,1118.1867141827229,40.0,33.0,81.57616400757868,82.03125,70.3125,124.93715226947717
session_12.csv,session_12,553,35392,35520,17696,17760,70.784,71.04,clench,1,128,1.0,False,False,9.309637899952826,11.436091154878074,989.3553840322678,39.0,30.0,84.99138332527154,85.9375,89.84375,105.83413887240883
session_12.csv,session_12,554,35456,35584,17728,17792,70.912,71.168,clench,1,128,1.0,False,False,7.835440302671624,9.884406518582589,809.3944902499425,37.0,31.0,73.48844044436977,70.3125,66.40625,41.8878650818072
session_12.csv,session_12,555,35520,35648,17760,17824,71.04,71.296,clench,1,128,1.0,False,False,7.861563119728503,10.348371457682143,862.1737643635175,40.0,35.0,82.7575720391225,85.9375,93.75,184.162636957303
session_12.csv,session_12,556,35584,35712,17792,17856,71.168,71.424,clench,1,128,1.0,False,False,8.978748531694222,11.049315676947346,958.8940984602355,40.0,36.0,82.24639191956733,82.03125,82.03125,111.42303787654521
session_12.csv,session_12,557,35648,35776,17824,17888,71.296,71.552,clench,1,128,1.0,False,False,9.277026856507653,11.025565903768706,1010.9454669211237,39.0,35.0,79.77516612237795,78.125,74.21875,156.85694072977742
session_12.csv,session_12,558,35712,35840,17856,17920,71.424,71.68,clench,1,128,1.0,False,False,7.197651526637678,9.122648045175902,746.2696076412291,38.0,31.0,80.53882494878346,82.03125,82.03125,54.57662808608658
session_12.csv,session_12,559,35776,35904,17888,17952,71.552,71.808,clench,1,128,1.0,False,False,7.11642224624235,9.132357985354687,779.8214113445639,39.0,34.0,81.31878602666801,78.125,78.125,76.12597072417599
session_12.csv,session_12,560,35840,35968,17920,17984,71.68,71.936,clench,1,128,1.0,False,False,9.636535913025128,11.974224357936315,1081.5117906068924,40.0,38.0,83.3873603078827,85.9375,85.9375,149.66156083330327
session_12.csv,session_12,561,35904,36032,17952,18016,71.808,72.064,clench,1,128,1.0,False,False,7.022078466207546,9.695267115409173,735.0107110302932,39.0,28.0,79.76040579999685,74.21875,74.21875,88.78579205062864
session_12.csv,session_12,562,35968,36096,17984,18048,71.936,72.192,clench,1,128,1.0,False,False,5.002042600077601,6.001618573460273,492.0657430722461,38.0,21.0,77.94860674057632,78.125,78.125,23.551309641813265
session_12.csv,session_12,563,36032,36160,18016,18080,72.064,72.32,clench,1,93,0.7265625,True,True,5.755486756989575,6.757642783978186,585.4630505722811,36.0,24.0,74.17177371962791,74.21875,74.21875,61.51166485137259
session_12.csv,session_12,564,36096,36224,18048,18112,72.192,72.448,relax,0,29,0.2265625,True,True,4.095744489150865,5.152586740206407,426.7807069221438,35.0,25.0,78.66053956757595,78.125,74.21875,14.106395545470603
session_12.csv,session_12,565,36160,36288,18080,18144,72.32,72.576,relax,0,0,0.0,False,False,3.2567934095822064,4.112580134190643,350.3693484697824,36.0,23.0,81.24130197988484,82.03125,70.3125,17.775784048950463
session_12.csv,session_12,566,36224,36352,18112,18176,72.448,72.704,relax,0,0,0.0,False,False,3.6611482423511714,4.421275562883877,398.15801670977754,38.0,24.0,84.65949338569494,82.03125,78.125,23.741149994819583
session_12.csv,session_12,567,36288,36416,18144,18208,72.576,72.832,relax,0,0,0.0,False,False,3.170825569674197,3.8231204701597536,343.80749670990207,38.0,25.0,84.73549056887651,85.9375,89.84375,9.79377623789521
session_12.csv,session_12,568,36352,36480,18176,18240,72.704,72.96,relax,0,0,0.0,False,False,2.519218061613709,3.150183831399099,282.07121807015085,36.0,22.0,80.7849519525456,82.03125,82.03125,11.767885292221951
session_12.csv,session_12,569,36416,36544,18208,18272,72.832,73.088,relax,0,0,0.0,False,False,2.575990740924304,3.266164561298984,280.95361737826147,34.0,19.0,81.83321538487989,85.9375,74.21875,6.622586264401379
session_12.csv,session_12,570,36480,36608,18240,18304,72.96,73.216,relax,0,0,0.0,False,False,2.0433067897513886,2.598822321802034,214.8950103492172,27.0,14.0,76.62847608769636,74.21875,74.21875,5.613565795082487
session_12.csv,session_12,571,36544,36672,18272,18336,73.088,73.344,relax,0,0,0.0,False,False,1.9846723301114464,2.569251649587292,212.98621628098388,26.0,15.0,78.9763760317352,78.125,74.21875,6.77468148639153
session_12.csv,session_12,572,36608,36736,18304,18368,73.216,73.472,relax,0,0,0.0,False,False,2.0279272261525696,2.6813388364917325,223.13772971550208,23.0,15.0,80.83056508756044,82.03125,85.9375,4.705493321514292
session_12.csv,session_12,573,36672,36800,18336,18400,73.344,73.6,relax,0,0,0.0,False,False,1.7489433000189352,2.2946800206001146,191.28886253493465,23.0,14.0,79.92841858970421,78.125,74.21875,3.982860122879829
session_12.csv,session_12,574,36736,36864,18368,18432,73.472,73.728,relax,0,0,0.0,False,False,1.996179892543546,2.48550027500432,205.27975302204246,27.0,13.0,77.58967001664679,74.21875,74.21875,7.437097153406852
session_12.csv,session_12,575,36800,36928,18400,18464,73.6,73.856,relax,0,0,0.0,False,False,2.2659789434175766,2.674251520840795,224.93623995442735,30.0,12.0,77.9737091805408,74.21875,74.21875,4.645231257221552
session_12.csv,session_12,576,36864,36992,18432,18496,73.728,73.984,relax,0,0,0.0,False,False,2.8898584856579452,3.505932461299093,297.51114514924865,37.0,19.0,83.91752840216635,85.9375,85.9375,8.261047999986042
session_12.csv,session_12,577,36928,37056,18464,18528,73.856,74.112,relax,0,5,0.0390625,True,True,8.299668919113492,12.453967457423731,814.9880696360076,38.0,26.0,76.33341931369513,74.21875,74.21875,43.969017227166965
session_12.csv,session_12,578,36992,37120,18496,18560,73.984,74.24,clench,1,69,0.5390625,True,True,17.405026280687117,23.144052057931972,1939.1751621150481,43.0,39.0,78.3942306437706,78.125,74.21875,827.182057119441
session_12.csv,session_12,579,37056,37184,18528,18592,74.112,74.368,clench,1,128,1.0,False,True,15.646030414548488,21.55720425192381,1789.3086726487331,45.0,42.0,90.24529831099993,97.65625,97.65625,205.84882209748312
session_12.csv,session_12,580,37120,37248,18560,18624,74.24,74.496,clench,1,128,1.0,False,False,14.97809555625117,19.799332196519696,1725.8025971058223,43.0,41.0,83.13078233643753,82.03125,78.125,352.0444945264209
session_12.csv,session_12,581,37184,37312,18592,18656,74.368,74.624,clench,1,128,1.0,False,False,16.581778073337382,21.207432542953924,1887.1220555489074,40.0,39.0,77.59506944893441,78.125,78.125,345.692627164243
session_12.csv,session_12,582,37248,37376,18624,18688,74.496,74.752,clench,1,128,1.0,False,False,11.513152166973466,14.285072863562284,1260.8277382662413,40.0,37.0,83.9372646657146,82.03125,78.125,160.9791746513697
session_12.csv,session_12,583,37312,37440,18656,18720,74.624,74.88,clench,1,128,1.0,False,False,12.74635403653641,15.84586296078098,1375.1426842594017,42.0,38.0,85.57906690680427,85.9375,85.9375,265.9095514839584
session_12.csv,session_12,584,37376,37504,18688,18752,74.752,75.008,clench,1,128,1.0,False,False,14.417011312216369,17.76983949006363,1618.4791060760117,43.0,40.0,87.23089808308956,89.84375,97.65625,223.29428376373872
session_12.csv,session_12,585,37440,37568,18720,18784,74.88,75.136,clench,1,128,1.0,False,False,12.538582295676875,15.380387263981639,1400.8461004906253,42.0,37.0,78.98191362260117,78.125,78.125,148.1010313469576
session_12.csv,session_12,586,37504,37632,18752,18816,75.008,75.264,clench,1,128,1.0,False,False,10.935227286353236,13.140410361851952,1122.0365296607447,38.0,31.0,80.02826098546792,82.03125,82.03125,178.77761619758192
session_12.csv,session_12,587,37568,37696,18784,18848,75.136,75.392,clench,1,128,1.0,False,False,10.724905458143716,13.315444471142628,1078.9505309049982,37.0,32.0,79.00116477644639,78.125,78.125,306.366610175429
session_12.csv,session_12,588,37632,37760,18816,18880,75.264,75.52,clench,1,128,1.0,False,False,11.89728636433187,14.782721151594568,1311.9202933490212,41.0,37.0,84.20959905411426,85.9375,89.84375,156.59130408349006
session_12.csv,session_12,589,37696,37824,18848,18912,75.392,75.648,clench,1,128,1.0,False,False,12.227932737676621,14.888261158665816,1374.3980578425665,44.0,39.0,82.69597799494181,82.03125,82.03125,145.94353953424272
session_12.csv,session_12,590,37760,37888,18880,18944,75.52,75.776,clench,1,128,1.0,False,False,10.525442922283947,13.151431619369637,1131.3466631083977,39.0,34.0,78.59565886695532,78.125,82.03125,240.0945928957598
session_12.csv,session_12,591,37824,37952,18912,18976,75.648,75.904,clench,1,128,1.0,False,False,8.172826247056992,9.9790305376004,820.1996509106287,36.0,28.0,78.7939887944964,78.125,78.125,66.07974877954838
session_12.csv,session_12,592,37888,38016,18944,19008,75.776,76.032,clench,1,128,1.0,False,False,5.967631021047264,7.223125996080394,618.1265987005214,37.0,28.0,82.71849531805744,82.03125,70.3125,53.070672186154006
session_12.csv,session_12,593,37952,38080,18976,19040,75.904,76.16,clench,1,116,0.90625,True,True,4.339257548207984,5.451753063103873,450.14134917773526,36.0,25.0,79.72181299039316,74.21875,74.21875,15.785849989649826
session_12.csv,session_12,594,38016,38144,19008,19072,76.032,76.288,relax,0,52,0.40625,True,True,6.7935368872996875,9.170807963232054,731.2595433520737,38.0,30.0,79.55137197768408,78.125,78.125,100.76037494318933
session_12.csv,session_12,595,38080,38208,19040,19104,76.16,76.416,relax,0,0,0.0,False,True,7.37980414357974,9.42578524686201,820.3907095267881,43.0,37.0,82.14073121587859,78.125,74.21875,60.14767946792331
session_12.csv,session_12,596,38144,38272,19072,19136,76.288,76.544,relax,0,0,0.0,False,False,4.319312182544154,5.2026695492995785,493.41996908976586,43.0,31.0,87.85886632966326,89.84375,97.65625,23.33156772457628
session_12.csv,session_12,597,38208,38336,19104,19168,76.416,76.672,relax,0,0,0.0,False,False,3.4737196619305513,4.172088850324085,364.5742856389373,38.0,21.0,83.67561262689607,85.9375,89.84375,8.087105587821272
session_12.csv,session_12,598,38272,38400,19136,19200,76.544,76.8,relax,0,0,0.0,False,False,3.066095625066355,3.8161369269119567,323.0314657860588,35.0,19.0,76.41826507267078,74.21875,74.21875,23.14501188476556
session_12.csv,session_12,599,38336,38464,19168,19232,76.672,76.928,relax,0,0,0.0,False,False,3.062370805737845,3.747402502540826,331.23897567641194,38.0,24.0,86.15982320564655,85.9375,82.03125,14.810751467114741
session_12.csv,session_12,600,38400,38528,19200,19264,76.8,77.056,relax,0,0,0.0,False,False,3.363919734466528,4.067322315555555,366.7356646469746,37.0,26.0,85.81457307134116,82.03125,97.65625,7.318088562090662
session_12.csv,session_12,601,38464,38592,19232,19296,76.928,77.184,relax,0,0,0.0,False,False,3.668653916644676,4.467254083320677,386.65095964784604,34.0,24.0,80.13939528288105,74.21875,74.21875,17.554931091362228
session_12.csv,session_12,602,38528,38656,19264,19328,77.056,77.312,relax,0,0,0.0,False,False,3.33110903865203,4.038835566897461,348.1128749760921,35.0,21.0,78.61355482969256,78.125,78.125,17.520553214622474
session_12.csv,session_12,603,38592,38720,19296,19360,77.184,77.44,relax,0,0,0.0,False,False,3.02601643920989,3.540587261581729,316.27405782469896,36.0,17.0,80.07787585938595,78.125,74.21875,13.25772227177506
session_12.csv,session_12,604,38656,38784,19328,19392,77.312,77.568,relax,0,0,0.0,False,False,2.659016826505649,3.254933402387295,284.29763183572885,33.0,18.0,83.20889629114218,85.9375,85.9375,7.42070612398763
session_12.csv,session_12,605,38720,38848,19360,19424,77.44,77.696,relax,0,0,0.0,False,False,2.088289149543749,2.597106009326584,227.33323283114933,29.0,15.0,84.06509172983534,85.9375,85.9375,7.933461545692536
session_12.csv,session_12,606,38784,38912,19392,19456,77.568,77.824,relax,0,0,0.0,False,False,2.151436751126627,2.62151174140956,219.77223511852665,28.0,13.0,81.79454791835501,82.03125,70.3125,8.138299886375558
session_12.csv,session_12,607,38848,38976,19424,19488,77.696,77.952,relax,0,0,0.0,False,False,2.233629814199803,2.8171539417805773,238.66140021016352,30.0,14.0,77.16516126356292,74.21875,74.21875,7.938671764797898
session_12.csv,session_12,608,38912,39040,19456,19520,77.824,78.08,relax,0,0,0.0,False,False,2.103911446349685,2.7334000628267865,221.28333425459036,25.0,12.0,78.06577676402063,78.125,70.3125,6.062740348480922
session_12.csv,session_12,609,38976,39104,19488,19552,77.952,78.208,relax,0,0,0.0,False,False,2.2000917991394338,2.7423730609247774,222.89759484094066,25.0,11.0,79.3344346967724,78.125,78.125,9.064345465834965
session_12.csv,session_12,610,39040,39168,19520,19584,78.08,78.336,relax,0,0,0.0,False,False,2.448260734652261,2.947446626455543,256.52187800200534,31.0,16.0,84.61499766351758,85.9375,93.75,5.541153235129585
session_12.csv,session_12,611,39104,39232,19552,19616,78.208,78.464,relax,0,0,0.0,False,False,2.3245692175010273,2.745297375452824,261.1807888667109,37.0,23.0,85.8922225252683,89.84375,89.84375,6.03157362658195
session_12.csv,session_12,612,39168,39296,19584,19648,78.336,78.592,relax,0,0,0.0,False,False,2.376722016777955,2.8462909056136714,252.1119830445159,35.0,18.0,78.22075988115871,78.125,82.03125,6.259434133854614
session_12.csv,session_12,613,39232,39360,19616,19680,78.464,78.72,relax,0,0,0.0,False,True,5.632099041007656,8.191073482227191,581.7825429545015,33.0,23.0,75.12571003343427,74.21875,74.21875,27.99172788812286
session_12.csv,session_12,614,39296,39424,19648,19712,78.592,78.848,relax,0,47,0.3671875,True,True,13.425568339224348,17.904528465525733,1502.4275032714042,41.0,38.0,85.05140098549788,85.9375,89.84375,449.0294291025595
session_12.csv,session_12,615,39360,39488,19680,19744,78.72,78.976,clench,1,111,0.8671875,True,True,16.320653935656498,19.89167381752514,1795.0694723567262,42.0,40.0,80.01276946994868,82.03125,82.03125,273.0231567259895
session_12.csv,session_12,616,39424,39552,19712,19776,78.848,79.104,clench,1,128,1.0,False,False,13.49149532299326,15.571183780841096,1483.7926741207264,44.0,40.0,90.0629632568366,93.75,93.75,278.48519362109226
session_12.csv,session_12,617,39488,39616,19744,19808,78.976,79.232,clench,1,128,1.0,False,False,14.562974525758593,17.178853559832536,1563.4271787249054,45.0,38.0,81.80606358755486,82.03125,82.03125,188.78319653658443
session_12.csv,session_12,618,39552,39680,19776,19840,79.104,79.36,clench,1,128,1.0,False,False,16.026529827411405,18.982382587349363,1741.571639430506,44.0,37.0,86.21447923732461,89.84375,89.84375,466.97176616165785
session_12.csv,session_12,619,39616,39744,19808,19872,79.232,79.488,clench,1,128,1.0,False,False,14.366224018208882,17.519406286242216,1572.5970942319088,41.0,36.0,88.59236747562625,89.84375,89.84375,274.858433820648
session_12.csv,session_12,620,39680,39808,19840,19904,79.36,79.616,clench,1,128,1.0,False,False,10.452830485734573,13.315583539841384,1149.4221270848514,40.0,34.0,79.04947364031246,78.125,74.21875,194.81877822347377
session_12.csv,session_12,621,39744,39872,19872,19936,79.488,79.744,clench,1,128,1.0,False,False,8.722637588115127,10.236814411314219,929.7679996441767,41.0,33.0,88.75122683448333,89.84375,89.84375,107.07275588249534
session_12.csv,session_12,622,39808,39936,19904,19968,79.616,79.872,clench,1,128,1.0,False,False,13.325012495128387,17.44384603183838,1399.974118071562,40.0,33.0,81.37037320396422,82.03125,89.84375,375.45058529821154
session_12.csv,session_12,623,39872,40000,19936,20000,79.744,80.0,clench,1,128,1.0,False,False,13.149746945050872,17.6659040971094,1369.7438521186573,39.0,31.0,80.54103433942817,78.125,74.21875,188.9776813252461
session_12.csv,session_12,624,39936,40064,19968,20032,79.872,80.128,clench,1,128,1.0,False,False,14.52607793523328,19.143982879360287,1612.7561581809266,42.0,37.0,81.98405903816288,82.03125,74.21875,462.5955112517365
session_12.csv,session_12,625,40000,40128,20000,20064,80.0,80.256,clench,1,128,1.0,False,False,16.82302475601373,21.27456694125328,1796.3670637705984,40.0,37.0,76.01555174702241,74.21875,74.21875,194.65615301089016
session_12.csv,session_12,626,40064,40192,20032,20096,80.128,80.384,clench,1,128,1.0,False,False,15.80043539513168,19.441507625266915,1701.781670398887,40.0,36.0,83.7193538103651,82.03125,82.03125,522.504702412666
session_12.csv,session_12,627,40128,40256,20064,20128,80.256,80.512,clench,1,128,1.0,False,False,16.283718538079754,19.601317058590794,1744.7599244476514,41.0,35.0,83.98248774016601,85.9375,89.84375,314.59561510487697
session_12.csv,session_12,628,40192,40320,20096,20160,80.384,80.64,clench,1,128,1.0,False,False,13.511704018378744,16.261175269472577,1425.9017575416044,41.0,32.0,76.70694692326384,78.125,78.125,307.2618622066317
session_12.csv,session_12,629,40256,40384,20128,20192,80.512,80.768,clench,1,128,1.0,False,False,11.755622532119528,14.008419969158991,1247.7247331841872,40.0,32.0,81.10537276953072,78.125,74.21875,162.52161843406148
session_12.csv,session_12,630,40320,40448,20160,20224,80.64,80.896,clench,1,128,1.0,False,False,10.209041292852529,12.00095649608177,1078.158815393844,41.0,35.0,80.23717225263661,82.03125,82.03125,146.9132823344518
session_12.csv,session_12,631,40384,40512,20192,20256,80.768,81.024,clench,1,128,1.0,False,False,7.13211288720907,8.309865407945182,759.8297451643168,42.0,36.0,84.53395998150076,85.9375,85.9375,59.02925545537741
session_12.csv,session_12,632,40448,40576,20224,20288,80.896,81.152,clench,1,90,0.703125,True,True,6.885680926184023,8.33527169213557,767.2022418297943,42.0,36.0,81.79419120119756,78.125,74.21875,51.17410164986593
session_12.csv,session_12,633,40512,40640,20256,20320,81.024,81.28,relax,0,26,0.203125,True,True,6.701377104350782,8.168968710776308,748.3365537204446,43.0,37.0,84.29164543319162,85.9375,85.9375,82.65453739340246
session_12.csv,session_12,634,40576,40704,20288,20352,81.152,81.408,relax,0,0,0.0,False,False,4.34419388948567,5.204052882835571,461.4332529948506,40.0,29.0,78.42299570300739,78.125,78.125,21.832317545398638
session_12.csv,session_12,635,40640,40768,20320,20384,81.28,81.536,relax,0,0,0.0,False,False,2.886521671381331,3.4981764240382542,318.50417634912924,37.0,23.0,81.87103607826278,85.9375,85.9375,8.724574028415462
session_12.csv,session_12,636,40704,40832,20352,20416,81.408,81.664,relax,0,0,0.0,False,False,2.4424256711126344,3.1196460823784737,273.1100019009779,33.0,19.0,84.34704924538971,85.9375,89.84375,6.526113253039973
session_12.csv,session_12,637,40768,40896,20384,20448,81.536,81.792,relax,0,0,0.0,False,False,2.705923845775641,3.563117871676131,300.13976705938046,30.0,16.0,80.6715016266275,82.03125,85.9375,22.28294405838338
session_12.csv,session_12,638,40832,40960,20416,20480,81.664,81.92,relax,0,0,0.0,False,False,2.7839253963350603,3.5249306393527036,293.1069884954493,34.0,18.0,85.73871548776795,85.9375,85.9375,6.374344527455814
session_12.csv,session_12,639,40896,41024,20448,20512,81.792,82.048,relax,0,0,0.0,False,False,3.1368535141223104,3.8975846645424137,330.87241551698844,33.0,20.0,77.23756453855347,74.21875,74.21875,24.285183462845872
session_12.csv,session_12,640,40960,41088,20480,20544,81.92,82.176,relax,0,0,0.0,False,False,3.8657766045328623,4.767165926872095,394.21340189089307,34.0,20.0,81.95998468110639,82.03125,82.03125,22.35196271749573
session_12.csv,session_12,641,41024,41152,20512,20576,82.048,82.304,relax,0,0,0.0,False,False,3.7478998814229563,4.71858631775723,380.02557991340757,34.0,17.0,78.07530230235928,78.125,78.125,13.775662118231123
session_12.csv,session_12,642,41088,41216,20544,20608,82.176,82.432,relax,0,0,0.0,False,False,3.3638179068896052,4.101169521675974,343.13486626017846,35.0,17.0,76.75588601956,74.21875,74.21875,17.97102503837809
session_12.csv,session_12,643,41152,41280,20576,20640,82.304,82.56,relax,0,0,0.0,False,False,2.642927861185184,3.179636252629554,267.8640045433083,32.0,16.0,81.88444218836655,85.9375,85.9375,13.154072494292425
session_12.csv,session_12,644,41216,41344,20608,20672,82.432,82.688,relax,0,0,0.0,False,False,2.160684439891819,2.4985985517895846,233.6636897907539,34.0,17.0,83.85953570245186,85.9375,89.84375,5.561192365200669
session_12.csv,session_12,645,41280,41408,20640,20704,82.56,82.816,relax,0,0,0.0,False,False,1.9598733717386727,2.2640740248787736,202.99619613935855,32.0,15.0,82.64289988337362,85.9375,85.9375,3.8483643994600665
session_12.csv,session_12,646,41344,41472,20672,20736,82.688,82.944,relax,0,0,0.0,False,False,2.0803753873692843,2.5348606212498885,209.10753599781907,29.0,13.0,78.67335917800686,74.21875,74.21875,6.757569600465517
session_12.csv,session_12,647,41408,41536,20704,20768,82.816,83.072,relax,0,0,0.0,False,False,2.39822384213054,2.889537814021762,259.3310832022893,35.0,18.0,82.47386785828837,82.03125,89.84375,7.5358993178091795
session_12.csv,session_12,648,41472,41600,20736,20800,82.944,83.2,relax,0,0,0.0,False,False,2.607962594062012,3.391537838665773,275.37210029290077,33.0,17.0,77.59784029408631,74.21875,74.21875,5.211623704171354
session_12.csv,session_12,649,41536,41664,20768,20832,83.072,83.328,relax,0,22,0.171875,True,True,7.981750552202808,12.039763494478823,858.83919021841,37.0,28.0,82.1187739907185,85.9375,85.9375,104.54989155072973
session_12.csv,session_12,650,41600,41728,20800,20864,83.2,83.456,clench,1,86,0.671875,True,True,15.287761114326438,19.289478437966864,1714.5723197472707,42.0,37.0,81.13991311703201,78.125,78.125,521.9968637560927
session_12.csv,session_12,651,41664,41792,20832,20896,83.328,83.584,clench,1,128,1.0,False,True,13.997387439512327,17.325966530593146,1469.006060654256,41.0,32.0,82.81496270253837,82.03125,82.03125,223.38471979957262
session_12.csv,session_12,652,41728,41856,20864,20928,83.456,83.712,clench,1,128,1.0,False,False,11.439510688815329,13.833962436367571,1216.634307269352,42.0,34.0,83.36083883844334,89.84375,93.75,132.70884367995734
session_12.csv,session_12,653,41792,41920,20896,20960,83.584,83.84,clench,1,128,1.0,False,False,11.7304599192001,15.668050014370591,1324.9878405214856,43.0,40.0,85.27451100776322,85.9375,85.9375,427.64736665868037
session_12.csv,session_12,654,41856,41984,20928,20992,83.712,83.968,clench,1,128,1.0,False,False,11.323747183216904,14.747736457725379,1258.7991055357325,42.0,38.0,82.55503950282242,78.125,97.65625,122.05751543552039
session_12.csv,session_12,655,41920,42048,20960,21024,83.84,84.096,clench,1,128,1.0,False,False,12.193531760521946,15.480305195513834,1284.3669788536774,41.0,34.0,85.12088295900796,89.84375,93.75,139.3876999609887
session_12.csv,session_12,656,41984,42112,20992,21056,83.968,84.224,clench,1,128,1.0,False,False,9.923677803658371,13.301492502607285,1018.074118816415,40.0,32.0,79.4441132724249,78.125,82.03125,269.7483519915791
session_12.csv,session_12,657,42048,42176,21024,21088,84.096,84.352,clench,1,128,1.0,False,False,11.184679104906213,14.610691830762736,1197.6745187851243,41.0,38.0,80.3347764065053,78.125,89.84375,234.1488536704445
session_12.csv,session_12,658,42112,42240,21056,21120,84.224,84.48,clench,1,128,1.0,False,False,15.264106538095788,17.980496026205202,1574.9730260610877,40.0,37.0,78.97184461871122,78.125,78.125,263.20377745789483
session_12.csv,session_12,659,42176,42304,21088,21152,84.352,84.608,clench,1,128,1.0,False,False,15.963463279188048,17.69268374396075,1647.7200350168937,42.0,39.0,83.74659728292113,82.03125,78.125,346.7754475815512
session_12.csv,session_12,660,42240,42368,21120,21184,84.48,84.736,clench,1,128,1.0,False,False,16.305562076300916,18.887222073730705,1734.1670711587894,44.0,40.0,86.65158810364174,89.84375,89.84375,277.1150019729426
session_12.csv,session_12,661,42304,42432,21152,21216,84.608,84.864,clench,1,128,1.0,False,False,11.537222062781076,15.278352493858309,1206.3321192052424,38.0,32.0,78.2454527691567,74.21875,70.3125,327.52133186292974
session_12.csv,session_12,662,42368,42496,21184,21248,84.736,84.992,clench,1,128,1.0,False,False,12.73364848446207,16.27742790575953,1344.9974607762454,38.0,32.0,76.2669994462315,74.21875,74.21875,238.42641261994294
session_12.csv,session_12,663,42432,42560,21216,21280,84.864,85.12,clench,1,128,1.0,False,False,16.121222550574902,18.835497687677858,1702.2971545235218,39.0,34.0,84.38194999688669,82.03125,97.65625,306.54038940372925
session_12.csv,session_12,664,42496,42624,21248,21312,84.992,85.248,clench,1,128,1.0,False,False,14.936927516158338,17.19502939700008,1649.7879238173985,41.0,39.0,84.263361003751,82.03125,82.03125,285.1844732770895
session_12.csv,session_12,665,42560,42688,21280,21344,85.12,85.376,clench,1,128,1.0,False,False,11.612455811433522,14.076820781560698,1246.1294434026877,42.0,38.0,79.87249088839953,78.125,78.125,209.18019642540568
session_12.csv,session_12,666,42624,42752,21312,21376,85.248,85.504,clench,1,128,1.0,False,False,7.58507869730443,9.042366057484527,841.8311615267285,40.0,35.0,82.55368622171933,82.03125,82.03125,79.7941110858084
session_12.csv,session_12,667,42688,42816,21344,21408,85.376,85.632,clench,1,128,1.0,False,False,6.182631933778733,7.6361394511028164,660.4689270174574,40.0,27.0,79.2648129959332,78.125,74.21875,61.08677935514443
session_12.csv,session_12,668,42752,42880,21376,21440,85.504,85.76,clench,1,128,1.0,False,True,4.9590057118451,6.1523464505171335,520.4200686504267,41.0,26.0,84.66932757989166,89.84375,89.84375,25.86920773482767
session_12.csv,session_12,669,42816,42944,21408,21472,85.632,85.888,clench,1,70,0.546875,True,True,8.68991290277988,11.382956283187642,950.8731626837264,43.0,35.0,82.39330902851495,82.03125,82.03125,208.93723037941396
session_12.csv,session_12,670,42880,43008,21440,21504,85.76,86.016,relax,0,6,0.046875,True,True,8.732894370190913,11.289625274369266,937.551863888017,41.0,36.0,83.0218921509622,82.03125,85.9375,44.679598171804514
session_12.csv,session_12,671,42944,43072,21472,21536,85.888,86.144,relax,0,0,0.0,False,False,5.213032480988069,6.065909794963236,566.1644743713241,42.0,32.0,85.97318784106858,85.9375,85.9375,41.0260627246985
session_12.csv,session_12,672,43008,43136,21504,21568,86.016,86.272,relax,0,0,0.0,False,False,4.443668389362212,5.156709277565581,454.3257973171294,40.0,24.0,77.41472413799123,70.3125,70.3125,18.23534582415327
session_12.csv,session_12,673,43072,43200,21536,21600,86.144,86.4,relax,0,0,0.0,False,False,3.4931527719158852,4.226986878291433,360.7927902699711,38.0,23.0,81.54353257417583,82.03125,78.125,23.324828629100434
session_12.csv,session_12,674,43136,43264,21568,21632,86.272,86.528,relax,0,0,0.0,False,False,2.3686602907475014,2.8761881983484647,258.4236969982337,33.0,21.0,83.51864085897697,85.9375,85.9375,6.376652575176812
session_12.csv,session_12,675,43200,43328,21600,21664,86.4,86.656,relax,0,0,0.0,False,False,2.439904141777412,3.1438295417093736,278.0801185395773,31.0,20.0,84.46733540461669,85.9375,85.9375,13.928554570931297
session_12.csv,session_12,676,43264,43392,21632,21696,86.528,86.784,relax,0,0,0.0,False,False,3.173606504029303,4.042459120778633,354.8246587339969,36.0,24.0,83.28079149838648,82.03125,82.03125,8.909995917003947
session_12.csv,session_12,677,43328,43456,21664,21728,86.656,86.912,relax,0,0,0.0,False,False,3.4225057836181807,4.264568200077648,368.68293483208004,36.0,23.0,79.1182324514442,74.21875,70.3125,25.27091206753554
session_12.csv,session_12,678,43392,43520,21696,21760,86.784,87.04,relax,0,0,0.0,False,False,2.7602663936427434,3.4611019872565763,294.51544936262354,34.0,21.0,76.52151550019512,74.21875,70.3125,9.489214370531625
session_12.csv,session_12,679,43456,43584,21728,21792,86.912,87.168,relax,0,0,0.0,False,False,2.181089618874192,2.6486669955065683,234.38944979538496,32.0,19.0,81.99941590547589,82.03125,70.3125,7.057162420561615
session_12.csv,session_12,680,43520,43648,21760,21824,87.04,87.296,relax,0,0,0.0,False,False,2.206598256112536,2.5999643921968336,235.38920811209624,33.0,17.0,84.46834667089074,82.03125,82.03125,5.4927431799424
session_12.csv,session_12,681,43584,43712,21792,21856,87.168,87.424,relax,0,0,0.0,False,False,1.9290760073384454,2.2856185220009637,214.9909671414,31.0,15.0,79.30278385476042,78.125,74.21875,4.378077427859767
session_12.csv,session_12,682,43648,43776,21824,21888,87.296,87.552,relax,0,0,0.0,False,False,2.65335572117203,3.6547366716009004,299.5213221576725,32.0,19.0,78.72016679795217,78.125,74.21875,16.809561456397596
session_12.csv,session_12,683,43712,43840,21856,21920,87.424,87.68,relax,0,0,0.0,False,False,3.4169308511634324,4.366836128671622,373.1367100918159,36.0,23.0,80.00618653432812,82.03125,82.03125,12.920652030500694
session_12.csv,session_12,684,43776,43904,21888,21952,87.552,87.808,relax,0,0,0.0,False,True,5.475390872361226,7.0459584973040705,596.2041571393614,38.0,30.0,83.81871942902065,85.9375,85.9375,42.13800027096476
session_12.csv,session_12,685,43840,43968,21920,21984,87.68,87.936,relax,0,62,0.484375,True,True,17.549908360043812,24.428353671484693,1866.9350592305884,42.0,38.0,84.71029618422492,82.03125,82.03125,826.226088715984
session_12.csv,session_12,686,43904,44032,21952,22016,87.808,88.064,clench,1,126,0.984375,True,True,19.899198535210857,25.765069861479542,2110.772450257454,40.0,37.0,80.89339884492422,82.03125,82.03125,392.0953618662806
session_12.csv,session_12,687,43968,44096,21984,22048,87.936,88.192,clench,1,128,1.0,False,False,14.807062462562717,18.540633103721365,1617.2825813710285,41.0,38.0,77.69645063183765,74.21875,70.3125,186.98328123176313
session_12.csv,session_12,688,44032,44160,22016,22080,88.064,88.32,clench,1,128,1.0,False,False,17.59949868772466,21.114904483663967,1940.0283973328,43.0,41.0,82.69153648620787,85.9375,85.9375,471.8302987289996
session_12.csv,session_12,689,44096,44224,22048,22112,88.192,88.448,clench,1,128,1.0,False,False,16.558567892712784,19.168227315917505,1779.0821013877417,42.0,39.0,84.95125120505793,85.9375,85.9375,462.51718353002775
session_12.csv,session_12,690,44160,44288,22080,22144,88.32,88.576,clench,1,128,1.0,False,False,11.669224584401913,14.4915877837177,1225.107111239845,41.0,33.0,75.74781473506059,74.21875,74.21875,191.2611318251377
session_12.csv,session_12,691,44224,44352,22112,22176,88.448,88.704,clench,1,128,1.0,False,False,9.958195845048435,12.431825567352824,1107.104569359076,41.0,34.0,81.47146109790505,78.125,78.125,140.29068779319505
session_12.csv,session_12,692,44288,44416,22144,22208,88.576,88.832,clench,1,128,1.0,False,False,11.22069193291249,13.518280012673639,1226.0661360492265,40.0,35.0,83.08174581389707,82.03125,85.9375,152.17901641492287
session_12.csv,session_12,693,44352,44480,22176,22240,88.704,88.96,clench,1,128,1.0,False,False,9.620021342278578,11.65704956760239,1036.8472768892002,41.0,37.0,81.27598366662352,82.03125,70.3125,130.47396617404524
session_12.csv,session_12,694,44416,44544,22208,22272,88.832,89.088,clench,1,128,1.0,False,False,11.278406649817892,13.346687213539877,1227.5677910269978,43.0,38.0,83.95129380892953,85.9375,85.9375,157.5886206605722
session_12.csv,session_12,695,44480,44608,22240,22304,88.96,89.216,clench,1,128,1.0,False,False,12.84133143951087,15.11616017540259,1345.9816241213696,41.0,35.0,82.15854187436516,82.03125,85.9375,248.36106274842717
session_12.csv,session_12,696,44544,44672,22272,22336,89.088,89.344,clench,1,128,1.0,False,False,20.784025681477566,27.397346010069842,2272.109185799794,40.0,37.0,77.77176388862827,78.125,74.21875,640.1963587713061
session_12.csv,session_12,697,44608,44736,22304,22368,89.216,89.472,clench,1,128,1.0,False,False,26.600752068795828,32.44982150450675,2828.5321928840594,40.0,38.0,80.66718311702513,82.03125,82.03125,853.4500288284161
session_12.csv,session_12,698,44672,44800,22336,22400,89.344,89.6,clench,1,128,1.0,False,False,24.819515738141945,30.1012399039025,2581.70979951396,43.0,39.0,83.559230582113,82.03125,82.03125,1471.0785359837876
session_12.csv,session_12,699,44736,44864,22368,22432,89.472,89.728,clench,1,128,1.0,False,False,24.561604198968077,33.606881449601346,2590.820896624013,43.0,41.0,80.8468038847924,82.03125,89.84375,554.1395268299842
session_12.csv,session_12,700,44800,44928,22400,22464,89.6,89.856,clench,1,128,1.0,False,False,25.437778532701703,35.179500606922986,2876.2588855142712,41.0,40.0,79.76165198391232,78.125,74.21875,1079.071909501081
session_12.csv,session_12,701,44864,44992,22432,22496,89.728,89.984,clench,1,128,1.0,False,False,20.014625330747663,26.7369492425651,2209.8320545168126,41.0,36.0,83.65856318187733,85.9375,82.03125,849.3897660892221
session_12.csv,session_12,702,44928,45056,22464,22528,89.856,90.112,clench,1,128,1.0,False,False,12.824322351736077,16.275378805297002,1354.1193939845314,41.0,33.0,83.85958975622886,85.9375,89.84375,188.82948707266968
session_12.csv,session_12,703,44992,45120,22496,22560,89.984,90.24,clench,1,128,1.0,False,False,14.512466336776253,19.24560059664371,1608.3787135033967,42.0,37.0,84.5753322480871,85.9375,93.75,584.4236998557094
session_12.csv,session_12,704,45056,45184,22528,22592,90.112,90.368,clench,1,128,1.0,False,False,11.975392137711706,16.982953598681338,1300.6462540236628,42.0,37.0,81.09223958935245,82.03125,85.9375,100.1121833979262
session_12.csv,session_12,705,45120,45248,22560,22624,90.24,90.496,clench,1,128,1.0,False,False,5.692480217199433,9.089746757162574,585.094597402343,32.0,22.0,81.68275872651326,82.03125,82.03125,56.873307331004526
session_12.csv,session_12,706,45184,45312,22592,22656,90.368,90.624,clench,1,102,0.796875,True,True,3.824052838510566,4.896640421683996,409.90040832916236,34.0,24.0,81.14315776090938,85.9375,85.9375,26.99488361191972
session_12.csv,session_12,707,45248,45376,22624,22688,90.496,90.752,relax,0,38,0.296875,True,True,4.903707986885837,5.907694313639102,552.4352764955734,42.0,31.0,87.33170956795553,89.84375,93.75,23.96963265101587
session_12.csv,session_12,708,45312,45440,22656,22720,90.624,90.88,relax,0,0,0.0,False,False,3.761866706474142,4.7705620289974755,408.3931013387894,38.0,23.0,84.63941696275396,89.84375,93.75,28.395789103518013
session_12.csv,session_12,709,45376,45504,22688,22752,90.752,91.008,relax,0,0,0.0,False,False,2.852911274250396,3.3663723175961744,297.38184110700604,35.0,20.0,80.85733407724511,74.21875,74.21875,10.274398965937001
session_12.csv,session_12,710,45440,45568,22720,22784,90.88,91.136,relax,0,0,0.0,False,False,3.3642715733639896,4.0400062430209465,366.04779449618877,37.0,26.0,77.36189014471707,74.21875,74.21875,19.543708185108727
session_12.csv,session_12,711,45504,45632,22752,22816,91.008,91.264,relax,0,0,0.0,False,False,3.0294330054708745,3.772661145413493,324.1399181824397,33.0,21.0,86.52012448235764,82.03125,97.65625,13.831918333102996
session_12.csv,session_12,712,45568,45696,22784,22848,91.136,91.392,relax,0,0,0.0,False,False,3.6222304388261968,4.659447452636761,385.07370821871405,34.0,22.0,76.04851109350685,74.21875,70.3125,25.999345935870558
session_12.csv,session_12,713,45632,45760,22816,22880,91.264,91.52,relax,0,0,0.0,False,False,3.6509858059142863,4.604447469220575,380.7106228854921,37.0,23.0,79.43602931686745,74.21875,85.9375,11.450287053044791
session_12.csv,session_12,714,45696,45824,22848,22912,91.392,91.648,relax,0,0,0.0,False,False,2.8908985040163744,3.479118654461041,318.21266356979174,38.0,24.0,83.10180230964026,85.9375,85.9375,11.327735389793546
session_12.csv,session_12,715,45760,45888,22880,22944,91.52,91.776,relax,0,0,0.0,False,False,3.197832331640903,3.8622745419779845,344.82241270537554,38.0,21.0,79.10379444026637,78.125,78.125,14.294774022757995
session_12.csv,session_12,716,45824,45952,22912,22976,91.648,91.904,relax,0,0,0.0,False,False,2.846994125179701,3.478872573605763,295.56962242376363,34.0,16.0,80.16510861594969,74.21875,70.3125,9.941931179641545
session_12.csv,session_12,717,45888,46016,22944,23008,91.776,92.032,relax,0,0,0.0,False,False,2.991447153467916,3.7763771378255626,316.6719879133627,31.0,21.0,81.00162186274314,78.125,74.21875,10.970505247506269
session_12.csv,session_12,718,45952,46080,22976,23040,91.904,92.16,relax,0,0,0.0,False,False,3.493499116461625,4.360520889970705,377.46860842686334,34.0,24.0,83.43181003728363,82.03125,82.03125,26.803513427872616
session_12.csv,session_12,719,46016,46144,23008,23072,92.032,92.288,relax,0,0,0.0,False,False,2.59618845381157,3.4267964749475834,271.0624475223334,30.0,15.0,80.35361221661248,82.03125,70.3125,8.962574132823363
session_12.csv,session_12,720,46080,46208,23040,23104,92.16,92.416,relax,0,0,0.0,False,False,3.0329751873343795,3.8981836523049287,309.64276829237906,32.0,15.0,81.8567162740109,82.03125,85.9375,17.055633334395388
session_12.csv,session_12,721,46144,46272,23072,23136,92.288,92.544,relax,0,0,0.0,False,False,3.7080465357205723,4.504589195811935,386.3904906671862,37.0,21.0,79.26159373532597,78.125,82.03125,20.531721381577945
session_12.csv,session_12,722,46208,46336,23104,23168,92.416,92.672,relax,0,0,0.0,False,False,2.614728863949712,3.374868740713252,277.7011913180433,29.0,14.0,76.92208401271155,74.21875,74.21875,11.392172344770504
session_12.csv,session_12,723,46272,46400,23136,23200,92.544,92.8,relax,0,25,0.1953125,True,True,7.814924700429467,14.386841529614683,864.0973466259787,34.0,23.0,77.70502271214357,78.125,82.03125,36.03041227673961
session_12.csv,session_12,724,46336,46464,23168,23232,92.672,92.928,clench,1,89,0.6953125,True,True,18.668251326801943,25.049570581408567,2075.7822984401355,41.0,39.0,84.62932439519132,85.9375,85.9375,1009.0259681991796
session_12.csv,session_12,725,46400,46528,23200,23264,92.8,93.056,clench,1,128,1.0,False,True,22.568469267233354,27.234406042134477,2382.776024219859,40.0,40.0,79.97292720914773,78.125,74.21875,712.469822867944
session_12.csv,session_12,726,46464,46592,23232,23296,92.928,93.184,clench,1,128,1.0,False,False,14.711095474276712,19.15437016780539,1456.1464348796815,39.0,34.0,77.67372995169066,78.125,78.125,346.76448578762324
session_12.csv,session_12,727,46528,46656,23264,23328,93.056,93.312,clench,1,128,1.0,False,False,10.004909465980084,13.262183955333152,1064.1959622568131,39.0,37.0,80.86924210877596,78.125,78.125,253.89230095637976
session_12.csv,session_12,728,46592,46720,23296,23360,93.184,93.44,clench,1,128,1.0,False,False,9.972599637212436,13.258302740759143,1121.4229815780122,39.0,37.0,83.1483160974957,85.9375,93.75,100.44783066197101
session_12.csv,session_12,729,46656,46784,23328,23392,93.312,93.568,clench,1,128,1.0,False,False,9.945849206039167,11.982983672674774,1064.725531691736,38.0,34.0,77.40435773913778,70.3125,70.3125,143.38020840486175
session_12.csv,session_12,730,46720,46848,23360,23424,93.44,93.696,clench,1,128,1.0,False,False,8.578334494911212,10.80668785238764,908.7155448737028,37.0,31.0,73.75344558124527,70.3125,70.3125,90.65451715636584
session_12.csv,session_12,731,46784,46912,23392,23456,93.568,93.824,clench,1,128,1.0,False,False,7.0049085026529525,8.906284382040734,730.7110849700531,37.0,28.0,78.193974566336,74.21875,74.21875,83.77728937554136
session_12.csv,session_12,732,46848,46976,23424,23488,93.696,93.952,clench,1,128,1.0,False,False,8.376325867374344,10.204531986154954,861.3145733844664,39.0,31.0,77.61788359189893,78.125,78.125,64.10674886903183
session_12.csv,session_12,733,46912,47040,23456,23520,93.824,94.08,clench,1,128,1.0,False,False,9.450689447522477,11.547426576958934,1026.669723624707,39.0,37.0,81.94206048020347,82.03125,70.3125,108.70279600633576
session_12.csv,session_12,734,46976,47104,23488,23552,93.952,94.208,clench,1,128,1.0,False,False,7.740130169890707,10.158413872880658,831.8991756822976,37.0,29.0,78.21521974105124,74.21875,74.21875,120.42310484984517
session_12.csv,session_12,735,47040,47168,23520,23584,94.08,94.336,clench,1,128,1.0,False,False,6.437753801305435,8.757042850895964,694.8414178231386,37.0,28.0,77.47519521621305,78.125,70.3125,29.207615216006772
session_12.csv,session_12,736,47104,47232,23552,23616,94.208,94.464,clench,1,128,1.0,False,False,8.375418643851479,10.508709037895759,933.8738067982281,41.0,36.0,86.86702707997532,89.84375,89.84375,177.03597411988386
session_12.csv,session_12,737,47168,47296,23584,23648,94.336,94.592,clench,1,128,1.0,False,False,6.950861559036022,8.485123748438502,761.7000666780586,41.0,35.0,80.94199842724134,78.125,74.21875,55.31885113220088
session_12.csv,session_12,738,47232,47360,23616,23680,94.464,94.72,clench,1,128,1.0,False,False,9.53660220207474,12.480453548164705,1052.4668341945032,40.0,35.0,82.28667558322763,82.03125,82.03125,80.1975402231152
session_12.csv,session_12,739,47296,47424,23648,23712,94.592,94.848,clench,1,128,1.0,False,False,11.681753304761163,14.06305589491933,1304.4497480168634,40.0,37.0,79.55321090222421,78.125,78.125,259.3385536003416
session_12.csv,session_12,740,47360,47488,23680,23744,94.72,94.976,clench,1,128,1.0,False,False,9.542748082932373,11.250464025654768,1027.677651488703,40.0,39.0,80.13486517208987,78.125,78.125,115.50367914166667
session_12.csv,session_12,741,47424,47552,23712,23776,94.848,95.104,clench,1,128,1.0,False,False,9.207149760437687,11.230021590417914,1013.5860244079229,42.0,39.0,80.11157076329467,78.125,74.21875,72.58314183854823
session_12.csv,session_12,742,47488,47616,23744,23808,94.976,95.232,clench,1,128,1.0,False,False,9.18240518919494,11.187254130469825,1050.9967391759783,43.0,38.0,80.62058076801453,82.03125,82.03125,162.957813840537
session_12.csv,session_12,743,47552,47680,23776,23840,95.104,95.36,clench,1,128,1.0,False,False,7.2499198882402265,9.21983326516058,817.1459898895937,42.0,35.0,84.95250236010422,85.9375,89.84375,104.77771557190513
session_12.csv,session_12,744,47616,47744,23808,23872,95.232,95.488,clench,1,120,0.9375,True,True,4.155880486092413,5.583708442319298,454.6643895253432,39.0,26.0,82.32050613980962,85.9375,85.9375,6.687473224612589
session_12.csv,session_12,745,47680,47808,23840,23904,95.36,95.616,relax,0,56,0.4375,True,True,4.552180172089907,5.791235553077354,458.9933259901462,36.0,23.0,75.24629271431334,74.21875,66.40625,27.20051393965171
session_12.csv,session_12,746,47744,47872,23872,23936,95.488,95.744,relax,0,0,0.0,False,True,4.726425355839458,5.9326201900837345,466.098588909494,32.0,21.0,72.2252389080353,70.3125,70.3125,51.580379153418825
session_12.csv,session_12,747,47808,47936,23904,23968,95.616,95.872,relax,0,0,0.0,False,False,3.9964560504417945,4.88485469510487,430.74734248146746,37.0,24.0,84.6037670591116,89.84375,89.84375,19.779811491457732
session_12.csv,session_12,748,47872,48000,23936,24000,95.744,96.0,relax,0,0,0.0,False,False,4.339226248076273,5.161277411517102,476.9602194303353,41.0,29.0,81.08117454243256,82.03125,85.9375,19.014791465000762
session_12.csv,session_12,749,47936,48064,23968,24032,95.872,96.128,relax,0,0,0.0,False,False,3.543305579458294,4.314028515700686,357.3100167333087,35.0,23.0,76.63085600625922,74.21875,74.21875,24.991587678009722
session_12.csv,session_12,750,48000,48128,24000,24064,96.0,96.256,relax,0,0,0.0,False,False,2.198321359265451,2.634823282320476,219.7657500206317,28.0,14.0,80.86563014140319,74.21875,74.21875,6.184433267252992
session_12.csv,session_12,751,48064,48192,24032,24096,96.128,96.384,relax,0,0,0.0,False,False,2.1062835658888432,2.7499158667540753,231.60374351826562,28.0,18.0,82.0107082351633,82.03125,89.84375,7.053900075398541
session_12.csv,session_12,752,48128,48256,24064,24128,96.256,96.512,relax,0,0,0.0,False,False,2.45722558551208,3.037984525127992,268.58033748279036,35.0,20.0,80.62231237417632,74.21875,74.21875,5.505625194821268
session_12.csv,session_12,753,48192,48320,24096,24160,96.384,96.64,relax,0,0,0.0,False,False,2.372106545081424,2.82986904525902,264.5025382013225,36.0,20.0,81.74891618784402,82.03125,82.03125,12.016335448971898
session_12.csv,session_12,754,48256,48384,24128,24192,96.512,96.768,relax,0,0,0.0,False,False,1.7896290943430841,2.2941189411466825,195.26779088440213,25.0,14.0,80.83949974254445,85.9375,85.9375,3.343062425800813
session_12.csv,session_12,755,48320,48448,24160,24224,96.64,96.896,relax,0,0,0.0,False,False,1.4825566292705021,1.8417148626447433,157.15714549641686,20.0,9.0,82.72900807815917,82.03125,70.3125,3.991698371409312
session_12.csv,session_12,756,48384,48512,24192,24256,96.768,97.024,relax,0,0,0.0,False,False,1.770025319037799,2.206607879548207,190.53531518457473,25.0,13.0,86.20559746934748,89.84375,93.75,4.7030426093566255
session_12.csv,session_12,757,48448,48576,24224,24288,96.896,97.152,relax,0,0,0.0,False,False,1.9447638295329195,2.381655116625255,207.53169184628405,27.0,14.0,84.20744900811918,85.9375,89.84375,4.646196240953966
session_12.csv,session_12,758,48512,48640,24256,24320,97.024,97.28,relax,0,0,0.0,False,False,1.954023944181264,2.402477888821391,215.09109304196664,29.0,15.0,80.34986307415515,78.125,74.21875,6.996364469567331
session_12.csv,session_12,759,48576,48704,24288,24352,97.152,97.408,relax,0,0,0.0,False,False,1.758306577981623,2.1543721448914863,192.49505803844224,27.0,13.0,78.58691265333931,78.125,78.125,4.682755522950924
session_12.csv,session_12,760,48640,48768,24320,24384,97.28,97.536,relax,0,0,0.0,False,False,2.059976629468075,2.529382630966559,217.64629631407593,28.0,14.0,81.05216473709923,78.125,78.125,6.258038460440891
session_12.csv,session_12,761,48704,48832,24352,24416,97.408,97.664,relax,0,0,0.0,False,False,2.4002477416380135,2.922307966968145,254.6911304154825,31.0,18.0,82.57718466392095,85.9375,74.21875,7.040714040579952
session_12.csv,session_12,762,48768,48896,24384,24448,97.536,97.792,relax,0,0,0.0,False,False,2.0222476939906247,2.465594225118171,218.8824349360244,28.0,14.0,78.33873560813635,74.21875,70.3125,7.291889334002253
session_12.csv,session_12,763,48832,48960,24416,24480,97.664,97.92,relax,0,0,0.0,False,False,1.5654592593002006,1.8976564510267735,180.6455797938457,24.0,10.0,83.91743318545942,89.84375,89.84375,3.8821191140892926
session_12.csv,session_12,764,48896,49024,24448,24512,97.792,98.048,relax,0,0,0.0,False,False,2.136726246658699,2.8052620333296807,229.20239484422723,27.0,13.0,77.34792808199093,74.21875,70.3125,8.873496726903568
session_12.csv,session_12,765,48960,49088,24480,24544,97.92,98.176,relax,0,10,0.078125,True,True,5.460403612841941,8.022912155361944,582.4372119777717,35.0,25.0,77.00470330639307,74.21875,74.21875,15.334034611793477
session_12.csv,session_12,766,49024,49152,24512,24576,98.048,98.304,clench,1,74,0.578125,True,True,11.864070230843861,15.127684047255979,1241.3241777316819,38.0,32.0,81.32254265988105,82.03125,82.03125,265.24088438743956
session_12.csv,session_12,767,49088,49216,24544,24608,98.176,98.432,clench,1,128,1.0,False,True,17.58057742932176,21.621381807330707,1864.4990315078865,39.0,35.0,76.3236610974673,74.21875,74.21875,453.05615059218843
session_12.csv,session_12,768,49152,49280,24576,24640,98.304,98.56,clench,1,128,1.0,False,False,16.710360392247804,20.94891755397036,1827.3542792711046,39.0,35.0,84.2531319636149,85.9375,85.9375,610.1612700031843
session_12.csv,session_12,769,49216,49344,24608,24672,98.432,98.688,clench,1,128,1.0,False,False,15.223678388304313,19.316087625242428,1591.4706210150537,39.0,34.0,75.97730225663895,74.21875,74.21875,212.51301608305275
session_12.csv,session_12,770,49280,49408,24640,24704,98.56,98.816,clench,1,128,1.0,False,False,15.140507697139796,18.91476874821275,1592.5471756784066,40.0,37.0,78.0538544244527,78.125,74.21875,511.4830693653354
session_12.csv,session_12,771,49344,49472,24672,24736,98.688,98.944,clench,1,128,1.0,False,False,13.34206313190944,15.872762173559176,1496.4712040071356,43.0,38.0,81.16458554595262,82.03125,78.125,319.9243870252757
session_12.csv,session_12,772,49408,49536,24704,24768,98.816,99.072,clench,1,128,1.0,False,False,13.68755812543014,16.74657883196299,1535.8014198225571,42.0,36.0,83.87283982316491,85.9375,89.84375,205.59659335623587
session_12.csv,session_12,773,49472,49600,24736,24800,98.944,99.2,clench,1,128,1.0,False,False,14.090858155391388,17.08079930670941,1561.6301052913093,40.0,36.0,84.39573055538541,85.9375,85.9375,353.6601512430079
session_12.csv,session_12,774,49536,49664,24768,24832,99.072,99.328,clench,1,128,1.0,False,False,12.084528707307511,14.547005961330807,1315.5670007839647,42.0,38.0,84.40576950140525,85.9375,85.9375,233.62538957454083
session_12.csv,session_12,775,49600,49728,24800,24864,99.2,99.456,clench,1,128,1.0,False,False,10.516370120891649,12.325304898246484,1129.2018081824165,42.0,36.0,83.12824321702979,85.9375,85.9375,146.19426284400242
session_12.csv,session_12,776,49664,49792,24832,24896,99.328,99.584,clench,1,128,1.0,False,False,10.297562037740487,12.593716313068917,1119.814315112207,39.0,34.0,80.31340462661247,82.03125,89.84375,155.58303532303748
session_12.csv,session_12,777,49728,49856,24864,24928,99.456,99.712,clench,1,128,1.0,False,False,10.01361972052966,12.710209056697781,1133.8117738180981,41.0,37.0,82.54907290551304,85.9375,85.9375,102.51708017734843
session_12.csv,session_12,778,49792,49920,24896,24960,99.584,99.84,clench,1,128,1.0,False,False,8.630605076513305,10.760500207098369,976.4279463763557,39.0,38.0,80.79518712528045,78.125,74.21875,143.3886142033249
session_12.csv,session_12,779,49856,49984,24928,24992,99.712,99.968,clench,1,128,1.0,False,False,8.880857458420904,10.81838061299235,925.7932466116589,38.0,30.0,79.75490520894516,78.125,74.21875,90.244541585222
session_12.csv,session_12,780,49920,50048,24960,25024,99.84,100.096,clench,1,128,1.0,False,False,8.994968466580255,10.960487716346003,970.470272409752,40.0,29.0,87.10857648088702,85.9375,85.9375,141.58754429957983
session_12.csv,session_12,781,49984,50112,24992,25056,99.968,100.224,clench,1,128,1.0,False,False,5.431640115741636,6.917473169407314,607.9305326469125,40.0,30.0,82.09820219119939,78.125,74.21875,30.736642539001974
session_12.csv,session_12,782,50048,50176,25024,25088,100.096,100.352,clench,1,115,0.8984375,True,True,4.225883491884016,5.357685399982512,474.9536968412964,40.0,29.0,81.12219560754205,78.125,89.84375,17.121416912774485
session_12.csv,session_12,783,50112,50240,25056,25120,100.224,100.48,relax,0,51,0.3984375,True,True,5.728989858601997,7.1317497712911235,647.8050488996811,43.0,35.0,84.3063381236519,89.84375,93.75,73.67989033577103
session_12.csv,session_12,784,50176,50304,25088,25152,100.352,100.608,relax,0,0,0.0,False,True,5.074507837321875,6.35482705054612,554.2646876224759,39.0,31.0,83.4680141226837,85.9375,74.21875,32.85652423906314
session_12.csv,session_12,785,50240,50368,25120,25184,100.48,100.736,relax,0,0,0.0,False,False,3.8793613427477123,4.604174309804293,415.08514034953635,39.0,24.0,82.92944002807957,85.9375,74.21875,22.54388572341609
session_12.csv,session_12,786,50304,50432,25152,25216,100.608,100.864,relax,0,0,0.0,False,False,3.553352916778461,4.218012774188929,367.59246291478075,38.0,20.0,79.36626224391979,82.03125,70.3125,15.556623711256075
session_12.csv,session_12,787,50368,50496,25184,25248,100.736,100.992,relax,0,0,0.0,False,False,2.9540913151768464,3.6057018320723215,317.6024300662913,33.0,20.0,79.33314324891437,78.125,78.125,17.145739490490136
session_12.csv,session_12,788,50432,50560,25216,25280,100.864,101.12,relax,0,0,0.0,False,False,2.736012477758049,3.5681179533620724,311.96262524182896,32.0,21.0,82.48650619022997,85.9375,85.9375,12.03955363893092
session_12.csv,session_12,789,50496,50624,25248,25312,100.992,101.248,relax,0,0,0.0,False,False,3.1890892965307174,3.884368141327529,349.41574786862424,37.0,24.0,79.69905615147438,78.125,85.9375,14.630160746618197
session_12.csv,session_12,790,50560,50688,25280,25344,101.12,101.376,relax,0,0,0.0,False,False,2.838983811734293,3.4462217836181313,303.07248038801805,34.0,19.0,77.50365804005372,74.21875,70.3125,9.814725565291928
session_12.csv,session_12,791,50624,50752,25312,25376,101.248,101.504,relax,0,0,0.0,False,False,2.64014366388681,3.1465556217067316,273.46502735003975,33.0,15.0,83.94914468814389,82.03125,93.75,10.70880782349573
session_12.csv,session_12,792,50688,50816,25344,25408,101.376,101.632,relax,0,0,0.0,False,False,3.4406367663831094,4.13930019466739,358.40454042713765,37.0,21.0,80.2844255308322,82.03125,74.21875,16.439653500242223
session_12.csv,session_12,793,50752,50880,25376,25440,101.504,101.76,relax,0,0,0.0,False,False,2.8168706201202833,3.66674919574767,308.8006416601076,33.0,22.0,80.31939002155444,74.21875,74.21875,10.92065933733981
session_12.csv,session_12,794,50816,50944,25408,25472,101.632,101.888,relax,0,0,0.0,False,False,2.276951349141553,2.7449429370663885,249.40848486007445,33.0,19.0,83.84192671749317,85.9375,85.9375,5.302832651359058
session_12.csv,session_12,795,50880,51008,25440,25504,101.76,102.016,relax,0,0,0.0,False,False,2.523356864175156,2.9639428600003046,263.89013712853006,35.0,19.0,85.26890982725645,85.9375,85.9375,7.249038385262068
session_12.csv,session_12,796,50944,51072,25472,25536,101.888,102.144,relax,0,0,0.0,False,False,2.4307181131064146,2.9227283290716413,246.90523419319726,31.0,17.0,74.33835429427515,74.21875,74.21875,9.816504803637432
session_12.csv,session_12,797,51008,51136,25504,25568,102.016,102.272,relax,0,13,0.1015625,True,True,5.9139298954636015,10.422975050384899,640.2569118754941,35.0,24.0,80.13650164036387,82.03125,85.9375,13.766944245790071
session_12.csv,session_12,798,51072,51200,25536,25600,102.144,102.4,clench,1,77,0.6015625,True,True,14.497093392491951,18.5497860183796,1520.5414296687843,40.0,31.0,80.3010016684125,78.125,78.125,506.1594766294857
session_12.csv,session_12,799,51136,51264,25568,25632,102.272,102.528,clench,1,128,1.0,False,True,13.891817606803526,17.87520973098255,1415.7093447764782,38.0,29.0,86.21870598189766,85.9375,82.03125,356.7330980637509
session_12.csv,session_12,800,51200,51328,25600,25664,102.4,102.656,clench,1,128,1.0,False,False,10.274538525510636,14.037510154059573,1132.2777871624896,38.0,34.0,81.33491510164906,78.125,78.125,117.81868864430669
session_12.csv,session_12,801,51264,51392,25632,25696,102.528,102.784,clench,1,128,1.0,False,False,11.33879484346103,14.093601307455074,1239.5943988482143,39.0,34.0,81.5394859191467,78.125,78.125,216.401340015071
session_12.csv,session_12,802,51328,51456,25664,25728,102.656,102.912,clench,1,128,1.0,False,False,9.455733146225135,11.611046512313731,1015.1970631240151,41.0,37.0,81.01781453739542,82.03125,82.03125,176.82120856101548
session_12.csv,session_12,803,51392,51520,25696,25760,102.784,103.04,clench,1,128,1.0,False,False,10.176560638252795,12.939271343179337,1093.2687069155136,42.0,38.0,80.176046954203,82.03125,82.03125,114.55099633059623
session_12.csv,session_12,804,51456,51584,25728,25792,102.912,103.168,clench,1,128,1.0,False,False,12.622006229532232,15.850600795346722,1399.5709515632263,42.0,38.0,83.72271248765279,82.03125,82.03125,190.63534576044205
session_12.csv,session_12,805,51520,51648,25760,25824,103.04,103.296,clench,1,128,1.0,False,False,9.679820396987234,12.876604086821724,1117.7341601897938,39.0,33.0,84.37717775432723,82.03125,82.03125,234.41452666292105
session_12.csv,session_12,806,51584,51712,25792,25856,103.168,103.424,clench,1,128,1.0,False,False,9.72670469036559,13.922385790832847,1087.5641733744947,40.0,33.0,82.34336994971507,85.9375,89.84375,110.88393152153007
session_12.csv,session_12,807,51648,51776,25824,25888,103.296,103.552,clench,1,128,1.0,False,False,13.68182478585576,17.154675880585177,1517.979310134007,43.0,40.0,83.06024215496122,78.125,74.21875,277.2275024265246
session_12.csv,session_12,808,51712,51840,25856,25920,103.424,103.68,clench,1,128,1.0,False,False,13.384204516979285,15.369606434929194,1384.3049003144383,38.0,35.0,78.49038906931318,78.125,78.125,220.8781969701536
session_12.csv,session_12,809,51776,51904,25888,25952,103.552,103.808,clench,1,128,1.0,False,False,12.817133480363434,15.244052073847914,1316.5010531705834,39.0,34.0,74.8087191180754,74.21875,70.3125,322.28063186319645
session_12.csv,session_12,810,51840,51968,25920,25984,103.68,103.936,clench,1,128,1.0,False,False,10.037598664272918,12.81948066635639,1086.694581890439,43.0,37.0,84.80880490732937,85.9375,85.9375,91.80255112647147
session_12.csv,session_12,811,51904,52032,25952,26016,103.808,104.064,clench,1,128,1.0,False,False,9.043695360825229,11.311341336257419,981.0996675830447,42.0,33.0,84.41900426876283,85.9375,82.03125,117.55218717029572
session_12.csv,session_12,812,51968,52096,25984,26048,103.936,104.192,clench,1,128,1.0,False,True,7.327075600574658,10.160182085896443,794.4767883117566,32.0,24.0,81.31932811926684,78.125,78.125,79.52451492835627
session_12.csv,session_12,813,52032,52160,26016,26080,104.064,104.32,clench,1,88,0.6875,True,True,4.225056344981539,5.878843408177769,436.85277246883186,31.0,20.0,77.42545505108933,78.125,78.125,5.897637484219908
session_12.csv,session_12,814,52096,52224,26048,26112,104.192,104.448,relax,0,24,0.1875,True,True,5.365491854179891,6.804882405725991,568.3761518484374,41.0,30.0,79.15081273268171,78.125,74.21875,68.22620886084508
session_12.csv,session_12,815,52160,52288,26080,26144,104.32,104.576,relax,0,0,0.0,False,False,5.087355563060638,6.116602518365204,541.7742227447101,41.0,31.0,83.87645613056117,82.03125,74.21875,34.70814026527835
session_12.csv,session_12,816,52224,52352,26112,26176,104.448,104.704,relax,0,0,0.0,False,False,3.3825531616221554,4.1053028264105365,352.0770931363247,35.0,19.0,85.07729291668736,85.9375,89.84375,12.297418262629408
session_12.csv,session_12,817,52288,52416,26144,26208,104.576,104.832,relax,0,0,0.0,False,False,2.4492126314660556,2.967849609999395,252.78048076735365,29.0,14.0,78.6244109034158,74.21875,74.21875,8.36822684168295
session_12.csv,session_12,818,52352,52480,26176,26240,104.704,104.96,relax,0,0,0.0,False,False,2.7568749205136585,3.66268988894993,306.4936243318416,33.0,21.0,86.57096655200391,89.84375,93.75,22.241066687648786
session_12.csv,session_12,819,52416,52544,26208,26272,104.832,105.088,relax,0,0,0.0,False,False,2.797573809272781,3.7382768910907345,299.2968487178109,31.0,18.0,74.00900962535937,70.3125,66.40625,4.173330248677591
session_12.csv,session_12,820,52480,52608,26240,26304,104.96,105.216,relax,0,0,0.0,False,False,1.9120904833907337,2.487941153034207,199.72794500994277,21.0,10.0,78.31735691206399,82.03125,82.03125,9.260173194722114
session_12.csv,session_12,821,52544,52672,26272,26336,105.088,105.344,relax,0,0,0.0,False,False,1.7114339806551802,2.166752303811705,182.13436044589494,21.0,7.0,79.59149145710902,78.125,93.75,2.042510064102019
session_12.csv,session_12,822,52608,52736,26304,26368,105.216,105.472,relax,0,0,0.0,False,False,1.6442161809407083,2.0810764705728206,172.34974924322205,21.0,8.0,81.68007086480077,85.9375,89.84375,5.23572355809718
session_12.csv,session_12,823,52672,52800,26336,26400,105.344,105.6,relax,0,0,0.0,False,False,1.7120279070609228,2.1706326322537115,178.15821038240315,23.0,11.0,77.7494550763336,74.21875,74.21875,4.998287328113827
session_12.csv,session_12,824,52736,52864,26368,26432,105.472,105.728,relax,0,31,0.2421875,True,True,11.419570644813103,19.613563324582945,1182.66271237454,34.0,21.0,76.23391039700682,78.125,82.03125,90.50995313962986
session_12.csv,session_12,825,52800,52928,26400,26464,105.6,105.856,clench,1,95,0.7421875,True,True,18.60243533035209,23.906222507920685,2019.1540610044217,41.0,33.0,85.3155771522704,85.9375,85.9375,985.6760827067797
session_12.csv,session_12,826,52864,52992,26432,26496,105.728,105.984,clench,1,128,1.0,False,False,15.856589419004735,19.087195558815043,1762.7053006571468,44.0,39.0,82.89760704590816,82.03125,97.65625,228.79078833938934
session_12.csv,session_12,827,52928,53056,26464,26528,105.856,106.112,clench,1,128,1.0,False,False,16.450184489295886,20.25013068344941,1832.6147316711758,44.0,40.0,83.05318194432677,82.03125,78.125,292.4546807062768
session_12.csv,session_12,828,52992,53120,26496,26560,105.984,106.24,clench,1,128,1.0,False,False,15.228346851999042,19.355871861304887,1696.5350009636538,43.0,38.0,82.02030865328273,85.9375,89.84375,492.5700353250173
session_12.csv,session_12,829,53056,53184,26528,26592,106.112,106.368,clench,1,128,1.0,False,False,11.766808528615254,15.002924919508247,1321.7806656731666,42.0,36.0,80.27080837138752,82.03125,82.03125,203.54286999109573
session_12.csv,session_12,830,53120,53248,26560,26624,106.24,106.496,clench,1,128,1.0,False,False,11.46761477935262,14.18169437289691,1264.689293955765,41.0,38.0,81.27861878360918,82.03125,82.03125,283.6146526111101
session_12.csv,session_12,831,53184,53312,26592,26656,106.368,106.624,clench,1,128,1.0,False,False,11.609861941644901,14.111148315385067,1225.8598232278944,42.0,37.0,84.80756332949079,85.9375,85.9375,181.53001723569812
session_12.csv,session_12,832,53248,53376,26624,26688,106.496,106.752,clench,1,128,1.0,False,False,8.916378104585856,11.08073281747846,983.0457982532484,45.0,40.0,83.98906936426746,85.9375,85.9375,116.39076206132482
session_12.csv,session_12,833,53312,53440,26656,26720,106.624,106.88,clench,1,128,1.0,False,False,8.080833387798528,11.223680540125562,888.5921363595179,42.0,40.0,76.60926620199113,74.21875,70.3125,65.076727096392
session_12.csv,session_12,834,53376,53504,26688,26752,106.752,107.008,clench,1,128,1.0,False,False,11.743609180430553,15.472204568484296,1277.2154086171026,39.0,37.0,78.75776598112654,74.21875,74.21875,260.0112412514709
session_12.csv,session_12,835,53440,53568,26720,26784,106.88,107.136,clench,1,128,1.0,False,False,13.659950606073537,17.315090807162207,1428.313584894058,40.0,36.0,78.77934057293459,78.125,78.125,186.13533343261804
session_12.csv,session_12,836,53504,53632,26752,26816,107.008,107.264,clench,1,128,1.0,False,False,13.670743849525067,17.23388731080854,1407.1467818415472,42.0,36.0,82.57979730825012,85.9375,89.84375,370.20560544064404
session_12.csv,session_12,837,53568,53696,26784,26848,107.136,107.392,clench,1,128,1.0,False,False,15.371657863196935,18.207945462344355,1611.5640351557759,42.0,37.0,80.82942757660975,82.03125,85.9375,452.19307920283035
session_12.csv,session_12,838,53632,53760,26816,26880,107.264,107.52,clench,1,128,1.0,False,False,17.094709835362977,21.034299321407996,1785.440500503404,40.0,36.0,76.16023323497953,74.21875,74.21875,502.7028932057346
session_12.csv,session_12,839,53696,53824,26848,26912,107.392,107.648,clench,1,128,1.0,False,False,22.81180943740786,29.482478633847517,2472.149087562774,42.0,39.0,82.27352323369169,82.03125,82.03125,723.6271909522058
session_12.csv,session_12,840,53760,53888,26880,26944,107.52,107.776,clench,1,128,1.0,False,False,29.922973623217946,35.53591121883269,3275.0961376317136,42.0,42.0,84.87340818543775,82.03125,82.03125,1241.890585874619
session_12.csv,session_12,841,53824,53952,26912,26976,107.648,107.904,clench,1,128,1.0,False,False,28.312846791306935,32.369620439053335,3010.083101543389,41.0,39.0,80.10668168700552,78.125,82.03125,1221.1526213223037
session_12.csv,session_12,842,53888,54016,26944,27008,107.776,108.032,clench,1,128,1.0,False,False,20.8216233613908,24.845063009935817,2202.460745716332,41.0,40.0,78.14909907790545,78.125,74.21875,663.2459193231464
session_12.csv,session_12,843,53952,54080,26976,27040,107.904,108.16,clench,1,128,1.0,False,False,10.423551492468345,15.349932425712515,1159.8762618066594,40.0,33.0,84.0358241154564,82.03125,97.65625,136.022984590499
session_12.csv,session_12,844,54016,54144,27008,27072,108.032,108.288,clench,1,113,0.8828125,True,True,5.08201295521338,6.142763626723608,543.3337180382377,40.0,26.0,76.90217095086663,74.21875,70.3125,31.772496055323604
session_12.csv,session_12,845,54080,54208,27040,27104,108.16,108.416,relax,0,49,0.3828125,True,True,5.570968555857078,6.546472246798849,612.2432990221329,43.0,34.0,89.88911642620617,93.75,97.65625,32.71210577283811
session_12.csv,session_12,846,54144,54272,27072,27136,108.288,108.544,relax,0,0,0.0,False,True,3.825735317494207,4.813945118403036,410.62416223423577,38.0,26.0,82.88848577873418,85.9375,89.84375,21.92432045058983
session_12.csv,session_12,847,54208,54336,27104,27168,108.416,108.672,relax,0,0,0.0,False,False,3.0843901469744712,3.867524531545377,334.021466081521,33.0,21.0,80.87834549606038,82.03125,85.9375,14.436097364796009
session_12.csv,session_12,848,54272,54400,27136,27200,108.544,108.8,relax,0,0,0.0,False,False,3.3161658034384667,4.209279901709621,372.2839670798209,33.0,25.0,83.3938135341596,85.9375,85.9375,14.820448902529595
session_12.csv,session_12,849,54336,54464,27168,27232,108.672,108.928,relax,0,0,0.0,False,False,3.0792695653859536,3.855450541520284,343.9797895772689,35.0,24.0,84.7061323469317,89.84375,93.75,17.16198667881875
session_12.csv,session_12,850,54400,54528,27200,27264,108.8,109.056,relax,0,0,0.0,False,False,2.5091893004828614,3.1618325577204356,269.32595419487853,29.0,16.0,80.71661380909886,82.03125,82.03125,7.9445290314303465
session_12.csv,session_12,851,54464,54592,27232,27296,108.928,109.184,relax,0,0,0.0,False,False,3.560536445226379,4.7555867597620916,376.27344407658967,29.0,18.0,75.43008261535668,70.3125,70.3125,21.048193795079083
session_12.csv,session_12,852,54528,54656,27264,27328,109.056,109.312,relax,0,0,0.0,False,False,3.9621753521978906,5.104327015323136,426.1217106170541,37.0,24.0,81.46494444356702,85.9375,89.84375,25.12477723513371
session_12.csv,session_12,853,54592,54720,27296,27360,109.184,109.44,relax,0,0,0.0,False,False,2.611070433766316,3.442027402754488,285.5162335742516,30.0,17.0,79.8173103858837,74.21875,74.21875,5.503809500184371
session_12.csv,session_12,854,54656,54784,27328,27392,109.312,109.568,relax,0,0,0.0,False,False,2.4476399470442227,3.2148542206974358,272.33655509207256,26.0,16.0,76.28646127158947,78.125,70.3125,7.781526701118576
session_12.csv,session_12,855,54720,54848,27360,27424,109.44,109.696,relax,0,0,0.0,False,False,2.4134948912568692,3.12559281378422,263.5139006629063,28.0,18.0,88.59124188936644,89.84375,89.84375,11.910603402117196
session_12.csv,session_12,856,54784,54912,27392,27456,109.568,109.824,relax,0,0,0.0,False,False,2.4839105663449157,3.1411279498684492,266.907450553928,32.0,20.0,81.66090499737881,78.125,97.65625,8.923693852751791
session_12.csv,session_12,857,54848,54976,27424,27488,109.696,109.952,relax,0,0,0.0,False,False,2.1879139616325087,2.7652953666042865,228.9275482642962,30.0,15.0,82.70970422862986,85.9375,85.9375,10.840308551897655
session_12.csv,session_12,858,54912,55040,27456,27520,109.824,110.08,relax,0,9,0.0703125,True,True,3.0721813007711973,4.422713378831493,322.7240328811425,31.0,17.0,76.43282809316648,74.21875,74.21875,8.168638695509667
session_12.csv,session_12,859,54976,55104,27488,27552,109.952,110.208,clench,1,73,0.5703125,True,True,13.639522385102175,18.608730685297814,1400.6255587206947,39.0,31.0,75.37462756212958,74.21875,74.21875,250.27082837264103
session_12.csv,session_12,860,55040,55168,27520,27584,110.08,110.336,clench,1,128,1.0,False,True,24.07655291595669,28.063472730016404,2510.0381848541924,41.0,36.0,90.22251354946029,93.75,93.75,1156.312716445698
session_12.csv,session_12,861,55104,55232,27552,27616,110.208,110.464,clench,1,128,1.0,False,False,20.94862605997647,26.084064438632648,2172.8284477534526,40.0,35.0,78.97757626398909,78.125,74.21875,387.99177527637875
session_12.csv,session_12,862,55168,55296,27584,27648,110.336,110.592,clench,1,128,1.0,False,False,18.704865579519783,23.149582823283076,2036.726494167156,43.0,39.0,79.5640738174342,78.125,74.21875,540.9299172551023
session_12.csv,session_12,863,55232,55360,27616,27680,110.464,110.72,clench,1,128,1.0,False,False,17.58874331068332,21.611714820385018,1918.6712477877347,42.0,36.0,88.88236694809234,89.84375,89.84375,569.0768798986622
session_12.csv,session_12,864,55296,55424,27648,27712,110.592,110.848,clench,1,128,1.0,False,False,13.517649475032202,16.667408104262993,1464.794995420703,41.0,35.0,75.33691054023639,70.3125,70.3125,242.4691533443656
session_12.csv,session_12,865,55360,55488,27680,27744,110.72,110.976,clench,1,128,1.0,False,False,12.842506326343866,15.72005643992433,1368.4965946381028,40.0,35.0,78.18196556292966,78.125,66.40625,260.1187856684066
session_12.csv,session_12,866,55424,55552,27712,27776,110.848,111.104,clench,1,128,1.0,False,False,12.345819086816535,14.760258872352836,1265.7105342134653,38.0,35.0,78.90330774977973,78.125,66.40625,127.94135182496503
session_12.csv,session_12,867,55488,55616,27744,27808,110.976,111.232,clench,1,128,1.0,False,False,15.798764039664066,18.718902826545843,1726.7399716615384,43.0,41.0,83.79835160122771,85.9375,85.9375,340.15030667651945
session_12.csv,session_12,868,55552,55680,27776,27840,111.104,111.36,clench,1,128,1.0,False,False,17.653232715946622,20.907031668795828,1919.181879638391,42.0,36.0,85.32261687179167,82.03125,82.03125,435.72138220284904
session_12.csv,session_12,869,55616,55744,27808,27872,111.232,111.488,clench,1,128,1.0,False,False,13.541501600285834,16.53208463013068,1487.2357898054934,41.0,35.0,80.3469996782918,78.125,70.3125,260.9145244236644
session_12.csv,session_12,870,55680,55808,27840,27904,111.36,111.616,clench,1,128,1.0,False,False,12.250125230881283,14.151152071534296,1313.197148817697,42.0,35.0,84.93586948464134,85.9375,85.9375,131.52647316594633
session_12.csv,session_12,871,55744,55872,27872,27936,111.488,111.744,clench,1,128,1.0,False,False,15.349836719924188,18.45316759818976,1690.5522008578569,43.0,36.0,85.05697802842062,82.03125,78.125,380.8419796562833
session_12.csv,session_12,872,55808,55936,27904,27968,111.616,111.872,clench,1,128,1.0,False,False,20.45477823912367,24.538125887255607,2225.507240884275,43.0,40.0,85.95999340544631,85.9375,89.84375,625.9575133427328
session_12.csv,session_12,873,55872,56000,27936,28000,111.744,112.0,clench,1,128,1.0,False,False,17.483710393923992,21.969063241420155,1935.4929339704506,43.0,40.0,82.82721930664964,85.9375,89.84375,324.77668409073925
session_12.csv,session_12,874,55936,56064,27968,28032,111.872,112.128,clench,1,128,1.0,False,True,7.9938192090476985,11.15941395931089,896.8333489654854,42.0,30.0,83.06571830790112,78.125,78.125,89.46879736294932
session_12.csv,session_12,875,56000,56128,28000,28064,112.0,112.256,clench,1,69,0.5390625,True,True,6.142715008353858,7.745452848162105,670.7765486438659,40.0,28.0,82.62580124791113,82.03125,89.84375,62.04388859455496
session_12.csv,session_12,876,56064,56192,28032,28096,112.128,112.384,relax,0,5,0.0390625,True,True,5.9856900569576625,7.513961469629252,657.6488966487684,38.0,28.0,87.38255875817792,89.84375,89.84375,61.85817700222464
session_12.csv,session_12,877,56128,56256,28064,28128,112.256,112.512,relax,0,0,0.0,False,False,3.1838540571973137,3.835635808650157,338.4431165265666,33.0,21.0,76.72418105984433,78.125,78.125,8.58191029149032
session_12.csv,session_12,878,56192,56320,28096,28160,112.384,112.64,relax,0,0,0.0,False,False,2.3663449422088254,2.911011921448368,258.01175612693817,31.0,18.0,83.66042712875223,85.9375,74.21875,8.04505086540901
session_12.csv,session_12,879,56256,56384,28128,28192,112.512,112.768,relax,0,0,0.0,False,False,2.4364159878976865,2.881572613407121,256.73799928068985,34.0,18.0,83.48151021101073,85.9375,85.9375,8.671163308931149
session_12.csv,session_12,880,56320,56448,28160,28224,112.64,112.896,relax,0,0,0.0,False,False,2.581331056599876,3.0881523430614246,261.853134399825,33.0,16.0,80.83836111349761,78.125,70.3125,9.562010438766636
session_12.csv,session_12,881,56384,56512,28192,28256,112.768,113.024,relax,0,0,0.0,False,False,2.7387566351464425,3.3096279849766743,283.60377822720613,35.0,18.0,80.187344318047,78.125,78.125,10.50111927321725
session_12.csv,session_12,882,56448,56576,28224,28288,112.896,113.152,relax,0,0,0.0,False,False,3.250603817425529,3.9849098491268027,340.20762399487023,37.0,21.0,76.66994794643902,74.21875,82.03125,7.2967213965890485
session_12.csv,session_12,883,56512,56640,28256,28320,113.024,113.28,relax,0,0,0.0,False,False,3.7208843975905417,4.5450304980033875,395.59008267486956,37.0,25.0,81.03441756030713,82.03125,82.03125,25.426121877790585
session_12.csv,session_12,884,56576,56704,28288,28352,113.152,113.408,relax,0,0,0.0,False,False,3.1152605331920027,3.8534347840723675,341.6782348185209,38.0,25.0,83.92401869831691,85.9375,89.84375,12.74926575477834
session_12.csv,session_12,885,56640,56768,28320,28384,113.28,113.536,relax,0,0,0.0,False,False,2.149912614561143,2.50923193799118,224.18613272840415,33.0,15.0,76.9275539886115,78.125,82.03125,6.0169387960251814
session_12.csv,session_12,886,56704,56832,28352,28416,113.408,113.664,relax,0,0,0.0,False,False,1.9590435688288865,2.3069004734800886,212.25452636554127,33.0,16.0,78.92352047950506,74.21875,97.65625,4.905698918409587
session_12.csv,session_12,887,56768,56896,28384,28448,113.536,113.792,relax,0,0,0.0,False,False,1.807333604899577,2.2738981708181214,196.19693826115716,27.0,12.0,87.25760540361061,89.84375,97.65625,3.1466369019945803
session_12.csv,session_12,888,56832,56960,28416,28480,113.664,113.92,relax,0,0,0.0,False,False,1.7200261552666372,2.23401188310442,183.0288199574793,23.0,11.0,76.9393159293645,74.21875,66.40625,5.489614905954307
session_12.csv,session_12,889,56896,57024,28448,28512,113.792,114.048,relax,0,0,0.0,False,False,1.5534575281522682,1.9221044141150094,164.42947770032313,24.0,9.0,80.97407027554524,85.9375,85.9375,3.0130359002352822
session_12.csv,session_12,890,56960,57088,28480,28544,113.92,114.176,relax,0,0,0.0,False,False,1.771853606351187,2.1136283147218333,193.71601113467074,28.0,12.0,76.11528448172058,74.21875,74.21875,3.758756615520587
session_12.csv,session_12,891,57024,57152,28512,28576,114.048,114.304,relax,0,20,0.15625,True,True,3.417456332969473,4.832570888495273,380.27321043060743,37.0,27.0,81.79931080723121,82.03125,89.84375,7.750006117543529
session_12.csv,session_12,892,57088,57216,28544,28608,114.176,114.432,clench,1,84,0.65625,True,True,13.686739565343906,20.715873449121858,1524.0797718823937,40.0,37.0,81.99091534912732,82.03125,85.9375,281.75584283888395
session_12.csv,session_12,893,57152,57280,28576,28640,114.304,114.56,clench,1,128,1.0,False,True,20.077671673048435,25.054250660157916,2210.383852441511,41.0,38.0,77.66544703978536,74.21875,74.21875,687.8076659391513
session_12.csv,session_12,894,57216,57344,28608,28672,114.432,114.688,clench,1,128,1.0,False,False,20.164623283491288,26.11886831348441,2178.998997994294,42.0,36.0,88.25154700943267,89.84375,93.75,375.54688546175515
session_12.csv,session_12,895,57280,57408,28640,28704,114.56,114.816,clench,1,128,1.0,False,False,21.590565971944628,27.444287524369667,2323.3327452577128,40.0,36.0,80.91145299207848,82.03125,82.03125,1144.7839883424015
session_12.csv,session_12,896,57344,57472,28672,28736,114.688,114.944,clench,1,128,1.0,False,False,18.45315057215045,23.97805538762088,2034.4450478893034,40.0,36.0,81.22156152088486,82.03125,74.21875,616.1171904959104
session_12.csv,session_12,897,57408,57536,28704,28768,114.816,115.072,clench,1,128,1.0,False,False,12.580780180849548,18.59353183668164,1444.0401570615861,42.0,35.0,86.19260932818129,85.9375,85.9375,213.73930568231594
session_12.csv,session_12,898,57472,57600,28736,28800,114.944,115.2,clench,1,128,1.0,False,True,6.410307706037776,8.666462724416157,696.0199943037516,42.0,31.0,81.40580375051641,78.125,78.125,43.575118445196885
session_12.csv,session_12,899,57536,57664,28768,28832,115.072,115.328,clench,1,75,0.5859375,True,True,4.772539904347277,6.518206246487866,522.7950333011031,35.0,24.0,81.0442813182284,82.03125,89.84375,28.12749411344645
session_12.csv,session_12,900,57600,57728,28800,28864,115.2,115.456,relax,0,11,0.0859375,True,True,5.169364938196107,6.651224053069078,571.4929623409106,39.0,28.0,84.15653921689695,85.9375,89.84375,66.33045073024161
session_12.csv,session_12,901,57664,57792,28832,28896,115.328,115.584,relax,0,0,0.0,False,False,4.472499882446581,5.190269673353954,490.1407856711229,43.0,32.0,87.02031054820834,89.84375,89.84375,26.422349386373327
session_12.csv,session_12,902,57728,57856,28864,28928,115.456,115.712,relax,0,0,0.0,False,False,4.165295445469557,4.827929099465756,451.4700920385487,41.0,30.0,84.27193390383813,89.84375,89.84375,23.859809809567754
session_12.csv,session_12,903,57792,57920,28896,28960,115.584,115.84,relax,0,0,0.0,False,False,3.5323272459773696,4.231314833497389,387.7195640465615,39.0,25.0,76.41329568716284,74.21875,74.21875,23.38120618692839
session_12.csv,session_12,904,57856,57984,28928,28992,115.712,115.968,relax,0,0,0.0,False,False,2.409629561320037,2.9050864278528765,252.70881858903988,32.0,16.0,80.16767353995671,74.21875,74.21875,6.604509490721839
session_12.csv,session_12,905,57920,58048,28960,29024,115.84,116.096,relax,0,0,0.0,False,False,2.5617053844504656,3.031518341067403,261.13727600404366,31.0,15.0,77.4330487037851,70.3125,70.3125,7.928711385469004
session_12.csv,session_12,906,57984,58112,28992,29056,115.968,116.224,relax,0,0,0.0,False,False,2.7752627442908553,3.269588057188732,300.1364036316663,35.0,19.0,87.16569099097916,89.84375,85.9375,12.6748323741287
session_12.csv,session_12,907,58048,58176,29024,29088,116.096,116.352,relax,0,0,0.0,False,False,2.5053216751859493,3.062715741084199,264.58349537625304,34.0,17.0,75.95083271344309,70.3125,70.3125,8.110797393718476
session_12.csv,session_12,908,58112,58240,29056,29120,116.224,116.48,relax,0,0,0.0,False,False,2.0864385446626312,2.6657359992712153,212.15693001085833,26.0,13.0,74.2322485931455,74.21875,70.3125,8.371607240370807
session_12.csv,session_12,909,58176,58304,29088,29152,116.352,116.608,relax,0,0,0.0,False,False,2.2761931544570064,2.88651888571747,238.1377182155797,29.0,16.0,79.101915790266,82.03125,82.03125,10.274975920267048
session_12.csv,session_12,910,58240,58368,29120,29184,116.48,116.736,relax,0,0,0.0,False,False,2.4610037827116535,3.1045102035243275,267.8621988782715,33.0,20.0,81.34606474459562,82.03125,82.03125,5.794577407940658
session_12.csv,session_12,911,58304,58432,29152,29216,116.608,116.864,relax,0,0,0.0,False,False,1.8227849649735468,2.361397068737551,206.307803118307,27.0,14.0,82.16320972980192,82.03125,93.75,5.1060290324153925
session_12.csv,session_12,912,58368,58496,29184,29248,116.736,116.992,relax,0,34,0.265625,True,True,7.184114117816647,12.838756632688664,751.9069263821674,32.0,19.0,80.89448519976668,82.03125,82.03125,23.02732101549198
session_12.csv,session_12,913,58432,58560,29216,29280,116.864,117.12,clench,1,98,0.765625,True,True,11.340534939012208,15.67582098714386,1190.3250262188308,40.0,28.0,79.24435100027698,78.125,78.125,494.5356917383476
session_12.csv,session_12,914,58496,58624,29248,29312,116.992,117.248,clench,1,128,1.0,False,False,8.906408455349663,11.467333850774502,972.3896658604403,43.0,32.0,86.96218927137825,89.84375,89.84375,92.16177963293703
session_12.csv,session_12,915,58560,58688,29280,29344,117.12,117.376,clench,1,128,1.0,False,False,8.51489199004952,10.515744563831838,954.6255988218536,42.0,33.0,85.68519744176021,85.9375,85.9375,78.53831426031104
session_12.csv,session_12,916,58624,58752,29312,29376,117.248,117.504,clench,1,128,1.0,False,False,7.935977456273728,9.656678669324016,858.6839945583687,41.0,34.0,84.58026218507868,85.9375,82.03125,91.85707584563946
session_12.csv,session_12,917,58688,58816,29344,29408,117.376,117.632,clench,1,128,1.0,False,False,9.667448708847846,11.913967605439192,1042.2827154552647,40.0,36.0,78.89788024639086,78.125,70.3125,120.75452925464481
session_12.csv,session_12,918,58752,58880,29376,29440,117.504,117.76,clench,1,128,1.0,False,False,9.408884606783644,12.2093957376636,1022.0188416547871,39.0,31.0,82.79306309521743,82.03125,82.03125,215.8509245597925
session_12.csv,session_12,919,58816,58944,29408,29472,117.632,117.888,clench,1,128,1.0,False,False,8.175481942663104,10.804047243760154,849.8122124489093,40.0,31.0,80.14986394776379,82.03125,82.03125,148.13623431051286
session_12.csv,session_12,920,58880,59008,29440,29504,117.76,118.016,clench,1,128,1.0,False,False,10.590499724615878,13.194062265613239,1123.65575515121,40.0,34.0,76.95084992837974,78.125,85.9375,176.51028020798995
session_12.csv,session_12,921,58944,59072,29472,29536,117.888,118.144,clench,1,128,1.0,False,False,9.331824642459638,11.907402559518294,974.9612002732429,37.0,30.0,74.21609450735464,70.3125,70.3125,114.80689227422877
session_12.csv,session_12,922,59008,59136,29504,29568,118.016,118.272,clench,1,128,1.0,False,False,10.259644886546702,13.187471744772417,1126.7406016793354,42.0,38.0,86.47330767926789,85.9375,82.03125,142.17805606456835
session_12.csv,session_12,923,59072,59200,29536,29600,118.144,118.4,clench,1,128,1.0,False,False,12.745940281426982,15.99003380940448,1419.582023757075,45.0,40.0,80.25644952839683,78.125,78.125,222.0923926331783
session_12.csv,session_12,924,59136,59264,29568,29632,118.272,118.528,clench,1,128,1.0,False,False,14.045448997401785,16.97415200903074,1494.372982948254,42.0,37.0,84.16978802931015,82.03125,82.03125,268.3781584757117
session_12.csv,session_12,925,59200,59328,29600,29664,118.4,118.656,clench,1,128,1.0,False,False,15.583967525556142,17.823875141620587,1635.1661661500314,40.0,36.0,76.1365833865283,74.21875,74.21875,312.97708485060355
session_12.csv,session_12,926,59264,59392,29632,29696,118.528,118.784,clench,1,128,1.0,False,False,13.323211564301902,15.530890548468221,1395.4611926122254,40.0,35.0,85.2111779775693,85.9375,82.03125,285.25782275422455
session_12.csv,session_12,927,59328,59456,29664,29728,118.656,118.912,clench,1,128,1.0,False,False,10.565875632019235,12.500306863909803,1097.2205002407227,43.0,36.0,85.32526472419646,93.75,93.75,108.60389030699186
session_12.csv,session_12,928,59392,59520,29696,29760,118.784,119.04,clench,1,128,1.0,False,False,11.004818384283372,13.261355006937244,1185.5025909146436,43.0,37.0,82.03063164758551,82.03125,85.9375,219.24715738743689
session_12.csv,session_12,929,59456,59584,29728,29792,118.912,119.168,clench,1,128,1.0,False,False,14.72981958468873,19.264999413929907,1615.5370267866033,40.0,39.0,86.12841344484781,89.84375,93.75,301.1767440682342
session_12.csv,session_12,930,59520,59648,29760,29824,119.04,119.296,clench,1,128,1.0,False,False,14.816232303959122,19.616542282383712,1667.7441086375409,39.0,39.0,78.53347018932126,74.21875,70.3125,414.88940687895905
session_12.csv,session_12,931,59584,59712,29792,29856,119.168,119.424,clench,1,128,1.0,False,False,10.16973695833494,13.198395537192772,1085.9070015695327,38.0,33.0,78.27580667529253,78.125,82.03125,151.65571828859547
session_12.csv,session_12,932,59648,59776,29824,29888,119.296,119.552,clench,1,108,0.84375,True,True,6.504588416953149,8.494338077838597,683.7191882169313,37.0,28.0,77.57380736892952,78.125,70.3125,28.845646931460614
session_12.csv,session_12,933,59712,59840,29856,29920,119.424,119.68,relax,0,44,0.34375,True,True,4.788529005961146,5.623372580550222,521.0587335204145,42.0,32.0,84.15645227152321,82.03125,78.125,24.79834281895408
session_12.csv,session_12,934,59776,59904,29888,29952,119.552,119.808,relax,0,0,0.0,False,True,4.268345385041375,5.315153293916412,468.3612842451335,39.0,28.0,76.8556316559787,74.21875,70.3125,39.314020418128415
session_12.csv,session_12,935,59840,59968,29920,29984,119.68,119.936,relax,0,0,0.0,False,False,3.5643816395515553,4.382733260747738,376.4505518780787,37.0,24.0,80.32954797699651,82.03125,85.9375,9.22107265823777
session_12.csv,session_12,936,59904,60032,29952,30016,119.808,120.064,relax,0,0,0.0,False,False,2.887461376076194,3.3739238433403127,307.1145652598039,38.0,24.0,77.31037545218169,74.21875,74.21875,10.95194685680181
session_12.csv,session_12,937,59968,60096,29984,30048,119.936,120.192,relax,0,0,0.0,False,False,2.5373041993853054,3.066981904230666,276.75934392811524,35.0,23.0,80.52713767058813,78.125,78.125,10.874747557448101
session_12.csv,session_12,938,60032,60160,30016,30080,120.064,120.32,relax,0,0,0.0,False,False,2.319974816098139,2.855822923696382,262.21936715737587,34.0,21.0,87.8602169158719,89.84375,97.65625,4.405084508116988
session_12.csv,session_12,939,60096,60224,30048,30112,120.192,120.448,relax,0,0,0.0,False,False,2.009757078936938,2.437948159357143,231.00796974779445,34.0,20.0,85.82810703053941,89.84375,89.84375,5.9087169413053635
session_12.csv,session_12,940,60160,60288,30080,30144,120.32,120.576,relax,0,0,0.0,False,False,1.899198215696641,2.2946503515465726,212.94591333867933,32.0,18.0,90.806467762622,93.75,93.75,7.034956631705949
session_12.csv,session_12,941,60224,60352,30112,30176,120.448,120.704,relax,0,0,0.0,False,False,1.8327746741800177,2.261574073064637,191.3880104860713,26.0,11.0,73.92526927212181,70.3125,66.40625,3.564899313056298
session_12.csv,session_12,942,60288,60416,30144,30208,120.576,120.832,relax,0,0,0.0,False,False,2.1700469184063076,2.5812668904736222,222.30530429784693,31.0,13.0,79.32909374264533,82.03125,70.3125,4.806873456713057
session_12.csv,session_12,943,60352,60480,30176,30240,120.704,120.96,relax,0,0,0.0,False,False,2.2602273921492397,2.5959631791443205,232.58419850483904,32.0,15.0,80.47290169537348,78.125,78.125,8.259956941451957
session_12.csv,session_12,944,60416,60544,30208,30272,120.832,121.088,relax,0,0,0.0,False,False,2.597259335464721,3.3665753899774127,281.22756649084664,33.0,20.0,80.56393839772956,78.125,89.84375,8.398877015685448
session_12.csv,session_12,945,60480,60608,30240,30304,120.96,121.216,relax,0,0,0.0,False,False,2.708522332722269,3.5252157255013628,285.20424787743644,31.0,18.0,82.53358497293542,85.9375,70.3125,13.150940381486471
session_12.csv,session_12,946,60544,60672,30272,30336,121.088,121.344,relax,0,0,0.0,False,False,2.283042473428173,2.839499313115655,238.4395357241508,27.0,13.0,76.98818913410062,70.3125,70.3125,6.424067543122885
session_12.csv,session_12,947,60608,60736,30304,30368,121.216,121.472,relax,0,0,0.0,False,False,1.8510943723511304,2.4267244085048,196.37312931295628,21.0,11.0,74.98908988618429,70.3125,70.3125,6.357935578353085
session_12.csv,session_12,948,60672,60800,30336,30400,121.344,121.6,relax,0,0,0.0,False,False,1.9006339809110548,2.5190826349725386,213.33961266695746,21.0,13.0,80.44239502998529,74.21875,74.21875,5.4013656905377765
session_12.csv,session_12,949,60736,60864,30368,30432,121.472,121.728,relax,0,0,0.0,False,False,2.143519636858988,2.790444457815468,237.6343086351607,28.0,17.0,82.24730482251196,82.03125,93.75,4.39898238634058
session_12.csv,session_12,950,60800,60928,30400,30464,121.6,121.856,relax,0,0,0.0,False,False,2.274316076888936,2.856746561736694,241.72397892830958,30.0,16.0,78.10543215676529,74.21875,70.3125,8.282757917580627
session_12.csv,session_12,951,60864,60992,30432,30496,121.728,121.984,relax,0,0,0.0,False,False,2.1609713014599565,2.6805244698707327,237.50875877130179,30.0,17.0,83.2635969401659,85.9375,85.9375,7.486988672895125
session_12.csv,session_12,952,60928,61056,30464,30528,121.856,122.112,relax,0,0,0.0,False,False,1.677297646249773,2.1585547542476506,187.09516271668357,22.0,11.0,82.37188899219142,78.125,93.75,2.186964349311474
session_12.csv,session_12,953,60992,61120,30496,30560,121.984,122.24,relax,0,0,0.0,False,False,1.4074497161742143,1.8129247898280452,144.4799721763649,16.0,5.0,76.53514192614723,74.21875,74.21875,3.3469138761694044
session_12.csv,session_12,954,61056,61184,30528,30592,122.112,122.368,relax,0,0,0.0,False,False,1.3500865699244993,1.632869862648862,135.7726492088056,17.0,5.0,73.8748026554984,74.21875,70.3125,4.019129548497587
