source_file,session_id,window_index,start_sample,end_sample_exclusive,downsampled_start_sample,downsampled_end_sample_exclusive,start_time_s,end_time_s,label,label_id,clench_sample_count,clench_fraction,contains_label_transition,intersects_transition_band,mav,rms,wl,zc,ssc,mnf,mdf,pkf,bandpower
session_4.csv,session_4,0,0,128,0,128,0.0,0.256,relax,0,0,0.0,False,False,33.57773661579604,94.89915835425343,2000.5242323623925,38.0,8.0,48.8479288248116,27.34375,23.4375,20.59677046346014
session_4.csv,session_4,1,64,192,64,192,0.128,0.384,relax,0,0,0.0,False,False,3.548501663954889,4.221688561680008,525.075544926117,47.0,8.0,91.79803826677683,97.65625,97.65625,10.683486253116229
session_4.csv,session_4,2,128,256,128,256,0.256,0.512,relax,0,0,0.0,False,False,3.154658131293216,3.7762934023736086,463.99143033545215,44.0,7.0,88.8245915050697,97.65625,97.65625,5.816471269600322
session_4.csv,session_4,3,192,320,192,320,0.384,0.64,relax,0,0,0.0,False,False,2.7974721866459866,3.2307944606241126,409.6393706539395,45.0,4.0,91.05156988181098,97.65625,97.65625,4.764241550664338
session_4.csv,session_4,4,256,384,256,384,0.512,0.768,relax,0,0,0.0,False,False,2.885466420247396,3.3661589584755225,416.19021113447,45.0,3.0,83.59787682044103,82.03125,97.65625,7.783080593090781
session_4.csv,session_4,5,320,448,320,448,0.64,0.896,relax,0,0,0.0,False,False,3.2137053034412464,3.77402355328969,469.3895594149478,45.0,7.0,92.05445001742767,97.65625,97.65625,6.280654448755826
session_4.csv,session_4,6,384,512,384,512,0.768,1.024,relax,0,0,0.0,False,False,3.205283567354874,3.770963728720558,473.23878302426215,47.0,9.0,88.90729918544594,93.75,97.65625,5.506429762967328
session_4.csv,session_4,7,448,576,448,576,0.896,1.152,relax,0,0,0.0,False,False,3.1672864289177927,3.6677761208194095,465.08560603358603,47.0,9.0,94.52803938485499,97.65625,97.65625,9.026425119030863
session_4.csv,session_4,8,512,640,512,640,1.024,1.28,relax,0,0,0.0,False,False,2.8216527987887865,3.320804161520294,414.6557391249248,41.0,6.0,88.9049927374744,97.65625,97.65625,5.604326119852003
session_4.csv,session_4,9,576,704,576,704,1.152,1.408,relax,0,0,0.0,False,False,2.646770597468617,3.136063994481516,379.610037373385,39.0,4.0,85.23373123148885,89.84375,97.65625,4.562281664061516
session_4.csv,session_4,10,640,768,640,768,1.28,1.536,relax,0,0,0.0,False,False,3.1845856107103243,3.732919007570355,462.79146884292106,45.0,9.0,90.94130850923055,97.65625,97.65625,9.170761854626928
session_4.csv,session_4,11,704,832,704,832,1.408,1.664,relax,0,0,0.0,False,False,3.2216005636635456,3.7379933329510115,472.8450803707432,45.0,7.0,89.36585708683548,97.65625,97.65625,6.2205953025087615
session_4.csv,session_4,12,768,896,768,896,1.536,1.792,relax,0,0,0.0,False,False,2.9420999770071514,3.45863944623218,427.0205343750712,44.0,2.0,93.07811811809287,97.65625,97.65625,7.016943995681615
session_4.csv,session_4,13,832,960,832,960,1.664,1.92,relax,0,0,0.0,False,False,2.8568655676079544,3.442430574555669,409.0157544137105,43.0,3.0,85.8400835049529,85.9375,97.65625,7.283670612477844
session_4.csv,session_4,14,896,1024,896,1024,1.792,2.048,relax,0,0,0.0,False,False,2.829805485952954,3.533865317145147,408.8672977859982,38.0,6.0,88.62044377267469,89.84375,97.65625,10.956780766110871
session_4.csv,session_4,15,960,1088,960,1088,1.92,2.176,relax,0,0,0.0,False,False,2.813592939670265,3.4933164997698465,400.49956798217306,36.0,5.0,89.32561296581513,89.84375,97.65625,4.427826783312616
session_4.csv,session_4,16,1024,1152,1024,1152,2.048,2.304,relax,0,0,0.0,False,False,2.5941857671465822,3.0837840397769054,365.1307048336107,36.0,2.0,83.41930742994201,82.03125,97.65625,8.051408228216388
session_4.csv,session_4,17,1088,1216,1088,1216,2.176,2.432,relax,0,0,0.0,False,False,2.9183166214916145,3.406691061510117,420.3696443846179,42.0,4.0,88.9630188639717,93.75,97.65625,5.8518050848111685
session_4.csv,session_4,18,1152,1280,1152,1280,2.304,2.56,relax,0,0,0.0,False,False,3.3100437950718753,3.7816465718742442,484.329424428102,49.0,8.0,89.9305124212682,97.65625,97.65625,6.677354069930541
session_4.csv,session_4,19,1216,1344,1216,1344,2.432,2.688,relax,0,0,0.0,False,False,3.631514946782378,4.192978631615853,534.2969317596044,50.0,12.0,94.10814905591613,97.65625,97.65625,7.830352060522905
session_4.csv,session_4,20,1280,1408,1280,1408,2.56,2.816,relax,0,0,0.0,False,False,3.547846666857513,4.124058692623146,519.0269628176338,49.0,11.0,91.2338284159894,97.65625,97.65625,9.125624725374756
session_4.csv,session_4,21,1344,1472,1344,1472,2.688,2.944,relax,0,0,0.0,False,False,3.113087733617003,3.7263103601479455,449.1717770326792,44.0,8.0,87.4418296488956,97.65625,97.65625,5.817569024470055
session_4.csv,session_4,22,1408,1536,1408,1536,2.816,3.072,relax,0,0,0.0,False,False,3.236676744800177,3.948237624483722,466.2585812162996,43.0,9.0,85.2956294570161,85.9375,97.65625,12.589098738793911
session_4.csv,session_4,23,1472,1600,1472,1600,2.944,3.2,relax,0,0,0.0,False,False,3.302615409151705,3.9674491970124572,484.7696959328707,42.0,9.0,90.89101013504028,97.65625,97.65625,5.966530334644837
session_4.csv,session_4,24,1536,1664,1536,1664,3.072,3.328,relax,0,0,0.0,False,False,3.5196058048049412,4.123436699387298,518.4807403977518,46.0,8.0,85.09514579250825,93.75,97.65625,6.129815319022003
session_4.csv,session_4,25,1600,1728,1600,1728,3.2,3.456,relax,0,0,0.0,False,False,3.9499667387869497,4.640072309325363,576.7175499621212,51.0,12.0,90.74009992937525,97.65625,97.65625,8.81357813336697
session_4.csv,session_4,26,1664,1792,1664,1792,3.328,3.584,relax,0,0,0.0,False,False,4.45902130159335,5.3381234963336945,632.3050484644825,48.0,16.0,85.58817043183974,89.84375,97.65625,18.36804632487856
session_4.csv,session_4,27,1728,1856,1728,1856,3.456,3.712,relax,0,0,0.0,False,False,4.937965250719817,5.905158323595887,679.2671906090096,44.0,14.0,88.84294912986901,93.75,97.65625,22.727284701484315
session_4.csv,session_4,28,1792,1920,1792,1920,3.584,3.84,relax,0,0,0.0,False,True,7.303278000386598,9.025648144110663,963.0676481437359,42.0,18.0,87.52982772193083,89.84375,93.75,61.111598124359205
session_4.csv,session_4,29,1856,1984,1856,1984,3.712,3.968,relax,0,63,0.4921875,True,True,10.005074250239721,12.200124105203887,1359.4285552215238,45.0,27.0,80.12815750646136,78.125,78.125,122.0728018307285
session_4.csv,session_4,30,1920,2048,1920,2048,3.84,4.096,clench,1,127,0.9921875,True,True,10.065243995656509,12.536067111398003,1376.2164527023315,46.0,27.0,82.97107868265729,78.125,78.125,140.8547608572297
session_4.csv,session_4,31,1984,2112,1984,2112,3.968,4.224,clench,1,128,1.0,False,False,11.564398622731911,14.447168417649282,1524.9403905404934,43.0,26.0,77.92361353433694,78.125,78.125,150.7669600084523
session_4.csv,session_4,32,2048,2176,2048,2176,4.096,4.352,clench,1,128,1.0,False,False,12.572555904278946,15.749652158271697,1676.988966407467,43.0,29.0,86.39641788605995,85.9375,85.9375,122.84011238705803
session_4.csv,session_4,33,2112,2240,2112,2240,4.224,4.48,clench,1,128,1.0,False,False,13.340320010395384,17.34282148383749,1821.6148649479414,47.0,31.0,86.66409195232367,85.9375,85.9375,206.00068925965977
session_4.csv,session_4,34,2176,2304,2176,2304,4.352,4.608,clench,1,128,1.0,False,False,17.806331662373914,22.068218399067565,2455.3957218522805,47.0,35.0,77.01387355584403,74.21875,74.21875,307.36154852857896
session_4.csv,session_4,35,2240,2368,2240,2368,4.48,4.736,clench,1,128,1.0,False,False,20.85542428061631,25.373851717746394,2820.371474693821,42.0,34.0,87.51194665354403,89.84375,97.65625,437.421470021088
session_4.csv,session_4,36,2304,2432,2304,2432,4.608,4.864,clench,1,128,1.0,False,False,21.418628216893378,27.341381829724263,2757.6632384860495,42.0,29.0,79.67179378917439,78.125,74.21875,349.69246961570593
session_4.csv,session_4,37,2368,2496,2368,2496,4.736,4.992,clench,1,128,1.0,False,False,27.29713195813772,36.11650068861813,3398.116004500517,42.0,28.0,76.21559757406646,74.21875,74.21875,895.6812020358981
session_4.csv,session_4,38,2432,2560,2432,2560,4.864,5.12,clench,1,128,1.0,False,False,38.29021674585237,52.311223942182224,4804.964704390524,42.0,34.0,78.5330183571566,82.03125,70.3125,4039.0920103590443
session_4.csv,session_4,39,2496,2624,2496,2624,4.992,5.248,clench,1,128,1.0,False,True,29.990965732066897,45.250235567495785,3741.276032805561,42.0,34.0,79.13082210505304,78.125,74.21875,847.360724800617
session_4.csv,session_4,40,2560,2688,2560,2688,5.12,5.376,clench,1,87,0.6796875,True,True,10.407489282352369,15.257093109443362,1292.91394572953,36.0,23.0,83.64500138877362,82.03125,82.03125,95.49602180621162
session_4.csv,session_4,41,2624,2752,2624,2752,5.248,5.504,relax,0,23,0.1796875,True,True,3.5935500065382797,4.787093296959735,492.2393272113661,35.0,9.0,90.75595168687838,93.75,97.65625,13.092122767128398
session_4.csv,session_4,42,2688,2816,2688,2816,5.376,5.632,relax,0,0,0.0,False,False,3.1004630529018806,3.76474656861739,458.56802277793383,42.0,8.0,84.41249656170919,89.84375,97.65625,5.741267697508986
session_4.csv,session_4,43,2752,2880,2752,2880,5.504,5.76,relax,0,0,0.0,False,False,3.5939171464473203,4.2431860365265575,528.1417386887177,46.0,12.0,87.27540473011953,89.84375,97.65625,10.496656259966683
session_4.csv,session_4,44,2816,2944,2816,2944,5.632,5.888,relax,0,0,0.0,False,False,3.6786492306768075,4.386322707445129,526.1223947055545,41.0,13.0,85.29353046632988,85.9375,97.65625,10.685187692074212
session_4.csv,session_4,45,2880,3008,2880,3008,5.76,6.016,relax,0,0,0.0,False,False,3.4379540128150587,4.137181541011339,487.9466386299355,39.0,8.0,87.84117151685714,93.75,97.65625,7.9639146053873
session_4.csv,session_4,46,2944,3072,2944,3072,5.888,6.144,relax,0,0,0.0,False,False,3.725064164197513,4.445316354704983,515.1429887761956,41.0,6.0,87.65381006650408,97.65625,97.65625,14.618795609013201
session_4.csv,session_4,47,3008,3136,3008,3136,6.016,6.272,relax,0,0,0.0,False,False,4.577332608712645,5.364580427311846,653.4634982108746,46.0,15.0,89.4003342721913,97.65625,97.65625,14.802932118761117
session_4.csv,session_4,48,3072,3200,3072,3200,6.144,6.4,relax,0,0,0.0,False,False,4.478978045365996,5.173156113340975,661.5683971617775,51.0,13.0,90.73447988970078,97.65625,97.65625,13.204177832266325
session_4.csv,session_4,49,3136,3264,3136,3264,6.272,6.528,relax,0,0,0.0,False,False,4.107816408346309,4.742528002404411,616.3802970730083,50.0,12.0,92.03066214042866,97.65625,97.65625,13.865706606177266
session_4.csv,session_4,50,3200,3328,3200,3328,6.4,6.656,relax,0,0,0.0,False,False,3.7285608897665297,4.384510351690519,551.401593447302,48.0,13.0,87.59357189655006,93.75,97.65625,9.072897423771341
session_4.csv,session_4,51,3264,3392,3264,3392,6.528,6.784,relax,0,0,0.0,False,False,3.17594099785687,3.763353764779205,463.45712227617196,47.0,5.0,90.06813133415213,97.65625,97.65625,5.986556581055109
session_4.csv,session_4,52,3328,3456,3328,3456,6.656,6.912,relax,0,0,0.0,False,False,3.6114210537898392,4.415808050507836,522.4233325510191,47.0,10.0,91.33590483344051,97.65625,97.65625,12.252662879275784
session_4.csv,session_4,53,3392,3520,3392,3520,6.784,7.04,relax,0,0,0.0,False,False,4.3940659483541795,5.271457169497928,632.600314817202,49.0,15.0,87.93803003878301,93.75,97.65625,21.361646436026852
session_4.csv,session_4,54,3456,3584,3456,3584,6.912,7.168,relax,0,0,0.0,False,False,3.8016234499497887,4.6470331400545435,544.4779791958481,43.0,10.0,83.40211942019403,78.125,97.65625,13.772383915419567
session_4.csv,session_4,55,3520,3648,3520,3648,7.04,7.296,relax,0,0,0.0,False,False,3.47972305505047,4.438358795405552,472.966123451116,40.0,5.0,79.88661279991305,74.21875,97.65625,7.435892190628344
session_4.csv,session_4,56,3584,3712,3584,3712,7.168,7.424,relax,0,0,0.0,False,False,4.176776563951193,5.296945202134941,562.4654641457793,42.0,8.0,86.40982632188259,85.9375,97.65625,20.023605333420903
session_4.csv,session_4,57,3648,3776,3648,3776,7.296,7.552,relax,0,0,0.0,False,False,5.054892101991959,6.243960740605835,655.1414637511081,40.0,13.0,75.45684812312257,74.21875,74.21875,41.587614811982036
session_4.csv,session_4,58,3712,3840,3712,3840,7.424,7.68,relax,0,0,0.0,False,True,5.881758682726676,7.24505476300772,712.9977235566259,35.0,14.0,83.12720126141947,89.84375,93.75,24.088399785437524
session_4.csv,session_4,59,3776,3904,3776,3904,7.552,7.808,relax,0,63,0.4921875,True,True,7.386873940522505,9.146958031666424,944.4018448279962,38.0,16.0,83.88251496097698,85.9375,85.9375,115.4327263477514
session_4.csv,session_4,60,3840,3968,3840,3968,7.68,7.936,clench,1,127,0.9921875,True,True,10.170682869275181,12.075754114303013,1378.9256159876068,43.0,24.0,82.32638191685044,85.9375,85.9375,103.31596381859218
session_4.csv,session_4,61,3904,4032,3904,4032,7.808,8.064,clench,1,128,1.0,False,False,11.6788998335869,14.232479305571205,1628.0368776951277,45.0,28.0,86.2069502962171,85.9375,89.84375,146.1157063734001
session_4.csv,session_4,62,3968,4096,3968,4096,7.936,8.192,clench,1,128,1.0,False,False,11.42598326778966,14.342230999431683,1582.4998640801264,45.0,29.0,83.6866932648608,85.9375,97.65625,150.0094974398893
session_4.csv,session_4,63,4032,4160,4032,4160,8.064,8.32,clench,1,128,1.0,False,False,10.075870859775577,12.904981293588282,1353.7785535472954,43.0,25.0,87.79603906218165,93.75,97.65625,144.32416496870096
session_4.csv,session_4,64,4096,4224,4096,4224,8.192,8.448,clench,1,128,1.0,False,False,11.51027949331403,15.544033516170716,1546.0348600058664,42.0,26.0,84.66810202377131,85.9375,85.9375,331.52687909601644
session_4.csv,session_4,65,4160,4288,4160,4288,8.32,8.576,clench,1,128,1.0,False,False,14.955641649834657,19.30161613172413,1906.2950609172615,43.0,30.0,80.98153150638291,78.125,78.125,152.88532165902174
session_4.csv,session_4,66,4224,4352,4224,4352,8.448,8.704,clench,1,128,1.0,False,False,21.039991870921412,26.07846567283071,2665.0064863967154,43.0,33.0,80.55991505222174,78.125,78.125,667.1403725039028
session_4.csv,session_4,67,4288,4416,4288,4416,8.576,8.832,clench,1,128,1.0,False,False,23.64823572496822,28.6945378320912,3020.8901645643136,44.0,37.0,82.30461148248757,85.9375,89.84375,817.8723465804596
session_4.csv,session_4,68,4352,4480,4352,4480,8.704,8.96,clench,1,128,1.0,False,False,18.538741116633027,23.578044779552442,2341.6279556256486,44.0,30.0,77.07447097778781,78.125,78.125,277.3593834503407
session_4.csv,session_4,69,4416,4544,4416,4544,8.832,9.088,clench,1,128,1.0,False,False,26.737684953310385,34.92760084568068,3236.2544416040473,41.0,29.0,77.48428391486662,74.21875,74.21875,1410.6571815734508
session_4.csv,session_4,70,4480,4608,4480,4608,8.96,9.216,clench,1,128,1.0,False,False,36.85441995045653,45.79465594872288,4697.425989742969,42.0,39.0,78.70257514432504,78.125,78.125,1893.4011081726237
session_4.csv,session_4,71,4544,4672,4544,4672,9.088,9.344,clench,1,128,1.0,False,False,30.926521016681434,39.678001878841755,3998.1971433595686,40.0,43.0,77.78417256012628,78.125,78.125,962.3000571410021
session_4.csv,session_4,72,4608,4736,4608,4736,9.216,9.472,clench,1,128,1.0,False,False,33.33175702653592,42.50064582605754,4234.399771155741,40.0,41.0,73.04853275092454,70.3125,66.40625,1076.602652791571
session_4.csv,session_4,73,4672,4800,4672,4800,9.344,9.6,clench,1,128,1.0,False,True,27.496166601273565,38.25183316699514,3522.35173177403,42.0,30.0,76.68714787365657,74.21875,74.21875,1075.5825392146157
session_4.csv,session_4,74,4736,4864,4736,4864,9.472,9.728,clench,1,80,0.625,True,True,9.083944838064728,12.557566722570135,1085.2319727598465,38.0,15.0,78.45074751881872,78.125,74.21875,100.57776208676255
session_4.csv,session_4,75,4800,4928,4800,4928,9.6,9.856,relax,0,16,0.125,True,True,4.414782292699093,5.270402554393422,617.5086240712075,45.0,14.0,91.23850333429165,97.65625,97.65625,14.775294046408062
session_4.csv,session_4,76,4864,4992,4864,4992,9.728,9.984,relax,0,0,0.0,False,False,4.260137852892784,5.029626579916089,626.1446087102389,49.0,12.0,86.18615861679183,97.65625,97.65625,8.379217620051422
session_4.csv,session_4,77,4928,5056,4928,5056,9.856,10.112,relax,0,0,0.0,False,False,3.754855883767931,4.402880733579408,543.4069192152039,45.0,11.0,85.78090391875726,89.84375,97.65625,14.702890962233608
session_4.csv,session_4,78,4992,5120,4992,5120,9.984,10.24,relax,0,0,0.0,False,False,3.4363843537975765,4.035330213332447,497.6390059714121,44.0,10.0,91.23877429034178,97.65625,97.65625,8.169745591010617
session_4.csv,session_4,79,5056,5184,5056,5184,10.112,10.368,relax,0,0,0.0,False,False,2.819687115485719,3.355349530464365,401.2466386793866,40.0,5.0,90.25700440989196,97.65625,97.65625,5.760680319982988
session_4.csv,session_4,80,5120,5248,5120,5248,10.24,10.496,relax,0,0,0.0,False,False,2.9626722146778546,3.508586319213178,420.7781822755559,41.0,6.0,92.64419534854787,97.65625,97.65625,8.797982972936175
session_4.csv,session_4,81,5184,5312,5184,5312,10.368,10.624,relax,0,0,0.0,False,False,3.716767061149417,4.28408311241077,544.6459875433661,49.0,12.0,92.62838399750407,97.65625,97.65625,8.985066804603616
session_4.csv,session_4,82,5248,5376,5248,5376,10.496,10.752,relax,0,0,0.0,False,False,3.972338666992142,4.6157952300382314,585.3158496148259,49.0,17.0,89.35105721140755,97.65625,97.65625,14.658683187766194
session_4.csv,session_4,83,5312,5440,5312,5440,10.624,10.88,relax,0,0,0.0,False,False,3.5027999732330297,4.211530901082264,503.11313977711177,44.0,10.0,91.70200378440138,97.65625,97.65625,6.324283558776708
session_4.csv,session_4,84,5376,5504,5376,5504,10.752,11.008,relax,0,0,0.0,False,False,3.4348620493562523,4.070339326547069,498.49241587440713,46.0,8.0,84.45747031379936,93.75,97.65625,9.577804802316653
session_4.csv,session_4,85,5440,5568,5440,5568,10.88,11.136,relax,0,0,0.0,False,False,3.2873512012676613,3.914402816675407,482.01293568957533,44.0,10.0,92.13190316402745,97.65625,97.65625,12.636219404823308
session_4.csv,session_4,86,5504,5632,5504,5632,11.008,11.264,relax,0,0,0.0,False,False,2.8577447746120184,3.389322255635489,401.03871932503614,42.0,3.0,75.64021489136937,74.21875,66.40625,5.8262274755438686
session_4.csv,session_4,87,5568,5696,5568,5696,11.136,11.392,relax,0,0,0.0,False,False,3.2129552656132256,3.7394640173867884,455.7581935452097,47.0,5.0,91.63337029387338,97.65625,97.65625,8.769090376154194
session_4.csv,session_4,88,5632,5760,5632,5760,11.264,11.52,relax,0,0,0.0,False,False,3.3310998288888936,4.029272227828176,478.96250974430484,46.0,8.0,90.12864238879145,97.65625,97.65625,9.650533825846477
session_4.csv,session_4,89,5696,5824,5696,5824,11.392,11.648,relax,0,0,0.0,False,False,2.867894779936786,3.6497213463036533,399.42173859323407,37.0,5.0,83.16358715633007,85.9375,97.65625,8.393758438609687
session_4.csv,session_4,90,5760,5888,5760,5888,11.52,11.776,relax,0,0,0.0,False,False,3.2305053738421803,4.191758352392558,420.7697047228537,31.0,4.0,79.7468923598702,78.125,97.65625,11.924798847052077
session_4.csv,session_4,91,5824,5952,5824,5952,11.648,11.904,relax,0,0,0.0,False,False,3.604016434684481,4.64679869322535,478.18901519014923,35.0,4.0,80.91258614407668,78.125,78.125,14.051362537696232
session_4.csv,session_4,92,5888,6016,5888,6016,11.776,12.032,relax,0,0,0.0,False,False,4.814598395852055,6.069053992285666,632.5678551316431,39.0,11.0,81.88890292747593,82.03125,82.03125,29.6684104381591
session_4.csv,session_4,93,5952,6080,5952,6080,11.904,12.16,relax,0,0,0.0,False,False,6.6754381898267905,8.11011704125512,856.6821016265292,41.0,16.0,82.47038137113294,82.03125,82.03125,64.98470448786584
session_4.csv,session_4,94,6016,6144,6016,6144,12.032,12.288,relax,0,0,0.0,False,False,7.106277872435042,8.740088254084487,948.1486717950526,43.0,17.0,86.56115264341013,89.84375,93.75,60.657194652318694
session_4.csv,session_4,95,6080,6208,6080,6208,12.16,12.416,relax,0,0,0.0,False,False,6.935205924301976,8.455546976513272,951.9998841964316,44.0,21.0,89.92699489762474,93.75,97.65625,45.464460099220744
session_4.csv,session_4,96,6144,6272,6144,6272,12.288,12.544,relax,0,0,0.0,False,False,9.721262892528074,12.892872059691038,1299.3654886077052,46.0,23.0,81.11984901830392,82.03125,70.3125,151.8988250273555
session_4.csv,session_4,97,6208,6336,6208,6336,12.416,12.672,relax,0,0,0.0,False,True,11.13250751963332,14.050998051873119,1474.2589547945481,45.0,27.0,79.85591923001573,78.125,70.3125,125.40281014895017
session_4.csv,session_4,98,6272,6400,6272,6400,12.544,12.8,relax,0,63,0.4921875,True,True,13.317032486552222,17.034592515630575,1731.3241535428074,42.0,25.0,83.39194433209789,82.03125,85.9375,266.24447837814654
session_4.csv,session_4,99,6336,6464,6336,6464,12.672,12.928,clench,1,127,0.9921875,True,True,17.45080313530748,21.78522708025173,2275.404353577824,42.0,29.0,81.65688299318819,82.03125,89.84375,431.15322474563067
session_4.csv,session_4,100,6400,6528,6400,6528,12.8,13.056,clench,1,128,1.0,False,False,14.089261789703894,18.140586272701437,1867.4958595999624,44.0,33.0,83.14877004838709,85.9375,89.84375,251.39112314774587
session_4.csv,session_4,101,6464,6592,6464,6592,12.928,13.184,clench,1,128,1.0,False,False,15.477894365696667,18.965733743918847,2026.7209248447996,45.0,35.0,86.98823690094959,89.84375,93.75,211.47889082147324
session_4.csv,session_4,102,6528,6656,6528,6656,13.056,13.312,clench,1,128,1.0,False,False,25.367625663631394,31.534481820117698,3250.9111761573095,42.0,35.0,79.57535978058127,74.21875,74.21875,949.3132499327157
session_4.csv,session_4,103,6592,6720,6592,6720,13.184,13.44,clench,1,128,1.0,False,False,24.84586230082369,31.915356272191765,3345.1471869114976,46.0,37.0,83.9821117903486,85.9375,93.75,1051.6204286348468
session_4.csv,session_4,104,6656,6784,6656,6784,13.312,13.568,clench,1,128,1.0,False,False,22.50618302923058,30.28399380150701,3024.8090844112053,48.0,38.0,87.68274240127886,89.84375,97.65625,434.3213869817496
session_4.csv,session_4,105,6720,6848,6720,6848,13.44,13.696,clench,1,128,1.0,False,False,31.00436354514752,41.36569102605568,4015.5682406386595,45.0,37.0,83.44767431129127,85.9375,85.9375,2080.5107073112895
session_4.csv,session_4,106,6784,6912,6784,6912,13.568,13.824,clench,1,128,1.0,False,False,43.22805404451853,57.83673713746069,5689.866797550132,43.0,42.0,78.47313435135757,78.125,89.84375,2723.101687954518
session_4.csv,session_4,107,6848,6976,6848,6976,13.696,13.952,clench,1,128,1.0,False,True,31.62065200885997,48.87170083815242,4225.169285866945,45.0,40.0,79.48827347554942,78.125,74.21875,960.2245775766078
session_4.csv,session_4,108,6912,7040,6912,7040,13.824,14.08,relax,0,64,0.5,True,True,9.446996336431985,12.93797936536405,1320.7396798577115,45.0,26.0,82.93349671978085,82.03125,97.65625,79.50073138310054
session_4.csv,session_4,109,6976,7104,6976,7104,13.952,14.208,relax,0,0,0.0,False,True,4.468787072006454,5.920517412622745,607.1846939585457,39.0,11.0,82.64174447611012,78.125,74.21875,17.831252268477
session_4.csv,session_4,110,7040,7168,7040,7168,14.08,14.336,relax,0,0,0.0,False,False,3.3694467390550065,4.072343196965768,484.3787982885542,40.0,7.0,90.72854247171674,93.75,97.65625,7.976461107296323
session_4.csv,session_4,111,7104,7232,7104,7232,14.208,14.464,relax,0,0,0.0,False,False,3.361943763539724,3.90431514197424,489.455082633702,46.0,7.0,87.71690068831799,97.65625,97.65625,7.001936525222894
session_4.csv,session_4,112,7168,7296,7168,7296,14.336,14.592,relax,0,0,0.0,False,False,2.8580430036360776,3.317555366684976,405.57774326212746,42.0,4.0,88.39995702196292,97.65625,97.65625,3.7757031812031534
session_4.csv,session_4,113,7232,7360,7232,7360,14.464,14.72,relax,0,0,0.0,False,False,2.3444135538511643,2.816907949012862,327.91928601746315,31.0,3.0,87.00782200533772,89.84375,97.65625,7.721869217044158
session_4.csv,session_4,114,7296,7424,7296,7424,14.592,14.848,relax,0,0,0.0,False,False,2.698808888764998,3.3685835969564613,388.63701046450547,36.0,5.0,89.81713115025039,97.65625,97.65625,7.3420143888199325
session_4.csv,session_4,115,7360,7488,7360,7488,14.72,14.976,relax,0,0,0.0,False,False,2.8204982301489006,3.4338244579416326,415.2007015830775,40.0,6.0,92.42460990684818,97.65625,97.65625,5.572406283540494
session_4.csv,session_4,116,7424,7552,7424,7552,14.848,15.104,relax,0,0,0.0,False,False,2.9611205458216547,3.5008321637804567,437.55614842958323,41.0,9.0,92.48272778401163,97.65625,97.65625,5.031410739714486
session_4.csv,session_4,117,7488,7616,7488,7616,14.976,15.232,relax,0,0,0.0,False,False,3.5071848259709713,4.012796283827912,519.2752875587328,48.0,14.0,92.52424372173559,97.65625,97.65625,7.330962480455594
session_4.csv,session_4,118,7552,7680,7552,7680,15.104,15.36,relax,0,0,0.0,False,False,3.488265257166238,3.9985162609294136,512.8757218940502,49.0,12.0,92.6320779552571,97.65625,97.65625,8.012626778169409
session_4.csv,session_4,119,7616,7744,7616,7744,15.232,15.488,relax,0,0,0.0,False,False,3.4968222259278754,4.025659167404417,511.4137785102845,51.0,12.0,92.50734750594988,97.65625,97.65625,7.045148930327878
session_4.csv,session_4,120,7680,7808,7680,7808,15.36,15.616,relax,0,0,0.0,False,False,3.6047259596903283,4.2295626440195955,528.8904207772433,49.0,11.0,92.43186264191205,97.65625,97.65625,6.829746525965616
session_4.csv,session_4,121,7744,7872,7744,7872,15.488,15.744,relax,0,0,0.0,False,False,3.6893686640747116,4.38786606127316,537.99288092938,48.0,11.0,87.55936398416948,89.84375,97.65625,10.725012302029286
session_4.csv,session_4,122,7808,7936,7808,7936,15.616,15.872,relax,0,0,0.0,False,False,3.720780924102497,4.374936660660404,532.9940969433943,47.0,11.0,83.43077878396235,82.03125,97.65625,10.828735882454248
session_4.csv,session_4,123,7872,8000,7872,8000,15.744,16.0,relax,0,0,0.0,False,False,3.570092123666533,4.24594695155887,497.95878242544984,43.0,7.0,87.23704863803606,85.9375,97.65625,14.975911908552506
session_4.csv,session_4,124,7936,8064,7936,8064,15.872,16.128,relax,0,0,0.0,False,False,3.519215097595664,4.240934792372004,492.85572579812447,43.0,7.0,83.31096041641203,82.03125,97.65625,10.151875292994538
session_4.csv,session_4,125,8000,8128,8000,8128,16.0,16.256,relax,0,0,0.0,False,False,5.055020941973896,6.406110063789843,691.5785704955412,42.0,14.0,85.36486399624039,82.03125,97.65625,37.00256035334124
session_4.csv,session_4,126,8064,8192,8064,8192,16.128,16.384,relax,0,0,0.0,False,True,11.795452956193316,16.255860151017718,1521.6154157940073,40.0,28.0,77.9780521411493,74.21875,74.21875,99.98650816192473
session_4.csv,session_4,127,8128,8256,8128,8256,16.256,16.512,relax,0,49,0.3828125,True,True,20.823335304073776,26.36107017513039,2677.9853930548175,40.0,40.0,83.17591156866115,82.03125,82.03125,459.50043141986174
session_4.csv,session_4,128,8192,8320,8192,8320,16.384,16.64,clench,1,113,0.8828125,True,True,36.336844603238816,48.562407163249645,4726.620158686755,43.0,39.0,82.01946550325486,78.125,78.125,3247.2413477284745
session_4.csv,session_4,129,8256,8384,8256,8384,16.512,16.768,clench,1,93,0.7265625,True,True,33.84674971310392,46.78439146459745,4539.423529620868,44.0,40.0,84.54927724285514,85.9375,93.75,743.9206984394598
session_4.csv,session_4,130,8320,8448,8320,8448,16.64,16.896,relax,0,29,0.2265625,True,True,14.994464962545212,20.513549535904676,2035.2367231438798,39.0,29.0,83.71952691335048,85.9375,89.84375,424.8448865223767
session_4.csv,session_4,131,8384,8512,8384,8512,16.768,17.024,relax,0,0,0.0,False,False,7.035538782912917,11.731012449754967,933.0557382945341,37.0,14.0,81.23581586237204,78.125,74.21875,18.321917407346394
session_4.csv,session_4,132,8448,8576,8448,8576,16.896,17.152,relax,0,0,0.0,False,False,4.3853150498961995,5.553161076360801,623.3107549078965,43.0,16.0,85.63281971678214,89.84375,97.65625,26.88254827187518
session_4.csv,session_4,133,8512,8640,8512,8640,17.024,17.28,relax,0,0,0.0,False,False,4.078223212525612,5.313716596954111,565.070992813011,41.0,12.0,84.24013699005494,85.9375,97.65625,17.832856193991653
session_4.csv,session_4,134,8576,8704,8576,8704,17.152,17.408,relax,0,0,0.0,False,False,3.05183878786766,3.7953740478756837,426.3448154901338,39.0,3.0,84.6162981629581,85.9375,97.65625,6.193528826663455
session_4.csv,session_4,135,8640,8768,8640,8768,17.28,17.536,relax,0,0,0.0,False,False,2.950447492176762,3.6919971844523105,427.92434673180253,40.0,4.0,89.26786481251442,89.84375,97.65625,15.479362266081855
session_4.csv,session_4,136,8704,8832,8704,8832,17.408,17.664,relax,0,0,0.0,False,False,2.7984833937171034,3.3546511233084146,392.0174656278583,39.0,2.0,89.7672273155147,97.65625,97.65625,6.193891710898264
session_4.csv,session_4,137,8768,8896,8768,8896,17.536,17.792,relax,0,0,0.0,False,False,2.9634946559836246,3.4085375010065677,415.250036925682,43.0,5.0,84.8326860843103,85.9375,97.65625,5.447100263039169
session_4.csv,session_4,138,8832,8960,8832,8960,17.664,17.92,relax,0,0,0.0,False,False,3.02842957958035,3.522240650432011,429.7545927156564,43.0,5.0,87.13069074454319,89.84375,97.65625,8.162296717943349
session_4.csv,session_4,139,8896,9024,8896,9024,17.792,18.048,relax,0,0,0.0,False,False,2.992557214106995,3.484841207368032,442.37342559971864,47.0,2.0,90.29629976337479,97.65625,97.65625,6.309078654065546
session_4.csv,session_4,140,8960,9088,8960,9088,17.92,18.176,relax,0,0,0.0,False,False,3.023662594643639,3.6375616355482823,434.6303535828647,41.0,5.0,89.44088966050363,93.75,97.65625,9.88083258852845
session_4.csv,session_4,141,9024,9152,9024,9152,18.048,18.304,relax,0,0,0.0,False,False,3.1639693632852888,3.8212188647989693,450.04872362035906,38.0,7.0,90.28617800680722,97.65625,97.65625,4.111090261189582
session_4.csv,session_4,142,9088,9216,9088,9216,18.176,18.432,relax,0,0,0.0,False,False,3.288156133785285,3.9055517579105548,479.3374260071664,42.0,4.0,92.09325695254384,97.65625,97.65625,11.418912060849033
session_4.csv,session_4,143,9152,9280,9152,9280,18.304,18.56,relax,0,0,0.0,False,False,3.337953163259039,3.9291889290694813,482.5685942802048,44.0,6.0,85.22037560782508,93.75,97.65625,6.541716005129233
session_4.csv,session_4,144,9216,9344,9216,9344,18.432,18.688,relax,0,0,0.0,False,False,3.3945922730207627,3.9279396418967822,496.2761704357488,48.0,6.0,92.21272128577971,97.65625,97.65625,10.485694839158906
session_4.csv,session_4,145,9280,9408,9280,9408,18.56,18.816,relax,0,0,0.0,False,True,6.172329420278866,8.212125788611031,829.029627628901,44.0,16.0,79.33259932465474,78.125,74.21875,40.605094775248865
session_4.csv,session_4,146,9344,9472,9344,9472,18.688,18.944,relax,0,50,0.390625,True,True,18.69699561545239,27.80598491461791,2591.820011192601,44.0,33.0,87.21500924396817,85.9375,82.03125,316.8472810263398
session_4.csv,session_4,147,9408,9536,9408,9536,18.816,19.072,clench,1,114,0.890625,True,True,36.38642459072666,47.15732869027269,4906.59794199546,44.0,37.0,87.88404790950653,89.84375,89.84375,1287.9995723996465
session_4.csv,session_4,148,9472,9600,9472,9600,18.944,19.2,clench,1,128,1.0,False,False,34.46300904133268,44.63496239714921,4694.822532795915,46.0,39.0,88.22262335900398,89.84375,93.75,2770.994114869936
session_4.csv,session_4,149,9536,9664,9536,9664,19.072,19.328,clench,1,111,0.8671875,True,True,27.056318496178775,33.968532592300264,3530.4546453192193,45.0,38.0,75.87403421339657,78.125,70.3125,763.7011104732094
session_4.csv,session_4,150,9600,9728,9600,9728,19.2,19.456,relax,0,47,0.3671875,True,True,19.104512436438814,27.56192522793874,2392.2130360537067,39.0,26.0,80.15900133020094,78.125,70.3125,535.0756604100202
session_4.csv,session_4,151,9664,9792,9664,9792,19.328,19.584,relax,0,0,0.0,False,True,6.141203441744153,9.882861521647829,814.248006703482,40.0,15.0,81.2218547855617,82.03125,78.125,36.40802618178235
session_4.csv,session_4,152,9728,9856,9728,9856,19.456,19.712,relax,0,0,0.0,False,False,4.2731745400489425,5.593430341718829,568.0887973037968,41.0,10.0,76.36096904232237,74.21875,70.3125,35.68438326487069
session_4.csv,session_4,153,9792,9920,9792,9920,19.584,19.84,relax,0,0,0.0,False,False,4.216958142895021,5.464614258765384,563.7713957257048,39.0,10.0,85.92034345826612,97.65625,97.65625,11.778410620690492
session_4.csv,session_4,154,9856,9984,9856,9984,19.712,19.968,relax,0,0,0.0,False,False,4.01375659984439,4.742290482623217,573.7504835972811,45.0,14.0,89.12021159049621,93.75,97.65625,15.897125232168216
session_4.csv,session_4,155,9920,10048,9920,10048,19.84,20.096,relax,0,0,0.0,False,False,3.5992488036252874,4.409634264621362,516.1446190638128,42.0,11.0,89.8004105124504,97.65625,97.65625,8.671368117462034
session_4.csv,session_4,156,9984,10112,9984,10112,19.968,20.224,relax,0,0,0.0,False,False,2.608422317372683,3.1789282947459183,363.6183571038206,33.0,4.0,83.29706596009821,85.9375,85.9375,6.941903848838863
session_4.csv,session_4,157,10048,10176,10048,10176,20.096,20.352,relax,0,0,0.0,False,False,3.6089718291310318,4.296261041329807,508.4515897961038,43.0,9.0,92.72444309532274,97.65625,97.65625,9.320051894460892
session_4.csv,session_4,158,10112,10240,10112,10240,20.224,20.48,relax,0,0,0.0,False,False,3.736828449935226,4.397117360079604,540.8456010939682,45.0,14.0,93.18273904591784,97.65625,97.65625,8.723352909105136
session_4.csv,session_4,159,10176,10304,10176,10304,20.352,20.608,relax,0,0,0.0,False,False,2.4524634430311547,2.9491763410312926,346.61913996830197,32.0,4.0,88.16022776572412,93.75,97.65625,5.836864582360928
session_4.csv,session_4,160,10240,10368,10240,10368,20.48,20.736,relax,0,0,0.0,False,False,2.614215740487981,3.1484545289939163,379.08300837204126,35.0,5.0,88.04312175577417,97.65625,97.65625,3.8633624774267616
session_4.csv,session_4,161,10304,10432,10304,10432,20.608,20.864,relax,0,0,0.0,False,False,3.575417292031285,4.1947803432258315,507.6799337558367,45.0,13.0,90.8570452997112,97.65625,97.65625,8.120040578593432
session_4.csv,session_4,162,10368,10496,10368,10496,20.736,20.992,relax,0,0,0.0,False,False,3.684684782966336,4.3916437972965765,513.2918602235195,44.0,12.0,85.99181073174894,85.9375,97.65625,14.298014216671378
session_4.csv,session_4,163,10432,10560,10432,10560,20.864,21.12,relax,0,0,0.0,False,False,3.8337450282773506,4.605484749597625,535.0822333876554,43.0,14.0,89.80570442838868,97.65625,97.65625,10.547340879476584
session_4.csv,session_4,164,10496,10624,10496,10624,20.992,21.248,relax,0,0,0.0,False,False,12.592632451033602,17.89495037126459,1599.1071666655876,43.0,27.0,81.98015662736734,82.03125,85.9375,222.2924313529718
session_4.csv,session_4,165,10560,10688,10560,10688,21.12,21.376,relax,0,29,0.2265625,True,True,18.63399844065711,22.614806589981118,2331.447879278875,42.0,34.0,79.21858803853459,78.125,74.21875,506.6000340831857
session_4.csv,session_4,166,10624,10752,10624,10752,21.248,21.504,clench,1,93,0.7265625,True,True,26.324267483961837,34.2377466289415,3416.7377292607853,44.0,37.0,75.88580263116245,74.21875,70.3125,793.3150435869021
session_4.csv,session_4,167,10688,10816,10688,10816,21.376,21.632,clench,1,128,1.0,False,False,38.974958893569294,46.70299582898393,5015.6362811876215,43.0,38.0,83.03482947419636,82.03125,82.03125,2017.7700631390226
session_4.csv,session_4,168,10752,10880,10752,10880,21.504,21.76,clench,1,128,1.0,False,False,37.00700940307733,44.19298842765484,4817.131850267858,43.0,39.0,80.77936705299228,78.125,74.21875,2054.519954555051
session_4.csv,session_4,169,10816,10944,10816,10944,21.632,21.888,clench,1,128,1.0,False,False,34.1693627113158,41.31383997164841,4362.575991254547,43.0,41.0,82.30541526141718,78.125,78.125,1439.9916982595744
session_4.csv,session_4,170,10880,11008,10880,11008,21.76,22.016,clench,1,128,1.0,False,False,32.071599361905264,39.700688236412006,4038.312350500115,43.0,37.0,79.90141099569931,78.125,78.125,1536.733479201672
session_4.csv,session_4,171,10944,11072,10944,11072,21.888,22.144,clench,1,108,0.84375,True,True,24.54842062879978,30.970507135342878,3117.646022491389,40.0,29.0,78.94209370757233,74.21875,74.21875,904.3148739763675
session_4.csv,session_4,172,11008,11136,11008,11136,22.016,22.272,relax,0,44,0.34375,True,True,13.274969184767993,19.48574762754454,1661.1562972647198,37.0,14.0,83.60361051810187,85.9375,78.125,262.3462428112552
session_4.csv,session_4,173,11072,11200,11072,11200,22.144,22.4,relax,0,0,0.0,False,True,4.506287527972375,6.19450950985787,580.7608082728044,40.0,8.0,84.27331935788722,89.84375,89.84375,6.501498193120603
session_4.csv,session_4,174,11136,11264,11136,11264,22.272,22.528,relax,0,0,0.0,False,False,3.0687120216765607,3.7688750938282554,426.2531759026849,38.0,4.0,88.05986469229043,89.84375,97.65625,17.871225880385918
session_4.csv,session_4,175,11200,11328,11200,11328,22.4,22.656,relax,0,0,0.0,False,False,2.6412048948138453,3.3483988135573917,352.22893388175873,31.0,2.0,84.40069641071433,82.03125,97.65625,6.189033577034557
session_4.csv,session_4,176,11264,11392,11264,11392,22.528,22.784,relax,0,0,0.0,False,False,2.9779457384568575,3.6085911130533117,425.49905547529465,37.0,6.0,83.65213735162445,82.03125,97.65625,6.755530317948076
session_4.csv,session_4,177,11328,11456,11328,11456,22.656,22.912,relax,0,0,0.0,False,False,3.1525421256519524,3.724118504876221,454.1701147781938,42.0,5.0,89.73385048835314,97.65625,97.65625,10.388734545911744
session_4.csv,session_4,178,11392,11520,11392,11520,22.784,23.04,relax,0,0,0.0,False,False,3.127083371367614,3.7474361899376913,445.30679648159696,41.0,7.0,85.54476553864964,93.75,97.65625,9.98242611941659
session_4.csv,session_4,179,11456,11584,11456,11584,22.912,23.168,relax,0,0,0.0,False,False,3.2171259322982078,3.785633910965223,463.8912673503602,44.0,8.0,89.16859636577996,97.65625,97.65625,7.201934065243027
session_4.csv,session_4,180,11520,11648,11520,11648,23.04,23.296,relax,0,0,0.0,False,False,3.1847978440026052,3.6702821723375205,450.2558127964662,45.0,5.0,88.43997403264143,97.65625,97.65625,6.657546633915583
session_4.csv,session_4,181,11584,11712,11584,11712,23.168,23.424,relax,0,0,0.0,False,False,3.26410311222942,3.7791878274556643,457.6691592984847,41.0,6.0,92.1833614516869,97.65625,97.65625,11.010532324885975
session_4.csv,session_4,182,11648,11776,11648,11776,23.296,23.552,relax,0,0,0.0,False,False,3.325736966467497,3.851209022111864,478.5070780853795,44.0,7.0,83.13528010067938,82.03125,74.21875,8.559160226271752
session_4.csv,session_4,183,11712,11840,11712,11840,23.424,23.68,relax,0,0,0.0,False,False,3.229191923843424,3.6706286465006146,469.5866077708274,51.0,6.0,92.89553657677885,97.65625,97.65625,5.8295250766003734
session_4.csv,session_4,184,11776,11904,11776,11904,23.552,23.808,relax,0,0,0.0,False,False,3.4776771454753055,4.0329076020457935,502.72442732016043,49.0,8.0,90.07227126841116,97.65625,97.65625,7.637736392449182
session_4.csv,session_4,185,11840,11968,11840,11968,23.68,23.936,relax,0,0,0.0,False,False,3.6394341205663236,4.287329769761339,531.2970533673421,45.0,14.0,91.95129730802834,97.65625,97.65625,10.721480374587335
session_4.csv,session_4,186,11904,12032,11904,12032,23.808,24.064,relax,0,0,0.0,False,False,3.2400698320040435,3.813851918358814,479.21940777536577,43.0,9.0,92.92978373862984,97.65625,97.65625,7.515590148332352
session_4.csv,session_4,187,11968,12096,11968,12096,23.936,24.192,relax,0,0,0.0,False,False,3.21938017203611,3.756443362956211,479.0149193145637,46.0,5.0,94.76201082152484,97.65625,97.65625,7.086724551361063
session_4.csv,session_4,188,12032,12160,12032,12160,24.064,24.32,relax,0,0,0.0,False,False,3.640834023854623,4.2513328374555,536.3182286411075,47.0,11.0,90.37715105108308,97.65625,97.65625,7.165411983901845
session_4.csv,session_4,189,12096,12224,12096,12224,24.192,24.448,relax,0,0,0.0,False,False,4.735516456962507,6.083754923664215,663.8838273571652,40.0,15.0,85.9791774530188,89.84375,97.65625,14.054064341799247
session_4.csv,session_4,190,12160,12288,12160,12288,24.32,24.576,relax,0,9,0.0703125,True,True,11.15188223699256,15.602184973659417,1486.4908646408091,41.0,24.0,85.90401425766055,82.03125,82.03125,157.03388954423374
session_4.csv,session_4,191,12224,12352,12224,12352,24.448,24.704,clench,1,73,0.5703125,True,True,17.055085919055944,20.992133991872496,2343.4289516527087,47.0,38.0,83.52581355402734,82.03125,82.03125,251.07683680508353
session_4.csv,session_4,192,12288,12416,12288,12416,24.576,24.832,clench,1,128,1.0,False,True,17.04464254324239,21.119756746278483,2270.8408574578857,45.0,33.0,84.94700668643301,89.84375,89.84375,359.8050614576316
session_4.csv,session_4,193,12352,12480,12352,12480,24.704,24.96,clench,1,128,1.0,False,False,15.827866438420413,20.468825051349643,2069.238530945996,45.0,28.0,80.394582784668,78.125,78.125,506.04942960359153
session_4.csv,session_4,194,12416,12544,12416,12544,24.832,25.088,clench,1,128,1.0,False,False,20.69124204312387,26.378726984912348,2741.7988979911293,45.0,33.0,86.63820948381981,89.84375,93.75,571.7878941674437
session_4.csv,session_4,195,12480,12608,12480,12608,24.96,25.216,clench,1,128,1.0,False,False,26.6781958385127,31.188417392202517,3422.253211777581,43.0,35.0,80.18470010011553,82.03125,82.03125,768.7061601619446
session_4.csv,session_4,196,12544,12672,12544,12672,25.088,25.344,clench,1,128,1.0,False,False,29.136980665341284,33.94230543519962,3654.0252894173254,41.0,35.0,77.86046676819707,78.125,78.125,880.1239480249335
session_4.csv,session_4,197,12608,12736,12608,12736,25.216,25.472,clench,1,128,1.0,False,False,30.81178507540721,36.20921604731237,3958.271683994174,43.0,37.0,79.61428175183819,78.125,78.125,1283.6385963029597
session_4.csv,session_4,198,12672,12800,12672,12800,25.344,25.6,clench,1,128,1.0,False,False,30.896294722832124,36.7916295867813,4037.96248902401,43.0,39.0,88.37729680226299,89.84375,93.75,1219.1242546603046
session_4.csv,session_4,199,12736,12864,12736,12864,25.472,25.728,clench,1,128,1.0,False,False,30.102434925315357,38.33103060019417,3857.5325313726757,41.0,36.0,79.64244516932375,78.125,78.125,2196.8360491492335
session_4.csv,session_4,200,12800,12928,12800,12928,25.6,25.856,clench,1,128,1.0,False,False,20.129233870268994,29.093586893973573,2511.1244818490945,42.0,36.0,76.85856106928328,74.21875,66.40625,260.4113711698112
session_4.csv,session_4,201,12864,12992,12864,12992,25.728,25.984,clench,1,126,0.984375,True,True,9.69538491034141,12.295950052568793,1252.1789826041474,39.0,25.0,86.652237348134,89.84375,93.75,164.40709653851764
session_4.csv,session_4,202,12928,13056,12928,13056,25.856,26.112,relax,0,62,0.484375,True,True,5.919688271466466,8.071435285113548,754.9214824082902,38.0,10.0,78.86725399240946,74.21875,70.3125,31.82251881397788
session_4.csv,session_4,203,12992,13120,12992,13120,25.984,26.24,relax,0,0,0.0,False,True,3.335754806671603,4.08879484609255,454.3852964669635,39.0,5.0,86.25548331947192,85.9375,97.65625,11.101555862312262
session_4.csv,session_4,204,13056,13184,13056,13184,26.112,26.368,relax,0,0,0.0,False,False,3.357276138306326,3.991579200848182,490.68569053275405,44.0,6.0,89.979902544339,97.65625,97.65625,8.27874837549362
session_4.csv,session_4,205,13120,13248,13120,13248,26.24,26.496,relax,0,0,0.0,False,False,3.5802336379951933,4.205746518313887,527.7442283988215,48.0,9.0,89.42930252872529,89.84375,97.65625,9.841614455529365
session_4.csv,session_4,206,13184,13312,13184,13312,26.368,26.624,relax,0,0,0.0,False,False,3.2625696724595388,3.780566235759437,473.00323426535385,48.0,10.0,92.04074213252663,97.65625,97.65625,8.673654567614776
session_4.csv,session_4,207,13248,13376,13248,13376,26.496,26.752,relax,0,0,0.0,False,False,3.3277012533368646,3.8273946194358945,492.26280409678793,51.0,8.0,92.82803744105847,97.65625,97.65625,4.944286739409765
session_4.csv,session_4,208,13312,13440,13312,13440,26.624,26.88,relax,0,0,0.0,False,False,3.0950517066603496,3.5422263934903966,460.06746333172566,50.0,5.0,93.44891504574929,97.65625,97.65625,7.741724873313723
session_4.csv,session_4,209,13376,13504,13376,13504,26.752,27.008,relax,0,0,0.0,False,False,3.3146654060986958,3.8159168905262026,482.79621374255964,49.0,11.0,92.96989378853111,97.65625,97.65625,4.806949322905671
session_4.csv,session_4,210,13440,13568,13440,13568,26.88,27.136,relax,0,0,0.0,False,False,3.3841615012469592,3.883596811219824,498.8970429017212,50.0,11.0,92.69690218617406,97.65625,97.65625,7.60055576340961
session_4.csv,session_4,211,13504,13632,13504,13632,27.008,27.264,relax,0,0,0.0,False,False,3.060953875470597,3.5882039904674365,457.47439546829435,45.0,6.0,94.68644268772505,97.65625,97.65625,7.0307419918342715
session_4.csv,session_4,212,13568,13696,13568,13696,27.136,27.392,relax,0,0,0.0,False,False,3.35674196721393,3.9329572012604443,495.22967867460306,46.0,11.0,91.22619629836963,97.65625,97.65625,6.304165893669666
session_4.csv,session_4,213,13632,13760,13632,13760,27.264,27.52,relax,0,0,0.0,False,False,3.344943402674449,3.8260623008338546,491.0746225737545,50.0,10.0,91.9202524285291,97.65625,97.65625,7.43263676745361
session_4.csv,session_4,214,13696,13824,13696,13824,27.392,27.648,relax,0,0,0.0,False,False,2.9602525867347653,3.4156077757838967,438.1108552211771,48.0,5.0,92.35958350591024,97.65625,97.65625,5.23935378722339
session_4.csv,session_4,215,13760,13888,13760,13888,27.52,27.776,relax,0,0,0.0,False,False,2.9346457555005134,3.5159626577811935,423.5116119495956,41.0,5.0,84.80260562009884,85.9375,97.65625,7.494499949645324
session_4.csv,session_4,216,13824,13952,13824,13952,27.648,27.904,relax,0,0,0.0,False,False,4.3250757857322695,5.901679451858472,588.8316396051035,36.0,9.0,79.92339697106227,78.125,78.125,15.957298296521152
session_4.csv,session_4,217,13888,14016,13888,14016,27.776,28.032,relax,0,0,0.0,False,False,5.290032206549179,6.743423118999128,716.733235457623,38.0,17.0,82.36489956496217,78.125,78.125,38.498420514571045
session_4.csv,session_4,218,13952,14080,13952,14080,27.904,28.16,relax,0,0,0.0,False,False,7.6836191656309225,10.177297112192027,953.4274445156647,38.0,22.0,77.48406734218436,78.125,74.21875,54.9554319170881
session_4.csv,session_4,219,14016,14144,14016,14144,28.032,28.288,relax,0,35,0.2734375,True,True,11.937296023976266,14.80630960410377,1496.4834218864125,39.0,24.0,80.06104674537289,78.125,74.21875,226.23629020485757
session_4.csv,session_4,220,14080,14208,14080,14208,28.16,28.416,clench,1,99,0.7734375,True,True,13.6546417610149,16.539101489874113,1762.6228673295345,42.0,21.0,84.17605634407165,85.9375,82.03125,325.4181168565174
session_4.csv,session_4,221,14144,14272,14144,14272,28.288,28.544,clench,1,128,1.0,False,False,12.451699850535535,15.72372816430967,1665.9347388667568,44.0,24.0,85.21356753649458,89.84375,93.75,144.39521313985625
session_4.csv,session_4,222,14208,14336,14208,14336,28.416,28.672,clench,1,128,1.0,False,False,13.045666791402674,17.113483605594304,1743.964888885394,46.0,25.0,83.5712317920605,82.03125,78.125,436.68224913414247
session_4.csv,session_4,223,14272,14400,14272,14400,28.544,28.8,clench,1,128,1.0,False,False,14.45504391360593,18.33626560639099,1828.9794408361058,42.0,23.0,80.12631119861884,78.125,78.125,238.24296673728202
session_4.csv,session_4,224,14336,14464,14336,14464,28.672,28.928,clench,1,128,1.0,False,False,11.253079027612364,14.300113484358814,1455.1600923318301,43.0,28.0,80.81454765075904,82.03125,82.03125,160.8344683334522
session_4.csv,session_4,225,14400,14528,14400,14528,28.8,29.056,clench,1,128,1.0,False,False,13.624919401783007,17.330585091669715,1762.2260453375125,45.0,32.0,81.60333776442529,82.03125,85.9375,170.73619379187755
session_4.csv,session_4,226,14464,14592,14464,14592,28.928,29.184,clench,1,128,1.0,False,False,14.30709405709214,17.740288872591883,1812.9534823510726,42.0,31.0,79.81623680367098,78.125,78.125,327.78354014515884
session_4.csv,session_4,227,14528,14656,14528,14656,29.056,29.312,clench,1,128,1.0,False,False,14.17452526114355,18.305017258509313,1885.644127475459,44.0,32.0,85.07975199791127,85.9375,85.9375,233.87943332252604
session_4.csv,session_4,228,14592,14720,14592,14720,29.184,29.44,clench,1,128,1.0,False,False,16.153883721645208,20.45388272611734,2142.9162615168457,45.0,32.0,84.59949899100556,85.9375,85.9375,444.19277443049396
session_4.csv,session_4,229,14656,14784,14656,14784,29.312,29.568,clench,1,128,1.0,False,False,15.775486601219573,19.78341837827849,2067.461881942876,42.0,31.0,76.97215815767773,74.21875,74.21875,369.7797734699309
session_4.csv,session_4,230,14720,14848,14720,14848,29.44,29.696,clench,1,128,1.0,False,False,16.22559711012666,20.382978355541958,2161.8425335269167,41.0,32.0,86.32115791996817,89.84375,97.65625,364.9418832993764
session_4.csv,session_4,231,14784,14912,14784,14912,29.568,29.824,clench,1,128,1.0,False,False,16.531333704686194,20.23171368721423,2197.2948691849037,44.0,34.0,80.60689891663375,82.03125,82.03125,287.2658205737277
session_4.csv,session_4,232,14848,14976,14848,14976,29.696,29.952,clench,1,128,1.0,False,False,15.605562999765631,19.402823126211228,2009.035252924456,43.0,33.0,85.82636627846243,85.9375,85.9375,221.58749880024425
session_4.csv,session_4,233,14912,15040,14912,15040,29.824,30.08,clench,1,127,0.9921875,True,True,12.74569664467985,16.62927654112936,1682.5927302646173,44.0,31.0,85.41532210658193,85.9375,89.84375,429.48647361546097
session_4.csv,session_4,234,14976,15104,14976,15104,29.952,30.208,relax,0,63,0.4921875,True,True,8.013860547428198,12.01429971058663,1069.655822777265,39.0,17.0,83.56614205644988,85.9375,97.65625,60.242719147689016
session_4.csv,session_4,235,15040,15168,15040,15168,30.08,30.336,relax,0,0,0.0,False,True,3.553909571421338,4.815055048467526,479.2040289679338,35.0,2.0,84.10697181152965,85.9375,97.65625,3.6677655696055798
session_4.csv,session_4,236,15104,15232,15104,15232,30.208,30.464,relax,0,0,0.0,False,False,3.264703443008706,4.273286764247551,467.9151970618749,42.0,4.0,83.05498395353196,78.125,97.65625,21.102996493521182
session_4.csv,session_4,237,15168,15296,15168,15296,30.336,30.592,relax,0,0,0.0,False,False,2.832845894271512,3.2766597263418324,411.7904300410057,46.0,3.0,95.44547494493689,97.65625,97.65625,6.093262048063672
session_4.csv,session_4,238,15232,15360,15232,15360,30.464,30.72,relax,0,0,0.0,False,False,2.7030482002345924,3.0643094470349057,400.00324024530573,48.0,1.0,94.83180847361558,97.65625,97.65625,4.380109378148923
session_4.csv,session_4,239,15296,15424,15296,15424,30.592,30.848,relax,0,0,0.0,False,False,2.409678463432808,2.786497471416245,349.31383359793097,41.0,1.0,92.9858524897527,97.65625,97.65625,4.670195726925712
session_4.csv,session_4,240,15360,15488,15360,15488,30.72,30.976,relax,0,0,0.0,False,False,2.0705290270163355,2.436732599015382,295.80180194362174,32.0,1.0,84.76349963318141,82.03125,97.65625,3.414149246391208
session_4.csv,session_4,241,15424,15552,15424,15552,30.848,31.104,relax,0,0,0.0,False,False,2.2356204530822144,2.682754116195067,319.59222860552836,31.0,1.0,87.85198169833598,93.75,97.65625,3.849192586952265
session_4.csv,session_4,242,15488,15616,15488,15616,30.976,31.232,relax,0,0,0.0,False,False,2.536416365831438,3.0425525043990986,370.1751133652615,34.0,2.0,89.02817595671993,97.65625,97.65625,5.07850387055638
session_4.csv,session_4,243,15552,15680,15552,15680,31.104,31.36,relax,0,0,0.0,False,False,2.69189558418459,3.2121546594302193,392.63168222024774,36.0,2.0,89.06891597267509,97.65625,97.65625,6.0332993335197
session_4.csv,session_4,244,15616,15744,15616,15744,31.232,31.488,relax,0,0,0.0,False,False,2.873960484226828,3.4253409155314145,417.00298810435345,39.0,3.0,92.19669272271807,97.65625,97.65625,7.542491123118388
session_4.csv,session_4,245,15680,15808,15680,15808,31.36,31.616,relax,0,0,0.0,False,False,2.645595557572612,3.2002966255249015,386.6348392057222,36.0,2.0,86.56431367033254,85.9375,97.65625,5.7227363823163095
session_4.csv,session_4,246,15744,15872,15744,15872,31.488,31.744,relax,0,0,0.0,False,False,2.3934066354060333,2.821032347599706,350.4263573318607,39.0,0.0,90.68517926524284,97.65625,97.65625,4.647949657071531
session_4.csv,session_4,247,15808,15936,15808,15936,31.616,31.872,relax,0,0,0.0,False,False,2.8781475120943387,3.370521902040335,420.393881829879,46.0,3.0,90.66753573901596,97.65625,97.65625,4.709055332377421
session_4.csv,session_4,248,15872,16000,15872,16000,31.744,32.0,relax,0,0,0.0,False,False,3.08351902153819,3.6444495966118367,444.0427818355405,45.0,6.0,87.96891226526746,93.75,97.65625,8.585309706568005
session_4.csv,session_4,249,15936,16064,15936,16064,31.872,32.128,relax,0,0,0.0,False,False,2.805493264045083,3.283983330480706,411.33088167006224,44.0,5.0,91.94595626584825,97.65625,97.65625,6.747134055100044
session_4.csv,session_4,250,16000,16128,16000,16128,32.0,32.256,relax,0,0,0.0,False,False,2.77180885082589,3.206889244208649,409.6347438495983,44.0,5.0,91.88576582607972,97.65625,97.65625,3.150182979023068
session_4.csv,session_4,251,16064,16192,16064,16192,32.128,32.384,relax,0,0,0.0,False,False,2.8324897800678626,3.280531514417146,416.3429077645733,43.0,6.0,93.63695194341778,97.65625,97.65625,6.678280352541654
session_4.csv,session_4,252,16128,16256,16128,16256,32.256,32.512,relax,0,0,0.0,False,False,3.2085399365374636,3.7568390127798263,473.00427096382157,45.0,8.0,91.3463766763074,97.65625,97.65625,5.380777977047753
session_4.csv,session_4,253,16192,16320,16192,16320,32.384,32.64,relax,0,0,0.0,False,False,3.9803560672748963,4.861151382564782,584.5357451209117,45.0,11.0,90.31219812215599,93.75,97.65625,15.513843807604763
session_4.csv,session_4,254,16256,16384,16256,16384,32.512,32.768,relax,0,0,0.0,False,False,3.9076901300183584,4.855927796362414,575.8197287297868,44.0,10.0,89.62305615101276,97.65625,97.65625,12.345390758844381
session_4.csv,session_4,255,16320,16448,16320,16448,32.64,32.896,relax,0,0,0.0,False,False,4.650277444329565,5.924252600729133,656.2529471459312,46.0,13.0,90.35427573521594,97.65625,97.65625,17.03703671400722
session_4.csv,session_4,256,16384,16512,16384,16512,32.768,33.024,relax,0,36,0.28125,True,True,9.104465781330887,11.827043408756134,1278.6782438482628,46.0,29.0,87.56788353065905,89.84375,89.84375,77.00903365068943
session_4.csv,session_4,257,16448,16576,16448,16576,32.896,33.152,clench,1,100,0.78125,True,True,12.824590399330495,15.28529982241113,1780.193217003021,47.0,36.0,84.02973075306842,82.03125,82.03125,158.90393245917252
session_4.csv,session_4,258,16512,16640,16512,16640,33.024,33.28,clench,1,128,1.0,False,False,13.823297985362128,16.514907130867474,1840.654414248544,45.0,32.0,83.03162338386039,82.03125,85.9375,274.88382540199194
session_4.csv,session_4,259,16576,16704,16576,16704,33.152,33.408,clench,1,128,1.0,False,False,12.330431876449168,15.802601943577798,1663.9141914111342,50.0,36.0,80.05872814911433,78.125,70.3125,81.65511113484045
session_4.csv,session_4,260,16640,16768,16640,16768,33.28,33.536,clench,1,128,1.0,False,False,13.32008232284058,17.606805634239684,1772.9709039121688,49.0,35.0,78.24687175412656,78.125,74.21875,209.5796836794169
session_4.csv,session_4,261,16704,16832,16704,16832,33.408,33.664,clench,1,128,1.0,False,False,16.68720779585474,21.311620526134398,2191.706015255263,43.0,28.0,79.89071521533087,74.21875,70.3125,460.142871690919
session_4.csv,session_4,262,16768,16896,16768,16896,33.536,33.792,clench,1,128,1.0,False,False,16.79816218632927,20.960349748860132,2261.5244939642516,45.0,32.0,85.79794268997948,89.84375,93.75,350.7305502394659
session_4.csv,session_4,263,16832,16960,16832,16960,33.664,33.92,clench,1,128,1.0,False,False,15.147665198171223,18.906118992850782,2062.0694486151606,46.0,33.0,86.49560083886988,89.84375,89.84375,230.42965034223434
session_4.csv,session_4,264,16896,17024,16896,17024,33.792,34.048,clench,1,128,1.0,False,False,16.35061209555777,20.197712120266672,2118.952703245818,42.0,33.0,76.05219709410316,74.21875,70.3125,238.38267259989027
session_4.csv,session_4,265,16960,17088,16960,17088,33.92,34.176,clench,1,128,1.0,False,False,17.79642377159436,21.085674907927427,2315.105835933032,43.0,36.0,88.21105262643883,93.75,97.65625,397.07379921239516
session_4.csv,session_4,266,17024,17152,17024,17152,34.048,34.304,clench,1,128,1.0,False,False,19.34568244937283,25.479004849774014,2480.4681519836395,43.0,36.0,76.65138262521916,78.125,70.3125,181.82076404759385
session_4.csv,session_4,267,17088,17216,17088,17216,34.176,34.432,clench,1,128,1.0,False,False,26.533619749950667,34.34396515846924,3447.9598311523796,43.0,36.0,83.74398113597171,82.03125,82.03125,1295.472134777456
session_4.csv,session_4,268,17152,17280,17152,17280,34.304,34.56,clench,1,128,1.0,False,False,39.69480187307761,48.03850920130744,4881.922447409262,42.0,36.0,76.94146289561314,74.21875,74.21875,2544.6443317854882
session_4.csv,session_4,269,17216,17344,17216,17344,34.432,34.688,clench,1,128,1.0,False,False,30.74666196764179,41.78291102357289,3725.167690778163,41.0,34.0,80.1119930429102,78.125,78.125,1532.8737569144478
session_4.csv,session_4,270,17280,17408,17280,17408,34.56,34.816,clench,1,128,1.0,False,True,8.700932285665605,13.330413894250968,1135.3258897742319,42.0,22.0,82.08494236018868,82.03125,70.3125,20.899811304422204
session_4.csv,session_4,271,17344,17472,17344,17472,34.688,34.944,clench,1,88,0.6875,True,True,4.963706128679529,6.236810167695699,660.8601129256755,39.0,14.0,85.12120764737287,85.9375,89.84375,39.5230263728404
session_4.csv,session_4,272,17408,17536,17408,17536,34.816,35.072,relax,0,24,0.1875,True,True,4.487170375213436,5.774423441063444,612.0257026456036,41.0,12.0,81.9258628677573,78.125,78.125,17.23513020320338
session_4.csv,session_4,273,17472,17600,17472,17600,34.944,35.2,relax,0,0,0.0,False,False,2.997547901420801,3.540870201679175,439.3110091494816,44.0,5.0,88.18481512660844,97.65625,97.65625,7.010972031774906
session_4.csv,session_4,274,17536,17664,17536,17664,35.072,35.328,relax,0,0,0.0,False,False,2.9741656673015227,3.5555395088382102,430.3353594492063,40.0,6.0,88.88587217862585,97.65625,97.65625,3.8466680941705373
session_4.csv,session_4,275,17600,17728,17600,17728,35.2,35.456,relax,0,0,0.0,False,False,3.6496547007847875,4.3367832625158345,541.0084376583413,45.0,11.0,92.37056747387388,97.65625,97.65625,12.689618331265647
session_4.csv,session_4,276,17664,17792,17664,17792,35.328,35.584,relax,0,0,0.0,False,False,4.019692171937785,4.635350904799979,609.2228673774869,50.0,10.0,93.75580390253735,97.65625,97.65625,6.44511376199549
session_4.csv,session_4,277,17728,17856,17728,17856,35.456,35.712,relax,0,0,0.0,False,False,3.5173989658309655,4.127218449171851,520.5634691899877,46.0,8.0,92.81269235858767,97.65625,97.65625,7.716843257662399
session_4.csv,session_4,278,17792,17920,17792,17920,35.584,35.84,relax,0,0,0.0,False,False,2.7566244997010534,3.2919032865933504,395.514608128202,41.0,5.0,91.4632323144922,97.65625,97.65625,8.848251760695616
session_4.csv,session_4,279,17856,17984,17856,17984,35.712,35.968,relax,0,0,0.0,False,False,2.4165411056761874,2.8636223126754214,344.933476842447,36.0,2.0,89.79038419338528,97.65625,97.65625,3.7986022465722105
session_4.csv,session_4,280,17920,18048,17920,18048,35.84,36.096,relax,0,0,0.0,False,False,2.440890345063952,2.875759510864463,346.78648861473494,38.0,2.0,82.00132000962469,82.03125,97.65625,4.256431893893442
session_4.csv,session_4,281,17984,18112,17984,18112,35.968,36.224,relax,0,0,0.0,False,False,3.0141064866213085,3.5059084956659863,439.03682988782634,47.0,3.0,94.12380235516783,97.65625,97.65625,4.998589780570314
session_4.csv,session_4,282,18048,18176,18048,18176,36.096,36.352,relax,0,0,0.0,False,False,3.4894514053532557,4.0110538003619975,517.151662940643,50.0,7.0,94.28295113716374,97.65625,97.65625,10.357058806854262
session_4.csv,session_4,283,18112,18240,18112,18240,36.224,36.48,relax,0,0,0.0,False,False,3.286535026432505,3.8581177745698145,480.62990906755283,46.0,7.0,90.34342786937134,97.65625,97.65625,7.20644980763408
session_4.csv,session_4,284,18176,18304,18176,18304,36.352,36.608,relax,0,0,0.0,False,False,3.2129471634134976,3.8349222239396976,467.49256094351904,43.0,10.0,85.91862742980723,85.9375,97.65625,5.311081103269942
session_4.csv,session_4,285,18240,18368,18240,18368,36.48,36.736,relax,0,0,0.0,False,False,3.2535659502458527,3.8432503309934627,477.6907900360975,46.0,10.0,93.51780713570635,97.65625,97.65625,10.274416656097154
session_4.csv,session_4,286,18304,18432,18304,18432,36.608,36.864,relax,0,0,0.0,False,False,2.875546564984133,3.385424567030264,424.4948346300438,48.0,5.0,87.9248288648164,97.65625,97.65625,4.0110497973347785
session_4.csv,session_4,287,18368,18496,18368,18496,36.736,36.992,relax,0,0,0.0,False,False,3.090417814588924,3.802689968554126,452.26565412855507,47.0,6.0,88.08648610651913,97.65625,97.65625,7.7311443798079
session_4.csv,session_4,288,18432,18560,18432,18560,36.864,37.12,relax,0,0,0.0,False,False,4.240378899079951,5.26025957390438,562.8019625966496,42.0,7.0,85.12653032458014,85.9375,97.65625,13.768796465970484
session_4.csv,session_4,289,18496,18624,18496,18624,36.992,37.248,relax,0,0,0.0,False,False,4.20081184581123,5.164046406318511,555.8935755981196,42.0,8.0,78.84817342579102,78.125,74.21875,26.533441943185455
session_4.csv,session_4,290,18560,18688,18560,18688,37.12,37.376,relax,0,0,0.0,False,False,2.9997420938879706,3.658694050761215,435.3332340191479,40.0,7.0,85.94267781841215,85.9375,97.65625,7.366479005823758
session_4.csv,session_4,291,18624,18752,18624,18752,37.248,37.504,relax,0,0,0.0,False,False,4.019337879896152,5.287300581525648,555.0694596067237,40.0,7.0,88.52505821201862,89.84375,97.65625,13.66785959090514
session_4.csv,session_4,292,18688,18816,18688,18816,37.376,37.632,relax,0,0,0.0,False,False,4.977469773574929,6.186229924059005,685.0296996488402,45.0,12.0,83.88047910199207,85.9375,85.9375,44.0462671878699
session_4.csv,session_4,293,18752,18880,18752,18880,37.504,37.76,relax,0,0,0.0,False,False,3.8944958958693823,4.848309885910358,570.1052341119365,45.0,10.0,89.47420007127782,89.84375,89.84375,14.42701483130374
session_4.csv,session_4,294,18816,18944,18816,18944,37.632,37.888,relax,0,0,0.0,False,False,3.066199780051784,3.806305721387822,445.61921864626004,41.0,4.0,84.49984525207464,85.9375,93.75,4.11059267633368
session_4.csv,session_4,295,18880,19008,18880,19008,37.76,38.016,relax,0,0,0.0,False,False,3.3157871913379404,4.062276996547134,476.1884130498498,44.0,5.0,88.19306102603109,93.75,97.65625,11.091283787319618
session_4.csv,session_4,296,18944,19072,18944,19072,37.888,38.144,relax,0,0,0.0,False,False,3.9172864679641863,4.7489868677814275,565.1363226649432,47.0,9.0,82.62453467695482,78.125,97.65625,16.26559705077474
session_4.csv,session_4,297,19008,19136,19008,19136,38.016,38.272,relax,0,0,0.0,False,False,6.003188876879311,8.402859975564885,814.5675006338837,43.0,16.0,83.71132666373475,89.84375,89.84375,24.777066157220556
session_4.csv,session_4,298,19072,19200,19072,19200,38.144,38.4,relax,0,0,0.0,False,False,8.614545579767137,11.068011374853112,1135.4082666641516,41.0,25.0,83.54380438342578,82.03125,82.03125,130.05241070311178
session_4.csv,session_4,299,19136,19264,19136,19264,38.272,38.528,relax,0,0,0.0,False,True,12.524344487301397,17.49051557111684,1600.6573588496792,42.0,29.0,82.02318283798733,82.03125,82.03125,186.85897770982018
session_4.csv,session_4,300,19200,19328,19200,19328,38.4,38.656,relax,0,63,0.4921875,True,True,15.70090241337694,20.31875931589883,2064.6909648132428,46.0,35.0,82.18070224138278,82.03125,93.75,447.9937704954072
session_4.csv,session_4,301,19264,19392,19264,19392,38.528,38.784,clench,1,127,0.9921875,True,True,17.06770711573362,21.451187888651596,2352.750055128464,46.0,39.0,90.99728456628385,93.75,93.75,719.9824420634575
session_4.csv,session_4,302,19328,19456,19328,19456,38.656,38.912,clench,1,128,1.0,False,False,16.451327557474198,20.736544857916183,2178.908100615599,43.0,36.0,82.17554897698952,78.125,78.125,186.4866451496144
session_4.csv,session_4,303,19392,19520,19392,19520,38.784,39.04,clench,1,128,1.0,False,False,15.475596278077978,18.747503676837873,1989.8811423927714,42.0,36.0,80.15555242492326,78.125,78.125,343.81706869238303
session_4.csv,session_4,304,19456,19584,19456,19584,38.912,39.168,clench,1,128,1.0,False,False,13.76368919768137,17.184357854173204,1860.5283085918131,46.0,34.0,84.56819412153106,85.9375,82.03125,132.81101210772707
session_4.csv,session_4,305,19520,19648,19520,19648,39.04,39.296,clench,1,128,1.0,False,False,18.785578422364328,27.187440606689158,2603.908932392777,48.0,34.0,80.25377853611171,82.03125,85.9375,127.88491717376147
session_4.csv,session_4,306,19584,19712,19584,19712,39.168,39.424,clench,1,128,1.0,False,False,20.186335320533043,28.26444864676532,2718.196098899739,43.0,36.0,86.68064059479205,85.9375,82.03125,1115.042190137714
session_4.csv,session_4,307,19648,19776,19648,19776,39.296,39.552,clench,1,128,1.0,False,False,16.371308467116677,20.836239382329985,2172.757938851679,44.0,32.0,83.35031593468258,82.03125,82.03125,543.4265195291702
session_4.csv,session_4,308,19712,19840,19712,19840,39.424,39.68,clench,1,128,1.0,False,False,23.765653777870735,29.59520177109996,3186.5153717220137,46.0,38.0,84.66344717954857,85.9375,85.9375,630.5998829901647
session_4.csv,session_4,309,19776,19904,19776,19904,39.552,39.808,clench,1,128,1.0,False,False,27.81583626440508,33.0884559367713,3661.6506254819774,43.0,37.0,85.73628383487801,85.9375,93.75,972.9044220261937
session_4.csv,session_4,310,19840,19968,19840,19968,39.68,39.936,clench,1,128,1.0,False,False,28.68148108844938,34.08255295693422,3635.0120435795066,41.0,32.0,76.15047388394683,74.21875,74.21875,1180.0482474448822
session_4.csv,session_4,311,19904,20032,19904,20032,39.808,40.064,clench,1,128,1.0,False,False,36.515350760770964,46.234176728572024,4826.286219781312,42.0,39.0,87.84225038876023,93.75,93.75,2434.21305403978
session_4.csv,session_4,312,19968,20096,19968,20096,39.936,40.192,clench,1,128,1.0,False,False,37.70684286712722,47.82041285964718,4804.879760343634,39.0,37.0,80.41509254981626,82.03125,85.9375,1138.0126529587958
session_4.csv,session_4,313,20032,20160,20032,20160,40.064,40.32,clench,1,128,1.0,False,False,24.76748681435614,32.080881939169146,2995.510591775503,39.0,31.0,80.2595975761606,74.21875,70.3125,1245.2785987221462
session_4.csv,session_4,314,20096,20224,20096,20224,40.192,40.448,clench,1,128,1.0,False,False,12.415632995417356,16.522197163870388,1525.8322641273926,40.0,25.0,77.48328286942427,74.21875,74.21875,151.8028403269215
session_4.csv,session_4,315,20160,20288,20160,20288,40.32,40.576,clench,1,92,0.71875,True,True,6.4067170459114955,7.906866773548963,895.7578263360062,46.0,19.0,85.22597573963925,85.9375,97.65625,43.10769681750042
session_4.csv,session_4,316,20224,20352,20224,20352,40.448,40.704,relax,0,28,0.21875,True,True,4.567516511645816,5.392316706711033,671.2222000624839,50.0,16.0,88.02190007579662,93.75,97.65625,11.035881083764826
session_4.csv,session_4,317,20288,20416,20288,20416,40.576,40.832,relax,0,0,0.0,False,False,3.890376204837465,4.860634675564056,550.5402538666372,41.0,8.0,81.07331003762944,82.03125,82.03125,17.503737075360508
session_4.csv,session_4,318,20352,20480,20352,20480,40.704,40.96,relax,0,0,0.0,False,False,2.9971111467160876,3.939681791500311,411.36700551005515,32.0,3.0,87.30998342913253,93.75,97.65625,7.070670753409204
session_4.csv,session_4,319,20416,20544,20416,20544,40.832,41.088,relax,0,0,0.0,False,False,2.621652433691467,3.148395320097218,369.14265202789284,35.0,3.0,87.40462536850994,93.75,97.65625,7.8028786554062854
session_4.csv,session_4,320,20480,20608,20480,20608,40.96,41.216,relax,0,0,0.0,False,False,3.150167817720301,4.000200809902949,440.95243942269553,35.0,5.0,84.06203353797508,89.84375,97.65625,6.239074984051873
session_4.csv,session_4,321,20544,20672,20544,20672,41.088,41.344,relax,0,0,0.0,False,False,3.4572613171168998,4.316140144127784,477.5428348854465,37.0,6.0,79.83775153507356,74.21875,74.21875,21.05132066427397
session_4.csv,session_4,322,20608,20736,20608,20736,41.216,41.472,relax,0,0,0.0,False,False,3.092387643576936,3.6998601553117054,440.6590450362064,42.0,6.0,92.2363053895973,97.65625,97.65625,4.743494470864159
session_4.csv,session_4,323,20672,20800,20672,20800,41.344,41.6,relax,0,0,0.0,False,False,3.348615313312089,3.9872071891861904,495.22672238085056,47.0,12.0,94.35305919430772,97.65625,97.65625,9.562772124044008
session_4.csv,session_4,324,20736,20864,20736,20864,41.472,41.728,relax,0,0,0.0,False,False,3.3751204680551092,4.003101209964246,495.6328908558561,49.0,9.0,87.71711136351684,97.65625,97.65625,7.970971037117612
session_4.csv,session_4,325,20800,20928,20800,20928,41.6,41.856,relax,0,0,0.0,False,False,2.8389348034917177,3.2876618338492185,416.85935472621054,48.0,1.0,88.71895601234637,97.65625,97.65625,6.738016898804004
session_4.csv,session_4,326,20864,20992,20864,20992,41.728,41.984,relax,0,0,0.0,False,False,3.119611400512186,3.5724194085104264,464.4545570076373,50.0,3.0,94.53301385593672,97.65625,97.65625,6.200818337445179
session_4.csv,session_4,327,20928,21056,20928,21056,41.856,42.112,relax,0,0,0.0,False,False,3.266398087863111,3.7899015047331384,491.0816399830858,47.0,3.0,94.20143992215549,97.65625,97.65625,5.737217689414061
session_4.csv,session_4,328,20992,21120,20992,21120,41.984,42.24,relax,0,0,0.0,False,False,3.030673926823778,3.5201553355413,452.9045149453293,45.0,2.0,91.1654351975284,97.65625,97.65625,6.95957781370938
session_4.csv,session_4,329,21056,21184,21056,21184,42.112,42.368,relax,0,0,0.0,False,False,2.8589339937323963,3.3073592245371604,424.58691879461423,47.0,3.0,90.78342258226915,97.65625,97.65625,6.548328682787661
session_4.csv,session_4,330,21120,21248,21120,21248,42.24,42.496,relax,0,0,0.0,False,False,3.1288879100469256,3.643890929313124,462.18393596370026,48.0,6.0,92.1894862386434,97.65625,97.65625,5.417999946477061
session_4.csv,session_4,331,21184,21312,21184,21312,42.368,42.624,relax,0,0,0.0,False,False,3.28925841659248,3.75999991505475,487.9592115184739,50.0,8.0,93.75211425098402,97.65625,97.65625,7.896011060843677
session_4.csv,session_4,332,21248,21376,21248,21376,42.496,42.752,relax,0,0,0.0,False,False,3.2979542786161558,3.825279631505756,482.5111990500934,47.0,9.0,93.80699009721063,97.65625,97.65625,7.426378741144551
session_4.csv,session_4,333,21312,21440,21312,21440,42.624,42.88,relax,0,0,0.0,False,False,3.229746871599372,3.8124472694408933,468.9899867946575,44.0,8.0,92.2745699468031,97.65625,97.65625,8.333492122848172
session_4.csv,session_4,334,21376,21504,21376,21504,42.752,43.008,relax,0,0,0.0,False,False,2.934132402792967,3.385178155950106,425.74953789377355,47.0,5.0,89.77782738602598,97.65625,97.65625,5.136017271951187
session_4.csv,session_4,335,21440,21568,21440,21568,42.88,43.136,relax,0,0,0.0,False,False,2.805408540387707,3.1821429524491696,412.85025913374966,50.0,6.0,93.13062318421223,97.65625,97.65625,4.975679234158155
session_4.csv,session_4,336,21504,21632,21504,21632,43.008,43.264,relax,0,0,0.0,False,False,2.737574275473542,3.103361319304788,403.66418231202545,50.0,5.0,93.13876032768265,97.65625,97.65625,5.26088496011202
session_4.csv,session_4,337,21568,21696,21568,21696,43.136,43.392,relax,0,0,0.0,False,False,2.8696196242521514,3.258191739802823,409.2951969027183,47.0,4.0,94.10410025607035,97.65625,97.65625,4.890953228594978
session_4.csv,session_4,338,21632,21760,21632,21760,43.264,43.52,relax,0,0,0.0,False,False,3.167974429013671,3.71056010434982,454.1429652407355,42.0,7.0,86.89141966043587,89.84375,97.65625,8.79061905263584
session_4.csv,session_4,339,21696,21824,21696,21824,43.392,43.648,relax,0,0,0.0,False,False,3.0212953963858293,3.6284094564963243,437.71885080032916,40.0,5.0,90.02895355351616,89.84375,97.65625,8.891682548555062
session_4.csv,session_4,340,21760,21888,21760,21888,43.52,43.776,relax,0,0,0.0,False,False,2.9632748391953214,3.6541969063270328,422.6701817800846,36.0,4.0,88.17372188000404,93.75,97.65625,4.704596754337488
session_4.csv,session_4,341,21824,21952,21824,21952,43.648,43.904,relax,0,0,0.0,False,False,3.1193450211693072,4.072196033053446,453.6741456377231,33.0,5.0,88.66381006111754,97.65625,97.65625,9.785796999590643
session_4.csv,session_4,342,21888,22016,21888,22016,43.776,44.032,relax,0,0,0.0,False,False,4.8500899661117405,7.389124868801547,648.86265442323,36.0,9.0,86.62494939922809,89.84375,97.65625,19.3624821397147
session_4.csv,session_4,343,21952,22080,21952,22080,43.904,44.16,relax,0,0,0.0,False,True,7.151134683605648,9.644460884573382,926.3946906175476,41.0,16.0,81.13131801022708,78.125,78.125,108.29069642738452
session_4.csv,session_4,344,22016,22144,22016,22144,44.032,44.288,relax,0,47,0.3671875,True,True,8.196035196230067,10.209832649286037,1039.1325442932346,43.0,16.0,79.62316918987744,78.125,82.03125,123.68837327539877
session_4.csv,session_4,345,22080,22208,22080,22208,44.16,44.416,clench,1,111,0.8671875,True,True,10.789269096759977,13.769701158089415,1348.4839157098813,41.0,19.0,75.60179506521325,74.21875,70.3125,231.22761472909738
session_4.csv,session_4,346,22144,22272,22144,22272,44.288,44.544,clench,1,128,1.0,False,False,14.897183767735267,18.777216298583546,1877.4457248134163,39.0,26.0,84.66632308240385,85.9375,97.65625,238.21474388555143
session_4.csv,session_4,347,22208,22336,22208,22336,44.416,44.672,clench,1,128,1.0,False,False,18.24946645525474,23.13499414977293,2343.4015527011397,42.0,29.0,86.66807605239526,89.84375,89.84375,462.40415527272074
session_4.csv,session_4,348,22272,22400,22272,22400,44.544,44.8,clench,1,128,1.0,False,False,19.75023423682213,25.21466419581888,2559.5360555663988,42.0,36.0,81.97676017594266,85.9375,89.84375,729.0596221137023
session_4.csv,session_4,349,22336,22464,22336,22464,44.672,44.928,clench,1,128,1.0,False,False,21.575258235494225,27.44757729984237,2780.2319550684397,42.0,38.0,81.42714271764663,78.125,70.3125,401.4660660616923
session_4.csv,session_4,350,22400,22528,22400,22528,44.8,45.056,clench,1,128,1.0,False,False,25.819812155858934,34.5837225662689,3294.802478162661,42.0,33.0,80.5826094626858,82.03125,78.125,1625.9053355642664
session_4.csv,session_4,351,22464,22592,22464,22592,44.928,45.184,clench,1,128,1.0,False,False,26.327485650841826,35.50650263561294,3455.179796844485,44.0,35.0,78.100649373357,78.125,82.03125,896.3271872934398
session_4.csv,session_4,352,22528,22656,22528,22656,45.056,45.312,clench,1,128,1.0,False,False,24.17555605346718,30.697875272206428,3329.778354256239,47.0,40.0,87.10647750116885,93.75,93.75,695.8592927823802
session_4.csv,session_4,353,22592,22720,22592,22720,45.184,45.44,clench,1,128,1.0,False,False,30.707816255609444,38.527839211330715,4169.102535700207,46.0,43.0,85.46967285586688,85.9375,89.84375,1799.4411263726017
session_4.csv,session_4,354,22656,22784,22656,22784,45.312,45.568,clench,1,128,1.0,False,False,46.976387998840536,63.59036090225369,5999.188957210809,44.0,36.0,78.2750375791779,78.125,82.03125,4652.39797824906
session_4.csv,session_4,355,22720,22848,22720,22848,45.44,45.696,clench,1,128,1.0,False,True,34.27875351104048,56.20810281900339,4302.520977468017,42.0,26.0,80.51766627239371,78.125,74.21875,1096.6978663782572
session_4.csv,session_4,356,22784,22912,22784,22912,45.568,45.824,clench,1,71,0.5546875,True,True,8.07645030846481,13.100197497538622,1095.9711495730826,39.0,16.0,82.1377332103218,82.03125,89.84375,38.0487310786235
session_4.csv,session_4,357,22848,22976,22848,22976,45.696,45.952,relax,0,7,0.0546875,True,True,4.165373858835516,5.342527497033812,595.1279444376397,39.0,14.0,87.92404401574464,85.9375,97.65625,15.16737814875641
session_4.csv,session_4,358,22912,23040,22912,23040,45.824,46.08,relax,0,0,0.0,False,False,4.079729096027002,4.885347181347889,584.8472140688442,45.0,15.0,90.9125085761615,97.65625,97.65625,12.184263685259978
session_4.csv,session_4,359,22976,23104,22976,23104,45.952,46.208,relax,0,0,0.0,False,False,3.1322975579520875,3.91739708843935,441.6194312751795,36.0,7.0,86.80591524297634,89.84375,97.65625,10.112787018479123
session_4.csv,session_4,360,23040,23168,23040,23168,46.08,46.336,relax,0,0,0.0,False,False,2.4182273470501725,2.854815935705601,343.909681408456,35.0,2.0,81.85410434679814,85.9375,97.65625,3.5116797409223324
session_4.csv,session_4,361,23104,23232,23104,23232,46.208,46.464,relax,0,0,0.0,False,False,2.7265342053492008,3.145915107899306,398.50245187633334,43.0,4.0,93.99916405224721,97.65625,97.65625,5.943994357569409
session_4.csv,session_4,362,23168,23296,23168,23296,46.336,46.592,relax,0,0,0.0,False,False,3.065902306476681,3.5423947404704648,445.72378932924755,45.0,7.0,86.80332692817728,85.9375,97.65625,5.727506546167433
session_4.csv,session_4,363,23232,23360,23232,23360,46.464,46.72,relax,0,0,0.0,False,False,2.937143211202362,3.4597165334208637,428.89883762807756,44.0,8.0,93.29998418978072,97.65625,97.65625,6.577088684873326
session_4.csv,session_4,364,23296,23424,23296,23424,46.592,46.848,relax,0,0,0.0,False,False,2.4343838281510353,2.8715890509310045,360.6753625764835,39.0,3.0,85.338841048214,93.75,97.65625,2.9692092060911297
session_4.csv,session_4,365,23360,23488,23360,23488,46.72,46.976,relax,0,0,0.0,False,False,2.5113987299599305,2.9949321565516804,357.6271844644665,38.0,2.0,84.92232264046267,93.75,97.65625,3.8865450023719186
session_4.csv,session_4,366,23424,23552,23424,23552,46.848,47.104,relax,0,0,0.0,False,False,2.876056759528037,3.4099366031396317,412.91543289651156,42.0,6.0,89.33519318483758,97.65625,97.65625,6.278752154366281
session_4.csv,session_4,367,23488,23616,23488,23616,46.976,47.232,relax,0,0,0.0,False,False,2.913299678392624,3.4053352913949695,425.3525429712124,43.0,5.0,91.35227245071556,97.65625,97.65625,7.3308739668545
session_4.csv,session_4,368,23552,23680,23552,23680,47.104,47.36,relax,0,0,0.0,False,False,2.7469063026836062,3.243440095846766,400.6341260750296,40.0,2.0,89.51785211133459,97.65625,97.65625,5.929037157553009
session_4.csv,session_4,369,23616,23744,23616,23744,47.232,47.488,relax,0,0,0.0,False,False,2.577971193065699,3.062862006598745,377.1635587423923,40.0,2.0,90.64403116355273,97.65625,97.65625,4.002459622402324
session_4.csv,session_4,370,23680,23808,23680,23808,47.36,47.616,relax,0,0,0.0,False,False,2.808861955294966,3.345182003870989,413.1714558284506,44.0,6.0,89.65991371029325,97.65625,97.65625,6.329372099649479
session_4.csv,session_4,371,23744,23872,23744,23872,47.488,47.744,relax,0,0,0.0,False,False,3.0887978100668603,3.6336273680157896,456.4836784201732,50.0,5.0,86.59461628245276,97.65625,97.65625,3.807501838201165
session_4.csv,session_4,372,23808,23936,23808,23936,47.616,47.872,relax,0,0,0.0,False,False,2.6543508832879485,3.126259217970284,395.45916467773145,43.0,0.0,92.03123063115572,97.65625,97.65625,6.644425824577247
session_4.csv,session_4,373,23872,24000,23872,24000,47.744,48.0,relax,0,0,0.0,False,False,2.6574835080368535,3.138364340662142,393.26454864272296,38.0,3.0,91.45836952080764,97.65625,97.65625,5.452510359247965
session_4.csv,session_4,374,23936,24064,23936,24064,47.872,48.128,relax,0,0,0.0,False,False,3.1484787433071952,3.7419266158318307,463.72504946545416,43.0,6.0,91.64884782067028,97.65625,97.65625,9.668925423193311
session_4.csv,session_4,375,24000,24128,24000,24128,48.0,48.256,relax,0,0,0.0,False,False,3.113493121273189,3.6791816995754782,457.54575432715615,44.0,5.0,91.8768194700892,97.65625,97.65625,6.093043934920481
session_4.csv,session_4,376,24064,24192,24064,24192,48.128,48.384,relax,0,0,0.0,False,False,3.369190794192092,4.003365974955123,486.45027931432094,44.0,5.0,89.13722598163933,97.65625,97.65625,6.182233755993432
session_4.csv,session_4,377,24128,24256,24128,24256,48.256,48.512,relax,0,0,0.0,False,False,4.465228367540853,5.496043526522418,610.1032922994091,43.0,10.0,86.00183055773958,85.9375,82.03125,29.145432473501472
session_4.csv,session_4,378,24192,24320,24192,24320,48.384,48.64,relax,0,4,0.03125,True,True,4.950996417279778,6.402802699875664,653.6674848898853,39.0,11.0,79.32895400674659,82.03125,85.9375,23.798667254469976
session_4.csv,session_4,379,24256,24384,24256,24384,48.512,48.768,clench,1,68,0.53125,True,True,6.640208276461257,8.654316498175758,875.2996127293881,39.0,16.0,85.48706293435947,89.84375,89.84375,64.32576107806842
session_4.csv,session_4,380,24320,24448,24320,24448,48.64,48.896,clench,1,128,1.0,False,True,9.538436061413073,11.459031485615057,1240.0154825124469,40.0,26.0,82.0328987478218,85.9375,85.9375,107.11314604309192
session_4.csv,session_4,381,24384,24512,24384,24512,48.768,49.024,clench,1,128,1.0,False,False,15.128931030468205,19.92756745378034,1890.1139324705948,38.0,29.0,76.75551521214005,74.21875,74.21875,197.38521001852584
session_4.csv,session_4,382,24448,24576,24448,24576,48.896,49.152,clench,1,128,1.0,False,False,19.84485928060873,25.084009935611668,2505.6596537568266,37.0,28.0,81.95578228790642,82.03125,85.9375,699.054291653228
session_4.csv,session_4,383,24512,24640,24512,24640,49.024,49.28,clench,1,128,1.0,False,False,22.963500170441264,28.436578474323206,3006.1201903134315,41.0,36.0,82.4933832292814,85.9375,85.9375,404.4558938959506
session_4.csv,session_4,384,24576,24704,24576,24704,49.152,49.408,clench,1,128,1.0,False,False,19.62694463732459,25.177166846754425,2719.149073296614,48.0,44.0,85.92004505691683,85.9375,93.75,588.1512998606008
session_4.csv,session_4,385,24640,24768,24640,24768,49.28,49.536,clench,1,128,1.0,False,False,23.529605447992218,33.593923714706584,3209.7733317816774,47.0,42.0,79.63099761732809,78.125,78.125,319.92958901394
session_4.csv,session_4,386,24704,24832,24704,24832,49.408,49.664,clench,1,128,1.0,False,False,35.371407530015,44.840691394865985,4774.023986242289,45.0,39.0,85.26576975579707,85.9375,93.75,1759.2491058381627
session_4.csv,session_4,387,24768,24896,24768,24896,49.536,49.792,clench,1,128,1.0,False,False,26.597570597220475,34.50285632944415,3616.257770233482,46.0,37.0,87.0420497807539,89.84375,89.84375,1086.501820712179
session_4.csv,session_4,388,24832,24960,24832,24960,49.664,49.92,clench,1,128,1.0,False,True,16.56755240920975,22.236712544154088,2281.5962216936437,46.0,31.0,83.86361347359988,82.03125,82.03125,599.5416747828617
session_4.csv,session_4,389,24896,25024,24896,25024,49.792,50.048,clench,1,81,0.6328125,True,True,11.977547263992175,18.891202919746913,1599.7714895160511,42.0,20.0,87.77427361213878,85.9375,85.9375,134.67238406155712
session_4.csv,session_4,390,24960,25088,24960,25088,49.92,50.176,relax,0,17,0.1328125,True,True,5.707891151249678,7.189389675201152,728.7920111853994,38.0,11.0,76.8725294535075,74.21875,74.21875,30.912049793241998
session_4.csv,session_4,391,25024,25152,25024,25152,50.048,50.304,relax,0,0,0.0,False,False,3.6379063944577226,4.692117538978715,483.5226369896516,32.0,6.0,85.61294890427959,85.9375,97.65625,15.471955726635684
session_4.csv,session_4,392,25088,25216,25088,25216,50.176,50.432,relax,0,0,0.0,False,False,2.917848303112076,3.490062082182164,415.8597238649136,38.0,5.0,87.84350505195513,93.75,97.65625,5.789143499993442
session_4.csv,session_4,393,25152,25280,25152,25280,50.304,50.56,relax,0,0,0.0,False,False,3.044465266188821,3.5107300763162406,453.8553583954474,46.0,5.0,89.230851537734,97.65625,97.65625,4.390055720299284
session_4.csv,session_4,394,25216,25344,25216,25344,50.432,50.688,relax,0,0,0.0,False,False,2.4168415153755873,2.99035685943577,358.190686400205,30.0,2.0,89.01111090159473,97.65625,97.65625,3.2457895350580332
session_4.csv,session_4,395,25280,25408,25280,25408,50.56,50.816,relax,0,0,0.0,False,False,2.106051247000628,2.5899680815052566,313.18825336005284,29.0,2.0,91.28893278080156,97.65625,97.65625,3.6755305694911278
session_4.csv,session_4,396,25344,25472,25344,25472,50.688,50.944,relax,0,0,0.0,False,False,2.577644435029546,2.98936436520717,381.03748588532335,46.0,2.0,92.21164696621128,97.65625,97.65625,5.30535847810416
session_4.csv,session_4,397,25408,25536,25408,25536,50.816,51.072,relax,0,0,0.0,False,False,2.6887055542828717,3.1074331322355637,394.6112774750129,47.0,1.0,93.35564584830416,97.65625,97.65625,3.098841003695919
session_4.csv,session_4,398,25472,25600,25472,25600,50.944,51.2,relax,0,0,0.0,False,False,2.8336560059851204,3.273524517174484,414.7906106192645,47.0,5.0,92.02239774198402,97.65625,97.65625,4.889188483827303
session_4.csv,session_4,399,25536,25664,25536,25664,51.072,51.328,relax,0,0,0.0,False,False,2.9290402020555275,3.3731061078707145,431.3381926634877,48.0,7.0,93.60263886493995,97.65625,97.65625,5.585261752344482
session_4.csv,session_4,400,25600,25728,25600,25728,51.2,51.456,relax,0,0,0.0,False,False,3.0369308302642386,3.51409721480902,442.1844895351752,47.0,7.0,90.11150865690907,97.65625,97.65625,4.778997499239525
session_4.csv,session_4,401,25664,25792,25664,25792,51.328,51.584,relax,0,0,0.0,False,False,3.249880509903999,3.7990148525950773,467.58901213904494,47.0,5.0,91.37769405268274,97.65625,97.65625,6.07263678547655
session_4.csv,session_4,402,25728,25856,25728,25856,51.456,51.712,relax,0,0,0.0,False,False,3.3713829257200034,3.9876887259009486,489.0112079610078,46.0,7.0,88.47517802569256,97.65625,97.65625,11.054880931988132
session_4.csv,session_4,403,25792,25920,25792,25920,51.584,51.84,relax,0,0,0.0,False,False,3.1729856781311048,3.7699768998145005,462.12792331128037,44.0,10.0,86.72754995272022,93.75,97.65625,6.542015895131947
session_4.csv,session_4,404,25856,25984,25856,25984,51.712,51.968,relax,0,0,0.0,False,False,2.828035586998375,3.335059018489139,404.4217338699475,41.0,6.0,87.73366028418775,97.65625,97.65625,6.791524832579729
session_4.csv,session_4,405,25920,26048,25920,26048,51.84,52.096,relax,0,0,0.0,False,False,3.1421466609690922,3.725829192897748,446.386037180775,43.0,7.0,87.00419520742419,93.75,97.65625,8.907955490081385
session_4.csv,session_4,406,25984,26112,25984,26112,51.968,52.224,relax,0,0,0.0,False,False,3.1671626845488587,3.7812703086626764,447.459967710118,41.0,7.0,89.13614649621441,97.65625,97.65625,7.987909753528255
session_4.csv,session_4,407,26048,26176,26048,26176,52.096,52.352,relax,0,0,0.0,False,False,2.962830108240121,3.486208035573744,426.1549665783831,42.0,4.0,89.48436265108118,97.65625,97.65625,7.524300642189908
session_4.csv,session_4,408,26112,26240,26112,26240,52.224,52.48,relax,0,0,0.0,False,False,3.5152577030405148,4.076511074720689,517.5081363766421,49.0,10.0,92.0108842466242,97.65625,97.65625,8.010361335629373
session_4.csv,session_4,409,26176,26304,26176,26304,52.352,52.608,relax,0,0,0.0,False,False,3.4100258188055497,4.004920512611038,495.6083101030466,45.0,10.0,88.40513991438364,97.65625,97.65625,6.311354576826878
session_4.csv,session_4,410,26240,26368,26240,26368,52.48,52.736,relax,0,0,0.0,False,False,3.0850911812703004,3.657713162059661,445.0036375994216,44.0,4.0,89.51545084520968,97.65625,97.65625,8.630071363133201
session_4.csv,session_4,411,26304,26432,26304,26432,52.608,52.864,relax,0,0,0.0,False,False,3.6212375298962387,4.206653299880744,533.4745572785322,48.0,10.0,91.53921188756627,97.65625,97.65625,9.907460492642786
session_4.csv,session_4,412,26368,26496,26368,26496,52.736,52.992,relax,0,0,0.0,False,False,3.77305510407397,4.330227930597222,561.1379017252691,51.0,13.0,92.7189057266806,97.65625,97.65625,8.056255316595532
session_4.csv,session_4,413,26432,26560,26432,26560,52.864,53.12,relax,0,0,0.0,False,False,3.6243380984703517,4.376637774139105,524.7999561893778,45.0,8.0,88.67585484428054,89.84375,97.65625,7.414529099128797
session_4.csv,session_4,414,26496,26624,26496,26624,52.992,53.248,relax,0,0,0.0,False,False,4.077559333873493,4.992890175286634,573.5085111524569,41.0,13.0,85.97333293162521,89.84375,97.65625,20.492718110719213
session_4.csv,session_4,415,26560,26688,26560,26688,53.12,53.376,relax,0,0,0.0,False,False,4.130798111718384,4.976720190105106,553.3896602197045,39.0,15.0,83.28121370689418,82.03125,97.65625,27.62931898507668
session_4.csv,session_4,416,26624,26752,26624,26752,53.248,53.504,relax,0,0,0.0,False,False,5.564132517428239,6.905284061910956,772.4007144374557,43.0,19.0,85.76591362846503,89.84375,97.65625,16.17684671974366
session_4.csv,session_4,417,26688,26816,26688,26816,53.376,53.632,relax,0,0,0.0,False,False,7.860673623312778,9.56089872036963,1092.2289330256174,49.0,29.0,86.99888388404577,93.75,97.65625,63.183719840644926
session_4.csv,session_4,418,26752,26880,26752,26880,53.504,53.76,relax,0,0,0.0,False,False,6.357002161906442,8.260514754061399,862.5945793162775,45.0,22.0,83.47386129467259,85.9375,70.3125,71.69041315616934
session_4.csv,session_4,419,26816,26944,26816,26944,53.632,53.888,relax,0,0,0.0,False,False,8.838850063619514,12.721287752778487,1154.8622838475258,42.0,22.0,78.29914437358626,78.125,70.3125,103.44740502011973
session_4.csv,session_4,420,26880,27008,26880,27008,53.76,54.016,relax,0,5,0.0390625,True,True,15.411249922300897,20.315480469843173,2019.851626083071,41.0,28.0,81.41260257487522,74.21875,74.21875,262.6021397146832
session_4.csv,session_4,421,26944,27072,26944,27072,53.888,54.144,clench,1,69,0.5390625,True,True,17.961559785119867,22.24749482610535,2356.1799327536737,41.0,28.0,87.42391181204424,89.84375,93.75,668.704096097055
session_4.csv,session_4,422,27008,27136,27008,27136,54.016,54.272,clench,1,128,1.0,False,True,15.708457160633184,20.29968070412482,2017.2304433007569,38.0,30.0,77.13709660052349,74.21875,74.21875,146.24594707772022
session_4.csv,session_4,423,27072,27200,27072,27200,54.144,54.4,clench,1,128,1.0,False,False,19.643038237206785,25.953087063203526,2539.8607473949646,39.0,34.0,81.39144636471018,78.125,74.21875,787.904039483318
session_4.csv,session_4,424,27136,27264,27136,27264,54.272,54.528,clench,1,128,1.0,False,False,26.125747887798504,31.12492091193992,3395.638913470541,44.0,41.0,77.75025964951531,78.125,78.125,1026.6153763058041
session_4.csv,session_4,425,27200,27328,27200,27328,54.4,54.656,clench,1,128,1.0,False,False,24.90914970732218,29.5706048563853,3187.9233424981817,43.0,40.0,85.70277427935744,89.84375,93.75,418.51312016406615
session_4.csv,session_4,426,27264,27392,27264,27392,54.528,54.784,clench,1,128,1.0,False,False,23.045486189246724,28.20215640960979,2931.484195495967,43.0,35.0,80.24201761551555,78.125,70.3125,689.7638344975392
session_4.csv,session_4,427,27328,27456,27328,27456,54.656,54.912,clench,1,128,1.0,False,False,20.85985348349884,25.95273037262904,2789.782057849494,45.0,37.0,81.04584912478744,82.03125,82.03125,724.712580692279
session_4.csv,session_4,428,27392,27520,27392,27520,54.784,55.04,clench,1,128,1.0,False,False,25.79560724404169,32.80550813217556,3359.6050907515096,42.0,35.0,81.51632695945924,78.125,78.125,1170.2139587080649
session_4.csv,session_4,429,27456,27584,27456,27584,54.912,55.168,clench,1,128,1.0,False,False,29.837904111418673,37.26834003386277,3781.1892653626837,41.0,34.0,76.52403052581063,74.21875,70.3125,954.7022252449069
session_4.csv,session_4,430,27520,27648,27520,27648,55.04,55.296,clench,1,128,1.0,False,False,31.053026004955086,39.392416263598044,3915.9909090146953,43.0,37.0,77.20698411640143,74.21875,70.3125,1655.3467138499384
session_4.csv,session_4,431,27584,27712,27584,27712,55.168,55.424,clench,1,128,1.0,False,False,27.653039840488763,36.57118205181951,3586.0771109236853,43.0,33.0,84.74359179354268,89.84375,93.75,1127.077191990789
session_4.csv,session_4,432,27648,27776,27648,27776,55.296,55.552,clench,1,128,1.0,False,True,16.631388465394558,22.135971461736382,2190.731160080194,43.0,29.0,81.89412851399642,82.03125,89.84375,145.27479391409557
session_4.csv,session_4,433,27712,27840,27712,27840,55.424,55.68,clench,1,71,0.5546875,True,True,8.179335832752546,11.281208648859867,1109.6875886514852,41.0,22.0,83.96773055088285,82.03125,82.03125,112.39275567037136
session_4.csv,session_4,434,27776,27904,27776,27904,55.552,55.808,relax,0,7,0.0546875,True,True,3.471576807342686,4.247689429880874,482.40741420799793,39.0,9.0,86.29147689014437,85.9375,97.65625,15.521382989418733
session_4.csv,session_4,435,27840,27968,27840,27968,55.68,55.936,relax,0,0,0.0,False,False,2.790038977750445,3.3852882661156767,392.26632065451327,44.0,3.0,89.84922789598349,97.65625,97.65625,3.8465538289309325
session_4.csv,session_4,436,27904,28032,27904,28032,55.808,56.064,relax,0,0,0.0,False,False,2.5218819801048378,2.949850357415851,375.0986388588832,45.0,3.0,89.20782509993826,97.65625,97.65625,5.282411753410356
session_4.csv,session_4,437,27968,28096,27968,28096,55.936,56.192,relax,0,0,0.0,False,False,2.9596924750224796,3.412851111587255,441.82957782935387,47.0,8.0,93.82284357210628,97.65625,97.65625,5.171902850585941
session_4.csv,session_4,438,28032,28160,28032,28160,56.064,56.32,relax,0,0,0.0,False,False,3.1029526000219496,3.5860325173107523,458.1430298009317,45.0,9.0,94.84861766687244,97.65625,97.65625,6.52155774487064
session_4.csv,session_4,439,28096,28224,28096,28224,56.192,56.448,relax,0,0,0.0,False,False,2.875041014838371,3.641922706333381,416.04930773840044,35.0,7.0,90.58935786341911,89.84375,97.65625,4.478101559666162
session_4.csv,session_4,440,28160,28288,28160,28288,56.32,56.576,relax,0,0,0.0,False,False,2.9463456414505966,3.665145891086563,428.5501276196021,39.0,8.0,87.24796504826679,93.75,97.65625,9.575515865010608
session_4.csv,session_4,441,28224,28352,28224,28352,56.448,56.704,relax,0,0,0.0,False,False,2.971243591321725,3.5023636512100405,434.8731012437362,44.0,6.0,93.11463982138251,97.65625,97.65625,8.08576126297225
session_4.csv,session_4,442,28288,28416,28288,28416,56.576,56.832,relax,0,0,0.0,False,False,2.4687904715607294,3.0324835761621403,346.8184069564679,32.0,2.0,83.4318916592154,85.9375,97.65625,4.2649789639924505
session_4.csv,session_4,443,28352,28480,28352,28480,56.704,56.96,relax,0,0,0.0,False,False,2.4009772184396407,2.9271373105723195,344.0801403261038,32.0,1.0,88.52080024845552,97.65625,97.65625,5.438922382647245
session_4.csv,session_4,444,28416,28544,28416,28544,56.832,57.088,relax,0,0,0.0,False,False,2.747651989059495,3.359070136101613,405.23698027446335,36.0,2.0,92.74034811214786,97.65625,97.65625,6.953756449953064
session_4.csv,session_4,445,28480,28608,28480,28608,56.96,57.216,relax,0,0,0.0,False,False,2.5768927101468533,3.1330267906632927,377.05124105795414,34.0,2.0,88.62208049304661,89.84375,97.65625,2.9279591072531255
session_4.csv,session_4,446,28544,28672,28544,28672,57.088,57.344,relax,0,0,0.0,False,False,2.454649845559274,2.9320315742843746,365.2128274180292,40.0,2.0,91.26354228031268,97.65625,97.65625,6.748169481052417
session_4.csv,session_4,447,28608,28736,28608,28736,57.216,57.472,relax,0,0,0.0,False,False,2.279361102686816,2.6868316331533793,340.7631950117683,43.0,1.0,94.38090710782788,97.65625,97.65625,1.953419880216199
session_4.csv,session_4,448,28672,28800,28672,28800,57.344,57.6,relax,0,0,0.0,False,False,2.2531635999390973,2.6506921199541766,337.56497446913204,37.0,1.0,91.74130908267036,97.65625,97.65625,4.425423370575058
session_4.csv,session_4,449,28736,28864,28736,28864,57.472,57.728,relax,0,0,0.0,False,False,2.6774433199517365,3.179806090817309,392.84226610340056,37.0,5.0,93.99677585594407,97.65625,97.65625,5.235980817524344
session_4.csv,session_4,450,28800,28928,28800,28928,57.6,57.856,relax,0,0,0.0,False,False,2.9052798113059692,3.4706690900851607,420.3899614784352,39.0,8.0,90.46233396322806,89.84375,97.65625,5.362657493627799
session_4.csv,session_4,451,28864,28992,28864,28992,57.728,57.984,relax,0,0,0.0,False,False,3.0782327569293404,3.6495228414665637,453.47068212508657,44.0,8.0,92.67388654213919,97.65625,97.65625,7.5203188882596
session_4.csv,session_4,452,28928,29056,28928,29056,57.856,58.112,relax,0,0,0.0,False,False,2.653808271048687,3.148386139703061,390.936674794375,39.0,4.0,93.33530925745698,97.65625,97.65625,5.436950813027412
session_4.csv,session_4,453,28992,29120,28992,29120,57.984,58.24,relax,0,0,0.0,False,False,2.700243977483048,3.2242958572651172,395.84484282550613,37.0,6.0,93.69522411104757,97.65625,97.65625,5.46863318949512
session_4.csv,session_4,454,29056,29184,29056,29184,58.112,58.368,relax,0,0,0.0,False,False,3.091787745158183,3.6312137032787715,452.61041261326204,43.0,7.0,92.26738953677652,97.65625,97.65625,7.619793343798829
session_4.csv,session_4,455,29120,29248,29120,29248,58.24,58.496,relax,0,0,0.0,False,False,3.266640975481561,3.8850127919189648,478.9387602519836,45.0,8.0,92.17277141376145,97.65625,97.65625,9.035498409432686
session_4.csv,session_4,456,29184,29312,29184,29312,58.368,58.624,relax,0,0,0.0,False,False,3.1627975304904092,3.841869582692349,464.352690521848,41.0,9.0,88.59054268107234,97.65625,97.65625,5.140306484021103
session_4.csv,session_4,457,29248,29376,29248,29376,58.496,58.752,relax,0,0,0.0,False,False,2.780227292234195,3.3665112356443303,402.61875222208585,34.0,7.0,86.29395120328628,89.84375,97.65625,5.556514867681535
session_4.csv,session_4,458,29312,29440,29312,29440,58.624,58.88,relax,0,0,0.0,False,False,3.410139943468664,4.074741644411083,476.04946494899036,38.0,10.0,89.96293024070677,97.65625,97.65625,9.328584406347982
session_4.csv,session_4,459,29376,29504,29376,29504,58.752,59.008,relax,0,0,0.0,False,False,5.3575744406209225,7.062185280286633,760.2952605393497,45.0,17.0,86.98007153313758,85.9375,97.65625,17.143184061154777
session_4.csv,session_4,460,29440,29568,29440,29568,58.88,59.136,relax,0,0,0.0,False,True,7.0541963478838206,8.817981181406948,987.4455199490801,45.0,27.0,85.89599721078696,85.9375,85.9375,100.00818003351552
session_4.csv,session_4,461,29504,29632,29504,29632,59.008,59.264,relax,0,61,0.4765625,True,True,8.61335501178014,10.715207654903546,1148.1026064651742,40.0,28.0,87.12929502792088,89.84375,89.84375,95.51065947096542
session_4.csv,session_4,462,29568,29696,29568,29696,59.136,59.392,clench,1,125,0.9765625,True,True,11.869071944085686,14.286856158790387,1616.1346470316287,43.0,32.0,89.13552296896758,93.75,97.65625,157.55107029103016
session_4.csv,session_4,463,29632,29760,29632,29760,59.264,59.52,clench,1,128,1.0,False,False,12.873827686556552,15.696556331213438,1717.2642614212505,47.0,35.0,84.7505533294002,85.9375,97.65625,95.70695064397303
session_4.csv,session_4,464,29696,29824,29696,29824,59.392,59.648,clench,1,128,1.0,False,False,15.283077707693018,19.054828843666506,2008.1393861929741,45.0,37.0,82.45328894843453,82.03125,82.03125,445.65249198872027
session_4.csv,session_4,465,29760,29888,29760,29888,59.52,59.776,clench,1,128,1.0,False,False,15.953304436531447,19.651046565217573,2145.0244701230977,45.0,38.0,80.59364339790685,74.21875,74.21875,308.2361119450974
session_4.csv,session_4,466,29824,29952,29824,29952,59.648,59.904,clench,1,128,1.0,False,False,21.70560261414151,27.301447346150855,2794.757959664916,43.0,33.0,83.194377390583,82.03125,78.125,751.1107108598565
session_4.csv,session_4,467,29888,30016,29888,30016,59.776,60.032,clench,1,128,1.0,False,False,27.89601609696494,33.478676487324186,3608.800248672069,43.0,36.0,81.52251257517199,82.03125,85.9375,879.985207408491
session_4.csv,session_4,468,29952,30080,29952,30080,59.904,60.16,clench,1,128,1.0,False,False,24.148794545299914,30.06388329831253,3147.1224822913846,43.0,35.0,83.44895985275713,85.9375,78.125,664.7089698554129
session_4.csv,session_4,469,30016,30144,30016,30144,60.032,60.288,clench,1,128,1.0,False,False,23.371749145395537,28.65035577332215,2899.310803478829,40.0,33.0,77.40241666035719,74.21875,74.21875,1003.2693906479235
session_4.csv,session_4,470,30080,30208,30080,30208,60.16,60.416,clench,1,128,1.0,False,False,26.252625870336935,32.047220743022294,3492.8336594074594,45.0,40.0,77.37596062705573,78.125,78.125,367.8723873384948
session_4.csv,session_4,471,30144,30272,30144,30272,60.288,60.544,clench,1,128,1.0,False,False,25.143630263824306,31.12415573085705,3399.634789137726,46.0,36.0,82.69382253261436,82.03125,82.03125,1264.333181878638
session_4.csv,session_4,472,30208,30336,30208,30336,60.416,60.672,clench,1,128,1.0,False,False,27.78076836258689,35.61130139455811,3665.947842712459,44.0,33.0,83.30823954752567,85.9375,85.9375,793.5519087644541
session_4.csv,session_4,473,30272,30400,30272,30400,60.544,60.8,clench,1,128,1.0,False,False,26.949239448815163,34.81324246620421,3542.1562299162183,43.0,36.0,84.8990287692972,85.9375,85.9375,1090.9524109855008
session_4.csv,session_4,474,30336,30464,30336,30464,60.672,60.928,clench,1,128,1.0,False,False,13.295146896280674,18.71933423932467,1744.663196797464,44.0,31.0,77.89959372918558,78.125,74.21875,242.74307317455745
session_4.csv,session_4,475,30400,30528,30400,30528,60.8,61.056,clench,1,123,0.9609375,True,True,5.865397039465781,7.198590589880756,809.5095598969209,44.0,21.0,87.07090795884868,89.84375,89.84375,26.172853550712176
session_4.csv,session_4,476,30464,30592,30464,30592,60.928,61.184,relax,0,59,0.4609375,True,True,5.031664983840834,6.053520976162974,683.7087707499326,43.0,14.0,85.73691848565122,89.84375,97.65625,46.03032300544896
session_4.csv,session_4,477,30528,30656,30528,30656,61.056,61.312,relax,0,0,0.0,False,True,4.343581643087467,5.368752879315539,607.8731330756169,43.0,11.0,82.35928252023498,85.9375,89.84375,17.058399092482272
session_4.csv,session_4,478,30592,30720,30592,30720,61.184,61.44,relax,0,0,0.0,False,False,3.4898677610676936,4.411494681850231,491.5660519001092,45.0,6.0,86.21249976055559,89.84375,97.65625,11.418401059627357
session_4.csv,session_4,479,30656,30784,30656,30784,61.312,61.568,relax,0,0,0.0,False,False,3.059818631091324,3.585005377703323,453.308070336642,49.0,6.0,91.87532286871343,97.65625,97.65625,6.782557217360615
session_4.csv,session_4,480,30720,30848,30720,30848,61.44,61.696,relax,0,0,0.0,False,False,3.0960886428009955,3.617480801233744,454.16016608653774,48.0,5.0,90.26039755571435,97.65625,97.65625,7.203977570044487
session_4.csv,session_4,481,30784,30912,30784,30912,61.568,61.824,relax,0,0,0.0,False,False,3.197620248459641,3.8672853218585987,467.5095412086656,43.0,6.0,92.77614632005904,97.65625,97.65625,11.706303349542099
session_4.csv,session_4,482,30848,30976,30848,30976,61.696,61.952,relax,0,0,0.0,False,False,2.940139428634642,3.5958473762425855,433.14821425632726,41.0,6.0,82.69840701607701,82.03125,97.65625,3.841084639699827
session_4.csv,session_4,483,30912,31040,30912,31040,61.824,62.08,relax,0,0,0.0,False,False,3.1019118748894883,3.711313133898139,449.61444707144756,45.0,8.0,89.88906833558394,97.65625,97.65625,4.816525160128484
session_4.csv,session_4,484,30976,31104,30976,31104,61.952,62.208,relax,0,0,0.0,False,False,3.6914703324691196,4.238537249232281,539.5139669695627,49.0,12.0,91.42418111956592,97.65625,97.65625,10.362093105213456
session_4.csv,session_4,485,31040,31168,31040,31168,62.08,62.336,relax,0,0,0.0,False,False,3.1443846545158936,3.744931608931026,454.9452126778051,40.0,6.0,89.52326206013639,89.84375,97.65625,6.87706743199671
session_4.csv,session_4,486,31104,31232,31104,31232,62.208,62.464,relax,0,0,0.0,False,False,2.8146750723802514,3.428255668484527,400.71917966921046,38.0,3.0,86.76236879876906,89.84375,97.65625,5.368705691564755
session_4.csv,session_4,487,31168,31296,31168,31296,62.336,62.592,relax,0,0,0.0,False,False,2.6717570202689407,3.211283501002771,382.0715688973503,35.0,3.0,90.2618857848915,97.65625,97.65625,6.583297542805243
session_4.csv,session_4,488,31232,31360,31232,31360,62.464,62.72,relax,0,0,0.0,False,False,2.4655601202865896,2.928561693245426,346.5134696493303,34.0,0.0,86.4926593203351,89.84375,97.65625,8.060991044849935
session_4.csv,session_4,489,31296,31424,31296,31424,62.592,62.848,relax,0,0,0.0,False,False,2.52754799306285,2.961988263469721,359.9836613068089,42.0,3.0,88.90302289008213,97.65625,97.65625,2.93190969756787
session_4.csv,session_4,490,31360,31488,31360,31488,62.72,62.976,relax,0,0,0.0,False,False,2.4602616702922866,3.011043103196972,351.93114991026266,33.0,4.0,83.88308163222041,89.84375,97.65625,2.747782782456311
session_4.csv,session_4,491,31424,31552,31424,31552,62.848,63.104,relax,0,0,0.0,False,False,2.4985858123033644,3.0024551890343374,347.8712817055306,32.0,3.0,90.666348681276,93.75,97.65625,9.961904439214516
session_4.csv,session_4,492,31488,31616,31488,31616,62.976,63.232,relax,0,0,0.0,False,False,2.848417064217667,3.382887132258412,396.12272697262074,37.0,5.0,88.17670429096113,97.65625,97.65625,4.308985739499876
session_4.csv,session_4,493,31552,31680,31552,31680,63.104,63.36,relax,0,0,0.0,False,False,2.692730341918203,3.3065002750139945,387.0144036412531,34.0,4.0,81.96013063776306,82.03125,97.65625,7.285527000781029
session_4.csv,session_4,494,31616,31744,31616,31744,63.232,63.488,relax,0,0,0.0,False,False,2.8863478702976115,3.6203016863562247,420.6742326108704,35.0,5.0,85.69269173099674,93.75,97.65625,3.9474620613937033
session_4.csv,session_4,495,31680,31808,31680,31808,63.36,63.616,relax,0,0,0.0,False,False,3.4801249532181906,4.166071868579624,510.105226884099,45.0,9.0,91.21274152075857,97.65625,97.65625,15.873360197906992
session_4.csv,session_4,496,31744,31872,31744,31872,63.488,63.744,relax,0,0,0.0,False,False,3.4044206236511654,3.929201093369321,497.3999475081673,51.0,7.0,93.30707949653868,97.65625,97.65625,10.236620292501126
session_4.csv,session_4,497,31808,31936,31808,31936,63.616,63.872,relax,0,0,0.0,False,False,3.4399021558596212,4.039623593850278,498.11096722780337,48.0,8.0,91.13487721757507,93.75,97.65625,5.70247688838289
session_4.csv,session_4,498,31872,32000,31872,32000,63.744,64.0,relax,0,0,0.0,False,False,3.463658041769053,4.175938257228043,496.82031223158276,45.0,7.0,87.38164606256272,93.75,97.65625,15.168207682425303
session_4.csv,session_4,499,31936,32064,31936,32064,63.872,64.128,relax,0,0,0.0,False,False,3.2118835153831578,3.806826818623748,456.600901497261,44.0,4.0,85.05336752649853,89.84375,97.65625,6.257478644257089
session_4.csv,session_4,500,32000,32128,32000,32128,64.0,64.256,relax,0,0,0.0,False,False,3.1411923713087386,3.7692219323501366,463.76135287113595,46.0,6.0,89.0552471472091,93.75,97.65625,6.067462242251225
session_4.csv,session_4,501,32064,32192,32064,32192,64.128,64.384,relax,0,0,0.0,False,False,3.5704434125537974,4.3761956480503335,509.82760018272234,43.0,7.0,86.67282217522097,93.75,97.65625,14.199796904099884
session_4.csv,session_4,502,32128,32256,32128,32256,64.256,64.512,relax,0,0,0.0,False,False,3.540200755230753,4.386699780121345,489.4333791627097,38.0,6.0,86.01286028031927,93.75,97.65625,11.866545318618584
session_4.csv,session_4,503,32192,32320,32192,32320,64.384,64.64,relax,0,0,0.0,False,False,3.2180983052068655,4.159871222660915,441.5899531110573,32.0,7.0,88.08629709763954,85.9375,97.65625,11.276203691346996
session_4.csv,session_4,504,32256,32384,32256,32384,64.512,64.768,relax,0,0,0.0,False,False,5.094892709831218,6.790145155938004,666.0978898300501,30.0,17.0,80.02397643949755,85.9375,89.84375,29.66032904822596
session_4.csv,session_4,505,32320,32448,32320,32448,64.64,64.896,relax,0,12,0.09375,True,True,10.602093344192873,13.078467219399359,1376.8382813062474,38.0,28.0,84.46071207670283,82.03125,82.03125,178.86386174691492
session_4.csv,session_4,506,32384,32512,32384,32512,64.768,65.024,clench,1,76,0.59375,True,True,13.73049205764778,16.12863271801327,1779.893474055563,43.0,31.0,88.64277528089946,89.84375,97.65625,192.7897973295353
session_4.csv,session_4,507,32448,32576,32448,32576,64.896,65.152,clench,1,128,1.0,False,True,14.369963843920662,17.078888978233838,1834.3371200221625,42.0,33.0,79.34887712146845,78.125,78.125,253.39071167604672
session_4.csv,session_4,508,32512,32640,32512,32640,65.024,65.28,clench,1,128,1.0,False,False,13.775346492091813,16.514062908582233,1815.3437212907302,45.0,33.0,81.42409317622268,82.03125,82.03125,219.89226866887347
session_4.csv,session_4,509,32576,32704,32576,32704,65.152,65.408,clench,1,128,1.0,False,False,12.209205800733525,15.100114766457901,1685.23300131005,46.0,33.0,83.67212171068323,89.84375,97.65625,84.31253378531464
session_4.csv,session_4,510,32640,32768,32640,32768,65.28,65.536,clench,1,128,1.0,False,False,11.68814657919571,14.954262799525406,1571.2070268323898,43.0,31.0,81.0360166820326,78.125,74.21875,228.30321100366007
session_4.csv,session_4,511,32704,32832,32704,32832,65.408,65.664,clench,1,128,1.0,False,False,13.37235643800208,18.086037245771955,1721.5109883661962,40.0,25.0,81.81699733911482,82.03125,82.03125,115.14678339699408
session_4.csv,session_4,512,32768,32896,32768,32896,65.536,65.792,clench,1,128,1.0,False,False,16.059176274466427,19.964742065889325,2053.63989206121,41.0,31.0,81.15535640117865,82.03125,85.9375,581.2153324945241
session_4.csv,session_4,513,32832,32960,32832,32960,65.664,65.92,clench,1,128,1.0,False,False,14.377612212517514,16.789637302775976,1893.7357444152158,45.0,33.0,82.90550918225055,78.125,97.65625,242.2543279370229
session_4.csv,session_4,514,32896,33024,32896,33024,65.792,66.048,clench,1,128,1.0,False,False,12.27773986709678,15.084975516624269,1634.359451984688,45.0,26.0,85.60880868130008,89.84375,89.84375,162.6192048458079
session_4.csv,session_4,515,32960,33088,32960,33088,65.92,66.176,clench,1,128,1.0,False,False,15.695425803050501,19.37648508245117,2065.7792842162175,44.0,29.0,84.48157264794956,85.9375,85.9375,285.7104373701167
session_4.csv,session_4,516,33024,33152,33024,33152,66.048,66.304,clench,1,128,1.0,False,False,16.76184566032552,20.562468444415718,2223.3085864222276,45.0,37.0,83.66946447973434,85.9375,85.9375,328.76030580749875
session_4.csv,session_4,517,33088,33216,33088,33216,66.176,66.432,clench,1,128,1.0,False,False,11.106895058880266,14.773175447397996,1507.4176519816333,45.0,31.0,81.45603000271514,82.03125,70.3125,224.0756206846274
session_4.csv,session_4,518,33152,33280,33152,33280,66.304,66.56,clench,1,128,1.0,False,False,20.312803195695814,28.687703621285376,2561.5442103928576,42.0,32.0,78.95305208191864,78.125,78.125,703.7042828192485
session_4.csv,session_4,519,33216,33344,33216,33344,66.432,66.688,clench,1,128,1.0,False,False,22.53842732384902,30.1077532212166,2790.0186519232475,42.0,33.0,77.93929145338026,74.21875,70.3125,799.096809510632
session_4.csv,session_4,520,33280,33408,33280,33408,66.56,66.816,clench,1,128,1.0,False,True,11.957220534794178,15.501768713875192,1522.601257367839,43.0,28.0,79.04331313781042,78.125,70.3125,86.07987843084389
session_4.csv,session_4,521,33344,33472,33344,33472,66.688,66.944,clench,1,86,0.671875,True,True,8.614402680155068,11.403781912147307,1108.254101887658,39.0,20.0,80.79809926648305,82.03125,82.03125,168.72613769508013
session_4.csv,session_4,522,33408,33536,33408,33536,66.816,67.072,relax,0,22,0.171875,True,True,4.126345678248356,5.377432281779703,539.3801166849775,37.0,7.0,77.6291318524229,74.21875,74.21875,16.943790786317546
session_4.csv,session_4,523,33472,33600,33472,33600,66.944,67.2,relax,0,0,0.0,False,False,2.8000802760901964,3.3657614863247094,410.5751172854226,43.0,6.0,89.55748762786601,97.65625,97.65625,4.901165304726934
session_4.csv,session_4,524,33536,33664,33536,33664,67.072,67.328,relax,0,0,0.0,False,False,2.951007840291439,3.476273587183652,431.2510026773881,47.0,6.0,89.72558551884184,97.65625,97.65625,5.867304069006943
session_4.csv,session_4,525,33600,33728,33600,33728,67.2,67.456,relax,0,0,0.0,False,False,2.9611797402904365,3.4251682848825085,434.53459184295014,47.0,3.0,91.07469554980148,97.65625,97.65625,6.748175540699002
session_4.csv,session_4,526,33664,33792,33664,33792,67.328,67.584,relax,0,0,0.0,False,False,2.556760302856514,3.063814701378806,366.5368341219868,33.0,2.0,87.75720178037997,97.65625,97.65625,4.610907040684173
session_4.csv,session_4,527,33728,33856,33728,33856,67.456,67.712,relax,0,0,0.0,False,False,2.506839682647109,3.0393762828898128,353.9732628982521,30.0,3.0,84.7174687958216,85.9375,97.65625,5.411447704449851
session_4.csv,session_4,528,33792,33920,33792,33920,67.584,67.84,relax,0,0,0.0,False,False,2.8454400915446625,3.379931479928458,402.5720917379557,38.0,5.0,87.97287682069671,89.84375,97.65625,7.452727738314329
session_4.csv,session_4,529,33856,33984,33856,33984,67.712,67.968,relax,0,0,0.0,False,False,2.9891874443540916,3.515207330240986,419.92247069467237,40.0,7.0,86.30668686812564,89.84375,97.65625,5.90076919548411
session_4.csv,session_4,530,33920,34048,33920,34048,67.84,68.096,relax,0,0,0.0,False,False,2.643740370984723,3.2227558026653322,379.5013181824976,34.0,6.0,90.22325775984328,93.75,97.65625,5.460641444806048
session_4.csv,session_4,531,33984,34112,33984,34112,67.968,68.224,relax,0,0,0.0,False,False,2.4404327888372306,2.9555543689278463,359.2374599880062,33.0,2.0,92.33592069888407,97.65625,97.65625,5.491973636178777
session_4.csv,session_4,532,34048,34176,34048,34176,68.096,68.352,relax,0,0,0.0,False,False,2.5691072413352067,3.075407083643125,371.94516256184863,37.0,3.0,89.80578645598546,97.65625,97.65625,4.521091841396473
session_4.csv,session_4,533,34112,34240,34112,34240,68.224,68.48,relax,0,0,0.0,False,False,2.668770237741346,3.303852318051701,383.5868210742864,35.0,6.0,85.61448975675282,89.84375,97.65625,3.7691209122720024
session_4.csv,session_4,534,34176,34304,34176,34304,68.352,68.608,relax,0,0,0.0,False,False,3.263842225846626,3.8380402701525544,480.5533487758197,46.0,8.0,92.90183314811283,97.65625,97.65625,9.4673090885829
session_4.csv,session_4,535,34240,34368,34240,34368,68.48,68.736,relax,0,0,0.0,False,False,3.8017686326907363,4.343931808360259,560.2674352292191,50.0,11.0,93.60127660604111,97.65625,97.65625,8.08457998856498
session_4.csv,session_4,536,34304,34432,34304,34432,68.608,68.864,relax,0,0,0.0,False,False,3.186886103039252,3.844006701731385,471.58992883421877,41.0,8.0,89.53727733591721,97.65625,97.65625,7.88599488427239
session_4.csv,session_4,537,34368,34496,34368,34496,68.736,68.992,relax,0,0,0.0,False,False,2.4333575553793114,2.872406622398376,355.3959179096556,37.0,2.0,88.59723453294546,89.84375,97.65625,4.887252287365638
session_4.csv,session_4,538,34432,34560,34432,34560,68.864,69.12,relax,0,0,0.0,False,False,2.54163060544348,2.9748964046890713,367.3215415232237,37.0,1.0,88.35481019139817,97.65625,97.65625,5.099018693951128
session_4.csv,session_4,539,34496,34624,34496,34624,68.992,69.248,relax,0,0,0.0,False,False,2.4093632836301753,2.887247193079022,347.43887651054854,32.0,0.0,84.58110581377525,89.84375,97.65625,3.1598884020582347
session_4.csv,session_4,540,34560,34688,34560,34688,69.12,69.376,relax,0,0,0.0,False,False,2.0859785173899175,2.49110089672423,306.0338525830855,31.0,1.0,91.5105708768143,97.65625,97.65625,5.098943666191851
session_4.csv,session_4,541,34624,34752,34624,34752,69.248,69.504,relax,0,0,0.0,False,False,2.1618291396186686,2.5821102293166835,319.9237976362514,38.0,2.0,91.67580271306973,97.65625,97.65625,3.4279988016233047
session_4.csv,session_4,542,34688,34816,34688,34816,69.376,69.632,relax,0,0,0.0,False,False,2.774615099932472,3.306763405773205,401.7391279819037,41.0,7.0,87.41938190846834,93.75,97.65625,4.281437819977448
session_4.csv,session_4,543,34752,34880,34752,34880,69.504,69.76,relax,0,0,0.0,False,False,2.7096390123891982,3.242224343656363,384.38289714244195,35.0,5.0,84.6853803017738,82.03125,97.65625,6.047621302599453
session_4.csv,session_4,544,34816,34944,34816,34944,69.632,69.888,relax,0,0,0.0,False,False,3.233773167169618,3.888871281725679,460.3113838367419,41.0,5.0,91.99606290909203,97.65625,97.65625,8.482571217971628
session_4.csv,session_4,545,34880,35008,34880,35008,69.76,70.016,relax,0,0,0.0,False,False,3.754287829405687,4.375881722119547,554.4823673600225,49.0,12.0,93.38006270931844,97.65625,97.65625,9.925641631235495
session_4.csv,session_4,546,34944,35072,34944,35072,69.888,70.144,relax,0,0,0.0,False,False,3.3449263068313657,3.9259954416035736,484.00063345693763,42.0,9.0,88.99073085565986,97.65625,97.65625,9.468391776820365
session_4.csv,session_4,547,35008,35136,35008,35136,70.016,70.272,relax,0,0,0.0,False,False,2.9568962637126885,3.4794348510809567,412.55887662391024,38.0,2.0,87.80766349101366,89.84375,97.65625,9.626945600497356
session_4.csv,session_4,548,35072,35200,35072,35200,70.144,70.4,relax,0,0,0.0,False,False,4.178089099524039,6.052911986413094,527.7651805746788,34.0,5.0,77.73638598723839,74.21875,70.3125,18.743613724459298
session_4.csv,session_4,549,35136,35264,35136,35264,70.272,70.528,relax,0,33,0.2578125,True,True,7.758829504347584,9.975626656874685,970.570687864239,36.0,21.0,77.73623032767767,74.21875,70.3125,108.45177673926443
session_4.csv,session_4,550,35200,35328,35200,35328,70.4,70.656,clench,1,97,0.7578125,True,True,9.509827669414866,11.825983402305178,1231.6218353712752,43.0,29.0,85.83823331180231,89.84375,97.65625,80.96658316981816
session_4.csv,session_4,551,35264,35392,35264,35392,70.528,70.784,clench,1,128,1.0,False,False,10.493479137033944,13.295272520651784,1353.7473718732333,42.0,28.0,81.76565651786836,82.03125,82.03125,250.1818524690532
session_4.csv,session_4,552,35328,35456,35328,35456,70.656,70.912,clench,1,128,1.0,False,False,10.02744023977866,12.596993460575607,1309.96602942117,44.0,26.0,76.96110189048257,74.21875,70.3125,97.33641010999061
session_4.csv,session_4,553,35392,35520,35392,35520,70.784,71.04,clench,1,128,1.0,False,False,10.132249126108391,12.52760997220691,1406.2180718521913,46.0,29.0,89.41310797639288,93.75,97.65625,119.79066387465978
session_4.csv,session_4,554,35456,35584,35456,35584,70.912,71.168,clench,1,128,1.0,False,False,10.964175566754683,13.39589294930429,1486.020142415017,44.0,30.0,81.5906372086488,82.03125,82.03125,97.30314725144775
session_4.csv,session_4,555,35520,35648,35520,35648,71.04,71.296,clench,1,128,1.0,False,False,10.409858705313756,12.922879675570067,1333.9901349755944,43.0,21.0,82.25011559496511,82.03125,85.9375,173.25465456778986
session_4.csv,session_4,556,35584,35712,35584,35712,71.168,71.424,clench,1,128,1.0,False,False,13.15408831573031,17.307634619586814,1686.4968313019858,41.0,25.0,79.62285290915939,74.21875,74.21875,293.5109692938223
session_4.csv,session_4,557,35648,35776,35648,35776,71.296,71.552,clench,1,128,1.0,False,False,14.330182466113683,18.17442032349771,1948.328311494912,44.0,35.0,78.92576596800004,82.03125,82.03125,280.6230247307315
session_4.csv,session_4,558,35712,35840,35712,35840,71.424,71.68,clench,1,128,1.0,False,False,17.472837003754748,21.59057776453549,2274.3167139955594,45.0,32.0,77.85032704086954,78.125,78.125,275.01240932495006
session_4.csv,session_4,559,35776,35904,35776,35904,71.552,71.808,clench,1,128,1.0,False,False,18.52717878163118,23.23655746334608,2402.0092106126003,45.0,34.0,80.56008640640881,78.125,74.21875,459.11192863329586
session_4.csv,session_4,560,35840,35968,35840,35968,71.68,71.936,clench,1,128,1.0,False,False,17.24344026523023,21.890519790604756,2332.66149613562,47.0,35.0,85.65783283308635,89.84375,89.84375,396.9542712066689
session_4.csv,session_4,561,35904,36032,35904,36032,71.808,72.064,clench,1,128,1.0,False,False,16.879877679351775,20.903753498346575,2180.325539731939,43.0,28.0,80.74849395392062,82.03125,74.21875,354.00658691024927
session_4.csv,session_4,562,35968,36096,35968,36096,71.936,72.192,clench,1,128,1.0,False,False,15.254768886999376,18.704003850996468,1986.7407685228682,44.0,30.0,80.69937731555608,82.03125,89.84375,228.39355783343302
session_4.csv,session_4,563,36032,36160,36032,36160,72.064,72.32,clench,1,128,1.0,False,False,17.801812336259307,21.626592478093905,2343.583462489344,46.0,36.0,83.88490769167944,82.03125,97.65625,515.8367673179564
session_4.csv,session_4,564,36096,36224,36096,36224,72.192,72.448,clench,1,128,1.0,False,False,16.01405140072796,19.714594478983564,2206.211541513155,49.0,38.0,86.62833422639943,93.75,97.65625,256.108083656152
session_4.csv,session_4,565,36160,36288,36160,36288,72.32,72.576,clench,1,128,1.0,False,False,16.02929016643542,19.603455802103376,2187.5971379965426,48.0,33.0,80.0603109667429,82.03125,82.03125,408.98939454022417
session_4.csv,session_4,566,36224,36352,36224,36352,72.448,72.704,clench,1,128,1.0,False,False,22.995543264537666,27.4242971119302,3095.679566494683,47.0,38.0,85.64606691789966,85.9375,78.125,747.0268211437125
session_4.csv,session_4,567,36288,36416,36288,36416,72.576,72.832,clench,1,128,1.0,False,False,23.81917881990851,28.393977092828823,3193.958624114859,47.0,41.0,81.67790466466869,78.125,78.125,503.20084768081716
session_4.csv,session_4,568,36352,36480,36352,36480,72.704,72.96,clench,1,128,1.0,False,False,21.238071917886423,24.901344108386148,2782.8088191558986,46.0,35.0,86.24270240351521,89.84375,93.75,561.185494447819
session_4.csv,session_4,569,36416,36544,36416,36544,72.832,73.088,clench,1,128,1.0,False,True,16.779042445262135,20.56508395614747,2197.0679630932577,45.0,30.0,83.23741711872835,85.9375,89.84375,406.85154909371596
session_4.csv,session_4,570,36480,36608,36480,36608,72.96,73.216,clench,1,81,0.6328125,True,True,9.438042769657002,12.597052137114087,1223.4255323671123,42.0,18.0,86.40585706158738,89.84375,89.84375,107.33389127209861
session_4.csv,session_4,571,36544,36672,36544,36672,73.088,73.344,relax,0,17,0.1328125,True,True,5.493127932912876,7.103302734375864,716.6578767522809,41.0,12.0,81.02970742341606,78.125,74.21875,32.51911337542763
session_4.csv,session_4,572,36608,36736,36608,36736,73.216,73.472,relax,0,0,0.0,False,False,4.32993134240799,5.185653389634134,602.7059413440352,43.0,15.0,85.39953834666294,82.03125,97.65625,18.594421137339946
session_4.csv,session_4,573,36672,36800,36672,36800,73.344,73.6,relax,0,0,0.0,False,False,3.5416780763766234,4.250141129592692,494.5957403982079,44.0,10.0,88.58576786489546,89.84375,97.65625,11.21390953382994
session_4.csv,session_4,574,36736,36864,36736,36864,73.472,73.728,relax,0,0,0.0,False,False,4.105665891715656,5.007626284267342,577.8003047076527,46.0,9.0,86.32160775328892,89.84375,97.65625,22.343163654362463
session_4.csv,session_4,575,36800,36928,36800,36928,73.6,73.856,relax,0,0,0.0,False,False,4.675877961723567,5.612110779919312,654.8312716700634,49.0,14.0,89.09530480683627,97.65625,97.65625,12.995172998638207
session_4.csv,session_4,576,36864,36992,36864,36992,73.728,73.984,relax,0,0,0.0,False,False,3.52014496058601,4.303256064496625,498.04982351310787,43.0,7.0,86.98147384063257,93.75,97.65625,14.807242691423921
session_4.csv,session_4,577,36928,37056,36928,37056,73.856,74.112,relax,0,0,0.0,False,False,2.8736303651434945,3.4623990865106915,401.1682302779077,37.0,1.0,88.93554311890946,97.65625,97.65625,5.678364034620999
session_4.csv,session_4,578,36992,37120,36992,37120,73.984,74.24,relax,0,0,0.0,False,False,3.6461632105840627,4.425771261892167,514.6170842682777,42.0,10.0,87.61304374221582,89.84375,89.84375,17.83040354380743
session_4.csv,session_4,579,37056,37184,37056,37184,74.112,74.368,relax,0,0,0.0,False,False,3.8193236041853638,4.562615210165773,535.5782564970322,44.0,12.0,90.6386098833994,93.75,97.65625,14.097355863144715
session_4.csv,session_4,580,37120,37248,37120,37248,74.24,74.496,relax,0,0,0.0,False,False,2.9212184909892986,3.4606588197599684,417.2591071023643,42.0,3.0,84.26186949288467,85.9375,97.65625,6.308191642620225
session_4.csv,session_4,581,37184,37312,37184,37312,74.368,74.624,relax,0,0,0.0,False,False,2.912813537611333,3.5172310976914885,403.603736908202,38.0,4.0,91.7547282431814,97.65625,97.65625,8.421525403914085
session_4.csv,session_4,582,37248,37376,37248,37376,74.496,74.752,relax,0,0,0.0,False,False,3.2528740928063646,3.894650987800592,461.9060554264488,40.0,9.0,79.29033234003559,78.125,82.03125,7.446558857627159
session_4.csv,session_4,583,37312,37440,37312,37440,74.624,74.88,relax,0,0,0.0,False,False,3.379078756347049,3.95137169009543,485.6613314279896,45.0,9.0,90.71980786725548,97.65625,97.65625,10.28484709668968
session_4.csv,session_4,584,37376,37504,37376,37504,74.752,75.008,relax,0,0,0.0,False,False,3.2363317608324103,3.8052205622200894,462.94783006060834,45.0,6.0,87.9114906243404,89.84375,97.65625,5.598188079787507
session_4.csv,session_4,585,37440,37568,37440,37568,74.88,75.136,relax,0,0,0.0,False,False,3.062611951413137,3.686266110229933,435.80021163452034,40.0,5.0,89.60474028396816,89.84375,97.65625,7.850842686607792
session_4.csv,session_4,586,37504,37632,37504,37632,75.008,75.264,relax,0,0,0.0,False,False,2.9923781801783074,3.5810101813027257,428.0741947533055,43.0,4.0,91.62943555331756,97.65625,97.65625,10.857778076045387
session_4.csv,session_4,587,37568,37696,37568,37696,75.136,75.392,relax,0,0,0.0,False,False,2.884702385188649,3.3558321706302716,405.57849103014087,43.0,5.0,82.93567913764358,82.03125,97.65625,9.371077297173711
session_4.csv,session_4,588,37632,37760,37632,37760,75.264,75.52,relax,0,0,0.0,False,False,2.6402025797200466,3.268146621132791,364.85469579692347,31.0,5.0,84.76172976972889,89.84375,97.65625,9.286296992695956
session_4.csv,session_4,589,37696,37824,37696,37824,75.392,75.648,relax,0,0,0.0,False,False,2.399974160594633,3.061891087000021,329.0064340998068,26.0,3.0,85.33680114811864,93.75,97.65625,5.90235803192612
session_4.csv,session_4,590,37760,37888,37760,37888,75.52,75.776,relax,0,0,0.0,False,False,2.452825837908036,2.9355460624013965,344.3691753979614,34.0,1.0,83.68649103934166,89.84375,89.84375,4.579836523266316
session_4.csv,session_4,591,37824,37952,37824,37952,75.648,75.904,relax,0,0,0.0,False,False,2.8498757542035893,3.311851452476474,398.8529496524096,40.0,3.0,88.31485983193319,93.75,97.65625,7.066654154164458
session_4.csv,session_4,592,37888,38016,37888,38016,75.776,76.032,relax,0,0,0.0,False,False,3.0101469936851677,3.5616170409671395,428.2935059651513,41.0,5.0,90.52564399888706,97.65625,97.65625,9.75543639692379
session_4.csv,session_4,593,37952,38080,37952,38080,75.904,76.16,relax,0,0,0.0,False,False,3.9900944708363753,4.892020892586089,553.0469068388608,41.0,11.0,87.59121276506316,93.75,97.65625,13.315646786615524
session_4.csv,session_4,594,38016,38144,38016,38144,76.032,76.288,relax,0,0,0.0,False,False,4.341322174837421,5.193617209865156,610.3385504900834,46.0,13.0,90.33375361538752,93.75,97.65625,19.241772771114015
session_4.csv,session_4,595,38080,38208,38080,38208,76.16,76.416,relax,0,0,0.0,False,False,3.597317196139598,4.393982401117224,467.8766225127732,38.0,6.0,79.43831612365875,78.125,78.125,17.613552330533953
session_4.csv,session_4,596,38144,38272,38144,38272,76.288,76.544,relax,0,0,0.0,False,False,4.006484082576113,5.365785071406324,511.8540968191378,31.0,7.0,77.73371531029399,78.125,70.3125,17.91510497344884
session_4.csv,session_4,597,38208,38336,38208,38336,76.416,76.672,relax,0,0,0.0,False,False,6.1673733285110055,8.340783966947559,815.1907273551968,36.0,15.0,82.33742076222707,78.125,78.125,76.80224159454397
session_4.csv,session_4,598,38272,38400,38272,38400,76.544,76.8,relax,0,0,0.0,False,False,6.814154312209578,8.745019019243228,905.6035538711143,44.0,19.0,82.05581415219045,82.03125,74.21875,38.93236748534402
session_4.csv,session_4,599,38336,38464,38336,38464,76.672,76.928,relax,0,32,0.25,True,True,10.980566163171149,14.612800804723026,1418.0129761727962,44.0,21.0,84.20304376530747,85.9375,85.9375,149.6142785003357
session_4.csv,session_4,600,38400,38528,38400,38528,76.8,77.056,clench,1,96,0.75,True,True,17.59403700754925,21.29978882756357,2335.998694377354,44.0,33.0,81.73394077570326,82.03125,82.03125,437.1187239323531
session_4.csv,session_4,601,38464,38592,38464,38592,76.928,77.184,clench,1,128,1.0,False,False,22.598270713497072,27.974463860123596,3066.277950354771,46.0,39.0,80.55182243143787,78.125,74.21875,592.6774661961018
session_4.csv,session_4,602,38528,38656,38528,38656,77.056,77.312,clench,1,128,1.0,False,False,33.69609111679699,44.21915828253111,4583.483896520314,45.0,39.0,83.50328228131669,82.03125,78.125,1232.366170797666
session_4.csv,session_4,603,38592,38720,38592,38720,77.184,77.44,clench,1,128,1.0,False,False,51.899829300969465,64.45032707847594,6761.2310260275435,42.0,38.0,84.57379339631974,85.9375,85.9375,3236.264883958053
session_4.csv,session_4,604,38656,38784,38656,38784,77.312,77.568,clench,1,128,1.0,False,False,54.617371684893214,68.90053551598017,6829.937472063097,39.0,40.0,79.03448800992926,78.125,82.03125,6036.514400591059
session_4.csv,session_4,605,38720,38848,38720,38848,77.44,77.696,clench,1,128,1.0,False,False,33.43751041612497,48.374461047010065,4248.814158625191,40.0,35.0,82.13667817209283,82.03125,89.84375,1162.1260651774319
session_4.csv,session_4,606,38784,38912,38784,38912,77.568,77.824,clench,1,122,0.953125,True,True,13.601905341483029,18.492513415326766,1705.6716393482407,42.0,23.0,77.78511119108882,78.125,74.21875,211.51164743972683
session_4.csv,session_4,607,38848,38976,38848,38976,77.696,77.952,relax,0,58,0.453125,True,True,5.381040828912853,6.804911738877193,708.2209263617082,39.0,13.0,84.08516755266973,85.9375,89.84375,20.072277898148272
session_4.csv,session_4,608,38912,39040,38912,39040,77.824,78.08,relax,0,0,0.0,False,True,3.4438672804334454,4.401721367127979,467.51067609659003,32.0,4.0,79.05249481853818,78.125,70.3125,22.573307437846836
session_4.csv,session_4,609,38976,39104,38976,39104,77.952,78.208,relax,0,0,0.0,False,False,3.54513472854548,4.23228187689604,463.29451921305633,36.0,4.0,78.81389654767266,78.125,78.125,12.719679376691985
session_4.csv,session_4,610,39040,39168,39040,39168,78.08,78.336,relax,0,0,0.0,False,False,3.769390953776571,4.431955366860489,501.7977844123267,39.0,7.0,85.44917245358168,82.03125,97.65625,17.458312895942274
session_4.csv,session_4,611,39104,39232,39104,39232,78.208,78.464,relax,0,0,0.0,False,False,3.408658198098066,4.188087091623191,469.38167321426965,35.0,8.0,85.02134362869043,89.84375,93.75,10.345952662277321
session_4.csv,session_4,612,39168,39296,39168,39296,78.336,78.592,relax,0,0,0.0,False,False,2.8502646530140465,3.56644062906514,413.2189011784353,39.0,5.0,87.17443140949838,93.75,97.65625,4.869634120751472
session_4.csv,session_4,613,39232,39360,39232,39360,78.464,78.72,relax,0,0,0.0,False,False,2.691261630747471,3.169340223453946,401.1523420311504,46.0,3.0,92.70377416501968,97.65625,97.65625,8.356251956497282
session_4.csv,session_4,614,39296,39424,39296,39424,78.592,78.848,relax,0,0,0.0,False,False,3.182560753502025,3.7372300631492448,463.24766844631733,49.0,7.0,89.52898386267655,97.65625,97.65625,4.2270437788068245
session_4.csv,session_4,615,39360,39488,39360,39488,78.72,78.976,relax,0,0,0.0,False,False,3.189964843541718,3.89410694725474,459.7506585947391,41.0,8.0,86.19048655914752,85.9375,97.65625,6.832036436542822
session_4.csv,session_4,616,39424,39552,39424,39552,78.848,79.104,relax,0,0,0.0,False,False,2.756976885857874,3.453438459050311,397.879460099933,36.0,6.0,90.92564505382308,93.75,97.65625,10.560715854878426
session_4.csv,session_4,617,39488,39616,39488,39616,78.976,79.232,relax,0,0,0.0,False,False,2.953410866228724,3.6013535715137093,433.41333095421,41.0,6.0,90.7215470233879,97.65625,97.65625,6.640385970652569
session_4.csv,session_4,618,39552,39680,39552,39680,79.104,79.36,relax,0,0,0.0,False,False,3.0810203350575023,3.719421023701061,441.02067481247104,40.0,9.0,89.23523090082932,97.65625,97.65625,8.635201969731392
session_4.csv,session_4,619,39616,39744,39616,39744,79.232,79.488,relax,0,0,0.0,False,False,3.025096053701236,3.5238433386019894,420.36588998612285,41.0,9.0,93.02994332416696,97.65625,97.65625,7.488996686923416
session_4.csv,session_4,620,39680,39808,39680,39808,79.36,79.616,relax,0,0,0.0,False,True,5.64013982493538,7.822945317355617,721.1041873664225,39.0,15.0,77.8714519797153,74.21875,74.21875,20.615271451630655
session_4.csv,session_4,621,39744,39872,39744,39872,79.488,79.744,relax,0,59,0.4609375,True,True,12.730278623202448,16.058597476540722,1762.6985352661532,41.0,31.0,89.24537163627646,89.84375,93.75,277.51578154381394
session_4.csv,session_4,622,39808,39936,39808,39936,79.616,79.872,clench,1,123,0.9609375,True,True,16.916238500463656,19.712479396141013,2269.4458087928915,44.0,35.0,79.97388475353674,78.125,74.21875,335.6645858166803
session_4.csv,session_4,623,39872,40000,39872,40000,79.744,80.0,clench,1,128,1.0,False,False,23.76299698839065,30.19617056844109,2975.0291080064308,40.0,35.0,80.2871254634567,78.125,74.21875,1029.3116068233523
session_4.csv,session_4,624,39936,40064,39936,40064,79.872,80.128,clench,1,128,1.0,False,False,31.982091228029848,37.85938827000169,3970.7144272042124,41.0,36.0,78.4811392276697,74.21875,70.3125,682.9860250878286
session_4.csv,session_4,625,40000,40128,40000,40128,80.0,80.256,clench,1,128,1.0,False,False,38.58232369130246,47.66261196613887,4984.38939799143,42.0,38.0,80.64366573554754,78.125,74.21875,2429.035718129173
session_4.csv,session_4,626,40064,40192,40064,40192,80.128,80.384,clench,1,128,1.0,False,False,36.28605568724879,47.61483017880661,4863.994482008393,44.0,38.0,85.50800498134677,82.03125,82.03125,1107.6790457768357
session_4.csv,session_4,627,40128,40256,40128,40256,80.256,80.512,clench,1,128,1.0,False,False,22.58356672917487,30.387494770409663,3008.263867147285,43.0,31.0,86.77675186923496,89.84375,97.65625,713.0113676583433
session_4.csv,session_4,628,40192,40320,40192,40320,80.384,80.64,clench,1,93,0.7265625,True,True,12.180625152955088,16.296142962273407,1538.9958144225584,37.0,22.0,81.87155132052106,82.03125,82.03125,283.5327887638995
session_4.csv,session_4,629,40256,40384,40256,40384,80.512,80.768,relax,0,29,0.2265625,True,True,5.367718458590631,7.214875279396979,673.7420850159019,37.0,12.0,78.2979823070933,78.125,70.3125,34.83834218536744
session_4.csv,session_4,630,40320,40448,40320,40448,80.64,80.896,relax,0,0,0.0,False,False,3.779903314006143,4.787309430776007,502.63161716370166,40.0,12.0,79.87803491331871,78.125,74.21875,32.97521501934278
session_4.csv,session_4,631,40384,40512,40384,40512,80.768,81.024,relax,0,0,0.0,False,False,3.7683074340299516,4.839702351685198,489.2709194204489,37.0,9.0,80.21700251856059,82.03125,85.9375,16.9942406065494
session_4.csv,session_4,632,40448,40576,40448,40576,80.896,81.152,relax,0,0,0.0,False,False,3.0839487478430785,3.906126973797953,412.37684906719744,34.0,3.0,82.51517240636429,82.03125,97.65625,7.845384240547975
session_4.csv,session_4,633,40512,40640,40512,40640,81.024,81.28,relax,0,0,0.0,False,False,2.8847067091413567,3.6276098130989993,403.2370722398107,35.0,4.0,79.84659804997077,74.21875,74.21875,6.944034736051191
session_4.csv,session_4,634,40576,40704,40576,40704,81.152,81.408,relax,0,0,0.0,False,False,3.5181980109462216,4.228440655155587,508.531175140316,44.0,11.0,85.79897164010427,97.65625,97.65625,9.004213552373312
session_4.csv,session_4,635,40640,40768,40640,40768,81.28,81.536,relax,0,0,0.0,False,False,3.3929565043150243,4.147279760604471,488.33510516161414,40.0,12.0,91.13437092483157,97.65625,97.65625,10.947790248562967
session_4.csv,session_4,636,40704,40832,40704,40832,81.408,81.664,relax,0,0,0.0,False,False,2.794430051813185,3.444046621235482,382.599512828034,31.0,4.0,82.74408514189217,85.9375,97.65625,5.453269243705097
session_4.csv,session_4,637,40768,40896,40768,40896,81.536,81.792,relax,0,0,0.0,False,False,3.2004979818850483,3.891461694192107,464.62195205968624,39.0,6.0,87.17575184226365,97.65625,97.65625,7.8590760863836895
session_4.csv,session_4,638,40832,40960,40832,40960,81.664,81.92,relax,0,0,0.0,False,False,4.354499484807959,5.613971286093017,582.0059479467791,40.0,10.0,81.73726714721637,78.125,97.65625,8.12217492071797
session_4.csv,session_4,639,40896,41024,40896,41024,81.792,82.048,relax,0,0,0.0,False,False,4.389378627478229,5.726759344420459,583.0741781335697,39.0,8.0,79.67451287369639,78.125,78.125,55.088190631411216
session_4.csv,session_4,640,40960,41088,40960,41088,81.92,82.176,relax,0,0,0.0,False,False,2.9639992316161488,3.8507427871270896,407.59395870325716,33.0,3.0,88.24767006578962,97.65625,97.65625,3.9649430205845517
session_4.csv,session_4,641,41024,41152,41024,41152,82.048,82.304,relax,0,0,0.0,False,False,3.5944416894472617,4.638487549647454,482.6229261601336,35.0,7.0,83.47892779135034,82.03125,97.65625,19.308820881139365
session_4.csv,session_4,642,41088,41216,41088,41216,82.176,82.432,relax,0,0,0.0,False,False,3.8554651617762064,5.024369713113498,543.1966932444944,37.0,9.0,84.11078602212314,93.75,97.65625,12.18345898888194
session_4.csv,session_4,643,41152,41280,41152,41280,82.304,82.56,relax,0,0,0.0,False,False,2.8487236811159837,3.68604899139274,411.3610394746099,38.0,4.0,88.72946256392977,93.75,97.65625,15.010148417871225
session_4.csv,session_4,644,41216,41344,41216,41344,82.432,82.688,relax,0,0,0.0,False,False,3.0638613951821556,3.574111832034276,446.1432900714849,50.0,4.0,90.68037751312859,97.65625,97.65625,5.724293513759822
session_4.csv,session_4,645,41280,41408,41280,41408,82.56,82.816,relax,0,0,0.0,False,False,4.227410863663937,5.301705487360841,581.1937452076972,47.0,10.0,89.04793771102459,93.75,97.65625,10.848325845548638
session_4.csv,session_4,646,41344,41472,41344,41472,82.688,82.944,relax,0,0,0.0,False,False,7.679354052618162,10.172817619272555,1050.5559533859077,44.0,18.0,83.09827582081019,82.03125,82.03125,53.72854990020986
session_4.csv,session_4,647,41408,41536,41408,41536,82.816,83.072,relax,0,0,0.0,False,True,9.093997032393666,11.433501255518882,1234.5321607558376,44.0,21.0,87.79597616076477,89.84375,97.65625,122.035422171139
session_4.csv,session_4,648,41472,41600,41472,41600,82.944,83.2,relax,0,54,0.421875,True,True,11.368835501325623,14.340740212636208,1445.6409902099876,42.0,25.0,82.54748175213234,85.9375,70.3125,185.60078605975684
session_4.csv,session_4,649,41536,41664,41536,41664,83.072,83.328,clench,1,118,0.921875,True,True,15.383299190787385,18.333857229497784,1955.4542198022825,42.0,33.0,75.55088943114188,74.21875,82.03125,248.49393110679637
session_4.csv,session_4,650,41600,41728,41600,41728,83.2,83.456,clench,1,128,1.0,False,False,16.050421176485905,19.42061778323958,2096.7974329044273,44.0,31.0,83.16224502257062,82.03125,82.03125,279.5873739460051
session_4.csv,session_4,651,41664,41792,41664,41792,83.328,83.584,clench,1,128,1.0,False,False,18.09019065346591,22.009513908991455,2463.8394734326625,46.0,35.0,85.81206178381053,89.84375,89.84375,450.24986898690025
session_4.csv,session_4,652,41728,41856,41728,41856,83.456,83.712,clench,1,128,1.0,False,False,23.834017739749598,30.144975427692685,3079.439436886745,45.0,38.0,79.2840643882906,78.125,70.3125,759.8650835991489
session_4.csv,session_4,653,41792,41920,41792,41920,83.584,83.84,clench,1,128,1.0,False,False,27.211835204728317,34.06384204256961,3406.5388960504765,43.0,32.0,79.17215499515032,78.125,78.125,868.6712251392446
session_4.csv,session_4,654,41856,41984,41856,41984,83.712,83.968,clench,1,128,1.0,False,False,26.003233994847868,33.28868459180634,3358.0292116746905,44.0,34.0,82.40148925842053,85.9375,74.21875,606.5281210713191
session_4.csv,session_4,655,41920,42048,41920,42048,83.84,84.096,clench,1,128,1.0,False,False,24.538006792123614,32.13853765281716,3110.0127016411443,40.0,34.0,82.4407058564925,82.03125,85.9375,1108.9380418413932
session_4.csv,session_4,656,41984,42112,41984,42112,83.968,84.224,clench,1,128,1.0,False,False,21.14956626247843,27.08927843161518,2686.2853261759856,41.0,34.0,80.72064201980336,82.03125,82.03125,791.6421411916839
session_4.csv,session_4,657,42048,42176,42048,42176,84.096,84.352,clench,1,128,1.0,False,False,15.056915655319022,19.064106175982445,1910.5406362251238,42.0,32.0,80.15152722598499,78.125,70.3125,194.56937938288632
session_4.csv,session_4,658,42112,42240,42112,42240,84.224,84.48,clench,1,94,0.734375,True,True,8.097062396724702,10.33767597661037,996.5226968610614,40.0,21.0,82.58099002415621,82.03125,82.03125,102.95466372490161
session_4.csv,session_4,659,42176,42304,42176,42304,84.352,84.608,relax,0,30,0.234375,True,True,4.237278680822386,5.359350748201546,584.8997623786904,42.0,12.0,87.94638677720613,93.75,97.65625,17.044507205691325
session_4.csv,session_4,660,42240,42368,42240,42368,84.48,84.736,relax,0,0,0.0,False,False,3.5183020503734275,4.53926730577963,503.20799898071004,41.0,5.0,87.94642792788052,89.84375,97.65625,6.192928454887427
session_4.csv,session_4,661,42304,42432,42304,42432,84.608,84.864,relax,0,0,0.0,False,False,3.329690818836581,4.007310649360379,474.7684411545547,44.0,10.0,86.61079013870072,93.75,97.65625,15.117410120895437
session_4.csv,session_4,662,42368,42496,42368,42496,84.736,84.992,relax,0,0,0.0,False,False,3.407008977836595,4.003798820949235,488.9954491751678,47.0,11.0,87.76685849903106,97.65625,97.65625,6.189812829833816
session_4.csv,session_4,663,42432,42560,42432,42560,84.864,85.12,relax,0,0,0.0,False,False,2.9887807369242996,3.685910131251972,436.74598176577433,41.0,5.0,91.06011476181068,97.65625,97.65625,12.443633339451718
session_4.csv,session_4,664,42496,42624,42496,42624,84.992,85.248,relax,0,0,0.0,False,False,2.5095174995605296,3.1651482687060546,357.5924664560879,34.0,3.0,80.92063068746535,74.21875,97.65625,3.703376435598849
session_4.csv,session_4,665,42560,42688,42560,42688,85.12,85.376,relax,0,0,0.0,False,False,2.931266279846456,3.5003515114908876,420.5870635987882,40.0,4.0,92.1084615180634,97.65625,97.65625,7.587974087810144
session_4.csv,session_4,666,42624,42752,42624,42752,85.248,85.504,relax,0,0,0.0,False,False,3.613327395468694,4.267970183670175,527.0366975625784,46.0,8.0,91.90648461026649,97.65625,97.65625,10.524642969644189
session_4.csv,session_4,667,42688,42816,42688,42816,85.376,85.632,relax,0,0,0.0,False,False,3.488723426596084,4.292678491034303,481.8018673055368,38.0,9.0,80.07022428050287,78.125,93.75,5.344572099498702
session_4.csv,session_4,668,42752,42880,42752,42880,85.504,85.76,relax,0,0,0.0,False,False,3.301386380828249,4.1961127028086365,443.0715109148116,35.0,6.0,81.66809759478352,78.125,78.125,24.10572399433058
session_4.csv,session_4,669,42816,42944,42816,42944,85.632,85.888,relax,0,0,0.0,False,False,3.3384021237029096,4.234819118236329,461.64035555045746,37.0,7.0,85.9087624649822,85.9375,97.65625,11.309248645603713
session_4.csv,session_4,670,42880,43008,42880,43008,85.76,86.016,relax,0,0,0.0,False,False,2.976325514690629,3.7535777326177917,423.44995318498036,35.0,6.0,85.99274114060802,89.84375,97.65625,4.960136545263936
session_4.csv,session_4,671,42944,43072,42944,43072,85.888,86.144,relax,0,0,0.0,False,False,2.812547351202171,3.3860951228761715,395.1830273955592,37.0,4.0,82.20565560023569,78.125,74.21875,10.163886352412597
session_4.csv,session_4,672,43008,43136,43008,43136,86.016,86.272,relax,0,0,0.0,False,False,3.1762758401698985,3.7513299075377784,458.691633379377,44.0,8.0,91.56105174129596,97.65625,97.65625,7.320289644363049
session_4.csv,session_4,673,43072,43200,43072,43200,86.144,86.4,relax,0,0,0.0,False,False,3.2292200547356664,3.9443191101970045,460.0864168342283,43.0,7.0,90.80163032805557,97.65625,97.65625,5.140811931305092
session_4.csv,session_4,674,43136,43264,43136,43264,86.272,86.528,relax,0,0,0.0,False,False,4.846484732039177,6.177367602720529,666.6638554407436,43.0,11.0,87.02828010492831,89.84375,89.84375,35.409306542962995
session_4.csv,session_4,675,43200,43328,43200,43328,86.4,86.656,relax,0,0,0.0,False,False,5.253252989871129,6.820950648415918,721.4777899385894,38.0,14.0,86.89239184288274,93.75,97.65625,51.17289084282666
session_4.csv,session_4,676,43264,43392,43264,43392,86.528,86.784,relax,0,0,0.0,False,False,4.019306386229529,5.5025276828760745,527.5472857131351,32.0,7.0,86.35288112577884,89.84375,97.65625,11.93299402909283
session_4.csv,session_4,677,43328,43456,43328,43456,86.656,86.912,relax,0,0,0.0,False,False,5.797374469977247,7.789503106759338,765.9745610661473,36.0,13.0,82.50390670598556,82.03125,82.03125,57.77762638227182
session_4.csv,session_4,678,43392,43520,43392,43520,86.784,87.04,relax,0,39,0.3046875,True,True,6.995992707546541,8.879747780953881,936.0357557908255,42.0,20.0,81.48341880100753,82.03125,82.03125,80.91507693780257
session_4.csv,session_4,679,43456,43584,43456,43584,86.912,87.168,clench,1,103,0.8046875,True,True,8.026768419659536,10.162056461713545,1059.3097139362076,46.0,21.0,82.94111882551793,85.9375,93.75,47.66641319114572
session_4.csv,session_4,680,43520,43648,43520,43648,87.04,87.296,clench,1,128,1.0,False,False,10.138108981425358,12.28808684563713,1394.0769544871805,46.0,28.0,81.37626985671879,78.125,74.21875,116.2144697614074
session_4.csv,session_4,681,43584,43712,43584,43712,87.168,87.424,clench,1,128,1.0,False,False,10.110185945486744,11.969831178355971,1391.417933223432,45.0,35.0,83.58821935145937,85.9375,89.84375,94.32983806628187
session_4.csv,session_4,682,43648,43776,43648,43776,87.296,87.552,clench,1,128,1.0,False,False,14.08214791242943,17.984018235705996,1834.0895784216289,44.0,36.0,83.73662249807641,82.03125,82.03125,367.5243990983832
session_4.csv,session_4,683,43712,43840,43712,43840,87.424,87.68,clench,1,128,1.0,False,False,17.660354229824975,21.54867271382554,2310.349117317236,44.0,35.0,78.80814135155958,78.125,78.125,308.6638759265251
session_4.csv,session_4,684,43776,43904,43776,43904,87.552,87.808,clench,1,128,1.0,False,False,16.97755025410773,20.319924219939182,2185.678959442993,41.0,33.0,80.32241246943951,82.03125,85.9375,338.1394497783666
session_4.csv,session_4,685,43840,43968,43840,43968,87.68,87.936,clench,1,128,1.0,False,False,18.0905627895352,21.249824421422804,2344.723709023131,42.0,32.0,80.38760661614846,82.03125,82.03125,563.2093857127645
session_4.csv,session_4,686,43904,44032,43904,44032,87.808,88.064,clench,1,128,1.0,False,False,17.429698147594745,20.375555942335573,2325.4003319558014,44.0,34.0,88.42954959276678,89.84375,93.75,342.02663932253074
session_4.csv,session_4,687,43968,44096,43968,44096,87.936,88.192,clench,1,128,1.0,False,False,18.88561072054535,23.374466534780616,2458.4050204717287,43.0,33.0,82.5441573060782,82.03125,82.03125,648.7620449097647
session_4.csv,session_4,688,44032,44160,44032,44160,88.064,88.32,clench,1,128,1.0,False,False,28.05955895366993,33.84715368640742,3715.26853439976,44.0,37.0,86.95124300947123,89.84375,89.84375,592.1577163113152
session_4.csv,session_4,689,44096,44224,44096,44224,88.192,88.448,clench,1,128,1.0,False,False,25.801691192581544,32.03059018138961,3494.2283506659755,44.0,38.0,81.3098247816089,78.125,78.125,1058.820740231461
session_4.csv,session_4,690,44160,44288,44160,44288,88.32,88.576,clench,1,128,1.0,False,False,13.20626216459276,17.657123622658535,1748.7824883109129,43.0,32.0,79.75751158707992,78.125,74.21875,120.35184629939354
session_4.csv,session_4,691,44224,44352,44224,44352,88.448,88.704,clench,1,118,0.921875,True,True,6.209919537669118,8.124764120406548,862.2651756781987,41.0,20.0,81.16350172008205,78.125,89.84375,45.84446726939267
session_4.csv,session_4,692,44288,44416,44288,44416,88.576,88.832,relax,0,54,0.421875,True,True,3.74785517108893,4.55291558404766,517.6717826966196,41.0,9.0,85.32352056518653,85.9375,93.75,19.106508578852523
session_4.csv,session_4,693,44352,44480,44352,44480,88.704,88.96,relax,0,0,0.0,False,True,3.4352507303443476,4.161631473848618,479.01556066400144,41.0,5.0,87.8395566289097,93.75,97.65625,10.197686703472815
session_4.csv,session_4,694,44416,44544,44416,44544,88.832,89.088,relax,0,0,0.0,False,False,3.005747795694444,3.576412419820946,427.1529203966777,40.0,3.0,90.94743078287351,97.65625,97.65625,9.09202132460641
session_4.csv,session_4,695,44480,44608,44480,44608,88.96,89.216,relax,0,0,0.0,False,False,3.2780473990749863,3.8782082750394737,457.86318639144474,41.0,7.0,87.46695323271364,89.84375,97.65625,5.756568929605993
session_4.csv,session_4,696,44544,44672,44544,44672,89.088,89.344,relax,0,0,0.0,False,False,3.2263029973534083,3.8444344567952107,466.9160287973716,42.0,10.0,89.34921807848798,89.84375,97.65625,9.867438917585643
session_4.csv,session_4,697,44608,44736,44608,44736,89.216,89.472,relax,0,0,0.0,False,False,3.313727216515236,3.8350485595381474,488.4267284285073,46.0,14.0,93.01663936034616,97.65625,97.65625,6.505744435365493
session_4.csv,session_4,698,44672,44800,44672,44800,89.344,89.6,relax,0,0,0.0,False,False,3.2513472618429793,3.7263959569997165,473.5423932327092,47.0,11.0,92.40472370704371,97.65625,97.65625,5.024563741277452
session_4.csv,session_4,699,44736,44864,44736,44864,89.472,89.728,relax,0,0,0.0,False,False,3.0338616069926028,3.558765037280312,443.8573534787208,45.0,4.0,89.73899811169186,97.65625,97.65625,6.373564548407225
session_4.csv,session_4,700,44800,44928,44800,44928,89.6,89.856,relax,0,0,0.0,False,False,3.144121516304736,3.75141334736765,464.3588354018525,47.0,6.0,89.87247814461978,97.65625,97.65625,4.422659708795056
session_4.csv,session_4,701,44864,44992,44864,44992,89.728,89.984,relax,0,0,0.0,False,False,3.1689403013873454,3.802231484022394,448.5922577063154,43.0,5.0,89.01315965785648,93.75,97.65625,12.355322662397409
session_4.csv,session_4,702,44928,45056,44928,45056,89.856,90.112,relax,0,0,0.0,False,False,2.618179949856601,3.159813243862624,369.3695921573769,35.0,2.0,86.27158229964076,82.03125,97.65625,7.52851292238073
session_4.csv,session_4,703,44992,45120,44992,45120,89.984,90.24,relax,0,0,0.0,False,False,2.831987440571643,3.4564501225721562,411.30889770552824,38.0,7.0,91.78163796747957,97.65625,97.65625,6.214452489714674
session_4.csv,session_4,704,45056,45184,45056,45184,90.112,90.368,relax,0,0,0.0,False,False,3.4732094127083153,4.094480490191083,493.6569861991039,43.0,10.0,86.53729383476926,89.84375,97.65625,7.885890544962818
session_4.csv,session_4,705,45120,45248,45120,45248,90.24,90.496,relax,0,0,0.0,False,False,3.356943467451666,4.015288788390126,484.8861198380605,43.0,7.0,89.52246271145178,93.75,97.65625,8.14946045566885
session_4.csv,session_4,706,45184,45312,45184,45312,90.368,90.624,relax,0,0,0.0,False,False,2.8107645303135493,3.4842476343838125,408.1361687670012,37.0,5.0,92.62880666681862,97.65625,97.65625,8.345876495398665
session_4.csv,session_4,707,45248,45376,45248,45376,90.496,90.752,relax,0,0,0.0,False,False,2.550278676603204,3.0286252288306708,368.4498057682632,37.0,3.0,88.12605341406217,93.75,97.65625,5.538809462565382
session_4.csv,session_4,708,45312,45440,45312,45440,90.624,90.88,relax,0,0,0.0,False,False,2.88557466666596,3.3606344194779916,421.3094126224238,46.0,3.0,93.29817123435264,97.65625,97.65625,3.6444504120843715
session_4.csv,session_4,709,45376,45504,45376,45504,90.752,91.008,relax,0,0,0.0,False,False,2.7556123322606947,3.274063995885683,398.8392360724017,42.0,3.0,89.1264724540395,97.65625,97.65625,8.10394585188612
session_4.csv,session_4,710,45440,45568,45440,45568,90.88,91.136,relax,0,0,0.0,False,False,2.4467472377978705,2.916721662382067,350.0886663844202,37.0,2.0,88.61678159504426,97.65625,97.65625,3.116457551518664
session_4.csv,session_4,711,45504,45632,45504,45632,91.008,91.264,relax,0,0,0.0,False,False,3.362899732631961,4.170766705208129,481.37262440206246,44.0,8.0,90.77157027905189,97.65625,97.65625,9.372449869261867
session_4.csv,session_4,712,45568,45696,45568,45696,91.136,91.392,relax,0,0,0.0,False,False,7.9020923120279,10.479082128556879,1024.973624671899,44.0,19.0,79.20556090162358,78.125,74.21875,111.87590790402865
session_4.csv,session_4,713,45632,45760,45632,45760,91.264,91.52,relax,0,21,0.1640625,True,True,9.707484388804229,11.891949756439615,1251.1544212772915,41.0,26.0,83.7031990091424,82.03125,82.03125,88.33709181922022
session_4.csv,session_4,714,45696,45824,45696,45824,91.392,91.648,clench,1,85,0.6640625,True,True,8.588753149173133,10.628760876709741,1114.0635131440042,43.0,24.0,80.99441814432069,82.03125,78.125,106.18164484165001
session_4.csv,session_4,715,45760,45888,45760,45888,91.52,91.776,clench,1,128,1.0,False,True,9.16382438241301,11.86371786087149,1232.4065388531387,45.0,25.0,85.05227332029554,89.84375,93.75,67.5321450863012
session_4.csv,session_4,716,45824,45952,45824,45952,91.648,91.904,clench,1,128,1.0,False,False,8.812503877616464,11.549015249013117,1233.4597851295398,48.0,29.0,76.96430659028017,74.21875,74.21875,83.7489725288716
session_4.csv,session_4,717,45888,46016,45888,46016,91.776,92.032,clench,1,128,1.0,False,False,10.325720600229488,12.739940989592382,1345.6132627480486,44.0,34.0,83.08197021834657,85.9375,74.21875,188.93526450031587
session_4.csv,session_4,718,45952,46080,45952,46080,91.904,92.16,clench,1,128,1.0,False,False,11.711234933545033,14.278685270436116,1534.7614344417793,42.0,34.0,78.43964055028773,78.125,82.03125,139.05074182928936
session_4.csv,session_4,719,46016,46144,46016,46144,92.032,92.288,clench,1,128,1.0,False,False,9.63673870606253,12.365339337057641,1307.0244706674403,43.0,25.0,82.44142765727355,82.03125,82.03125,88.31996547498696
session_4.csv,session_4,720,46080,46208,46080,46208,92.16,92.416,clench,1,128,1.0,False,False,9.984074134637883,12.231423666858674,1353.8096630945047,46.0,28.0,81.087360444313,82.03125,78.125,137.62640490986004
session_4.csv,session_4,721,46144,46272,46144,46272,92.288,92.544,clench,1,128,1.0,False,False,12.524780096360104,14.784370060015096,1724.975132432207,48.0,34.0,88.71409101611604,93.75,97.65625,155.32482489551498
session_4.csv,session_4,722,46208,46336,46208,46336,92.416,92.672,clench,1,128,1.0,False,False,15.353325940590452,19.10106033340505,2029.568733032826,44.0,32.0,82.51489428094169,82.03125,93.75,475.3091817333042
session_4.csv,session_4,723,46272,46400,46272,46400,92.544,92.8,clench,1,128,1.0,False,False,26.03347013960688,32.083563637451675,3237.9566301906275,41.0,34.0,76.25645069024722,78.125,78.125,835.3981824072368
session_4.csv,session_4,724,46336,46464,46336,46464,92.672,92.928,clench,1,128,1.0,False,False,35.47602876902942,43.09764825273356,4324.632736059426,40.0,34.0,77.74804355319519,78.125,78.125,1460.2430449894043
session_4.csv,session_4,725,46400,46528,46400,46528,92.8,93.056,clench,1,128,1.0,False,False,34.62474014114865,43.05846636712399,4304.843127626469,40.0,37.0,75.93570922546859,74.21875,78.125,1380.6662333827924
session_4.csv,session_4,726,46464,46592,46464,46592,92.928,93.184,clench,1,128,1.0,False,False,21.925668651488234,29.482580785104844,2707.18279436951,39.0,27.0,81.8585181467414,82.03125,82.03125,1258.8538699768606
session_4.csv,session_4,727,46528,46656,46528,46656,93.056,93.312,clench,1,99,0.7734375,True,True,8.088678602838396,10.2974187107121,956.5390940153834,40.0,16.0,75.35242020351386,74.21875,70.3125,126.28398256492297
session_4.csv,session_4,728,46592,46720,46592,46720,93.184,93.44,relax,0,35,0.2734375,True,True,4.434236235606905,5.243105098838678,614.7446005867547,47.0,15.0,88.94964331174937,89.84375,97.65625,16.758618310782857
session_4.csv,session_4,729,46656,46784,46656,46784,93.312,93.568,relax,0,0,0.0,False,False,3.832771836043529,4.53831640171955,533.3743788300341,47.0,7.0,85.45694991703185,85.9375,97.65625,8.204820712023588
session_4.csv,session_4,730,46720,46848,46720,46848,93.44,93.696,relax,0,0,0.0,False,False,3.275999477320658,3.9780922705974855,458.45420139082114,45.0,3.0,84.10990391864956,85.9375,82.03125,14.854203002535268
session_4.csv,session_4,731,46784,46912,46784,46912,93.568,93.824,relax,0,0,0.0,False,False,2.9218681547763357,3.488314012037013,428.2979087074391,43.0,5.0,89.08812631638386,97.65625,97.65625,7.158062679868941
session_4.csv,session_4,732,46848,46976,46848,46976,93.696,93.952,relax,0,0,0.0,False,False,3.350941175281836,4.04300268828839,491.94995238890976,41.0,7.0,88.16926192491484,89.84375,97.65625,7.640013558090649
session_4.csv,session_4,733,46912,47040,46912,47040,93.824,94.08,relax,0,0,0.0,False,False,3.068109622596392,3.7278846313495757,448.94786235966046,42.0,5.0,86.36069820590313,85.9375,97.65625,8.252661831061772
session_4.csv,session_4,734,46976,47104,46976,47104,93.952,94.208,relax,0,0,0.0,False,False,2.566060254664756,3.0177764558860427,367.2253553721605,42.0,2.0,90.14083525977011,97.65625,97.65625,4.629736460012214
session_4.csv,session_4,735,47040,47168,47040,47168,94.08,94.336,relax,0,0,0.0,False,False,2.938766518708537,3.437729505621015,427.48886291783253,47.0,7.0,87.70114038637783,97.65625,97.65625,5.361819928773376
session_4.csv,session_4,736,47104,47232,47104,47232,94.208,94.464,relax,0,0,0.0,False,False,3.4916208900789547,4.196963238071781,500.64504433574155,46.0,10.0,91.31630540705339,97.65625,97.65625,10.780060063656231
session_4.csv,session_4,737,47168,47296,47168,47296,94.336,94.592,relax,0,0,0.0,False,False,2.731849642912599,3.539194549709921,389.4093743997804,31.0,5.0,85.23239365648135,85.9375,82.03125,7.181012135220741
session_4.csv,session_4,738,47232,47360,47232,47360,94.464,94.72,relax,0,0,0.0,False,False,2.6581698703562324,3.2115999094494354,380.11876026718164,35.0,7.0,92.92751592793333,97.65625,97.65625,7.165770665753602
session_4.csv,session_4,739,47296,47424,47296,47424,94.592,94.848,relax,0,0,0.0,False,False,3.1147556793474642,3.704042265324141,443.750642863705,39.0,10.0,83.60921860637707,89.84375,97.65625,6.187901369463404
session_4.csv,session_4,740,47360,47488,47360,47488,94.72,94.976,relax,0,0,0.0,False,False,3.0685560977649047,3.6916898461388423,436.25712671790484,37.0,6.0,84.41902506335312,85.9375,85.9375,7.135560396335334
session_4.csv,session_4,741,47424,47552,47424,47552,94.848,95.104,relax,0,0,0.0,False,False,3.5402940044109865,4.121136928082952,522.7871957668536,49.0,9.0,93.15789839875875,97.65625,97.65625,9.996148675169417
session_4.csv,session_4,742,47488,47616,47488,47616,94.976,95.232,relax,0,0,0.0,False,False,3.342295089470519,3.9036680874093426,495.8563372662903,47.0,8.0,93.68984100813387,97.65625,97.65625,7.584973793215839
session_4.csv,session_4,743,47552,47680,47552,47680,95.104,95.36,relax,0,0,0.0,False,False,2.8043957575875016,3.257573993217348,403.52080275218407,44.0,3.0,91.02171616346335,97.65625,97.65625,5.233282098041437
session_4.csv,session_4,744,47616,47744,47616,47744,95.232,95.488,relax,0,0,0.0,False,False,2.7750715187387707,3.228447466694862,397.9398003289215,47.0,3.0,88.33954332819556,97.65625,97.65625,5.0648097018710585
session_4.csv,session_4,745,47680,47808,47680,47808,95.36,95.616,relax,0,0,0.0,False,False,2.802473996984844,3.3845231329554712,399.2535389456083,40.0,5.0,83.53666800112214,78.125,97.65625,5.027172221048837
session_4.csv,session_4,746,47744,47872,47744,47872,95.488,95.744,relax,0,0,0.0,False,False,2.9744757121771075,3.621348437269951,417.243407452458,36.0,7.0,86.26352045051536,85.9375,97.65625,7.171825797088648
session_4.csv,session_4,747,47808,47936,47808,47936,95.616,95.872,relax,0,0,0.0,False,False,3.1247219098306296,3.719043982062925,446.35474741580697,43.0,8.0,91.25182537729789,93.75,97.65625,8.19214846429436
session_4.csv,session_4,748,47872,48000,47872,48000,95.744,96.0,relax,0,0,0.0,False,False,3.3017836504857563,3.9351544356495287,484.3519383798463,47.0,8.0,90.59449304852625,97.65625,97.65625,8.582179499952963
session_4.csv,session_4,749,47936,48064,47936,48064,95.872,96.128,relax,0,0,0.0,False,False,3.1410138702494095,3.8714868142188066,459.2663815126673,42.0,6.0,84.88961679316118,89.84375,97.65625,4.68410829627043
session_4.csv,session_4,750,48000,48128,48000,48128,96.0,96.256,relax,0,12,0.09375,True,True,5.226396768015782,8.067866316493648,691.5697502298107,36.0,13.0,82.16409634640272,82.03125,78.125,81.73337759623965
session_4.csv,session_4,751,48064,48192,48064,48192,96.128,96.384,clench,1,76,0.59375,True,True,8.886597334761515,11.344526454482818,1157.330820082359,42.0,27.0,84.54993500043312,85.9375,78.125,70.0280892766554
session_4.csv,session_4,752,48128,48256,48128,48256,96.256,96.512,clench,1,128,1.0,False,True,12.21770934112292,15.22717650745313,1570.1059432386437,42.0,29.0,80.79784901543636,82.03125,74.21875,150.3128377410702
session_4.csv,session_4,753,48192,48320,48192,48320,96.384,96.64,clench,1,128,1.0,False,False,15.021474878776882,18.28709017386342,1941.8610786901122,42.0,31.0,83.02414419206079,85.9375,85.9375,442.3932253105947
session_4.csv,session_4,754,48256,48384,48256,48384,96.512,96.768,clench,1,128,1.0,False,False,17.252752156478707,20.99736087979475,2310.99747428261,44.0,33.0,83.40002922770918,82.03125,78.125,249.9952925604689
session_4.csv,session_4,755,48320,48448,48320,48448,96.64,96.896,clench,1,128,1.0,False,False,27.178548023985996,33.3970733228985,3472.848603680658,40.0,33.0,86.12490442458531,85.9375,85.9375,1067.8372869263922
session_4.csv,session_4,756,48384,48512,48384,48512,96.768,97.024,clench,1,128,1.0,False,False,31.16155367600259,37.114893367891625,3767.5789694055293,38.0,33.0,77.75045813837359,78.125,74.21875,1344.704531656538
session_4.csv,session_4,757,48448,48576,48448,48576,96.896,97.152,clench,1,128,1.0,False,False,25.311947339201854,31.290588637036826,3164.221177089611,41.0,36.0,75.54410539325495,74.21875,70.3125,1066.9486992246366
session_4.csv,session_4,758,48512,48640,48512,48640,97.024,97.28,clench,1,128,1.0,False,False,19.643174744026993,25.044804479009997,2609.5369085940965,43.0,38.0,87.30068408146295,89.84375,93.75,426.78755954327994
session_4.csv,session_4,759,48576,48704,48576,48704,97.152,97.408,clench,1,125,0.9765625,True,True,11.678459183077017,15.094411531778627,1492.54159362452,40.0,28.0,75.9246082307632,74.21875,70.3125,241.0078647354218
session_4.csv,session_4,760,48640,48768,48640,48768,97.28,97.536,relax,0,61,0.4765625,True,True,6.566354645164922,8.202438656955156,865.9078317592955,40.0,22.0,78.82358663930299,82.03125,82.03125,26.992060852595056
session_4.csv,session_4,761,48704,48832,48704,48832,97.408,97.664,relax,0,0,0.0,False,True,4.573407573242472,5.337121639183542,631.1244340561138,42.0,15.0,88.83529919847908,93.75,97.65625,22.001635255204196
session_4.csv,session_4,762,48768,48896,48768,48896,97.536,97.792,relax,0,0,0.0,False,False,2.958796236129885,3.632639969659159,419.1459044848958,34.0,6.0,89.86709364009651,93.75,97.65625,10.702730711833777
session_4.csv,session_4,763,48832,48960,48832,48960,97.664,97.92,relax,0,0,0.0,False,False,2.8606816009798397,3.534620648531455,386.34821841123073,32.0,5.0,84.94444434410043,93.75,97.65625,7.500087137749263
session_4.csv,session_4,764,48896,49024,48896,49024,97.792,98.048,relax,0,0,0.0,False,False,3.667443833125537,4.323704624791992,511.15405581133825,43.0,9.0,79.71557921106341,74.21875,70.3125,8.078327022839442
session_4.csv,session_4,765,48960,49088,48960,49088,97.92,98.176,relax,0,0,0.0,False,False,3.106084520137731,3.7406042397096986,450.41024877619986,42.0,7.0,91.55785599119784,97.65625,97.65625,11.44029268235951
session_4.csv,session_4,766,49024,49152,49024,49152,98.048,98.304,relax,0,0,0.0,False,False,2.6974219656870826,3.214181447840358,390.742128145529,40.0,6.0,89.92794524042026,97.65625,97.65625,6.365545352635225
session_4.csv,session_4,767,49088,49216,49088,49216,98.176,98.432,relax,0,0,0.0,False,False,3.047940530707023,3.7141356627227142,420.54986619312353,38.0,6.0,84.92227896119991,82.03125,97.65625,7.392247799364676
session_4.csv,session_4,768,49152,49280,49152,49280,98.304,98.56,relax,0,0,0.0,False,False,3.45568431658384,4.191403651541551,489.7863277720836,43.0,10.0,85.30190056661245,89.84375,97.65625,15.739151949041796
session_4.csv,session_4,769,49216,49344,49216,49344,98.432,98.688,relax,0,0,0.0,False,False,3.389800042545315,4.023593961529421,491.5089106323769,47.0,9.0,87.27538020816942,93.75,97.65625,7.307267089945738
session_4.csv,session_4,770,49280,49408,49280,49408,98.56,98.816,relax,0,0,0.0,False,False,3.059914261920645,3.6240037709103707,443.0720584577422,43.0,7.0,89.01525808374086,93.75,97.65625,6.584982516514622
session_4.csv,session_4,771,49344,49472,49344,49472,98.688,98.944,relax,0,0,0.0,False,False,2.837993440624449,3.330573270892848,411.97179081194224,42.0,6.0,93.17348804475205,97.65625,97.65625,7.6244538286435395
session_4.csv,session_4,772,49408,49536,49408,49536,98.816,99.072,relax,0,0,0.0,False,False,2.7880121653758083,3.324934735930011,407.9297993285029,43.0,3.0,88.23224585449768,93.75,97.65625,3.5593881686159285
session_4.csv,session_4,773,49472,49600,49472,49600,98.944,99.2,relax,0,0,0.0,False,False,3.220176303479554,3.9721428047366887,457.918739808842,39.0,5.0,88.6581908985217,89.84375,97.65625,9.898380611747145
session_4.csv,session_4,774,49536,49664,49536,49664,99.072,99.328,relax,0,0,0.0,False,False,3.1066251521268278,3.8922221949426064,442.3668818532137,37.0,5.0,87.17239727275246,85.9375,97.65625,9.533403121581696
session_4.csv,session_4,775,49600,49728,49600,49728,99.2,99.456,relax,0,0,0.0,False,False,3.538134011797303,4.362295558584763,510.0402149414929,43.0,11.0,88.46809633402023,97.65625,97.65625,13.80557368971543
session_4.csv,session_4,776,49664,49792,49664,49792,99.328,99.584,relax,0,0,0.0,False,False,3.551220324625734,4.348066355393413,491.0215313044506,41.0,10.0,84.0995149386778,82.03125,97.65625,9.11452729058965
session_4.csv,session_4,777,49728,49856,49728,49856,99.456,99.712,relax,0,0,0.0,False,False,2.767411635094838,3.432391907387104,357.46457367461153,30.0,3.0,80.20738220271333,82.03125,82.03125,9.265111420349118
session_4.csv,session_4,778,49792,49920,49792,49920,99.584,99.84,relax,0,0,0.0,False,False,2.9781534094532613,3.7393089812993106,398.10671394104475,32.0,4.0,86.03716433783018,93.75,97.65625,9.29269230669252
session_4.csv,session_4,779,49856,49984,49856,49984,99.712,99.968,relax,0,0,0.0,False,False,3.251694256600711,4.229383708020476,447.99771166845085,35.0,5.0,81.86970480613776,78.125,78.125,12.62847155451859
session_4.csv,session_4,780,49920,50048,49920,50048,99.84,100.096,relax,0,0,0.0,False,False,3.9967700059339064,5.345491671213374,547.4381031722237,37.0,8.0,82.20603130274519,78.125,74.21875,18.84870062700686
session_4.csv,session_4,781,49984,50112,49984,50112,99.968,100.224,relax,0,0,0.0,False,False,5.683988995469386,7.514916599639031,781.6144648592684,47.0,15.0,84.66779972697692,85.9375,97.65625,29.679086642572912
session_4.csv,session_4,782,50048,50176,50048,50176,100.096,100.352,relax,0,39,0.3046875,True,True,6.412256524454194,8.337422726676436,858.0490527200196,42.0,17.0,83.4128550272574,82.03125,82.03125,116.37881767696095
session_4.csv,session_4,783,50112,50240,50112,50240,100.224,100.48,clench,1,103,0.8046875,True,True,9.04827446790099,11.970720415497683,1145.4432758427806,39.0,24.0,81.01948033364744,78.125,70.3125,79.92005386380518
session_4.csv,session_4,784,50176,50304,50176,50304,100.352,100.608,clench,1,128,1.0,False,False,13.081112647845622,16.044132916679537,1578.451719430969,39.0,27.0,81.05737998282933,78.125,78.125,296.72351949572305
session_4.csv,session_4,785,50240,50368,50240,50368,100.48,100.736,clench,1,128,1.0,False,False,15.33092646449915,18.67390225995623,1874.7920140631695,38.0,22.0,77.69436673192017,74.21875,70.3125,245.4832169066036
session_4.csv,session_4,786,50304,50432,50304,50432,100.608,100.864,clench,1,128,1.0,False,False,16.592815907487747,21.101502164907725,2227.3442634426274,44.0,31.0,87.49608875386367,89.84375,93.75,342.7207096406618
session_4.csv,session_4,787,50368,50496,50368,50496,100.736,100.992,clench,1,128,1.0,False,False,17.333404641868654,22.520297997266216,2398.4029740378023,46.0,35.0,87.48355476946004,85.9375,85.9375,339.32228077571835
session_4.csv,session_4,788,50432,50560,50432,50560,100.864,101.12,clench,1,128,1.0,False,False,22.890045669761836,29.30822792107162,2989.5772079457006,41.0,32.0,76.5101420524789,74.21875,74.21875,765.0992736069541
session_4.csv,session_4,789,50496,50624,50496,50624,100.992,101.248,clench,1,128,1.0,False,False,32.92489513332185,42.02224142192254,4032.1062243809083,39.0,29.0,81.01071900200083,78.125,78.125,2252.1121933772965
session_4.csv,session_4,790,50560,50688,50560,50688,101.12,101.376,clench,1,128,1.0,False,False,33.438151750299824,42.72554331748944,3955.920931002521,38.0,28.0,77.82944811676846,78.125,78.125,1070.5896195059152
session_4.csv,session_4,791,50624,50752,50624,50752,101.248,101.504,clench,1,128,1.0,False,False,27.51451811560854,34.64877505210231,3462.204332453845,43.0,35.0,80.35973132214758,74.21875,74.21875,834.6307332062194
session_4.csv,session_4,792,50688,50816,50688,50816,101.376,101.632,clench,1,128,1.0,False,False,36.79532654912661,50.38293987282493,4832.931455493638,43.0,39.0,79.75750861146211,78.125,70.3125,3731.7426990209515
session_4.csv,session_4,793,50752,50880,50752,50880,101.504,101.76,clench,1,117,0.9140625,True,True,30.83959936947427,46.50826234690074,3860.3314106157895,40.0,33.0,77.0392432709453,74.21875,66.40625,563.5326401842163
session_4.csv,session_4,794,50816,50944,50816,50944,101.632,101.888,relax,0,53,0.4140625,True,True,9.700301188124051,13.842489347820335,1304.0171393643952,46.0,25.0,81.37815078562319,85.9375,85.9375,112.75467359294933
session_4.csv,session_4,795,50880,51008,50880,51008,101.76,102.016,relax,0,0,0.0,False,True,3.50202794719939,4.762852568985748,502.1491294921856,37.0,9.0,83.38799098331656,82.03125,97.65625,9.997270543091844
session_4.csv,session_4,796,50944,51072,50944,51072,101.888,102.144,relax,0,0,0.0,False,False,3.0598009966776756,3.822693845488873,430.39816597377467,37.0,8.0,87.52292563654981,89.84375,97.65625,12.331475833362315
session_4.csv,session_4,797,51008,51136,51008,51136,102.016,102.272,relax,0,0,0.0,False,False,4.046458685756932,4.672229234867615,588.9394129639646,50.0,14.0,90.48095125588188,97.65625,97.65625,12.411018054243753
session_4.csv,session_4,798,51072,51200,51072,51200,102.144,102.4,relax,0,0,0.0,False,False,3.667373367882922,4.233298172994398,534.4044258851657,46.0,12.0,91.01700283999737,97.65625,97.65625,10.350929657922084
session_4.csv,session_4,799,51136,51264,51136,51264,102.272,102.528,relax,0,0,0.0,False,False,3.4449020021266863,4.023173141880813,497.9808203948628,42.0,10.0,92.68511841605913,97.65625,97.65625,8.582029867917676
session_4.csv,session_4,800,51200,51328,51200,51328,102.4,102.656,relax,0,0,0.0,False,False,3.1009178552032983,3.800815873052647,450.01760773502826,37.0,6.0,83.50745676897172,89.84375,97.65625,3.884628406349239
session_4.csv,session_4,801,51264,51392,51264,51392,102.528,102.784,relax,0,0,0.0,False,False,3.3877246955176137,4.180150080588391,490.5133430010658,41.0,9.0,88.65605749794595,97.65625,97.65625,15.666825148977999
session_4.csv,session_4,802,51328,51456,51328,51456,102.656,102.912,relax,0,0,0.0,False,False,3.524209752499429,4.173029570169084,513.3194262552445,46.0,11.0,91.67917210970641,97.65625,97.65625,7.962927714845476
session_4.csv,session_4,803,51392,51520,51392,51520,102.784,103.04,relax,0,0,0.0,False,False,3.200476613016364,3.7349831740202526,477.34400546071845,46.0,8.0,93.97323861712083,97.65625,97.65625,7.398640964922431
session_4.csv,session_4,804,51456,51584,51456,51584,102.912,103.168,relax,0,0,0.0,False,False,3.504059921954574,4.031635756708662,513.9981606575315,49.0,8.0,92.52461833210096,97.65625,97.65625,9.566108270805858
session_4.csv,session_4,805,51520,51648,51520,51648,103.04,103.296,relax,0,0,0.0,False,False,3.337334747691382,3.8870077354932047,482.70318124502273,46.0,8.0,93.12905859035742,97.65625,97.65625,7.848703868335033
session_4.csv,session_4,806,51584,51712,51584,51712,103.168,103.424,relax,0,0,0.0,False,False,3.0009546373278795,3.5165546450401894,440.9069040121682,44.0,7.0,90.85486990209314,97.65625,97.65625,6.470189742740468
session_4.csv,session_4,807,51648,51776,51648,51776,103.296,103.552,relax,0,0,0.0,False,False,2.694748049655148,3.246900398080649,389.1625580903724,39.0,5.0,84.38295306724007,89.84375,97.65625,3.5801268301851716
session_4.csv,session_4,808,51712,51840,51712,51840,103.424,103.68,relax,0,0,0.0,False,False,2.789378135383826,3.3180700566804524,399.3107143950574,42.0,3.0,89.42882958830491,97.65625,97.65625,6.29192602680926
session_4.csv,session_4,809,51776,51904,51776,51904,103.552,103.808,relax,0,0,0.0,False,False,3.1394627901790804,3.771802714067524,455.4174995999807,42.0,7.0,91.76868805379767,97.65625,97.65625,5.887049358037336
session_4.csv,session_4,810,51840,51968,51840,51968,103.68,103.936,relax,0,0,0.0,False,False,2.952197276054423,3.6466186132297937,426.0480551991136,37.0,7.0,86.93533353128669,93.75,97.65625,9.37987923642776
session_4.csv,session_4,811,51904,52032,51904,52032,103.808,104.064,relax,0,0,0.0,False,False,2.771359871624419,3.3086770806708454,404.53938321197256,41.0,3.0,91.06420480848469,97.65625,97.65625,5.421501980175838
session_4.csv,session_4,812,51968,52096,51968,52096,103.936,104.192,relax,0,0,0.0,False,False,2.74252148144718,3.263644858049764,389.9664235601555,37.0,4.0,88.24491927907118,93.75,97.65625,6.479923151463219
session_4.csv,session_4,813,52032,52160,52032,52160,104.064,104.32,relax,0,0,0.0,False,False,2.4779949974362525,3.0967638591710416,342.66461614203524,27.0,5.0,82.44673876679163,85.9375,97.65625,5.174609890260244
session_4.csv,session_4,814,52096,52224,52096,52224,104.192,104.448,relax,0,0,0.0,False,False,2.7527443880305924,3.4097882977779563,401.1913985487148,36.0,6.0,86.02170103917715,93.75,97.65625,4.824513070336265
session_4.csv,session_4,815,52160,52288,52160,52288,104.32,104.576,relax,0,0,0.0,False,False,3.08938033723496,3.621849768115144,453.6665307297077,49.0,6.0,92.48326011211695,97.65625,97.65625,6.918922282714549
session_4.csv,session_4,816,52224,52352,52224,52352,104.448,104.704,relax,0,0,0.0,False,False,2.9450494159753884,3.483310961586463,434.51777355328113,45.0,4.0,89.94048575233303,97.65625,97.65625,8.03017167152827
session_4.csv,session_4,817,52288,52416,52288,52416,104.576,104.832,relax,0,0,0.0,False,False,3.074600848506332,3.588798739905515,444.5704334072708,42.0,3.0,89.47219386492998,97.65625,97.65625,7.593732057948691
session_4.csv,session_4,818,52352,52480,52352,52480,104.704,104.96,relax,0,0,0.0,False,False,3.3771035491231185,3.9817676906571564,477.0188709839624,44.0,5.0,82.36595437541405,78.125,97.65625,7.239658703795915
session_4.csv,session_4,819,52416,52544,52416,52544,104.832,105.088,relax,0,0,0.0,False,False,4.197015320790707,5.567943785129235,596.3963244430516,42.0,11.0,85.75517741185982,93.75,97.65625,26.82304400237578
session_4.csv,session_4,820,52480,52608,52480,52608,104.96,105.216,relax,0,0,0.0,False,True,4.3086323029318825,5.74708854048021,601.4459507409766,36.0,13.0,80.1446586784243,78.125,93.75,14.2818804376591
session_4.csv,session_4,821,52544,52672,52544,52672,105.088,105.344,relax,0,50,0.390625,True,True,5.069842785743507,6.499263096524002,685.777923059866,40.0,16.0,82.99097126526992,85.9375,89.84375,30.50565742789775
session_4.csv,session_4,822,52608,52736,52608,52736,105.216,105.472,clench,1,114,0.890625,True,True,10.358676103937832,13.336412991477678,1384.6061887888118,45.0,26.0,80.73560167278411,78.125,74.21875,139.72402948027002
session_4.csv,session_4,823,52672,52800,52672,52800,105.344,105.6,clench,1,128,1.0,False,False,12.304210357098771,15.575824039501317,1600.0167072607405,43.0,27.0,83.40147871480151,85.9375,89.84375,92.8827876992248
session_4.csv,session_4,824,52736,52864,52736,52864,105.472,105.728,clench,1,128,1.0,False,False,10.947985029460199,13.6967799358182,1465.7237557685462,44.0,31.0,81.36934937615838,78.125,97.65625,217.79681684383934
session_4.csv,session_4,825,52800,52928,52800,52928,105.6,105.856,clench,1,128,1.0,False,False,14.448913659408877,18.049695587029536,2017.8343770642755,48.0,40.0,84.55027382666289,82.03125,82.03125,270.65590354615733
session_4.csv,session_4,826,52864,52992,52864,52992,105.728,105.984,clench,1,128,1.0,False,False,16.95041179347887,23.395008552925486,2230.9973778503722,44.0,33.0,83.93539732914054,82.03125,82.03125,198.33286625307062
session_4.csv,session_4,827,52928,53056,52928,53056,105.856,106.112,clench,1,128,1.0,False,False,19.493904128365855,26.80412282711016,2623.8993919959094,44.0,33.0,83.59918112792914,82.03125,82.03125,1260.9778574044028
session_4.csv,session_4,828,52992,53120,52992,53120,105.984,106.24,clench,1,128,1.0,False,False,27.16212785672139,33.47402434020812,3631.211149427611,44.0,39.0,91.02590396582977,93.75,97.65625,543.8659630483126
session_4.csv,session_4,829,53056,53184,53056,53184,106.112,106.368,clench,1,128,1.0,False,False,25.808855912972255,33.00940083342059,3416.2699150645058,45.0,37.0,81.00129139073762,82.03125,82.03125,795.6758048515046
session_4.csv,session_4,830,53120,53248,53120,53248,106.24,106.496,clench,1,128,1.0,False,False,21.525906938032215,29.163096049395243,2765.643515613153,43.0,35.0,78.97457703274156,78.125,74.21875,1465.7762785220623
session_4.csv,session_4,831,53184,53312,53184,53312,106.368,106.624,clench,1,115,0.8984375,True,True,13.761332281636303,22.13829204557892,1696.9527359422545,37.0,19.0,80.37946689413555,82.03125,85.9375,140.35196791250493
session_4.csv,session_4,832,53248,53376,53248,53376,106.496,106.752,relax,0,51,0.3984375,True,True,4.1554230650645225,5.223091872137085,559.6182978960653,37.0,8.0,84.0573645267938,89.84375,70.3125,15.964913045054967
session_4.csv,session_4,833,53312,53440,53312,53440,106.624,106.88,relax,0,0,0.0,False,True,3.731689630678117,4.589686276522937,518.1898360223832,38.0,7.0,82.8422912137927,82.03125,97.65625,13.033690417118894
session_4.csv,session_4,834,53376,53504,53376,53504,106.752,107.008,relax,0,0,0.0,False,False,2.94138248773512,3.634899466698119,405.9096346553505,33.0,4.0,81.86939407925281,78.125,97.65625,9.47874699838292
session_4.csv,session_4,835,53440,53568,53440,53568,106.88,107.136,relax,0,0,0.0,False,False,2.8358546291986446,3.422536406062854,404.2584477325845,40.0,4.0,87.03328898826267,93.75,97.65625,3.5419677908931693
session_4.csv,session_4,836,53504,53632,53504,53632,107.008,107.264,relax,0,0,0.0,False,False,2.7094191399988246,3.1979412525212623,388.79267826729813,42.0,4.0,87.85989960063432,93.75,97.65625,6.433642979296901
session_4.csv,session_4,837,53568,53696,53568,53696,107.136,107.392,relax,0,0,0.0,False,False,2.6244388091388373,3.099433453533726,371.5134610191823,39.0,3.0,89.87840495885162,97.65625,97.65625,5.051376156550462
session_4.csv,session_4,838,53632,53760,53632,53760,107.264,107.52,relax,0,0,0.0,False,False,2.7175513991978573,3.2095191578167355,378.15575501220087,38.0,3.0,83.831459873545,82.03125,97.65625,6.7318263117486925
session_4.csv,session_4,839,53696,53824,53696,53824,107.392,107.648,relax,0,0,0.0,False,False,2.7969394609775815,3.2745674534695026,392.3014911489478,38.0,4.0,86.73202108559538,89.84375,97.65625,6.682852686117869
session_4.csv,session_4,840,53760,53888,53760,53888,107.52,107.776,relax,0,0,0.0,False,False,2.9273999150714944,3.5261729617014588,405.19432963966983,38.0,5.0,85.70377099757744,85.9375,97.65625,5.043733952289345
session_4.csv,session_4,841,53824,53952,53824,53952,107.648,107.904,relax,0,0,0.0,False,False,2.9104930006887297,3.626770737922551,405.95350886515223,35.0,5.0,81.4615453717849,78.125,97.65625,7.94920863503984
session_4.csv,session_4,842,53888,54016,53888,54016,107.776,108.032,relax,0,0,0.0,False,False,3.029438960372966,3.701908414336481,437.75176191669016,39.0,5.0,87.70427534002114,93.75,97.65625,10.139006952033926
session_4.csv,session_4,843,53952,54080,53952,54080,107.904,108.16,relax,0,0,0.0,False,False,3.5350665875763694,4.316478786891673,498.7222007234175,42.0,7.0,85.1847928485705,85.9375,97.65625,13.460924550779714
session_4.csv,session_4,844,54016,54144,54016,54144,108.032,108.288,relax,0,0,0.0,False,False,3.697178753887088,4.492628595271352,519.2082609853708,41.0,9.0,88.08271488396038,97.65625,97.65625,11.190070449408088
session_4.csv,session_4,845,54080,54208,54080,54208,108.16,108.416,relax,0,0,0.0,False,False,3.4382382113451726,4.130291982054257,484.9324195645894,41.0,8.0,81.45050171532127,78.125,74.21875,13.870840836593699
session_4.csv,session_4,846,54144,54272,54144,54272,108.288,108.544,relax,0,0,0.0,False,False,3.670241088925108,4.279655197269521,527.0504422826427,47.0,11.0,92.06147777249198,97.65625,97.65625,9.901404852461127
session_4.csv,session_4,847,54208,54336,54208,54336,108.416,108.672,relax,0,0,0.0,False,False,3.60506035041937,4.174807353289894,508.8607187744436,46.0,11.0,89.31863162868667,97.65625,97.65625,9.601392005530723
session_4.csv,session_4,848,54272,54400,54272,54400,108.544,108.8,relax,0,0,0.0,False,False,3.0381606513500357,3.6433062204615934,422.6212507458275,38.0,6.0,83.07945195718133,78.125,97.65625,6.926662016079605
session_4.csv,session_4,849,54336,54464,54336,54464,108.672,108.928,relax,0,0,0.0,False,False,2.537570581781389,3.148194111046692,353.18081803802136,30.0,2.0,81.90978583803214,78.125,97.65625,5.937059782485189
session_4.csv,session_4,850,54400,54528,54400,54528,108.8,109.056,relax,0,0,0.0,False,False,2.9514185453074937,3.7517726414350894,411.7812448420557,33.0,2.0,83.57551157719598,85.9375,97.65625,9.705204465649135
session_4.csv,session_4,851,54464,54592,54464,54592,108.928,109.184,relax,0,0,0.0,False,False,3.3615326911531795,4.112112135600792,478.03153793759293,41.0,6.0,84.21101866119686,82.03125,97.65625,11.822551612463512
session_4.csv,session_4,852,54528,54656,54528,54656,109.056,109.312,relax,0,0,0.0,False,False,3.0868590958493654,3.8193108698735423,433.90261321601815,38.0,5.0,86.61847613609794,89.84375,97.65625,10.635967201376229
session_4.csv,session_4,853,54592,54720,54592,54720,109.184,109.44,relax,0,0,0.0,False,False,2.803412151154901,3.532420898362198,383.70940197481787,33.0,2.0,83.84167576305103,85.9375,97.65625,7.075736901630622
session_4.csv,session_4,854,54656,54784,54656,54784,109.312,109.568,relax,0,0,0.0,False,False,2.755386309308826,3.31062381213352,387.07072159309314,35.0,4.0,83.60748823767712,85.9375,97.65625,6.386434679239002
session_4.csv,session_4,855,54720,54848,54720,54848,109.44,109.696,relax,0,0,0.0,False,False,2.833627111613519,3.3868967000114485,403.6704836238242,39.0,4.0,87.41974596807839,89.84375,97.65625,8.477917273362717
session_4.csv,session_4,856,54784,54912,54784,54912,109.568,109.824,relax,0,0,0.0,False,False,2.833414847428302,3.3796017496985717,410.0467500881598,41.0,0.0,91.58726694663966,97.65625,97.65625,6.589954328487147
session_4.csv,session_4,857,54848,54976,54848,54976,109.696,109.952,relax,0,0,0.0,False,False,2.7827260125661475,3.3166405019795677,410.30075652844914,40.0,2.0,88.02586655614768,97.65625,97.65625,7.777602525941901
session_4.csv,session_4,858,54912,55040,54912,55040,109.824,110.08,relax,0,0,0.0,False,False,2.55618838979818,3.2125602656047056,373.27353137964826,33.0,3.0,84.4302348186919,89.84375,97.65625,7.734092153801905
session_4.csv,session_4,859,54976,55104,54976,55104,109.952,110.208,relax,0,0,0.0,False,False,2.413607286653252,3.112908165564321,337.46930117423983,28.0,1.0,82.73880093177999,85.9375,97.65625,5.8934576635932565
session_4.csv,session_4,860,55040,55168,55040,55168,110.08,110.336,relax,0,0,0.0,False,False,2.3711201520678857,2.9451983624671367,324.082092474579,25.0,1.0,81.81214896778579,82.03125,70.3125,5.182470687340605
session_4.csv,session_4,861,55104,55232,55104,55232,110.208,110.464,relax,0,0,0.0,False,False,3.156372159795743,4.1139612064853885,416.89137651386625,30.0,3.0,83.45763498860111,82.03125,97.65625,11.882980215125869
session_4.csv,session_4,862,55168,55296,55168,55296,110.336,110.592,relax,0,9,0.0703125,True,True,6.301167947932144,8.535647242898404,809.2578796548743,39.0,12.0,82.72677354214602,82.03125,78.125,55.30995349162796
session_4.csv,session_4,863,55232,55360,55232,55360,110.464,110.72,clench,1,73,0.5703125,True,True,9.025858549918325,10.995865369965784,1143.0984295022934,42.0,21.0,78.48070475758134,78.125,78.125,112.47656216092658
session_4.csv,session_4,864,55296,55424,55296,55424,110.592,110.848,clench,1,128,1.0,False,True,12.353997265315453,15.359118970495595,1543.9680524966298,40.0,23.0,80.12907859488055,78.125,78.125,264.3325482945974
session_4.csv,session_4,865,55360,55488,55360,55488,110.72,110.976,clench,1,128,1.0,False,False,12.708065138744924,15.764540747860604,1644.9074837190387,43.0,25.0,82.66459193257279,82.03125,89.84375,192.30021941884553
session_4.csv,session_4,866,55424,55552,55424,55552,110.848,111.104,clench,1,128,1.0,False,False,10.660075396260016,12.926378648646734,1425.6927154770367,43.0,28.0,83.09421650605424,82.03125,97.65625,144.06646874784508
session_4.csv,session_4,867,55488,55616,55488,55616,110.976,111.232,clench,1,128,1.0,False,False,10.744323805752746,12.860502637306324,1319.1625864436442,38.0,26.0,76.96953560981872,70.3125,70.3125,120.50023597975124
session_4.csv,session_4,868,55552,55680,55552,55680,111.104,111.36,clench,1,128,1.0,False,False,14.325500947609257,18.076484187928965,1758.5648163466676,38.0,28.0,78.15308398252112,78.125,70.3125,243.40502495287132
session_4.csv,session_4,869,55616,55744,55616,55744,111.232,111.488,clench,1,128,1.0,False,False,16.39808880977875,20.766070065813995,2135.8622115036146,43.0,36.0,87.12106404346507,85.9375,93.75,404.88523752409316
session_4.csv,session_4,870,55680,55808,55680,55808,111.36,111.616,clench,1,128,1.0,False,False,20.970494772782914,26.948906189238684,2702.592726896607,44.0,31.0,82.97348345215106,85.9375,89.84375,649.2941479113015
session_4.csv,session_4,871,55744,55872,55744,55872,111.488,111.744,clench,1,128,1.0,False,False,23.72453440749094,29.69870973166893,3091.8672542999884,45.0,33.0,81.65471606501733,78.125,74.21875,1035.483073127451
session_4.csv,session_4,872,55808,55936,55808,55936,111.616,111.872,clench,1,128,1.0,False,False,20.058235937973077,25.12673098681405,2657.7860943315595,45.0,36.0,81.43735775361709,82.03125,78.125,480.65375554676405
session_4.csv,session_4,873,55872,56000,55872,56000,111.744,112.0,clench,1,128,1.0,False,False,18.05711664051237,22.108011633582777,2268.635412191497,42.0,36.0,80.15424741687207,74.21875,74.21875,411.93177096736275
session_4.csv,session_4,874,55936,56064,55936,56064,111.872,112.128,clench,1,128,1.0,False,True,12.164421788553987,15.624040379053099,1566.3735473944691,41.0,31.0,84.16894573874127,85.9375,93.75,133.65508532459154
session_4.csv,session_4,875,56000,56128,56000,56128,112.0,112.256,clench,1,74,0.578125,True,True,6.2015374675550206,8.090072019573384,800.7239751598005,39.0,15.0,78.20247132276145,74.21875,74.21875,41.93114424278136
session_4.csv,session_4,876,56064,56192,56064,56192,112.128,112.384,relax,0,10,0.078125,True,True,4.07822689673982,5.048936402814577,533.0258764846247,37.0,7.0,87.33360205956262,89.84375,97.65625,32.91877432453927
session_4.csv,session_4,877,56128,56256,56128,56256,112.256,112.512,relax,0,0,0.0,False,False,3.577660781196526,4.611190642146428,490.93536891792166,38.0,6.0,78.25368133401925,78.125,70.3125,6.580097663337701
session_4.csv,session_4,878,56192,56320,56192,56320,112.384,112.64,relax,0,0,0.0,False,False,3.496194831471777,4.2489614624592305,463.28792661863963,38.0,6.0,77.57079082176925,74.21875,74.21875,10.884548176134428
session_4.csv,session_4,879,56256,56384,56256,56384,112.512,112.768,relax,0,0,0.0,False,False,3.4340145285882073,4.128781139269336,450.3315394081651,40.0,4.0,85.89809426665366,93.75,97.65625,15.393708678426034
session_4.csv,session_4,880,56320,56448,56320,56448,112.64,112.896,relax,0,0,0.0,False,False,3.3631993255810873,4.0189791591423445,470.4661979708626,44.0,7.0,84.87285823374839,85.9375,97.65625,12.711842982828697
session_4.csv,session_4,881,56384,56512,56384,56512,112.768,113.024,relax,0,0,0.0,False,False,3.3854400525660395,4.0750209589715745,485.5250983397043,44.0,6.0,92.70851714247904,97.65625,97.65625,7.321559788802463
session_4.csv,session_4,882,56448,56576,56448,56576,112.896,113.152,relax,0,0,0.0,False,False,3.0346801744247314,3.608040751851998,438.15691860135667,43.0,4.0,85.90252926262941,85.9375,97.65625,11.411249138440256
session_4.csv,session_4,883,56512,56640,56512,56640,113.024,113.28,relax,0,0,0.0,False,False,3.0930457427552946,3.71525756769214,441.76716698127257,39.0,6.0,84.64776595142962,93.75,97.65625,6.569895466172588
session_4.csv,session_4,884,56576,56704,56576,56704,113.152,113.408,relax,0,0,0.0,False,False,3.287603213173157,3.921458917162634,466.1383058713212,37.0,8.0,92.55726857390121,97.65625,97.65625,12.690623431158278
session_4.csv,session_4,885,56640,56768,56640,56768,113.28,113.536,relax,0,0,0.0,False,False,2.9841289119824417,3.590074390316134,431.4915188744534,42.0,5.0,86.51610902031418,97.65625,97.65625,5.427183610583482
session_4.csv,session_4,886,56704,56832,56704,56832,113.408,113.664,relax,0,0,0.0,False,False,2.755527103432361,3.318492065962636,393.86421709799345,40.0,3.0,80.09250461772295,78.125,97.65625,4.331167275112919
session_4.csv,session_4,887,56768,56896,56768,56896,113.536,113.792,relax,0,0,0.0,False,False,3.1846492271370233,4.065446754959069,444.59455977242385,33.0,5.0,83.8892159173722,85.9375,97.65625,12.08669144583811
session_4.csv,session_4,888,56832,56960,56832,56960,113.664,113.92,relax,0,0,0.0,False,False,4.773747310585205,6.170146905212712,687.6750783293433,36.0,14.0,90.96497365562163,97.65625,97.65625,19.641331845459465
session_4.csv,session_4,889,56896,57024,56896,57024,113.792,114.048,relax,0,0,0.0,False,False,5.474028355747564,6.640592585217299,799.2149260551831,48.0,20.0,89.88808247690929,89.84375,97.65625,30.23682787232162
session_4.csv,session_4,890,56960,57088,56960,57088,113.92,114.176,relax,0,0,0.0,False,False,3.8501374624015705,4.730709265359978,561.0179928457032,47.0,11.0,88.49947972337816,97.65625,97.65625,9.164089195658965
session_4.csv,session_4,891,57024,57152,57024,57152,114.048,114.304,relax,0,0,0.0,False,False,3.4677703975662153,4.173095083885473,499.31578120098766,47.0,7.0,86.88827820789317,89.84375,97.65625,8.02987611547949
session_4.csv,session_4,892,57088,57216,57088,57216,114.176,114.432,relax,0,0,0.0,False,False,3.332977665339584,4.056469128128185,472.85682005672504,43.0,6.0,83.64235225017507,85.9375,97.65625,13.312820355811898
session_4.csv,session_4,893,57152,57280,57152,57280,114.304,114.56,relax,0,0,0.0,False,False,3.099072053285462,3.995124019337273,414.8384919667759,35.0,5.0,81.78865967576682,82.03125,70.3125,5.763212072812493
session_4.csv,session_4,894,57216,57344,57216,57344,114.432,114.688,relax,0,0,0.0,False,False,3.1760865524599255,4.0172323361022375,444.31583308490633,39.0,7.0,87.8704695056015,93.75,97.65625,16.696733293329867
session_4.csv,session_4,895,57280,57408,57280,57408,114.56,114.816,relax,0,0,0.0,False,False,3.5550328928972776,4.448975659266938,504.39871555657453,39.0,10.0,85.3303876337362,89.84375,97.65625,14.843169903932942
session_4.csv,session_4,896,57344,57472,57344,57472,114.688,114.944,relax,0,0,0.0,False,False,4.6964137670951125,5.721991245344594,619.0458218653423,38.0,13.0,81.34479989183478,85.9375,85.9375,21.794203051947484
session_4.csv,session_4,897,57408,57536,57408,57536,114.816,115.072,relax,0,0,0.0,False,False,4.6136276525002815,5.734000021301584,602.312772985525,39.0,9.0,79.38427857868626,78.125,74.21875,24.337375819962887
session_4.csv,session_4,898,57472,57600,57472,57600,114.944,115.2,relax,0,0,0.0,False,False,3.9222448455951424,4.983691098875203,541.8607550321876,39.0,7.0,80.342777989097,82.03125,66.40625,15.74732287950105
session_4.csv,session_4,899,57536,57664,57536,57664,115.072,115.328,relax,0,0,0.0,False,False,4.388430388087648,5.384265755923122,574.0050857309903,40.0,10.0,81.69808906144767,82.03125,93.75,40.710186925067674
session_4.csv,session_4,900,57600,57728,57600,57728,115.2,115.456,relax,0,0,0.0,False,False,4.5481259565233385,5.4928220745815235,573.9670773486758,38.0,13.0,83.60174044027235,82.03125,97.65625,19.009120866009308
session_4.csv,session_4,901,57664,57792,57664,57792,115.328,115.584,relax,0,0,0.0,False,False,4.49748110405093,5.6622429643497565,593.9109664832407,38.0,13.0,82.40999234316084,82.03125,82.03125,26.73244778904859
session_4.csv,session_4,902,57728,57856,57728,57856,115.456,115.712,relax,0,27,0.2109375,True,True,4.764225033463116,6.169131720156492,629.0979416821605,37.0,15.0,80.84514576673098,85.9375,85.9375,20.653782966078705
session_4.csv,session_4,903,57792,57920,57792,57920,115.584,115.84,clench,1,91,0.7109375,True,True,5.2511544510996,6.745503122673229,662.2713964678859,35.0,12.0,75.51333474324437,74.21875,70.3125,30.435843263507483
session_4.csv,session_4,904,57856,57984,57856,57984,115.712,115.968,clench,1,128,1.0,False,False,8.491785876195038,10.47003866686474,1082.8270860687605,38.0,16.0,81.70369106234894,82.03125,85.9375,94.77021675096069
session_4.csv,session_4,905,57920,58048,57920,58048,115.84,116.096,clench,1,128,1.0,False,False,8.790114949998205,10.717090400357854,1152.4123993602095,41.0,23.0,81.5514513044713,82.03125,89.84375,105.41603826321024
session_4.csv,session_4,906,57984,58112,57984,58112,115.968,116.224,clench,1,128,1.0,False,False,6.423531745145202,8.109802480933652,868.5379335173301,39.0,19.0,78.7193440904296,74.21875,70.3125,25.588756867324673
session_4.csv,session_4,907,58048,58176,58048,58176,116.096,116.352,clench,1,128,1.0,False,False,6.352977512451062,7.952315767058323,852.0732508024593,40.0,16.0,85.79711904045517,85.9375,85.9375,87.14446553965745
session_4.csv,session_4,908,58112,58240,58112,58240,116.224,116.48,clench,1,128,1.0,False,False,8.179332492709719,10.351045879746868,1074.8222650413147,39.0,22.0,78.02311456704909,74.21875,70.3125,45.9668624344539
session_4.csv,session_4,909,58176,58304,58176,58304,116.352,116.608,clench,1,128,1.0,False,False,9.167662783399985,11.144273003773192,1199.2775085696055,39.0,26.0,83.47796716030817,85.9375,85.9375,131.62386280186166
session_4.csv,session_4,910,58240,58368,58240,58368,116.48,116.736,clench,1,128,1.0,False,False,9.361566117322631,11.44221056026383,1260.0051344468748,43.0,30.0,86.37865690856039,85.9375,93.75,175.1338031937081
session_4.csv,session_4,911,58304,58432,58304,58432,116.608,116.864,clench,1,128,1.0,False,False,10.782665973317371,13.293733673490125,1496.8805666035908,47.0,32.0,82.81670289029341,82.03125,82.03125,78.40247512167913
session_4.csv,session_4,912,58368,58496,58368,58496,116.736,116.992,clench,1,128,1.0,False,False,14.673862661094738,18.68807838633169,2077.0772603857176,48.0,36.0,82.74291561653658,82.03125,97.65625,161.9659733044239
session_4.csv,session_4,913,58432,58560,58432,58560,116.864,117.12,clench,1,128,1.0,False,False,21.862104743236348,26.325264342861647,2922.9891817652633,45.0,37.0,82.76495866027264,82.03125,82.03125,622.5347213522107
session_4.csv,session_4,914,58496,58624,58496,58624,116.992,117.248,clench,1,128,1.0,False,False,23.549282099093254,27.473851618743392,2941.764684860083,42.0,36.0,82.18357073851017,82.03125,82.03125,487.3711781942292
session_4.csv,session_4,915,58560,58688,58560,58688,117.12,117.376,clench,1,128,1.0,False,False,20.77267966848543,24.35609920270946,2641.7720304685736,43.0,35.0,82.0444202263275,85.9375,85.9375,609.3632829866871
session_4.csv,session_4,916,58624,58752,58624,58752,117.248,117.504,clench,1,121,0.9453125,True,True,17.277305177443868,21.650023754126988,2249.930660969698,43.0,30.0,79.47054597226754,78.125,78.125,620.4407611675108
session_4.csv,session_4,917,58688,58816,58688,58816,117.376,117.632,relax,0,57,0.4453125,True,True,9.466180324981746,14.424534074954147,1237.5264104053977,40.0,21.0,85.76768477561166,85.9375,97.65625,63.58294695847458
session_4.csv,session_4,918,58752,58880,58752,58880,117.504,117.76,relax,0,0,0.0,False,True,3.4632473067071627,4.452400450832354,481.20300328242934,36.0,8.0,84.69845271324417,85.9375,97.65625,14.925914398933633
session_4.csv,session_4,919,58816,58944,58816,58944,117.632,117.888,relax,0,0,0.0,False,False,2.778120210776203,3.4547441448901592,369.5559813359728,33.0,1.0,78.58525454656653,78.125,70.3125,8.713675323465282
session_4.csv,session_4,920,58880,59008,58880,59008,117.76,118.016,relax,0,0,0.0,False,False,3.114197343543178,3.940389574505994,419.66081982439687,36.0,4.0,82.21692990781462,78.125,97.65625,10.082230225831433
session_4.csv,session_4,921,58944,59072,58944,59072,117.888,118.144,relax,0,0,0.0,False,False,3.7337990499093516,4.585401018144366,530.2935094825197,41.0,8.0,88.67840745129233,93.75,97.65625,11.728146984597114
session_4.csv,session_4,922,59008,59136,59008,59136,118.016,118.272,relax,0,0,0.0,False,False,3.4241225678597536,4.191108710759242,490.6482417747204,40.0,5.0,87.5678991921413,93.75,97.65625,12.558805591425525
session_4.csv,session_4,923,59072,59200,59072,59200,118.144,118.4,relax,0,0,0.0,False,False,2.921105831234298,3.503649444719772,423.0013921051167,39.0,2.0,80.42596126076097,74.21875,97.65625,3.9897740765566896
session_4.csv,session_4,924,59136,59264,59136,59264,118.272,118.528,relax,0,0,0.0,False,False,2.9595249981041496,3.6066009387204976,409.23246148355975,35.0,2.0,82.94572984892045,85.9375,97.65625,9.787177139684628
session_4.csv,session_4,925,59200,59328,59200,59328,118.4,118.656,relax,0,0,0.0,False,False,2.840994220643906,3.4601908806514055,400.16533181168245,36.0,3.0,88.69003184790913,93.75,97.65625,9.99836505133847
session_4.csv,session_4,926,59264,59392,59264,59392,118.528,118.784,relax,0,0,0.0,False,False,3.3319768841013886,3.959429861333719,481.53288348857836,44.0,8.0,84.83654081338364,89.84375,97.65625,7.598246018603925
session_4.csv,session_4,927,59328,59456,59328,59456,118.656,118.912,relax,0,0,0.0,False,False,3.051325710062888,3.8010127232380064,432.8281117681812,35.0,7.0,86.02907646934068,89.84375,97.65625,7.156568598069808
session_4.csv,session_4,928,59392,59520,59392,59520,118.784,119.04,relax,0,0,0.0,False,False,3.041507404922414,3.882499108285939,424.69235382952434,34.0,5.0,82.90200515813419,82.03125,97.65625,14.293065043378792
session_4.csv,session_4,929,59456,59584,59456,59584,118.912,119.168,relax,0,0,0.0,False,False,3.3185435552286418,4.074740932598019,466.88592872395,41.0,7.0,87.30305561524524,97.65625,97.65625,7.76366421847717
session_4.csv,session_4,930,59520,59648,59520,59648,119.04,119.296,relax,0,0,0.0,False,False,2.7904155088709963,3.45064232119454,393.68189581141826,39.0,6.0,83.87312533137552,85.9375,97.65625,9.414031991771362
session_4.csv,session_4,931,59584,59712,59584,59712,119.168,119.424,relax,0,0,0.0,False,False,2.94841459680691,3.6573513085513585,421.5366438529928,39.0,7.0,85.81526058710062,89.84375,97.65625,4.750493731802404
session_4.csv,session_4,932,59648,59776,59648,59776,119.296,119.552,relax,0,0,0.0,False,False,3.301071559756358,3.901507029714012,476.33044282349704,45.0,7.0,87.82597953998769,89.84375,97.65625,9.344764799311633
session_4.csv,session_4,933,59712,59840,59712,59840,119.424,119.68,relax,0,0,0.0,False,False,3.3704083809576435,3.9510479780937313,487.7620344837062,48.0,7.0,88.05819484243439,97.65625,97.65625,10.24303769139552
session_4.csv,session_4,934,59776,59904,59776,59904,119.552,119.808,relax,0,0,0.0,False,False,3.6171738541265235,4.213398090569341,519.0779518775902,47.0,12.0,87.14515174807795,97.65625,97.65625,9.969400871342636
session_4.csv,session_4,935,59840,59968,59840,59968,119.68,119.936,relax,0,0,0.0,False,False,3.3059888297120663,3.9220019477977424,478.8364660529469,44.0,9.0,90.57737826876664,97.65625,97.65625,6.3849222005654145
session_4.csv,session_4,936,59904,60032,59904,60032,119.808,120.064,relax,0,0,0.0,False,False,2.73995295946622,3.2688920443667056,393.35569479073035,39.0,3.0,88.82549036301015,97.65625,97.65625,6.13292003637846
session_4.csv,session_4,937,59968,60096,59968,60096,119.936,120.192,relax,0,0,0.0,False,False,2.7011854238772504,3.1349071932770176,381.7467265020425,42.0,1.0,83.60307712631943,85.9375,89.84375,7.64603167316235
session_4.csv,session_4,938,60032,60160,60032,60160,120.064,120.32,relax,0,0,0.0,False,False,3.0649189861991823,3.609938215159893,441.3698547782558,48.0,2.0,91.53459210294253,97.65625,97.65625,5.6287912160625755
session_4.csv,session_4,939,60096,60224,60096,60224,120.192,120.448,relax,0,0,0.0,False,False,3.4526141607699845,4.091255950797823,490.06720622416924,46.0,7.0,92.91557362113052,97.65625,97.65625,11.217369812057033
session_4.csv,session_4,940,60160,60288,60160,60288,120.32,120.576,relax,0,0,0.0,False,False,3.2439263999072816,3.8703955701023625,436.8396499285219,37.0,8.0,82.33643551935224,82.03125,70.3125,12.52205508138758
session_4.csv,session_4,941,60224,60352,60224,60352,120.448,120.704,relax,0,0,0.0,False,False,2.848759645076014,3.352553597587673,390.53724411092935,37.0,3.0,84.86136911861401,89.84375,97.65625,8.513704513599192
session_4.csv,session_4,942,60288,60416,60288,60416,120.576,120.832,relax,0,0,0.0,False,False,2.9083911737902124,3.4162551294735986,404.0447136898697,38.0,2.0,84.33714680655184,85.9375,85.9375,10.475747985607063
session_4.csv,session_4,943,60352,60480,60352,60480,120.704,120.96,relax,0,0,0.0,False,False,3.29413217791734,3.884316460625837,461.8311793792518,41.0,6.0,89.43988138694858,97.65625,97.65625,8.579593972279264
session_4.csv,session_4,944,60416,60544,60416,60544,120.832,121.088,relax,0,0,0.0,False,False,3.474544321274047,4.102790677802808,500.25278909549604,44.0,8.0,87.82092337572178,89.84375,97.65625,11.15359907432423
session_4.csv,session_4,945,60480,60608,60480,60608,120.96,121.216,relax,0,0,0.0,False,False,3.5394824426090077,4.281960512873044,513.434176066235,44.0,8.0,87.1565837681617,89.84375,97.65625,8.114088101292348
session_4.csv,session_4,946,60544,60672,60544,60672,121.088,121.344,relax,0,0,0.0,False,False,3.1367068581983553,3.870553561568404,447.16358296740134,40.0,8.0,86.7116448747362,93.75,97.65625,9.164004416372107
