source_file,session_id,window_index,start_sample,end_sample_exclusive,downsampled_start_sample,downsampled_end_sample_exclusive,start_time_s,end_time_s,label,label_id,clench_sample_count,clench_fraction,contains_label_transition,intersects_transition_band,mav,rms,wl,zc,ssc,mnf,mdf,pkf,bandpower
session_6.csv,session_6,0,0,128,0,128,0.0,0.256,relax,0,0,0.0,False,False,32.89676063235743,95.0820929601822,1871.8661639656716,23.0,3.0,46.97340374467825,27.34375,23.4375,20.58556235150176
session_6.csv,session_6,1,64,192,64,192,0.128,0.384,relax,0,0,0.0,False,False,2.362585848455531,2.802721117191002,306.60392905461435,25.0,1.0,80.20814099322779,82.03125,82.03125,6.448011015620557
session_6.csv,session_6,2,128,256,128,256,0.256,0.512,relax,0,0,0.0,False,False,2.784099820133945,3.347354109304635,365.0232013565858,31.0,4.0,80.71215193802338,82.03125,85.9375,9.67490178438757
session_6.csv,session_6,3,192,320,192,320,0.384,0.64,relax,0,0,0.0,False,False,2.67936559233513,3.2405103192646334,347.23984896667855,30.0,4.0,84.86681943311696,85.9375,97.65625,9.189504716343247
session_6.csv,session_6,4,256,384,256,384,0.512,0.768,relax,0,0,0.0,False,False,2.826868702922642,3.3556951445520347,356.9288373283356,32.0,3.0,80.25106539993818,82.03125,82.03125,7.561142778968058
session_6.csv,session_6,5,320,448,320,448,0.64,0.896,relax,0,0,0.0,False,False,2.976682275273679,3.534382065306179,383.0015518852549,33.0,2.0,86.94787493012193,85.9375,85.9375,12.845286367250687
session_6.csv,session_6,6,384,512,384,512,0.768,1.024,relax,0,0,0.0,False,False,2.5094768317636325,3.228363971690081,313.8178413432796,24.0,0.0,77.07071392237918,78.125,78.125,15.169908898302202
session_6.csv,session_6,7,448,576,448,576,0.896,1.152,relax,0,0,0.0,False,False,2.1385383017598976,2.9849059316335143,268.2730280270166,20.0,0.0,80.04459013256313,82.03125,82.03125,2.5957175747575203
session_6.csv,session_6,8,512,640,512,640,1.024,1.28,relax,0,0,0.0,False,False,2.123826912469328,2.7739968228927117,273.8749670338477,24.0,1.0,81.70396057367952,78.125,78.125,7.89090173948887
session_6.csv,session_6,9,576,704,576,704,1.152,1.408,relax,0,0,0.0,False,False,2.930307052891421,3.7134954160415257,371.1694684607605,29.0,3.0,83.46308425197896,82.03125,78.125,19.101613209899607
session_6.csv,session_6,10,640,768,640,768,1.28,1.536,relax,0,3,0.0234375,True,True,4.220087447823067,5.9925390649447055,543.269972390205,32.0,7.0,82.87559062691327,85.9375,74.21875,10.045335246133419
session_6.csv,session_6,11,704,832,704,832,1.408,1.664,clench,1,67,0.5234375,True,True,10.637711348839332,15.23236130659499,1395.5661314937,39.0,20.0,79.95788627132612,78.125,78.125,218.34288661625615
session_6.csv,session_6,12,768,896,768,896,1.536,1.792,clench,1,128,1.0,False,True,12.737837349035097,16.33304184057721,1652.4025271689238,43.0,25.0,84.22812388677943,89.84375,89.84375,253.892769024471
session_6.csv,session_6,13,832,960,832,960,1.664,1.92,clench,1,128,1.0,False,False,8.356540827450829,10.064563190212455,1067.3857165067311,42.0,14.0,86.23842507648739,85.9375,78.125,78.61208767954855
session_6.csv,session_6,14,896,1024,896,1024,1.792,2.048,clench,1,128,1.0,False,False,8.355022035778514,9.920318102406027,1045.6793908559748,41.0,21.0,77.50620342019273,78.125,78.125,68.15387426638101
session_6.csv,session_6,15,960,1088,960,1088,1.92,2.176,clench,1,128,1.0,False,False,10.931579429131133,13.94506786929471,1384.527095597246,40.0,29.0,80.84687892204235,78.125,78.125,139.91602457827054
session_6.csv,session_6,16,1024,1152,1024,1152,2.048,2.304,clench,1,128,1.0,False,False,9.790040332475993,13.159711662947567,1244.982467996203,40.0,20.0,81.78844307796753,82.03125,78.125,188.32284638176336
session_6.csv,session_6,17,1088,1216,1088,1216,2.176,2.432,clench,1,128,1.0,False,False,10.154977331894075,12.735745383388135,1299.620474798629,41.0,19.0,80.21624949196051,78.125,78.125,115.31284656612148
session_6.csv,session_6,18,1152,1280,1152,1280,2.304,2.56,clench,1,128,1.0,False,False,13.320835563510553,16.03204435303711,1677.2855676072095,39.0,23.0,81.51819561702366,78.125,78.125,167.328299359449
session_6.csv,session_6,19,1216,1344,1216,1344,2.432,2.688,clench,1,128,1.0,False,False,12.326591152737233,15.099975492970243,1516.4202441520788,38.0,25.0,80.02587252291414,78.125,78.125,337.9273669546723
session_6.csv,session_6,20,1280,1408,1280,1408,2.56,2.816,clench,1,128,1.0,False,False,8.25365704170646,10.765837608354964,997.2533242975843,40.0,17.0,77.81089983616886,78.125,78.125,49.35616897724995
session_6.csv,session_6,21,1344,1472,1344,1472,2.688,2.944,clench,1,117,0.9140625,True,True,4.7202686984398,5.835311648931595,598.6012467377656,37.0,8.0,80.41603401405479,82.03125,82.03125,38.53118781150946
session_6.csv,session_6,22,1408,1536,1408,1536,2.816,3.072,relax,0,53,0.4140625,True,True,3.4265284390427917,4.386666071344135,443.82402899768056,30.0,5.0,80.88437025865075,78.125,74.21875,8.437438891670793
session_6.csv,session_6,23,1472,1600,1472,1600,2.944,3.2,relax,0,0,0.0,False,True,2.23883712410755,2.7600796218656733,309.1736675865569,25.0,1.0,82.8159569237631,82.03125,78.125,8.382797264404207
session_6.csv,session_6,24,1536,1664,1536,1664,3.072,3.328,relax,0,0,0.0,False,False,2.106313694226916,2.5610691377515122,290.8505026674584,27.0,2.0,83.66228782519823,85.9375,93.75,4.484325296486454
session_6.csv,session_6,25,1600,1728,1600,1728,3.2,3.456,relax,0,0,0.0,False,False,2.2503700671942077,2.7867889557116214,304.1480529058449,29.0,2.0,85.38771026098958,85.9375,89.84375,4.9939895931594425
session_6.csv,session_6,26,1664,1792,1664,1792,3.328,3.584,relax,0,0,0.0,False,False,2.317937661531312,2.8258859856712055,309.63162472326314,27.0,1.0,78.52792056069322,78.125,78.125,5.16856406987435
session_6.csv,session_6,27,1728,1856,1728,1856,3.456,3.712,relax,0,0,0.0,False,False,2.247019591916322,2.7189581634477986,305.21095885784985,31.0,1.0,82.65311800668005,82.03125,78.125,7.95101300580161
session_6.csv,session_6,28,1792,1920,1792,1920,3.584,3.84,relax,0,0,0.0,False,False,2.3572801318214234,2.8589915513152326,318.0203294540794,33.0,2.0,86.43317123735042,89.84375,89.84375,6.9638014869212075
session_6.csv,session_6,29,1856,1984,1856,1984,3.712,3.968,relax,0,0,0.0,False,False,2.5753928053868043,3.265624923889457,327.8233999018536,26.0,2.0,77.26060002340512,74.21875,70.3125,12.011859438994936
session_6.csv,session_6,30,1920,2048,1920,2048,3.84,4.096,relax,0,0,0.0,False,True,3.7050427753170894,5.494993784433405,496.07485528699533,29.0,7.0,81.91543575249395,82.03125,82.03125,5.496472085650566
session_6.csv,session_6,31,1984,2112,1984,2112,3.968,4.224,relax,0,57,0.4453125,True,True,10.172688185936522,14.499257283293788,1353.3742533951727,40.0,21.0,82.14693268915772,78.125,78.125,175.49599161510338
session_6.csv,session_6,32,2048,2176,2048,2176,4.096,4.352,clench,1,121,0.9453125,True,True,10.82042552014029,14.615806971842424,1380.2403017915424,41.0,25.0,81.95272599813292,82.03125,74.21875,138.29820510713452
session_6.csv,session_6,33,2112,2240,2112,2240,4.224,4.48,clench,1,128,1.0,False,False,7.533732101260629,9.86496018337155,982.4149127207157,40.0,21.0,85.83240646878498,85.9375,89.84375,152.86348228477664
session_6.csv,session_6,34,2176,2304,2176,2304,4.352,4.608,clench,1,128,1.0,False,False,8.493714563248608,10.825226959954474,1083.1592173173804,41.0,22.0,76.6875574729281,74.21875,70.3125,39.120662340418
session_6.csv,session_6,35,2240,2368,2240,2368,4.48,4.736,clench,1,128,1.0,False,False,9.947512079664005,12.38940416338267,1225.1467041393025,41.0,22.0,79.17592527798418,78.125,78.125,112.71738659817193
session_6.csv,session_6,36,2304,2432,2304,2432,4.608,4.864,clench,1,128,1.0,False,False,10.841399054787075,13.987014098489354,1331.6216685278125,39.0,20.0,78.20938137528906,74.21875,74.21875,286.07314891300234
session_6.csv,session_6,37,2368,2496,2368,2496,4.736,4.992,clench,1,128,1.0,False,False,9.577042726953339,12.19426208538359,1216.9987464198207,41.0,22.0,86.84987189109603,93.75,97.65625,57.142116419841386
session_6.csv,session_6,38,2432,2560,2432,2560,4.864,5.12,clench,1,128,1.0,False,False,8.909828655264235,10.609751306211763,1146.3164406509502,40.0,22.0,81.03092482568816,78.125,78.125,108.11530592814236
session_6.csv,session_6,39,2496,2624,2496,2624,4.992,5.248,clench,1,128,1.0,False,False,9.11047528623356,10.903084727755562,1162.9088387038655,37.0,21.0,85.28992163588788,89.84375,93.75,108.73884459745884
session_6.csv,session_6,40,2560,2688,2560,2688,5.12,5.376,clench,1,128,1.0,False,False,8.462117950485533,10.27017077765206,1069.420038612599,39.0,21.0,74.46539319547449,74.21875,70.3125,117.07682306370181
session_6.csv,session_6,41,2624,2752,2624,2752,5.248,5.504,clench,1,128,1.0,False,False,6.609654747554434,8.172988616333448,845.3327529461662,41.0,15.0,79.49209249690026,78.125,78.125,47.113021698972325
session_6.csv,session_6,42,2688,2816,2688,2816,5.376,5.632,clench,1,128,1.0,False,True,4.7568071781627985,5.875911727608479,614.6402460970916,41.0,7.0,86.01086006000892,89.84375,89.84375,25.80718319381789
session_6.csv,session_6,43,2752,2880,2752,2880,5.504,5.76,clench,1,70,0.546875,True,True,2.7334701024420864,3.3718569469635877,364.24745335288196,29.0,3.0,84.44368200272869,85.9375,93.75,8.563751935618884
session_6.csv,session_6,44,2816,2944,2816,2944,5.632,5.888,relax,0,6,0.046875,True,True,1.9880710526512964,2.543509701431298,266.8762559694841,20.0,1.0,82.82016025003081,85.9375,93.75,5.10960084068787
session_6.csv,session_6,45,2880,3008,2880,3008,5.76,6.016,relax,0,0,0.0,False,False,1.8865189597914664,2.3336498494846225,239.78314023576604,18.0,0.0,77.88349969726364,70.3125,66.40625,3.938721703019718
session_6.csv,session_6,46,2944,3072,2944,3072,5.888,6.144,relax,0,0,0.0,False,False,1.862894134702163,2.2529702466986072,234.46757784586498,19.0,0.0,78.81880832526716,74.21875,74.21875,4.406260605808834
session_6.csv,session_6,47,3008,3136,3008,3136,6.016,6.272,relax,0,0,0.0,False,False,2.124219099626546,2.536721571463471,276.41368415987154,26.0,0.0,85.65780415218661,89.84375,93.75,5.855150641838569
session_6.csv,session_6,48,3072,3200,3072,3200,6.144,6.4,relax,0,0,0.0,False,False,2.2306525028734434,2.6702817657750773,277.3959948051719,23.0,0.0,76.8288914295823,78.125,78.125,7.8611250178210765
session_6.csv,session_6,49,3136,3264,3136,3264,6.272,6.528,relax,0,8,0.0625,True,True,3.833122717684522,5.002529618028174,455.73249375755915,28.0,4.0,71.44829014496024,70.3125,70.3125,13.666856586605155
session_6.csv,session_6,50,3200,3328,3200,3328,6.4,6.656,clench,1,72,0.5625,True,True,7.765225379359018,10.332755615238753,978.412863845425,39.0,14.0,81.78419024261144,82.03125,82.03125,118.5433281329255
session_6.csv,session_6,51,3264,3392,3264,3392,6.528,6.784,clench,1,128,1.0,False,True,10.251218337968453,13.137807949926218,1326.5183229989625,42.0,24.0,81.5616529465777,82.03125,74.21875,136.88512030004847
session_6.csv,session_6,52,3328,3456,3328,3456,6.656,6.912,clench,1,128,1.0,False,False,8.92013763166805,11.39720738629251,1197.4435500479021,46.0,26.0,83.29515131391105,89.84375,97.65625,93.75645842391697
session_6.csv,session_6,53,3392,3520,3392,3520,6.784,7.04,clench,1,128,1.0,False,False,6.566705813483776,9.132717076058041,914.1822200938416,43.0,18.0,87.03904335859337,89.84375,97.65625,47.17591864426715
session_6.csv,session_6,54,3456,3584,3456,3584,6.912,7.168,clench,1,128,1.0,False,False,5.491740842341067,7.988339788665563,726.7408665017924,37.0,11.0,81.87196626138471,82.03125,82.03125,63.078540022592335
session_6.csv,session_6,55,3520,3648,3520,3648,7.04,7.296,clench,1,91,0.7109375,True,True,5.297524110979203,6.638630486904173,658.2498368926558,35.0,12.0,74.17727576566001,70.3125,66.40625,27.624264669027315
session_6.csv,session_6,56,3584,3712,3584,3712,7.168,7.424,relax,0,27,0.2109375,True,True,3.6046846712979477,4.857283122048855,424.7224536855955,23.0,6.0,77.9128506172734,74.21875,74.21875,21.43855115384143
session_6.csv,session_6,57,3648,3776,3648,3776,7.296,7.552,relax,0,0,0.0,False,False,2.036724978432356,2.4286021784726066,248.99305285413539,19.0,0.0,80.33387668959358,82.03125,89.84375,4.740788364901908
session_6.csv,session_6,58,3712,3840,3712,3840,7.424,7.68,relax,0,0,0.0,False,False,1.9661227062305473,2.58787062909576,258.35150091927767,18.0,1.0,85.19947482774468,85.9375,93.75,8.82891082559528
session_6.csv,session_6,59,3776,3904,3776,3904,7.552,7.808,relax,0,0,0.0,False,False,1.7876966567407715,2.408236645084911,232.4621645124828,14.0,1.0,77.61231325691631,74.21875,74.21875,3.8522206653257274
session_6.csv,session_6,60,3840,3968,3840,3968,7.68,7.936,relax,0,0,0.0,False,False,1.667608476694916,2.0853835781221366,219.01756207034725,16.0,0.0,81.03926066561829,78.125,78.125,3.449504025948435
session_6.csv,session_6,61,3904,4032,3904,4032,7.808,8.064,relax,0,0,0.0,False,False,2.182647199517741,2.9657782174409824,286.1923400484561,21.0,0.0,83.5711153059229,85.9375,70.3125,6.961387993821534
session_6.csv,session_6,62,3968,4096,3968,4096,7.936,8.192,relax,0,0,0.0,False,False,2.4180489855248775,3.1794977571555756,309.70068260219716,22.0,0.0,81.94216916430807,85.9375,89.84375,8.210489580657919
session_6.csv,session_6,63,4032,4160,4032,4160,8.064,8.32,relax,0,0,0.0,False,True,3.7983516221336835,5.457179561848794,493.6299680354757,30.0,5.0,79.33789771031945,78.125,70.3125,10.219366156711654
session_6.csv,session_6,64,4096,4224,4096,4224,8.192,8.448,relax,0,54,0.421875,True,True,8.372280970225535,10.955305084886627,1094.4311772368922,43.0,21.0,85.68788372634125,85.9375,97.65625,82.07685252770413
session_6.csv,session_6,65,4160,4288,4160,4288,8.32,8.576,clench,1,118,0.921875,True,True,10.145638474002286,13.321873386980583,1355.7237144514206,44.0,28.0,82.12872953185938,82.03125,78.125,168.93311207465698
session_6.csv,session_6,66,4224,4352,4224,4352,8.448,8.704,clench,1,128,1.0,False,False,12.27137349742037,16.303768418662955,1610.5295791964104,43.0,28.0,84.16942431870508,85.9375,85.9375,141.08116840844565
session_6.csv,session_6,67,4288,4416,4288,4416,8.576,8.832,clench,1,128,1.0,False,False,14.504591881492225,17.948804096752678,1863.8874858313793,43.0,30.0,82.54715148968869,82.03125,89.84375,279.29290239025903
session_6.csv,session_6,68,4352,4480,4352,4480,8.704,8.96,clench,1,128,1.0,False,False,10.75831275635759,13.970311590309043,1389.4284555060894,40.0,24.0,81.57100821618336,82.03125,82.03125,243.86909147633986
session_6.csv,session_6,69,4416,4544,4416,4544,8.832,9.088,clench,1,128,1.0,False,False,9.643842602827956,12.75226731378737,1244.4446003157077,37.0,25.0,82.40103107569755,85.9375,89.84375,151.6981865972597
session_6.csv,session_6,70,4480,4608,4480,4608,8.96,9.216,clench,1,128,1.0,False,False,13.125313101376186,16.1577956031446,1671.2758971272033,39.0,33.0,78.14976262612697,78.125,85.9375,284.7571575313138
session_6.csv,session_6,71,4544,4672,4544,4672,9.088,9.344,clench,1,128,1.0,False,False,13.867751091066012,17.05555175093766,1711.9108007561185,39.0,30.0,79.51410633750571,74.21875,74.21875,315.15982400840045
session_6.csv,session_6,72,4608,4736,4608,4736,9.216,9.472,clench,1,128,1.0,False,False,11.816913399674235,14.847926519649915,1509.773384999854,43.0,29.0,76.89020417021739,74.21875,74.21875,93.87590222156372
session_6.csv,session_6,73,4672,4800,4672,4800,9.344,9.6,clench,1,128,1.0,False,False,8.546877597817579,10.53502373341723,1092.8766435046223,42.0,26.0,79.73537716979534,74.21875,74.21875,114.0411671795373
session_6.csv,session_6,74,4736,4864,4736,4864,9.472,9.728,clench,1,119,0.9296875,True,True,4.435835478994843,5.760102443168734,541.854779751905,33.0,8.0,81.33716946496125,82.03125,78.125,19.65627226923831
session_6.csv,session_6,75,4800,4928,4800,4928,9.6,9.856,relax,0,55,0.4296875,True,True,2.455203272850622,3.0123265249142697,309.31065646851084,27.0,0.0,79.42732345803063,82.03125,70.3125,6.959811896658273
session_6.csv,session_6,76,4864,4992,4864,4992,9.728,9.984,relax,0,0,0.0,False,True,2.6256673172472533,3.163499362242163,338.90551411221395,32.0,0.0,84.23960906115417,85.9375,85.9375,12.051670514495157
session_6.csv,session_6,77,4928,5056,4928,5056,9.856,10.112,relax,0,0,0.0,False,False,2.804770576366808,3.263583736933192,379.7097906628853,39.0,1.0,89.74396262065167,89.84375,93.75,9.947792479777599
session_6.csv,session_6,78,4992,5120,4992,5120,9.984,10.24,relax,0,0,0.0,False,False,2.6455422320121933,3.044580207684943,335.7236332118458,35.0,1.0,80.50041942732607,78.125,70.3125,8.21229806436696
session_6.csv,session_6,79,5056,5184,5056,5184,10.112,10.368,relax,0,0,0.0,False,False,2.2718501747559454,2.727201078337384,280.7614033466831,27.0,0.0,79.83261956461929,78.125,66.40625,6.210140293249109
session_6.csv,session_6,80,5120,5248,5120,5248,10.24,10.496,relax,0,0,0.0,False,False,2.325001624543617,2.836448857782469,307.55047630099034,26.0,0.0,82.43382341778616,82.03125,82.03125,9.195206273005923
session_6.csv,session_6,81,5184,5312,5184,5312,10.368,10.624,relax,0,0,0.0,False,False,2.732446645577588,3.331593155296084,357.96466805773093,29.0,0.0,83.98733843094007,85.9375,97.65625,6.979833111984381
session_6.csv,session_6,82,5248,5376,5248,5376,10.496,10.752,relax,0,0,0.0,False,True,2.7779836842814785,3.379638514803998,348.7581140130186,28.0,1.0,75.87273745545895,78.125,78.125,9.3102369644643
session_6.csv,session_6,83,5312,5440,5312,5440,10.624,10.88,relax,0,45,0.3515625,True,True,8.351338007723614,13.040944427836285,1011.91840636191,34.0,15.0,75.09267307151103,74.21875,70.3125,86.23734122209156
session_6.csv,session_6,84,5376,5504,5376,5504,10.752,11.008,clench,1,109,0.8515625,True,True,15.457382961985378,19.22096548230424,1907.1035078949865,41.0,30.0,82.34228740392378,85.9375,89.84375,324.0004896335155
session_6.csv,session_6,85,5440,5568,5440,5568,10.88,11.136,clench,1,128,1.0,False,False,13.700903027946389,16.970019318330394,1745.3003119547488,43.0,30.0,75.9357861327351,74.21875,78.125,314.5612861254242
session_6.csv,session_6,86,5504,5632,5504,5632,11.008,11.264,clench,1,128,1.0,False,False,12.953287613599358,15.867729522757342,1682.4763797729881,44.0,28.0,81.10480419443822,78.125,78.125,229.2796430039942
session_6.csv,session_6,87,5568,5696,5568,5696,11.136,11.392,clench,1,128,1.0,False,False,13.82140159300819,16.92476481739624,1765.2090015792414,43.0,30.0,78.34297822343142,74.21875,70.3125,233.12244271446752
session_6.csv,session_6,88,5632,5760,5632,5760,11.264,11.52,clench,1,128,1.0,False,False,12.696106686043233,15.471411211250725,1588.9121198124014,43.0,33.0,80.51790659493705,82.03125,74.21875,240.8207175140604
session_6.csv,session_6,89,5696,5824,5696,5824,11.392,11.648,clench,1,128,1.0,False,False,15.672232373230626,19.069059990708457,2025.6733694545278,44.0,33.0,81.17959213520405,78.125,66.40625,356.34323369312995
session_6.csv,session_6,90,5760,5888,5760,5888,11.52,11.776,clench,1,128,1.0,False,False,15.83041473395403,19.210393283002176,2017.6923682981387,43.0,29.0,79.9232074995306,78.125,66.40625,239.6896957958066
session_6.csv,session_6,91,5824,5952,5824,5952,11.648,11.904,clench,1,128,1.0,False,False,13.484267398933,16.19989522652141,1717.6463364679798,44.0,30.0,80.29669999110241,78.125,82.03125,267.8747444428236
session_6.csv,session_6,92,5888,6016,5888,6016,11.776,12.032,clench,1,128,1.0,False,False,11.667860186006003,14.748318813653256,1502.5002915216069,42.0,29.0,84.93095181265316,82.03125,78.125,172.75135109639297
session_6.csv,session_6,93,5952,6080,5952,6080,11.904,12.16,clench,1,128,1.0,False,False,11.95528800091734,15.41385754142468,1476.7748807787875,38.0,25.0,77.12341007911273,74.21875,70.3125,95.58372536590699
session_6.csv,session_6,94,6016,6144,6016,6144,12.032,12.288,clench,1,121,0.9453125,True,True,9.465968317879078,13.296978916850184,1137.0451840920236,33.0,15.0,80.47315854759452,78.125,74.21875,306.1953880640899
session_6.csv,session_6,95,6080,6208,6080,6208,12.16,12.416,relax,0,57,0.4453125,True,True,3.5861916352360232,4.963214669113195,417.0140039909752,27.0,2.0,75.01039487731342,74.21875,70.3125,7.601813070623927
session_6.csv,session_6,96,6144,6272,6144,6272,12.288,12.544,relax,0,0,0.0,False,True,2.2465803909785755,2.690869192886895,289.59782131367626,28.0,1.0,80.69439089736669,85.9375,85.9375,5.206498391393362
session_6.csv,session_6,97,6208,6336,6208,6336,12.416,12.672,relax,0,0,0.0,False,False,2.0879714574897115,2.6260021872397155,282.38994836447193,25.0,1.0,82.20609017369756,85.9375,85.9375,7.250180087734607
session_6.csv,session_6,98,6272,6400,6272,6400,12.544,12.8,relax,0,0,0.0,False,False,2.1053400837153466,2.715018446493188,280.29109971728394,22.0,3.0,78.84779680057164,78.125,78.125,5.298961165406509
session_6.csv,session_6,99,6336,6464,6336,6464,12.672,12.928,relax,0,0,0.0,False,False,2.459353964732945,3.0455612894999167,308.2517308952016,24.0,4.0,79.40335578646688,78.125,74.21875,6.924183994189742
session_6.csv,session_6,100,6400,6528,6400,6528,12.8,13.056,relax,0,0,0.0,False,False,2.2351636905779726,2.7465829034172877,279.58316965548045,20.0,1.0,76.28252963846975,70.3125,70.3125,6.885380722059802
session_6.csv,session_6,101,6464,6592,6464,6592,12.928,13.184,relax,0,0,0.0,False,False,2.451531629121014,3.077997039950832,309.5540683077454,26.0,1.0,81.86705758466498,82.03125,85.9375,5.888272687591123
session_6.csv,session_6,102,6528,6656,6528,6656,13.056,13.312,relax,0,0,0.0,False,True,4.050094639620451,5.22852059964997,527.7759544409759,36.0,9.0,83.55899672818587,82.03125,78.125,18.863461432048247
session_6.csv,session_6,103,6592,6720,6592,6720,13.184,13.44,relax,0,58,0.453125,True,True,6.420812942384214,7.9294788905191504,853.5008546979924,41.0,19.0,79.23810351028892,78.125,70.3125,61.28093610765342
session_6.csv,session_6,104,6656,6784,6656,6784,13.312,13.568,clench,1,122,0.953125,True,True,11.471884849675725,15.243710995498107,1533.5279021476547,44.0,25.0,79.2690683894458,78.125,74.21875,75.96444490987174
session_6.csv,session_6,105,6720,6848,6720,6848,13.44,13.696,clench,1,128,1.0,False,False,11.37283965322365,15.48563904062245,1511.7533399690774,43.0,22.0,85.89738530494711,89.84375,97.65625,322.1166430127123
session_6.csv,session_6,106,6784,6912,6784,6912,13.568,13.824,clench,1,128,1.0,False,False,7.550967321596213,10.358765993596835,973.9584707042229,40.0,13.0,74.67058589088407,70.3125,66.40625,83.10433542958607
session_6.csv,session_6,107,6848,6976,6848,6976,13.696,13.952,clench,1,128,1.0,False,True,7.035241519916067,9.497753147729476,872.9702191050204,36.0,13.0,76.1472552850631,74.21875,70.3125,41.8164507575661
session_6.csv,session_6,108,6912,7040,6912,7040,13.824,14.08,clench,1,80,0.625,True,True,4.702208048776448,6.209838437431761,591.5359989104761,37.0,9.0,80.85275538469075,78.125,78.125,25.856285454695996
session_6.csv,session_6,109,6976,7104,6976,7104,13.952,14.208,relax,0,16,0.125,True,True,2.714967598949647,3.437609978365826,366.92974469009346,30.0,2.0,76.90470901779292,78.125,78.125,9.058502471898464
session_6.csv,session_6,110,7040,7168,7040,7168,14.08,14.336,relax,0,0,0.0,False,False,2.7563321704479886,3.5957021713461725,378.6956224524315,27.0,2.0,86.89844190479852,89.84375,97.65625,9.019578922087867
session_6.csv,session_6,111,7104,7232,7104,7232,14.208,14.464,relax,0,0,0.0,False,False,2.5529311125732095,3.2655035982378764,344.6831867248899,27.0,1.0,77.82275285882895,74.21875,74.21875,11.148760443124187
session_6.csv,session_6,112,7168,7296,7168,7296,14.336,14.592,relax,0,0,0.0,False,False,1.9489732124519312,2.382280803470557,259.6119765791592,22.0,0.0,81.90049170875332,82.03125,85.9375,4.085400529424936
session_6.csv,session_6,113,7232,7360,7232,7360,14.464,14.72,relax,0,0,0.0,False,False,2.1134814099189105,2.671683502598629,288.982475831663,24.0,2.0,84.19327917492596,85.9375,85.9375,7.137292294268411
session_6.csv,session_6,114,7296,7424,7296,7424,14.592,14.848,relax,0,0,0.0,False,False,2.2898395438072576,2.91099946523277,292.9975404243655,23.0,2.0,81.07069702377076,78.125,97.65625,4.3056132983947455
session_6.csv,session_6,115,7360,7488,7360,7488,14.72,14.976,relax,0,20,0.15625,True,True,3.440834975727829,5.210319971112906,431.34775413678585,23.0,6.0,78.38801327281831,74.21875,74.21875,9.54487070711657
session_6.csv,session_6,116,7424,7552,7424,7552,14.848,15.104,clench,1,84,0.65625,True,True,11.174812839844364,15.59712805490491,1473.8410466366586,34.0,24.0,87.86184603603772,89.84375,93.75,255.1631569809254
session_6.csv,session_6,117,7488,7616,7488,7616,14.976,15.232,clench,1,128,1.0,False,True,13.550473805642454,17.39590013631808,1806.8674677812687,44.0,31.0,78.8354363179568,78.125,78.125,167.45925558166323
session_6.csv,session_6,118,7552,7680,7552,7680,15.104,15.36,clench,1,128,1.0,False,False,11.66967395674424,15.403495560086677,1550.6357203075245,42.0,24.0,89.6562219605725,93.75,93.75,234.2606703656457
session_6.csv,session_6,119,7616,7744,7616,7744,15.232,15.488,clench,1,128,1.0,False,False,16.85951530733335,21.025723048280383,2095.167047399191,40.0,28.0,79.68788496584112,74.21875,70.3125,408.33052714243127
session_6.csv,session_6,120,7680,7808,7680,7808,15.36,15.616,clench,1,128,1.0,False,False,20.00929586522573,24.237840952928817,2384.35713606907,39.0,33.0,75.18938736292533,74.21875,74.21875,613.1118291421656
session_6.csv,session_6,121,7744,7872,7744,7872,15.488,15.744,clench,1,128,1.0,False,False,19.569596761105927,24.73447530849065,2362.016137138225,37.0,27.0,78.52347552476205,78.125,78.125,601.7942509489718
session_6.csv,session_6,122,7808,7936,7808,7936,15.616,15.872,clench,1,102,0.796875,True,True,12.538254762290876,18.463058805346094,1514.692625727838,35.0,18.0,78.75186847418937,74.21875,74.21875,132.3318697245129
session_6.csv,session_6,123,7872,8000,7872,8000,15.744,16.0,relax,0,38,0.296875,True,True,4.542171479326461,5.9281313457321705,577.3309447711428,36.0,8.0,83.44244053264717,85.9375,89.84375,18.048987229820913
session_6.csv,session_6,124,7936,8064,7936,8064,15.872,16.128,relax,0,0,0.0,False,False,3.2796585405890717,3.869037056692053,417.35263233450814,35.0,7.0,78.084456257518,78.125,78.125,13.225823187273907
session_6.csv,session_6,125,8000,8128,8000,8128,16.0,16.256,relax,0,0,0.0,False,False,3.3874099537870244,4.122668177855395,432.69621558673543,33.0,5.0,86.17771180377481,85.9375,85.9375,15.469116017170103
session_6.csv,session_6,126,8064,8192,8064,8192,16.128,16.384,relax,0,0,0.0,False,False,2.486631435169378,3.268976547136929,319.9681770704219,22.0,0.0,79.44429175674202,78.125,78.125,13.478291835322203
session_6.csv,session_6,127,8128,8256,8128,8256,16.256,16.512,relax,0,0,0.0,False,False,1.9516335096068298,2.4260336683648305,266.4211172722876,19.0,2.0,82.57510549250227,85.9375,85.9375,3.6160467848940887
session_6.csv,session_6,128,8192,8320,8192,8320,16.384,16.64,relax,0,0,0.0,False,False,2.1904743863635012,2.724791472443324,309.3833194177171,24.0,4.0,85.56916688671774,85.9375,89.84375,5.55530681773899
session_6.csv,session_6,129,8256,8384,8256,8384,16.512,16.768,relax,0,0,0.0,False,False,2.6491382812222426,3.1978809249756024,356.9735498167456,31.0,3.0,80.57811847802634,82.03125,82.03125,8.148787575158732
session_6.csv,session_6,130,8320,8448,8320,8448,16.64,16.896,relax,0,10,0.078125,True,True,4.296393248739127,6.0344636438304144,545.1992258871803,39.0,7.0,87.76226212605977,89.84375,93.75,9.138303832727376
session_6.csv,session_6,131,8384,8512,8384,8512,16.768,17.024,clench,1,74,0.578125,True,True,11.550600270011781,15.577887284800315,1458.6441139803292,42.0,19.0,83.0029361564773,85.9375,85.9375,345.52273924798016
session_6.csv,session_6,132,8448,8576,8448,8576,16.896,17.152,clench,1,128,1.0,False,True,13.693735669392602,16.617903014627025,1727.2830564940305,41.0,23.0,79.06443929612394,82.03125,82.03125,205.54551180068844
session_6.csv,session_6,133,8512,8640,8512,8640,17.024,17.28,clench,1,128,1.0,False,False,10.09176015110473,11.894816164221021,1269.1240851582052,40.0,20.0,78.66266015278393,74.21875,74.21875,107.24488121888751
session_6.csv,session_6,134,8576,8704,8576,8704,17.152,17.408,clench,1,128,1.0,False,False,9.65430475081902,11.647459416199762,1218.9278352958952,39.0,23.0,79.97768309562562,78.125,74.21875,92.05067573399361
session_6.csv,session_6,135,8640,8768,8640,8768,17.28,17.536,clench,1,128,1.0,False,False,9.123804104021566,10.958598393938134,1204.3980855414125,41.0,27.0,81.84788477505735,82.03125,93.75,160.03238082584713
session_6.csv,session_6,136,8704,8832,8704,8832,17.408,17.664,clench,1,128,1.0,False,False,10.10462684516914,12.38504804326711,1331.8337536086249,42.0,26.0,87.57928749534527,89.84375,93.75,97.94777846086575
session_6.csv,session_6,137,8768,8896,8768,8896,17.536,17.792,clench,1,128,1.0,False,False,9.402940607523188,11.743996040502044,1206.6386350339737,41.0,18.0,79.39605991942382,78.125,78.125,106.39921422118069
session_6.csv,session_6,138,8832,8960,8832,8960,17.664,17.92,clench,1,128,1.0,False,False,11.26417835683295,14.72882500555339,1399.6923249298666,38.0,19.0,78.4322629047299,78.125,74.21875,246.71809320041538
session_6.csv,session_6,139,8896,9024,8896,9024,17.792,18.048,clench,1,128,1.0,False,False,14.912880498796131,18.605829059771185,1871.711954769978,40.0,27.0,78.24236710214575,74.21875,70.3125,313.67788489803877
session_6.csv,session_6,140,8960,9088,8960,9088,17.92,18.176,clench,1,128,1.0,False,False,13.586634079256896,16.82116283478804,1758.070434425806,43.0,26.0,81.15994580554111,82.03125,85.9375,233.85604090703646
session_6.csv,session_6,141,9024,9152,9024,9152,18.048,18.304,clench,1,128,1.0,False,True,8.165074364885617,10.978599435276127,1049.7047507359557,40.0,16.0,78.44931690866905,74.21875,70.3125,84.13700587805097
session_6.csv,session_6,142,9088,9216,9088,9216,18.176,18.432,clench,1,83,0.6484375,True,True,3.7883591763369084,4.617758888396631,508.149445103207,40.0,11.0,79.409883955351,82.03125,85.9375,20.354986574329825
session_6.csv,session_6,143,9152,9280,9152,9280,18.304,18.56,relax,0,19,0.1484375,True,True,3.1655007879697017,3.8165144833994233,434.4021442311232,38.0,8.0,82.4041562957048,78.125,78.125,9.817554885011814
session_6.csv,session_6,144,9216,9344,9216,9344,18.432,18.688,relax,0,0,0.0,False,False,2.851614034066765,3.408586000390187,366.2893962171703,32.0,4.0,86.1670222386896,85.9375,97.65625,10.14699835776594
session_6.csv,session_6,145,9280,9408,9280,9408,18.56,18.816,relax,0,0,0.0,False,False,2.517837838394545,3.153786396337853,337.9314063621805,28.0,6.0,78.40623732711721,78.125,78.125,4.533868503709861
session_6.csv,session_6,146,9344,9472,9344,9472,18.688,18.944,relax,0,0,0.0,False,False,3.36312555722637,4.314298794180053,455.39674861171375,32.0,7.0,83.17427199303286,85.9375,78.125,21.477011101660928
session_6.csv,session_6,147,9408,9536,9408,9536,18.816,19.072,relax,0,0,0.0,False,False,3.6411420957494878,4.4518849590112755,492.664159320879,36.0,8.0,88.11154695828209,93.75,97.65625,11.234296373729775
session_6.csv,session_6,148,9472,9600,9472,9600,18.944,19.2,relax,0,0,0.0,False,False,2.6362346246308297,3.174854335471334,362.98465438881726,29.0,5.0,80.97798640364101,78.125,70.3125,7.195899080474992
session_6.csv,session_6,149,9536,9664,9536,9664,19.072,19.328,relax,0,0,0.0,False,False,2.4497222113511468,3.078947767125848,324.62629800225545,24.0,1.0,84.96145404514725,89.84375,89.84375,4.517583717874065
session_6.csv,session_6,150,9600,9728,9600,9728,19.2,19.456,relax,0,3,0.0234375,True,True,2.739805065576527,3.509646443992481,364.6768949617865,26.0,2.0,85.74651464325008,89.84375,89.84375,10.763459158889432
session_6.csv,session_6,151,9664,9792,9664,9792,19.328,19.584,clench,1,67,0.5234375,True,True,11.976178425188959,18.981855241848944,1618.0914212146668,36.0,17.0,83.71093640956482,82.03125,78.125,253.6728400101344
session_6.csv,session_6,152,9728,9856,9728,9856,19.456,19.712,clench,1,128,1.0,False,True,17.491515403019594,23.190745353992504,2279.6545878457287,43.0,26.0,87.07769844205066,89.84375,89.84375,447.171147781991
session_6.csv,session_6,153,9792,9920,9792,9920,19.584,19.84,clench,1,128,1.0,False,False,11.256039033758992,15.705933745071736,1398.2579791232342,40.0,21.0,77.73803620274396,78.125,82.03125,348.82381208849444
session_6.csv,session_6,154,9856,9984,9856,9984,19.712,19.968,clench,1,128,1.0,False,False,9.201495000449356,11.738638490708404,1210.44959097419,41.0,24.0,85.23994301315705,85.9375,97.65625,94.77902763825708
session_6.csv,session_6,155,9920,10048,9920,10048,19.84,20.096,clench,1,128,1.0,False,False,9.937672075648788,13.112911960847661,1362.1989595849564,47.0,26.0,81.02280836651401,82.03125,82.03125,205.350852237019
session_6.csv,session_6,156,9984,10112,9984,10112,19.968,20.224,clench,1,128,1.0,False,False,12.107519889056597,15.833188293765616,1584.5128898974551,46.0,28.0,82.9171597050307,78.125,74.21875,136.484760636304
session_6.csv,session_6,157,10048,10176,10048,10176,20.096,20.352,clench,1,128,1.0,False,False,12.452407151505735,15.564474966284266,1571.430007966946,42.0,25.0,78.33297472400243,78.125,78.125,194.96419759612908
session_6.csv,session_6,158,10112,10240,10112,10240,20.224,20.48,clench,1,128,1.0,False,False,11.724947629465536,14.856773175936414,1489.0315111362638,39.0,24.0,82.25403513187187,82.03125,82.03125,257.3237186701681
session_6.csv,session_6,159,10176,10304,10176,10304,20.352,20.608,clench,1,128,1.0,False,False,11.487856613223904,14.497398799769005,1506.0705838138397,41.0,28.0,81.99951955401555,85.9375,85.9375,150.86835491171686
session_6.csv,session_6,160,10240,10368,10240,10368,20.48,20.736,clench,1,128,1.0,False,False,9.628704340587742,11.576643247989361,1278.6863167632687,43.0,27.0,85.54300854835323,89.84375,74.21875,132.02994441720813
session_6.csv,session_6,161,10304,10432,10304,10432,20.608,20.864,clench,1,128,1.0,False,False,9.617429311247434,11.965594050672527,1275.7920627448432,42.0,29.0,81.85468929491164,82.03125,97.65625,147.56368268328563
session_6.csv,session_6,162,10368,10496,10368,10496,20.736,20.992,clench,1,128,1.0,False,False,11.271131088886964,13.817992322284935,1505.3556626941913,45.0,29.0,83.9205562815299,89.84375,89.84375,117.91353305173159
session_6.csv,session_6,163,10432,10560,10432,10560,20.864,21.12,clench,1,128,1.0,False,False,13.334992480861942,16.20230742288568,1717.926481933687,43.0,27.0,85.3431849432326,89.84375,93.75,296.1103897822968
session_6.csv,session_6,164,10496,10624,10496,10624,20.992,21.248,clench,1,128,1.0,False,False,12.045983813961152,16.021315252333736,1506.3110773390936,40.0,25.0,80.69789033966225,78.125,74.21875,157.79238094466234
session_6.csv,session_6,165,10560,10688,10560,10688,21.12,21.376,clench,1,128,1.0,False,False,12.072467699624415,15.943478196493807,1523.3743502035018,40.0,24.0,79.46769872882712,78.125,74.21875,293.1018944561988
session_6.csv,session_6,166,10624,10752,10624,10752,21.248,21.504,clench,1,128,1.0,False,False,13.042522032376347,16.040708475993025,1624.9223407441823,40.0,22.0,80.81255058907676,78.125,78.125,219.42691320801976
session_6.csv,session_6,167,10688,10816,10688,10816,21.376,21.632,clench,1,122,0.953125,True,True,8.620926700941538,11.369660656966218,1094.0273269032728,34.0,20.0,79.12612008900656,78.125,70.3125,116.81462795194122
session_6.csv,session_6,168,10752,10880,10752,10880,21.504,21.76,relax,0,58,0.453125,True,True,4.3644769055003705,5.94677804649505,566.226620229342,31.0,11.0,82.5937805108208,85.9375,85.9375,15.27609796448835
session_6.csv,session_6,169,10816,10944,10816,10944,21.632,21.888,relax,0,0,0.0,False,True,2.575244733972978,3.345394292551329,340.31528745254093,30.0,1.0,81.65506734805928,78.125,78.125,9.365806023031276
session_6.csv,session_6,170,10880,11008,10880,11008,21.76,22.016,relax,0,0,0.0,False,False,2.5074500444198646,3.2347107533569974,321.35537123317397,27.0,3.0,77.61731749442139,74.21875,74.21875,9.132844579597052
session_6.csv,session_6,171,10944,11072,10944,11072,21.888,22.144,relax,0,0,0.0,False,False,2.558888570696885,3.165158115008123,322.7469112714439,26.0,4.0,78.23457267895648,78.125,70.3125,7.504355990474777
session_6.csv,session_6,172,11008,11136,11008,11136,22.016,22.272,relax,0,0,0.0,False,False,2.4795153968043238,3.110050653529195,320.8960644567138,27.0,3.0,87.55608113762932,89.84375,93.75,6.160053583250851
session_6.csv,session_6,173,11072,11200,11072,11200,22.144,22.4,relax,0,0,0.0,False,False,3.3651144256808934,4.191148588982331,446.6084750213562,36.0,5.0,84.44261819481228,85.9375,89.84375,13.801271458705685
session_6.csv,session_6,174,11136,11264,11136,11264,22.272,22.528,relax,0,19,0.1484375,True,True,6.302189291369128,8.75069972747057,777.0086985683072,39.0,12.0,74.99591120258678,74.21875,74.21875,35.39746535226901
session_6.csv,session_6,175,11200,11328,11200,11328,22.4,22.656,clench,1,83,0.6484375,True,True,12.66722810927879,17.081988400082,1560.4879609223435,39.0,25.0,76.28939163122678,74.21875,78.125,328.6709493168621
session_6.csv,session_6,176,11264,11392,11264,11392,22.528,22.784,clench,1,128,1.0,False,True,14.974988510829759,19.156235945300526,1915.313521257522,42.0,31.0,79.85728344525357,78.125,74.21875,218.18343520920038
session_6.csv,session_6,177,11328,11456,11328,11456,22.656,22.912,clench,1,128,1.0,False,False,13.572325116300863,17.315670837042713,1693.2836408383312,42.0,22.0,80.68492302452323,78.125,78.125,224.95632639452197
session_6.csv,session_6,178,11392,11520,11392,11520,22.784,23.04,clench,1,128,1.0,False,False,10.326420837704822,14.172002501041439,1251.8277898302194,36.0,13.0,79.2128985468973,78.125,74.21875,336.497148576356
session_6.csv,session_6,179,11456,11584,11456,11584,22.912,23.168,clench,1,128,1.0,False,False,8.506552458108263,10.798622523767365,1017.7332858812397,36.0,11.0,78.1691442408024,78.125,74.21875,72.36897833179277
session_6.csv,session_6,180,11520,11648,11520,11648,23.04,23.296,clench,1,128,1.0,False,False,10.954676506075199,13.044068737798124,1405.713616621883,41.0,21.0,76.73096576581251,74.21875,74.21875,141.9155090172616
session_6.csv,session_6,181,11584,11712,11584,11712,23.168,23.424,clench,1,128,1.0,False,False,9.983827140508215,12.114551576709907,1326.1609963061437,44.0,27.0,87.70433039510762,93.75,97.65625,104.93128490669285
session_6.csv,session_6,182,11648,11776,11648,11776,23.296,23.552,clench,1,128,1.0,False,False,8.142105225718062,10.093754800026996,1065.3688281537775,41.0,24.0,81.68429242746572,82.03125,85.9375,128.92866593282338
session_6.csv,session_6,183,11712,11840,11712,11840,23.424,23.68,clench,1,128,1.0,False,True,5.636873405268334,7.59796932639008,726.8380056040882,35.0,15.0,81.67554061711056,78.125,78.125,32.99612331085398
session_6.csv,session_6,184,11776,11904,11776,11904,23.552,23.808,clench,1,69,0.5390625,True,True,3.0503675989807437,3.6899836716671195,393.28036326612073,31.0,6.0,82.14530364732221,82.03125,82.03125,12.220545507291193
session_6.csv,session_6,185,11840,11968,11840,11968,23.68,23.936,relax,0,5,0.0390625,True,True,2.296020467601524,2.831712134308093,298.7405097488719,23.0,1.0,76.25801618456741,70.3125,66.40625,5.573330171035554
session_6.csv,session_6,186,11904,12032,11904,12032,23.808,24.064,relax,0,0,0.0,False,False,1.9201069295559074,2.4520705795405893,251.29294035438886,15.0,2.0,82.20993088960621,85.9375,74.21875,6.455503481216875
session_6.csv,session_6,187,11968,12096,11968,12096,23.936,24.192,relax,0,0,0.0,False,False,1.8981635516537834,2.4632751188854107,242.27821636631586,12.0,2.0,72.74475686432812,70.3125,66.40625,3.054595336403939
session_6.csv,session_6,188,12032,12160,12032,12160,24.064,24.32,relax,0,0,0.0,False,False,2.133529201771627,2.6893286250830344,278.64576935755906,22.0,1.0,82.34244722493288,82.03125,82.03125,3.2403200455235655
session_6.csv,session_6,189,12096,12224,12096,12224,24.192,24.448,relax,0,0,0.0,False,False,2.170173567477219,2.776466567867863,297.1893278503335,27.0,1.0,77.73646989597721,74.21875,74.21875,7.498473433138504
session_6.csv,session_6,190,12160,12288,12160,12288,24.32,24.576,relax,0,0,0.0,False,False,1.9315704629183772,2.526456820635573,262.6604471072069,21.0,0.0,83.45538207179595,89.84375,97.65625,5.957224594599185
session_6.csv,session_6,191,12224,12352,12224,12352,24.448,24.704,relax,0,0,0.0,False,True,3.591248989248893,4.718456925838994,465.08969711786835,33.0,4.0,80.41957758156789,78.125,78.125,17.45563520272957
session_6.csv,session_6,192,12288,12416,12288,12416,24.576,24.832,relax,0,46,0.359375,True,True,13.571113777548389,20.325015102927292,1752.2448423675996,43.0,22.0,81.11818510668026,78.125,78.125,345.32329672081096
session_6.csv,session_6,193,12352,12480,12352,12480,24.704,24.96,clench,1,110,0.859375,True,True,22.718928932020592,29.14643828762723,2862.7857218735417,40.0,35.0,80.69066764689497,78.125,70.3125,548.7699540885388
session_6.csv,session_6,194,12416,12544,12416,12544,24.832,25.088,clench,1,128,1.0,False,False,19.379926323172434,24.99636516678958,2471.4245922729724,44.0,36.0,80.08663198928359,78.125,74.21875,485.9469336963147
session_6.csv,session_6,195,12480,12608,12480,12608,24.96,25.216,clench,1,128,1.0,False,False,15.10122689558913,18.335509786133134,2008.7315292782396,45.0,38.0,81.78765126606251,78.125,74.21875,318.3170412934629
session_6.csv,session_6,196,12544,12672,12544,12672,25.088,25.344,clench,1,128,1.0,False,False,13.350815325546655,17.10026066310424,1677.4950809698594,40.0,22.0,80.22831391011067,82.03125,82.03125,336.51534826309336
session_6.csv,session_6,197,12608,12736,12608,12736,25.216,25.472,clench,1,128,1.0,False,True,10.66456058868101,14.017013584680063,1340.8636282359103,39.0,18.0,81.98669569998044,85.9375,74.21875,98.75176221401229
session_6.csv,session_6,198,12672,12800,12672,12800,25.344,25.6,clench,1,88,0.6875,True,True,6.588004229489191,9.070086246737006,831.9103391255583,35.0,12.0,80.64022170581505,82.03125,70.3125,77.38432069848973
session_6.csv,session_6,199,12736,12864,12736,12864,25.472,25.728,relax,0,24,0.1875,True,True,2.6938362164666554,3.747437593836821,328.73546655870405,24.0,0.0,75.36471500535583,74.21875,74.21875,5.922325684993678
session_6.csv,session_6,200,12800,12928,12800,12928,25.6,25.856,relax,0,0,0.0,False,False,1.8866769916979855,2.4275663173847573,243.78991076347154,20.0,0.0,77.1922017101234,74.21875,74.21875,5.871419771134222
session_6.csv,session_6,201,12864,12992,12864,12992,25.728,25.984,relax,0,0,0.0,False,False,1.72244952748163,2.2575854318234057,227.75143259980587,15.0,0.0,78.79098571980857,78.125,93.75,2.438789576755318
session_6.csv,session_6,202,12928,13056,12928,13056,25.856,26.112,relax,0,0,0.0,False,False,1.669900870130708,2.1321816374870246,227.3790362122229,14.0,1.0,82.29386537725834,85.9375,85.9375,3.6910694491421507
session_6.csv,session_6,203,12992,13120,12992,13120,25.984,26.24,relax,0,0,0.0,False,False,2.263528125806859,2.824678328569145,297.1734217528626,22.0,3.0,82.92253665481432,82.03125,82.03125,6.029379621060789
session_6.csv,session_6,204,13056,13184,13056,13184,26.112,26.368,relax,0,0,0.0,False,False,3.260838825679909,3.8610213644641065,403.54715713831445,33.0,3.0,74.33427616037065,74.21875,74.21875,12.581089168182949
session_6.csv,session_6,205,13120,13248,13120,13248,26.24,26.496,relax,0,14,0.109375,True,True,3.7196949094874094,4.448627477493253,465.04924594559475,36.0,5.0,84.95360742842398,85.9375,85.9375,15.771804464880367
session_6.csv,session_6,206,13184,13312,13184,13312,26.368,26.624,clench,1,78,0.609375,True,True,8.798949568263751,12.743959088251783,1127.7050168275468,38.0,17.0,82.7697101515915,82.03125,82.03125,93.91557601160716
session_6.csv,session_6,207,13248,13376,13248,13376,26.496,26.752,clench,1,128,1.0,False,True,17.767690448743004,22.381828725301435,2301.734557301798,42.0,30.0,85.31793594606617,85.9375,85.9375,584.2111376590202
session_6.csv,session_6,208,13312,13440,13312,13440,26.624,26.88,clench,1,128,1.0,False,False,19.687395713821886,24.0967690910867,2558.8385970093495,44.0,33.0,82.52399536598487,78.125,97.65625,308.2028722734845
session_6.csv,session_6,209,13376,13504,13376,13504,26.752,27.008,clench,1,128,1.0,False,False,16.701479715494038,20.09032569192843,2212.272801362802,45.0,33.0,83.12119623352251,82.03125,74.21875,548.6961720756213
session_6.csv,session_6,210,13440,13568,13440,13568,26.88,27.136,clench,1,128,1.0,False,False,17.85839244546022,22.986543028424293,2295.6391712207037,42.0,32.0,80.79035644844906,82.03125,78.125,208.7410859946084
session_6.csv,session_6,211,13504,13632,13504,13632,27.008,27.264,clench,1,128,1.0,False,False,17.68285011673472,23.376053032870875,2189.134749641467,41.0,31.0,77.77160111201475,74.21875,74.21875,836.3372380606107
session_6.csv,session_6,212,13568,13696,13568,13696,27.136,27.392,clench,1,128,1.0,False,False,14.308840043914902,18.25032915604123,1762.1017592722224,43.0,29.0,79.5066019930505,74.21875,74.21875,171.00189409761362
session_6.csv,session_6,213,13632,13760,13632,13760,27.264,27.52,clench,1,128,1.0,False,False,12.542944639356062,16.033903346438144,1584.233359726649,42.0,26.0,78.69620297166692,78.125,78.125,145.36857945296086
session_6.csv,session_6,214,13696,13824,13696,13824,27.392,27.648,clench,1,128,1.0,False,False,12.505029077338484,15.675231513347603,1518.4916491603158,38.0,23.0,76.63076016363857,78.125,78.125,285.89699578852543
session_6.csv,session_6,215,13760,13888,13760,13888,27.52,27.776,clench,1,128,1.0,False,False,10.936895384314187,13.667647811277966,1321.0632875506892,37.0,23.0,74.25142058740441,74.21875,74.21875,103.29831028942183
session_6.csv,session_6,216,13824,13952,13824,13952,27.648,27.904,clench,1,128,1.0,False,False,7.190661193520404,9.76368882838923,902.356638342083,37.0,12.0,79.89362436995165,82.03125,85.9375,156.95836036726274
session_6.csv,session_6,217,13888,14016,13888,14016,27.776,28.032,clench,1,128,1.0,False,False,4.918575488610078,7.1800275343282465,618.2079922234427,37.0,6.0,79.70152401034451,78.125,78.125,9.010761566547806
session_6.csv,session_6,218,13952,14080,13952,14080,27.904,28.16,clench,1,106,0.828125,True,True,4.964620306972128,6.627569388324649,654.5030153509804,38.0,11.0,88.24698539464694,93.75,93.75,72.23364484250855
session_6.csv,session_6,219,14016,14144,14016,14144,28.032,28.288,relax,0,42,0.328125,True,True,4.579288328735021,6.569949827145871,595.4947191251786,30.0,10.0,75.98746321376485,70.3125,70.3125,5.0386971762852015
session_6.csv,session_6,220,14080,14208,14080,14208,28.16,28.416,relax,0,0,0.0,False,True,3.4614103062185766,4.4774613246419745,426.69941578862245,31.0,3.0,74.44948458079266,74.21875,74.21875,29.835380709913416
session_6.csv,session_6,221,14144,14272,14144,14272,28.288,28.544,relax,0,0,0.0,False,False,3.392873816993525,4.0953422264468715,416.72064154588554,35.0,2.0,76.68750403694735,78.125,78.125,12.257777515565989
session_6.csv,session_6,222,14208,14336,14208,14336,28.416,28.672,relax,0,0,0.0,False,False,2.4036079809267354,3.06698725719493,326.66378518131944,27.0,2.0,88.62648278921837,89.84375,89.84375,9.687901628521226
session_6.csv,session_6,223,14272,14400,14272,14400,28.544,28.8,relax,0,0,0.0,False,False,2.051571324058867,2.6355101903853155,286.5643450938286,22.0,1.0,87.55815955016358,93.75,97.65625,7.29589362018859
session_6.csv,session_6,224,14336,14464,14336,14464,28.672,28.928,relax,0,9,0.0703125,True,True,2.8470685667855706,3.890432557171602,392.724299847377,27.0,5.0,81.38449842036212,82.03125,82.03125,5.433137685821575
session_6.csv,session_6,225,14400,14528,14400,14528,28.8,29.056,clench,1,73,0.5703125,True,True,13.840087839478919,20.88361354469315,1712.9564014751586,36.0,18.0,77.72888272888756,78.125,74.21875,411.6204634198266
session_6.csv,session_6,226,14464,14592,14464,14592,28.928,29.184,clench,1,128,1.0,False,True,22.013969371458167,26.467991014021383,2726.025747208243,41.0,29.0,83.14804523657617,82.03125,85.9375,559.8530349649403
session_6.csv,session_6,227,14528,14656,14528,14656,29.056,29.312,clench,1,128,1.0,False,False,16.0418828260145,19.89037341483558,2088.6608936269586,44.0,23.0,79.76335400128094,78.125,89.84375,409.7967280837445
session_6.csv,session_6,228,14592,14720,14592,14720,29.184,29.44,clench,1,128,1.0,False,False,11.099013115630424,13.865075719111159,1478.4969308524041,47.0,21.0,87.06791471545517,89.84375,89.84375,162.9821712223332
session_6.csv,session_6,229,14656,14784,14656,14784,29.312,29.568,clench,1,128,1.0,False,False,9.11754693187616,11.496341095969155,1251.323231113342,47.0,21.0,90.43454861803917,89.84375,97.65625,152.0288680173005
session_6.csv,session_6,230,14720,14848,14720,14848,29.44,29.696,clench,1,95,0.7421875,True,True,6.8940106243716555,9.079186638869428,883.572205656142,40.0,18.0,78.59062527963974,78.125,70.3125,48.392913172094296
session_6.csv,session_6,231,14784,14912,14784,14912,29.568,29.824,relax,0,31,0.2421875,True,True,4.475618406735116,5.544887852563682,570.640737545615,39.0,12.0,77.893993553932,78.125,78.125,24.300068346797264
session_6.csv,session_6,232,14848,14976,14848,14976,29.696,29.952,relax,0,0,0.0,False,False,3.000729426036374,3.6237407000934083,401.9339212206837,34.0,4.0,84.71435333612294,85.9375,78.125,7.205831602320864
session_6.csv,session_6,233,14912,15040,14912,15040,29.824,30.08,relax,0,0,0.0,False,False,3.01842560530846,3.7322191573360466,404.3935020267255,32.0,5.0,80.70435106647858,85.9375,85.9375,13.112351840688092
session_6.csv,session_6,234,14976,15104,14976,15104,29.952,30.208,relax,0,0,0.0,False,False,2.987895844726096,3.7117398735998397,386.264222484064,29.0,5.0,78.7101145743548,74.21875,74.21875,8.377176480399203
session_6.csv,session_6,235,15040,15168,15040,15168,30.08,30.336,relax,0,0,0.0,False,False,2.3560087812296393,2.9594942732812735,305.33264250390255,27.0,1.0,78.92089610694555,74.21875,74.21875,4.419889453010352
session_6.csv,session_6,236,15104,15232,15104,15232,30.208,30.464,relax,0,0,0.0,False,False,2.547699339961464,3.082835688731988,338.8213879366317,34.0,1.0,80.18963826624696,82.03125,70.3125,9.696167301709474
session_6.csv,session_6,237,15168,15296,15168,15296,30.336,30.592,relax,0,8,0.0625,True,True,5.149747475093075,6.838112685850733,654.2381456124192,39.0,11.0,77.28303803433323,74.21875,70.3125,28.336607381363415
session_6.csv,session_6,238,15232,15360,15232,15360,30.464,30.72,clench,1,72,0.5625,True,True,11.364070913836887,14.950520177223297,1507.6388975470882,44.0,29.0,84.23366379048825,85.9375,85.9375,122.39045295782377
session_6.csv,session_6,239,15296,15424,15296,15424,30.592,30.848,clench,1,128,1.0,False,True,14.363695320414557,17.91053845423793,1928.8571552907767,45.0,33.0,83.0902725628977,82.03125,82.03125,326.9865528194297
session_6.csv,session_6,240,15360,15488,15360,15488,30.72,30.976,clench,1,128,1.0,False,False,14.509017715751494,17.389289441637747,1968.137647591102,43.0,36.0,85.24976842369237,85.9375,85.9375,199.72264292884824
session_6.csv,session_6,241,15424,15552,15424,15552,30.848,31.104,clench,1,128,1.0,False,False,15.13593843018301,18.321969561774676,2030.1007014541522,43.0,32.0,86.53871104302603,89.84375,89.84375,390.5307654293217
session_6.csv,session_6,242,15488,15616,15488,15616,30.976,31.232,clench,1,128,1.0,False,False,13.864314606182678,17.721879819398612,1733.9656994022669,42.0,22.0,80.44337462830973,82.03125,85.9375,267.07805728165596
session_6.csv,session_6,243,15552,15680,15552,15680,31.104,31.36,clench,1,128,1.0,False,False,12.368313154245136,15.579845767254335,1555.4600501185632,41.0,25.0,81.14918591679175,82.03125,85.9375,293.32569927610837
session_6.csv,session_6,244,15616,15744,15616,15744,31.232,31.488,clench,1,107,0.8359375,True,True,10.128019030985325,13.158186769252001,1314.009867028531,41.0,25.0,83.78215319577512,82.03125,85.9375,158.28672115912818
session_6.csv,session_6,245,15680,15808,15680,15808,31.36,31.616,relax,0,43,0.3359375,True,True,5.695154530291836,8.875518724874027,769.6461736573658,40.0,14.0,85.39724823733415,89.84375,89.84375,18.200366210247676
session_6.csv,session_6,246,15744,15872,15744,15872,31.488,31.744,relax,0,0,0.0,False,True,2.884816575194751,3.6487594030402795,389.5854781787608,33.0,6.0,85.63347340664774,85.9375,97.65625,6.742393573622452
session_6.csv,session_6,247,15808,15936,15808,15936,31.616,31.872,relax,0,0,0.0,False,False,2.6567090322786244,3.379981347644615,363.6530046206632,29.0,4.0,86.52311692171544,85.9375,85.9375,10.482861837303636
session_6.csv,session_6,248,15872,16000,15872,16000,31.744,32.0,relax,0,0,0.0,False,False,2.5871763771306604,3.2762747614284007,351.52713624196167,26.0,3.0,84.79153363960077,85.9375,85.9375,17.332491870935733
session_6.csv,session_6,249,15936,16064,15936,16064,31.872,32.128,relax,0,0,0.0,False,False,2.5116957082592846,3.216441144059734,328.3869776447749,21.0,2.0,85.05351938060093,85.9375,82.03125,3.9619178410456426
session_6.csv,session_6,250,16000,16128,16000,16128,32.0,32.256,relax,0,0,0.0,False,False,2.74526743332808,3.3160327390504785,373.22482363221934,32.0,1.0,86.71108560514925,89.84375,97.65625,9.053268145678436
session_6.csv,session_6,251,16064,16192,16064,16192,32.128,32.384,relax,0,0,0.0,False,False,3.3314386392133963,4.011994786328964,450.2183579986083,40.0,3.0,85.51915987064625,85.9375,97.65625,8.044436129084332
session_6.csv,session_6,252,16128,16256,16128,16256,32.256,32.512,relax,0,1,0.0078125,True,True,10.306483953972585,20.056689030788913,1331.2766812001603,42.0,15.0,85.09782156345914,89.84375,89.84375,46.308839305414295
session_6.csv,session_6,253,16192,16320,16192,16320,32.384,32.64,clench,1,65,0.5078125,True,True,21.310371667870776,29.622505107196343,2676.08914995833,43.0,32.0,78.90591264634023,78.125,74.21875,1399.0336992511307
session_6.csv,session_6,254,16256,16384,16256,16384,32.512,32.768,clench,1,128,1.0,False,True,21.249497678778805,26.821825038913314,2596.6226570861904,42.0,34.0,78.49488479559571,74.21875,74.21875,785.3004746641609
session_6.csv,session_6,255,16320,16448,16320,16448,32.64,32.896,clench,1,128,1.0,False,False,14.229929562159016,18.691224620758707,1770.8715281123198,42.0,21.0,81.99958523750404,82.03125,85.9375,384.4213815662838
session_6.csv,session_6,256,16384,16512,16384,16512,32.768,33.024,clench,1,126,0.984375,True,True,8.866767627975854,12.314901875154217,1120.433152793767,42.0,16.0,77.68459631621553,74.21875,70.3125,62.705092117959396
session_6.csv,session_6,257,16448,16576,16448,16576,32.896,33.152,relax,0,62,0.484375,True,True,4.470426524859293,6.513505796306266,589.7829963581468,38.0,10.0,83.80630440705328,85.9375,93.75,43.010680114575706
session_6.csv,session_6,258,16512,16640,16512,16640,33.024,33.28,relax,0,0,0.0,False,True,2.7015367185027896,3.2823442624013945,335.7380868965099,29.0,1.0,75.942232693686,74.21875,70.3125,8.907585660537311
session_6.csv,session_6,259,16576,16704,16576,16704,33.152,33.408,relax,0,0,0.0,False,False,2.4261674025613864,3.012076876817277,307.66109859812946,26.0,0.0,74.29016221964251,70.3125,70.3125,6.951439779897547
session_6.csv,session_6,260,16640,16768,16640,16768,33.28,33.536,relax,0,0,0.0,False,False,2.9419378947090227,3.816748014119528,396.985373300859,31.0,2.0,77.29060006587362,78.125,74.21875,5.154435148150754
session_6.csv,session_6,261,16704,16832,16704,16832,33.408,33.664,relax,0,0,0.0,False,False,3.1083449424460614,3.9486819284851897,403.36967227130106,31.0,2.0,82.39855619627234,82.03125,78.125,15.347438323293286
session_6.csv,session_6,262,16768,16896,16768,16896,33.536,33.792,relax,0,0,0.0,False,False,2.7265002846575275,3.4210034042324744,343.1251957032607,28.0,0.0,77.0468962880899,74.21875,74.21875,10.68729767468181
session_6.csv,session_6,263,16832,16960,16832,16960,33.664,33.92,relax,0,0,0.0,False,False,2.9790551311643663,3.6421700635825185,374.60189249281484,30.0,3.0,82.74503754545673,82.03125,74.21875,13.57632768402594
session_6.csv,session_6,264,16896,17024,16896,17024,33.792,34.048,relax,0,11,0.0859375,True,True,4.052127454561471,6.304608568671987,517.2451557299232,31.0,9.0,79.78931008837473,78.125,78.125,9.102155862314033
session_6.csv,session_6,265,16960,17088,16960,17088,33.92,34.176,clench,1,75,0.5859375,True,True,15.983523078779038,25.608163693451385,2144.5624546973163,37.0,26.0,85.80895444553313,85.9375,85.9375,478.15931051157696
session_6.csv,session_6,266,17024,17152,17024,17152,34.048,34.304,clench,1,128,1.0,False,True,21.99769617423435,28.716756541267817,2850.966387786036,42.0,32.0,82.5791350702422,82.03125,74.21875,717.5839497343857
session_6.csv,session_6,267,17088,17216,17088,17216,34.176,34.432,clench,1,128,1.0,False,False,14.614984550182731,18.13635386641081,1851.3491061493482,41.0,23.0,79.42231047603163,78.125,78.125,207.1275535416933
session_6.csv,session_6,268,17152,17280,17152,17280,34.304,34.56,clench,1,128,1.0,False,False,11.60385287501885,15.131968087869685,1536.7742880222245,44.0,26.0,80.18835618285183,78.125,89.84375,207.64646842529984
session_6.csv,session_6,269,17216,17344,17216,17344,34.432,34.688,clench,1,128,1.0,False,False,12.566595125229812,17.608932254952258,1647.6488787589124,44.0,21.0,82.96091254259167,82.03125,82.03125,510.4447262538642
session_6.csv,session_6,270,17280,17408,17280,17408,34.56,34.816,clench,1,128,1.0,False,False,10.848904526564382,15.803899282522318,1315.0912997479325,40.0,16.0,75.29848659225182,78.125,78.125,85.18446335824194
session_6.csv,session_6,271,17344,17472,17344,17472,34.688,34.944,clench,1,128,1.0,False,False,8.549870627855988,10.236678992727537,1071.2361478633247,40.0,23.0,83.40193340692069,82.03125,82.03125,104.53960399227117
session_6.csv,session_6,272,17408,17536,17408,17536,34.816,35.072,clench,1,128,1.0,False,False,11.893049095170054,14.762255895710878,1553.0070842357673,43.0,30.0,81.85994514645351,78.125,78.125,137.59981052761634
session_6.csv,session_6,273,17472,17600,17472,17600,34.944,35.2,clench,1,128,1.0,False,False,14.852328485279017,18.047847619486667,1957.613112045455,46.0,35.0,83.66063459759505,85.9375,89.84375,360.73159100509446
session_6.csv,session_6,274,17536,17664,17536,17664,35.072,35.328,clench,1,128,1.0,False,False,11.843718753327607,15.241907304350903,1541.3997839833037,43.0,27.0,80.8402629068523,78.125,74.21875,200.17703880238113
session_6.csv,session_6,275,17600,17728,17600,17728,35.2,35.456,clench,1,128,1.0,False,False,9.239863471114472,11.600953665268554,1146.4117002118273,40.0,21.0,78.91150957527184,78.125,78.125,137.96021209266755
session_6.csv,session_6,276,17664,17792,17664,17792,35.328,35.584,clench,1,128,1.0,False,False,8.835261245460545,11.682734402892775,1084.3798849681004,36.0,20.0,80.29248516089129,78.125,78.125,81.81789097248794
session_6.csv,session_6,277,17728,17856,17728,17856,35.456,35.712,clench,1,128,1.0,False,False,12.011896912318608,19.139719816370597,1575.2317592812324,33.0,24.0,81.30675083345406,82.03125,78.125,592.4578953538887
session_6.csv,session_6,278,17792,17920,17792,17920,35.584,35.84,clench,1,128,1.0,False,False,11.960278491309577,18.735217365163535,1529.885972778794,34.0,21.0,82.15768650485613,82.03125,82.03125,115.10891321708917
session_6.csv,session_6,279,17856,17984,17856,17984,35.712,35.968,clench,1,128,1.0,False,False,9.050876547084217,11.921198035180211,1123.1922768967656,35.0,20.0,79.59412918208025,78.125,82.03125,212.13549129089577
session_6.csv,session_6,280,17920,18048,17920,18048,35.84,36.096,clench,1,128,1.0,False,True,7.788237345948826,10.81122571884733,987.0200715033869,38.0,18.0,81.07868140468959,78.125,78.125,72.06336938087262
session_6.csv,session_6,281,17984,18112,17984,18112,35.968,36.224,clench,1,77,0.6015625,True,True,3.773956139831549,5.338932399242173,512.4863132215698,33.0,6.0,82.31156999588057,78.125,78.125,9.386620114476157
session_6.csv,session_6,282,18048,18176,18048,18176,36.096,36.352,relax,0,13,0.1015625,True,True,2.342670210907606,2.932847951542029,312.52193492829963,23.0,1.0,88.98478906481483,93.75,93.75,6.217109998358819
session_6.csv,session_6,283,18112,18240,18112,18240,36.224,36.48,relax,0,0,0.0,False,False,2.219141285150781,2.8149282766180703,290.38501837344666,23.0,3.0,80.23658917256088,78.125,74.21875,6.7549933821986325
session_6.csv,session_6,284,18176,18304,18176,18304,36.352,36.608,relax,0,0,0.0,False,False,2.4699192785098703,3.069220989467227,319.05654510276395,27.0,2.0,85.11298763370264,89.84375,93.75,7.055807256534936
session_6.csv,session_6,285,18240,18368,18240,18368,36.48,36.736,relax,0,0,0.0,False,False,2.3034117952836732,2.7927550805435994,305.20460763919243,24.0,1.0,76.67278877577539,74.21875,70.3125,8.07256135620288
session_6.csv,session_6,286,18304,18432,18304,18432,36.608,36.864,relax,0,0,0.0,False,False,1.7180036167801127,2.1366149644807417,234.22913158810138,18.0,1.0,81.94794681367569,85.9375,97.65625,2.670010492413659
session_6.csv,session_6,287,18368,18496,18368,18496,36.736,36.992,relax,0,0,0.0,False,False,1.735054775696124,2.215157752932802,238.15979699503418,20.0,1.0,79.20778603282358,78.125,85.9375,2.407609849062934
session_6.csv,session_6,288,18432,18560,18432,18560,36.864,37.12,relax,0,0,0.0,False,False,1.8733813376450863,2.320103117477351,256.97625626268245,20.0,1.0,87.13184115873085,89.84375,82.03125,4.9035301839891385
session_6.csv,session_6,289,18496,18624,18496,18624,36.992,37.248,relax,0,0,0.0,False,False,1.5408643681650505,1.9070116648852424,210.36924168553276,14.0,0.0,81.04017455598355,85.9375,85.9375,2.5901890193910555
session_6.csv,session_6,290,18560,18688,18560,18688,37.12,37.376,relax,0,0,0.0,False,False,1.8514464760274203,2.3915132085913156,249.79926604501338,19.0,1.0,86.35214241521679,89.84375,97.65625,3.3761282620822994
session_6.csv,session_6,291,18624,18752,18624,18752,37.248,37.504,relax,0,0,0.0,False,False,2.5350644974620202,3.113366124264954,347.5285237950253,32.0,3.0,79.68030781995512,78.125,70.3125,5.667125627395096
session_6.csv,session_6,292,18688,18816,18688,18816,37.376,37.632,relax,0,0,0.0,False,False,2.4463708209112403,2.9991308899593756,330.6719138444596,29.0,2.0,80.45707021010746,78.125,97.65625,6.685054356893993
session_6.csv,session_6,293,18752,18880,18752,18880,37.504,37.76,relax,0,0,0.0,False,False,2.1819914910399287,2.6646019108916446,277.50858302224344,20.0,1.0,78.8730979607714,82.03125,82.03125,5.579230820513298
session_6.csv,session_6,294,18816,18944,18816,18944,37.632,37.888,relax,0,0,0.0,False,False,2.0100248128624516,2.4547016755775295,253.24128713846665,20.0,1.0,82.22367658644546,82.03125,82.03125,5.499655710196254
session_6.csv,session_6,295,18880,19008,18880,19008,37.76,38.016,relax,0,0,0.0,False,False,2.2138429285594263,2.7639406109547697,282.3113954762814,22.0,2.0,79.91536765672215,78.125,78.125,4.421474925160107
session_6.csv,session_6,296,18944,19072,18944,19072,37.888,38.144,relax,0,0,0.0,False,False,2.2876206267457295,2.858686413941436,302.7662060312996,22.0,3.0,79.97941243537271,82.03125,82.03125,7.638172413553946
session_6.csv,session_6,297,19008,19136,19008,19136,38.016,38.272,relax,0,0,0.0,False,False,2.6451955713069983,3.3362089722751374,362.1580207185443,27.0,4.0,89.63845569803388,93.75,93.75,7.748273685593405
session_6.csv,session_6,298,19072,19200,19072,19200,38.144,38.4,relax,0,27,0.2109375,True,True,11.373404018533726,17.85766709776745,1419.936728382581,38.0,15.0,80.53170526779901,78.125,78.125,119.96878801183841
session_6.csv,session_6,299,19136,19264,19136,19264,38.272,38.528,clench,1,91,0.7109375,True,True,18.74643317342634,25.11094915762143,2391.343608623987,41.0,27.0,80.2326936928825,78.125,78.125,885.759105656071
session_6.csv,session_6,300,19200,19328,19200,19328,38.4,38.656,clench,1,128,1.0,False,False,17.029696163004196,22.1694790303364,2165.370911090405,41.0,31.0,76.80020196797226,78.125,66.40625,240.23132190710405
session_6.csv,session_6,301,19264,19392,19264,19392,38.528,38.784,clench,1,128,1.0,False,False,13.382352264428418,15.902226320432542,1642.8182397126232,39.0,28.0,77.142703415603,78.125,78.125,223.40492160003814
session_6.csv,session_6,302,19328,19456,19328,19456,38.656,38.912,clench,1,128,1.0,False,False,11.575497007940994,13.57600459495083,1419.7881665604473,39.0,25.0,78.29981368750485,74.21875,74.21875,182.85819346248277
session_6.csv,session_6,303,19392,19520,19392,19520,38.784,39.04,clench,1,128,1.0,False,False,12.85142640594312,14.978722648932742,1620.4325187016666,43.0,30.0,78.91209020892988,82.03125,82.03125,146.57709301769705
session_6.csv,session_6,304,19456,19584,19456,19584,38.912,39.168,clench,1,128,1.0,False,False,12.489409962515921,14.781215379040532,1625.9653881350087,42.0,33.0,78.03186770502084,78.125,78.125,226.15943666547224
session_6.csv,session_6,305,19520,19648,19520,19648,39.04,39.296,clench,1,128,1.0,False,False,9.998757876285495,12.18009387956319,1290.0045662380587,43.0,29.0,80.8770943081289,78.125,78.125,81.80806584632533
session_6.csv,session_6,306,19584,19712,19584,19712,39.168,39.424,clench,1,128,1.0,False,False,6.912635165064195,8.833888772760965,891.1400806259293,40.0,19.0,74.77936932948775,74.21875,66.40625,64.5424846586328
session_6.csv,session_6,307,19648,19776,19648,19776,39.296,39.552,clench,1,128,1.0,False,False,5.448558930132095,7.2228202571937405,708.1254784418185,37.0,13.0,83.10197375996158,85.9375,89.84375,47.971358237902145
session_6.csv,session_6,308,19712,19840,19712,19840,39.424,39.68,clench,1,91,0.7109375,True,True,4.167483195193107,5.687477016907541,533.4944724105864,31.0,8.0,79.55612682299304,78.125,78.125,28.6205532286877
session_6.csv,session_6,309,19776,19904,19776,19904,39.552,39.808,relax,0,27,0.2109375,True,True,2.7424983078388117,3.511909863921689,341.42604588561255,25.0,1.0,79.64845778140058,82.03125,78.125,7.976232980225061
session_6.csv,session_6,310,19840,19968,19840,19968,39.68,39.936,relax,0,0,0.0,False,False,2.5808145811498946,3.283800119662628,341.9075126676098,28.0,0.0,88.1289411117074,89.84375,93.75,8.133599637477282
session_6.csv,session_6,311,19904,20032,19904,20032,39.808,40.064,relax,0,0,0.0,False,False,2.2167111876121934,2.847153436220605,288.84835706112847,23.0,0.0,78.42098926701193,78.125,78.125,6.276648008897906
session_6.csv,session_6,312,19968,20096,19968,20096,39.936,40.192,relax,0,0,0.0,False,False,2.273029675972979,2.857593592505434,285.7778360963465,23.0,0.0,79.16817894554825,82.03125,70.3125,4.779753404652874
session_6.csv,session_6,313,20032,20160,20032,20160,40.064,40.32,relax,0,0,0.0,False,False,2.2434461899691067,2.848457504947082,290.07845637788887,23.0,0.0,82.45353856503738,82.03125,85.9375,7.384708362183362
session_6.csv,session_6,314,20096,20224,20096,20224,40.192,40.448,relax,0,0,0.0,False,False,2.8162371366872856,3.6568841978772,382.7568069864026,27.0,4.0,82.99268989572636,82.03125,93.75,11.502439960598327
session_6.csv,session_6,315,20160,20288,20160,20288,40.32,40.576,relax,0,0,0.0,False,False,2.599458683309563,3.528305143571873,358.4459787199853,25.0,4.0,78.52211027699744,78.125,78.125,6.125712051358269
session_6.csv,session_6,316,20224,20352,20224,20352,40.448,40.704,relax,0,0,0.0,False,False,1.9138580406153718,2.4750674978615983,273.74797241928184,25.0,0.0,78.30660106825641,74.21875,70.3125,3.4544284672365477
session_6.csv,session_6,317,20288,20416,20288,20416,40.576,40.832,relax,0,0,0.0,False,False,2.2638516061943434,2.7610493726678462,299.3200478882702,26.0,0.0,81.09929459829215,74.21875,74.21875,3.442320727776997
session_6.csv,session_6,318,20352,20480,20352,20480,40.704,40.96,relax,0,0,0.0,False,False,1.9761610502510063,2.367757005956081,262.24420956730614,22.0,1.0,82.00947652539669,78.125,78.125,6.670218871390712
session_6.csv,session_6,319,20416,20544,20416,20544,40.832,41.088,relax,0,0,0.0,False,False,1.8556305283544354,2.237888067748678,248.6385330530045,21.0,1.0,79.99729640508758,78.125,74.21875,2.0822038243067094
session_6.csv,session_6,320,20480,20608,20480,20608,40.96,41.216,relax,0,0,0.0,False,False,2.1839113706391027,2.617411102518373,268.6649434101629,20.0,0.0,77.83029353219767,78.125,82.03125,6.991057955031059
session_6.csv,session_6,321,20544,20672,20544,20672,41.088,41.344,relax,0,36,0.28125,True,True,4.50005470012397,6.936158280911717,598.4499908341191,34.0,9.0,85.41988688091863,89.84375,93.75,10.83638839530273
session_6.csv,session_6,322,20608,20736,20608,20736,41.216,41.472,clench,1,100,0.78125,True,True,23.731127231841207,33.74733742634725,2867.8353877001664,40.0,26.0,76.57300554825173,74.21875,74.21875,1250.5239587801047
session_6.csv,session_6,323,20672,20800,20672,20800,41.344,41.6,clench,1,128,1.0,False,False,32.0766989310331,38.704550948028704,3826.3550773350444,40.0,30.0,78.22717423300405,78.125,74.21875,1082.2278468732895
session_6.csv,session_6,324,20736,20864,20736,20864,41.472,41.728,clench,1,128,1.0,False,False,18.894940710261675,23.734320062351767,2296.652163081545,40.0,23.0,75.66959571013483,74.21875,74.21875,733.8707108266868
session_6.csv,session_6,325,20800,20928,20800,20928,41.6,41.856,clench,1,128,1.0,False,False,10.9215737834879,14.652474653878825,1354.5833924069043,39.0,14.0,79.7564748297383,78.125,82.03125,155.31569716521702
session_6.csv,session_6,326,20864,20992,20864,20992,41.728,41.984,clench,1,128,1.0,False,False,11.822558329901272,16.21898001073729,1510.2510674993973,41.0,23.0,79.2310816164712,74.21875,74.21875,357.46947462629794
session_6.csv,session_6,327,20928,21056,20928,21056,41.856,42.112,clench,1,128,1.0,False,False,11.89224595631405,16.06244983366533,1561.963333685549,45.0,30.0,79.90730082238606,82.03125,82.03125,107.78928974694068
session_6.csv,session_6,328,20992,21120,20992,21120,41.984,42.24,clench,1,128,1.0,False,False,7.804388007383916,10.188795444336458,1061.767292042937,46.0,23.0,80.49877339765273,78.125,93.75,71.86175611280032
session_6.csv,session_6,329,21056,21184,21056,21184,42.112,42.368,clench,1,128,1.0,False,False,9.515755537741732,11.717587322016405,1297.0600295442136,46.0,25.0,87.76585399417762,89.84375,97.65625,94.09703799565669
session_6.csv,session_6,330,21120,21248,21120,21248,42.24,42.496,clench,1,128,1.0,False,False,10.401125028292554,12.743515929177486,1363.0576349636935,43.0,24.0,85.36348529709808,89.84375,89.84375,117.93692334617644
session_6.csv,session_6,331,21184,21312,21184,21312,42.368,42.624,clench,1,128,1.0,False,False,11.801993744369584,15.209458236299946,1436.1949316496857,40.0,27.0,77.60627898961074,74.21875,74.21875,174.10089805305495
session_6.csv,session_6,332,21248,21376,21248,21376,42.496,42.752,clench,1,128,1.0,False,False,12.758317928239482,16.617418758960024,1577.113091369402,38.0,26.0,78.89725978845779,78.125,78.125,453.5301372730163
session_6.csv,session_6,333,21312,21440,21312,21440,42.624,42.88,clench,1,128,1.0,False,False,8.42124258409537,11.931798690610137,1065.0378098846809,38.0,17.0,83.36643739479015,85.9375,93.75,84.05101191653429
session_6.csv,session_6,334,21376,21504,21376,21504,42.752,43.008,clench,1,115,0.8984375,True,True,4.432293405953629,5.578132426917247,559.8627102954258,38.0,8.0,77.76941847126913,78.125,70.3125,27.625049620939443
session_6.csv,session_6,335,21440,21568,21440,21568,42.88,43.136,relax,0,51,0.3984375,True,True,3.1770453401715555,4.173843721152085,396.8756795166902,31.0,3.0,79.36248221816791,82.03125,85.9375,10.874555272443212
session_6.csv,session_6,336,21504,21632,21504,21632,43.008,43.264,relax,0,0,0.0,False,True,2.5803830982090057,3.148928604410342,351.1313738258575,31.0,4.0,79.66171255621128,82.03125,82.03125,4.915932220085323
session_6.csv,session_6,337,21568,21696,21568,21696,43.136,43.392,relax,0,0,0.0,False,False,2.25287533235083,2.881884120753864,292.049837192058,18.0,3.0,82.0231436645796,85.9375,89.84375,8.88691733541607
session_6.csv,session_6,338,21632,21760,21632,21760,43.264,43.52,relax,0,0,0.0,False,False,1.6881627954704879,2.2279091497993146,195.84595490151867,7.0,0.0,72.75926686743992,70.3125,70.3125,1.7820061782830463
session_6.csv,session_6,339,21696,21824,21696,21824,43.392,43.648,relax,0,0,0.0,False,False,1.6119198997046862,2.0781472345385565,199.77165368350552,10.0,0.0,73.13905160998866,70.3125,66.40625,5.626409322456494
session_6.csv,session_6,340,21760,21888,21760,21888,43.52,43.776,relax,0,0,0.0,False,False,1.908473048332839,2.330819639880796,255.03505561061718,22.0,0.0,86.28644022974319,89.84375,93.75,4.5127838833695035
session_6.csv,session_6,341,21824,21952,21824,21952,43.648,43.904,relax,0,0,0.0,False,False,2.9389868351124813,3.584761380431526,376.0182949444343,34.0,4.0,78.47161093261491,78.125,82.03125,12.173809722743288
session_6.csv,session_6,342,21888,22016,21888,22016,43.776,44.032,relax,0,0,0.0,False,False,2.550376573868683,3.324364226894811,322.0464257103738,23.0,4.0,81.80054719947282,82.03125,78.125,8.065269507985441
session_6.csv,session_6,343,21952,22080,21952,22080,43.904,44.16,relax,0,0,0.0,False,True,2.091052345542124,2.883486808189278,267.40630257809505,18.0,0.0,83.61979575006468,82.03125,82.03125,11.19707084079006
session_6.csv,session_6,344,22016,22144,22016,22144,44.032,44.288,relax,0,53,0.4140625,True,True,10.879708803203998,18.029801239588533,1472.0867539411697,35.0,17.0,86.41938310243388,93.75,97.65625,70.02636155087485
session_6.csv,session_6,345,22080,22208,22080,22208,44.16,44.416,clench,1,117,0.9140625,True,True,19.924675382110433,24.928401915541386,2636.260684673328,43.0,36.0,81.23213576617155,78.125,74.21875,686.6666472758591
session_6.csv,session_6,346,22144,22272,22144,22272,44.288,44.544,clench,1,128,1.0,False,False,21.474983266549078,25.509932039292856,2633.409001199037,39.0,35.0,76.42456851304705,74.21875,70.3125,603.5427284105476
session_6.csv,session_6,347,22208,22336,22208,22336,44.416,44.672,clench,1,128,1.0,False,False,18.437169676535877,22.850034958913646,2258.9720242410804,39.0,29.0,82.55201999874502,82.03125,82.03125,442.4623503757794
session_6.csv,session_6,348,22272,22400,22272,22400,44.544,44.8,clench,1,128,1.0,False,True,9.488704637275266,13.787989223610401,1200.8158253722554,35.0,16.0,80.10342694333076,78.125,82.03125,274.8289440356144
session_6.csv,session_6,349,22336,22464,22336,22464,44.672,44.928,clench,1,77,0.6015625,True,True,3.4508341958334023,4.794107062329257,429.5002499764315,25.0,4.0,81.3108127124138,85.9375,70.3125,22.382663565007217
session_6.csv,session_6,350,22400,22528,22400,22528,44.8,45.056,relax,0,13,0.1015625,True,True,2.574391427406982,3.4717096151517337,331.558721002644,25.0,1.0,86.50624990911759,89.84375,97.65625,5.877987653698015
session_6.csv,session_6,351,22464,22592,22464,22592,44.928,45.184,relax,0,0,0.0,False,False,2.3417330993594794,2.91640429057867,306.1843269179334,27.0,0.0,78.22816369075998,78.125,78.125,6.4725521771618615
session_6.csv,session_6,352,22528,22656,22528,22656,45.056,45.312,relax,0,0,0.0,False,False,2.0133655146157583,2.4845240311816785,260.8077574191931,19.0,1.0,83.32564290981301,85.9375,85.9375,8.646363343041587
session_6.csv,session_6,353,22592,22720,22592,22720,45.184,45.44,relax,0,0,0.0,False,False,1.7850045636929268,2.2175089105952432,225.31500086154801,12.0,1.0,76.76866613940855,78.125,78.125,2.625875083344824
session_6.csv,session_6,354,22656,22784,22656,22784,45.312,45.568,relax,0,0,0.0,False,False,1.7561308825358601,2.3094246377915195,230.78613060411885,15.0,0.0,80.97738781290667,74.21875,74.21875,3.345460448647358
session_6.csv,session_6,355,22720,22848,22720,22848,45.44,45.696,relax,0,0,0.0,False,False,2.2920206182821596,3.008744265887755,304.05105315918684,22.0,3.0,81.52224773161055,78.125,78.125,7.009772916041871
session_6.csv,session_6,356,22784,22912,22784,22912,45.568,45.824,relax,0,0,0.0,False,False,2.074275299607044,2.752519128203865,268.5247700649296,16.0,3.0,79.50663683854648,78.125,78.125,10.281713691237506
session_6.csv,session_6,357,22848,22976,22848,22976,45.696,45.952,relax,0,0,0.0,False,False,1.499954379246434,1.8418780645453288,188.92976736546825,9.0,0.0,77.13085078239959,78.125,82.03125,2.9906190166486093
session_6.csv,session_6,358,22912,23040,22912,23040,45.824,46.08,relax,0,0,0.0,False,False,1.6908976046848112,2.190402417301782,213.32239057364347,15.0,1.0,78.66861253825229,74.21875,74.21875,5.537716156602481
session_6.csv,session_6,359,22976,23104,22976,23104,45.952,46.208,relax,0,0,0.0,False,False,1.589856795808772,2.1101224769138764,200.10600923921254,13.0,1.0,75.80339724667299,74.21875,74.21875,2.5490660083073964
session_6.csv,session_6,360,23040,23168,23040,23168,46.08,46.336,relax,0,0,0.0,False,False,2.1380824228146498,2.613162347033659,270.4807158736461,22.0,1.0,80.80650165832503,85.9375,89.84375,5.436134702017965
session_6.csv,session_6,361,23104,23232,23104,23232,46.208,46.464,relax,0,9,0.0703125,True,True,8.41140539372924,14.31806977943396,1100.0966499292624,39.0,16.0,82.0493446557052,85.9375,74.21875,29.051497487989593
session_6.csv,session_6,362,23168,23296,23168,23296,46.336,46.592,clench,1,73,0.5703125,True,True,13.85569382186847,18.22966880601834,1822.2449142450373,43.0,28.0,87.80153417117273,93.75,97.65625,445.11236382943554
session_6.csv,session_6,363,23232,23360,23232,23360,46.464,46.72,clench,1,128,1.0,False,True,13.539698801671975,16.011523125870646,1749.726216228281,43.0,29.0,80.31051090307822,74.21875,74.21875,246.91707432380642
session_6.csv,session_6,364,23296,23424,23296,23424,46.592,46.848,clench,1,128,1.0,False,False,12.432025470416896,15.062753126210598,1636.709350346913,43.0,30.0,84.80874435828473,85.9375,85.9375,190.7904770003259
session_6.csv,session_6,365,23360,23488,23360,23488,46.72,46.976,clench,1,128,1.0,False,False,10.222137996297931,12.822521955001685,1373.0405212682115,44.0,27.0,83.5468922907792,89.84375,93.75,131.66100065634643
session_6.csv,session_6,366,23424,23552,23424,23552,46.848,47.104,clench,1,128,1.0,False,False,9.651764359489732,11.748625283025023,1259.2084348291537,43.0,26.0,84.0122026606744,82.03125,78.125,115.94431507636637
session_6.csv,session_6,367,23488,23616,23488,23616,46.976,47.232,clench,1,128,1.0,False,False,8.545638166208256,10.748855799409794,1071.9490925201937,39.0,21.0,75.48752838380476,74.21875,70.3125,66.54872549335371
session_6.csv,session_6,368,23552,23680,23552,23680,47.104,47.36,clench,1,128,1.0,False,False,7.790538642891771,9.92775159675818,1017.2363707771392,40.0,19.0,83.39274358041767,85.9375,85.9375,104.38763669484112
session_6.csv,session_6,369,23616,23744,23616,23744,47.232,47.488,clench,1,128,1.0,False,False,9.408696471934887,12.254275842599123,1203.1840570143215,42.0,19.0,84.92316590288755,85.9375,85.9375,62.7844476847523
session_6.csv,session_6,370,23680,23808,23680,23808,47.36,47.616,clench,1,128,1.0,False,False,10.63652209358014,13.809617965614503,1321.212348279954,42.0,17.0,78.04930949028166,78.125,74.21875,284.2288842780038
session_6.csv,session_6,371,23744,23872,23744,23872,47.488,47.744,clench,1,128,1.0,False,False,9.86401637992995,12.204245874485315,1222.078578176427,42.0,18.0,80.23757703691918,82.03125,85.9375,113.27326550119034
session_6.csv,session_6,372,23808,23936,23808,23936,47.616,47.872,clench,1,128,1.0,False,False,9.50806556683402,11.391746117036961,1199.800429148375,41.0,24.0,81.06941357384368,78.125,78.125,81.52293045963215
session_6.csv,session_6,373,23872,24000,23872,24000,47.744,48.0,clench,1,128,1.0,False,False,9.904762735183017,11.9956452817596,1276.6775609036445,43.0,27.0,80.62701087955442,82.03125,82.03125,180.12597437278103
session_6.csv,session_6,374,23936,24064,23936,24064,47.872,48.128,clench,1,128,1.0,False,False,6.248501002353571,8.42167978635467,824.1163374462818,39.0,16.0,86.10000281967059,89.84375,89.84375,40.71320412706168
session_6.csv,session_6,375,24000,24128,24000,24128,48.0,48.256,clench,1,128,1.0,False,True,3.1848879819052645,3.8859134115481075,416.50133589167376,35.0,4.0,84.3081064590387,82.03125,78.125,7.983455805570492
session_6.csv,session_6,376,24064,24192,24064,24192,48.128,48.384,clench,1,86,0.671875,True,True,3.514710843522036,4.819135316930573,451.2340412790394,33.0,3.0,77.81517791350986,74.21875,74.21875,36.4424740788108
session_6.csv,session_6,377,24128,24256,24128,24256,48.256,48.512,relax,0,22,0.171875,True,True,2.838600882950346,4.277351586553365,362.0577310324868,25.0,1.0,83.99262188064353,85.9375,93.75,5.194180313840309
session_6.csv,session_6,378,24192,24320,24192,24320,48.384,48.64,relax,0,0,0.0,False,False,1.9006036650802782,2.266261065945142,256.4155238345852,24.0,0.0,80.330182831845,78.125,78.125,1.7254276331166156
session_6.csv,session_6,379,24256,24384,24256,24384,48.512,48.768,relax,0,0,0.0,False,False,2.212378608446011,2.743015927673496,297.09493169888003,28.0,0.0,78.34018316700018,74.21875,74.21875,6.2819275333723885
session_6.csv,session_6,380,24320,24448,24320,24448,48.64,48.896,relax,0,0,0.0,False,False,1.9508267194050486,2.580129089614961,263.5821315126218,21.0,0.0,87.03382485164626,89.84375,97.65625,7.31364969750461
session_6.csv,session_6,381,24384,24512,24384,24512,48.768,49.024,relax,0,0,0.0,False,False,1.8098813824176325,2.4155454186335343,238.09867696749848,19.0,0.0,81.63325533530026,82.03125,85.9375,2.2487962331048696
session_6.csv,session_6,382,24448,24576,24448,24576,48.896,49.152,relax,0,0,0.0,False,False,2.295074962234561,2.952808389434093,305.35051106300705,28.0,3.0,89.7730558725853,93.75,97.65625,10.48107517069623
session_6.csv,session_6,383,24512,24640,24512,24640,49.024,49.28,relax,0,0,0.0,False,False,2.3584090899180934,2.9295150785949193,300.4068429745704,26.0,3.0,78.65957162466779,70.3125,70.3125,7.021124531269512
session_6.csv,session_6,384,24576,24704,24576,24704,49.152,49.408,relax,0,26,0.203125,True,True,7.397675224276815,13.463590217573499,928.7928879493459,30.0,9.0,78.70598895369938,78.125,70.3125,18.03002095634616
session_6.csv,session_6,385,24640,24768,24640,24768,49.28,49.536,clench,1,90,0.703125,True,True,14.6035162359937,18.832320255915587,1970.989873091638,42.0,29.0,85.80359163560598,85.9375,97.65625,449.27311576501324
session_6.csv,session_6,386,24704,24832,24704,24832,49.408,49.664,clench,1,128,1.0,False,False,14.984791945831926,17.36550684470448,2020.3843598963501,44.0,35.0,85.61460734049689,89.84375,89.84375,218.86185341403336
session_6.csv,session_6,387,24768,24896,24768,24896,49.536,49.792,clench,1,128,1.0,False,False,15.392964803586324,18.368458213479958,1932.1646435760608,41.0,33.0,79.7552108079462,74.21875,70.3125,326.95483955924766
session_6.csv,session_6,388,24832,24960,24832,24960,49.664,49.92,clench,1,128,1.0,False,False,14.749588442405411,18.23552540819313,1780.0637253805698,37.0,21.0,78.00355442594851,74.21875,70.3125,346.1615956413046
session_6.csv,session_6,389,24896,25024,24896,25024,49.792,50.048,clench,1,128,1.0,False,False,13.204652513036091,16.22426492340303,1659.111891270501,39.0,20.0,80.12029237740883,82.03125,82.03125,173.19984168650765
session_6.csv,session_6,390,24960,25088,24960,25088,49.92,50.176,clench,1,128,1.0,False,False,13.78662368659435,16.971270575610745,1846.4689622813935,42.0,34.0,88.12837367971024,89.84375,93.75,210.81228415840337
session_6.csv,session_6,391,25024,25152,25024,25152,50.048,50.304,clench,1,128,1.0,False,False,14.793682934451082,18.82794098106869,1921.244018792904,42.0,32.0,83.0547501611932,85.9375,89.84375,270.77034329191207
session_6.csv,session_6,392,25088,25216,25088,25216,50.176,50.432,clench,1,128,1.0,False,False,16.001182760049602,20.260825552405727,2059.5161645078433,42.0,31.0,80.3479361377532,78.125,93.75,371.3655019780446
session_6.csv,session_6,393,25152,25280,25152,25280,50.304,50.56,clench,1,128,1.0,False,False,11.544743908311519,15.544294112576745,1472.8832435410286,41.0,24.0,79.42620846264373,74.21875,70.3125,239.0843582262167
session_6.csv,session_6,394,25216,25344,25216,25344,50.432,50.688,clench,1,107,0.8359375,True,True,5.468197999976581,7.327169895331902,686.5520690421614,34.0,13.0,79.94649004685162,82.03125,82.03125,59.75013432757567
session_6.csv,session_6,395,25280,25408,25280,25408,50.56,50.816,relax,0,43,0.3359375,True,True,2.988269325749765,4.236814898183356,409.438578357638,24.0,5.0,84.88392480678169,85.9375,85.9375,8.810818889452069
session_6.csv,session_6,396,25344,25472,25344,25472,50.688,50.944,relax,0,0,0.0,False,True,2.2891007369599343,2.9154728473716753,299.66534522209315,21.0,2.0,79.49246499297946,78.125,78.125,7.14727360713597
session_6.csv,session_6,397,25408,25536,25408,25536,50.816,51.072,relax,0,0,0.0,False,False,1.8018616467349897,2.272148187028517,227.20469373120102,17.0,0.0,77.47022289334178,74.21875,70.3125,2.0167052265897656
session_6.csv,session_6,398,25472,25600,25472,25600,50.944,51.2,relax,0,0,0.0,False,False,1.8808182984379913,2.3548326903052126,248.5122684775307,18.0,0.0,78.96672553017069,78.125,74.21875,4.734891011039682
session_6.csv,session_6,399,25536,25664,25536,25664,51.072,51.328,relax,0,0,0.0,False,False,1.8925629476363968,2.336150033799739,249.73858937444572,19.0,0.0,81.25167064142394,82.03125,85.9375,5.486361031280052
session_6.csv,session_6,400,25600,25728,25600,25728,51.2,51.456,relax,0,0,0.0,False,False,1.8472172505094449,2.336132609185335,241.83822158990017,19.0,0.0,78.7682593240609,78.125,66.40625,3.6796806838931486
session_6.csv,session_6,401,25664,25792,25664,25792,51.328,51.584,relax,0,0,0.0,False,False,1.7333969179204667,2.2388346225779934,241.7048645402068,20.0,0.0,89.98871004962814,93.75,97.65625,4.724533111666629
session_6.csv,session_6,402,25728,25856,25728,25856,51.456,51.712,relax,0,0,0.0,False,False,1.6806647937573809,2.141936516644916,243.98547750646583,21.0,1.0,84.41356481594242,82.03125,82.03125,1.356003995314367
session_6.csv,session_6,403,25792,25920,25792,25920,51.584,51.84,relax,0,0,0.0,False,False,2.376428186255465,2.871527234308589,318.5953102015012,27.0,3.0,80.97252436599234,78.125,78.125,5.376438381743801
session_6.csv,session_6,404,25856,25984,25856,25984,51.712,51.968,relax,0,0,0.0,False,False,3.316602850898013,4.739071664489083,426.4025000675016,28.0,6.0,72.75400036556687,70.3125,66.40625,4.457741336299128
session_6.csv,session_6,405,25920,26048,25920,26048,51.84,52.096,relax,0,39,0.3046875,True,True,9.752754908347299,14.797746639477186,1250.4586452624958,36.0,21.0,80.8346986840199,82.03125,78.125,296.76356590690204
session_6.csv,session_6,406,25984,26112,25984,26112,51.968,52.224,clench,1,103,0.8046875,True,True,13.799021846655695,17.627125276049988,1835.276031110124,47.0,33.0,83.25091046882872,82.03125,74.21875,163.70890564012745
session_6.csv,session_6,407,26048,26176,26048,26176,52.096,52.352,clench,1,128,1.0,False,False,12.114756269586408,14.892339971290522,1653.6954210074941,46.0,34.0,86.02700863615888,89.84375,93.75,125.52133768322888
session_6.csv,session_6,408,26112,26240,26112,26240,52.224,52.48,clench,1,128,1.0,False,False,12.375042735566687,14.991993500252173,1615.12631564379,40.0,34.0,81.85639510737138,78.125,89.84375,240.63691370185913
session_6.csv,session_6,409,26176,26304,26176,26304,52.352,52.608,clench,1,128,1.0,False,False,11.693223655407799,14.213518958425656,1450.8783336188558,38.0,25.0,74.36367688750387,70.3125,70.3125,155.0199927160494
session_6.csv,session_6,410,26240,26368,26240,26368,52.48,52.736,clench,1,128,1.0,False,False,10.757393981412246,13.285221891103344,1352.3725929190914,40.0,25.0,80.86209112480155,82.03125,82.03125,145.75750070267864
session_6.csv,session_6,411,26304,26432,26304,26432,52.608,52.864,clench,1,128,1.0,False,False,10.125858304542383,12.389962385535293,1275.010454721791,42.0,28.0,81.05895060097396,78.125,78.125,136.3089430935594
session_6.csv,session_6,412,26368,26496,26368,26496,52.736,52.992,clench,1,128,1.0,False,False,9.714543290588256,11.948576306813429,1239.2291330263552,41.0,25.0,78.87520955678966,74.21875,70.3125,80.79724949001913
session_6.csv,session_6,413,26432,26560,26432,26560,52.864,53.12,clench,1,128,1.0,False,False,8.18852510335276,11.08599919869439,1051.323322692344,37.0,19.0,79.30312271316978,78.125,74.21875,148.39202216164261
session_6.csv,session_6,414,26496,26624,26496,26624,52.992,53.248,clench,1,128,1.0,False,False,4.748763098974689,7.370756694860574,612.6681924298917,31.0,10.0,77.88147232667075,78.125,70.3125,8.205886874954228
session_6.csv,session_6,415,26560,26688,26560,26688,53.12,53.376,clench,1,95,0.7421875,True,True,2.640509765641643,3.3676832369151852,355.12031918395587,28.0,3.0,83.26714682630806,85.9375,85.9375,9.386820403809459
session_6.csv,session_6,416,26624,26752,26624,26752,53.248,53.504,relax,0,31,0.2421875,True,True,2.2449036673663496,2.8080434221256123,312.145721391787,27.0,1.0,83.09959053845684,85.9375,85.9375,7.243094590438787
session_6.csv,session_6,417,26688,26816,26688,26816,53.376,53.632,relax,0,0,0.0,False,False,2.4424717441432175,2.973695789913556,326.49301839918076,32.0,2.0,78.50485963291088,78.125,70.3125,5.311084353743733
session_6.csv,session_6,418,26752,26880,26752,26880,53.504,53.76,relax,0,0,0.0,False,False,2.531499587042523,3.022196130132283,341.16870365421687,34.0,1.0,85.37312620689247,89.84375,89.84375,7.531999626785375
session_6.csv,session_6,419,26816,26944,26816,26944,53.632,53.888,relax,0,0,0.0,False,False,2.312713454209744,2.81572340605461,308.97245341373934,28.0,0.0,83.16339944526574,78.125,78.125,4.928185877537006
session_6.csv,session_6,420,26880,27008,26880,27008,53.76,54.016,relax,0,0,0.0,False,False,2.3265443504509156,2.7880580296930497,291.03066974364117,26.0,1.0,77.49753348937575,78.125,70.3125,6.409048412732098
session_6.csv,session_6,421,26944,27072,26944,27072,53.888,54.144,relax,0,0,0.0,False,False,2.395509082013189,2.7885805948197024,290.0002770926245,27.0,1.0,76.24990938003525,78.125,78.125,8.680535803036923
session_6.csv,session_6,422,27008,27136,27008,27136,54.016,54.272,relax,0,0,0.0,False,False,2.304385957075498,2.748858559275324,282.84099207710153,25.0,0.0,79.18913278389827,74.21875,70.3125,6.940243443654706
session_6.csv,session_6,423,27072,27200,27072,27200,54.144,54.4,relax,0,0,0.0,False,True,4.26919568927823,6.823230200196758,546.957058679088,30.0,6.0,80.0332310242971,74.21875,74.21875,9.953930985049885
session_6.csv,session_6,424,27136,27264,27136,27264,54.272,54.528,relax,0,40,0.3125,True,True,13.543965636929446,18.90026765720441,1743.9144170167128,39.0,21.0,83.1137286073713,85.9375,89.84375,223.4514176281011
session_6.csv,session_6,425,27200,27328,27200,27328,54.4,54.656,clench,1,104,0.8125,True,True,18.514849298734923,22.703761622556488,2387.8335051908757,42.0,31.0,84.4179017799512,85.9375,89.84375,609.7792674700682
session_6.csv,session_6,426,27264,27392,27264,27392,54.528,54.784,clench,1,128,1.0,False,False,17.225360766881472,20.934901819370825,2316.119553227105,45.0,34.0,84.08254847792935,82.03125,97.65625,261.9461406442515
session_6.csv,session_6,427,27328,27456,27328,27456,54.656,54.912,clench,1,128,1.0,False,False,15.15952411047688,18.911722187099304,2024.7761319110068,43.0,33.0,82.67364486866737,82.03125,82.03125,251.46426213817853
session_6.csv,session_6,428,27392,27520,27392,27520,54.784,55.04,clench,1,128,1.0,False,False,11.717979184397715,15.240079418247763,1520.648253764447,38.0,27.0,82.99579839966613,85.9375,85.9375,311.5383419240058
session_6.csv,session_6,429,27456,27584,27456,27584,54.912,55.168,clench,1,128,1.0,False,False,11.250856553710149,14.28008650704148,1475.5463069238867,40.0,27.0,87.15116666833073,85.9375,89.84375,274.4080421296924
session_6.csv,session_6,430,27520,27648,27520,27648,55.04,55.296,clench,1,128,1.0,False,False,8.944895879576027,11.094314583433865,1145.9589094034304,40.0,22.0,81.8949017830762,82.03125,85.9375,90.24610201383794
session_6.csv,session_6,431,27584,27712,27584,27712,55.168,55.424,clench,1,128,1.0,False,False,7.0289600728782125,8.171403258025459,847.889983855493,38.0,17.0,75.46744253765338,70.3125,70.3125,57.2041596571456
session_6.csv,session_6,432,27648,27776,27648,27776,55.296,55.552,clench,1,128,1.0,False,False,8.904442852141363,11.520233238953434,1108.1844141114507,40.0,19.0,79.12814275750476,78.125,78.125,72.79245366683767
session_6.csv,session_6,433,27712,27840,27712,27840,55.424,55.68,clench,1,101,0.7890625,True,True,8.040025171544785,11.203369662159142,1045.1484886800563,39.0,18.0,85.44043381300726,85.9375,82.03125,167.14851476474828
session_6.csv,session_6,434,27776,27904,27776,27904,55.552,55.808,relax,0,37,0.2890625,True,True,4.6556848655081655,6.189144249182509,602.8145960435253,38.0,10.0,78.65499231879186,78.125,82.03125,15.85303443074082
session_6.csv,session_6,435,27840,27968,27840,27968,55.68,55.936,relax,0,0,0.0,False,False,3.6762735511696105,4.516203585885968,477.6124734728405,40.0,4.0,83.69071466686088,82.03125,93.75,21.0651142198279
session_6.csv,session_6,436,27904,28032,27904,28032,55.808,56.064,relax,0,0,0.0,False,False,3.4401594037533076,4.247291391072095,439.6977068273799,36.0,5.0,78.38837389990027,78.125,70.3125,14.44648892230735
session_6.csv,session_6,437,27968,28096,27968,28096,55.936,56.192,relax,0,0,0.0,False,False,2.7074333533892574,3.4017414862720896,346.7048361591877,30.0,3.0,79.54590185237825,78.125,78.125,15.123366920340525
session_6.csv,session_6,438,28032,28160,28032,28160,56.064,56.32,relax,0,0,0.0,False,False,2.401565238568132,3.0687583574450836,316.480091291854,33.0,1.0,80.52286887373803,82.03125,82.03125,9.590310254231056
session_6.csv,session_6,439,28096,28224,28096,28224,56.192,56.448,relax,0,0,0.0,False,False,2.756602347063798,3.410822254606683,362.777185481154,35.0,0.0,79.07330815317827,74.21875,74.21875,7.159603708257576
session_6.csv,session_6,440,28160,28288,28160,28288,56.32,56.576,relax,0,0,0.0,False,False,2.507260476158849,3.183241856524016,321.6898092296359,25.0,1.0,83.24634868779063,82.03125,93.75,10.02227700221112
session_6.csv,session_6,441,28224,28352,28224,28352,56.448,56.704,relax,0,0,0.0,False,False,2.1889196417370584,2.733276217057277,274.86915296091956,23.0,1.0,79.00462928117362,82.03125,85.9375,3.6096989560682062
session_6.csv,session_6,442,28288,28416,28288,28416,56.576,56.832,relax,0,0,0.0,False,False,2.8927634057559084,3.7264651323103983,360.28968486623216,27.0,4.0,80.3025074619235,78.125,66.40625,10.010898295773744
session_6.csv,session_6,443,28352,28480,28352,28480,56.704,56.96,relax,0,37,0.2890625,True,True,10.613065278048811,16.63067486905096,1393.5976447845587,36.0,19.0,83.7332193137072,85.9375,89.84375,124.18484656598069
session_6.csv,session_6,444,28416,28544,28416,28544,56.832,57.088,clench,1,101,0.7890625,True,True,19.215955644748874,24.694613231677266,2552.955622373412,45.0,34.0,81.34265988609602,82.03125,82.03125,504.90718802980285
session_6.csv,session_6,445,28480,28608,28480,28608,56.96,57.216,clench,1,128,1.0,False,False,15.799681480473655,21.342220851941303,2078.07770158746,43.0,32.0,83.55851794928367,82.03125,78.125,720.5768726219078
session_6.csv,session_6,446,28544,28672,28544,28672,57.088,57.344,clench,1,128,1.0,False,True,9.024350815363398,12.418047075496249,1163.3496065597471,39.0,24.0,81.6174110587318,82.03125,82.03125,123.58523952025034
session_6.csv,session_6,447,28608,28736,28608,28736,57.216,57.472,clench,1,86,0.671875,True,True,5.117560124558206,7.007089577812522,634.0585714888219,34.0,11.0,71.95032754643209,70.3125,70.3125,24.116284543234855
session_6.csv,session_6,448,28672,28800,28672,28800,57.344,57.6,relax,0,22,0.171875,True,True,2.7606846868480464,3.4964906729756193,351.5502484173561,29.0,1.0,82.21885449506397,85.9375,66.40625,8.182046796147768
session_6.csv,session_6,449,28736,28864,28736,28864,57.472,57.728,relax,0,0,0.0,False,False,2.8608196100371988,3.5301022482774616,383.2677141993921,33.0,3.0,81.40245615107274,78.125,78.125,13.39325589878464
session_6.csv,session_6,450,28800,28928,28800,28928,57.6,57.856,relax,0,0,0.0,False,False,3.4463929606049115,4.092460472225229,456.6694236366927,39.0,6.0,83.20369132300559,82.03125,82.03125,11.392245145843903
session_6.csv,session_6,451,28864,28992,28864,28992,57.728,57.984,relax,0,0,0.0,False,False,2.9108014429275837,3.707049801685626,393.1527806008737,33.0,4.0,85.65523117197637,85.9375,82.03125,13.216387255177438
session_6.csv,session_6,452,28928,29056,28928,29056,57.856,58.112,relax,0,0,0.0,False,False,2.121744123291122,2.6570356719328903,275.3869543189819,24.0,0.0,79.80694020598929,78.125,78.125,7.556606580879438
session_6.csv,session_6,453,28992,29120,28992,29120,57.984,58.24,relax,0,0,0.0,False,False,2.0963161769507135,2.4671145465658095,276.9072049728312,27.0,0.0,88.25076919963409,89.84375,97.65625,5.342034022458185
session_6.csv,session_6,454,29056,29184,29056,29184,58.112,58.368,relax,0,0,0.0,False,False,2.5540112785572404,3.5069464262265253,326.5156896223326,27.0,0.0,83.08915802906102,85.9375,97.65625,6.260973539932922
session_6.csv,session_6,455,29120,29248,29120,29248,58.24,58.496,relax,0,29,0.2265625,True,True,8.338358272369216,12.034204068673786,1055.6228946486972,31.0,14.0,80.86831882410827,78.125,70.3125,76.21165779164761
session_6.csv,session_6,456,29184,29312,29184,29312,58.368,58.624,clench,1,93,0.7265625,True,True,12.540341345004364,15.635763414292112,1615.8218058777034,42.0,27.0,83.36357769480722,82.03125,82.03125,280.2476075229862
session_6.csv,session_6,457,29248,29376,29248,29376,58.496,58.752,clench,1,128,1.0,False,False,10.892004929267557,14.375302734375873,1425.7381970112906,41.0,21.0,83.66453134476949,85.9375,93.75,166.25297656578456
session_6.csv,session_6,458,29312,29440,29312,29440,58.624,58.88,clench,1,128,1.0,False,False,9.177395523323952,12.060600144028863,1247.33286610822,42.0,22.0,85.51000076737165,89.84375,89.84375,109.96864510577254
session_6.csv,session_6,459,29376,29504,29376,29504,58.752,59.008,clench,1,128,1.0,False,False,7.697884816627313,10.029106567611956,1042.97727308906,42.0,22.0,86.24205833030504,89.84375,97.65625,42.841051888352034
session_6.csv,session_6,460,29440,29568,29440,29568,58.88,59.136,clench,1,128,1.0,False,False,8.949134269325857,12.050889194638746,1109.4381658328325,38.0,24.0,78.97800587108941,78.125,85.9375,99.41561197808905
session_6.csv,session_6,461,29504,29632,29504,29632,59.008,59.264,clench,1,128,1.0,False,False,10.140410351138218,12.905512748470228,1239.3444551536425,40.0,26.0,76.37749860616393,74.21875,74.21875,201.39369525264624
session_6.csv,session_6,462,29568,29696,29568,29696,59.136,59.392,clench,1,128,1.0,False,False,6.923511159818353,9.361991955157748,848.999211108965,35.0,13.0,79.71049538172151,74.21875,89.84375,52.99666641267977
session_6.csv,session_6,463,29632,29760,29632,29760,59.264,59.52,clench,1,128,1.0,False,False,4.225098341303305,5.469248692688012,523.2369509025256,29.0,6.0,74.89164704052257,74.21875,74.21875,36.087811970609955
session_6.csv,session_6,464,29696,29824,29696,29824,59.392,59.648,clench,1,128,1.0,False,False,4.439777884425818,5.810898943445249,586.2197696254722,33.0,10.0,89.02186133201292,93.75,93.75,44.85110567790523
session_6.csv,session_6,465,29760,29888,29760,29888,59.52,59.776,clench,1,128,1.0,False,False,5.350313029368433,6.777385802987861,692.8343990796382,37.0,10.0,85.10148917523018,85.9375,85.9375,21.384148911344223
session_6.csv,session_6,466,29824,29952,29824,29952,59.648,59.904,clench,1,90,0.703125,True,True,4.77389325301231,6.162547074084513,593.5007197225084,34.0,8.0,78.33559760052188,78.125,78.125,59.62830632688521
session_6.csv,session_6,467,29888,30016,29888,30016,59.776,60.032,relax,0,26,0.203125,True,True,2.504915653685342,3.373727732496298,304.3386729812173,22.0,1.0,73.139520689837,70.3125,70.3125,6.767779533477276
session_6.csv,session_6,468,29952,30080,29952,30080,59.904,60.16,relax,0,0,0.0,False,False,1.9120610355862961,2.3448742224857577,249.03329361253566,21.0,0.0,78.27728147399662,74.21875,74.21875,4.092553712651114
session_6.csv,session_6,469,30016,30144,30016,30144,60.032,60.288,relax,0,0,0.0,False,False,2.042402672044881,2.613911744200343,274.8856508434451,22.0,0.0,86.63780754069312,85.9375,85.9375,6.82494020537342
session_6.csv,session_6,470,30080,30208,30080,30208,60.16,60.416,relax,0,0,0.0,False,False,2.340506529748933,3.142388853399064,323.94709138711414,22.0,1.0,84.69183145080972,85.9375,74.21875,7.958514982574567
session_6.csv,session_6,471,30144,30272,30144,30272,60.288,60.544,relax,0,0,0.0,False,False,2.202050670931081,2.9430975079376,301.67247604140357,20.0,2.0,85.86489334469186,85.9375,97.65625,6.462341375519562
session_6.csv,session_6,472,30208,30336,30208,30336,60.416,60.672,relax,0,2,0.015625,True,True,3.5536573289244746,5.631183793213234,442.7612366524269,23.0,2.0,80.64296099662093,78.125,78.125,6.713390248123242
session_6.csv,session_6,473,30272,30400,30272,30400,60.544,60.8,clench,1,66,0.515625,True,True,10.888321996121096,15.152167092505543,1393.6578320190138,36.0,21.0,80.50538048558869,82.03125,85.9375,350.07480932553
session_6.csv,session_6,474,30336,30464,30336,30464,60.672,60.928,clench,1,128,1.0,False,True,10.965722197087869,15.022269201434703,1424.9253879461794,40.0,24.0,82.64228261244115,82.03125,78.125,143.1447944728846
session_6.csv,session_6,475,30400,30528,30400,30528,60.8,61.056,clench,1,128,1.0,False,False,7.491060813186583,10.672070792726979,953.2650006709964,37.0,14.0,80.33250413087221,78.125,89.84375,24.88866857491662
session_6.csv,session_6,476,30464,30592,30464,30592,60.928,61.184,clench,1,128,1.0,False,False,9.973258046058563,12.776033887648554,1186.8460898504263,37.0,18.0,76.59356514734162,78.125,82.03125,207.00517420787043
session_6.csv,session_6,477,30528,30656,30528,30656,61.056,61.312,clench,1,128,1.0,False,False,11.244625539928514,13.374451434338809,1392.6021648158894,39.0,23.0,79.35594212303977,78.125,74.21875,141.8269146816619
session_6.csv,session_6,478,30592,30720,30592,30720,61.184,61.44,clench,1,128,1.0,False,False,9.46415693162421,12.273862700040779,1224.2671991266789,39.0,23.0,82.8533662609844,85.9375,89.84375,189.58168538461942
session_6.csv,session_6,479,30656,30784,30656,30784,61.312,61.568,clench,1,128,1.0,False,False,5.627479355025813,7.80354620589484,759.131641303825,39.0,16.0,80.53866835476579,82.03125,82.03125,20.526657596512322
session_6.csv,session_6,480,30720,30848,30720,30848,61.44,61.696,clench,1,124,0.96875,True,True,3.8166021550693863,4.729854689479147,520.5217924373501,40.0,8.0,84.56731405043585,89.84375,93.75,22.720524783787504
session_6.csv,session_6,481,30784,30912,30784,30912,61.568,61.824,relax,0,60,0.46875,True,True,2.8990148178539847,3.5819163724153804,408.3586181052119,35.0,2.0,84.98539813882151,93.75,97.65625,7.265104678513512
session_6.csv,session_6,482,30848,30976,30848,30976,61.696,61.952,relax,0,0,0.0,False,True,2.253982369666679,2.8285104917770822,305.92111410327334,25.0,1.0,80.73260486273055,78.125,93.75,5.707921179952819
session_6.csv,session_6,483,30912,31040,30912,31040,61.824,62.08,relax,0,0,0.0,False,False,1.8784972857784696,2.3367563201197776,241.32290014086743,19.0,1.0,85.09313153494749,89.84375,97.65625,4.987668708390437
session_6.csv,session_6,484,30976,31104,30976,31104,61.952,62.208,relax,0,0,0.0,False,False,2.4382044103491696,3.1683616567695676,308.41281399849413,23.0,1.0,81.83080509472289,82.03125,82.03125,9.041332759389926
session_6.csv,session_6,485,31040,31168,31040,31168,62.08,62.336,relax,0,0,0.0,False,False,2.846536723098324,3.508052703119123,358.68387123077036,30.0,1.0,75.43644747186106,74.21875,70.3125,13.93674716446072
session_6.csv,session_6,486,31104,31232,31104,31232,62.208,62.464,relax,0,0,0.0,False,False,2.2848395980606124,2.7716797645367404,292.1582438881587,27.0,0.0,79.71190613700392,78.125,78.125,5.353850792960717
session_6.csv,session_6,487,31168,31296,31168,31296,62.336,62.592,relax,0,0,0.0,False,True,8.561275933198743,16.703789271457342,1092.2581301420314,29.0,10.0,81.55783182878733,78.125,78.125,36.19363129218657
session_6.csv,session_6,488,31232,31360,31232,31360,62.464,62.72,relax,0,56,0.4375,True,True,21.15522641601135,33.51787609656058,2748.6566494506333,38.0,24.0,83.54397798451504,82.03125,78.125,1827.6543329127444
session_6.csv,session_6,489,31296,31424,31296,31424,62.592,62.848,clench,1,120,0.9375,True,True,17.59190544540312,30.047434055945526,2352.4375154701866,45.0,27.0,81.99484224349024,82.03125,82.03125,298.79045303947686
session_6.csv,session_6,490,31360,31488,31360,31488,62.72,62.976,clench,1,128,1.0,False,False,8.799794966968744,11.250856201377841,1189.2775594443688,46.0,29.0,84.99217884634108,85.9375,85.9375,47.15868547672766
session_6.csv,session_6,491,31424,31552,31424,31552,62.848,63.104,clench,1,128,1.0,False,False,8.578297296135972,11.561368757021949,1113.4188524867977,43.0,21.0,83.52541747059378,78.125,74.21875,228.39179431551412
session_6.csv,session_6,492,31488,31616,31488,31616,62.976,63.232,clench,1,128,1.0,False,False,7.193356798740678,10.211112264882997,914.653158590164,40.0,12.0,82.65096602412186,82.03125,78.125,41.114193223045135
session_6.csv,session_6,493,31552,31680,31552,31680,63.104,63.36,clench,1,128,1.0,False,False,5.674472848944989,7.731288420361268,716.3559736278619,37.0,10.0,82.97358614496922,85.9375,93.75,50.28061196524563
session_6.csv,session_6,494,31616,31744,31616,31744,63.232,63.488,clench,1,111,0.8671875,True,True,5.113967558820966,6.364011448186853,625.8490110668806,37.0,12.0,75.42213890836636,74.21875,74.21875,57.54681184559393
session_6.csv,session_6,495,31680,31808,31680,31808,63.36,63.616,relax,0,47,0.3671875,True,True,3.9099828224881987,5.113994956311767,473.7767614620842,27.0,8.0,77.80135723287694,74.21875,70.3125,14.384556601541945
session_6.csv,session_6,496,31744,31872,31744,31872,63.488,63.744,relax,0,0,0.0,False,True,2.219659199889036,2.824412815235854,297.1335299811276,25.0,0.0,81.52672695631503,82.03125,89.84375,7.296542935574638
session_6.csv,session_6,497,31808,31936,31808,31936,63.616,63.872,relax,0,0,0.0,False,False,2.715221935416542,3.381439914290432,338.2398700302557,29.0,0.0,76.35477561973649,74.21875,70.3125,11.595686754583403
session_6.csv,session_6,498,31872,32000,31872,32000,63.744,64.0,relax,0,0,0.0,False,False,2.8513002027958008,3.4578162679089735,349.51062509688484,26.0,2.0,78.97318988774408,78.125,74.21875,8.875290998822248
session_6.csv,session_6,499,31936,32064,31936,32064,63.872,64.128,relax,0,0,0.0,False,False,2.526990555161251,3.198465904460138,331.80207283891923,25.0,4.0,76.93894371560071,74.21875,70.3125,14.509091533971496
session_6.csv,session_6,500,32000,32128,32000,32128,64.0,64.256,relax,0,0,0.0,False,False,2.3504465906271967,3.0518323689280358,308.18567390728117,25.0,2.0,83.85813748232881,82.03125,97.65625,4.727012381400683
session_6.csv,session_6,501,32064,32192,32064,32192,64.128,64.384,relax,0,0,0.0,False,False,2.6971459912229614,3.4067624735838993,360.7417289891382,30.0,4.0,82.30019447306445,85.9375,85.9375,12.692256449853412
session_6.csv,session_6,502,32128,32256,32128,32256,64.256,64.512,relax,0,0,0.0,False,False,3.444462264373265,4.277905229089442,456.7245522415425,33.0,9.0,83.62400699115446,89.84375,93.75,10.343834192578884
session_6.csv,session_6,503,32192,32320,32192,32320,64.384,64.64,relax,0,0,0.0,False,False,2.8755654633513688,3.7824147395767524,377.43085979082764,26.0,6.0,83.36497613779068,85.9375,89.84375,12.459996136731057
session_6.csv,session_6,504,32256,32384,32256,32384,64.512,64.768,relax,0,0,0.0,False,False,2.176435246687932,2.8347871794006703,290.8848607061774,23.0,4.0,84.72118473215019,85.9375,89.84375,6.009177316794629
session_6.csv,session_6,505,32320,32448,32320,32448,64.64,64.896,relax,0,0,0.0,False,False,2.3989547924140915,2.8919741923651565,312.9370150164159,28.0,3.0,82.5289970228584,82.03125,82.03125,12.25540111549044
session_6.csv,session_6,506,32384,32512,32384,32512,64.768,65.024,relax,0,0,0.0,False,True,3.661532847477276,6.274872874553876,456.22736044852013,31.0,3.0,88.2569968416088,93.75,93.75,4.96186288577598
session_6.csv,session_6,507,32448,32576,32448,32576,64.896,65.152,relax,0,52,0.40625,True,True,13.71334128721649,21.889573637045302,1668.5861691585042,35.0,20.0,77.25369514081174,74.21875,74.21875,712.8229115610166
session_6.csv,session_6,508,32512,32640,32512,32640,65.024,65.28,clench,1,116,0.90625,True,True,15.371125147349519,22.230162212167844,1953.6967574747437,45.0,31.0,81.27160247857486,82.03125,85.9375,195.96275682111155
session_6.csv,session_6,509,32576,32704,32576,32704,65.152,65.408,clench,1,128,1.0,False,False,8.93138938440715,10.688540450670612,1248.6414340947208,47.0,33.0,80.93726750927894,82.03125,89.84375,42.27532831182938
session_6.csv,session_6,510,32640,32768,32640,32768,65.28,65.536,clench,1,128,1.0,False,False,8.743377389540775,10.446960160142751,1156.1656959298898,40.0,31.0,78.09577512237634,78.125,78.125,99.72815525129286
session_6.csv,session_6,511,32704,32832,32704,32832,65.408,65.664,clench,1,128,1.0,False,False,9.899431641759584,12.363775646877977,1217.756734289751,37.0,24.0,82.10610392969642,85.9375,70.3125,122.69278526564632
session_6.csv,session_6,512,32768,32896,32768,32896,65.536,65.792,clench,1,128,1.0,False,True,8.332766977682832,11.147345300402945,1014.595961975901,38.0,12.0,75.75565797400846,74.21875,74.21875,94.15341418329965
session_6.csv,session_6,513,32832,32960,32832,32960,65.664,65.92,clench,1,74,0.578125,True,True,4.524065791220096,5.721317114764826,584.5422852426002,36.0,7.0,81.7928579403179,82.03125,85.9375,47.11889446450754
session_6.csv,session_6,514,32896,33024,32896,33024,65.792,66.048,relax,0,10,0.078125,True,True,3.3006811930713775,4.490515146169552,416.3682058375264,27.0,7.0,82.80947941195227,85.9375,97.65625,7.267791574520765
session_6.csv,session_6,515,32960,33088,32960,33088,65.92,66.176,relax,0,0,0.0,False,False,2.2311160224021833,2.9419490466786864,299.113264883174,24.0,2.0,84.01932144712832,82.03125,82.03125,10.043737878885933
session_6.csv,session_6,516,33024,33152,33024,33152,66.048,66.304,relax,0,0,0.0,False,False,2.4288463079065146,3.0434867146122646,329.8996084308468,27.0,3.0,83.45830306705673,85.9375,85.9375,5.555800701716553
session_6.csv,session_6,517,33088,33216,33088,33216,66.176,66.432,relax,0,0,0.0,False,False,2.386173569227376,2.8668960753715127,312.1061621203828,28.0,2.0,78.56347935976328,82.03125,82.03125,6.405473524812508
session_6.csv,session_6,518,33152,33280,33152,33280,66.304,66.56,relax,0,0,0.0,False,False,1.8381599908470658,2.2829600248763167,229.53953353333713,17.0,0.0,81.54388140909502,82.03125,97.65625,4.2595166511657405
session_6.csv,session_6,519,33216,33344,33216,33344,66.432,66.688,relax,0,0,0.0,False,False,1.9807996856280337,2.4343130065288077,252.05970012078842,22.0,0.0,79.75541129252778,78.125,74.21875,6.8399553215946725
session_6.csv,session_6,520,33280,33408,33280,33408,66.56,66.816,relax,0,0,0.0,False,False,2.323428514755415,2.812962772762306,303.01924667914716,29.0,0.0,82.89184442521218,85.9375,89.84375,7.022923884105417
session_6.csv,session_6,521,33344,33472,33344,33472,66.688,66.944,relax,0,0,0.0,False,True,3.669370727011973,6.895606757632182,500.2712514501678,25.0,5.0,83.52386708603944,82.03125,93.75,5.737830089681257
session_6.csv,session_6,522,33408,33536,33408,33536,66.816,67.072,relax,0,51,0.3984375,True,True,14.314484985993285,20.70489088184136,1940.4171335560845,35.0,23.0,91.57792990128415,93.75,97.65625,318.7139310352752
session_6.csv,session_6,523,33472,33600,33472,33600,66.944,67.2,clench,1,115,0.8984375,True,True,21.848895108322722,27.100265296635282,2869.948845921901,43.0,31.0,79.929801487059,74.21875,74.21875,476.7276393833057
session_6.csv,session_6,524,33536,33664,33536,33664,67.072,67.328,clench,1,128,1.0,False,False,16.903500999638187,22.56606156833598,2126.6327919611617,40.0,26.0,79.80473879998962,78.125,78.125,697.1358454255385
session_6.csv,session_6,525,33600,33728,33600,33728,67.2,67.456,clench,1,128,1.0,False,False,10.620811613380209,14.36751156667686,1264.8254823549084,36.0,17.0,81.72516891419883,78.125,78.125,130.31218963928202
session_6.csv,session_6,526,33664,33792,33664,33792,67.328,67.584,clench,1,112,0.875,True,True,5.723190096892183,7.699061938641733,688.3192750386496,34.0,9.0,79.8682890394343,78.125,74.21875,68.13639481822769
session_6.csv,session_6,527,33728,33856,33728,33856,67.456,67.712,relax,0,48,0.375,True,True,3.367993674317897,4.330383424385814,442.1182069481374,32.0,6.0,78.05203593781226,78.125,78.125,10.2196882608327
session_6.csv,session_6,528,33792,33920,33792,33920,67.584,67.84,relax,0,0,0.0,False,True,2.831588833427497,3.415137497505258,376.90785712505544,34.0,2.0,87.79759579035291,93.75,97.65625,7.426026355599705
session_6.csv,session_6,529,33856,33984,33856,33984,67.712,67.968,relax,0,0,0.0,False,False,3.2838996276217998,4.007167851433834,427.08284800465765,35.0,8.0,84.63495952520606,89.84375,97.65625,17.42719995697131
session_6.csv,session_6,530,33920,34048,33920,34048,67.84,68.096,relax,0,0,0.0,False,False,3.151932998838685,4.012725509313922,409.6404072748704,28.0,9.0,84.30497055573379,82.03125,97.65625,11.53122262509488
session_6.csv,session_6,531,33984,34112,33984,34112,67.968,68.224,relax,0,0,0.0,False,False,2.1801242091002164,2.893114221104225,283.21982563746485,19.0,2.0,82.45189360537321,85.9375,85.9375,6.9374418354243605
session_6.csv,session_6,532,34048,34176,34048,34176,68.096,68.352,relax,0,0,0.0,False,False,2.1800159118712026,2.720659112709855,268.4671981040277,20.0,1.0,80.97081628855095,82.03125,82.03125,8.051686444051
session_6.csv,session_6,533,34112,34240,34112,34240,68.224,68.48,relax,0,0,0.0,False,False,2.901679978047616,3.61836378100563,365.90244641948186,25.0,6.0,80.61394962251858,82.03125,74.21875,7.8782132716685505
session_6.csv,session_6,534,34176,34304,34176,34304,68.352,68.608,relax,0,0,0.0,False,False,3.636939584070265,4.58795027198377,463.2187773571127,29.0,10.0,81.43303307059486,78.125,74.21875,11.988602684491827
session_6.csv,session_6,535,34240,34368,34240,34368,68.48,68.736,relax,0,37,0.2890625,True,True,12.376998815255234,18.070438731357072,1601.6778975127827,38.0,22.0,81.07648410455522,82.03125,82.03125,143.38125331434063
session_6.csv,session_6,536,34304,34432,34304,34432,68.608,68.864,clench,1,101,0.7890625,True,True,14.916959188029516,19.390931891726495,1930.718625034006,41.0,25.0,85.70142004262082,85.9375,82.03125,529.6658654109333
session_6.csv,session_6,537,34368,34496,34368,34496,68.736,68.992,clench,1,128,1.0,False,False,8.280658297593583,10.073242994241443,1085.9849515332726,41.0,20.0,83.42648572708283,82.03125,82.03125,76.66435028774079
session_6.csv,session_6,538,34432,34560,34432,34560,68.864,69.12,clench,1,128,1.0,False,False,6.157318747776391,7.530806907266275,817.6927037995056,43.0,14.0,80.9503706408873,78.125,93.75,53.813023523960986
session_6.csv,session_6,539,34496,34624,34496,34624,68.992,69.248,clench,1,128,1.0,False,False,6.739692290847553,8.22344380852607,863.3208015616781,43.0,16.0,81.5452521152442,82.03125,82.03125,57.89167231859305
session_6.csv,session_6,540,34560,34688,34560,34688,69.12,69.376,clench,1,128,1.0,False,False,10.428555430511192,12.453037579552676,1328.238120197111,43.0,26.0,83.17695977929564,85.9375,89.84375,211.77776163975062
session_6.csv,session_6,541,34624,34752,34624,34752,69.248,69.504,clench,1,128,1.0,False,False,11.922481511558106,14.07952959269676,1525.0665520191176,42.0,30.0,76.10827348161692,74.21875,74.21875,116.1378611602173
session_6.csv,session_6,542,34688,34816,34688,34816,69.376,69.632,clench,1,128,1.0,False,False,10.253303569942375,12.204372602988585,1341.5035160532962,42.0,31.0,86.94625949370382,85.9375,85.9375,115.545614200597
session_6.csv,session_6,543,34752,34880,34752,34880,69.504,69.76,clench,1,128,1.0,False,False,8.716080717754586,11.244403146847121,1182.1981713924865,42.0,26.0,81.8131617556648,78.125,78.125,148.22374825673091
session_6.csv,session_6,544,34816,34944,34816,34944,69.632,69.888,clench,1,128,1.0,False,False,8.515098737778,11.12958544014055,1118.3802492764244,40.0,22.0,81.4377083741995,82.03125,82.03125,51.010049706382084
session_6.csv,session_6,545,34880,35008,34880,35008,69.76,70.016,clench,1,128,1.0,False,False,8.96150834464908,11.037545916485744,1172.9153090198845,44.0,25.0,82.1306064219037,82.03125,89.84375,105.96634113677965
session_6.csv,session_6,546,34944,35072,34944,35072,69.888,70.144,clench,1,128,1.0,False,False,9.293698422017435,13.296288328838061,1208.992062385581,38.0,23.0,82.88025093962015,85.9375,85.9375,89.89939344934506
session_6.csv,session_6,547,35008,35136,35008,35136,70.016,70.272,clench,1,128,1.0,False,False,8.420707166591892,12.205143906194973,1043.5425540370634,35.0,19.0,78.98699750824896,78.125,74.21875,175.71478913319643
session_6.csv,session_6,548,35072,35200,35072,35200,70.144,70.4,clench,1,128,1.0,False,False,6.6909847938462965,7.9662273650349045,806.537104806608,39.0,16.0,80.62225119333553,82.03125,85.9375,50.71597201321623
session_6.csv,session_6,549,35136,35264,35136,35264,70.272,70.528,clench,1,128,1.0,False,True,4.432845504009712,5.570823632166877,552.27589730553,38.0,6.0,78.81514684523208,78.125,74.21875,29.50125589158063
session_6.csv,session_6,550,35200,35328,35200,35328,70.4,70.656,clench,1,76,0.59375,True,True,2.8228363012397804,3.645158040371257,359.74975434325233,30.0,1.0,83.33903494741487,85.9375,85.9375,7.6217611550201285
session_6.csv,session_6,551,35264,35392,35264,35392,70.528,70.784,relax,0,12,0.09375,True,True,2.10690512566899,2.6358306845912387,268.82251001182397,18.0,1.0,77.28719437000078,78.125,78.125,5.781215083524946
session_6.csv,session_6,552,35328,35456,35328,35456,70.656,70.912,relax,0,0,0.0,False,False,1.869027482677792,2.376758735071825,240.1103058567776,14.0,1.0,76.25753887602453,70.3125,66.40625,3.6684541038990615
session_6.csv,session_6,553,35392,35520,35392,35520,70.784,71.04,relax,0,0,0.0,False,False,2.1470061503043505,2.766691455169029,293.03357889747224,24.0,0.0,82.50962291143223,85.9375,85.9375,7.356444219267353
session_6.csv,session_6,554,35456,35584,35456,35584,70.912,71.168,relax,0,0,0.0,False,False,2.126484152208219,2.61545721805144,296.52129151196937,27.0,0.0,79.2442667322457,78.125,78.125,2.502140009324113
session_6.csv,session_6,555,35520,35648,35520,35648,71.04,71.296,relax,0,0,0.0,False,False,2.2483774320792085,2.7678197036709116,314.73946241282147,28.0,0.0,78.9837328861944,82.03125,66.40625,2.6084756616272724
session_6.csv,session_6,556,35584,35712,35584,35712,71.168,71.424,relax,0,0,0.0,False,False,3.0710633243782244,3.763218682101343,423.2130616797208,34.0,5.0,82.0760345422898,82.03125,82.03125,12.318105696378503
session_6.csv,session_6,557,35648,35776,35648,35776,71.296,71.552,relax,0,0,0.0,False,False,3.294093801720665,4.029411153368201,421.2229233210029,28.0,7.0,85.54398345242566,89.84375,97.65625,14.036610452137266
session_6.csv,session_6,558,35712,35840,35712,35840,71.424,71.68,relax,0,0,0.0,False,False,2.645036680044959,3.3295045988738874,331.10020590633314,24.0,2.0,77.91680198718223,70.3125,66.40625,8.312758967394599
session_6.csv,session_6,559,35776,35904,35776,35904,71.552,71.808,relax,0,0,0.0,False,False,2.572886802702887,3.151658511356368,331.87910865177764,29.0,4.0,77.31584767368427,78.125,78.125,5.500735408167057
session_6.csv,session_6,560,35840,35968,35840,35968,71.68,71.936,relax,0,0,0.0,False,False,2.88345328231709,3.5332517056332264,361.778517739706,30.0,3.0,80.96823570256556,82.03125,85.9375,15.13229036818436
session_6.csv,session_6,561,35904,36032,35904,36032,71.808,72.064,relax,0,0,0.0,False,False,2.327351253215382,2.9853869015946737,301.07234695666,22.0,0.0,78.1358110414372,78.125,74.21875,8.490521629557064
session_6.csv,session_6,562,35968,36096,35968,36096,71.936,72.192,relax,0,0,0.0,False,False,2.1326432421495625,3.234775180894638,287.87114808513456,15.0,1.0,80.28816022359388,74.21875,70.3125,1.1266211879017185
session_6.csv,session_6,563,36032,36160,36032,36160,72.064,72.32,relax,0,0,0.0,False,True,4.657019968600526,7.735984249100165,600.1806485038803,28.0,11.0,77.6363000422847,74.21875,70.3125,28.12238298341766
session_6.csv,session_6,564,36096,36224,36096,36224,72.192,72.448,relax,0,63,0.4921875,True,True,8.343803495288977,12.826849029275852,1120.9772261147668,38.0,19.0,84.79894432806664,89.84375,93.75,224.3999871023782
session_6.csv,session_6,565,36160,36288,36160,36288,72.32,72.576,clench,1,127,0.9921875,True,True,13.734836767816482,17.950967942121846,1803.8950444464413,39.0,25.0,80.28963444856345,78.125,93.75,189.16551301127703
session_6.csv,session_6,566,36224,36352,36224,36352,72.448,72.704,clench,1,128,1.0,False,False,17.339182129578113,19.822923189583094,2217.945244196905,43.0,36.0,79.78610289352147,78.125,74.21875,335.81947199738534
session_6.csv,session_6,567,36288,36416,36288,36416,72.576,72.832,clench,1,128,1.0,False,False,13.6851931004156,16.3407035400233,1726.6201493995347,41.0,31.0,82.77366294873555,82.03125,85.9375,205.08082938516492
session_6.csv,session_6,568,36352,36480,36352,36480,72.704,72.96,clench,1,128,1.0,False,False,9.829938074863113,12.022802243518605,1256.5588184156527,42.0,24.0,78.62178019044948,74.21875,74.21875,137.65524527371804
session_6.csv,session_6,569,36416,36544,36416,36544,72.832,73.088,clench,1,128,1.0,False,False,8.793295384841997,10.649283272846674,1134.1511979520305,44.0,24.0,84.4668628237634,85.9375,85.9375,64.57211270644345
session_6.csv,session_6,570,36480,36608,36480,36608,72.96,73.216,clench,1,128,1.0,False,False,7.707648632628114,9.64641482043697,1044.4432224580341,46.0,25.0,79.70694144405729,78.125,74.21875,96.84957147340457
session_6.csv,session_6,571,36544,36672,36544,36672,73.088,73.344,clench,1,128,1.0,False,False,8.57753401563321,10.4492697830956,1153.2225713327016,45.0,23.0,83.46557515558524,82.03125,82.03125,124.69865586928849
session_6.csv,session_6,572,36608,36736,36608,36736,73.216,73.472,clench,1,128,1.0,False,False,8.537098495873076,10.40236541187615,1055.4081495718842,41.0,16.0,82.75436683050613,85.9375,85.9375,114.59288573374653
session_6.csv,session_6,573,36672,36800,36672,36800,73.344,73.6,clench,1,128,1.0,False,False,8.160358734837992,10.560632438500535,975.7484059056379,35.0,18.0,77.07509929496176,78.125,74.21875,121.11870410328417
session_6.csv,session_6,574,36736,36864,36736,36864,73.472,73.728,clench,1,100,0.78125,True,True,5.436234200728942,8.606973294157138,652.5979091216306,24.0,11.0,73.94073789721334,70.3125,70.3125,24.112585700004967
session_6.csv,session_6,575,36800,36928,36800,36928,73.6,73.856,relax,0,36,0.28125,True,True,1.785934115739023,2.1762993570368194,226.57598043673352,17.0,0.0,75.84897909071765,70.3125,70.3125,4.368781470323916
session_6.csv,session_6,576,36864,36992,36864,36992,73.728,73.984,relax,0,0,0.0,False,False,1.673306267776229,2.1209836881962487,214.50784491912327,12.0,0.0,78.64843746913907,74.21875,66.40625,2.105134562442682
session_6.csv,session_6,577,36928,37056,36928,37056,73.856,74.112,relax,0,0,0.0,False,False,2.0602860332138277,2.6577397691642743,283.0339224791114,20.0,2.0,82.13252763608891,82.03125,78.125,4.683027117898264
session_6.csv,session_6,578,36992,37120,36992,37120,73.984,74.24,relax,0,0,0.0,False,False,2.3486721828680395,2.8467324495542785,314.9453521006599,28.0,1.0,86.4365909582653,89.84375,89.84375,9.688790012854858
session_6.csv,session_6,579,37056,37184,37056,37184,74.112,74.368,relax,0,0,0.0,False,False,1.994293935670485,2.4913418255983464,262.90684310468566,19.0,0.0,87.18678070965518,89.84375,89.84375,3.6764890271324804
session_6.csv,session_6,580,37120,37248,37120,37248,74.24,74.496,relax,0,0,0.0,False,False,2.064995106997447,2.562965664676383,275.27238767720235,22.0,0.0,85.79295169021164,89.84375,89.84375,6.545867221774775
session_6.csv,session_6,581,37184,37312,37184,37312,74.368,74.624,relax,0,0,0.0,False,True,4.677415796758808,7.174642050271863,624.866203436481,36.0,5.0,82.79865163364306,82.03125,97.65625,7.0313384192315285
session_6.csv,session_6,582,37248,37376,37248,37376,74.496,74.752,relax,0,52,0.40625,True,True,12.26371639627467,16.256134882394825,1578.5147814594147,44.0,22.0,82.27265852769791,82.03125,93.75,198.59451103493583
session_6.csv,session_6,583,37312,37440,37312,37440,74.624,74.88,clench,1,116,0.90625,True,True,13.767984914043051,17.31356810520679,1784.9194890776048,43.0,31.0,83.70891846660763,82.03125,97.65625,391.576697829647
session_6.csv,session_6,584,37376,37504,37376,37504,74.752,75.008,clench,1,128,1.0,False,False,11.36817484830892,14.400581543570082,1491.1354128157873,42.0,24.0,78.83647020911604,78.125,66.40625,196.78082191274083
session_6.csv,session_6,585,37440,37568,37440,37568,74.88,75.136,clench,1,128,1.0,False,False,12.896429778912452,16.1657534875557,1660.3329101701536,40.0,26.0,84.15883364423166,85.9375,82.03125,246.14450136023612
session_6.csv,session_6,586,37504,37632,37504,37632,75.008,75.264,clench,1,128,1.0,False,False,10.646841666420016,13.639160859195057,1375.8073815407292,39.0,26.0,83.82515402068394,85.9375,85.9375,119.99760098295997
session_6.csv,session_6,587,37568,37696,37568,37696,75.136,75.392,clench,1,104,0.8125,True,True,6.134707540525759,8.05766301861643,792.1039585579105,36.0,17.0,74.7095879589706,74.21875,74.21875,41.3404330356131
session_6.csv,session_6,588,37632,37760,37632,37760,75.264,75.52,relax,0,40,0.3125,True,True,3.2646980866519373,4.5466242673363855,449.37720786481077,29.0,7.0,81.77735236472772,82.03125,85.9375,5.3544980899218695
session_6.csv,session_6,589,37696,37824,37696,37824,75.392,75.648,relax,0,0,0.0,False,True,2.4638037260364944,3.0161491431315235,327.6203673464099,31.0,1.0,78.35117218406272,74.21875,66.40625,8.858842637014343
session_6.csv,session_6,590,37760,37888,37760,37888,75.52,75.776,relax,0,0,0.0,False,False,2.5076871713996365,3.1031508226585145,330.06550421568227,31.0,2.0,87.33876068908964,93.75,93.75,5.773765287888546
session_6.csv,session_6,591,37824,37952,37824,37952,75.648,75.904,relax,0,0,0.0,False,False,3.048951631495683,3.8222023447081446,386.8701272041735,30.0,4.0,79.25521798122152,78.125,82.03125,10.950976652685588
session_6.csv,session_6,592,37888,38016,37888,38016,75.776,76.032,relax,0,0,0.0,False,False,2.931085006777961,3.6977287054911483,376.2121421815825,26.0,5.0,81.22785403485386,82.03125,78.125,15.025742265451143
session_6.csv,session_6,593,37952,38080,37952,38080,75.904,76.16,relax,0,0,0.0,False,False,2.281546631634508,2.813570743555519,283.35370435780214,19.0,3.0,78.92307984811549,78.125,78.125,5.391678007228561
session_6.csv,session_6,594,38016,38144,38016,38144,76.032,76.288,relax,0,0,0.0,False,False,2.791162380759734,3.4218845530522386,353.89854371569425,29.0,4.0,79.72115094209627,78.125,74.21875,9.79868277881671
session_6.csv,session_6,595,38080,38208,38080,38208,76.16,76.416,relax,0,0,0.0,False,False,3.04558542285441,3.7233864382565587,406.9829295389029,34.0,4.0,87.99594851264693,89.84375,89.84375,16.373324964820114
session_6.csv,session_6,596,38144,38272,38144,38272,76.288,76.544,relax,0,0,0.0,False,False,4.960138533803198,8.660995961143197,610.8653232086697,30.0,3.0,80.72174260274495,78.125,74.21875,13.107059559742302
session_6.csv,session_6,597,38208,38336,38208,38336,76.416,76.672,relax,0,19,0.1484375,True,True,13.725960369047659,19.91228616469185,1728.9469896212981,35.0,18.0,81.81434314777182,78.125,74.21875,530.4559322311202
session_6.csv,session_6,598,38272,38400,38272,38400,76.544,76.8,clench,1,83,0.6484375,True,True,19.536127819400118,24.23813164685324,2531.089985410292,42.0,29.0,79.99415091872142,78.125,78.125,254.1445820903417
session_6.csv,session_6,599,38336,38464,38336,38464,76.672,76.928,clench,1,128,1.0,False,True,15.313493430445867,18.854175914990883,2081.469883181828,45.0,29.0,85.24313022296325,85.9375,82.03125,391.3779634200067
session_6.csv,session_6,600,38400,38528,38400,38528,76.8,77.056,clench,1,128,1.0,False,False,10.347666729290708,12.873466884248433,1366.7200861637791,44.0,24.0,82.92341189315988,82.03125,78.125,114.53038194660081
session_6.csv,session_6,601,38464,38592,38464,38592,76.928,77.184,clench,1,128,1.0,False,False,11.558894637307144,14.871144644709876,1449.1315189966392,41.0,22.0,79.33713223940487,82.03125,82.03125,140.70039492288848
session_6.csv,session_6,602,38528,38656,38528,38656,77.056,77.312,clench,1,128,1.0,False,False,13.532186675255755,16.317214733318707,1671.6588918297862,39.0,27.0,77.8259152404332,74.21875,74.21875,268.0943059452372
session_6.csv,session_6,603,38592,38720,38592,38720,77.184,77.44,clench,1,128,1.0,False,False,10.957414104504538,13.242583389773884,1349.7715966701535,40.0,22.0,77.98397928289455,78.125,78.125,164.2128352219073
session_6.csv,session_6,604,38656,38784,38656,38784,77.312,77.568,clench,1,128,1.0,False,False,9.572611589475727,11.391350939014877,1185.9011816055001,41.0,16.0,79.12724440960784,78.125,74.21875,90.69080011387314
session_6.csv,session_6,605,38720,38848,38720,38848,77.44,77.696,clench,1,128,1.0,False,False,7.928131956973845,9.977566536914178,1014.638762011092,39.0,14.0,81.52139161479572,85.9375,85.9375,107.91765904276451
session_6.csv,session_6,606,38784,38912,38784,38912,77.568,77.824,clench,1,128,1.0,False,False,4.844950217355648,6.3264697942180135,680.0668721824208,40.0,13.0,87.87038591443097,89.84375,89.84375,37.085143341152005
session_6.csv,session_6,607,38848,38976,38848,38976,77.696,77.952,clench,1,128,1.0,False,False,4.092113536875099,5.328575872658482,564.3017727529531,42.0,8.0,82.11012748678884,82.03125,85.9375,17.531648877260135
session_6.csv,session_6,608,38912,39040,38912,39040,77.824,78.08,clench,1,92,0.71875,True,True,4.38414745300399,5.92004293860869,560.3560805884106,37.0,7.0,80.84365618820713,78.125,89.84375,43.767989076138264
session_6.csv,session_6,609,38976,39104,38976,39104,77.952,78.208,relax,0,28,0.21875,True,True,2.9538259157266955,4.38189177584093,376.17203165089245,27.0,4.0,80.24524916203924,74.21875,70.3125,8.500762667453788
session_6.csv,session_6,610,39040,39168,39040,39168,78.08,78.336,relax,0,0,0.0,False,False,1.761370822639308,2.420389018355064,233.27698400212932,19.0,0.0,81.73746128528298,82.03125,97.65625,1.9528513878174851
session_6.csv,session_6,611,39104,39232,39104,39232,78.208,78.464,relax,0,0,0.0,False,False,2.185441307855678,2.770718119077523,294.60540012298463,25.0,1.0,88.96213314875459,93.75,93.75,11.27526003540303
session_6.csv,session_6,612,39168,39296,39168,39296,78.336,78.592,relax,0,0,0.0,False,False,2.6040228545659465,3.087194318468085,344.02582741965534,33.0,1.0,79.54611998591926,74.21875,97.65625,6.062894125277867
session_6.csv,session_6,613,39232,39360,39232,39360,78.464,78.72,relax,0,0,0.0,False,False,2.8589014091435523,3.3858222064883696,367.15611009404574,36.0,3.0,77.55635853838236,74.21875,74.21875,10.273109934125538
session_6.csv,session_6,614,39296,39424,39296,39424,78.592,78.848,relax,0,0,0.0,False,False,2.771653164276853,3.343114682877485,354.78325077850207,31.0,3.0,81.24976045887618,82.03125,85.9375,8.50415298301777
session_6.csv,session_6,615,39360,39488,39360,39488,78.72,78.976,relax,0,19,0.1484375,True,True,9.12618915716418,16.285780728886497,1088.9000021173351,32.0,8.0,77.21610008847497,78.125,70.3125,41.16263746642654
session_6.csv,session_6,616,39424,39552,39424,39552,78.848,79.104,clench,1,83,0.6484375,True,True,25.306389740047642,34.6162154264021,3135.4958002500925,39.0,29.0,79.34903112506757,74.21875,70.3125,1443.561100852711
session_6.csv,session_6,617,39488,39616,39488,39616,78.976,79.232,clench,1,128,1.0,False,True,22.467743147960913,31.802803963625536,2899.0316706133635,44.0,32.0,79.36703357216138,78.125,82.03125,584.3754449252291
session_6.csv,session_6,618,39552,39680,39552,39680,79.104,79.36,clench,1,128,1.0,False,False,9.813236689471518,12.266311216508742,1301.0727598156168,42.0,21.0,83.21758758649808,82.03125,82.03125,131.58166760260752
session_6.csv,session_6,619,39616,39744,39616,39744,79.232,79.488,clench,1,93,0.7265625,True,True,8.455241530013458,11.433347336920924,1111.0196152810836,38.0,19.0,80.74627903471175,78.125,93.75,181.50395846637184
session_6.csv,session_6,620,39680,39808,39680,39808,79.36,79.616,relax,0,29,0.2265625,True,True,4.78624481311363,7.615924288365829,636.4119902442534,31.0,9.0,81.91536008946754,82.03125,89.84375,14.521990462694971
session_6.csv,session_6,621,39744,39872,39744,39872,79.488,79.744,relax,0,0,0.0,False,False,1.9278380221456048,2.5063461566741196,255.8501438990785,16.0,0.0,84.28229746023283,78.125,97.65625,2.7497647223239694
session_6.csv,session_6,622,39808,39936,39808,39936,79.616,79.872,relax,0,0,0.0,False,False,2.514750003923833,3.4205940303800353,331.9720520345704,21.0,2.0,82.46431417447751,78.125,74.21875,8.973817305991414
session_6.csv,session_6,623,39872,40000,39872,40000,79.744,80.0,relax,0,0,0.0,False,False,2.569931065978679,3.4135384416725905,350.74826993041313,29.0,2.0,73.60308205149617,74.21875,74.21875,7.9873338978273205
session_6.csv,session_6,624,39936,40064,39936,40064,79.872,80.128,relax,0,0,0.0,False,False,2.4523543609271234,3.1218345405720607,324.25739433890135,25.0,3.0,78.6303318397925,78.125,78.125,5.964820139380111
session_6.csv,session_6,625,40000,40128,40000,40128,80.0,80.256,relax,0,0,0.0,False,False,3.045009493157111,3.7224039107899363,377.29486907022886,27.0,5.0,79.30038542206479,74.21875,70.3125,14.494963776716821
session_6.csv,session_6,626,40064,40192,40064,40192,80.128,80.384,relax,0,3,0.0234375,True,True,12.560423640746517,23.73482790804789,1644.4217716765438,35.0,17.0,81.07252629635738,82.03125,89.84375,68.08610101763846
session_6.csv,session_6,627,40128,40256,40128,40256,80.256,80.512,clench,1,67,0.5234375,True,True,21.422684796294124,29.905928387050253,2807.0005704549253,41.0,32.0,83.05870258953829,82.03125,93.75,1361.8786110515375
session_6.csv,session_6,628,40192,40320,40192,40320,80.384,80.64,clench,1,128,1.0,False,True,17.002076488420403,21.24223008415561,2195.228782301495,41.0,34.0,79.0855162397922,78.125,70.3125,216.0694572433713
session_6.csv,session_6,629,40256,40384,40256,40384,80.512,80.768,clench,1,128,1.0,False,False,13.216202893684592,15.505046878634268,1711.90049890337,41.0,32.0,88.94009804314278,93.75,97.65625,185.24682173757913
session_6.csv,session_6,630,40320,40448,40320,40448,80.64,80.896,clench,1,128,1.0,False,False,8.139700802398975,11.561356569362747,1036.787414125804,37.0,16.0,74.83141358548814,70.3125,70.3125,96.34757876148745
session_6.csv,session_6,631,40384,40512,40384,40512,80.768,81.024,clench,1,128,1.0,False,False,3.1457615737612565,3.823479376899675,394.6931602441505,33.0,2.0,73.85691710756169,74.21875,74.21875,10.722727340788106
session_6.csv,session_6,632,40448,40576,40448,40576,80.896,81.152,clench,1,101,0.7890625,True,True,3.5338153304931357,4.7338962013259955,458.2771048171235,31.0,5.0,80.13737814304771,78.125,70.3125,31.51230991669055
session_6.csv,session_6,633,40512,40640,40512,40640,81.024,81.28,relax,0,37,0.2890625,True,True,3.135287895713792,4.3667995553805365,408.43973782559783,29.0,4.0,84.70967872954942,85.9375,97.65625,11.916142533850447
session_6.csv,session_6,634,40576,40704,40576,40704,81.152,81.408,relax,0,0,0.0,False,False,2.7405915163883376,3.4058379831009793,355.6285804312329,30.0,2.0,80.68482075329135,78.125,78.125,6.76109336411899
session_6.csv,session_6,635,40640,40768,40640,40768,81.28,81.536,relax,0,0,0.0,False,False,2.6569995310968793,3.2856177191741693,349.8628452640695,32.0,2.0,87.9621138157706,93.75,93.75,12.636388647231374
session_6.csv,session_6,636,40704,40832,40704,40832,81.408,81.664,relax,0,0,0.0,False,False,2.4703786674435175,3.2402287507114322,334.062995425337,31.0,0.0,84.77654177295959,82.03125,82.03125,9.29266998115901
session_6.csv,session_6,637,40768,40896,40768,40896,81.536,81.792,relax,0,0,0.0,False,False,2.7128839672124174,3.5028895283336645,383.02385984437535,33.0,2.0,86.15222745502446,89.84375,97.65625,6.365477852699444
session_6.csv,session_6,638,40832,40960,40832,40960,81.664,81.92,relax,0,0,0.0,False,False,2.7379419804983467,3.3330666214703144,365.2126448300062,33.0,3.0,81.29133640023505,82.03125,85.9375,6.6391006939159
session_6.csv,session_6,639,40896,41024,40896,41024,81.792,82.048,relax,0,0,0.0,False,False,2.503083906264541,3.0516647285953282,297.3331828955112,24.0,1.0,74.31902450578022,74.21875,66.40625,7.860542945795556
session_6.csv,session_6,640,40960,41088,40960,41088,81.92,82.176,relax,0,0,0.0,False,False,1.99838899292663,2.5475325300208578,244.10980530876452,16.0,0.0,73.66485051895371,70.3125,66.40625,3.6279365072269365
session_6.csv,session_6,641,41024,41152,41024,41152,82.048,82.304,relax,0,0,0.0,False,False,2.620818721694718,3.3748620273554994,345.2783759165832,29.0,1.0,83.84808968268115,85.9375,85.9375,9.78320562253653
session_6.csv,session_6,642,41088,41216,41088,41216,82.176,82.432,relax,0,0,0.0,False,True,4.0744476088440384,5.261274885512275,509.68447767033376,39.0,4.0,80.72836390003486,78.125,85.9375,15.772236686106323
session_6.csv,session_6,643,41152,41280,41152,41280,82.304,82.56,relax,0,41,0.3203125,True,True,13.201881598178675,19.58098597128368,1654.7588117079124,35.0,19.0,84.85812257246569,85.9375,85.9375,308.1558115843882
session_6.csv,session_6,644,41216,41344,41216,41344,82.432,82.688,clench,1,105,0.8203125,True,True,21.466942283464782,27.18452588243771,2791.291156190251,41.0,34.0,78.5973549870238,78.125,82.03125,416.5532810624331
session_6.csv,session_6,645,41280,41408,41280,41408,82.56,82.816,clench,1,128,1.0,False,False,18.106576025478937,23.696285601340637,2355.690009679422,43.0,30.0,82.42749725467817,85.9375,85.9375,785.5762740910252
session_6.csv,session_6,646,41344,41472,41344,41472,82.688,82.944,clench,1,128,1.0,False,False,13.616089985772152,17.517059340546048,1773.6262857992288,44.0,28.0,83.35829054776431,85.9375,85.9375,224.29965623136064
session_6.csv,session_6,647,41408,41536,41408,41536,82.816,83.072,clench,1,128,1.0,False,False,9.074257039949389,12.022508315783544,1159.3725864219748,40.0,23.0,83.6003881784177,85.9375,93.75,73.60646609875685
session_6.csv,session_6,648,41472,41600,41472,41600,82.944,83.2,clench,1,128,1.0,False,False,5.801551528894039,7.231474825730767,728.9181927504223,38.0,14.0,78.04251641648028,74.21875,70.3125,40.95327772508556
session_6.csv,session_6,649,41536,41664,41536,41664,83.072,83.328,clench,1,128,1.0,False,False,7.754927891637885,9.76380260059691,1011.972838671536,40.0,20.0,78.9489356198348,78.125,78.125,137.12571654773234
session_6.csv,session_6,650,41600,41728,41600,41728,83.2,83.456,clench,1,128,1.0,False,False,9.04171154490485,11.378145835837552,1142.3906801406106,39.0,21.0,84.09049632333237,85.9375,82.03125,153.76085406915794
session_6.csv,session_6,651,41664,41792,41664,41792,83.328,83.584,clench,1,128,1.0,False,False,7.667961491048755,10.184421686143944,946.3249286862427,36.0,16.0,82.3605090783685,78.125,78.125,43.098596956982746
session_6.csv,session_6,652,41728,41856,41728,41856,83.456,83.712,clench,1,128,1.0,False,False,9.140493513993988,12.018093652781552,1154.9700686352207,36.0,16.0,80.83136546838541,78.125,78.125,198.34196749242642
session_6.csv,session_6,653,41792,41920,41792,41920,83.584,83.84,clench,1,128,1.0,False,False,8.077660151398048,10.928271361466605,1037.8393966846638,39.0,13.0,79.71738688465804,78.125,74.21875,82.53966664084416
session_6.csv,session_6,654,41856,41984,41856,41984,83.712,83.968,clench,1,128,1.0,False,False,5.307311307624597,6.461252744417281,707.1983949967419,41.0,14.0,83.0386102975709,85.9375,85.9375,22.38223566490546
session_6.csv,session_6,655,41920,42048,41920,42048,83.84,84.096,clench,1,128,1.0,False,False,6.141625119143385,7.585226104617143,796.620067164727,39.0,19.0,83.20164648853282,82.03125,70.3125,50.68026521409407
session_6.csv,session_6,656,41984,42112,41984,42112,83.968,84.224,clench,1,128,1.0,False,False,6.417333312549185,8.042655709557081,792.3454987114545,36.0,16.0,79.95643252049994,78.125,78.125,77.88065003414664
session_6.csv,session_6,657,42048,42176,42048,42176,84.096,84.352,clench,1,128,1.0,False,False,6.377383503173754,8.005523296406713,789.486035348697,37.0,10.0,79.55656090003404,78.125,74.21875,58.136217123922556
session_6.csv,session_6,658,42112,42240,42112,42240,84.224,84.48,clench,1,128,1.0,False,False,8.01410480012585,11.54443909874041,1002.2720578164964,37.0,6.0,78.34466300027256,74.21875,74.21875,34.8362369722333
session_6.csv,session_6,659,42176,42304,42176,42304,84.352,84.608,clench,1,128,1.0,False,False,8.069079490666116,11.67477118456885,1011.1170765915388,37.0,10.0,81.02388236767533,82.03125,82.03125,240.72845362824668
session_6.csv,session_6,660,42240,42368,42240,42368,84.48,84.736,clench,1,128,1.0,False,False,6.775790034979833,8.196449863814765,842.2363932971559,40.0,19.0,78.64648063809317,78.125,78.125,80.56555591391357
session_6.csv,session_6,661,42304,42432,42304,42432,84.608,84.864,clench,1,128,1.0,False,True,6.375368620699842,7.437108156900984,802.7575806597653,42.0,20.0,80.01431488315019,78.125,78.125,41.34115631723532
session_6.csv,session_6,662,42368,42496,42368,42496,84.736,84.992,clench,1,71,0.5546875,True,True,3.71179222282354,4.98252172750882,460.14635696335745,24.0,8.0,81.02556586554445,82.03125,78.125,17.592031128798425
session_6.csv,session_6,663,42432,42560,42432,42560,84.864,85.12,relax,0,7,0.0546875,True,True,1.549706611477732,1.914573273297152,197.48297058197863,13.0,0.0,79.88098281060121,78.125,89.84375,2.2209200794232573
session_6.csv,session_6,664,42496,42624,42496,42624,84.992,85.248,relax,0,0,0.0,False,False,1.8797389426754512,2.330475354157838,251.08525544849738,23.0,1.0,84.96931613694218,89.84375,89.84375,4.222356750192136
session_6.csv,session_6,665,42560,42688,42560,42688,85.12,85.376,relax,0,0,0.0,False,False,2.254442224529826,2.788629105570749,302.0848241247828,24.0,4.0,84.71773596074713,82.03125,78.125,9.42857483067144
session_6.csv,session_6,666,42624,42752,42624,42752,85.248,85.504,relax,0,0,0.0,False,False,1.9847929143621563,2.592682497162248,255.672284248477,16.0,4.0,80.56068800399096,78.125,93.75,2.2516301301239934
session_6.csv,session_6,667,42688,42816,42688,42816,85.376,85.632,relax,0,0,0.0,False,False,1.6302947935761232,2.0875189653882,200.56446744704203,12.0,1.0,77.43283724143463,74.21875,74.21875,4.446717724760029
session_6.csv,session_6,668,42752,42880,42752,42880,85.504,85.76,relax,0,0,0.0,False,False,1.7464699376207076,2.15654949733425,214.21458325936794,16.0,0.0,76.61318422740813,70.3125,70.3125,5.655985970818419
session_6.csv,session_6,669,42816,42944,42816,42944,85.632,85.888,relax,0,0,0.0,False,False,2.219550609240464,2.642762875714011,276.0967238461062,25.0,0.0,82.7918663160846,82.03125,93.75,4.079488911999031
session_6.csv,session_6,670,42880,43008,42880,43008,85.76,86.016,relax,0,0,0.0,False,False,2.407456741589952,2.9655599384459506,302.8831890201293,25.0,0.0,77.53517934923657,74.21875,70.3125,9.320797872566454
session_6.csv,session_6,671,42944,43072,42944,43072,85.888,86.144,relax,0,0,0.0,False,False,2.155502247840074,2.7550322367810267,286.945136051429,25.0,0.0,84.53441780878036,89.84375,93.75,5.0111980290128635
session_6.csv,session_6,672,43008,43136,43008,43136,86.016,86.272,relax,0,0,0.0,False,False,1.3928384399090818,1.8015609850413705,187.9122521299089,14.0,0.0,83.38912618887052,85.9375,97.65625,2.92201363485684
session_6.csv,session_6,673,43072,43200,43072,43200,86.144,86.4,relax,0,0,0.0,False,False,1.5913018852894982,2.0606785709950373,203.5285735151616,13.0,0.0,80.67749894092105,82.03125,85.9375,3.3405492190334525
session_6.csv,session_6,674,43136,43264,43136,43264,86.272,86.528,relax,0,0,0.0,False,False,2.082713434875669,2.519585245523296,284.7364204906927,27.0,0.0,86.36322156190113,85.9375,97.65625,5.740279769004973
session_6.csv,session_6,675,43200,43328,43200,43328,86.4,86.656,relax,0,0,0.0,False,False,1.6572886686424297,2.053293168075269,234.87705247850658,18.0,0.0,84.77487683787875,85.9375,97.65625,3.550817853744509
session_6.csv,session_6,676,43264,43392,43264,43392,86.528,86.784,relax,0,0,0.0,False,False,1.4830977429592522,1.8918810094798935,198.39188189997287,11.0,0.0,77.02932978642168,78.125,78.125,1.3374624128809371
session_6.csv,session_6,677,43328,43456,43328,43456,86.656,86.912,relax,0,0,0.0,False,False,1.5861486922557644,1.959355534028015,212.60178164888885,15.0,0.0,87.65422549496428,89.84375,93.75,4.87964594483515
session_6.csv,session_6,678,43392,43520,43392,43520,86.784,87.04,relax,0,0,0.0,False,False,1.8343139081376947,2.2417992034174965,232.79724407127617,18.0,0.0,75.80238957436687,74.21875,70.3125,5.453495238419826
session_6.csv,session_6,679,43456,43584,43456,43584,86.912,87.168,relax,0,0,0.0,False,False,1.8460946401910103,2.336177252424279,236.3734664380056,22.0,0.0,80.54602202393139,82.03125,66.40625,3.4660578588181585
session_6.csv,session_6,680,43520,43648,43520,43648,87.04,87.296,relax,0,0,0.0,False,False,1.5053285219045334,1.9073599833006174,197.77406507742887,15.0,0.0,79.69857348522358,82.03125,82.03125,2.9258088959386184
session_6.csv,session_6,681,43584,43712,43584,43712,87.168,87.424,relax,0,0,0.0,False,False,1.8137069346861354,2.276790596479164,243.96975471684902,18.0,0.0,86.93755636443275,89.84375,89.84375,3.191576197647334
session_6.csv,session_6,682,43648,43776,43648,43776,87.296,87.552,relax,0,0,0.0,False,False,1.8884169168798675,2.3240495670471466,257.03364939084133,20.0,0.0,89.16281961711951,93.75,93.75,5.748772584888901
session_6.csv,session_6,683,43712,43840,43712,43840,87.424,87.68,relax,0,0,0.0,False,False,2.127629560437656,2.677182132513013,273.6818555327285,19.0,0.0,74.1697735337491,70.3125,70.3125,5.379043781054032
session_6.csv,session_6,684,43776,43904,43776,43904,87.552,87.808,relax,0,0,0.0,False,False,2.687621761055836,3.291887103200007,343.92034741053726,26.0,1.0,82.1590585797812,85.9375,70.3125,7.703306906698268
session_6.csv,session_6,685,43840,43968,43840,43968,87.68,87.936,relax,0,0,0.0,False,False,2.1080340142914107,2.662469487856265,274.8634601015326,16.0,1.0,81.30739186869056,82.03125,89.84375,5.579549372549443
session_6.csv,session_6,686,43904,44032,43904,44032,87.808,88.064,relax,0,0,0.0,False,False,1.5658706229436667,1.983764426585763,200.38965570628,11.0,0.0,78.52440176644392,78.125,78.125,2.8946490547500643
session_6.csv,session_6,687,43968,44096,43968,44096,87.936,88.192,relax,0,0,0.0,False,False,1.9240657203655305,2.4547114826010126,242.98566211171067,21.0,0.0,77.74448306807814,78.125,82.03125,5.146402252759224
session_6.csv,session_6,688,44032,44160,44032,44160,88.064,88.32,relax,0,38,0.296875,True,True,12.07097145148164,18.889222719409915,1554.963257435762,36.0,16.0,78.75399305082018,78.125,78.125,195.7321301280168
session_6.csv,session_6,689,44096,44224,44096,44224,88.192,88.448,clench,1,102,0.796875,True,True,17.882478917249394,21.896638756202513,2284.9815677522715,42.0,33.0,82.99145931280273,82.03125,74.21875,523.0751649861587
session_6.csv,session_6,690,44160,44288,44160,44288,88.32,88.576,clench,1,128,1.0,False,False,12.376457075676893,14.84263693894981,1602.5124115980245,44.0,32.0,83.89376970259187,82.03125,85.9375,232.0130945432453
session_6.csv,session_6,691,44224,44352,44224,44352,88.448,88.704,clench,1,128,1.0,False,False,10.32641082713419,12.465538463895225,1362.4222781480323,44.0,29.0,78.10280357947825,78.125,78.125,79.90833441682359
session_6.csv,session_6,692,44288,44416,44288,44416,88.576,88.832,clench,1,128,1.0,False,False,10.407377196451051,11.91133100324796,1341.6003726608224,43.0,24.0,80.75975149079942,82.03125,82.03125,134.16457120108194
session_6.csv,session_6,693,44352,44480,44352,44480,88.704,88.96,clench,1,128,1.0,False,False,8.75723715485909,10.532476168684392,1142.2217853589686,43.0,20.0,83.43102380619139,85.9375,89.84375,121.34393863485698
session_6.csv,session_6,694,44416,44544,44416,44544,88.832,89.088,clench,1,128,1.0,False,False,8.046636811674878,9.698563693950444,1081.5551438580483,45.0,23.0,83.75208921516115,85.9375,85.9375,50.08490063602423
session_6.csv,session_6,695,44480,44608,44480,44608,88.96,89.216,clench,1,128,1.0,False,False,10.18887945956981,12.384765832321902,1371.7012598143929,46.0,27.0,85.24185458121244,89.84375,93.75,112.01213055919614
session_6.csv,session_6,696,44544,44672,44544,44672,89.088,89.344,clench,1,128,1.0,False,False,10.269682060498438,12.772309658324795,1353.1814529275362,44.0,27.0,83.33579515139756,82.03125,97.65625,113.4133548293552
session_6.csv,session_6,697,44608,44736,44608,44736,89.216,89.472,clench,1,128,1.0,False,False,8.20250873732692,10.430480348695188,1078.8955353958763,42.0,22.0,82.0114604715023,78.125,70.3125,85.77336115690451
session_6.csv,session_6,698,44672,44800,44672,44800,89.344,89.6,clench,1,104,0.8125,True,True,5.556250114745435,7.252211713197533,697.7837116141657,35.0,12.0,81.61049216830655,82.03125,82.03125,85.97162979685743
session_6.csv,session_6,699,44736,44864,44736,44864,89.472,89.728,relax,0,40,0.3125,True,True,3.537457158514152,4.676763815042176,444.1735139313705,33.0,7.0,84.48058849469706,89.84375,93.75,11.769902299562347
session_6.csv,session_6,700,44800,44928,44800,44928,89.6,89.856,relax,0,0,0.0,False,True,2.57312651281205,3.12058909488171,348.3480524797691,32.0,3.0,82.87430562566429,82.03125,89.84375,4.709906897833532
session_6.csv,session_6,701,44864,44992,44864,44992,89.728,89.984,relax,0,0,0.0,False,False,2.9935518464958877,3.6739218185774583,386.0979830983206,34.0,0.0,79.86636837727035,82.03125,85.9375,9.724515807836863
session_6.csv,session_6,702,44928,45056,44928,45056,89.856,90.112,relax,0,0,0.0,False,False,3.443422556032721,4.026891367012482,437.953804363927,37.0,0.0,80.71658135256335,82.03125,82.03125,17.671831104126248
session_6.csv,session_6,703,44992,45120,44992,45120,89.984,90.24,relax,0,0,0.0,False,False,2.809817150164357,3.3549421221706752,365.0404715308913,32.0,1.0,81.88685361090924,82.03125,78.125,9.384592048813893
session_6.csv,session_6,704,45056,45184,45056,45184,90.112,90.368,relax,0,0,0.0,False,False,2.053727258124413,2.583100265045435,263.9824504721796,24.0,0.0,78.34419610369103,74.21875,66.40625,6.061674824569825
session_6.csv,session_6,705,45120,45248,45120,45248,90.24,90.496,relax,0,0,0.0,False,False,2.109807449820801,2.7403362187485043,262.3501028621371,21.0,0.0,81.20205884412485,82.03125,89.84375,4.6143425921522265
session_6.csv,session_6,706,45184,45312,45184,45312,90.368,90.624,relax,0,0,0.0,False,False,2.6194262075475674,3.2424404864811094,327.7733506592532,25.0,4.0,81.1880931118621,78.125,93.75,10.789309329127379
session_6.csv,session_6,707,45248,45376,45248,45376,90.496,90.752,relax,0,0,0.0,False,False,2.958327480668924,3.59505284460321,369.246281956037,30.0,4.0,75.53726466151349,74.21875,74.21875,11.14879559546734
session_6.csv,session_6,708,45312,45440,45312,45440,90.624,90.88,relax,0,0,0.0,False,False,2.8385689146498896,3.476634685563946,356.2192255132369,30.0,1.0,77.31227702655583,74.21875,74.21875,10.562971498270537
session_6.csv,session_6,709,45376,45504,45376,45504,90.752,91.008,relax,0,0,0.0,False,False,2.5836031666132167,3.161009942866876,329.01847422543983,27.0,2.0,82.46764307717282,85.9375,89.84375,9.497671045177917
session_6.csv,session_6,710,45440,45568,45440,45568,90.88,91.136,relax,0,0,0.0,False,False,2.7178883720207994,3.3519688886387953,330.4511459354918,27.0,1.0,75.10806233873612,74.21875,70.3125,5.893252045965133
session_6.csv,session_6,711,45504,45632,45504,45632,91.008,91.264,relax,0,0,0.0,False,False,2.5212056209599263,3.0948916231460557,312.02007519343795,26.0,1.0,76.6740543534173,74.21875,74.21875,13.164160184484944
session_6.csv,session_6,712,45568,45696,45568,45696,91.136,91.392,relax,0,0,0.0,False,False,2.3227699317415826,2.8050026971334336,304.0434821953197,28.0,1.0,81.22683979519017,82.03125,82.03125,8.491228654534325
session_6.csv,session_6,713,45632,45760,45632,45760,91.264,91.52,relax,0,0,0.0,False,False,2.0642039790310323,2.6629685403058643,265.97761356371893,22.0,0.0,80.16276506205939,82.03125,78.125,5.294421175566477
session_6.csv,session_6,714,45696,45824,45696,45824,91.392,91.648,relax,0,0,0.0,False,True,2.112642309792636,3.0599929733493996,286.4596088164204,19.0,2.0,81.55099285535289,78.125,74.21875,3.0716328464672222
session_6.csv,session_6,715,45760,45888,45760,45888,91.52,91.776,relax,0,59,0.4609375,True,True,13.630694521214267,22.21080169424864,1847.2155670463305,36.0,20.0,84.45191865757639,85.9375,85.9375,396.9955451892019
session_6.csv,session_6,716,45824,45952,45824,45952,91.648,91.904,clench,1,123,0.9609375,True,True,20.828276984969364,26.68624578825862,2723.4585886109,43.0,33.0,82.70190096259391,85.9375,85.9375,463.0640235801321
session_6.csv,session_6,717,45888,46016,45888,46016,91.776,92.032,clench,1,128,1.0,False,False,14.35992751017478,18.060340835616152,1837.9979596395854,41.0,28.0,77.48899165163294,74.21875,74.21875,194.88259368480547
session_6.csv,session_6,718,45952,46080,45952,46080,91.904,92.16,clench,1,128,1.0,False,False,12.512354845351267,15.189976361465966,1646.1197409788415,41.0,25.0,83.74430531133147,82.03125,93.75,284.65085093629517
session_6.csv,session_6,719,46016,46144,46016,46144,92.032,92.288,clench,1,128,1.0,False,False,11.389116034322814,14.122521532711804,1399.451376929487,39.0,23.0,83.89680245913412,89.84375,93.75,130.1249901704065
session_6.csv,session_6,720,46080,46208,46080,46208,92.16,92.416,clench,1,128,1.0,False,False,8.175049138432328,10.283150480258032,1027.0309491953326,40.0,19.0,75.1895672105375,74.21875,70.3125,157.6787719126965
session_6.csv,session_6,721,46144,46272,46144,46272,92.288,92.544,clench,1,128,1.0,False,True,5.231677885277684,6.839725769609221,654.505290876764,33.0,12.0,80.49609368665745,82.03125,85.9375,22.317394140884428
session_6.csv,session_6,722,46208,46336,46208,46336,92.416,92.672,clench,1,86,0.671875,True,True,3.554944482734988,4.5117964262322845,447.2314983320032,29.0,7.0,83.15114020437835,85.9375,78.125,18.427264264144217
session_6.csv,session_6,723,46272,46400,46272,46400,92.544,92.8,relax,0,22,0.171875,True,True,2.7984602395742186,3.6700599272509162,361.6970792954264,24.0,5.0,78.22801305390868,74.21875,70.3125,9.18890755257238
session_6.csv,session_6,724,46336,46464,46336,46464,92.672,92.928,relax,0,0,0.0,False,False,1.873576602995171,2.3194055398287157,235.2506216817893,17.0,1.0,75.8047423025457,70.3125,70.3125,4.7502171986533135
session_6.csv,session_6,725,46400,46528,46400,46528,92.8,93.056,relax,0,0,0.0,False,False,1.8786108942223354,2.3236022090783117,231.3914315169992,17.0,0.0,82.5140066234028,82.03125,78.125,4.645281423751957
session_6.csv,session_6,726,46464,46592,46464,46592,92.928,93.184,relax,0,0,0.0,False,False,2.235020854695424,2.727378750758971,289.8727158105546,24.0,0.0,79.22014628143565,74.21875,74.21875,7.537017452258712
session_6.csv,session_6,727,46528,46656,46528,46656,93.056,93.312,relax,0,0,0.0,False,False,2.2115965662729797,2.6602729668348752,299.671554545198,27.0,0.0,87.39471534853887,93.75,97.65625,4.444852210913264
session_6.csv,session_6,728,46592,46720,46592,46720,93.184,93.44,relax,0,0,0.0,False,False,1.8694797711697229,2.2498854433006943,251.56307087771472,22.0,0.0,80.93194104367419,82.03125,70.3125,4.274021043332227
session_6.csv,session_6,729,46656,46784,46656,46784,93.312,93.568,relax,0,0,0.0,False,False,1.8484794500532766,2.22538938765833,240.5283462867584,21.0,0.0,78.16363889393341,78.125,74.21875,3.809083507498523
session_6.csv,session_6,730,46720,46848,46720,46848,93.44,93.696,relax,0,0,0.0,False,False,2.1008003490859526,2.6461967854880752,266.13254331573523,22.0,0.0,81.0551069913452,85.9375,89.84375,4.172841288274568
session_6.csv,session_6,731,46784,46912,46784,46912,93.568,93.824,relax,0,7,0.0546875,True,True,5.132284402330617,8.1933533343512,596.6444243011331,28.0,8.0,80.85487174803376,78.125,78.125,15.217927389147748
session_6.csv,session_6,732,46848,46976,46848,46976,93.696,93.952,clench,1,71,0.5546875,True,True,13.84194871702636,21.478621378170793,1766.642688579304,41.0,17.0,81.98338275561755,82.03125,78.125,928.5433718607176
session_6.csv,session_6,733,46912,47040,46912,47040,93.824,94.08,clench,1,128,1.0,False,True,15.276647784404894,22.100900739979135,1978.7930752011694,43.0,21.0,87.13430833260733,85.9375,93.75,196.91640785077527
session_6.csv,session_6,734,46976,47104,46976,47104,93.952,94.208,clench,1,128,1.0,False,False,9.811091416101618,12.052942723961177,1229.8811052918502,41.0,19.0,80.39960305902126,82.03125,85.9375,111.08148764497835
session_6.csv,session_6,735,47040,47168,47040,47168,94.08,94.336,clench,1,128,1.0,False,True,6.657276090984441,8.405270111181737,842.3604368561363,42.0,11.0,78.83837400181899,78.125,78.125,59.4815346426389
session_6.csv,session_6,736,47104,47232,47104,47232,94.208,94.464,clench,1,72,0.5625,True,True,3.3805519495052216,4.382634761728974,444.83930579476703,31.0,6.0,80.93306526067428,82.03125,82.03125,14.256617039409678
session_6.csv,session_6,737,47168,47296,47168,47296,94.336,94.592,relax,0,8,0.0625,True,True,2.3062617752596015,2.812072564072402,305.0454019997625,22.0,4.0,79.67708334418964,78.125,78.125,3.281782048595555
session_6.csv,session_6,738,47232,47360,47232,47360,94.464,94.72,relax,0,0,0.0,False,False,2.027880901648798,2.5025534330769594,263.01332864268545,16.0,2.0,84.59497202587822,85.9375,82.03125,9.489399387222605
session_6.csv,session_6,739,47296,47424,47296,47424,94.592,94.848,relax,0,0,0.0,False,False,2.0119747192079815,2.5902007002128804,255.46725196606053,16.0,0.0,73.9906670278939,74.21875,66.40625,2.098466723859993
session_6.csv,session_6,740,47360,47488,47360,47488,94.72,94.976,relax,0,0,0.0,False,False,2.409045539038467,2.9697843917973787,317.1069350494115,28.0,0.0,78.7125822468856,82.03125,82.03125,8.801765159512668
session_6.csv,session_6,741,47424,47552,47424,47552,94.848,95.104,relax,0,0,0.0,False,False,2.537560985323717,3.125513385873276,339.9967539227713,30.0,2.0,81.76562752733325,85.9375,89.84375,6.1035261253152076
session_6.csv,session_6,742,47488,47616,47488,47616,94.976,95.232,relax,0,0,0.0,False,False,2.332922617378567,2.9237487206431925,299.1603169517276,24.0,2.0,82.85662354569192,82.03125,93.75,9.176053239282849
session_6.csv,session_6,743,47552,47680,47552,47680,95.104,95.36,relax,0,0,0.0,False,False,1.9835535975879113,2.456829014459479,241.25661402053288,20.0,0.0,82.15033418639358,82.03125,82.03125,5.108119224317308
session_6.csv,session_6,744,47616,47744,47616,47744,95.232,95.488,relax,0,0,0.0,False,False,4.52847038068252,7.2821700699896095,600.6060212132547,31.0,8.0,76.4480101636344,74.21875,74.21875,12.672098792016547
session_6.csv,session_6,745,47680,47808,47680,47808,95.36,95.616,relax,0,36,0.28125,True,True,13.174705061214523,17.55923638684315,1660.201714763392,41.0,21.0,84.45314997310705,85.9375,85.9375,416.08839750274495
session_6.csv,session_6,746,47744,47872,47744,47872,95.488,95.744,clench,1,100,0.78125,True,True,14.107833739216659,17.679175262620106,1743.5405993446027,40.0,24.0,75.69705112331394,74.21875,74.21875,179.00247701496176
session_6.csv,session_6,747,47808,47936,47808,47936,95.616,95.872,clench,1,128,1.0,False,False,8.111100038363347,10.19256630375551,996.2573774344754,37.0,19.0,78.75016054036293,78.125,78.125,65.74024911981918
session_6.csv,session_6,748,47872,48000,47872,48000,95.744,96.0,clench,1,128,1.0,False,False,6.086224885896034,8.377733884711303,769.7076996197176,37.0,14.0,77.75151593153007,74.21875,74.21875,86.13123644602364
session_6.csv,session_6,749,47936,48064,47936,48064,95.872,96.128,clench,1,128,1.0,False,False,5.637697196650075,7.135050936299711,741.8128967019277,42.0,17.0,87.57653833330207,85.9375,97.65625,27.895648029655806
session_6.csv,session_6,750,48000,48128,48000,48128,96.0,96.256,clench,1,128,1.0,False,False,7.535037454909485,9.572172626683495,961.869594550561,41.0,18.0,81.8568629825622,85.9375,85.9375,101.24731332251841
session_6.csv,session_6,751,48064,48192,48064,48192,96.128,96.384,clench,1,128,1.0,False,False,8.243639526862651,10.753180823555422,1053.1527720656984,38.0,15.0,81.62705432656536,82.03125,82.03125,98.34368220128869
session_6.csv,session_6,752,48128,48256,48128,48256,96.256,96.512,clench,1,108,0.84375,True,True,7.256612687347886,9.674273646687324,892.5370593541762,36.0,14.0,76.04727022031972,74.21875,78.125,91.57960294397675
session_6.csv,session_6,753,48192,48320,48192,48320,96.384,96.64,relax,0,44,0.34375,True,True,4.772147999336199,6.835937371202726,596.4916894723638,31.0,10.0,77.2304363231821,74.21875,70.3125,19.15881491462341
session_6.csv,session_6,754,48256,48384,48256,48384,96.512,96.768,relax,0,0,0.0,False,True,3.0535964226556347,4.050655673328968,405.40921444279616,28.0,6.0,79.06359438142285,78.125,78.125,9.678175058465158
session_6.csv,session_6,755,48320,48448,48320,48448,96.64,96.896,relax,0,0,0.0,False,False,2.885308968577922,3.7098497203965173,362.0641385156098,27.0,3.0,80.5659276781772,82.03125,82.03125,10.13623442970937
session_6.csv,session_6,756,48384,48512,48384,48512,96.768,97.024,relax,0,0,0.0,False,False,2.1965532166832142,2.828477811415929,282.8690797023497,21.0,0.0,77.7100048325993,78.125,70.3125,5.850252589616787
session_6.csv,session_6,757,48448,48576,48448,48576,96.896,97.152,relax,0,0,0.0,False,False,1.914163083008794,2.396788747974441,254.52362292738337,21.0,0.0,86.33967653434361,89.84375,89.84375,5.639287799748445
session_6.csv,session_6,758,48512,48640,48512,48640,97.024,97.28,relax,0,0,0.0,False,False,2.067717430256385,2.596830860536812,274.56578463847256,22.0,3.0,84.30063508430365,89.84375,93.75,2.795463134314168
session_6.csv,session_6,759,48576,48704,48576,48704,97.152,97.408,relax,0,0,0.0,False,False,2.5242236805339315,3.2829393808115555,322.19749884523094,24.0,4.0,84.3820361232412,85.9375,93.75,15.839719369870384
session_6.csv,session_6,760,48640,48768,48640,48768,97.28,97.536,relax,0,0,0.0,False,False,2.325039124184892,3.0654860016680923,307.2544023783877,24.0,0.0,79.30984304525684,78.125,85.9375,6.264694746318057
session_6.csv,session_6,761,48704,48832,48704,48832,97.408,97.664,relax,0,0,0.0,False,True,3.3077792472244543,5.584621545835952,418.7014277848234,21.0,0.0,89.03498218545408,93.75,97.65625,4.271540140366058
session_6.csv,session_6,762,48768,48896,48768,48896,97.536,97.792,relax,0,44,0.34375,True,True,14.11387260311902,22.406265202851756,1756.1348882867735,32.0,15.0,76.19559534781104,74.21875,74.21875,427.67186124759024
session_6.csv,session_6,763,48832,48960,48832,48960,97.664,97.92,clench,1,108,0.84375,True,True,16.23345396683544,23.193843772427048,2053.6586002310814,42.0,27.0,82.84492347734873,85.9375,85.9375,364.63595370448036
session_6.csv,session_6,764,48896,49024,48896,49024,97.792,98.048,clench,1,128,1.0,False,False,8.743999156216184,10.717479467851788,1146.276966706485,43.0,25.0,86.93294678805003,89.84375,93.75,131.82977680487332
session_6.csv,session_6,765,48960,49088,48960,49088,97.92,98.176,clench,1,128,1.0,False,False,7.553489379994125,9.339799785379993,981.5049760876768,42.0,22.0,82.91858118205961,82.03125,82.03125,72.85816083293098
session_6.csv,session_6,766,49024,49152,49024,49152,98.048,98.304,clench,1,128,1.0,False,False,8.287795447880438,10.661359633729868,1054.0609101456942,41.0,23.0,84.69124829301744,85.9375,89.84375,133.4495849546349
session_6.csv,session_6,767,49088,49216,49088,49216,98.176,98.432,clench,1,128,1.0,False,False,8.7207426270129,11.093406611054474,1090.7847243663623,38.0,20.0,77.0933447590858,74.21875,74.21875,164.71897216907612
session_6.csv,session_6,768,49152,49280,49152,49280,98.304,98.56,clench,1,128,1.0,False,False,7.444126970016288,9.131457209829575,928.6626848700349,37.0,21.0,81.04307466527158,85.9375,85.9375,51.773142314583396
session_6.csv,session_6,769,49216,49344,49216,49344,98.432,98.688,clench,1,128,1.0,False,False,6.7172414508170615,7.929431601227393,869.4525804995086,44.0,27.0,82.13866675723666,82.03125,74.21875,48.54576629603803
session_6.csv,session_6,770,49280,49408,49280,49408,98.56,98.816,clench,1,127,0.9921875,True,True,4.877429337028919,6.17975051713282,652.4006798902028,37.0,13.0,84.42513145661974,89.84375,89.84375,44.083950585288854
session_6.csv,session_6,771,49344,49472,49344,49472,98.688,98.944,relax,0,63,0.4921875,True,True,2.7854277549863804,3.894933400736918,347.4796150940218,23.0,0.0,75.08569111958415,74.21875,70.3125,8.854576635478072
session_6.csv,session_6,772,49408,49536,49408,49536,98.816,99.072,relax,0,0,0.0,False,True,1.9400531904390368,2.3640294226348715,256.901383558881,22.0,0.0,77.79882286668446,70.3125,70.3125,4.154307712437453
session_6.csv,session_6,773,49472,49600,49472,49600,98.944,99.2,relax,0,0,0.0,False,False,2.2990888173889745,2.794637333931279,308.7746539709942,28.0,1.0,79.45701806037667,78.125,85.9375,5.5066642788328535
session_6.csv,session_6,774,49536,49664,49536,49664,99.072,99.328,relax,0,0,0.0,False,False,2.310475327693598,2.808846329192934,304.55848827852276,27.0,1.0,85.21644824598908,82.03125,97.65625,7.453138547424544
session_6.csv,session_6,775,49600,49728,49600,49728,99.2,99.456,relax,0,0,0.0,False,False,2.562946836565021,3.097522295780031,326.52379864685383,30.0,2.0,83.0455786523243,82.03125,82.03125,11.072135428058536
session_6.csv,session_6,776,49664,49792,49664,49792,99.328,99.584,relax,0,0,0.0,False,False,2.8190304735265874,3.36947188654157,356.37028316839985,32.0,4.0,82.01572055899764,82.03125,82.03125,9.808911616519374
session_6.csv,session_6,777,49728,49856,49728,49856,99.456,99.712,relax,0,0,0.0,False,False,2.4490863371017095,2.9665708671558884,317.94842234435134,31.0,2.0,80.50385710647372,82.03125,85.9375,6.686572888192995
session_6.csv,session_6,778,49792,49920,49792,49920,99.584,99.84,relax,0,0,0.0,False,True,5.505821470323466,9.454240597239208,677.6918588550683,33.0,6.0,80.82096661387028,82.03125,82.03125,12.16197378682957
session_6.csv,session_6,779,49856,49984,49856,49984,99.712,99.968,relax,0,52,0.40625,True,True,16.082046267181216,22.075031097261665,1997.4006710866363,37.0,24.0,80.04156847947016,78.125,78.125,742.8199471854399
session_6.csv,session_6,780,49920,50048,49920,50048,99.84,100.096,clench,1,116,0.90625,True,True,17.958865585068462,23.254814579125576,2336.835103413232,46.0,33.0,87.51894516344886,85.9375,82.03125,530.7471195110406
session_6.csv,session_6,781,49984,50112,49984,50112,99.968,100.224,clench,1,128,1.0,False,False,12.140379150395418,15.84865744179537,1667.452751244125,47.0,29.0,84.35984940838665,85.9375,85.9375,169.53153772190115
session_6.csv,session_6,782,50048,50176,50048,50176,100.096,100.352,clench,1,128,1.0,False,False,10.753222764561166,13.556115394107435,1428.136908924365,44.0,27.0,86.58906430787684,89.84375,97.65625,115.84583080062805
session_6.csv,session_6,783,50112,50240,50112,50240,100.224,100.48,clench,1,128,1.0,False,False,8.56805443494145,10.726474109945716,1109.6009273046475,40.0,21.0,83.08596169598358,82.03125,78.125,179.96986963964386
session_6.csv,session_6,784,50176,50304,50176,50304,100.352,100.608,clench,1,128,1.0,False,False,10.89857825569818,13.984926417280187,1400.5648600745499,41.0,22.0,77.6576191291031,78.125,78.125,113.11895084273934
session_6.csv,session_6,785,50240,50368,50240,50368,100.48,100.736,clench,1,128,1.0,False,False,13.11088153021753,15.751850132294981,1699.9561637325266,44.0,30.0,82.35455892169121,82.03125,89.84375,173.04200495023545
session_6.csv,session_6,786,50304,50432,50304,50432,100.608,100.864,clench,1,128,1.0,False,False,8.82845990900821,11.050722026842845,1124.8425252693798,41.0,21.0,75.6394368211049,74.21875,74.21875,118.84625791847247
session_6.csv,session_6,787,50368,50496,50368,50496,100.736,100.992,clench,1,122,0.953125,True,True,5.051762292136312,6.644060548089842,653.4186448857469,35.0,13.0,81.04251111166826,82.03125,78.125,38.70821398148644
session_6.csv,session_6,788,50432,50560,50432,50560,100.864,101.12,relax,0,58,0.453125,True,True,3.3905297571875,4.7498983820145435,436.5104532029278,27.0,6.0,79.66874065624411,78.125,78.125,7.653063512887238
session_6.csv,session_6,789,50496,50624,50496,50624,100.992,101.248,relax,0,0,0.0,False,True,2.1318390789838224,2.627440081916129,276.07263011162456,23.0,0.0,80.35114762147991,78.125,78.125,5.439122591532156
session_6.csv,session_6,790,50560,50688,50560,50688,101.12,101.376,relax,0,0,0.0,False,False,2.31091409923782,3.16798487755365,303.2284614350689,23.0,0.0,77.91565944199817,74.21875,70.3125,2.984707485280427
session_6.csv,session_6,791,50624,50752,50624,50752,101.248,101.504,relax,0,0,0.0,False,False,2.5125425454887944,3.3742521241641104,323.8784673149048,23.0,1.0,83.40649571898896,82.03125,78.125,16.84673575851538
session_6.csv,session_6,792,50688,50816,50688,50816,101.376,101.632,relax,0,0,0.0,False,False,2.1899962527320467,2.6897727663529856,291.1126358626153,25.0,1.0,78.39529659227836,78.125,78.125,4.436965161608719
session_6.csv,session_6,793,50752,50880,50752,50880,101.504,101.76,relax,0,0,0.0,False,False,2.313017120403001,2.821027490810201,311.18000961952634,29.0,2.0,80.39997853789068,82.03125,82.03125,7.496302569480639
session_6.csv,session_6,794,50816,50944,50816,50944,101.632,101.888,relax,0,0,0.0,False,True,3.5365078417357596,4.708941134027129,484.8460923777294,36.0,8.0,88.90246526183897,93.75,97.65625,8.114251596766113
session_6.csv,session_6,795,50880,51008,50880,51008,101.76,102.016,relax,0,50,0.390625,True,True,11.232155865004422,16.573881239970852,1483.9927497986268,42.0,21.0,85.43498382176278,85.9375,97.65625,133.37027423167984
session_6.csv,session_6,796,50944,51072,50944,51072,101.888,102.144,clench,1,114,0.890625,True,True,17.33984245631914,21.97832658956992,2254.4576462532814,43.0,28.0,78.40534632647152,78.125,78.125,479.39131266620245
session_6.csv,session_6,797,51008,51136,51008,51136,102.016,102.272,clench,1,128,1.0,False,False,15.659124212125882,20.20764899104749,2070.719331682323,43.0,30.0,85.22035779529142,89.84375,93.75,358.7721250584245
session_6.csv,session_6,798,51072,51200,51072,51200,102.144,102.4,clench,1,128,1.0,False,False,11.56459326715802,15.729928252290133,1508.951032205895,43.0,21.0,83.7149291379697,85.9375,85.9375,104.16852746657948
session_6.csv,session_6,799,51136,51264,51136,51264,102.272,102.528,clench,1,128,1.0,False,False,9.831480775201616,12.292584812760118,1262.7400665424307,42.0,20.0,79.82441489660422,78.125,78.125,182.284518806005
session_6.csv,session_6,800,51200,51328,51200,51328,102.4,102.656,clench,1,128,1.0,False,False,9.438407237442465,11.235657400029167,1219.920852676974,40.0,27.0,87.98029931342656,89.84375,89.84375,112.8202164413728
session_6.csv,session_6,801,51264,51392,51264,51392,102.528,102.784,clench,1,128,1.0,False,False,8.713024471330765,10.502357361641533,1127.0145667108782,42.0,26.0,78.26485284921988,78.125,85.9375,47.29733721204344
session_6.csv,session_6,802,51328,51456,51328,51456,102.656,102.912,clench,1,128,1.0,False,False,9.943384537191868,12.173927257544053,1308.4326741901846,44.0,27.0,81.99416346324314,82.03125,82.03125,215.12874148329254
session_6.csv,session_6,803,51392,51520,51392,51520,102.784,103.04,clench,1,128,1.0,False,False,7.922563262989968,10.19990574798078,1025.6534093378727,41.0,17.0,81.7758080236539,82.03125,74.21875,54.027933635179316
session_6.csv,session_6,804,51456,51584,51456,51584,102.912,103.168,clench,1,128,1.0,False,False,8.365961980448496,11.060887805324036,1024.9802834337574,39.0,16.0,75.47127385971271,74.21875,74.21875,88.2846505773205
session_6.csv,session_6,805,51520,51648,51520,51648,103.04,103.296,clench,1,128,1.0,False,False,8.802515401813071,11.187019079488234,1111.2396839553978,44.0,27.0,80.90254109436856,78.125,74.21875,115.53864363635554
session_6.csv,session_6,806,51584,51712,51584,51712,103.168,103.424,clench,1,128,1.0,False,False,5.915297741631188,7.014377320824781,811.4708482705748,43.0,24.0,86.29759775880363,89.84375,97.65625,25.88147638805639
session_6.csv,session_6,807,51648,51776,51648,51776,103.296,103.552,clench,1,128,1.0,False,False,4.7151399791097335,5.787406209086822,624.3989609457448,37.0,17.0,83.55900102770225,82.03125,78.125,18.863455993084887
session_6.csv,session_6,808,51712,51840,51712,51840,103.424,103.68,clench,1,128,1.0,False,True,4.307893640593719,5.220386599668424,534.7486297851322,36.0,10.0,75.11563867947754,70.3125,70.3125,31.56207550568222
session_6.csv,session_6,809,51776,51904,51776,51904,103.552,103.808,clench,1,69,0.5390625,True,True,3.7437114297254883,4.503997464808661,450.46309383811797,36.0,2.0,76.38694238174055,78.125,78.125,18.048918289231338
session_6.csv,session_6,810,51840,51968,51840,51968,103.68,103.936,relax,0,5,0.0390625,True,True,3.266071252897703,4.023079088205731,413.39265244689955,35.0,5.0,83.45797459543294,78.125,97.65625,14.577573576809403
session_6.csv,session_6,811,51904,52032,51904,52032,103.808,104.064,relax,0,0,0.0,False,False,2.769612243518316,3.650849373255131,356.84016312564995,25.0,5.0,75.95780503010262,74.21875,74.21875,5.6919662915605596
session_6.csv,session_6,812,51968,52096,51968,52096,103.936,104.192,relax,0,0,0.0,False,False,2.390803352526288,3.3380415268937718,322.5834499758096,21.0,1.0,83.33906077862952,82.03125,89.84375,20.4438398267195
session_6.csv,session_6,813,52032,52160,52032,52160,104.064,104.32,relax,0,0,0.0,False,False,2.3910350930551703,3.355888271083826,323.0354757657723,24.0,2.0,82.60120493375452,82.03125,78.125,3.8211106249643327
session_6.csv,session_6,814,52096,52224,52096,52224,104.192,104.448,relax,0,0,0.0,False,False,2.1936467576398986,2.7225358867930347,292.7804607251593,25.0,2.0,80.48059348337794,82.03125,82.03125,3.178876330450994
session_6.csv,session_6,815,52160,52288,52160,52288,104.32,104.576,relax,0,0,0.0,False,False,2.560613188870173,3.029967739193972,321.4300137645339,29.0,1.0,79.44629427311375,78.125,74.21875,6.851717178747548
session_6.csv,session_6,816,52224,52352,52224,52352,104.448,104.704,relax,0,0,0.0,False,False,2.6160667531588038,3.085627449907826,321.80567122455,29.0,0.0,74.13001931416932,70.3125,70.3125,9.581325148542831
session_6.csv,session_6,817,52288,52416,52288,52416,104.576,104.832,relax,0,0,0.0,False,False,2.920447323036859,3.8474635731055455,350.33497434942717,29.0,1.0,81.48181276536215,78.125,78.125,7.920268151532772
session_6.csv,session_6,818,52352,52480,52352,52480,104.704,104.96,relax,0,20,0.15625,True,True,19.805864925204776,32.222447239047135,2432.4501151289815,36.0,22.0,77.64847861293956,74.21875,74.21875,821.1049760228232
session_6.csv,session_6,819,52416,52544,52416,52544,104.832,105.088,clench,1,84,0.65625,True,True,26.816420511313247,35.41643155563823,3346.1530428925353,42.0,37.0,81.90334272715477,78.125,74.21875,1107.4384647971629
session_6.csv,session_6,820,52480,52608,52480,52608,104.96,105.216,clench,1,128,1.0,False,True,15.493591227776427,19.458004765223908,1949.9706364822791,41.0,31.0,80.74028846535207,78.125,74.21875,286.58961420648495
session_6.csv,session_6,821,52544,52672,52544,52672,105.088,105.344,clench,1,128,1.0,False,False,9.879788034579622,13.399408878791602,1255.8133163313407,40.0,22.0,79.73199588818369,74.21875,74.21875,123.02120427525176
session_6.csv,session_6,822,52608,52736,52608,52736,105.216,105.472,clench,1,128,1.0,False,True,9.232850407605714,12.89472958689677,1171.7423811751912,40.0,19.0,81.26792962168693,82.03125,74.21875,77.2728361880189
session_6.csv,session_6,823,52672,52800,52672,52800,105.344,105.6,clench,1,65,0.5078125,True,True,8.460559602837147,12.429952569012018,1041.1173304674203,34.0,14.0,77.82856020331383,78.125,70.3125,177.51631674313887
session_6.csv,session_6,824,52736,52864,52736,52864,105.472,105.728,relax,0,1,0.0078125,True,True,3.6625267578857663,4.723401094447229,458.90847154180767,28.0,3.0,79.2310412865573,74.21875,74.21875,17.838089498165324
session_6.csv,session_6,825,52800,52928,52800,52928,105.6,105.856,relax,0,0,0.0,False,False,2.357290281251556,3.111710005954086,305.9458115072714,21.0,1.0,83.46521138855198,85.9375,93.75,7.494482748520864
session_6.csv,session_6,826,52864,52992,52864,52992,105.728,105.984,relax,0,0,0.0,False,False,1.8800298241450646,2.419625329641177,242.16619586780746,13.0,1.0,82.81568692623411,82.03125,82.03125,5.87732932035445
session_6.csv,session_6,827,52928,53056,52928,53056,105.856,106.112,relax,0,0,0.0,False,False,2.5480426344931946,3.2542339553100503,325.66873233137994,21.0,3.0,83.91185024300523,85.9375,85.9375,6.52074502627359
session_6.csv,session_6,828,52992,53120,52992,53120,105.984,106.24,relax,0,0,0.0,False,False,3.3879717328412973,4.128601883134587,430.8611553044766,35.0,3.0,77.36519180351253,74.21875,70.3125,20.23149953851458
session_6.csv,session_6,829,53056,53184,53056,53184,106.112,106.368,relax,0,0,0.0,False,False,2.9794680998356577,3.6813717684123355,376.5624370998455,31.0,1.0,78.23047906892144,78.125,66.40625,9.108314324280824
session_6.csv,session_6,830,53120,53248,53120,53248,106.24,106.496,relax,0,0,0.0,False,False,2.9356726384668175,3.7882038477084,358.61971430642996,29.0,2.0,79.3532924221599,78.125,74.21875,6.367025599683945
session_6.csv,session_6,831,53184,53312,53184,53312,106.368,106.624,relax,0,35,0.2734375,True,True,14.354122126382407,25.456134108182763,1833.5125171018412,37.0,18.0,84.76952238359223,82.03125,82.03125,572.68903913748
session_6.csv,session_6,832,53248,53376,53248,53376,106.496,106.752,clench,1,99,0.7734375,True,True,22.329246680339445,30.379189149406816,2844.1795355910017,42.0,33.0,79.59777074934625,78.125,78.125,588.8929228175505
session_6.csv,session_6,833,53312,53440,53312,53440,106.624,106.88,clench,1,128,1.0,False,False,13.684946934136555,18.484891545887834,1762.2731729351453,45.0,28.0,81.39020876742788,78.125,74.21875,469.73246249696444
session_6.csv,session_6,834,53376,53504,53376,53504,106.752,107.008,clench,1,128,1.0,False,False,7.67164961371679,10.010994072410586,997.2030422896828,44.0,19.0,84.20130418032188,89.84375,89.84375,45.29709209168998
session_6.csv,session_6,835,53440,53568,53440,53568,106.88,107.136,clench,1,128,1.0,False,False,6.415586319164093,8.083191565962672,845.2610596910247,41.0,18.0,80.43590879555325,85.9375,85.9375,49.831581831874374
session_6.csv,session_6,836,53504,53632,53504,53632,107.008,107.264,clench,1,128,1.0,False,False,7.717518530229515,9.964848481028572,1000.9324670651657,41.0,21.0,77.97622769585539,78.125,66.40625,62.19131901140757
session_6.csv,session_6,837,53568,53696,53568,53696,107.136,107.392,clench,1,128,1.0,False,False,8.204278453778333,10.452083253048764,1066.3007913968574,41.0,19.0,78.89816781322337,82.03125,82.03125,129.3888842083394
session_6.csv,session_6,838,53632,53760,53632,53760,107.264,107.52,clench,1,128,1.0,False,True,7.043024943500921,8.657539224569115,912.5539374594297,42.0,22.0,81.32044192468788,78.125,78.125,36.96463759009454
session_6.csv,session_6,839,53696,53824,53696,53824,107.392,107.648,clench,1,68,0.53125,True,True,5.903963378234294,7.543323967318548,738.1869159236935,40.0,16.0,76.41450396491373,74.21875,74.21875,87.82820304668226
session_6.csv,session_6,840,53760,53888,53760,53888,107.52,107.776,relax,0,4,0.03125,True,True,2.9610596585485602,4.002726075678412,354.29208603098493,25.0,1.0,80.18869697030587,78.125,78.125,7.576307136809424
session_6.csv,session_6,841,53824,53952,53824,53952,107.648,107.904,relax,0,0,0.0,False,False,1.621113247811322,1.9742975867707386,212.78054025912365,13.0,0.0,84.06592261719169,89.84375,93.75,2.9448040122880474
session_6.csv,session_6,842,53888,54016,53888,54016,107.776,108.032,relax,0,0,0.0,False,False,2.027221902661834,2.63672362677884,261.2855405652698,16.0,2.0,80.191570869852,82.03125,82.03125,4.70100819963921
session_6.csv,session_6,843,53952,54080,53952,54080,107.904,108.16,relax,0,0,0.0,False,False,2.623660082332928,3.32606542312297,348.5340151239044,23.0,5.0,82.24522467246821,85.9375,85.9375,14.064083833689
session_6.csv,session_6,844,54016,54144,54016,54144,108.032,108.288,relax,0,0,0.0,False,False,2.3203956201733495,3.1535210050712563,299.38673982185037,19.0,3.0,85.62919197157706,85.9375,85.9375,5.264068325369536
session_6.csv,session_6,845,54080,54208,54080,54208,108.16,108.416,relax,0,0,0.0,False,False,2.2748258662879595,3.15640398931288,301.27406408669606,21.0,1.0,83.18867206468231,85.9375,85.9375,15.124578019497887
session_6.csv,session_6,846,54144,54272,54144,54272,108.288,108.544,relax,0,0,0.0,False,False,2.2396790040101653,2.9224290358938236,292.0255374452288,22.0,1.0,81.97557052533558,85.9375,85.9375,6.489853103551167
session_6.csv,session_6,847,54208,54336,54208,54336,108.416,108.672,relax,0,0,0.0,False,False,1.930668565940306,2.406534853276558,247.96511310748235,15.0,1.0,74.50741527430331,74.21875,74.21875,3.243744525743784
session_6.csv,session_6,848,54272,54400,54272,54400,108.544,108.8,relax,0,0,0.0,False,False,2.2087524386263393,2.646247526356716,283.4205339602987,20.0,1.0,84.40290198745642,85.9375,97.65625,7.642321795360134
session_6.csv,session_6,849,54336,54464,54336,54464,108.672,108.928,relax,0,0,0.0,False,False,2.218778621717717,2.8137933319620565,281.49222527794075,20.0,0.0,77.85258605335098,74.21875,74.21875,2.8797301464696012
session_6.csv,session_6,850,54400,54528,54400,54528,108.8,109.056,relax,0,0,0.0,False,True,3.7633786032955214,5.182390863118524,486.9262923823409,26.0,8.0,82.42624003068246,85.9375,89.84375,24.38781967287375
session_6.csv,session_6,851,54464,54592,54464,54592,108.928,109.184,relax,0,53,0.4140625,True,True,13.079171730170044,20.569173161525324,1654.4635668114129,40.0,25.0,82.52679443758618,82.03125,89.84375,446.0683975329336
session_6.csv,session_6,852,54528,54656,54528,54656,109.056,109.312,clench,1,117,0.9140625,True,True,15.340056503653187,21.96153850472651,1947.2059835254217,39.0,28.0,78.52346643765176,74.21875,74.21875,285.7470486050824
session_6.csv,session_6,853,54592,54720,54592,54720,109.184,109.44,clench,1,128,1.0,False,False,8.141244252521084,11.480931967085663,1067.8753535788096,35.0,19.0,84.82457269671039,85.9375,85.9375,173.9928752592412
session_6.csv,session_6,854,54656,54784,54656,54784,109.312,109.568,clench,1,128,1.0,False,False,7.308966026933006,10.253936728953565,951.8003744605882,36.0,18.0,83.96799433438251,82.03125,85.9375,90.65035656095658
session_6.csv,session_6,855,54720,54848,54720,54848,109.44,109.696,clench,1,128,1.0,False,False,9.09750281100905,11.54439057053589,1124.4062765117067,37.0,17.0,79.23061276413127,78.125,85.9375,97.04432819176392
session_6.csv,session_6,856,54784,54912,54784,54912,109.568,109.824,clench,1,128,1.0,False,False,8.140593242108267,10.690958147733214,1057.059042743685,38.0,20.0,80.16989320063392,78.125,74.21875,78.77021395633253
session_6.csv,session_6,857,54848,54976,54848,54976,109.696,109.952,clench,1,128,1.0,False,False,7.904574307408282,9.84846984877432,1095.8110319808552,43.0,26.0,85.85205651108313,89.84375,89.84375,83.61085565577127
session_6.csv,session_6,858,54912,55040,54912,55040,109.824,110.08,clench,1,128,1.0,False,False,8.577777012791707,10.615946825749786,1161.0509951653637,46.0,23.0,85.90017384911664,89.84375,78.125,73.51621891702325
session_6.csv,session_6,859,54976,55104,54976,55104,109.952,110.208,clench,1,128,1.0,False,False,8.628260556458585,11.365169109827578,1132.414787990709,43.0,23.0,83.1166158944377,85.9375,89.84375,227.5998886613322
session_6.csv,session_6,860,55040,55168,55040,55168,110.08,110.336,clench,1,128,1.0,False,False,10.15087960379671,12.797939912260741,1273.825640050803,40.0,24.0,79.52509965410493,78.125,78.125,91.22680304125478
session_6.csv,session_6,861,55104,55232,55104,55232,110.208,110.464,clench,1,128,1.0,False,False,9.43200498628946,11.729467881607789,1149.894515947055,39.0,20.0,79.30082200024708,78.125,78.125,124.40560653700393
session_6.csv,session_6,862,55168,55296,55168,55296,110.336,110.592,clench,1,128,1.0,False,False,9.24740751936584,11.368967258134818,1161.3958556582413,41.0,21.0,79.55273620587316,78.125,85.9375,127.05178769225387
session_6.csv,session_6,863,55232,55360,55232,55360,110.464,110.72,clench,1,128,1.0,False,False,7.200918537540984,9.678391981040246,917.7511975543856,36.0,18.0,82.60382955010654,85.9375,89.84375,119.12127924071241
session_6.csv,session_6,864,55296,55424,55296,55424,110.592,110.848,clench,1,128,1.0,False,True,4.517321625059888,5.8409148867682035,551.4926886754631,32.0,10.0,79.38112653261909,78.125,78.125,17.02873035513184
session_6.csv,session_6,865,55360,55488,55360,55488,110.72,110.976,clench,1,76,0.59375,True,True,3.7791084417143166,4.903421543834,475.99460277837125,29.0,6.0,75.47921783697504,70.3125,70.3125,23.04051441878626
session_6.csv,session_6,866,55424,55552,55424,55552,110.848,111.104,relax,0,12,0.09375,True,True,2.689080293306441,3.4812309222321765,341.0435909478705,26.0,1.0,79.2860188845678,78.125,70.3125,10.14766221035154
session_6.csv,session_6,867,55488,55616,55488,55616,110.976,111.232,relax,0,0,0.0,False,False,2.779436090169993,3.6639943447543137,353.43041360293944,26.0,2.0,79.61469339907939,78.125,78.125,10.814271602171667
session_6.csv,session_6,868,55552,55680,55552,55680,111.104,111.36,relax,0,0,0.0,False,False,3.1019776045313217,4.092635229753677,415.3802177632339,28.0,5.0,82.7004492431127,82.03125,82.03125,25.836389674407044
session_6.csv,session_6,869,55616,55744,55616,55744,111.232,111.488,relax,0,0,0.0,False,False,2.9035365279854233,3.7453066319184347,392.5138166804786,31.0,5.0,86.79286781911851,93.75,93.75,7.3704191642032955
session_6.csv,session_6,870,55680,55808,55680,55808,111.36,111.616,relax,0,0,0.0,False,False,2.136586237074204,2.702689170102268,293.23391564362487,25.0,1.0,85.28081356430474,85.9375,97.65625,4.6031523395674725
session_6.csv,session_6,871,55744,55872,55744,55872,111.488,111.744,relax,0,0,0.0,False,False,2.933854933076475,4.087698681414439,383.6650570598305,26.0,4.0,83.15797730392957,82.03125,82.03125,6.614420303638902
session_6.csv,session_6,872,55808,55936,55808,55936,111.616,111.872,relax,0,16,0.125,True,True,11.424275434202961,20.879908912712516,1394.649157162302,38.0,14.0,78.03235564684553,78.125,66.40625,101.0767991593167
session_6.csv,session_6,873,55872,56000,55872,56000,111.744,112.0,clench,1,80,0.625,True,True,14.927688085104599,22.791997985985834,1813.2201458076493,41.0,18.0,77.52711268464543,74.21875,70.3125,703.5374472985824
session_6.csv,session_6,874,55936,56064,55936,56064,111.872,112.128,clench,1,128,1.0,False,True,11.060893896788393,13.670393512782773,1391.1199542529237,40.0,24.0,83.17573478947773,82.03125,82.03125,236.1413533346738
session_6.csv,session_6,875,56000,56128,56000,56128,112.0,112.256,clench,1,128,1.0,False,False,11.395062041622868,13.836373333567177,1509.257253431637,43.0,31.0,81.13120496322809,78.125,78.125,105.83188871409457
session_6.csv,session_6,876,56064,56192,56064,56192,112.128,112.384,clench,1,128,1.0,False,False,11.77297190487021,15.398070014981728,1549.6109450950323,42.0,28.0,83.28004007622943,82.03125,78.125,270.57064394896406
session_6.csv,session_6,877,56128,56256,56128,56256,112.256,112.512,clench,1,128,1.0,False,True,8.969017624351391,12.877978525233713,1118.359406376852,38.0,16.0,80.33862178182427,82.03125,89.84375,38.9636059699579
session_6.csv,session_6,878,56192,56320,56192,56320,112.384,112.64,clench,1,88,0.6875,True,True,4.465959726610516,6.086385796146958,541.5864881766526,36.0,4.0,75.82081127407508,74.21875,70.3125,65.39708845763282
session_6.csv,session_6,879,56256,56384,56256,56384,112.512,112.768,relax,0,24,0.1875,True,True,2.5208252278842664,3.164237048028989,336.43395364838875,33.0,0.0,79.04431641209075,82.03125,82.03125,3.812408997496924
session_6.csv,session_6,880,56320,56448,56320,56448,112.64,112.896,relax,0,0,0.0,False,False,2.0094698620258873,2.454508037157602,277.1720453079055,24.0,0.0,89.5182453652131,89.84375,97.65625,2.742531276286996
session_6.csv,session_6,881,56384,56512,56384,56512,112.768,113.024,relax,0,0,0.0,False,False,2.5877616779983246,3.4401100651359973,344.48017412270315,23.0,2.0,77.82682481227371,78.125,85.9375,7.152688242444625
session_6.csv,session_6,882,56448,56576,56448,56576,112.896,113.152,relax,0,0,0.0,False,False,2.389226050122595,3.2792953262051583,319.37421448802,25.0,2.0,85.45793875039446,85.9375,89.84375,11.684250889130755
session_6.csv,session_6,883,56512,56640,56512,56640,113.024,113.28,relax,0,0,0.0,False,False,2.11785384316504,2.5603705800111407,279.24522534588107,27.0,2.0,86.65256642382415,89.84375,93.75,3.9280886949658553
session_6.csv,session_6,884,56576,56704,56576,56704,113.152,113.408,relax,0,0,0.0,False,False,2.6805496084385947,3.14584933978003,363.6680260115626,37.0,3.0,85.0814508484983,82.03125,82.03125,12.46110227960502
session_6.csv,session_6,885,56640,56768,56640,56768,113.28,113.536,relax,0,0,0.0,False,True,4.582493757047772,7.370360526937885,579.9408846840996,37.0,9.0,83.11057535958953,82.03125,93.75,11.084729380696897
session_6.csv,session_6,886,56704,56832,56704,56832,113.408,113.664,relax,0,61,0.4765625,True,True,14.517068940345224,20.496457269990344,1772.003415297478,37.0,22.0,75.08985784922945,74.21875,70.3125,602.773068240325
session_6.csv,session_6,887,56768,56896,56768,56896,113.536,113.792,clench,1,125,0.9765625,True,True,20.203025212416215,24.415209319505383,2500.3013116864695,41.0,32.0,82.79477645784397,82.03125,78.125,464.7697722445791
session_6.csv,session_6,888,56832,56960,56832,56960,113.664,113.92,clench,1,128,1.0,False,False,15.575432428443118,18.653290765345822,1928.2909249303545,42.0,33.0,78.21076714951609,78.125,74.21875,439.3024072972157
session_6.csv,session_6,889,56896,57024,56896,57024,113.792,114.048,clench,1,128,1.0,False,False,14.325558130298841,17.16267497213086,1753.5253852519693,40.0,29.0,77.64392623692238,78.125,82.03125,360.2350228066881
session_6.csv,session_6,890,56960,57088,56960,57088,113.92,114.176,clench,1,128,1.0,False,False,12.871142045066206,15.898379192037229,1626.508535556733,40.0,30.0,80.87743864964209,78.125,74.21875,139.1833780015261
session_6.csv,session_6,891,57024,57152,57024,57152,114.048,114.304,clench,1,128,1.0,False,False,10.568437975769818,13.09646308283517,1342.541188672692,41.0,24.0,82.49305855939487,85.9375,85.9375,170.5788394645399
session_6.csv,session_6,892,57088,57216,57088,57216,114.176,114.432,clench,1,128,1.0,False,False,8.882635897158288,11.281772841175,1110.290489980719,43.0,18.0,78.8625646350628,78.125,78.125,113.87278372297838
session_6.csv,session_6,893,57152,57280,57152,57280,114.304,114.56,clench,1,122,0.953125,True,True,8.481478533628266,10.12731753000161,1050.7182635036474,42.0,24.0,83.7048152277365,89.84375,93.75,103.68096639042422
session_6.csv,session_6,894,57216,57344,57216,57344,114.432,114.688,relax,0,58,0.453125,True,True,6.690928002003155,8.652466392269252,851.8719728517431,39.0,20.0,74.74641948542477,70.3125,70.3125,43.83730545981823
session_6.csv,session_6,895,57280,57408,57280,57408,114.56,114.816,relax,0,0,0.0,False,True,3.095001805532359,3.7985927241348727,402.0017166459206,32.0,5.0,79.09729534045347,74.21875,74.21875,8.414998065482052
session_6.csv,session_6,896,57344,57472,57344,57472,114.688,114.944,relax,0,0,0.0,False,False,2.5495731980462404,3.1624641263593776,316.17207263562057,28.0,2.0,77.58749424284719,78.125,78.125,6.562253822693167
session_6.csv,session_6,897,57408,57536,57408,57536,114.816,115.072,relax,0,0,0.0,False,False,2.3793944692619426,3.002885272628427,326.189225033508,31.0,2.0,84.6390877378704,82.03125,97.65625,6.558764532018509
session_6.csv,session_6,898,57472,57600,57472,57600,114.944,115.2,relax,0,0,0.0,False,False,2.3854050122988353,2.8530689635590765,309.05371215369735,33.0,0.0,75.65933911361701,70.3125,70.3125,6.731042402742226
session_6.csv,session_6,899,57536,57664,57536,57664,115.072,115.328,relax,0,0,0.0,False,True,8.271565098087978,15.421298123163742,1016.9772997324086,34.0,9.0,78.54083030973506,78.125,78.125,22.742504988055625
session_6.csv,session_6,900,57600,57728,57600,57728,115.2,115.456,relax,0,56,0.4375,True,True,24.469661658578914,32.585405535077086,3050.6766875516587,39.0,26.0,80.48852968051703,82.03125,82.03125,1330.1916452888129
session_6.csv,session_6,901,57664,57792,57664,57792,115.328,115.584,clench,1,120,0.9375,True,True,25.048832921824236,31.876951179032638,3178.3704762462935,42.0,30.0,81.61222345899674,82.03125,78.125,913.4434431399097
session_6.csv,session_6,902,57728,57856,57728,57856,115.456,115.712,clench,1,128,1.0,False,False,13.455866879350044,17.956383670491654,1755.7241217254646,41.0,26.0,82.43383948436187,85.9375,74.21875,225.4360024663051
session_6.csv,session_6,903,57792,57920,57792,57920,115.584,115.84,clench,1,128,1.0,False,False,11.108001531454644,14.69333770150209,1413.157741563667,42.0,24.0,80.26243752868548,82.03125,82.03125,184.91464514069995
session_6.csv,session_6,904,57856,57984,57856,57984,115.712,115.968,clench,1,128,1.0,False,False,7.920979311865073,10.053103363778794,1005.445797832347,42.0,17.0,82.69731400511347,78.125,78.125,43.683206879686786
session_6.csv,session_6,905,57920,58048,57920,58048,115.84,116.096,clench,1,119,0.9296875,True,True,7.190823100567325,9.617767887541726,935.0151855613414,40.0,16.0,79.61147349219569,82.03125,82.03125,105.18799769615617
session_6.csv,session_6,906,57984,58112,57984,58112,115.968,116.224,relax,0,55,0.4296875,True,True,5.825368680725781,8.825258367203118,769.6404967625393,35.0,14.0,79.29004906899534,78.125,70.3125,34.4308782962834
session_6.csv,session_6,907,58048,58176,58048,58176,116.096,116.352,relax,0,0,0.0,False,True,2.5916857054796987,3.185557920921179,360.66402571116964,30.0,5.0,81.1302916804253,78.125,78.125,6.731650625747965
session_6.csv,session_6,908,58112,58240,58112,58240,116.224,116.48,relax,0,0,0.0,False,False,2.534826866330733,3.182260515060202,351.2854809733401,26.0,3.0,84.64487588789478,85.9375,93.75,4.653234983799973
session_6.csv,session_6,909,58176,58304,58176,58304,116.352,116.608,relax,0,0,0.0,False,False,2.1701123414898715,2.7634203649920184,298.4698782446428,25.0,0.0,79.92010247627218,78.125,97.65625,5.771739537543063
session_6.csv,session_6,910,58240,58368,58240,58368,116.48,116.736,relax,0,0,0.0,False,False,2.511776256108753,3.019550770127091,323.1547791107024,32.0,2.0,80.95887172239821,74.21875,70.3125,7.71951223401282
session_6.csv,session_6,911,58304,58432,58304,58432,116.608,116.864,relax,0,3,0.0234375,True,True,10.569596644443621,19.625270090109105,1399.0528537132159,36.0,13.0,85.04782358328686,85.9375,82.03125,41.53035622313903
session_6.csv,session_6,912,58368,58496,58368,58496,116.736,116.992,clench,1,67,0.5234375,True,True,18.004585861373705,24.934612412173504,2296.2968995335295,35.0,27.0,84.22552550481919,85.9375,85.9375,1141.2748477425064
session_6.csv,session_6,913,58432,58560,58432,58560,116.864,117.12,clench,1,128,1.0,False,True,15.04099940739885,18.97765410087463,1860.629375458884,41.0,28.0,76.58755129685504,74.21875,74.21875,304.8557251517038
session_6.csv,session_6,914,58496,58624,58496,58624,116.992,117.248,clench,1,128,1.0,False,False,11.868361367262775,14.656366461238234,1507.1749341776745,43.0,26.0,80.66384675035027,78.125,74.21875,130.18611448576397
session_6.csv,session_6,915,58560,58688,58560,58688,117.12,117.376,clench,1,128,1.0,False,False,9.181056825114705,11.58554641886216,1155.984579267322,39.0,24.0,76.27085035311272,74.21875,78.125,157.42364421272345
session_6.csv,session_6,916,58624,58752,58624,58752,117.248,117.504,clench,1,128,1.0,False,False,7.357307280808835,9.15745414996673,925.578600747579,39.0,20.0,83.42383076340663,82.03125,82.03125,94.68598147901362
session_6.csv,session_6,917,58688,58816,58688,58816,117.376,117.632,clench,1,128,1.0,False,False,5.90496996486355,7.5845485113779745,759.488903543168,42.0,16.0,82.67359503719051,85.9375,70.3125,33.89203082949773
session_6.csv,session_6,918,58752,58880,58752,58880,117.504,117.76,clench,1,128,1.0,False,False,3.4880664001995605,4.192122760205182,462.6702440099573,41.0,8.0,82.46162406882303,85.9375,97.65625,14.318999081874063
session_6.csv,session_6,919,58816,58944,58816,58944,117.632,117.888,clench,1,107,0.8359375,True,True,3.850727121167714,4.949002200867602,483.4637630428505,37.0,2.0,74.94520372666832,74.21875,70.3125,21.587623787168287
session_6.csv,session_6,920,58880,59008,58880,59008,117.76,118.016,relax,0,43,0.3359375,True,True,3.342827620641061,4.588078095231839,422.7701890276362,30.0,1.0,84.81412331655807,85.9375,97.65625,14.65465951601038
session_6.csv,session_6,921,58944,59072,58944,59072,117.888,118.144,relax,0,0,0.0,False,True,2.1423060468577155,2.6870245589879747,286.8716032252306,23.0,1.0,78.16179973668275,78.125,78.125,5.031531839615157
session_6.csv,session_6,922,59008,59136,59008,59136,118.016,118.272,relax,0,0,0.0,False,False,2.772253425801651,3.36950269365731,352.5267210751084,28.0,2.0,81.03766307518573,82.03125,82.03125,12.713197375224777
session_6.csv,session_6,923,59072,59200,59072,59200,118.144,118.4,relax,0,0,0.0,False,False,2.7077839674018334,3.282375489642666,363.23409755481055,33.0,2.0,85.92624978858615,89.84375,93.75,6.492718494890504
session_6.csv,session_6,924,59136,59264,59136,59264,118.272,118.528,relax,0,0,0.0,False,False,2.719501825809428,3.3691300709291006,362.80055246070947,31.0,2.0,85.7730226975088,89.84375,89.84375,9.724686970126454
session_6.csv,session_6,925,59200,59328,59200,59328,118.4,118.656,relax,0,18,0.140625,True,True,12.441495241531886,20.374364834649267,1638.7420071936353,37.0,18.0,83.511898817994,82.03125,78.125,180.8063570604322
session_6.csv,session_6,926,59264,59392,59264,59392,118.528,118.784,clench,1,82,0.640625,True,True,22.53999106768866,28.296518129957885,2930.8977047247217,42.0,33.0,80.56681532873652,74.21875,70.3125,919.6452286945107
session_6.csv,session_6,927,59328,59456,59328,59456,118.656,118.912,clench,1,128,1.0,False,True,17.159880485427067,22.308466355207376,2251.2857947104694,45.0,34.0,85.72330526503008,85.9375,93.75,367.9050130928015
session_6.csv,session_6,928,59392,59520,59392,59520,118.784,119.04,clench,1,128,1.0,False,False,10.478453558225173,13.36246791410025,1381.8632388618216,43.0,31.0,82.94823123962605,85.9375,93.75,112.50058553066015
session_6.csv,session_6,929,59456,59584,59456,59584,118.912,119.168,clench,1,128,1.0,False,False,14.0551610456098,22.24301237872628,1722.768778764484,39.0,23.0,77.85528672481723,74.21875,70.3125,388.01532311189914
session_6.csv,session_6,930,59520,59648,59520,59648,119.04,119.296,clench,1,128,1.0,False,False,14.443995236614686,23.127356163340398,1882.0610854975953,41.0,24.0,82.18034696682824,82.03125,74.21875,367.54895550292923
session_6.csv,session_6,931,59584,59712,59584,59712,119.168,119.424,clench,1,128,1.0,False,False,9.371395110815804,12.919879443339955,1274.8443027599155,40.0,23.0,79.07957379994888,74.21875,70.3125,51.0984965736318
session_6.csv,session_6,932,59648,59776,59648,59776,119.296,119.552,clench,1,128,1.0,False,False,6.815382826591881,9.061213093683069,861.5811120317179,37.0,10.0,80.12960665855248,78.125,74.21875,115.40421640149896
session_6.csv,session_6,933,59712,59840,59712,59840,119.424,119.68,clench,1,128,1.0,False,False,5.403319964994592,6.934911044604972,675.6392906184672,38.0,9.0,80.02371039914901,78.125,78.125,22.49326505116236
session_6.csv,session_6,934,59776,59904,59776,59904,119.552,119.808,clench,1,93,0.7265625,True,True,3.569604136792263,4.739700174772249,454.6704195401229,28.0,7.0,81.28415469962756,85.9375,70.3125,22.942263086413647
session_6.csv,session_6,935,59840,59968,59840,59968,119.68,119.936,relax,0,29,0.2265625,True,True,2.513886034081758,3.2257200433394435,329.0516834808103,27.0,1.0,78.88827237361319,78.125,70.3125,8.383588222032053
session_6.csv,session_6,936,59904,60032,59904,60032,119.808,120.064,relax,0,0,0.0,False,False,2.596939103915746,3.227875504214065,336.0520918430832,30.0,1.0,77.89511734368473,74.21875,70.3125,10.4231109087949
session_6.csv,session_6,937,59968,60096,59968,60096,119.936,120.192,relax,0,0,0.0,False,False,2.392148727500876,2.93425493778165,300.62767177204694,24.0,0.0,75.45214408288024,74.21875,78.125,3.3794641002572727
session_6.csv,session_6,938,60032,60160,60032,60160,120.064,120.32,relax,0,0,0.0,False,False,2.840623442409356,3.5189283565035114,383.9605480654077,31.0,4.0,81.60599231791777,78.125,78.125,7.084300455924987
session_6.csv,session_6,939,60096,60224,60096,60224,120.192,120.448,relax,0,0,0.0,False,False,2.4963827056373953,3.241766865132366,339.3145658830715,27.0,4.0,86.53579593530237,85.9375,85.9375,11.214117485464488
session_6.csv,session_6,940,60160,60288,60160,60288,120.32,120.576,relax,0,0,0.0,False,False,2.0396538825983024,2.539902368596295,254.49468388507103,20.0,0.0,73.00468932334817,70.3125,70.3125,5.893569520943685
session_6.csv,session_6,941,60224,60352,60224,60352,120.448,120.704,relax,0,0,0.0,False,True,5.56754019967686,8.080742789268147,642.6771990644597,27.0,9.0,71.68988296157202,70.3125,70.3125,22.693880533448553
session_6.csv,session_6,942,60288,60416,60288,60416,120.576,120.832,relax,0,61,0.4765625,True,True,15.833297545290609,21.21426189866542,2063.062308863263,40.0,29.0,86.81204625764052,89.84375,97.65625,577.4856006245085
session_6.csv,session_6,943,60352,60480,60352,60480,120.704,120.96,clench,1,125,0.9765625,True,True,17.40439092667635,22.356657011797676,2332.0015581034995,43.0,32.0,77.6704468792396,78.125,78.125,225.56309988991902
session_6.csv,session_6,944,60416,60544,60416,60544,120.832,121.088,clench,1,128,1.0,False,False,10.400027407008151,13.186783865025744,1357.02538483377,42.0,21.0,84.71321776342765,85.9375,78.125,143.5122904126838
session_6.csv,session_6,945,60480,60608,60480,60608,120.96,121.216,clench,1,128,1.0,False,False,8.534553991067757,10.994300888164506,1092.9810318341115,41.0,16.0,80.40515396547944,82.03125,78.125,156.82762229717736
session_6.csv,session_6,946,60544,60672,60544,60672,121.088,121.344,clench,1,128,1.0,False,False,7.326491381817202,9.474870947679396,909.6748005414482,37.0,13.0,77.69646463395182,74.21875,74.21875,52.8599246596852
session_6.csv,session_6,947,60608,60736,60608,60736,121.216,121.472,clench,1,128,1.0,False,False,6.79046312634338,8.718480776442398,833.8427310518653,36.0,16.0,76.19010431323835,70.3125,66.40625,39.359381306360255
session_6.csv,session_6,948,60672,60800,60672,60800,121.344,121.6,clench,1,128,1.0,False,False,7.534973041086116,9.261959109048766,948.4467119203481,40.0,19.0,81.33606852277875,78.125,78.125,111.93356732813426
session_6.csv,session_6,949,60736,60864,60736,60864,121.472,121.728,clench,1,128,1.0,False,False,6.407767226289796,7.756334266427985,792.1535876723924,36.0,15.0,81.19643899116636,78.125,78.125,65.68627486705395
session_6.csv,session_6,950,60800,60928,60800,60928,121.6,121.856,clench,1,128,1.0,False,False,5.210122617141318,6.511594636389032,687.3810452427679,36.0,13.0,82.34673239187725,85.9375,89.84375,24.74486612594379
session_6.csv,session_6,951,60864,60992,60864,60992,121.728,121.984,clench,1,121,0.9453125,True,True,5.298460345978623,6.5886721895495395,697.9002719547509,39.0,15.0,75.0164731127455,74.21875,70.3125,45.459931671492434
session_6.csv,session_6,952,60928,61056,60928,61056,121.856,122.112,relax,0,57,0.4453125,True,True,3.93110204813265,5.013438553907668,512.6605375258138,39.0,9.0,78.8138168862249,78.125,70.3125,9.901469155200358
session_6.csv,session_6,953,60992,61120,60992,61120,121.984,122.24,relax,0,0,0.0,False,True,2.8243416594747126,3.4871231918897903,378.2456932972583,33.0,4.0,87.19547562973602,93.75,97.65625,8.815758113644621
session_6.csv,session_6,954,61056,61184,61056,61184,122.112,122.368,relax,0,0,0.0,False,False,3.2059832201339944,4.02694473697376,439.17539477702803,34.0,3.0,89.21120457513918,93.75,93.75,10.811630395006713
session_6.csv,session_6,955,61120,61248,61120,61248,122.24,122.496,relax,0,0,0.0,False,False,3.043154220447809,3.920233833207004,407.57625765479224,31.0,2.0,84.2475299867727,82.03125,97.65625,16.660455081246525
session_6.csv,session_6,956,61184,61312,61184,61312,122.368,122.624,relax,0,0,0.0,False,False,1.9589581821248814,2.647867251885129,245.36820695349013,15.0,0.0,72.98920608779,74.21875,74.21875,5.508208649852688
session_6.csv,session_6,957,61248,61376,61248,61376,122.496,122.752,relax,0,0,0.0,False,False,2.0317631216464456,2.6196271821820307,270.5513869465635,19.0,1.0,84.22203660126131,85.9375,89.84375,7.172986284647996
session_6.csv,session_6,958,61312,61440,61312,61440,122.624,122.88,relax,0,0,0.0,False,False,2.1956824003147837,2.785850021421389,300.99629042491256,25.0,1.0,83.85586798381863,78.125,97.65625,2.987352121997114
session_6.csv,session_6,959,61376,61504,61376,61504,122.752,123.008,relax,0,0,0.0,False,False,2.3318203539607456,2.8857045208127574,325.33889931680494,31.0,1.0,86.72034994626087,93.75,93.75,6.831424788169382
session_6.csv,session_6,960,61440,61568,61440,61568,122.88,123.136,relax,0,0,0.0,False,False,2.7621066748453345,3.276614960294163,383.68910068533023,39.0,2.0,87.7844586998025,93.75,97.65625,9.226580888988979
session_6.csv,session_6,961,61504,61632,61504,61632,123.008,123.264,relax,0,0,0.0,False,True,5.9826782583628955,11.844324452708264,718.0380192232506,33.0,5.0,79.21681008129968,78.125,70.3125,6.645093311531284
session_6.csv,session_6,962,61568,61696,61568,61696,123.136,123.392,relax,0,57,0.4453125,True,True,22.211405178938914,34.90712566450415,2713.781451966358,34.0,23.0,79.08819443502242,78.125,78.125,2272.124169072956
session_6.csv,session_6,963,61632,61760,61632,61760,123.264,123.52,clench,1,121,0.9453125,True,True,23.120328162466308,34.437911793803245,2851.031513627614,41.0,32.0,76.91838084589082,78.125,78.125,472.43738866047966
session_6.csv,session_6,964,61696,61824,61696,61824,123.392,123.648,clench,1,128,1.0,False,False,11.627094149837948,14.429540881806963,1436.6168086535135,41.0,28.0,81.55118628321225,85.9375,85.9375,106.70277163112645
session_6.csv,session_6,965,61760,61888,61760,61888,123.52,123.776,clench,1,128,1.0,False,False,10.771121839425788,13.34074042461107,1368.9971268479783,36.0,26.0,81.88316579933101,78.125,78.125,191.9512662589393
session_6.csv,session_6,966,61824,61952,61824,61952,123.648,123.904,clench,1,128,1.0,False,False,10.430996347861434,12.713663399958568,1359.4448088336703,39.0,25.0,84.34741135486415,89.84375,89.84375,161.78981216777743
session_6.csv,session_6,967,61888,62016,61888,62016,123.776,124.032,clench,1,128,1.0,False,False,9.887765024009326,11.995736349110933,1272.3314626028796,40.0,24.0,82.04305531359952,82.03125,82.03125,137.6042858860727
session_6.csv,session_6,968,61952,62080,61952,62080,123.904,124.16,clench,1,128,1.0,False,False,7.142277769695926,8.97680858185272,847.4273636834577,34.0,17.0,77.43664965656683,82.03125,85.9375,59.263288243639586
session_6.csv,session_6,969,62016,62144,62016,62144,124.032,124.288,clench,1,128,1.0,False,False,5.387173892034268,6.6366319986114926,665.2942181230397,33.0,14.0,78.95075138942757,78.125,78.125,53.53095946411037
session_6.csv,session_6,970,62080,62208,62080,62208,124.16,124.416,clench,1,128,1.0,False,True,4.505381731244291,5.52258839279759,584.6124102134156,38.0,9.0,80.6666517228745,85.9375,85.9375,17.045701936206523
session_6.csv,session_6,971,62144,62272,62144,62272,124.288,124.544,clench,1,73,0.5703125,True,True,3.4312119668638434,4.150467132867144,438.6936653942954,33.0,5.0,85.40478909607516,89.84375,93.75,18.55698529329317
session_6.csv,session_6,972,62208,62336,62208,62336,124.416,124.672,relax,0,9,0.0703125,True,True,2.4129019999653147,2.8957402837293205,295.56891878175986,26.0,1.0,78.7073674909233,78.125,78.125,7.880541603948032
session_6.csv,session_6,973,62272,62400,62272,62400,124.544,124.8,relax,0,0,0.0,False,False,2.2650861346925346,2.7667332206949293,286.2929055283297,24.0,0.0,79.48566648997377,82.03125,82.03125,8.830647276370685
session_6.csv,session_6,974,62336,62464,62336,62464,124.672,124.928,relax,0,0,0.0,False,False,2.229555399589101,2.741245879148129,281.0461053690482,24.0,0.0,79.63801656869603,78.125,74.21875,4.537781234482188
session_6.csv,session_6,975,62400,62528,62400,62528,124.8,125.056,relax,0,0,0.0,False,False,2.4959155887762003,3.039494851723385,323.96997110192183,30.0,2.0,82.04222117535691,82.03125,82.03125,7.845409009060682
session_6.csv,session_6,976,62464,62592,62464,62592,124.928,125.184,relax,0,0,0.0,False,False,2.8906816372693758,3.467571628019108,377.25875975362476,33.0,3.0,83.32260407918592,82.03125,82.03125,6.724199553286734
session_6.csv,session_6,977,62528,62656,62528,62656,125.056,125.312,relax,0,0,0.0,False,False,2.34134175231358,2.8640179942465696,298.1282335814344,24.0,1.0,79.3932642179291,78.125,74.21875,9.719582118344624
session_6.csv,session_6,978,62592,62720,62592,62720,125.184,125.44,relax,0,0,0.0,False,False,2.200456931177766,2.694006225708925,282.5447839876804,20.0,2.0,77.26672637177631,78.125,70.3125,5.040976410628732
session_6.csv,session_6,979,62656,62784,62656,62784,125.312,125.568,relax,0,0,0.0,False,False,2.2057593420840247,2.824632138260688,285.4359261044274,19.0,2.0,84.68398370660468,85.9375,89.84375,12.281594485294642
session_6.csv,session_6,980,62720,62848,62720,62848,125.44,125.696,relax,0,1,0.0078125,True,True,3.145901498548617,4.61636764579985,405.48781806994657,25.0,7.0,76.53765726311008,74.21875,74.21875,4.154170088653842
session_6.csv,session_6,981,62784,62912,62784,62912,125.568,125.824,clench,1,65,0.5078125,True,True,17.017257829913,27.799535352630823,2149.0332103568376,40.0,25.0,78.58829522223914,82.03125,85.9375,604.8419767123564
session_6.csv,session_6,982,62848,62976,62848,62976,125.696,125.952,clench,1,128,1.0,False,True,21.52734054469733,29.717932830422022,2692.0018432840116,41.0,30.0,82.11842339888494,82.03125,82.03125,687.5868695830983
session_6.csv,session_6,983,62912,63040,62912,63040,125.824,126.08,clench,1,128,1.0,False,False,16.1767410339053,20.489829432963514,1921.1176882112206,36.0,23.0,75.39252066500667,74.21875,70.3125,268.578877561091
session_6.csv,session_6,984,62976,63104,62976,63104,125.952,126.208,clench,1,128,1.0,False,False,15.029174311810504,19.63857716835262,1804.0361224752653,38.0,26.0,75.54873189329638,74.21875,74.21875,464.8622270845632
session_6.csv,session_6,985,63040,63168,63040,63168,126.08,126.336,clench,1,128,1.0,False,False,12.619880416881967,16.018494929444703,1611.5931026411517,44.0,29.0,78.04492712219078,78.125,82.03125,126.53287756970718
session_6.csv,session_6,986,63104,63232,63104,63232,126.208,126.464,clench,1,128,1.0,False,False,11.878204178202306,15.562456583964057,1527.2457548981301,45.0,26.0,77.57387989301553,78.125,70.3125,360.674541261394
session_6.csv,session_6,987,63168,63296,63168,63296,126.336,126.592,clench,1,128,1.0,False,False,7.205279411330464,10.03671747064014,930.5689228846143,38.0,19.0,81.47661253829044,85.9375,70.3125,60.36718854257829
session_6.csv,session_6,988,63232,63360,63232,63360,126.464,126.72,clench,1,125,0.9765625,True,True,5.1143075988498445,6.629324779322301,636.6007235319862,33.0,11.0,78.80962678482801,82.03125,82.03125,39.7244229586549
session_6.csv,session_6,989,63296,63424,63296,63424,126.592,126.848,relax,0,61,0.4765625,True,True,4.235346651779793,5.518173104529636,532.874237957106,31.0,8.0,78.23601148308502,78.125,78.125,21.389695393291426
session_6.csv,session_6,990,63360,63488,63360,63488,126.72,126.976,relax,0,0,0.0,False,True,2.5027971566487777,3.2232251526120748,329.52262238453557,24.0,3.0,79.21967637254917,78.125,85.9375,5.273983392550826
session_6.csv,session_6,991,63424,63552,63424,63552,126.848,127.104,relax,0,0,0.0,False,False,2.0081830811624197,2.465555338653776,265.92275318658653,22.0,0.0,81.4403558527875,82.03125,82.03125,4.521089519658071
session_6.csv,session_6,992,63488,63616,63488,63616,126.976,127.232,relax,0,0,0.0,False,False,2.2117486870854703,2.653196771346876,285.5073305096561,27.0,0.0,79.39537529620516,82.03125,82.03125,5.641819197981236
session_6.csv,session_6,993,63552,63680,63552,63680,127.104,127.36,relax,0,0,0.0,False,False,2.5088465956215673,2.9964751623568753,342.8740419336542,32.0,3.0,82.88884982491474,82.03125,89.84375,7.052326974692085
session_6.csv,session_6,994,63616,63744,63616,63744,127.232,127.488,relax,0,0,0.0,False,False,2.1451695639070048,2.6301090687674007,298.807842226419,26.0,3.0,90.50635902054219,93.75,97.65625,4.253909742722984
session_6.csv,session_6,995,63680,63808,63680,63808,127.36,127.616,relax,0,0,0.0,False,False,1.6207740513697582,2.0083560196020533,209.69405147330167,14.0,0.0,80.2692854768827,78.125,70.3125,4.880742715871229
session_6.csv,session_6,996,63744,63872,63744,63872,127.488,127.744,relax,0,0,0.0,False,False,1.69209716430632,2.1317539962751146,215.79014486759024,12.0,0.0,73.2606093473698,70.3125,66.40625,1.6930769652991955
session_6.csv,session_6,997,63808,63936,63808,63936,127.616,127.872,relax,0,0,0.0,False,False,2.2461356478102052,2.9011417801306822,281.83990412564515,19.0,2.0,79.64645958152644,82.03125,82.03125,7.126919533693716
session_6.csv,session_6,998,63872,64000,63872,64000,127.744,128.0,relax,0,0,0.0,False,False,1.9743053634884298,2.6441455996927425,242.8812653156332,11.0,2.0,79.042798416982,78.125,74.21875,7.6276908715419065
session_6.csv,session_6,999,63936,64064,63936,64064,127.872,128.128,relax,0,0,0.0,False,False,1.9562463552727074,2.664622387576395,252.060476877224,13.0,3.0,83.14683827414606,82.03125,82.03125,4.022588959034057
session_6.csv,session_6,1000,64000,64128,64000,64128,128.0,128.256,relax,0,0,0.0,False,False,2.297190276903123,2.9748605983450136,299.35632479226024,23.0,3.0,84.30562708065362,82.03125,93.75,8.129133743933025
