source_file,session_id,window_index,start_sample,end_sample_exclusive,downsampled_start_sample,downsampled_end_sample_exclusive,start_time_s,end_time_s,label,label_id,clench_sample_count,clench_fraction,contains_label_transition,intersects_transition_band,mav,rms,wl,zc,ssc,mnf,mdf,pkf,bandpower
session_6.csv,session_6,0,0,128,0,64,0.0,0.256,relax,0,0,0.0,False,False,32.889668561890275,90.0889939385269,2029.188857479851,29.0,22.0,45.9441784682429,27.34375,23.4375,117.36840538203816
session_6.csv,session_6,1,64,192,32,96,0.128,0.384,relax,0,0,0.0,False,False,1.9727209180864467,2.303125104373901,204.84740644268075,30.0,11.0,79.31499648820358,82.03125,82.03125,5.95001552124031
session_6.csv,session_6,2,128,256,64,128,0.256,0.512,relax,0,0,0.0,False,False,2.2210856975389888,2.774816234951235,234.16065651962816,30.0,15.0,79.60736615385753,82.03125,85.9375,7.262089628127757
session_6.csv,session_6,3,192,320,96,160,0.384,0.64,relax,0,0,0.0,False,False,2.3690336516047967,2.994957514610628,255.77012983680856,31.0,16.0,84.82554573587554,85.9375,85.9375,9.533122639570827
session_6.csv,session_6,4,256,384,128,192,0.512,0.768,relax,0,0,0.0,False,False,2.4489814167989796,2.930946732436962,257.8889617712975,34.0,17.0,76.3416689706196,78.125,66.40625,4.837872402364515
session_6.csv,session_6,5,320,448,160,224,0.64,0.896,relax,0,0,0.0,False,False,2.765655729286557,3.2799569856752187,300.1180504486936,38.0,21.0,85.99738871151206,85.9375,85.9375,12.596137093210096
session_6.csv,session_6,6,384,512,192,256,0.768,1.024,relax,0,0,0.0,False,False,2.7305010805243004,3.358980020384092,294.48134405512894,33.0,20.0,77.05551281090612,78.125,78.125,11.95892996318571
session_6.csv,session_6,7,448,576,224,288,0.896,1.152,relax,0,0,0.0,False,False,1.8701072032887296,2.591682088173221,191.79363324063956,18.0,10.0,79.46396738970962,82.03125,82.03125,3.521957638249789
session_6.csv,session_6,8,512,640,256,320,1.024,1.28,relax,0,0,0.0,False,False,1.6971597172626343,2.30587131938087,181.7225929459135,20.0,10.0,82.39457784293631,78.125,78.125,6.7803411899121935
session_6.csv,session_6,9,576,704,288,352,1.152,1.408,relax,0,0,0.0,False,False,2.642343170806676,3.359084483874109,269.2749847792835,31.0,16.0,84.29114693916208,82.03125,78.125,14.922697077923836
session_6.csv,session_6,10,640,768,320,384,1.28,1.536,relax,0,3,0.0234375,True,True,2.813798331540074,3.522973017700321,302.75401367333825,33.0,21.0,81.65654974657423,82.03125,74.21875,7.837662390220449
session_6.csv,session_6,11,704,832,352,416,1.408,1.664,clench,1,67,0.5234375,True,True,9.052435977941098,13.361476198161775,974.0434266181127,37.0,31.0,80.51717725450888,78.125,78.125,112.27238747600154
session_6.csv,session_6,12,768,896,384,448,1.536,1.792,clench,1,128,1.0,False,True,11.748119440018925,15.208567934842456,1303.3571416135453,41.0,37.0,84.71039938064422,89.84375,89.84375,309.02371897922234
session_6.csv,session_6,13,832,960,416,480,1.664,1.92,clench,1,128,1.0,False,False,7.30198816532155,9.589981302788296,827.3933426761,42.0,38.0,85.41225273437307,85.9375,78.125,58.655677656977176
session_6.csv,session_6,14,896,1024,448,512,1.792,2.048,clench,1,128,1.0,False,False,7.198313985972903,9.089566180016615,793.6993553429546,42.0,33.0,78.06665093576105,78.125,78.125,56.401311992692875
session_6.csv,session_6,15,960,1088,480,544,1.92,2.176,clench,1,128,1.0,False,False,9.485904103346881,12.954367845766638,1074.6928518314783,40.0,33.0,81.15361465872792,82.03125,78.125,106.74744870645546
session_6.csv,session_6,16,1024,1152,512,576,2.048,2.304,clench,1,128,1.0,False,False,9.14311429641772,12.442510484131569,1009.936613929459,39.0,30.0,82.20809671116012,82.03125,85.9375,236.15413926565964
session_6.csv,session_6,17,1088,1216,544,608,2.176,2.432,clench,1,128,1.0,False,False,9.052043671773674,11.170768290462545,960.4592980498194,40.0,33.0,78.95454616218714,78.125,78.125,78.43707662959955
session_6.csv,session_6,18,1152,1280,576,640,2.304,2.56,clench,1,128,1.0,False,False,10.811029434758467,13.15331908499164,1167.134267075729,40.0,32.0,83.40926176977622,82.03125,78.125,173.15327674688743
session_6.csv,session_6,19,1216,1344,608,672,2.432,2.688,clench,1,128,1.0,False,False,10.700139020186214,13.314139750341335,1137.252285688967,38.0,28.0,80.76475724202594,78.125,78.125,283.8168190394728
session_6.csv,session_6,20,1280,1408,640,704,2.56,2.816,clench,1,128,1.0,False,False,7.885136308995407,10.584367628039738,861.1559694810269,38.0,28.0,76.56888256782038,74.21875,78.125,48.16105286359752
session_6.csv,session_6,21,1344,1472,672,736,2.688,2.944,clench,1,117,0.9140625,True,True,4.579709850899832,5.659857723979599,508.7770502763135,36.0,27.0,81.23941204598614,82.03125,82.03125,40.69657992928532
session_6.csv,session_6,22,1408,1536,704,768,2.816,3.072,relax,0,53,0.4140625,True,True,2.9179378522963786,4.020314712054833,314.4608184033777,30.0,19.0,78.92822390978111,78.125,82.03125,10.092248499190548
session_6.csv,session_6,23,1472,1600,736,800,2.944,3.2,relax,0,0,0.0,False,True,1.860140779905661,2.381253055700458,210.30563574768217,29.0,18.0,83.17676247813692,82.03125,97.65625,7.918759539676524
session_6.csv,session_6,24,1536,1664,768,832,3.072,3.328,relax,0,0,0.0,False,False,1.8082229845222342,2.232520739270477,200.0393064748764,26.0,14.0,83.4589943974674,89.84375,93.75,4.061997100174626
session_6.csv,session_6,25,1600,1728,800,864,3.2,3.456,relax,0,0,0.0,False,False,1.860202753311793,2.250322410423427,200.59383758867972,29.0,15.0,88.27884107105143,89.84375,97.65625,5.379446785931668
session_6.csv,session_6,26,1664,1792,832,896,3.328,3.584,relax,0,0,0.0,False,False,1.8458867632704123,2.2346271118910432,195.66047052995913,28.0,15.0,76.62097659127328,78.125,78.125,4.6741999872307245
session_6.csv,session_6,27,1728,1856,864,928,3.456,3.712,relax,0,0,0.0,False,False,1.810739668108424,2.3348625868884683,201.65275330767452,24.0,14.0,84.99591224041629,82.03125,97.65625,7.652786303723667
session_6.csv,session_6,28,1792,1920,896,960,3.584,3.84,relax,0,0,0.0,False,False,2.1666631883721204,2.704821283570212,245.87238646454827,33.0,19.0,86.63140500865462,89.84375,89.84375,5.5774413844424355
session_6.csv,session_6,29,1856,1984,928,992,3.712,3.968,relax,0,0,0.0,False,False,2.3618937027711078,2.987032998798019,259.5393316451368,35.0,18.0,79.96662249264111,78.125,70.3125,9.56270008842176
session_6.csv,session_6,30,1920,2048,960,1024,3.84,4.096,relax,0,0,0.0,False,True,2.4134038777650932,3.177352871818961,257.5603038657509,28.0,17.0,79.47647494536423,82.03125,82.03125,4.650490759676237
session_6.csv,session_6,31,1984,2112,992,1056,3.968,4.224,relax,0,57,0.4453125,True,True,7.818282550327126,11.722948471041956,857.0603823093898,32.0,28.0,79.15792251746785,78.125,78.125,80.00891098863117
session_6.csv,session_6,32,2048,2176,1024,1088,4.096,4.352,clench,1,121,0.9453125,True,True,10.043836577940647,12.817299401200115,1081.670066318326,40.0,32.0,84.13994555516061,82.03125,74.21875,190.2391195123086
session_6.csv,session_6,33,2112,2240,1056,1120,4.224,4.48,clench,1,128,1.0,False,False,7.728430106033917,9.568870824900728,815.3950619137818,40.0,31.0,84.16804502874197,85.9375,89.84375,106.9260252463143
session_6.csv,session_6,34,2176,2304,1088,1152,4.352,4.608,clench,1,128,1.0,False,False,7.4193985293657025,9.577126788038528,810.0684663795423,38.0,33.0,78.43326837602481,74.21875,74.21875,35.4439235591942
session_6.csv,session_6,35,2240,2368,1120,1184,4.48,4.736,clench,1,128,1.0,False,False,8.59431361381571,11.064485801967217,928.7363549581036,38.0,34.0,79.25640816919766,78.125,74.21875,91.74068531778313
session_6.csv,session_6,36,2304,2432,1152,1216,4.608,4.864,clench,1,128,1.0,False,False,9.858118911153245,12.919331044558543,1051.706336288116,39.0,34.0,78.95576261305122,78.125,74.21875,252.63061145658028
session_6.csv,session_6,37,2368,2496,1184,1248,4.736,4.992,clench,1,128,1.0,False,False,8.065767025128768,10.840138168234626,853.41217031837,39.0,30.0,81.53843922913774,78.125,70.3125,40.72288611781472
session_6.csv,session_6,38,2432,2560,1216,1280,4.864,5.12,clench,1,128,1.0,False,False,7.547923098561997,9.054643020306807,799.9264636559652,39.0,31.0,82.31809214790711,78.125,78.125,98.48537473042391
session_6.csv,session_6,39,2496,2624,1248,1312,4.992,5.248,clench,1,128,1.0,False,False,8.196896996834425,9.674289003628125,862.5806187962351,40.0,31.0,81.86849818311872,85.9375,89.84375,77.27845571964126
session_6.csv,session_6,40,2560,2688,1280,1344,5.12,5.376,clench,1,128,1.0,False,False,7.807614328552017,9.452409290999979,849.8558923201535,38.0,34.0,74.673296022631,74.21875,70.3125,100.52496805875961
session_6.csv,session_6,41,2624,2752,1312,1376,5.248,5.504,clench,1,128,1.0,False,False,6.372366498049609,7.711390254421915,696.662520154614,38.0,37.0,80.70173313496448,78.125,78.125,43.33267005343047
session_6.csv,session_6,42,2688,2816,1344,1408,5.376,5.632,clench,1,128,1.0,False,True,4.682494941222958,5.604889928026128,523.582009804727,43.0,34.0,86.85146577316515,89.84375,89.84375,30.431659099560697
session_6.csv,session_6,43,2752,2880,1376,1440,5.504,5.76,clench,1,70,0.546875,True,True,2.5767809094851852,3.2879336980179725,286.8483626401562,36.0,22.0,85.44706452213778,85.9375,85.9375,10.468955047020502
session_6.csv,session_6,44,2816,2944,1408,1472,5.632,5.888,relax,0,6,0.046875,True,True,1.7274326558531223,2.23534797271203,189.38599991203154,26.0,12.0,81.2316570592132,82.03125,93.75,4.081208210472884
session_6.csv,session_6,45,2880,3008,1440,1504,5.76,6.016,relax,0,0,0.0,False,False,1.7060441834067552,2.117419881867024,182.5978523340661,23.0,9.0,80.11659332561233,78.125,66.40625,4.0717884243613485
session_6.csv,session_6,46,2944,3072,1472,1536,5.888,6.144,relax,0,0,0.0,False,False,1.450941061625292,1.772573633194339,153.95915137456817,19.0,6.0,78.56980128928856,78.125,74.21875,3.991996392748426
session_6.csv,session_6,47,3008,3136,1504,1568,6.016,6.272,relax,0,0,0.0,False,False,1.7540572597618918,2.1725780957359504,193.2778826265162,27.0,13.0,85.71769405182475,89.84375,93.75,4.271741057224924
session_6.csv,session_6,48,3072,3200,1536,1600,6.144,6.4,relax,0,0,0.0,False,False,2.1174351690239357,2.4752442703543815,223.8850944726561,33.0,16.0,79.40048767648489,78.125,78.125,6.920143254216689
session_6.csv,session_6,49,3136,3264,1568,1632,6.272,6.528,relax,0,8,0.0625,True,True,2.9865894939426165,3.69992838226718,291.67624261375386,32.0,16.0,70.94768555529942,70.3125,70.3125,8.29124308809914
session_6.csv,session_6,50,3200,3328,1600,1664,6.4,6.656,clench,1,72,0.5625,True,True,7.19715204607943,9.456376746918371,775.8277106805045,39.0,30.0,80.18043624266923,82.03125,82.03125,66.99107112759233
session_6.csv,session_6,51,3264,3392,1632,1696,6.528,6.784,clench,1,128,1.0,False,True,9.808464590178609,12.019663860447997,1081.4656787826991,42.0,37.0,81.85640308706603,82.03125,85.9375,124.87496855207618
session_6.csv,session_6,52,3328,3456,1664,1728,6.656,6.912,clench,1,128,1.0,False,False,7.684528411522168,9.851233740349894,869.5992034915506,43.0,35.0,83.3792012462284,82.03125,97.65625,101.28674350353727
session_6.csv,session_6,53,3392,3520,1696,1760,6.784,7.04,clench,1,128,1.0,False,False,6.620358565322317,8.411860316671545,750.5201484590219,45.0,36.0,88.56297999281816,93.75,97.65625,38.279135068026314
session_6.csv,session_6,54,3456,3584,1728,1792,6.912,7.168,clench,1,128,1.0,False,False,6.151478550372923,7.736000895050734,654.7830642231523,41.0,28.0,83.85028138495733,82.03125,82.03125,71.3732981480627
session_6.csv,session_6,55,3520,3648,1760,1824,7.04,7.296,clench,1,91,0.7109375,True,True,4.988113490225072,6.0251243881192345,509.44259067514315,36.0,24.0,75.37141338487203,78.125,82.03125,24.823129783675014
session_6.csv,session_6,56,3584,3712,1792,1856,7.168,7.424,relax,0,27,0.2109375,True,True,3.5376693240884514,4.606852661918161,368.75952599620484,31.0,19.0,78.7071068735174,74.21875,70.3125,25.666270391005316
session_6.csv,session_6,57,3648,3776,1824,1888,7.296,7.552,relax,0,0,0.0,False,False,2.0181684149183616,2.7132482621929346,209.66554798002687,25.0,10.0,77.62790783102061,74.21875,74.21875,3.632727272394221
session_6.csv,session_6,58,3712,3840,1856,1920,7.424,7.68,relax,0,0,0.0,False,False,1.7978748882355395,2.3102600034716687,201.18652521713915,22.0,12.0,82.21971718546911,82.03125,82.03125,6.7885472237202675
session_6.csv,session_6,59,3776,3904,1888,1952,7.552,7.808,relax,0,0,0.0,False,False,1.7882140236600936,2.2624914881445366,193.18022973254554,24.0,13.0,78.13684872961002,74.21875,74.21875,2.853900173995462
session_6.csv,session_6,60,3840,3968,1920,1984,7.68,7.936,relax,0,0,0.0,False,False,1.514678934554051,1.8898705465222614,156.13055673183524,22.0,9.0,80.91211719335848,78.125,78.125,3.0261170339999115
session_6.csv,session_6,61,3904,4032,1952,2016,7.808,8.064,relax,0,0,0.0,False,False,1.987164375023672,2.679960568207539,200.12439181165382,21.0,9.0,79.83962500447335,78.125,70.3125,3.129180606574994
session_6.csv,session_6,62,3968,4096,1984,2048,7.936,8.192,relax,0,0,0.0,False,False,2.1388312080206995,2.7838344136169866,221.72271920658915,24.0,11.0,82.49892316802642,85.9375,89.84375,9.368302686694618
session_6.csv,session_6,63,4032,4160,2016,2080,8.064,8.32,relax,0,0,0.0,False,True,2.5884334572025036,3.2482799931360415,277.4071019001178,30.0,18.0,79.98980128253577,82.03125,70.3125,6.967582425267734
session_6.csv,session_6,64,4096,4224,2048,2112,8.192,8.448,relax,0,54,0.421875,True,True,6.432049483703183,8.55915526695518,709.8784494399226,38.0,30.0,84.78222670855605,85.9375,89.84375,52.22595863506742
session_6.csv,session_6,65,4160,4288,2080,2144,8.32,8.576,clench,1,118,0.921875,True,True,9.416570363122965,11.781958295675247,1055.2941579104802,39.0,36.0,82.5277204283521,82.03125,78.125,144.75142075763878
session_6.csv,session_6,66,4224,4352,2112,2176,8.448,8.704,clench,1,128,1.0,False,False,11.935732521302029,14.857601033035408,1266.998218724907,41.0,37.0,85.10248807849548,85.9375,97.65625,123.50920720609581
session_6.csv,session_6,67,4288,4416,2144,2208,8.576,8.832,clench,1,128,1.0,False,False,12.969982626257824,16.43476523339664,1396.0645791782429,45.0,39.0,82.55887765534074,82.03125,85.9375,319.9408313457942
session_6.csv,session_6,68,4352,4480,2176,2240,8.704,8.96,clench,1,128,1.0,False,False,9.512147926326833,12.750803263596064,1013.6132259163443,42.0,34.0,83.26675858040606,82.03125,82.03125,273.1469600020502
session_6.csv,session_6,69,4416,4544,2208,2272,8.832,9.088,clench,1,128,1.0,False,False,9.141091802110287,10.971335549700107,959.735490641207,39.0,34.0,80.63236298018946,78.125,74.21875,103.09836932352202
session_6.csv,session_6,70,4480,4608,2240,2304,8.96,9.216,clench,1,128,1.0,False,False,12.009657979681297,14.569526264401786,1273.035246954788,41.0,37.0,78.8609604883182,78.125,85.9375,247.4530486164688
session_6.csv,session_6,71,4544,4672,2272,2336,9.088,9.344,clench,1,128,1.0,False,False,13.236064644069796,15.917369312575019,1371.4423960758793,39.0,35.0,79.89508539291931,74.21875,74.21875,246.5324790276235
session_6.csv,session_6,72,4608,4736,2304,2368,9.216,9.472,clench,1,128,1.0,False,False,10.889373170949408,13.168737010146618,1107.7315863460942,38.0,26.0,78.41398741285575,74.21875,74.21875,92.16605100367035
session_6.csv,session_6,73,4672,4800,2336,2400,9.344,9.6,clench,1,128,1.0,False,False,7.537694841252927,9.105363920916428,788.3792826459108,39.0,28.0,80.84948237550641,74.21875,74.21875,115.99403870867626
session_6.csv,session_6,74,4736,4864,2368,2432,9.472,9.728,clench,1,119,0.9296875,True,True,4.602651396275211,6.110966873855876,509.36866459189287,38.0,26.0,81.85216477796374,82.03125,78.125,22.851347695873216
session_6.csv,session_6,75,4800,4928,2400,2464,9.6,9.856,relax,0,55,0.4296875,True,True,2.315447459470575,2.898309095842203,250.4086500705698,33.0,17.0,79.50051645275197,82.03125,85.9375,6.597758740078514
session_6.csv,session_6,76,4864,4992,2432,2496,9.728,9.984,relax,0,0,0.0,False,True,2.346372087427725,2.8202465956804272,260.7293405550005,35.0,20.0,83.48190168790248,85.9375,85.9375,10.133835705940335
session_6.csv,session_6,77,4928,5056,2464,2528,9.856,10.112,relax,0,0,0.0,False,False,2.5799826960749064,3.0355912426781653,293.3941688960867,40.0,27.0,88.14757992801806,89.84375,93.75,7.952909129085228
session_6.csv,session_6,78,4992,5120,2496,2560,9.984,10.24,relax,0,0,0.0,False,False,2.408779288883893,2.8384432999580587,266.1156910823362,36.0,23.0,84.33103999954307,89.84375,93.75,7.454251522919967
session_6.csv,session_6,79,5056,5184,2528,2592,10.112,10.368,relax,0,0,0.0,False,False,1.9418888925297715,2.4114282386894588,204.82472478970874,27.0,12.0,76.65972300810316,70.3125,70.3125,5.753348252691776
session_6.csv,session_6,80,5120,5248,2560,2624,10.24,10.496,relax,0,0,0.0,False,False,1.9606467458130161,2.4783831610019442,220.02021419252065,30.0,16.0,82.58552953181878,82.03125,82.03125,7.009807330661151
session_6.csv,session_6,81,5184,5312,2592,2656,10.368,10.624,relax,0,0,0.0,False,False,2.2285791591744957,2.7593273592584255,248.65175866264835,33.0,20.0,82.32386393297365,82.03125,82.03125,5.577471444524473
session_6.csv,session_6,82,5248,5376,2624,2688,10.496,10.752,relax,0,0,0.0,False,True,2.397276221692522,2.9180394634064335,253.02516581986447,34.0,17.0,76.82203933272945,78.125,78.125,8.127454723238046
session_6.csv,session_6,83,5312,5440,2656,2720,10.624,10.88,relax,0,45,0.3515625,True,True,7.427103917724817,11.22652102560371,755.9896459690116,36.0,22.0,73.74506409739234,70.3125,70.3125,36.38926656675206
session_6.csv,session_6,84,5376,5504,2688,2752,10.752,11.008,clench,1,109,0.8515625,True,True,13.439867147907854,16.908188991276514,1417.4296517343125,40.0,33.0,81.0272333535059,78.125,74.21875,294.47715025464663
session_6.csv,session_6,85,5440,5568,2720,2784,10.88,11.136,clench,1,128,1.0,False,False,12.480606873205675,15.372981356117057,1340.737939070065,42.0,37.0,76.77417277704487,78.125,78.125,327.3522638796432
session_6.csv,session_6,86,5504,5632,2752,2816,11.008,11.264,clench,1,128,1.0,False,False,11.704355238997113,13.990403214778445,1265.7027111474292,41.0,38.0,79.256548948503,78.125,78.125,160.7730065586281
session_6.csv,session_6,87,5568,5696,2784,2848,11.136,11.392,clench,1,128,1.0,False,False,12.164877250832582,14.78660635809924,1272.5980570292254,40.0,32.0,80.48360186650646,74.21875,70.3125,229.20005491264155
session_6.csv,session_6,88,5632,5760,2816,2880,11.264,11.52,clench,1,128,1.0,False,False,11.194921837941685,13.7212790961154,1163.2634349165442,40.0,32.0,78.36969703040305,78.125,85.9375,193.71947411165308
session_6.csv,session_6,89,5696,5824,2848,2912,11.392,11.648,clench,1,128,1.0,False,False,13.258169708257075,16.93261073461096,1437.7525084427039,41.0,39.0,80.04055331062075,78.125,66.40625,236.40247928806272
session_6.csv,session_6,90,5760,5888,2880,2944,11.52,11.776,clench,1,128,1.0,False,False,13.857661118379491,17.288421403318516,1500.4669575964451,41.0,38.0,81.52123690569103,82.03125,97.65625,271.4680192685335
session_6.csv,session_6,91,5824,5952,2912,2976,11.648,11.904,clench,1,128,1.0,False,False,13.172008530217898,15.259979368498506,1388.6760415255412,41.0,37.0,80.18329714799249,82.03125,82.03125,208.77009365932724
session_6.csv,session_6,92,5888,6016,2944,3008,11.776,12.032,clench,1,128,1.0,False,False,10.867532545271004,13.316304836407838,1180.7864309626589,42.0,35.0,83.8917920455037,82.03125,78.125,152.3913055726456
session_6.csv,session_6,93,5952,6080,2976,3040,11.904,12.16,clench,1,128,1.0,False,False,9.22801263597186,11.18164244840307,980.8047851713195,40.0,33.0,81.2083017092569,78.125,78.125,83.50990969978956
session_6.csv,session_6,94,6016,6144,3008,3072,12.032,12.288,clench,1,121,0.9453125,True,True,9.507993083015476,12.496673723253569,1008.1144666745784,38.0,32.0,80.40002240078037,78.125,74.21875,279.4547225985707
session_6.csv,session_6,95,6080,6208,3040,3104,12.16,12.416,relax,0,57,0.4453125,True,True,5.229705008273276,9.195764169649612,560.3708896297043,34.0,21.0,77.17093589471601,74.21875,70.3125,10.50266420918299
session_6.csv,session_6,96,6144,6272,3072,3136,12.288,12.544,relax,0,0,0.0,False,True,1.790208100070854,2.156620848273035,186.1829541596467,26.0,13.0,79.23398106544133,82.03125,85.9375,4.647322832647042
session_6.csv,session_6,97,6208,6336,3104,3168,12.416,12.672,relax,0,0,0.0,False,False,1.7454113481431208,2.3397977249400745,194.9439515366151,23.0,17.0,82.76378861156972,85.9375,85.9375,6.900796535297943
session_6.csv,session_6,98,6272,6400,3136,3200,12.544,12.8,relax,0,0,0.0,False,False,1.9770798758996584,2.6239147074279003,225.74363150134502,28.0,19.0,80.82370019119581,78.125,78.125,4.503837707176181
session_6.csv,session_6,99,6336,6464,3168,3232,12.672,12.928,relax,0,0,0.0,False,False,2.1179179376997777,2.6140775763531825,233.76245292480877,31.0,15.0,81.6565112315893,78.125,74.21875,6.55806846841222
session_6.csv,session_6,100,6400,6528,3200,3264,12.8,13.056,relax,0,0,0.0,False,False,2.0431021426392757,2.424720819306899,217.88560974887272,30.0,12.0,76.85880798289526,70.3125,70.3125,6.6508661697472355
session_6.csv,session_6,101,6464,6592,3232,3296,12.928,13.184,relax,0,0,0.0,False,False,2.079644695793353,2.435225707029606,210.86273239009157,31.0,14.0,80.93119469399474,82.03125,85.9375,4.1855941005402455
session_6.csv,session_6,102,6528,6656,3264,3328,13.056,13.312,relax,0,0,0.0,False,True,3.342088949886306,4.32688357286113,361.15201406231614,38.0,25.0,80.84373987884673,82.03125,78.125,11.622152244790158
session_6.csv,session_6,103,6592,6720,3296,3360,13.184,13.44,relax,0,58,0.453125,True,True,5.2035184237675445,6.4640379416035865,549.8114113552272,39.0,29.0,79.16010849560978,74.21875,70.3125,46.42972625582168
session_6.csv,session_6,104,6656,6784,3328,3392,13.312,13.568,clench,1,122,0.953125,True,True,8.343029771071423,10.851391097566175,851.8618536820396,37.0,29.0,77.19979111289669,74.21875,74.21875,49.01943177666495
session_6.csv,session_6,105,6720,6848,3360,3424,13.44,13.696,clench,1,128,1.0,False,False,10.575378824169459,13.65204779702381,1144.7718135414227,39.0,32.0,85.61334352744146,85.9375,97.65625,308.00668055092194
session_6.csv,session_6,106,6784,6912,3392,3456,13.568,13.824,clench,1,128,1.0,False,False,9.06452281603729,11.926342482260633,990.1634128577396,38.0,31.0,76.5208444542965,70.3125,66.40625,65.58196869305546
session_6.csv,session_6,107,6848,6976,3424,3488,13.696,13.952,clench,1,128,1.0,False,True,6.740566611824963,8.559839072407264,703.0703403563091,37.0,29.0,80.4666184663269,78.125,70.3125,41.185511246311826
session_6.csv,session_6,108,6912,7040,3456,3520,13.824,14.08,clench,1,80,0.625,True,True,4.29331383102041,5.646393336943805,451.73993409908945,36.0,23.0,81.1577672344757,78.125,78.125,33.73067881350961
session_6.csv,session_6,109,6976,7104,3488,3552,13.952,14.208,relax,0,16,0.125,True,True,2.700811654413415,3.289755698376275,275.63538456361675,32.0,14.0,77.85016741471978,78.125,78.125,8.336300213432514
session_6.csv,session_6,110,7040,7168,3520,3584,14.08,14.336,relax,0,0,0.0,False,False,2.3319138278352702,2.894364685623732,249.9356611655573,30.0,15.0,86.27775032411493,89.84375,93.75,9.527483267003051
session_6.csv,session_6,111,7104,7232,3552,3616,14.208,14.464,relax,0,0,0.0,False,False,2.156069980711422,2.680848020541125,230.61495285444613,30.0,16.0,77.22127436858985,74.21875,74.21875,8.800641440161877
session_6.csv,session_6,112,7168,7296,3584,3648,14.336,14.592,relax,0,0,0.0,False,False,1.9243170756368517,2.3749019132398006,197.68020251145222,26.0,12.0,81.45392778156726,85.9375,85.9375,3.782746183107106
session_6.csv,session_6,113,7232,7360,3616,3680,14.464,14.72,relax,0,0,0.0,False,False,2.0375295355268235,2.460280048461234,218.92935551540245,30.0,15.0,83.32927186932156,82.03125,82.03125,3.954385407966287
session_6.csv,session_6,114,7296,7424,3648,3712,14.592,14.848,relax,0,0,0.0,False,False,2.1681854166746914,2.595102984582261,226.23832765848204,31.0,13.0,86.07507414532489,89.84375,93.75,5.514580666218344
session_6.csv,session_6,115,7360,7488,3680,3744,14.72,14.976,relax,0,20,0.15625,True,True,2.5854422331809515,3.490638029812738,260.5353169619446,28.0,15.0,76.77568873290046,74.21875,74.21875,6.0754168417925305
session_6.csv,session_6,116,7424,7552,3712,3776,14.848,15.104,clench,1,84,0.65625,True,True,8.98784702282557,13.457181401913028,957.184163053248,35.0,26.0,84.24447268766912,85.9375,78.125,101.83405175377446
session_6.csv,session_6,117,7488,7616,3744,3808,14.976,15.232,clench,1,128,1.0,False,True,11.52082880126255,15.06038847592858,1235.1814261716804,38.0,30.0,82.49830499129713,85.9375,93.75,229.53147516618523
session_6.csv,session_6,118,7552,7680,3776,3840,15.104,15.36,clench,1,128,1.0,False,False,10.11954391892485,12.678004671410733,1094.7915283502623,41.0,33.0,88.07942923123038,93.75,93.75,161.76951705782156
session_6.csv,session_6,119,7616,7744,3808,3872,15.232,15.488,clench,1,128,1.0,False,False,15.352991327893083,18.64240858878486,1623.838810494769,42.0,35.0,78.35427814119696,74.21875,70.3125,262.5122191709463
session_6.csv,session_6,120,7680,7808,3840,3904,15.36,15.616,clench,1,128,1.0,False,False,18.192411121485552,21.51362708475923,1890.4057184529224,39.0,35.0,75.48996792591076,74.21875,74.21875,484.4854607505699
session_6.csv,session_6,121,7744,7872,3872,3936,15.488,15.744,clench,1,128,1.0,False,False,18.142636378613357,22.022640251410007,1917.2432337919022,39.0,37.0,77.90026850260165,78.125,78.125,428.03965296980306
session_6.csv,session_6,122,7808,7936,3904,3968,15.616,15.872,clench,1,102,0.796875,True,True,12.338467310807076,16.975833784067326,1321.7244772051204,41.0,34.0,81.23575366137004,78.125,74.21875,201.44562549931644
session_6.csv,session_6,123,7872,8000,3936,4000,15.744,16.0,relax,0,38,0.296875,True,True,4.121554141726415,5.30491231216943,440.1797442567876,35.0,23.0,85.22398677230761,85.9375,89.84375,26.425023741606882
session_6.csv,session_6,124,7936,8064,3968,4032,15.872,16.128,relax,0,0,0.0,False,False,2.4159927031842052,3.0517405986614974,262.22505382472735,30.0,16.0,78.62295502663048,78.125,78.125,11.39765226688296
session_6.csv,session_6,125,8000,8128,4000,4064,16.0,16.256,relax,0,0,0.0,False,False,2.867450653318456,3.600073049130123,316.26334931470035,35.0,23.0,86.38178540080602,85.9375,85.9375,12.97691416740385
session_6.csv,session_6,126,8064,8192,4032,4096,16.128,16.384,relax,0,0,0.0,False,False,2.6273008859532405,3.3986223519613663,285.82674700936786,32.0,19.0,81.54260178212323,78.125,78.125,14.029775774550696
session_6.csv,session_6,127,8128,8256,4064,4128,16.256,16.512,relax,0,0,0.0,False,False,1.8056604689483815,2.298286690841827,179.20042173962102,23.0,7.0,80.28446989717075,85.9375,85.9375,2.6227720514119897
session_6.csv,session_6,128,8192,8320,4096,4160,16.384,16.64,relax,0,0,0.0,False,False,1.74328394854119,2.073452999699013,195.4879316638992,26.0,11.0,84.16501430301422,85.9375,89.84375,4.171458808714487
session_6.csv,session_6,129,8256,8384,4128,4192,16.512,16.768,relax,0,0,0.0,False,False,2.3179339317363823,2.798195334929073,263.1153134381423,32.0,19.0,78.96591002672922,82.03125,82.03125,5.282074035644937
session_6.csv,session_6,130,8320,8448,4160,4224,16.64,16.896,relax,0,10,0.078125,True,True,3.057528269835548,4.00365728054647,327.26582565082066,36.0,21.0,87.37575669649875,89.84375,89.84375,9.398320779812362
session_6.csv,session_6,131,8384,8512,4192,4256,16.768,17.024,clench,1,74,0.578125,True,True,10.16458740057998,14.23054569371252,1120.2216520430584,39.0,30.0,81.55742406526356,82.03125,82.03125,202.62716270380997
session_6.csv,session_6,132,8448,8576,4224,4288,16.896,17.152,clench,1,128,1.0,False,True,12.929938742483486,15.65140263050029,1407.004721251958,40.0,40.0,79.43771448240709,82.03125,82.03125,230.8624650416351
session_6.csv,session_6,133,8512,8640,4256,4320,17.024,17.28,clench,1,128,1.0,False,False,9.148437297931743,10.57965557692094,925.8938554716258,38.0,33.0,77.77006183192634,74.21875,89.84375,84.95402467411202
session_6.csv,session_6,134,8576,8704,4288,4352,17.152,17.408,clench,1,128,1.0,False,False,8.536000556815688,10.062349490044971,847.6853350627974,38.0,26.0,80.29538816172322,78.125,78.125,93.30168378664271
session_6.csv,session_6,135,8640,8768,4320,4384,17.28,17.536,clench,1,128,1.0,False,False,7.869758547194981,9.595147886882861,848.0089220832841,40.0,31.0,81.93209401323847,82.03125,78.125,137.29014997022975
session_6.csv,session_6,136,8704,8832,4352,4416,17.408,17.664,clench,1,128,1.0,False,False,8.978642381832739,10.890533151183904,1008.5667036467469,42.0,37.0,88.49588906127889,89.84375,93.75,73.49899033134025
session_6.csv,session_6,137,8768,8896,4384,4448,17.536,17.792,clench,1,128,1.0,False,False,8.304274555235478,10.000971481819825,901.1650607686832,42.0,32.0,78.19758659903701,78.125,78.125,108.37689516816066
session_6.csv,session_6,138,8832,8960,4416,4480,17.664,17.92,clench,1,128,1.0,False,False,10.166909076879367,12.787504557289113,1049.5800239573614,39.0,30.0,77.87537542137693,78.125,78.125,153.40857349536844
session_6.csv,session_6,139,8896,9024,4448,4512,17.792,18.048,clench,1,128,1.0,False,False,13.007804532727056,16.252612179457113,1393.4418353192862,38.0,35.0,77.42697704980858,74.21875,70.3125,252.8398985194429
session_6.csv,session_6,140,8960,9088,4480,4544,17.92,18.176,clench,1,128,1.0,False,False,13.219083343118527,16.195368092057905,1466.4369420608339,42.0,39.0,81.80733832568579,82.03125,85.9375,229.21263062506864
session_6.csv,session_6,141,9024,9152,4512,4576,18.048,18.304,clench,1,128,1.0,False,True,9.14959296449273,11.997879827138068,981.2466947871989,42.0,33.0,82.6828050844852,85.9375,74.21875,126.63661471733597
session_6.csv,session_6,142,9088,9216,4544,4608,18.176,18.432,clench,1,83,0.6484375,True,True,3.40196491889027,4.263339437693101,349.7662994685683,34.0,21.0,79.57555400123282,82.03125,82.03125,21.38132402453964
session_6.csv,session_6,143,9152,9280,4576,4640,18.304,18.56,relax,0,19,0.1484375,True,True,2.7022041097397036,3.214311786097404,290.0180195414714,35.0,22.0,84.9051041696959,85.9375,78.125,8.816701820114332
session_6.csv,session_6,144,9216,9344,4608,4672,18.432,18.688,relax,0,0,0.0,False,False,2.6106050422459557,3.110928703375834,290.89844355544926,41.0,24.0,84.6392104008269,82.03125,78.125,8.753977686671508
session_6.csv,session_6,145,9280,9408,4640,4704,18.56,18.816,relax,0,0,0.0,False,False,2.0108855619476262,2.7093459212723516,233.6272771410689,29.0,18.0,78.5881627867293,78.125,74.21875,4.609035555323205
session_6.csv,session_6,146,9344,9472,4672,4736,18.688,18.944,relax,0,0,0.0,False,False,2.6268221515867167,3.620474943076437,286.7016201946597,26.0,17.0,82.08150414008558,85.9375,89.84375,13.765781629070995
session_6.csv,session_6,147,9408,9536,4704,4768,18.816,19.072,relax,0,0,0.0,False,False,3.190231046681949,3.912206381889429,352.93758067633615,38.0,25.0,85.39502503014761,82.03125,97.65625,10.48781382403955
session_6.csv,session_6,148,9472,9600,4736,4800,18.944,19.2,relax,0,0,0.0,False,False,2.4770789231440395,2.9672389019926984,277.43072697076553,36.0,21.0,87.31686005249911,93.75,97.65625,9.136790097634883
session_6.csv,session_6,149,9536,9664,4768,4832,19.072,19.328,relax,0,0,0.0,False,False,2.255785113376059,2.7883188255971243,236.21576767504638,31.0,14.0,85.04027425061734,89.84375,93.75,3.5767473878025937
session_6.csv,session_6,150,9600,9728,4800,4864,19.2,19.456,relax,0,3,0.0234375,True,True,2.3582789107691644,2.9589097219227054,254.09684715016112,32.0,17.0,85.36087561360394,89.84375,89.84375,11.223090696716906
session_6.csv,session_6,151,9664,9792,4832,4896,19.328,19.584,clench,1,67,0.5234375,True,True,9.282240464590709,14.109183605583976,987.4736314749132,37.0,26.0,80.33138688295217,78.125,78.125,97.96329902358369
session_6.csv,session_6,152,9728,9856,4864,4928,19.456,19.712,clench,1,128,1.0,False,True,15.066318961266907,19.31076971287528,1637.5475284360434,40.0,32.0,87.86692644123075,89.84375,89.84375,492.0503276532999
session_6.csv,session_6,153,9792,9920,4896,4960,19.584,19.84,clench,1,128,1.0,False,False,12.39862406274809,16.379530174160177,1338.1646515632442,38.0,32.0,77.32509106554701,78.125,82.03125,320.8929096301631
session_6.csv,session_6,154,9856,9984,4928,4992,19.712,19.968,clench,1,128,1.0,False,False,8.93533001851793,11.277206200524256,959.988593248565,42.0,37.0,81.14943742684346,82.03125,82.03125,81.2859619022294
session_6.csv,session_6,155,9920,10048,4960,5024,19.84,20.096,clench,1,128,1.0,False,False,9.240727602776133,11.373782105944288,1035.059145309756,45.0,42.0,80.53430757692917,82.03125,82.03125,149.9870354340417
session_6.csv,session_6,156,9984,10112,4992,5056,19.968,20.224,clench,1,128,1.0,False,False,11.611655383898169,14.052433137954147,1220.7862925975733,41.0,36.0,82.89836408250066,78.125,93.75,96.63103923483733
session_6.csv,session_6,157,10048,10176,5024,5088,20.096,20.352,clench,1,128,1.0,False,False,10.816951148031313,13.153580251736269,1106.5100403867195,39.0,29.0,78.80488609791259,78.125,78.125,212.85099201392458
session_6.csv,session_6,158,10112,10240,5056,5120,20.224,20.48,clench,1,128,1.0,False,False,11.767237624270301,14.390482609015471,1309.004217878535,42.0,35.0,81.37762982580556,82.03125,82.03125,204.67631212156675
session_6.csv,session_6,159,10176,10304,5088,5152,20.352,20.608,clench,1,128,1.0,False,False,10.449428473722543,13.490094689794045,1170.2043045336973,42.0,38.0,84.24202088814633,85.9375,85.9375,207.10243207285328
session_6.csv,session_6,160,10240,10368,5120,5184,20.48,20.736,clench,1,128,1.0,False,False,8.461579530242622,10.240693471645965,945.8923698067366,43.0,39.0,87.144870285056,89.84375,93.75,117.11911429890796
session_6.csv,session_6,161,10304,10432,5152,5216,20.608,20.864,clench,1,128,1.0,False,False,8.941009659850842,10.988019105248236,965.0846187940314,41.0,40.0,81.93550315987355,82.03125,97.65625,116.2411747709165
session_6.csv,session_6,162,10368,10496,5184,5248,20.736,20.992,clench,1,128,1.0,False,False,9.758903676220376,12.185295373064974,1064.1428218812282,42.0,38.0,84.38619012047288,89.84375,89.84375,93.97816817072868
session_6.csv,session_6,163,10432,10560,5216,5280,20.864,21.12,clench,1,128,1.0,False,False,12.5113706095926,15.211141220182004,1381.0102505934133,42.0,36.0,85.61111436449424,89.84375,89.84375,241.93978769828144
session_6.csv,session_6,164,10496,10624,5248,5312,20.992,21.248,clench,1,128,1.0,False,False,9.88923267646386,13.008627389368852,1075.0794081111999,41.0,35.0,80.805676023841,78.125,78.125,181.57432133887474
session_6.csv,session_6,165,10560,10688,5280,5344,21.12,21.376,clench,1,128,1.0,False,False,10.52279633598464,14.019956596801576,1109.115547829244,40.0,35.0,80.02783396748856,78.125,74.21875,216.8015056415789
session_6.csv,session_6,166,10624,10752,5312,5376,21.248,21.504,clench,1,128,1.0,False,False,13.097610349813067,16.135166127332766,1414.6691718469992,41.0,36.0,80.44899772114252,78.125,78.125,215.58910271925635
session_6.csv,session_6,167,10688,10816,5344,5408,21.376,21.632,clench,1,122,0.953125,True,True,8.512663361957316,10.868233418284868,932.0985000428169,41.0,33.0,78.73838572935817,78.125,78.125,132.4818933429613
session_6.csv,session_6,168,10752,10880,5376,5440,21.504,21.76,relax,0,58,0.453125,True,True,4.15834464449629,5.590747280387684,440.7322580199361,35.0,21.0,84.3185900379394,85.9375,85.9375,28.497930208273942
session_6.csv,session_6,169,10816,10944,5408,5472,21.632,21.888,relax,0,0,0.0,False,True,2.226165876682438,2.849021436677833,233.56965593978626,29.0,15.0,82.10207727970543,78.125,78.125,9.819885278287295
session_6.csv,session_6,170,10880,11008,5440,5504,21.76,22.016,relax,0,0,0.0,False,False,2.128073990570161,2.7354273717506845,227.8920234564398,26.0,15.0,78.68531381620049,78.125,74.21875,7.955605985377715
session_6.csv,session_6,171,10944,11072,5472,5536,21.888,22.144,relax,0,0,0.0,False,False,2.1585300649416355,2.6484634843707004,226.17315805833235,28.0,14.0,77.85092933848733,78.125,82.03125,6.650361732794958
session_6.csv,session_6,172,11008,11136,5504,5568,22.016,22.272,relax,0,0,0.0,False,False,2.1465683617787814,2.571092088383469,233.2671033634485,33.0,17.0,85.40165595028782,89.84375,93.75,4.628392261670524
session_6.csv,session_6,173,11072,11200,5536,5600,22.144,22.4,relax,0,0,0.0,False,False,2.854734812582267,3.4643261089843422,323.33312785179874,40.0,27.0,83.47222070296047,85.9375,89.84375,10.128354790761712
session_6.csv,session_6,174,11136,11264,5568,5632,22.272,22.528,relax,0,19,0.1484375,True,True,5.321109766751258,7.400566873542497,549.152281382223,41.0,29.0,75.92421352875022,74.21875,74.21875,26.98133712069065
session_6.csv,session_6,175,11200,11328,5600,5664,22.4,22.656,clench,1,83,0.6484375,True,True,10.717035930063807,14.458975934980996,1126.6667852550863,40.0,34.0,75.87014241360319,78.125,78.125,214.03869095491737
session_6.csv,session_6,176,11264,11392,5632,5696,22.528,22.784,clench,1,128,1.0,False,True,13.559658961366656,17.050197441067077,1405.0161163141834,39.0,37.0,79.76471140253403,78.125,74.21875,241.75482462599263
session_6.csv,session_6,177,11328,11456,5664,5728,22.656,22.912,clench,1,128,1.0,False,False,11.804164595703881,14.757298156994722,1254.355402002878,38.0,33.0,81.32689240320671,82.03125,78.125,221.51312479281415
session_6.csv,session_6,178,11392,11520,5696,5760,22.784,23.04,clench,1,128,1.0,False,False,9.923330230907865,13.241244658877399,1027.20493571518,37.0,28.0,79.86924540994889,78.125,78.125,316.2000121958228
session_6.csv,session_6,179,11456,11584,5728,5792,22.912,23.168,clench,1,128,1.0,False,False,9.127932896397494,11.94229259832593,935.2908866093395,38.0,28.0,76.69000991228586,74.21875,74.21875,45.72534250976117
session_6.csv,session_6,180,11520,11648,5760,5824,23.04,23.296,clench,1,128,1.0,False,False,9.205628075859394,10.71475881467247,965.5502010848124,40.0,34.0,76.30760134167906,74.21875,74.21875,125.11333651162256
session_6.csv,session_6,181,11584,11712,5792,5856,23.168,23.424,clench,1,128,1.0,False,False,8.365024190781801,10.146499981822467,904.6134453660455,43.0,38.0,88.3801681844545,89.84375,97.65625,117.85455016244161
session_6.csv,session_6,182,11648,11776,5824,5888,23.296,23.552,clench,1,128,1.0,False,False,7.579393003025953,9.844353796684675,836.9109149520399,43.0,34.0,80.44137109417784,82.03125,85.9375,100.69152429724124
session_6.csv,session_6,183,11712,11840,5856,5920,23.424,23.68,clench,1,128,1.0,False,True,5.6301224122661,7.774821796805581,625.70629387041,40.0,25.0,82.61038507831404,82.03125,78.125,44.574086129174226
session_6.csv,session_6,184,11776,11904,5888,5952,23.552,23.808,clench,1,69,0.5390625,True,True,3.0864101832215933,3.7229606268877697,325.2351903798035,35.0,17.0,81.68025832735104,82.03125,82.03125,11.681796309295677
session_6.csv,session_6,185,11840,11968,5920,5984,23.68,23.936,relax,0,5,0.0390625,True,True,2.131382684703582,2.6477176894283434,220.99334840257524,28.0,13.0,77.89695301488896,82.03125,66.40625,6.561331998562967
session_6.csv,session_6,186,11904,12032,5952,6016,23.808,24.064,relax,0,0,0.0,False,False,1.7181029260373946,2.1089913884115994,186.0201250832652,23.0,9.0,79.48368987597222,74.21875,74.21875,4.074061937499033
session_6.csv,session_6,187,11968,12096,5984,6048,23.936,24.192,relax,0,0,0.0,False,False,1.7314727853214462,2.18266173733093,189.8230861211136,19.0,8.0,76.18184279168801,70.3125,66.40625,2.9300117102432273
session_6.csv,session_6,188,12032,12160,6016,6080,24.064,24.32,relax,0,0,0.0,False,False,1.6223255363617741,2.0682329698431556,172.54252611589737,18.0,10.0,80.49399338319769,82.03125,82.03125,3.3176028754981988
session_6.csv,session_6,189,12096,12224,6048,6112,24.192,24.448,relax,0,0,0.0,False,False,1.7095786435250644,2.185882839154265,190.3255483565466,24.0,15.0,77.62667886833428,78.125,74.21875,7.061466719508939
session_6.csv,session_6,190,12160,12288,6080,6144,24.32,24.576,relax,0,0,0.0,False,False,1.831462230901971,2.325500037262132,198.06378289969882,28.0,15.0,83.09410213318719,85.9375,97.65625,4.7285380307366776
session_6.csv,session_6,191,12224,12352,6112,6176,24.448,24.704,relax,0,0,0.0,False,True,2.9066679200012024,3.8756834938112408,306.41865919944337,32.0,19.0,78.88334463227478,78.125,78.125,10.909154113005913
session_6.csv,session_6,192,12288,12416,6144,6208,24.576,24.832,relax,0,46,0.359375,True,True,11.264663908935672,16.956363851438432,1164.1978963398913,40.0,31.0,78.80110554445258,78.125,78.125,138.1187687551709
session_6.csv,session_6,193,12352,12480,6176,6240,24.704,24.96,clench,1,110,0.859375,True,True,20.740828581349017,26.2775619182224,2204.444639479869,43.0,39.0,82.72899666361495,78.125,97.65625,495.0890842127228
session_6.csv,session_6,194,12416,12544,6208,6272,24.832,25.088,clench,1,128,1.0,False,False,16.088678795410893,22.116509620155927,1788.1463532205416,46.0,42.0,79.69738453782558,78.125,74.21875,615.1059090427093
session_6.csv,session_6,195,12480,12608,6240,6304,24.96,25.216,clench,1,128,1.0,False,False,12.185859125007962,15.258485735227524,1321.186759623722,45.0,40.0,82.97526154486458,85.9375,89.84375,263.61964194178125
session_6.csv,session_6,196,12544,12672,6272,6336,25.088,25.344,clench,1,128,1.0,False,False,13.490603087456421,16.40281586254216,1425.535633501637,42.0,36.0,79.66106397874924,78.125,78.125,284.38053032681046
session_6.csv,session_6,197,12608,12736,6304,6368,25.216,25.472,clench,1,128,1.0,False,True,10.525297465800243,13.382902826859521,1186.4813892978848,43.0,38.0,81.85296795124661,82.03125,85.9375,100.99567988600104
session_6.csv,session_6,198,12672,12800,6336,6400,25.344,25.6,clench,1,88,0.6875,True,True,6.451208561616327,8.960705407252854,739.8943295201683,39.0,31.0,83.82146545505357,85.9375,93.75,108.36303082042393
session_6.csv,session_6,199,12736,12864,6368,6432,25.472,25.728,relax,0,24,0.1875,True,True,2.563883748255779,3.6167627374886626,277.76589763427114,25.0,15.0,73.65248341051444,74.21875,74.21875,7.923421570249386
session_6.csv,session_6,200,12800,12928,6400,6464,25.6,25.856,relax,0,0,0.0,False,False,1.5817354881140773,2.076668421565304,163.49812567459247,18.0,7.0,78.27549071931274,78.125,74.21875,4.685145420909558
session_6.csv,session_6,201,12864,12992,6432,6496,25.728,25.984,relax,0,0,0.0,False,False,1.4475827495599292,1.9088146770028298,154.67883313752688,15.0,7.0,79.26941327079275,78.125,74.21875,2.81820868820388
session_6.csv,session_6,202,12928,13056,6464,6528,25.856,26.112,relax,0,0,0.0,False,False,1.3504579959973024,1.7489591233131192,146.86864470001564,16.0,8.0,82.0601838156649,85.9375,97.65625,2.621971894397607
session_6.csv,session_6,203,12992,13120,6496,6560,25.984,26.24,relax,0,0,0.0,False,False,1.83037683969548,2.2722239071193853,195.75300160606028,29.0,15.0,82.09189026391097,82.03125,82.03125,4.577415838881347
session_6.csv,session_6,204,13056,13184,6528,6592,26.112,26.368,relax,0,0,0.0,False,False,2.624601170431183,3.1251054630528614,277.34449091956526,36.0,21.0,75.83457713914021,74.21875,74.21875,8.910095570927963
session_6.csv,session_6,205,13120,13248,6560,6624,26.24,26.496,relax,0,14,0.109375,True,True,3.155964752104712,3.747719084440493,342.2776906794471,38.0,23.0,83.10620985945886,85.9375,85.9375,14.050212157205245
session_6.csv,session_6,206,13184,13312,6592,6656,26.368,26.624,clench,1,78,0.609375,True,True,7.473606098330098,11.273139624435807,817.3720150308717,38.0,28.0,82.94799175205759,82.03125,82.03125,38.823534510433554
session_6.csv,session_6,207,13248,13376,6624,6688,26.496,26.752,clench,1,128,1.0,False,True,15.309110095521458,18.953054663740115,1633.3995507755726,41.0,35.0,83.55253703571769,85.9375,85.9375,473.8992294101394
session_6.csv,session_6,208,13312,13440,6656,6720,26.624,26.88,clench,1,128,1.0,False,False,16.77722077561286,19.691875836203057,1762.7044776407306,41.0,35.0,82.21982834654116,85.9375,89.84375,299.101866130399
session_6.csv,session_6,209,13376,13504,6688,6752,26.752,27.008,clench,1,128,1.0,False,False,15.298866419463414,18.876143745607827,1725.3635050360515,44.0,40.0,82.75178213430802,78.125,74.21875,464.89581122487596
session_6.csv,session_6,210,13440,13568,6720,6784,26.88,27.136,clench,1,128,1.0,False,False,17.01907561896824,22.016941060635112,1840.71342880865,42.0,40.0,85.55988207795623,85.9375,97.65625,189.5309669265307
session_6.csv,session_6,211,13504,13632,6752,6816,27.008,27.264,clench,1,128,1.0,False,False,16.401238898573247,21.447876672771535,1751.8499023782203,42.0,38.0,78.61310867701272,74.21875,74.21875,783.5922371047154
session_6.csv,session_6,212,13568,13696,6784,6848,27.136,27.392,clench,1,128,1.0,False,False,13.548119721238727,17.26623704943197,1409.7581007319513,41.0,33.0,77.465912008338,74.21875,74.21875,118.73020229939789
session_6.csv,session_6,213,13632,13760,6816,6880,27.264,27.52,clench,1,128,1.0,False,False,11.687360386106175,14.531135522702218,1253.1043301376262,38.0,30.0,80.70985257962563,78.125,78.125,149.54856319360118
session_6.csv,session_6,214,13696,13824,6848,6912,27.392,27.648,clench,1,128,1.0,False,False,11.378271815917731,14.226586087571244,1207.8089243067398,37.0,33.0,76.50256832461005,78.125,78.125,241.11109320167202
session_6.csv,session_6,215,13760,13888,6880,6944,27.52,27.776,clench,1,128,1.0,False,False,9.425388875912205,11.779396149712989,955.9370381020907,36.0,29.0,75.98923209295813,74.21875,74.21875,115.79857729127767
session_6.csv,session_6,216,13824,13952,6912,6976,27.648,27.904,clench,1,128,1.0,False,False,7.2760327997178305,9.175401510324152,744.1130153565156,37.0,28.0,80.18299478643213,82.03125,70.3125,132.4222197250585
session_6.csv,session_6,217,13888,14016,6944,7008,27.776,28.032,clench,1,128,1.0,False,False,5.133964808061107,7.561460114121318,537.7430960166016,34.0,23.0,83.19744353085584,85.9375,85.9375,12.237915744416343
session_6.csv,session_6,218,13952,14080,6976,7040,27.904,28.16,clench,1,106,0.828125,True,True,4.361721353189644,5.975151874086007,495.398464510873,36.0,27.0,85.06230752562209,89.84375,93.75,36.517785803934515
session_6.csv,session_6,219,14016,14144,7008,7072,28.032,28.288,relax,0,42,0.328125,True,True,3.90386220257024,5.744620863505779,450.83791351401675,33.0,26.0,86.82304809963762,93.75,97.65625,15.562239649997288
session_6.csv,session_6,220,14080,14208,7040,7104,28.16,28.416,relax,0,0,0.0,False,True,2.988483761415168,3.964161392150404,310.9891938024686,31.0,19.0,74.46009451603022,74.21875,74.21875,24.47600038809771
session_6.csv,session_6,221,14144,14272,7072,7136,28.288,28.544,relax,0,0,0.0,False,False,3.151061537216541,3.995125914249583,316.9150710968547,34.0,17.0,76.09847788919465,78.125,78.125,12.242271098195692
session_6.csv,session_6,222,14208,14336,7104,7168,28.416,28.672,relax,0,0,0.0,False,False,2.060305249222729,2.5847481751646413,227.50781668759566,31.0,17.0,86.8370734795453,89.84375,89.84375,9.761087533972866
session_6.csv,session_6,223,14272,14400,7136,7200,28.544,28.8,relax,0,0,0.0,False,False,2.1116097409552235,2.7205727530125157,239.17116942467192,29.0,18.0,85.83662155414842,93.75,97.65625,4.419602876090179
session_6.csv,session_6,224,14336,14464,7168,7232,28.672,28.928,relax,0,9,0.0703125,True,True,2.442013715164445,3.2047088414395577,252.96052581863177,30.0,15.0,85.5120333315416,85.9375,82.03125,6.174142140197803
session_6.csv,session_6,225,14400,14528,7200,7264,28.8,29.056,clench,1,73,0.5703125,True,True,11.254735543265806,17.752582437057224,1194.8312875523648,37.0,28.0,78.0802305912213,78.125,74.21875,195.29524172599344
session_6.csv,session_6,226,14464,14592,7232,7296,28.928,29.184,clench,1,128,1.0,False,True,19.54861074410517,23.770906542113188,2126.847769460812,42.0,39.0,81.15243650341323,82.03125,82.03125,527.8847220912156
session_6.csv,session_6,227,14528,14656,7264,7328,29.056,29.312,clench,1,128,1.0,False,False,15.642218568259903,19.01599926097818,1737.9943536060389,42.0,36.0,80.47506394472127,78.125,89.84375,456.21567324089943
session_6.csv,session_6,228,14592,14720,7296,7360,29.184,29.44,clench,1,128,1.0,False,False,10.534281247888988,12.968202687669141,1196.8413350603887,43.0,36.0,86.00985478374534,89.84375,89.84375,126.42909690251678
session_6.csv,session_6,229,14656,14784,7328,7392,29.312,29.568,clench,1,128,1.0,False,False,8.835835826274616,10.991694264725938,1012.9733775785038,45.0,38.0,89.18434559898532,85.9375,85.9375,117.77266718007687
session_6.csv,session_6,230,14720,14848,7360,7424,29.44,29.696,clench,1,95,0.7421875,True,True,7.215236857251725,9.014739823201202,795.3562781799516,43.0,36.0,82.4196392894347,82.03125,97.65625,49.869219763311406
session_6.csv,session_6,231,14784,14912,7392,7456,29.568,29.824,relax,0,31,0.2421875,True,True,4.10209711305212,5.27867396898476,433.41491790786506,36.0,25.0,77.01909334600779,78.125,78.125,26.029689253821235
session_6.csv,session_6,232,14848,14976,7424,7488,29.696,29.952,relax,0,0,0.0,False,False,2.338182075272529,3.079843578079086,258.5681877021075,28.0,17.0,86.10377258719419,85.9375,93.75,7.669605915300249
session_6.csv,session_6,233,14912,15040,7456,7520,29.824,30.08,relax,0,0,0.0,False,False,2.6248330582561024,3.362921370413983,288.272176776741,28.0,16.0,80.06041604481491,82.03125,85.9375,11.144409043982302
session_6.csv,session_6,234,14976,15104,7488,7552,29.952,30.208,relax,0,0,0.0,False,False,2.5722919100997585,3.149221882394236,271.92187992849375,29.0,14.0,80.92558008928809,85.9375,85.9375,8.297811750412675
session_6.csv,session_6,235,15040,15168,7520,7584,30.08,30.336,relax,0,0,0.0,False,False,1.952245714998618,2.4323576782064307,200.6671211376647,25.0,11.0,77.90139446308356,74.21875,74.21875,3.9228984598542644
session_6.csv,session_6,236,15104,15232,7552,7616,30.208,30.464,relax,0,0,0.0,False,False,2.068344208910043,2.586597400502152,215.0299862990362,27.0,11.0,82.43656823040033,82.03125,82.03125,8.529337277288034
session_6.csv,session_6,237,15168,15296,7584,7648,30.336,30.592,relax,0,8,0.0625,True,True,4.291399686845361,5.872795706805122,452.7737448918262,34.0,21.0,77.60343098534615,74.21875,70.3125,14.3383230530398
session_6.csv,session_6,238,15232,15360,7616,7680,30.464,30.72,clench,1,72,0.5625,True,True,8.868419150150732,11.898540651565089,989.7062746538169,40.0,35.0,83.48182417596219,85.9375,85.9375,87.54612076311139
session_6.csv,session_6,239,15296,15424,7648,7712,30.592,30.848,clench,1,128,1.0,False,True,12.491140730096383,15.379863031202053,1406.3380166291934,42.0,37.0,82.49582183345535,82.03125,82.03125,298.78790016315907
session_6.csv,session_6,240,15360,15488,7680,7744,30.72,30.976,clench,1,128,1.0,False,False,12.879991945706175,15.511358046802082,1434.735356995983,43.0,37.0,84.66256967930727,85.9375,89.84375,185.53404754052733
session_6.csv,session_6,241,15424,15552,7712,7776,30.848,31.104,clench,1,128,1.0,False,False,12.851003078248972,15.948343069914129,1468.1755273592505,43.0,40.0,88.15781010105985,89.84375,89.84375,388.9927490614041
session_6.csv,session_6,242,15488,15616,7744,7808,30.976,31.232,clench,1,128,1.0,False,False,13.461837877241095,16.721113719666143,1497.979731220298,43.0,41.0,82.41525459306442,85.9375,85.9375,247.73957140683248
session_6.csv,session_6,243,15552,15680,7776,7840,31.104,31.36,clench,1,128,1.0,False,False,12.433313251062186,15.400116158366954,1327.7140232567579,43.0,38.0,80.25201509330381,78.125,85.9375,264.49114841679136
session_6.csv,session_6,244,15616,15744,7808,7872,31.232,31.488,clench,1,107,0.8359375,True,True,10.211018028554706,12.715234536262095,1112.9107786181785,44.0,35.0,82.95372466135659,82.03125,85.9375,117.83907271048294
session_6.csv,session_6,245,15680,15808,7840,7904,31.36,31.616,relax,0,43,0.3359375,True,True,5.867876176209956,8.405764823019156,644.8449654126636,43.0,30.0,88.25044628762058,89.84375,97.65625,32.9237589375514
session_6.csv,session_6,246,15744,15872,7872,7936,31.488,31.744,relax,0,0,0.0,False,True,2.330925230981266,2.9361190518438463,261.52218941408915,33.0,20.0,87.266074053109,89.84375,85.9375,7.760027427981751
session_6.csv,session_6,247,15808,15936,7904,7968,31.616,31.872,relax,0,0,0.0,False,False,2.095913028937017,2.6311492910902534,225.4433579452329,27.0,14.0,85.39483518676782,85.9375,85.9375,9.054616505801675
session_6.csv,session_6,248,15872,16000,7936,8000,31.744,32.0,relax,0,0,0.0,False,False,2.512648312913253,3.236368510286875,277.8488392223616,28.0,16.0,84.95565029827326,85.9375,85.9375,12.92544898420973
session_6.csv,session_6,249,15936,16064,7968,8032,31.872,32.128,relax,0,0,0.0,False,False,2.4720093625179382,3.1655519677977604,269.54414251843616,27.0,16.0,84.34915352841989,85.9375,93.75,2.994994318692174
session_6.csv,session_6,250,16000,16128,8000,8064,32.0,32.256,relax,0,0,0.0,False,False,2.3615444748361982,2.9478107632644956,265.1957657763106,33.0,21.0,85.20345244685348,82.03125,82.03125,7.420820414196702
session_6.csv,session_6,251,16064,16192,8032,8096,32.128,32.384,relax,0,0,0.0,False,False,2.520969174732911,3.2485028858508875,295.1215543079595,39.0,26.0,86.68327659978026,89.84375,89.84375,9.720330912625585
session_6.csv,session_6,252,16128,16256,8064,8128,32.256,32.512,relax,0,1,0.0078125,True,True,5.084605798866363,8.177576445184728,542.0687607006194,42.0,29.0,84.887445234776,89.84375,89.84375,28.6934758611287
session_6.csv,session_6,253,16192,16320,8096,8160,32.384,32.64,clench,1,65,0.5078125,True,True,16.63115212790687,25.156893824328566,1756.870091907377,44.0,37.0,79.42562944850204,78.125,74.21875,1145.6593641836876
session_6.csv,session_6,254,16256,16384,8128,8192,32.512,32.768,clench,1,128,1.0,False,True,22.47485151140244,29.375318497338323,2286.3353427326065,41.0,36.0,79.4222641442546,78.125,74.21875,742.3302957043221
session_6.csv,session_6,255,16320,16448,8160,8224,32.64,32.896,clench,1,128,1.0,False,False,15.800968382197432,20.17581706951902,1658.056617887762,42.0,34.0,81.96397499229487,82.03125,85.9375,390.4509100177142
session_6.csv,session_6,256,16384,16512,8192,8256,32.768,33.024,clench,1,126,0.984375,True,True,9.074104849108021,12.127115621020131,1004.2111084579308,41.0,33.0,76.27082442262325,74.21875,70.3125,66.69841825796266
session_6.csv,session_6,257,16448,16576,8224,8288,32.896,33.152,relax,0,62,0.484375,True,True,4.256519460833947,6.0353463077289105,488.3253282397979,38.0,27.0,84.82153819844854,85.9375,93.75,60.66561698429692
session_6.csv,session_6,258,16512,16640,8256,8320,33.024,33.28,relax,0,0,0.0,False,True,2.566071889418426,3.107974005883954,268.5391316994081,30.0,15.0,77.38980139292754,74.21875,70.3125,7.252682872784667
session_6.csv,session_6,259,16576,16704,8288,8352,33.152,33.408,relax,0,0,0.0,False,False,2.2139032607321316,2.67233099851033,226.6302156518626,28.0,12.0,74.96971314800112,70.3125,70.3125,7.487343986777627
session_6.csv,session_6,260,16640,16768,8320,8384,33.28,33.536,relax,0,0,0.0,False,False,2.055398540387814,2.5605836061357006,210.29817435180374,25.0,12.0,78.1249181406453,78.125,85.9375,3.546192429749272
session_6.csv,session_6,261,16704,16832,8352,8416,33.408,33.664,relax,0,0,0.0,False,False,2.550818758634609,3.231989691826282,269.81779965398425,27.0,17.0,82.03097777386616,82.03125,78.125,14.905644405580034
session_6.csv,session_6,262,16768,16896,8384,8448,33.536,33.792,relax,0,0,0.0,False,False,2.8021798270632483,3.4299420704022103,288.898880644431,32.0,17.0,76.99321155405156,74.21875,74.21875,8.646240588081573
session_6.csv,session_6,263,16832,16960,8416,8480,33.664,33.92,relax,0,0,0.0,False,False,2.7295956308397704,3.2695670253118116,278.7042489542213,34.0,15.0,82.40148033166015,78.125,74.21875,13.089710218891883
session_6.csv,session_6,264,16896,17024,8448,8512,33.792,34.048,relax,0,11,0.0859375,True,True,2.7912774924940993,3.691901236188575,270.7844750489954,33.0,13.0,81.27619663482965,78.125,78.125,8.740766260465989
session_6.csv,session_6,265,16960,17088,8480,8544,33.92,34.176,clench,1,75,0.5859375,True,True,14.520609901859386,22.189401807896065,1525.1939346323234,36.0,26.0,85.73552213277442,85.9375,85.9375,214.83164852219048
session_6.csv,session_6,266,17024,17152,8512,8576,34.048,34.304,clench,1,128,1.0,False,True,20.774247032872083,25.419084075776684,2259.9268485479324,42.0,41.0,84.40705890708368,85.9375,85.9375,932.8334576871417
session_6.csv,session_6,267,17088,17216,8544,8608,34.176,34.432,clench,1,128,1.0,False,False,12.701754855094212,15.585044987546803,1354.6920365133328,40.0,36.0,79.4753552630488,78.125,78.125,196.31444801509866
session_6.csv,session_6,268,17152,17280,8576,8640,34.304,34.56,clench,1,128,1.0,False,False,10.297159967333817,12.68684302823297,1120.9142847736848,43.0,37.0,79.36625845247984,78.125,78.125,177.79194004216023
session_6.csv,session_6,269,17216,17344,8608,8672,34.432,34.688,clench,1,128,1.0,False,False,13.70014111630207,16.96178965104918,1441.9764129475575,43.0,37.0,82.97975608764384,82.03125,82.03125,370.70788767024726
session_6.csv,session_6,270,17280,17408,8640,8704,34.56,34.816,clench,1,128,1.0,False,False,11.509083201486224,15.336433919266288,1213.1562335983729,41.0,33.0,78.43885769422361,82.03125,85.9375,120.37396777713475
session_6.csv,session_6,271,17344,17472,8672,8736,34.688,34.944,clench,1,128,1.0,False,False,7.263790934153852,8.72523664663538,780.6292834653684,40.0,34.0,82.1881101022069,82.03125,82.03125,81.9733003676862
session_6.csv,session_6,272,17408,17536,8704,8768,34.816,35.072,clench,1,128,1.0,False,False,10.153479174739811,12.951862129009935,1158.0135278684913,42.0,41.0,78.07716050240803,78.125,78.125,88.50477526013196
session_6.csv,session_6,273,17472,17600,8736,8800,34.944,35.2,clench,1,128,1.0,False,False,12.759166096846569,15.854537026251728,1405.36030208309,42.0,41.0,83.68468608743461,85.9375,89.84375,322.51855887966207
session_6.csv,session_6,274,17536,17664,8768,8832,35.072,35.328,clench,1,128,1.0,False,False,10.469936856934837,13.50576006833822,1123.0290204902528,42.0,37.0,80.0947655155268,78.125,74.21875,202.62402430979003
session_6.csv,session_6,275,17600,17728,8800,8864,35.2,35.456,clench,1,128,1.0,False,False,8.804338375097982,10.871202131309303,932.1319865364128,42.0,34.0,79.29741055396543,78.125,78.125,98.14893111169944
session_6.csv,session_6,276,17664,17792,8832,8896,35.328,35.584,clench,1,128,1.0,False,False,8.458426849172866,9.981112080117136,880.3016219531256,40.0,33.0,79.91732104465915,78.125,78.125,80.57870311038624
session_6.csv,session_6,277,17728,17856,8864,8928,35.456,35.712,clench,1,128,1.0,False,False,12.49989062562159,17.201558036260977,1373.6465221737103,41.0,35.0,80.1585757341756,78.125,74.21875,344.15587935430045
session_6.csv,session_6,278,17792,17920,8896,8960,35.584,35.84,clench,1,128,1.0,False,False,12.887708598806388,17.709317090478912,1462.6358543458073,42.0,35.0,84.16065852983618,85.9375,89.84375,163.5867325471478
session_6.csv,session_6,279,17856,17984,8928,8992,35.712,35.968,clench,1,128,1.0,False,False,8.848050331878227,11.747023600413378,955.1114463162356,40.0,32.0,79.24613829267747,78.125,82.03125,157.13532387664776
session_6.csv,session_6,280,17920,18048,8960,9024,35.84,36.096,clench,1,128,1.0,False,True,7.301181492935613,10.219271212740127,792.7856220547966,38.0,32.0,81.99147002979782,78.125,74.21875,72.72480042927467
session_6.csv,session_6,281,17984,18112,8992,9056,35.968,36.224,clench,1,77,0.6015625,True,True,3.352342038390047,4.498264975947228,378.7335735409434,37.0,26.0,81.2504827645203,82.03125,78.125,9.271337671331384
session_6.csv,session_6,282,18048,18176,9024,9088,36.096,36.352,relax,0,13,0.1015625,True,True,2.1296819339960784,2.674996143196502,244.18524468688588,32.0,20.0,89.65881734789593,93.75,97.65625,6.107995655055103
session_6.csv,session_6,283,18112,18240,9056,9120,36.224,36.48,relax,0,0,0.0,False,False,1.9730863723663432,2.413713600670202,211.53885723797094,29.0,13.0,81.03108308667537,78.125,78.125,5.840199137812342
session_6.csv,session_6,284,18176,18304,9088,9152,36.352,36.608,relax,0,0,0.0,False,False,2.203945961625954,2.6338359279381534,237.52463380258652,33.0,15.0,82.72875514727525,82.03125,93.75,5.213857766718789
session_6.csv,session_6,285,18240,18368,9120,9184,36.48,36.736,relax,0,0,0.0,False,False,2.020526974488549,2.472451896671716,222.86290340681578,30.0,16.0,76.20672852993664,74.21875,74.21875,7.502109638329595
session_6.csv,session_6,286,18304,18432,9152,9216,36.608,36.864,relax,0,0,0.0,False,False,1.5298226174906646,1.8618503345445045,172.27217731884298,24.0,12.0,85.25680606387594,93.75,97.65625,2.9645612172048628
session_6.csv,session_6,287,18368,18496,9184,9248,36.736,36.992,relax,0,0,0.0,False,False,1.5451765988630521,1.8899320180586408,167.22914929685842,22.0,10.0,77.05658290950147,74.21875,85.9375,1.7006754760793374
session_6.csv,session_6,288,18432,18560,9216,9280,36.864,37.12,relax,0,0,0.0,False,False,1.6510332845549074,2.01415803950253,188.50143188112983,27.0,14.0,88.72446951402708,89.84375,93.75,5.035144661467406
session_6.csv,session_6,289,18496,18624,9248,9312,36.992,37.248,relax,0,0,0.0,False,False,1.490720847052386,1.8089858458323,167.9746012493058,26.0,14.0,81.35546579891717,85.9375,85.9375,2.590618975640704
session_6.csv,session_6,290,18560,18688,9280,9344,37.12,37.376,relax,0,0,0.0,False,False,1.6251136181598227,2.1027408333949498,178.45010387852707,26.0,15.0,84.04289629796729,85.9375,97.65625,1.8618421434888646
session_6.csv,session_6,291,18624,18752,9312,9376,37.248,37.504,relax,0,0,0.0,False,False,1.8811784604895458,2.322702272524515,207.01892591986243,29.0,13.0,83.36334028077289,85.9375,89.84375,6.260267743938725
session_6.csv,session_6,292,18688,18816,9344,9408,37.376,37.632,relax,0,0,0.0,False,False,2.0186798603084295,2.3974892591356163,207.7500099688725,27.0,11.0,80.30516258041742,78.125,78.125,5.739509344636871
session_6.csv,session_6,293,18752,18880,9376,9440,37.504,37.76,relax,0,0,0.0,False,False,1.951479441716484,2.378409084908128,204.49914694476783,24.0,11.0,79.75219092354686,82.03125,82.03125,5.371536187158459
session_6.csv,session_6,294,18816,18944,9408,9472,37.632,37.888,relax,0,0,0.0,False,False,1.7415028130065648,2.154007999419745,190.65171297498466,25.0,12.0,80.94687126480217,82.03125,78.125,4.122324342308044
session_6.csv,session_6,295,18880,19008,9440,9504,37.76,38.016,relax,0,0,0.0,False,False,1.898795416374188,2.3577077314091297,202.12009916354918,28.0,16.0,80.70498695343548,78.125,78.125,3.365347755894628
session_6.csv,session_6,296,18944,19072,9472,9536,37.888,38.144,relax,0,0,0.0,False,False,1.8200322693779203,2.3183929729798547,205.31153575991976,24.0,15.0,79.12620471382155,82.03125,82.03125,7.8537990283555015
session_6.csv,session_6,297,19008,19136,9504,9568,38.016,38.272,relax,0,0,0.0,False,False,1.999450205257341,2.5975907153436752,233.1125422426412,30.0,20.0,89.9808995863107,93.75,93.75,5.645271196966161
session_6.csv,session_6,298,19072,19200,9536,9600,38.144,38.4,relax,0,27,0.2109375,True,True,8.634015515779737,15.091102319790568,951.4717830315124,40.0,31.0,80.21833963363618,78.125,78.125,38.166734386881615
session_6.csv,session_6,299,19136,19264,9568,9632,38.272,38.528,clench,1,91,0.7109375,True,True,17.28567201729208,22.277920406811543,1802.2047627509764,40.0,35.0,79.03108139039993,78.125,78.125,707.7725769723282
session_6.csv,session_6,300,19200,19328,9600,9664,38.4,38.656,clench,1,128,1.0,False,False,16.942587318558065,20.197238629766293,1709.5490224579128,41.0,36.0,81.40274776918896,82.03125,82.03125,264.28695590309036
session_6.csv,session_6,301,19264,19392,9632,9696,38.528,38.784,clench,1,128,1.0,False,False,11.65253206055921,13.872336103848266,1221.6413090334074,41.0,38.0,76.64309356562305,78.125,78.125,211.25809145320272
session_6.csv,session_6,302,19328,19456,9664,9728,38.656,38.912,clench,1,128,1.0,False,False,9.639159147133299,11.516064288505376,1024.4382459398846,40.0,37.0,80.55895065620456,78.125,74.21875,146.58197526382105
session_6.csv,session_6,303,19392,19520,9696,9760,38.784,39.04,clench,1,128,1.0,False,False,10.563382550573923,13.022294844326986,1122.8950604192987,38.0,37.0,78.27458162962498,82.03125,82.03125,127.9303471056439
session_6.csv,session_6,304,19456,19584,9728,9792,38.912,39.168,clench,1,128,1.0,False,False,11.066410497473889,13.301869794024853,1218.6907759698172,39.0,36.0,78.63131295977702,78.125,78.125,194.10981677885243
session_6.csv,session_6,305,19520,19648,9760,9824,39.04,39.296,clench,1,128,1.0,False,False,8.880773900866082,10.809114886370393,929.3019278506905,38.0,32.0,81.36894184922774,82.03125,78.125,96.17185989642913
session_6.csv,session_6,306,19584,19712,9792,9856,39.168,39.424,clench,1,128,1.0,False,False,6.256187668853082,7.838578858285656,656.749532047767,37.0,27.0,76.23329030371684,74.21875,74.21875,64.85841993005945
session_6.csv,session_6,307,19648,19776,9824,9888,39.296,39.552,clench,1,128,1.0,False,False,5.2637172140083415,7.004056441056151,578.8492667075755,39.0,27.0,81.84256505838832,82.03125,85.9375,47.81532612271882
session_6.csv,session_6,308,19712,19840,9856,9920,39.424,39.68,clench,1,91,0.7109375,True,True,3.7271701899405265,5.321755375165105,421.7106654267972,36.0,24.0,82.57434388477986,82.03125,78.125,38.80134321618172
session_6.csv,session_6,309,19776,19904,9888,9952,39.552,39.808,relax,0,27,0.2109375,True,True,2.4810438412315174,3.126375540093542,262.39027119690445,29.0,17.0,77.1504539622147,78.125,85.9375,6.967509398784762
session_6.csv,session_6,310,19840,19968,9920,9984,39.68,39.936,relax,0,0,0.0,False,False,2.2853470869991876,2.8866212963875646,255.8068558834331,28.0,16.0,87.29821954755518,85.9375,93.75,5.774368071400039
session_6.csv,session_6,311,19904,20032,9952,10016,39.808,40.064,relax,0,0,0.0,False,False,2.068585568426265,2.6060251541792274,227.77019374524144,28.0,14.0,81.30101265062744,78.125,78.125,7.627113296535425
session_6.csv,session_6,312,19968,20096,9984,10048,39.936,40.192,relax,0,0,0.0,False,False,1.9830982281932896,2.4974987448934765,211.9975904903669,26.0,14.0,77.26315826240068,74.21875,70.3125,3.5383627799468074
session_6.csv,session_6,313,20032,20160,10016,10080,40.064,40.32,relax,0,0,0.0,False,False,1.9398659853133553,2.473770357302813,216.83925420342828,26.0,13.0,83.07395535630123,82.03125,85.9375,9.513636697585785
session_6.csv,session_6,314,20096,20224,10048,10112,40.192,40.448,relax,0,0,0.0,False,False,2.3708554242200717,3.055788326290928,250.29681830822108,30.0,13.0,81.49779090512274,82.03125,89.84375,6.155098593847234
session_6.csv,session_6,315,20160,20288,10080,10144,40.32,40.576,relax,0,0,0.0,False,False,2.1155494226889027,2.88923090766328,221.7629621075306,23.0,11.0,80.18784061906103,82.03125,82.03125,8.809634531708182
session_6.csv,session_6,316,20224,20352,10112,10176,40.448,40.704,relax,0,0,0.0,False,False,1.343103677154687,1.7205905359938043,145.9719130993303,18.0,7.0,75.38015212431637,74.21875,70.3125,2.1086219695160047
session_6.csv,session_6,317,20288,20416,10144,10208,40.576,40.832,relax,0,0,0.0,False,False,1.6326896449186488,2.0662437889017666,183.06451708125752,28.0,13.0,82.46681407774571,82.03125,97.65625,3.3856419849598827
session_6.csv,session_6,318,20352,20480,10176,10240,40.704,40.96,relax,0,0,0.0,False,False,1.69650073102587,2.1004916357876353,189.0428664336372,29.0,14.0,80.91185828814773,78.125,78.125,5.407615874084898
session_6.csv,session_6,319,20416,20544,10208,10272,40.832,41.088,relax,0,0,0.0,False,False,1.4817422834799656,1.856443079242388,160.43446216912304,20.0,10.0,83.12723868542672,85.9375,85.9375,2.28363986809269
session_6.csv,session_6,320,20480,20608,10240,10304,40.96,41.216,relax,0,0,0.0,False,False,1.7318726761258447,2.1102574315023155,182.07313339048744,24.0,11.0,78.75825237613171,78.125,66.40625,5.705804054121561
session_6.csv,session_6,321,20544,20672,10272,10336,41.088,41.344,relax,0,36,0.28125,True,True,2.9749474960351208,3.9026859989690137,328.66475805453126,39.0,23.0,81.06907397095107,82.03125,93.75,6.221021953581431
session_6.csv,session_6,322,20608,20736,10304,10368,41.216,41.472,clench,1,100,0.78125,True,True,19.587326410042564,29.154193775180232,2006.7997902264656,40.0,35.0,77.57907082780983,78.125,74.21875,690.8102146347303
session_6.csv,session_6,323,20672,20800,10336,10400,41.344,41.6,clench,1,128,1.0,False,False,28.52833011593427,34.10130028108701,2890.6972861457525,40.0,37.0,77.09647348337452,78.125,74.21875,1121.9892766200721
session_6.csv,session_6,324,20736,20864,10368,10432,41.472,41.728,clench,1,128,1.0,False,False,19.305348637310757,23.05168717385956,1930.973617560685,39.0,37.0,76.73993129673926,74.21875,70.3125,718.1047040969289
session_6.csv,session_6,325,20800,20928,10400,10464,41.6,41.856,clench,1,128,1.0,False,False,11.01030942361188,15.105987754966046,1097.0140916168862,38.0,34.0,80.02844362359686,78.125,78.125,187.05507775748248
session_6.csv,session_6,326,20864,20992,10432,10496,41.728,41.984,clench,1,128,1.0,False,False,10.647722868613819,14.886472913120873,1164.23690360579,38.0,36.0,79.32675896351809,78.125,74.21875,215.4049413342756
session_6.csv,session_6,327,20928,21056,10464,10528,41.856,42.112,clench,1,128,1.0,False,False,11.358581037126603,15.228333933586422,1233.3759806820601,41.0,37.0,79.82613308457236,82.03125,82.03125,158.25699085841688
session_6.csv,session_6,328,20992,21120,10496,10560,41.984,42.24,clench,1,128,1.0,False,False,6.590530938493993,8.175546485848951,699.6362239288893,42.0,34.0,82.57479709812733,85.9375,93.75,67.5241904923403
session_6.csv,session_6,329,21056,21184,10528,10592,42.112,42.368,clench,1,128,1.0,False,False,7.7827477385659005,9.616919481516161,866.8446728023596,41.0,36.0,84.57237123552534,89.84375,89.84375,72.69428580895038
session_6.csv,session_6,330,21120,21248,10560,10624,42.24,42.496,clench,1,128,1.0,False,False,9.355444136860577,11.446645364447184,1034.3285230512322,42.0,39.0,87.302658434209,89.84375,97.65625,126.98255735245415
session_6.csv,session_6,331,21184,21312,10592,10656,42.368,42.624,clench,1,128,1.0,False,False,10.719479400084925,13.674445126339105,1108.8541921039846,40.0,36.0,79.57225924732045,78.125,74.21875,167.47336864293635
session_6.csv,session_6,332,21248,21376,10624,10688,42.496,42.752,clench,1,128,1.0,False,False,11.640188373557478,15.176205652198739,1216.3850579374903,37.0,31.0,79.30021313675508,78.125,78.125,381.4743836453985
session_6.csv,session_6,333,21312,21440,10656,10720,42.624,42.88,clench,1,128,1.0,False,False,8.827742100615257,12.018236704857209,950.6708354498131,39.0,31.0,80.5991663112099,82.03125,70.3125,81.99798442743811
session_6.csv,session_6,334,21376,21504,10688,10752,42.752,43.008,clench,1,115,0.8984375,True,True,4.810248392410381,6.286101349855644,511.8945056478362,35.0,25.0,80.30225260450656,82.03125,93.75,23.432704542840998
session_6.csv,session_6,335,21440,21568,10720,10784,42.88,43.136,relax,0,51,0.3984375,True,True,2.9855332409155735,3.928787215566929,316.98435540222204,34.0,20.0,77.51749565338883,82.03125,85.9375,12.11476617506828
session_6.csv,session_6,336,21504,21632,10752,10816,43.008,43.264,relax,0,0,0.0,False,True,2.051941220082932,2.4315524624681264,217.97673079962382,34.0,17.0,81.10866133634131,82.03125,78.125,4.595088061939768
session_6.csv,session_6,337,21568,21696,10784,10848,43.136,43.392,relax,0,0,0.0,False,False,1.9829294054773428,2.470360061597398,213.21117682900092,28.0,14.0,83.09926221896963,85.9375,93.75,7.4549932957164255
session_6.csv,session_6,338,21632,21760,10816,10880,43.264,43.52,relax,0,0,0.0,False,False,1.6479251648104962,2.208776604346681,167.4961840329782,17.0,6.0,75.66489530558252,70.3125,70.3125,2.1823931098298317
session_6.csv,session_6,339,21696,21824,10848,10912,43.392,43.648,relax,0,0,0.0,False,False,1.2875946536634837,1.6923363305330879,127.48437003359919,10.0,3.0,73.32611564953373,70.3125,66.40625,5.021377143457561
session_6.csv,session_6,340,21760,21888,10880,10944,43.52,43.776,relax,0,0,0.0,False,False,1.625665819490837,2.028339948176736,170.11005257822399,24.0,11.0,84.91898697771781,89.84375,89.84375,2.9230747125624728
session_6.csv,session_6,341,21824,21952,10912,10976,43.648,43.904,relax,0,0,0.0,False,False,2.620638439444508,3.2180873690437517,283.3256202544085,36.0,22.0,78.88396181142343,78.125,78.125,8.480388972767013
session_6.csv,session_6,342,21888,22016,10944,11008,43.776,44.032,relax,0,0,0.0,False,False,2.255944265774616,3.00676600786295,249.27828429073605,25.0,16.0,82.16507728064941,82.03125,82.03125,10.647379414745544
session_6.csv,session_6,343,21952,22080,10976,11040,43.904,44.16,relax,0,0,0.0,False,True,1.9848902264414796,2.6596500863980554,221.84778771872632,27.0,15.0,83.36392468728121,82.03125,82.03125,6.9006853557409045
session_6.csv,session_6,344,22016,22144,11008,11072,44.032,44.288,relax,0,53,0.4140625,True,True,6.6948372327909915,10.377806335806245,726.2316484140082,39.0,28.0,77.89486551337913,74.21875,66.40625,21.733637314374054
session_6.csv,session_6,345,22080,22208,11040,11104,44.16,44.416,clench,1,117,0.9140625,True,True,15.964719403658222,20.892670921010307,1714.7654310491057,40.0,36.0,82.06757337548058,82.03125,78.125,579.1974265008788
session_6.csv,session_6,346,22144,22272,11072,11136,44.288,44.544,clench,1,128,1.0,False,False,20.376841151788277,24.699641185132478,2124.423634435408,39.0,37.0,77.08932967847672,74.21875,70.3125,538.9560962524655
session_6.csv,session_6,347,22208,22336,11104,11168,44.416,44.672,clench,1,128,1.0,False,False,17.230711351423732,21.17246914667129,1837.8144997324985,39.0,34.0,82.27794681470041,82.03125,78.125,450.2664476085608
session_6.csv,session_6,348,22272,22400,11136,11200,44.544,44.8,clench,1,128,1.0,False,True,10.230326241832628,14.617592315039662,1085.7094288824958,38.0,29.0,81.01943044780253,82.03125,82.03125,322.72029072807237
session_6.csv,session_6,349,22336,22464,11168,11232,44.672,44.928,clench,1,77,0.6015625,True,True,4.047025531426252,6.956221246818929,412.07686531858155,28.0,18.0,80.36490898552378,82.03125,70.3125,17.942006928737204
session_6.csv,session_6,350,22400,22528,11200,11264,44.8,45.056,relax,0,13,0.1015625,True,True,2.5271935153228364,3.4085648031824696,267.5757563177457,28.0,15.0,81.58670781129334,85.9375,93.75,3.9293195036693778
session_6.csv,session_6,351,22464,22592,11232,11296,44.928,45.184,relax,0,0,0.0,False,False,1.98434933617044,2.4630610718500585,215.8344115166154,29.0,15.0,79.14398452342385,78.125,78.125,6.888226194170762
session_6.csv,session_6,352,22528,22656,11264,11328,45.056,45.312,relax,0,0,0.0,False,False,1.7620716264672078,2.232432384348427,190.7919137128738,25.0,12.0,82.35295615555322,85.9375,85.9375,7.717822422973896
session_6.csv,session_6,353,22592,22720,11296,11360,45.184,45.44,relax,0,0,0.0,False,False,1.7717205998443706,2.146244205032078,188.6510411392952,27.0,11.0,76.31448413989554,78.125,78.125,2.128880818650154
session_6.csv,session_6,354,22656,22784,11328,11392,45.312,45.568,relax,0,0,0.0,False,False,1.592939825281768,1.994262518714378,164.8191218138078,20.0,7.0,80.43919031398485,78.125,74.21875,3.5220819643780694
session_6.csv,session_6,355,22720,22848,11360,11424,45.44,45.696,relax,0,0,0.0,False,False,1.7136193913361368,2.222635904358089,183.54660585230246,23.0,10.0,79.79892193875132,78.125,78.125,5.746595215131897
session_6.csv,session_6,356,22784,22912,11392,11456,45.568,45.824,relax,0,0,0.0,False,False,1.7957965554069308,2.418613765003122,196.91833002373747,22.0,11.0,79.71253009268163,78.125,78.125,9.97538379253276
session_6.csv,session_6,357,22848,22976,11424,11488,45.696,45.952,relax,0,0,0.0,False,False,1.4461546994702341,2.0637436472942334,153.69033344198309,16.0,8.0,77.77926775976671,78.125,82.03125,2.490310827424152
session_6.csv,session_6,358,22912,23040,11456,11520,45.824,46.08,relax,0,0,0.0,False,False,1.4533973879848516,1.8393723410281846,142.7833305748657,21.0,8.0,77.90858628187014,74.21875,74.21875,3.9661589228553216
session_6.csv,session_6,359,22976,23104,11488,11552,45.952,46.208,relax,0,0,0.0,False,False,1.3950931333746768,1.7517409226696574,140.44230257865686,19.0,6.0,76.0687396018245,74.21875,74.21875,2.1874246016290364
session_6.csv,session_6,360,23040,23168,11520,11584,46.08,46.336,relax,0,0,0.0,False,False,1.5913933254797341,1.9893548093003712,170.56023817794696,24.0,11.0,80.80416921029902,85.9375,93.75,3.699277125661084
session_6.csv,session_6,361,23104,23232,11552,11616,46.208,46.464,relax,0,9,0.0703125,True,True,4.120913177347436,5.407653178337316,412.23669090719955,37.0,22.0,80.57736113113774,82.03125,74.21875,14.726007000023124
session_6.csv,session_6,362,23168,23296,11584,11648,46.336,46.592,clench,1,73,0.5703125,True,True,11.408871331145663,15.039335468210302,1248.623880363506,41.0,35.0,85.15157341018809,89.84375,97.65625,309.8888057881395
session_6.csv,session_6,363,23232,23360,11616,11680,46.464,46.72,clench,1,128,1.0,False,True,15.512552428985135,18.289101810304107,1708.4558039656904,43.0,41.0,81.75499835375321,74.21875,74.21875,212.01693392952413
session_6.csv,session_6,364,23296,23424,11648,11712,46.592,46.848,clench,1,128,1.0,False,False,12.291624352424098,14.510079979668303,1364.4021706305527,44.0,39.0,83.3379178483575,85.9375,85.9375,170.9396175019033
session_6.csv,session_6,365,23360,23488,11680,11744,46.72,46.976,clench,1,128,1.0,False,False,8.772278732015879,10.744303527249148,963.1947909030298,39.0,32.0,83.6057068849487,85.9375,93.75,125.41229476215426
session_6.csv,session_6,366,23424,23552,11712,11776,46.848,47.104,clench,1,128,1.0,False,False,8.312280560803464,10.064110813907575,866.1624182835227,36.0,28.0,81.90521869790659,82.03125,89.84375,78.58733003428655
session_6.csv,session_6,367,23488,23616,11744,11808,46.976,47.232,clench,1,128,1.0,False,False,7.5287200782519275,9.462850663240019,810.7888955396589,35.0,30.0,75.93212474967511,74.21875,70.3125,72.69405676320176
session_6.csv,session_6,368,23552,23680,11776,11840,47.104,47.36,clench,1,128,1.0,False,False,7.35607806698218,8.819712022037317,774.8520233097032,38.0,31.0,83.22067290132179,85.9375,89.84375,87.8618194070232
session_6.csv,session_6,369,23616,23744,11808,11872,47.232,47.488,clench,1,128,1.0,False,False,7.852316772526724,9.38069264684697,866.5162621842704,43.0,36.0,84.71128795952731,85.9375,85.9375,72.37081955624085
session_6.csv,session_6,370,23680,23808,11840,11904,47.36,47.616,clench,1,128,1.0,False,False,9.682951547546876,12.658424482508487,1038.7202102966485,41.0,34.0,78.20927818237296,74.21875,74.21875,231.19146920013787
session_6.csv,session_6,371,23744,23872,11872,11936,47.488,47.744,clench,1,128,1.0,False,False,9.920800996754338,12.782120458562636,1060.744272110338,39.0,32.0,79.8804792974107,82.03125,85.9375,117.46293492427462
session_6.csv,session_6,372,23808,23936,11904,11968,47.616,47.872,clench,1,128,1.0,False,False,7.636894315578466,9.768023719639272,807.143423578835,39.0,31.0,79.49247701294217,78.125,78.125,62.453889910161756
session_6.csv,session_6,373,23872,24000,11936,12000,47.744,48.0,clench,1,128,1.0,False,False,8.581197213731143,10.934621606641148,933.650965724384,42.0,36.0,79.29725386924365,78.125,82.03125,159.50338870237962
session_6.csv,session_6,374,23936,24064,11968,12032,47.872,48.128,clench,1,128,1.0,False,False,6.565475482999732,8.824208722912743,711.509017866314,41.0,30.0,87.68342012030215,89.84375,93.75,57.116825399932125
session_6.csv,session_6,375,24000,24128,12000,12064,48.0,48.256,clench,1,128,1.0,False,True,3.2962294313709983,4.1740048647450205,348.7549517395955,37.0,20.0,83.15458758942651,85.9375,78.125,7.445967986384127
session_6.csv,session_6,376,24064,24192,12032,12096,48.128,48.384,clench,1,86,0.671875,True,True,3.3335376764538736,4.269187933321462,358.2031031520255,37.0,25.0,78.19396704113646,74.21875,74.21875,25.265206016508145
session_6.csv,session_6,377,24128,24256,12064,12128,48.256,48.512,relax,0,22,0.171875,True,True,2.7972299350219747,3.898204522611797,290.5728669518502,31.0,19.0,83.16119690571135,85.9375,85.9375,6.357965465989188
session_6.csv,session_6,378,24192,24320,12096,12160,48.384,48.64,relax,0,0,0.0,False,False,1.5563866081290607,1.9133868900224091,161.47040626939165,25.0,11.0,83.13425515473799,78.125,78.125,1.6057961215346315
session_6.csv,session_6,379,24256,24384,12128,12192,48.512,48.768,relax,0,0,0.0,False,False,1.674100195555028,2.0525643343629953,176.6146142662547,26.0,13.0,78.78368950101998,74.21875,74.21875,5.247589099815962
session_6.csv,session_6,380,24320,24448,12160,12224,48.64,48.896,relax,0,0,0.0,False,False,1.8231492135991125,2.2959868497443168,200.80873589479776,27.0,16.0,85.22548197038066,85.9375,97.65625,5.428899037931549
session_6.csv,session_6,381,24384,24512,12192,12256,48.768,49.024,relax,0,0,0.0,False,False,1.7762847328999019,2.255607702903257,194.065298358627,23.0,11.0,84.8907150524229,85.9375,89.84375,1.5916343848653565
session_6.csv,session_6,382,24448,24576,12224,12288,48.896,49.152,relax,0,0,0.0,False,False,2.238595540419752,2.7169397917654425,249.71985809616922,32.0,19.0,87.27741412557572,89.84375,97.65625,7.526534211230678
session_6.csv,session_6,383,24512,24640,12256,12320,49.024,49.28,relax,0,0,0.0,False,False,2.3572630809056525,2.805329929702137,256.8721560243866,35.0,21.0,81.59690838615597,82.03125,93.75,6.977332492781587
session_6.csv,session_6,384,24576,24704,12288,12352,49.152,49.408,relax,0,26,0.203125,True,True,4.593251921005275,8.439549820302659,445.0940750283836,31.0,19.0,76.93573596065883,70.3125,70.3125,9.763672402149743
session_6.csv,session_6,385,24640,24768,12320,12384,49.28,49.536,clench,1,90,0.703125,True,True,11.761171826040393,16.184315871289925,1315.0348778309824,39.0,34.0,83.2979585234015,82.03125,82.03125,354.41265409778225
session_6.csv,session_6,386,24704,24832,12352,12416,49.408,49.664,clench,1,128,1.0,False,False,13.907024290695764,16.863492168669264,1527.080056984938,42.0,39.0,86.78731626100061,89.84375,89.84375,249.9804481689962
session_6.csv,session_6,387,24768,24896,12384,12448,49.536,49.792,clench,1,128,1.0,False,False,12.720036245750892,15.245047924957941,1357.5049252137437,40.0,38.0,79.07792502171696,74.21875,74.21875,243.20683063861844
session_6.csv,session_6,388,24832,24960,12416,12480,49.664,49.92,clench,1,128,1.0,False,False,13.895953646883422,16.86099444451501,1451.482386196799,37.0,35.0,78.96615340308651,70.3125,70.3125,311.5336029725606
session_6.csv,session_6,389,24896,25024,12448,12512,49.792,50.048,clench,1,128,1.0,False,False,13.054250245673924,16.044720979199905,1435.6116114636593,39.0,36.0,77.45594166405756,78.125,82.03125,143.43634135684118
session_6.csv,session_6,390,24960,25088,12480,12544,49.92,50.176,clench,1,128,1.0,False,False,11.734822652491818,14.620089541411732,1329.2730748073845,43.0,42.0,88.24588612092742,89.84375,89.84375,242.37062025027976
session_6.csv,session_6,391,25024,25152,12512,12576,50.048,50.304,clench,1,128,1.0,False,False,12.981516277633567,16.225688920867945,1403.2444380732218,44.0,39.0,82.9863963995035,85.9375,89.84375,254.37060497991808
session_6.csv,session_6,392,25088,25216,12544,12608,50.176,50.432,clench,1,128,1.0,False,False,13.909764336024205,17.705987880510904,1504.7057625327723,41.0,40.0,80.58901841019475,82.03125,89.84375,370.4151009705122
session_6.csv,session_6,393,25152,25280,12576,12640,50.304,50.56,clench,1,128,1.0,False,False,10.899663529358847,14.350486039878177,1143.872426239889,38.0,36.0,80.95618749965665,78.125,70.3125,281.6687963175944
session_6.csv,session_6,394,25216,25344,12608,12672,50.432,50.688,clench,1,107,0.8359375,True,True,6.273757582125738,8.203766400465627,658.241012292671,37.0,29.0,79.29674448090736,82.03125,82.03125,62.29973644853387
session_6.csv,session_6,395,25280,25408,12640,12704,50.56,50.816,relax,0,43,0.3359375,True,True,3.195880655049045,3.9609661142074013,344.79464427744637,38.0,25.0,86.27541716408828,89.84375,97.65625,8.708529249149464
session_6.csv,session_6,396,25344,25472,12672,12736,50.688,50.944,relax,0,0,0.0,False,True,2.1975526355040413,2.7417860312724254,246.2816322881071,34.0,20.0,79.34706912524653,78.125,78.125,6.195714910653137
session_6.csv,session_6,397,25408,25536,12704,12768,50.816,51.072,relax,0,0,0.0,False,False,1.5728587340682902,1.9757342324399494,173.37915347371379,23.0,11.0,81.13057226494486,82.03125,70.3125,2.6585996160950827
session_6.csv,session_6,398,25472,25600,12736,12800,50.944,51.2,relax,0,0,0.0,False,False,1.5661697104129204,1.9281775671554158,164.0563270949739,23.0,9.0,81.29526557918987,82.03125,74.21875,4.329217298604645
session_6.csv,session_6,399,25536,25664,12768,12832,51.072,51.328,relax,0,0,0.0,False,False,1.6767230212001647,2.035266908664588,173.72255016606394,25.0,9.0,79.38663560501638,82.03125,85.9375,5.041290444469888
session_6.csv,session_6,400,25600,25728,12800,12864,51.2,51.456,relax,0,0,0.0,False,False,1.6245118555230986,1.9953041483788048,181.3047311828375,23.0,11.0,72.95868190298707,70.3125,66.40625,2.198527197353252
session_6.csv,session_6,401,25664,25792,12832,12896,51.328,51.584,relax,0,0,0.0,False,False,1.6014855015047709,1.992935928924222,180.79154719146877,26.0,14.0,90.32206263487437,93.75,97.65625,4.972800761458486
session_6.csv,session_6,402,25728,25856,12864,12928,51.456,51.712,relax,0,0,0.0,False,False,1.4269770546701992,1.787145133869601,156.19821845324006,23.0,11.0,86.5577796699221,85.9375,82.03125,1.0397988013388584
session_6.csv,session_6,403,25792,25920,12896,12960,51.584,51.84,relax,0,0,0.0,False,False,1.7438971083408155,2.177330163286546,179.92494448519142,25.0,10.0,80.90847756991,78.125,78.125,4.487944005581085
session_6.csv,session_6,404,25856,25984,12928,12992,51.712,51.968,relax,0,0,0.0,False,False,1.8584367321955555,2.342437241657894,187.68068817290748,24.0,9.0,77.51099526497458,74.21875,66.40625,5.479309319750083
session_6.csv,session_6,405,25920,26048,12960,13024,51.84,52.096,relax,0,39,0.3046875,True,True,8.170112786007808,13.190136928408856,905.216898931241,32.0,24.0,80.19960818043292,78.125,78.125,150.80419438951063
session_6.csv,session_6,406,25984,26112,12992,13056,51.968,52.224,clench,1,103,0.8046875,True,True,10.809349707169636,14.750624024819398,1229.1521279258818,42.0,38.0,83.40099880230487,82.03125,74.21875,194.36639505628042
session_6.csv,session_6,407,26048,26176,13024,13088,52.096,52.352,clench,1,128,1.0,False,False,9.614221435623001,12.004157460863023,1093.0425105868244,43.0,37.0,85.12306102330923,89.84375,97.65625,87.569178357322
session_6.csv,session_6,408,26112,26240,13056,13120,52.224,52.48,clench,1,128,1.0,False,False,11.469813333273805,13.707596819176215,1261.6434677614404,42.0,37.0,83.08987446615133,85.9375,89.84375,223.81471794757022
session_6.csv,session_6,409,26176,26304,13088,13152,52.352,52.608,clench,1,128,1.0,False,False,10.639035084165915,12.86762576137522,1108.1559364611544,39.0,34.0,77.60794265042267,74.21875,66.40625,148.36423645971448
session_6.csv,session_6,410,26240,26368,13120,13184,52.48,52.736,clench,1,128,1.0,False,False,10.100319889005508,11.985162337071667,1048.7878642676087,37.0,34.0,79.77479263583265,78.125,78.125,123.0616734829636
session_6.csv,session_6,411,26304,26432,13152,13216,52.608,52.864,clench,1,128,1.0,False,False,9.406377469795146,11.426041877203202,1023.1558112434994,38.0,30.0,80.86042843369306,78.125,78.125,112.6815828758489
session_6.csv,session_6,412,26368,26496,13184,13248,52.736,52.992,clench,1,128,1.0,False,False,8.829153572054384,10.85300266728412,947.5561576509255,39.0,29.0,81.38711372027531,85.9375,89.84375,80.45445921339677
session_6.csv,session_6,413,26432,26560,13216,13280,52.864,53.12,clench,1,128,1.0,False,False,7.663300326736922,9.944846566855079,817.250322978701,38.0,31.0,79.68590880978117,82.03125,74.21875,140.2074043476663
session_6.csv,session_6,414,26496,26624,13248,13312,52.992,53.248,clench,1,128,1.0,False,False,4.698150124572955,6.949236142139494,489.4568246379119,37.0,24.0,82.19437280537153,78.125,97.65625,11.291204170108095
session_6.csv,session_6,415,26560,26688,13280,13344,53.12,53.376,clench,1,95,0.7421875,True,True,2.395020496262849,2.905843648433239,255.10137712135588,33.0,16.0,83.71650274234352,85.9375,85.9375,9.36225051370156
session_6.csv,session_6,416,26624,26752,13312,13376,53.248,53.504,relax,0,31,0.2421875,True,True,2.12634147930902,2.614116940150495,224.3192452713996,31.0,13.0,80.05356692008783,82.03125,85.9375,5.2705622329031785
session_6.csv,session_6,417,26688,26816,13344,13408,53.376,53.632,relax,0,0,0.0,False,False,1.9494625556172607,2.400333916161954,208.25852333357824,28.0,13.0,81.9544968573074,82.03125,85.9375,4.217455909886087
session_6.csv,session_6,418,26752,26880,13376,13440,53.504,53.76,relax,0,0,0.0,False,False,1.9888773362398415,2.437593785020785,215.01034468965622,30.0,15.0,85.40535461209694,89.84375,93.75,6.785831959275817
session_6.csv,session_6,419,26816,26944,13408,13472,53.632,53.888,relax,0,0,0.0,False,False,2.133063438838632,2.5666575819550497,232.58012852964276,36.0,22.0,82.27880286563898,78.125,78.125,3.679602133408437
session_6.csv,session_6,420,26880,27008,13440,13504,53.76,54.016,relax,0,0,0.0,False,False,2.0115984834436946,2.5100933322670036,221.69964271072715,31.0,21.0,77.35197696538431,78.125,82.03125,6.313862227356154
session_6.csv,session_6,421,26944,27072,13472,13536,53.888,54.144,relax,0,0,0.0,False,False,2.00282344035424,2.4232295086830398,203.7922832973432,26.0,12.0,76.25231576446286,78.125,78.125,7.187751139348614
session_6.csv,session_6,422,27008,27136,13504,13568,54.016,54.272,relax,0,0,0.0,False,False,2.049036713362791,2.4930994404321436,214.34297246750145,29.0,14.0,75.06086177972432,70.3125,70.3125,5.236528601532633
session_6.csv,session_6,423,27072,27200,13536,13600,54.144,54.4,relax,0,0,0.0,False,True,3.3988727132172483,5.465755499546625,356.8457012804502,30.0,19.0,78.60356956143104,74.21875,70.3125,5.351435935551264
session_6.csv,session_6,424,27136,27264,13568,13632,54.272,54.528,relax,0,40,0.3125,True,True,10.459853464651676,14.437918785105111,1053.0075594313785,38.0,29.0,82.35617644298434,85.9375,89.84375,155.49600391824794
session_6.csv,session_6,425,27200,27328,13600,13664,54.4,54.656,clench,1,104,0.8125,True,True,17.425602381780642,20.422275921174645,1843.0713793627378,43.0,38.0,84.04725939463142,85.9375,89.84375,567.6801908562272
session_6.csv,session_6,426,27264,27392,13632,13696,54.528,54.784,clench,1,128,1.0,False,False,15.874148713625107,19.689156506991786,1749.441925950227,45.0,41.0,79.88943333100713,78.125,78.125,226.8603416175182
session_6.csv,session_6,427,27328,27456,13664,13728,54.656,54.912,clench,1,128,1.0,False,False,12.126460472145311,15.717459996799603,1366.5256280331016,46.0,39.0,87.08375960278102,93.75,97.65625,347.0601324626798
session_6.csv,session_6,428,27392,27520,13696,13760,54.784,55.04,clench,1,128,1.0,False,False,11.397188088372612,14.660083114783653,1203.0089737334954,41.0,30.0,83.42087761281368,85.9375,85.9375,284.0278068144705
session_6.csv,session_6,429,27456,27584,13728,13792,54.912,55.168,clench,1,128,1.0,False,False,12.100348724734651,15.209573652133251,1323.0659750434163,41.0,32.0,87.62049747576312,89.84375,85.9375,236.1295621993286
session_6.csv,session_6,430,27520,27648,13760,13824,55.04,55.296,clench,1,128,1.0,False,False,9.853899958433228,11.993648535760807,1071.9384294306865,41.0,31.0,83.07561081509645,85.9375,85.9375,108.8296721249007
session_6.csv,session_6,431,27584,27712,13792,13856,55.168,55.424,clench,1,128,1.0,False,False,6.8527343661729,7.865506214984286,695.5903021109191,39.0,27.0,72.06583043053124,70.3125,66.40625,44.079851001565935
session_6.csv,session_6,432,27648,27776,13824,13888,55.296,55.552,clench,1,128,1.0,False,False,7.691985171674826,9.83803407104563,812.2805495475585,39.0,30.0,78.35104375133874,78.125,78.125,52.47688279050349
session_6.csv,session_6,433,27712,27840,13856,13920,55.424,55.68,clench,1,101,0.7890625,True,True,7.745200539239901,10.299794006875363,857.7368839317387,38.0,32.0,83.56113708250359,82.03125,82.03125,171.0473431378184
session_6.csv,session_6,434,27776,27904,13888,13952,55.552,55.808,relax,0,37,0.2890625,True,True,5.043627518272966,6.787572123267603,572.1668218465987,36.0,32.0,82.92684795804716,82.03125,97.65625,17.560857178267934
session_6.csv,session_6,435,27840,27968,13920,13984,55.68,55.936,relax,0,0,0.0,False,False,3.3679008177290553,4.066167238471267,362.3599169869141,38.0,26.0,83.45387673481878,82.03125,82.03125,18.277847876853464
session_6.csv,session_6,436,27904,28032,13952,14016,55.808,56.064,relax,0,0,0.0,False,False,3.065044190186924,3.78242345403705,324.1761276808914,35.0,20.0,78.85897481398608,78.125,70.3125,13.620841388134409
session_6.csv,session_6,437,27968,28096,13984,14048,55.936,56.192,relax,0,0,0.0,False,False,2.553209959061795,3.1858201415992164,275.18713172867564,31.0,19.0,79.2353930715017,78.125,78.125,12.896164745327988
session_6.csv,session_6,438,28032,28160,14016,14080,56.064,56.32,relax,0,0,0.0,False,False,2.410148457970984,2.9899706337777645,266.4789568126127,32.0,21.0,79.3626791005518,82.03125,82.03125,7.409972326198334
session_6.csv,session_6,439,28096,28224,14048,14112,56.192,56.448,relax,0,0,0.0,False,False,2.4150386873156915,2.9248223893439973,265.7336382695686,34.0,20.0,83.4933057895889,82.03125,97.65625,6.117858509090966
session_6.csv,session_6,440,28160,28288,14080,14144,56.32,56.576,relax,0,0,0.0,False,False,2.3950523010857836,2.8438055175880477,250.39332618402702,33.0,17.0,79.22069642357886,74.21875,74.21875,6.876043878035333
session_6.csv,session_6,441,28224,28352,14112,14176,56.448,56.704,relax,0,0,0.0,False,False,2.108269109697183,2.5016140439226837,221.82129983090934,30.0,13.0,82.4031077014976,85.9375,97.65625,3.759715771071072
session_6.csv,session_6,442,28288,28416,14144,14208,56.576,56.832,relax,0,0,0.0,False,False,2.556372345328414,3.2087564749551367,269.76211745136413,32.0,15.0,79.32496553076328,78.125,89.84375,7.222916474136661
session_6.csv,session_6,443,28352,28480,14176,14240,56.704,56.96,relax,0,37,0.2890625,True,True,7.319064864071631,11.163308930836962,801.6175565393963,39.0,28.0,79.66245046659482,78.125,89.84375,48.64622231528556
session_6.csv,session_6,444,28416,28544,14208,14272,56.832,57.088,clench,1,101,0.7890625,True,True,14.776163536002827,18.686314596730725,1591.442549526517,42.0,37.0,80.79120853409573,82.03125,82.03125,463.8088663311284
session_6.csv,session_6,445,28480,28608,14240,14304,56.96,57.216,clench,1,128,1.0,False,False,17.088504307922754,21.679228612592414,1819.2414862478001,43.0,36.0,84.35740503350029,85.9375,82.03125,676.2024359220262
session_6.csv,session_6,446,28544,28672,14272,14336,57.088,57.344,clench,1,128,1.0,False,True,11.385673686217078,16.617752106773473,1159.232010082923,38.0,30.0,83.36701585875278,82.03125,97.65625,139.15375584513467
session_6.csv,session_6,447,28608,28736,14304,14368,57.216,57.472,clench,1,86,0.671875,True,True,4.852022218936632,6.753827766030606,510.2743330955756,33.0,24.0,76.21317617166942,70.3125,70.3125,28.825032227192402
session_6.csv,session_6,448,28672,28800,14336,14400,57.344,57.6,relax,0,22,0.171875,True,True,2.6484242523795003,3.324610426753321,271.40712118054216,31.0,17.0,78.06164002949917,78.125,66.40625,6.485432006277305
session_6.csv,session_6,449,28736,28864,14368,14432,57.472,57.728,relax,0,0,0.0,False,False,2.648302663923835,3.1025468355353376,289.70052527177535,36.0,19.0,81.22328587716336,78.125,78.125,10.333020081112577
session_6.csv,session_6,450,28800,28928,14400,14464,57.6,57.856,relax,0,0,0.0,False,False,2.729688357192212,3.230283852235243,298.7516800732481,35.0,22.0,85.51607215400675,85.9375,78.125,10.773808967081157
session_6.csv,session_6,451,28864,28992,14432,14496,57.728,57.984,relax,0,0,0.0,False,False,2.655559914957114,3.3202014477218396,295.30244198573655,32.0,20.0,85.81361922475918,85.9375,82.03125,11.980573427009121
session_6.csv,session_6,452,28928,29056,14464,14528,57.856,58.112,relax,0,0,0.0,False,False,2.344717896342436,2.9757704633218216,252.77199382618664,29.0,14.0,81.93994679387845,82.03125,97.65625,8.477489688764463
session_6.csv,session_6,453,28992,29120,14496,14560,57.984,58.24,relax,0,0,0.0,False,False,1.9951958195908686,2.350887283098924,217.9388042648963,32.0,16.0,85.40430856589124,85.9375,85.9375,3.582111921607145
session_6.csv,session_6,454,29056,29184,14528,14592,58.112,58.368,relax,0,0,0.0,False,False,2.41819682432253,3.311372988182737,268.2647929717368,33.0,20.0,87.09491636551088,89.84375,97.65625,5.561934643389585
session_6.csv,session_6,455,29120,29248,14560,14624,58.24,58.496,relax,0,29,0.2265625,True,True,6.490120465995293,9.630789561939247,686.8798226126928,35.0,25.0,76.52402447498751,74.21875,70.3125,39.092806771489
session_6.csv,session_6,456,29184,29312,14592,14656,58.368,58.624,clench,1,93,0.7265625,True,True,11.613519769739067,14.307035815000475,1248.8904563230144,41.0,35.0,84.33084606350242,85.9375,85.9375,274.13546382339484
session_6.csv,session_6,457,29248,29376,14624,14688,58.496,58.752,clench,1,128,1.0,False,False,11.381314035520248,14.04774322218438,1242.0045698438203,41.0,32.0,83.11262432711442,82.03125,93.75,163.140302113142
session_6.csv,session_6,458,29312,29440,14656,14720,58.624,58.88,clench,1,128,1.0,False,False,8.34530261816993,10.453756458159157,920.8829373734904,41.0,29.0,86.8810765376651,89.84375,89.84375,144.49379599729508
session_6.csv,session_6,459,29376,29504,14688,14752,58.752,59.008,clench,1,128,1.0,False,False,6.595339549621332,8.263061476563053,709.736211173461,42.0,32.0,89.82171014653422,93.75,97.65625,43.83329709352839
session_6.csv,session_6,460,29440,29568,14720,14784,58.88,59.136,clench,1,128,1.0,False,False,8.187932597519087,10.950462349470504,853.141438172214,40.0,32.0,79.51537610992783,82.03125,85.9375,93.06045180233704
session_6.csv,session_6,461,29504,29632,14752,14816,59.008,59.264,clench,1,128,1.0,False,False,9.35697973960179,11.661275735441647,956.6778573752115,39.0,32.0,77.86120313673246,74.21875,74.21875,198.41107264859605
session_6.csv,session_6,462,29568,29696,14784,14848,59.136,59.392,clench,1,128,1.0,False,False,6.374024513882038,8.265088946673936,666.1037314985325,38.0,27.0,79.8775869025316,85.9375,89.84375,59.34537544605371
session_6.csv,session_6,463,29632,29760,14816,14880,59.264,59.52,clench,1,128,1.0,False,False,3.9152801776565154,5.282448219180019,414.422172952881,35.0,18.0,75.85999153756332,74.21875,74.21875,31.05233541056359
session_6.csv,session_6,464,29696,29824,14848,14912,59.392,59.648,clench,1,128,1.0,False,False,4.263244222852491,5.528571984350507,462.7083276096398,35.0,22.0,88.78009212120897,89.84375,93.75,29.807931510652104
session_6.csv,session_6,465,29760,29888,14880,14944,59.52,59.776,clench,1,128,1.0,False,False,4.74300087046356,5.888160092513841,520.5871785028993,38.0,28.0,82.92722293940058,82.03125,82.03125,15.952059462846572
session_6.csv,session_6,466,29824,29952,14912,14976,59.648,59.904,clench,1,90,0.703125,True,True,4.370686611823716,5.673463232927763,468.9941706614978,34.0,25.0,79.01723146254413,78.125,82.03125,55.99569713004377
session_6.csv,session_6,467,29888,30016,14944,15008,59.776,60.032,relax,0,26,0.203125,True,True,2.6931621360253235,4.171500371782159,275.53228743999193,22.0,12.0,75.1684850429146,70.3125,70.3125,8.38774424066138
session_6.csv,session_6,468,29952,30080,14976,15040,59.904,60.16,relax,0,0,0.0,False,False,1.5940953797695427,1.9923790072294165,164.64538000873767,20.0,9.0,75.046231048298,74.21875,74.21875,3.0877884517527034
session_6.csv,session_6,469,30016,30144,15008,15072,60.032,60.288,relax,0,0,0.0,False,False,1.9210431069197698,2.428257106123257,206.02346278846952,26.0,12.0,88.4609682587131,89.84375,85.9375,6.085731021555284
session_6.csv,session_6,470,30080,30208,15040,15104,60.16,60.416,relax,0,0,0.0,False,False,2.0466211471584774,2.5939534364924195,219.83408330092152,28.0,14.0,80.85382438814212,82.03125,85.9375,5.6605563191612225
session_6.csv,session_6,471,30144,30272,15072,15136,60.288,60.544,relax,0,0,0.0,False,False,2.106499167477317,2.6131074531616365,234.25461450126699,29.0,16.0,87.94919182839283,89.84375,97.65625,6.534857400110844
session_6.csv,session_6,472,30208,30336,15104,15168,60.416,60.672,relax,0,2,0.015625,True,True,2.779478723566292,3.7749391749108514,306.32735611807425,33.0,19.0,78.50973050862667,78.125,78.125,4.3967109744187
session_6.csv,session_6,473,30272,30400,15136,15200,60.544,60.8,clench,1,66,0.515625,True,True,8.683744707606667,12.789852901874045,925.5720655334497,38.0,29.0,80.70783694689818,82.03125,82.03125,237.1003811392633
session_6.csv,session_6,474,30336,30464,15168,15232,60.672,60.928,clench,1,128,1.0,False,True,10.531374727106888,14.051208838945257,1145.2957966681386,40.0,38.0,82.35887422137102,82.03125,85.9375,156.0642107899381
session_6.csv,session_6,475,30400,30528,15200,15264,60.8,61.056,clench,1,128,1.0,False,False,7.114683573584192,10.512032779401572,748.0346600304974,36.0,30.0,80.91904811358643,78.125,89.84375,19.906641754889282
session_6.csv,session_6,476,30464,30592,15232,15296,60.928,61.184,clench,1,128,1.0,False,False,8.067731921043865,11.107782891446128,843.9255777090868,34.0,26.0,77.18409204655231,78.125,82.03125,204.12783179246395
session_6.csv,session_6,477,30528,30656,15264,15328,61.056,61.312,clench,1,128,1.0,False,False,9.949907187796995,12.239595457066212,1064.455969071556,39.0,35.0,76.23118927998212,74.21875,74.21875,104.64825969181447
session_6.csv,session_6,478,30592,30720,15296,15360,61.184,61.44,clench,1,128,1.0,False,False,8.851018209421065,11.548357146772142,998.8322656566015,41.0,35.0,82.01218301680548,82.03125,85.9375,188.09434267354538
session_6.csv,session_6,479,30656,30784,15328,15392,61.312,61.568,clench,1,128,1.0,False,False,5.348348133253497,7.252232709634318,607.9436482494353,40.0,28.0,85.02197534262298,89.84375,97.65625,28.298014797501526
session_6.csv,session_6,480,30720,30848,15360,15424,61.44,61.696,clench,1,124,0.96875,True,True,3.2857448444170165,4.128570373293443,370.7225763749,37.0,25.0,83.5503016290552,85.9375,93.75,22.79956264113202
session_6.csv,session_6,481,30784,30912,15392,15456,61.568,61.824,relax,0,60,0.46875,True,True,2.516061220233354,3.064070199503148,291.8429151629153,38.0,27.0,86.77823610741156,93.75,97.65625,6.8036199321041355
session_6.csv,session_6,482,30848,30976,15424,15488,61.696,61.952,relax,0,0,0.0,False,True,1.9603775096578917,2.4757960117982716,218.58677272211105,28.0,18.0,84.89489688351237,89.84375,97.65625,6.797864456281063
session_6.csv,session_6,483,30912,31040,15456,15520,61.824,62.08,relax,0,0,0.0,False,False,1.7751380549574938,2.260260888682875,182.41620519257413,24.0,10.0,84.93532311071358,89.84375,97.65625,3.9916298427579275
session_6.csv,session_6,484,30976,31104,15488,15552,61.952,62.208,relax,0,0,0.0,False,False,2.2841344434158866,2.8878749186544295,236.6175166775277,31.0,16.0,80.38037907828097,82.03125,82.03125,7.051152458653609
session_6.csv,session_6,485,31040,31168,15520,15584,62.08,62.336,relax,0,0,0.0,False,False,2.468269624960868,3.0317725031158633,256.10620444018195,33.0,18.0,76.4292607494886,74.21875,70.3125,13.002389308541655
session_6.csv,session_6,486,31104,31232,15552,15616,62.208,62.464,relax,0,0,0.0,False,False,2.0790453012488745,2.5334727587254897,213.4762411390291,27.0,12.0,78.74483521689817,78.125,78.125,4.91983124366308
session_6.csv,session_6,487,31168,31296,15584,15648,62.336,62.592,relax,0,0,0.0,False,True,5.588351144723423,9.433511587876788,595.0455759179888,30.0,16.0,77.60399199834302,78.125,78.125,12.49323396378003
session_6.csv,session_6,488,31232,31360,15616,15680,62.464,62.72,relax,0,56,0.4375,True,True,20.484430750114836,30.76757358151066,2306.004798555607,42.0,34.0,81.97969666784466,78.125,78.125,1103.686965826787
session_6.csv,session_6,489,31296,31424,15648,15712,62.592,62.848,clench,1,120,0.9375,True,True,18.99448328954859,29.882984407411545,2157.2078686404375,45.0,39.0,84.38242842755508,85.9375,89.84375,601.2971609275529
session_6.csv,session_6,490,31360,31488,15680,15744,62.72,62.976,clench,1,128,1.0,False,False,7.111644535953738,9.044960317229396,800.2320799897407,44.0,35.0,82.9494161737443,85.9375,85.9375,36.0261608002533
session_6.csv,session_6,491,31424,31552,15712,15776,62.848,63.104,clench,1,128,1.0,False,False,7.828080113925766,10.398920309178205,840.3331163903795,41.0,33.0,84.11483058515854,82.03125,93.75,188.31271902284743
session_6.csv,session_6,492,31488,31616,15744,15808,62.976,63.232,clench,1,128,1.0,False,False,7.0721584813855,9.621329213932595,743.4391885256777,39.0,30.0,83.14681184144888,82.03125,78.125,30.83600830894189
session_6.csv,session_6,493,31552,31680,15776,15840,63.104,63.36,clench,1,128,1.0,False,False,4.940086310073266,6.593714404583043,535.1157934703529,37.0,26.0,83.45137619914749,85.9375,89.84375,63.77054378922603
session_6.csv,session_6,494,31616,31744,15808,15872,63.232,63.488,clench,1,111,0.8671875,True,True,4.7760507068959175,5.919579858917414,495.33605908862546,35.0,23.0,76.05730369792258,74.21875,74.21875,43.05060238508159
session_6.csv,session_6,495,31680,31808,15840,15904,63.36,63.616,relax,0,47,0.3671875,True,True,3.9426933695541106,5.287755402614143,411.1950109766192,31.0,20.0,77.93501750224998,74.21875,70.3125,19.839881888980077
session_6.csv,session_6,496,31744,31872,15872,15936,63.488,63.744,relax,0,0,0.0,False,True,1.7441930091753455,2.227823385606548,189.91310907137813,22.0,12.0,81.93368121516198,82.03125,89.84375,6.838805025027225
session_6.csv,session_6,497,31808,31936,15904,15968,63.616,63.872,relax,0,0,0.0,False,False,2.350502819451826,2.9983911162852106,247.48917119488976,26.0,14.0,77.22080714188841,74.21875,70.3125,8.836466891693842
session_6.csv,session_6,498,31872,32000,15936,16000,63.744,64.0,relax,0,0,0.0,False,False,2.5043092666018576,3.1011905080378437,253.6069729629033,29.0,13.0,78.48226285847657,74.21875,74.21875,9.280278919483212
session_6.csv,session_6,499,31936,32064,15968,16032,63.872,64.128,relax,0,0,0.0,False,False,2.0754150653398282,2.728584829576235,222.93604225209774,25.0,12.0,75.96805545164253,74.21875,70.3125,10.92355646673867
session_6.csv,session_6,500,32000,32128,16000,16064,64.0,64.256,relax,0,0,0.0,False,False,2.2251628358604894,2.883710981007276,230.06211822733437,27.0,12.0,82.51884139793104,82.03125,82.03125,3.3237376179307807
session_6.csv,session_6,501,32064,32192,16032,16096,64.128,64.384,relax,0,0,0.0,False,False,2.3555807226042003,2.8926842919714355,250.1207606848447,32.0,17.0,81.06228944063207,85.9375,89.84375,9.754897137152739
session_6.csv,session_6,502,32128,32256,16064,16128,64.256,64.512,relax,0,0,0.0,False,False,2.897677735904221,3.5243076088185856,306.79845468659937,32.0,21.0,86.56501130661002,89.84375,97.65625,8.952561872802923
session_6.csv,session_6,503,32192,32320,16096,16160,64.384,64.64,relax,0,0,0.0,False,False,2.6805086948469734,3.2776289933779865,288.22918279960174,31.0,19.0,83.61478904611536,85.9375,89.84375,13.745827066467495
session_6.csv,session_6,504,32256,32384,16128,16192,64.512,64.768,relax,0,0,0.0,False,False,2.130577766012481,2.6282200973728482,221.33899344218472,28.0,13.0,83.6337314959179,85.9375,89.84375,5.575781831239421
session_6.csv,session_6,505,32320,32448,16160,16224,64.64,64.896,relax,0,0,0.0,False,False,2.1439315417712588,2.7104591735955617,231.9106331828807,27.0,12.0,83.33608754162012,85.9375,85.9375,11.637449673349018
session_6.csv,session_6,506,32384,32512,16192,16256,64.768,65.024,relax,0,0,0.0,False,True,2.2456632047975273,2.7483246962176646,235.29785167696195,29.0,15.0,86.72528072467851,89.84375,89.84375,3.6117344669922495
session_6.csv,session_6,507,32448,32576,16224,16288,64.896,65.152,relax,0,52,0.40625,True,True,11.755215730816456,19.39822821040235,1221.0083305397657,37.0,27.0,76.19759688142864,74.21875,74.21875,370.0984033142481
session_6.csv,session_6,508,32512,32640,16256,16320,65.024,65.28,clench,1,116,0.90625,True,True,14.358218651794754,20.378805634352517,1529.5909310395245,42.0,34.0,79.52068124381503,82.03125,82.03125,284.1593954899951
session_6.csv,session_6,509,32576,32704,16288,16352,65.152,65.408,clench,1,128,1.0,False,False,7.3849910890584285,9.500114970921928,819.2129611557926,41.0,34.0,82.32412553963076,85.9375,89.84375,37.254079816320555
session_6.csv,session_6,510,32640,32768,16320,16384,65.28,65.536,clench,1,128,1.0,False,False,6.930776647686041,8.914316795916424,768.0803740671363,39.0,33.0,80.15625349768341,78.125,78.125,101.52642314289784
session_6.csv,session_6,511,32704,32832,16352,16416,65.408,65.664,clench,1,128,1.0,False,False,8.973130686749041,11.36288654217904,955.8227416023481,40.0,33.0,81.45320879223055,82.03125,85.9375,73.0971801439963
session_6.csv,session_6,512,32768,32896,16384,16448,65.536,65.792,clench,1,128,1.0,False,True,7.3552753444314085,10.341301038765748,770.8927826121198,35.0,26.0,76.61535541945867,74.21875,74.21875,127.478466592957
session_6.csv,session_6,513,32832,32960,16416,16480,65.664,65.92,clench,1,74,0.578125,True,True,4.088768841098502,5.255267299630878,446.3763620087759,35.0,26.0,81.15880005764086,82.03125,85.9375,40.4901475955244
session_6.csv,session_6,514,32896,33024,16448,16512,65.792,66.048,relax,0,10,0.078125,True,True,3.4492327184771394,4.633030477053914,382.5030639914035,34.0,24.0,84.90202574565095,89.84375,97.65625,11.410870525692609
session_6.csv,session_6,515,32960,33088,16480,16544,65.92,66.176,relax,0,0,0.0,False,False,2.2850182937766412,2.8463227114175877,253.11701037806858,32.0,20.0,83.8516747135126,82.03125,82.03125,9.053782802237789
session_6.csv,session_6,516,33024,33152,16512,16576,66.048,66.304,relax,0,0,0.0,False,False,2.0526750379740646,2.6478163748569856,226.36472531440882,28.0,16.0,86.47138863205936,89.84375,97.65625,5.433033462022921
session_6.csv,session_6,517,33088,33216,16544,16608,66.176,66.432,relax,0,0,0.0,False,False,1.8521718571666317,2.3804158594274996,205.3346031482438,25.0,10.0,79.64646659824865,82.03125,82.03125,5.854973524017977
session_6.csv,session_6,518,33152,33280,16576,16640,66.304,66.56,relax,0,0,0.0,False,False,1.8027965044752836,2.171417454414213,189.00824286474753,26.0,10.0,80.07859107324076,82.03125,70.3125,4.257365492704927
session_6.csv,session_6,519,33216,33344,16608,16672,66.432,66.688,relax,0,0,0.0,False,False,1.8854209588209319,2.2557692251264747,202.18358885668295,30.0,15.0,79.1370512170613,74.21875,74.21875,5.092482479836893
session_6.csv,session_6,520,33280,33408,16640,16704,66.56,66.816,relax,0,0,0.0,False,False,1.9441961179876723,2.3730674990707192,213.9809666116875,28.0,14.0,83.54911206368833,89.84375,89.84375,5.997821253904946
session_6.csv,session_6,521,33344,33472,16672,16736,66.688,66.944,relax,0,0,0.0,False,True,1.9925706401345087,2.454211608570414,208.83910704212798,24.0,11.0,83.87517148664362,82.03125,93.75,4.832250281598424
session_6.csv,session_6,522,33408,33536,16704,16768,66.816,67.072,relax,0,51,0.3984375,True,True,10.253639221409713,15.906119261969646,1130.9759309734438,36.0,27.0,88.93571361715995,93.75,93.75,130.21305536206202
session_6.csv,session_6,523,33472,33600,16736,16800,66.944,67.2,clench,1,115,0.8984375,True,True,19.20995559684792,24.199635865579115,2172.8548120878486,43.0,40.0,82.52303181944676,78.125,97.65625,506.7648950299356
session_6.csv,session_6,524,33536,33664,16768,16832,67.072,67.328,clench,1,128,1.0,False,False,16.598809488114433,21.59621801799994,1803.2720535335347,41.0,36.0,81.72456052832365,82.03125,78.125,727.5741861854287
session_6.csv,session_6,525,33600,33728,16800,16864,67.2,67.456,clench,1,128,1.0,False,False,10.292162626218376,13.259134706599948,1013.4709747166133,36.0,28.0,81.1083561331055,78.125,78.125,122.19016265637836
session_6.csv,session_6,526,33664,33792,16832,16896,67.328,67.584,clench,1,112,0.875,True,True,6.165330167367817,7.989028417028734,636.0482687510644,37.0,26.0,78.45299039183493,74.21875,74.21875,58.22129414319302
session_6.csv,session_6,527,33728,33856,16864,16928,67.456,67.712,relax,0,48,0.375,True,True,3.5701285236973135,4.733702293796901,377.35953969402055,35.0,21.0,82.58119009869499,78.125,78.125,10.452284817404601
session_6.csv,session_6,528,33792,33920,16896,16960,67.584,67.84,relax,0,0,0.0,False,True,2.206249146030912,2.711378986784028,245.94877694323094,30.0,16.0,86.17790946887364,89.84375,97.65625,5.590079275202855
session_6.csv,session_6,529,33856,33984,16928,16992,67.712,67.968,relax,0,0,0.0,False,False,2.881990781474484,3.699355908070567,329.74322978438795,35.0,23.0,84.5685757444749,89.84375,97.65625,11.521244578001227
session_6.csv,session_6,530,33920,34048,16960,17024,67.84,68.096,relax,0,0,0.0,False,False,3.0772145405588365,3.966012694578799,348.20368562164197,34.0,25.0,85.37053396231525,82.03125,97.65625,13.426186545317497
session_6.csv,session_6,531,33984,34112,16992,17056,67.968,68.224,relax,0,0,0.0,False,False,2.0720659858414896,2.717585668585374,233.45582119702752,26.0,14.0,84.51737947060077,85.9375,85.9375,9.141476531749092
session_6.csv,session_6,532,34048,34176,17024,17088,68.096,68.352,relax,0,0,0.0,False,False,1.8970606672041426,2.414869980167182,207.37937249353374,26.0,12.0,80.71236427503716,82.03125,82.03125,6.814959823542792
session_6.csv,session_6,533,34112,34240,17056,17120,68.224,68.48,relax,0,0,0.0,False,False,2.3954069782316783,3.1021528566003433,267.86611281278863,32.0,19.0,78.29118552115999,78.125,82.03125,6.262722928307858
session_6.csv,session_6,534,34176,34304,17088,17152,68.352,68.608,relax,0,0,0.0,False,False,2.7878728657325738,3.3982005586162374,308.8406480589901,37.0,24.0,82.89613696052831,85.9375,74.21875,12.404812388561025
session_6.csv,session_6,535,34240,34368,17120,17184,68.48,68.736,relax,0,37,0.2890625,True,True,9.744367772449394,14.39858355049416,995.1696488454445,42.0,31.0,80.75425405205957,82.03125,82.03125,67.50052073674688
session_6.csv,session_6,536,34304,34432,17152,17216,68.608,68.864,clench,1,101,0.7890625,True,True,14.358296624604831,18.310856465897587,1530.6797329620829,43.0,34.0,85.63215259291631,85.9375,85.9375,625.7687783160301
session_6.csv,session_6,537,34368,34496,17184,17248,68.736,68.992,clench,1,128,1.0,False,False,9.14707598937648,12.731503431924516,975.8712568185155,43.0,35.0,82.88779223509485,82.03125,82.03125,69.29136758468987
session_6.csv,session_6,538,34432,34560,17216,17280,68.864,69.12,clench,1,128,1.0,False,False,5.403403941593266,6.886530537464284,599.5845487105544,39.0,30.0,84.41638948844114,85.9375,97.65625,58.1251095685491
session_6.csv,session_6,539,34496,34624,17248,17312,68.992,69.248,clench,1,128,1.0,False,False,5.95640781046569,7.577281470663433,641.5968396353713,37.0,25.0,80.17470899210753,82.03125,74.21875,33.865457689882554
session_6.csv,session_6,540,34560,34688,17280,17344,69.12,69.376,clench,1,128,1.0,False,False,8.81974753816269,11.38984649775601,1031.271177165377,42.0,37.0,83.88920794056212,85.9375,89.84375,159.32801052116906
session_6.csv,session_6,541,34624,34752,17312,17376,69.248,69.504,clench,1,128,1.0,False,False,9.769325241638175,12.239591062868252,1101.5636221860366,41.0,39.0,79.0524117604088,74.21875,74.21875,105.47918394401253
session_6.csv,session_6,542,34688,34816,17344,17408,69.376,69.632,clench,1,128,1.0,False,False,8.912977059259788,10.839345244313817,989.8168065892246,43.0,38.0,83.32158349487689,85.9375,85.9375,105.1035727109963
session_6.csv,session_6,543,34752,34880,17376,17440,69.504,69.76,clench,1,128,1.0,False,False,8.379717039619482,10.351831328468405,922.8224403291073,44.0,36.0,82.42342467288951,82.03125,78.125,128.51491146438954
session_6.csv,session_6,544,34816,34944,17408,17472,69.632,69.888,clench,1,128,1.0,False,False,7.506240069538348,9.107412644091609,782.8762319929087,41.0,33.0,84.1901111395806,82.03125,82.03125,51.46759154050913
session_6.csv,session_6,545,34880,35008,17440,17504,69.76,70.016,clench,1,128,1.0,False,False,8.364828141924946,10.178412104064819,929.0513777850286,42.0,37.0,82.02343554350897,82.03125,74.21875,84.09342806240517
session_6.csv,session_6,546,34944,35072,17472,17536,69.888,70.144,clench,1,128,1.0,False,False,9.618667644204265,12.382922645373975,1068.122937528691,41.0,35.0,85.20626703611329,85.9375,85.9375,114.04502827498803
session_6.csv,session_6,547,35008,35136,17504,17568,70.016,70.272,clench,1,128,1.0,False,False,8.192315129949911,10.932124186255765,873.7147714865214,38.0,32.0,80.22029568399208,78.125,78.125,197.07542703568092
session_6.csv,session_6,548,35072,35200,17536,17600,70.144,70.4,clench,1,128,1.0,False,False,6.2672287141560945,7.528848156526506,673.9229995594728,41.0,34.0,80.17110817926888,82.03125,85.9375,53.17205201896738
session_6.csv,session_6,549,35136,35264,17568,17632,70.272,70.528,clench,1,128,1.0,False,True,4.5293253218586065,5.4831452998898795,486.2728052834222,38.0,29.0,79.98417299575507,78.125,85.9375,30.28358926981029
session_6.csv,session_6,550,35200,35328,17600,17664,70.4,70.656,clench,1,76,0.59375,True,True,2.8150713321610352,3.4561659107550153,289.649152870236,33.0,20.0,84.52113221299905,85.9375,85.9375,11.095411263307582
session_6.csv,session_6,551,35264,35392,17632,17696,70.528,70.784,relax,0,12,0.09375,True,True,1.7712668749893288,2.2193535503507054,182.36782101690426,25.0,9.0,76.69153206454955,78.125,78.125,6.174547290029144
session_6.csv,session_6,552,35328,35456,17664,17728,70.656,70.912,relax,0,0,0.0,False,False,1.592651883878167,2.040359142983425,171.2659339295619,18.0,8.0,77.23078289708965,70.3125,66.40625,3.5721038351818306
session_6.csv,session_6,553,35392,35520,17696,17760,70.784,71.04,relax,0,0,0.0,False,False,1.9063618488717204,2.363870816236426,200.709475830374,23.0,13.0,82.83257042817232,85.9375,85.9375,6.586570342768191
session_6.csv,session_6,554,35456,35584,17728,17792,70.912,71.168,relax,0,0,0.0,False,False,1.50597390596506,1.9387261717485549,162.4918982593251,19.0,9.0,79.0168287275033,78.125,74.21875,2.810287003647809
session_6.csv,session_6,555,35520,35648,17760,17824,71.04,71.296,relax,0,0,0.0,False,False,1.4288565215542626,1.8737467616096535,147.88800917509937,19.0,7.0,80.60160474731562,82.03125,82.03125,2.3386875740547177
session_6.csv,session_6,556,35584,35712,17792,17856,71.168,71.424,relax,0,0,0.0,False,False,2.4727542022515943,3.0078644780077517,257.74932674184095,34.0,16.0,81.71558291909695,82.03125,85.9375,8.722434884896462
session_6.csv,session_6,557,35648,35776,17824,17888,71.296,71.552,relax,0,0,0.0,False,False,2.867103430707117,3.4777701261396365,298.3520053992368,33.0,19.0,80.9296495463688,82.03125,82.03125,9.79549707053137
session_6.csv,session_6,558,35712,35840,17856,17920,71.424,71.68,relax,0,0,0.0,False,False,2.4210567080159633,3.0626041898311818,258.14267487574574,29.0,17.0,73.70966818695749,66.40625,66.40625,6.502397225640139
session_6.csv,session_6,559,35776,35904,17888,17952,71.552,71.808,relax,0,0,0.0,False,False,2.4485179907198202,3.051413358400626,257.333477166979,30.0,16.0,79.8753007654953,78.125,78.125,5.51919229023486
session_6.csv,session_6,560,35840,35968,17920,17984,71.68,71.936,relax,0,0,0.0,False,False,2.4970132471334696,3.1102115022062793,266.10911837616004,32.0,18.0,82.06799483032515,85.9375,85.9375,15.57443180421351
session_6.csv,session_6,561,35904,36032,17952,18016,71.808,72.064,relax,0,0,0.0,False,False,2.065731895224335,2.6003750883523,220.5493197692192,29.0,16.0,76.61551644972573,74.21875,74.21875,6.754609264553429
session_6.csv,session_6,562,35968,36096,17984,18048,71.936,72.192,relax,0,0,0.0,False,False,1.4434295802745307,1.9024097909642437,153.53747523334175,18.0,8.0,83.75638783836561,89.84375,97.65625,1.5784400275951054
session_6.csv,session_6,563,36032,36160,18016,18080,72.064,72.32,relax,0,0,0.0,False,True,3.0139857786748676,4.340798490058869,315.0969348257358,25.0,14.0,77.25856027350663,74.21875,70.3125,20.445755235134996
session_6.csv,session_6,564,36096,36224,18048,18112,72.192,72.448,relax,0,63,0.4921875,True,True,7.367026867006986,9.950699628568382,785.3383701255455,41.0,31.0,82.9407538546844,89.84375,93.75,159.84366930089263
session_6.csv,session_6,565,36160,36288,18080,18144,72.32,72.576,clench,1,127,0.9921875,True,True,11.57913846216125,14.707738925282742,1266.0988474740107,41.0,37.0,76.84021314907194,78.125,62.5,115.22165117251905
session_6.csv,session_6,566,36224,36352,18112,18176,72.448,72.704,clench,1,128,1.0,False,False,14.376550597149336,17.074694741653683,1569.5769139419872,40.0,39.0,80.62376805749751,74.21875,74.21875,293.434343158871
session_6.csv,session_6,567,36288,36416,18144,18208,72.576,72.832,clench,1,128,1.0,False,False,13.293372259297657,15.463367938371315,1423.286153916612,41.0,37.0,82.09965726707193,82.03125,82.03125,212.10097837495596
session_6.csv,session_6,568,36352,36480,18176,18240,72.704,72.96,clench,1,128,1.0,False,False,9.526871811574788,11.262006204315707,1037.5339078675022,40.0,33.0,77.92688669138725,74.21875,74.21875,127.10481065661028
session_6.csv,session_6,569,36416,36544,18208,18272,72.832,73.088,clench,1,128,1.0,False,False,7.281321172785883,9.30059126340673,789.8234358816287,38.0,31.0,83.83509451097441,85.9375,85.9375,64.84147955931496
session_6.csv,session_6,570,36480,36608,18240,18304,72.96,73.216,clench,1,128,1.0,False,False,5.872529393690048,7.82842862406626,671.4230458228972,42.0,37.0,79.9994927547708,82.03125,85.9375,95.42213610888365
session_6.csv,session_6,571,36544,36672,18272,18336,73.088,73.344,clench,1,128,1.0,False,False,7.165516733501504,9.031964525909828,799.9142149825216,44.0,39.0,83.49330987203905,85.9375,85.9375,87.96646570367425
session_6.csv,session_6,572,36608,36736,18304,18368,73.216,73.472,clench,1,128,1.0,False,False,8.400330371809272,10.337069500227926,921.5144653679785,41.0,36.0,82.14909689634354,85.9375,85.9375,98.9089646871786
session_6.csv,session_6,573,36672,36800,18336,18400,73.344,73.6,clench,1,128,1.0,False,False,7.98216736292065,10.280489856471497,853.4967535897051,39.0,33.0,77.06415724543903,74.21875,74.21875,74.00018710424257
session_6.csv,session_6,574,36736,36864,18368,18432,73.472,73.728,clench,1,100,0.78125,True,True,5.069484211615947,7.96298440489627,534.2653754118427,33.0,22.0,75.15615746398963,74.21875,70.3125,40.589023345356786
session_6.csv,session_6,575,36800,36928,18400,18464,73.6,73.856,relax,0,36,0.28125,True,True,1.6361175028410226,1.9459982742671527,169.67523187349073,24.0,9.0,76.15619244316196,74.21875,74.21875,3.5010395859957124
session_6.csv,session_6,576,36864,36992,18432,18496,73.728,73.984,relax,0,0,0.0,False,False,1.369092668018812,1.7361085362871842,145.7574394711004,19.0,7.0,80.82871032539543,82.03125,97.65625,2.466444250904449
session_6.csv,session_6,577,36928,37056,18464,18528,73.856,74.112,relax,0,0,0.0,False,False,1.4705059203157416,1.9380466829000556,162.74391107488927,23.0,10.0,80.9337008386216,78.125,78.125,3.228321200379907
session_6.csv,session_6,578,36992,37120,18496,18560,73.984,74.24,relax,0,0,0.0,False,False,2.0012236241732992,2.5396980341213986,226.23642723725453,30.0,15.0,85.58035227347844,89.84375,89.84375,7.936110454875526
session_6.csv,session_6,579,37056,37184,18528,18592,74.112,74.368,relax,0,0,0.0,False,False,2.1079331118410005,2.616035424829766,236.18681639716488,30.0,17.0,87.03665759452062,89.84375,89.84375,3.4242106852803427
session_6.csv,session_6,580,37120,37248,18560,18624,74.24,74.496,relax,0,0,0.0,False,False,1.9408092630152356,2.319149893316438,214.51046850367592,32.0,16.0,87.61512495940924,89.84375,89.84375,6.914820427152108
session_6.csv,session_6,581,37184,37312,18592,18656,74.368,74.624,relax,0,0,0.0,False,True,2.6921996225556404,3.803533322848458,297.9943196873376,30.0,17.0,79.44544302969665,78.125,74.21875,3.816948045576154
session_6.csv,session_6,582,37248,37376,18624,18688,74.496,74.752,relax,0,52,0.40625,True,True,9.514591187587165,14.055907962206897,1039.3810113380407,35.0,30.0,81.98110255258462,85.9375,93.75,140.0904494128373
session_6.csv,session_6,583,37312,37440,18656,18720,74.624,74.88,clench,1,116,0.90625,True,True,13.061705320008905,16.53031582629441,1482.5621216222778,43.0,39.0,82.5720582465517,82.03125,82.03125,393.9736050346083
session_6.csv,session_6,584,37376,37504,18688,18752,74.752,75.008,clench,1,128,1.0,False,False,11.365886126030126,13.685572747190262,1227.050710772367,42.0,38.0,80.33732597391834,78.125,66.40625,155.23532404828933
session_6.csv,session_6,585,37440,37568,18720,18784,74.88,75.136,clench,1,128,1.0,False,False,11.40307956665867,14.195920914658576,1216.129136055661,41.0,33.0,82.4058401155614,82.03125,82.03125,176.1210885673758
session_6.csv,session_6,586,37504,37632,18752,18816,75.008,75.264,clench,1,128,1.0,False,False,9.227603357822435,12.12874272441828,1027.3005784638092,42.0,33.0,83.96277687305763,85.9375,85.9375,125.51785672490084
session_6.csv,session_6,587,37568,37696,18784,18848,75.136,75.392,clench,1,104,0.8125,True,True,5.809047852418573,7.525558796987912,632.88272859463,37.0,27.0,75.09734272866758,74.21875,74.21875,38.76793655083531
session_6.csv,session_6,588,37632,37760,18816,18880,75.264,75.52,relax,0,40,0.3125,True,True,2.868613080816543,3.775001103036941,294.61230746476247,30.0,15.0,85.46497631812943,85.9375,97.65625,7.858352657734647
session_6.csv,session_6,589,37696,37824,18848,18912,75.392,75.648,relax,0,0,0.0,False,True,2.098820153803487,2.5757585399887537,220.5452868464675,28.0,14.0,76.44201456592036,74.21875,66.40625,7.227109146594172
session_6.csv,session_6,590,37760,37888,18880,18944,75.52,75.776,relax,0,0,0.0,False,False,2.448527658673642,2.913748312210793,264.6224566070455,33.0,18.0,89.55710682404283,93.75,97.65625,5.792390501522167
session_6.csv,session_6,591,37824,37952,18912,18976,75.648,75.904,relax,0,0,0.0,False,False,2.7265419686590806,3.3538643119123637,287.45904410831326,32.0,16.0,79.28635297784011,82.03125,82.03125,9.589521468762715
session_6.csv,session_6,592,37888,38016,18944,19008,75.776,76.032,relax,0,0,0.0,False,False,2.6168819853108456,3.4037361307770064,284.176828037161,31.0,18.0,82.52158550447406,82.03125,78.125,15.152921848516202
session_6.csv,session_6,593,37952,38080,18976,19040,75.904,76.16,relax,0,0,0.0,False,False,2.1700732348746015,2.771585606607057,232.8626458150773,31.0,16.0,84.10881826330147,85.9375,78.125,6.082723112535711
session_6.csv,session_6,594,38016,38144,19008,19072,76.032,76.288,relax,0,0,0.0,False,False,2.277694205191743,2.672292457175583,226.36767278928215,33.0,13.0,77.78686724822671,74.21875,74.21875,7.633966836370405
session_6.csv,session_6,595,38080,38208,19040,19104,76.16,76.416,relax,0,0,0.0,False,False,2.8439965203227926,3.3509170260914263,303.23286827756255,38.0,21.0,86.98132718649677,89.84375,93.75,12.637955946780254
session_6.csv,session_6,596,38144,38272,19072,19136,76.288,76.544,relax,0,0,0.0,False,False,3.392547561334988,4.252658877835786,366.16824732417655,34.0,22.0,81.39132369201134,78.125,89.84375,8.32987616905549
session_6.csv,session_6,597,38208,38336,19104,19168,76.416,76.672,relax,0,19,0.1484375,True,True,11.542131352294044,17.023110622694173,1224.5283544577924,35.0,27.0,81.2919759476936,78.125,74.21875,309.6455371057595
session_6.csv,session_6,598,38272,38400,19136,19200,76.544,76.8,clench,1,83,0.6484375,True,True,16.064512426857195,20.07168200539709,1738.7031597427303,40.0,36.0,77.96280928394211,78.125,78.125,236.36974736592722
session_6.csv,session_6,599,38336,38464,19168,19232,76.672,76.928,clench,1,128,1.0,False,True,12.309345443018877,15.691032183603955,1401.5741554249012,42.0,39.0,84.94636283406801,82.03125,82.03125,386.4926851616587
session_6.csv,session_6,600,38400,38528,19200,19264,76.8,77.056,clench,1,128,1.0,False,False,10.41332628177901,13.836089253495727,1140.8091663769494,44.0,37.0,80.4952109927039,82.03125,82.03125,65.77233149818366
session_6.csv,session_6,601,38464,38592,19232,19296,76.928,77.184,clench,1,128,1.0,False,False,10.704433801973803,13.813648178346817,1134.0474260125327,43.0,37.0,79.74674725213782,82.03125,82.03125,113.29221288136745
session_6.csv,session_6,602,38528,38656,19264,19328,77.056,77.312,clench,1,128,1.0,False,False,11.247920464667345,13.813548546704146,1152.7520677084235,39.0,33.0,79.79905925296718,78.125,78.125,272.3048698592864
session_6.csv,session_6,603,38592,38720,19296,19360,77.184,77.44,clench,1,128,1.0,False,False,9.42599547783175,11.309466131329332,980.8190638311713,39.0,34.0,78.1432088294146,78.125,78.125,143.51592947032452
session_6.csv,session_6,604,38656,38784,19328,19392,77.312,77.568,clench,1,128,1.0,False,False,9.00011686346894,10.859174631970165,940.031654399238,41.0,33.0,80.17583988464939,78.125,74.21875,82.54838409962262
session_6.csv,session_6,605,38720,38848,19360,19424,77.44,77.696,clench,1,128,1.0,False,False,7.785277819859468,9.571211914958887,847.9797561956251,41.0,31.0,81.62784454504991,82.03125,85.9375,119.68358325983532
session_6.csv,session_6,606,38784,38912,19392,19456,77.568,77.824,clench,1,128,1.0,False,False,4.858008485500193,6.358584549677421,521.9311884496154,40.0,27.0,87.94075828692019,89.84375,89.84375,50.730079558924224
session_6.csv,session_6,607,38848,38976,19424,19488,77.696,77.952,clench,1,128,1.0,False,False,3.7193137771556115,4.941547822169286,402.52553870460326,36.0,23.0,83.9908437351462,85.9375,97.65625,9.562932271816289
session_6.csv,session_6,608,38912,39040,19456,19520,77.824,78.08,clench,1,92,0.71875,True,True,4.087838588432117,5.49163857107176,444.7417687323179,35.0,24.0,79.48113154941386,78.125,78.125,38.25455188548621
session_6.csv,session_6,609,38976,39104,19488,19552,77.952,78.208,relax,0,28,0.21875,True,True,2.938853431600953,4.090107317170457,319.03468292248715,31.0,19.0,81.88487452642676,89.84375,89.84375,9.151500599199883
session_6.csv,session_6,610,39040,39168,19520,19584,78.08,78.336,relax,0,0,0.0,False,False,1.7620374045700444,2.2189627025884464,188.89384665117865,25.0,12.0,83.48706165415157,85.9375,97.65625,1.986885602328326
session_6.csv,session_6,611,39104,39232,19552,19616,78.208,78.464,relax,0,0,0.0,False,False,1.9151622798243397,2.4565858271265655,214.2437934342788,28.0,13.0,88.63456433744851,93.75,93.75,8.358496080618856
session_6.csv,session_6,612,39168,39296,19584,19648,78.336,78.592,relax,0,0,0.0,False,False,2.1840008474410464,2.7254598176639027,237.92828687385546,32.0,16.0,80.089598799628,78.125,97.65625,5.0562742448038165
session_6.csv,session_6,613,39232,39360,19616,19680,78.464,78.72,relax,0,0,0.0,False,False,2.2733827079358813,2.7626393320863563,239.2325762045703,32.0,17.0,80.10255468638063,78.125,74.21875,8.31405284971959
session_6.csv,session_6,614,39296,39424,19648,19712,78.592,78.848,relax,0,0,0.0,False,False,2.383700537472452,2.888829449569181,252.79715325097388,33.0,17.0,80.091367811295,82.03125,82.03125,7.266480726179234
session_6.csv,session_6,615,39360,39488,19680,19744,78.72,78.976,relax,0,19,0.1484375,True,True,6.3298706033681365,10.76104373449873,634.0581284208622,33.0,19.0,78.01453716879026,78.125,70.3125,14.078726581584734
session_6.csv,session_6,616,39424,39552,19712,19776,78.848,79.104,clench,1,83,0.6484375,True,True,21.387697459166052,29.543213638385044,2299.7588426804114,36.0,29.0,76.16386568229582,74.21875,70.3125,916.8985716274702
session_6.csv,session_6,617,39488,39616,19744,19808,78.976,79.232,clench,1,128,1.0,False,True,20.77964350468011,28.820895990971792,2254.8651208841848,42.0,38.0,80.62987431272931,78.125,74.21875,809.3565839372571
session_6.csv,session_6,618,39552,39680,19776,19840,79.104,79.36,clench,1,128,1.0,False,False,8.846696504176421,11.484248247812888,1004.8831605143265,44.0,41.0,84.54521251173507,82.03125,82.03125,128.7136174431027
session_6.csv,session_6,619,39616,39744,19808,19872,79.232,79.488,clench,1,93,0.7265625,True,True,8.86635635105371,11.330587193651724,984.214251411326,41.0,37.0,79.03771979079433,78.125,89.84375,133.06961761631248
session_6.csv,session_6,620,39680,39808,19840,19904,79.36,79.616,relax,0,29,0.2265625,True,True,5.700177874672024,8.357041565533907,624.2129767991006,38.0,28.0,84.98366389486844,85.9375,89.84375,29.34122799382746
session_6.csv,session_6,621,39744,39872,19872,19936,79.488,79.744,relax,0,0,0.0,False,False,1.7571713922710601,2.249727062540424,197.03338366366214,27.0,14.0,82.32797015782442,78.125,74.21875,2.7190604898772146
session_6.csv,session_6,622,39808,39936,19904,19968,79.616,79.872,relax,0,0,0.0,False,False,2.140570582741702,2.7973262937226697,228.50350473311707,27.0,12.0,79.94345199011839,78.125,74.21875,5.285485969230177
session_6.csv,session_6,623,39872,40000,19936,20000,79.744,80.0,relax,0,0,0.0,False,False,2.1146019713469544,2.7972887530148767,223.87088463111357,25.0,12.0,75.65914059958426,74.21875,74.21875,9.393783684658072
session_6.csv,session_6,624,39936,40064,19968,20032,79.872,80.128,relax,0,0,0.0,False,False,1.9486843468991355,2.589530073207305,207.68501984652764,23.0,12.0,77.08657399490984,78.125,78.125,2.9397525123704895
session_6.csv,session_6,625,40000,40128,20000,20064,80.0,80.256,relax,0,0,0.0,False,False,2.7629727602876075,3.322072981598147,295.5729634681548,33.0,17.0,80.2641918024226,82.03125,85.9375,13.930878803719054
session_6.csv,session_6,626,40064,40192,20032,20096,80.128,80.384,relax,0,3,0.0234375,True,True,8.957283358356104,16.92289112763009,898.9465002257173,35.0,21.0,77.55017879065365,78.125,89.84375,21.156316820671304
session_6.csv,session_6,627,40128,40256,20064,20128,80.256,80.512,clench,1,67,0.5234375,True,True,18.251641807757075,25.79226507495374,1962.393927346644,39.0,32.0,83.15028485879411,85.9375,93.75,1249.6235182057083
session_6.csv,session_6,628,40192,40320,20096,20160,80.384,80.64,clench,1,128,1.0,False,True,16.519805727307734,21.811167793821763,1745.9079130589093,41.0,37.0,79.98666191102478,78.125,70.3125,218.51475485117498
session_6.csv,session_6,629,40256,40384,20128,20192,80.512,80.768,clench,1,128,1.0,False,False,12.054545960555231,13.847290221931,1252.9403920680531,41.0,34.0,88.70986017778051,93.75,93.75,157.2406564057568
session_6.csv,session_6,630,40320,40448,20160,20224,80.64,80.896,clench,1,128,1.0,False,False,8.208790035628178,10.720315799622309,847.1629355619636,38.0,29.0,75.51944138919966,70.3125,70.3125,122.67335866092583
session_6.csv,session_6,631,40384,40512,20192,20256,80.768,81.024,clench,1,128,1.0,False,False,3.2342862153195404,4.404076545452331,332.49150643504424,31.0,18.0,75.8158600436428,74.21875,74.21875,11.108089577999777
session_6.csv,session_6,632,40448,40576,20224,20288,80.896,81.152,clench,1,101,0.7890625,True,True,3.2203209280814784,4.0667649551315455,336.64430400666447,34.0,21.0,78.18903847644707,74.21875,70.3125,22.725225573328018
session_6.csv,session_6,633,40512,40640,20256,20320,81.024,81.28,relax,0,37,0.2890625,True,True,3.311741423671204,4.043752144334765,352.33106967887437,41.0,26.0,85.68193135487112,89.84375,97.65625,12.38554958696967
session_6.csv,session_6,634,40576,40704,20288,20352,81.152,81.408,relax,0,0,0.0,False,False,2.515584297812631,2.9858057789338113,253.43345209980603,33.0,14.0,79.34610837661755,78.125,78.125,4.562042917938202
session_6.csv,session_6,635,40640,40768,20320,20384,81.28,81.536,relax,0,0,0.0,False,False,2.4020356422515077,2.9733960088902305,261.87766663873276,32.0,18.0,87.57542044197841,93.75,93.75,11.727369154775067
session_6.csv,session_6,636,40704,40832,20352,20416,81.408,81.664,relax,0,0,0.0,False,False,2.521231276646816,3.1457481809573853,270.22214091051137,33.0,19.0,84.00685041407522,82.03125,82.03125,5.491436042867966
session_6.csv,session_6,637,40768,40896,20384,20448,81.536,81.792,relax,0,0,0.0,False,False,2.1663165416196177,2.7743864497343584,236.22038761247785,31.0,19.0,86.26241588128755,89.84375,97.65625,7.79102787821344
session_6.csv,session_6,638,40832,40960,20416,20480,81.664,81.92,relax,0,0,0.0,False,False,2.187266573648776,2.7508895271914167,236.9746052287488,32.0,20.0,85.13329405413883,85.9375,85.9375,5.246057059274354
session_6.csv,session_6,639,40896,41024,20448,20512,81.792,82.048,relax,0,0,0.0,False,False,2.2052269152271435,2.8149180927644886,228.5659307604263,28.0,15.0,74.11483141345099,74.21875,78.125,7.945229442337068
session_6.csv,session_6,640,40960,41088,20480,20544,81.92,82.176,relax,0,0,0.0,False,False,1.6602768883168837,2.157687048398929,171.471982390817,24.0,9.0,74.67451624952889,70.3125,66.40625,4.19555359642848
session_6.csv,session_6,641,41024,41152,20512,20576,82.048,82.304,relax,0,0,0.0,False,False,2.3302890476303606,3.0138624126365503,241.9305933049327,30.0,13.0,81.43175461342561,82.03125,85.9375,6.84143592484764
session_6.csv,session_6,642,41088,41216,20544,20608,82.176,82.432,relax,0,0,0.0,False,True,3.750778770056813,4.755944419269017,391.75348418423346,39.0,21.0,83.49612080884926,85.9375,85.9375,16.398562645029095
session_6.csv,session_6,643,41152,41280,20576,20640,82.304,82.56,relax,0,41,0.3203125,True,True,11.423223684012797,17.670965975125863,1164.8538059518905,37.0,23.0,81.30392432028061,82.03125,82.03125,120.86798866116608
session_6.csv,session_6,644,41216,41344,20608,20672,82.432,82.688,clench,1,105,0.8203125,True,True,18.027751873853155,24.0495648414372,1867.716705756512,39.0,32.0,79.61934574962704,78.125,82.03125,507.189768756259
session_6.csv,session_6,645,41280,41408,20640,20704,82.56,82.816,clench,1,128,1.0,False,False,16.57674834158234,21.784192236000788,1731.9836196897302,41.0,37.0,83.6713406644281,85.9375,85.9375,828.661350430035
session_6.csv,session_6,646,41344,41472,20672,20736,82.688,82.944,clench,1,128,1.0,False,False,13.983126706725221,17.835080950909393,1458.7483281265997,42.0,37.0,81.13635332009538,85.9375,85.9375,176.6060250837956
session_6.csv,session_6,647,41408,41536,20704,20768,82.816,83.072,clench,1,128,1.0,False,False,8.746753994177134,12.021889536212859,948.1984126298073,39.0,35.0,85.7141839412103,85.9375,89.84375,129.94660098232802
session_6.csv,session_6,648,41472,41600,20736,20800,82.944,83.2,clench,1,128,1.0,False,False,4.976788548922839,6.095027727469833,519.6966994831531,35.0,28.0,76.20830959717459,70.3125,66.40625,37.77001159508753
session_6.csv,session_6,649,41536,41664,20768,20832,83.072,83.328,clench,1,128,1.0,False,False,7.080709678758639,8.779872351584975,747.5484132555997,39.0,29.0,79.65786026237595,78.125,78.125,99.53038018828244
session_6.csv,session_6,650,41600,41728,20800,20864,83.2,83.456,clench,1,128,1.0,False,False,8.265809529304615,10.49282442727935,918.361864460981,40.0,32.0,84.5669531735004,85.9375,82.03125,122.46162527018184
session_6.csv,session_6,651,41664,41792,20832,20896,83.328,83.584,clench,1,128,1.0,False,False,6.644937136346713,8.712002415720832,752.2113628967754,41.0,34.0,79.43481535227906,78.125,78.125,30.502602453300874
session_6.csv,session_6,652,41728,41856,20864,20928,83.456,83.712,clench,1,128,1.0,False,False,8.242754778026764,10.433304806269703,927.9175064855998,42.0,38.0,80.37623466088597,78.125,78.125,131.38216531537296
session_6.csv,session_6,653,41792,41920,20896,20960,83.584,83.84,clench,1,128,1.0,False,False,7.715511363357438,10.31761692681345,870.4275724667953,42.0,35.0,80.93977381256158,82.03125,74.21875,93.60009552534788
session_6.csv,session_6,654,41856,41984,20928,20992,83.712,83.968,clench,1,128,1.0,False,False,4.601410327572494,5.914106530117487,474.65273519341594,41.0,27.0,82.6629749247198,85.9375,85.9375,18.24980290772227
session_6.csv,session_6,655,41920,42048,20960,21024,83.84,84.096,clench,1,128,1.0,False,False,5.344372134544199,6.436719559533938,559.0384387025141,39.0,29.0,83.4086686027633,85.9375,70.3125,41.29371458782704
session_6.csv,session_6,656,41984,42112,20992,21056,83.968,84.224,clench,1,128,1.0,False,False,6.250064104406814,7.570690984198291,660.6275444678663,38.0,30.0,77.75500173318471,78.125,78.125,60.342087714079625
session_6.csv,session_6,657,42048,42176,21024,21088,84.096,84.352,clench,1,128,1.0,False,False,5.778042562762976,7.091299842283844,603.7291507919758,38.0,28.0,79.4235810341399,74.21875,74.21875,48.52543910378255
session_6.csv,session_6,658,42112,42240,21056,21120,84.224,84.48,clench,1,128,1.0,False,False,6.0297657958094515,7.889493482121191,650.7794931688119,37.0,30.0,78.05588954616077,74.21875,74.21875,27.363151760233183
session_6.csv,session_6,659,42176,42304,21088,21152,84.352,84.608,clench,1,128,1.0,False,False,7.697329452651315,10.674400906429009,820.6535282824273,39.0,30.0,81.0786116486907,82.03125,82.03125,229.19382807674793
session_6.csv,session_6,660,42240,42368,21120,21184,84.48,84.736,clench,1,128,1.0,False,False,7.3723427789543265,9.980632603543942,753.6321706535425,39.0,30.0,79.60814625282029,78.125,78.125,63.96526785230648
session_6.csv,session_6,661,42304,42432,21152,21216,84.608,84.864,clench,1,128,1.0,False,True,5.606159832216349,6.68928438593361,605.9017044322012,38.0,30.0,79.85008950829648,78.125,74.21875,34.31245073140268
session_6.csv,session_6,662,42368,42496,21184,21248,84.736,84.992,clench,1,71,0.5546875,True,True,3.6549071796465515,4.732156208608321,394.13475082695635,31.0,20.0,82.40845731805567,82.03125,78.125,23.16323605130859
session_6.csv,session_6,663,42432,42560,21216,21280,84.864,85.12,relax,0,7,0.0546875,True,True,1.6487501876695008,2.174852609227801,177.58654366380068,20.0,8.0,77.20459183086328,70.3125,66.40625,2.001543288402879
session_6.csv,session_6,664,42496,42624,21248,21312,84.992,85.248,relax,0,0,0.0,False,False,1.4904560863882161,1.8272011183643728,165.64697090706048,23.0,9.0,85.49705725574377,89.84375,89.84375,3.4657280169582796
session_6.csv,session_6,665,42560,42688,21280,21344,85.12,85.376,relax,0,0,0.0,False,False,1.8765102896281631,2.3701977558316103,198.8739187643921,24.0,12.0,83.5194102387734,82.03125,82.03125,6.650399309544557
session_6.csv,session_6,666,42624,42752,21312,21376,85.248,85.504,relax,0,0,0.0,False,False,1.8585347375931005,2.3974433213511883,194.13115579845675,20.0,11.0,78.08693347247757,74.21875,93.75,1.8243503654155961
session_6.csv,session_6,667,42688,42816,21344,21408,85.376,85.632,relax,0,0,0.0,False,False,1.382279678414465,1.7874773116840623,144.1010225886272,16.0,6.0,79.03358738648136,78.125,74.21875,4.937557118018635
session_6.csv,session_6,668,42752,42880,21376,21440,85.504,85.76,relax,0,0,0.0,False,False,1.5049867429116894,1.9235570183827388,158.4934048313697,18.0,7.0,74.33656050375116,70.3125,66.40625,3.901904190627195
session_6.csv,session_6,669,42816,42944,21408,21472,85.632,85.888,relax,0,0,0.0,False,False,1.884719167890085,2.3357103075555274,201.2929261028144,27.0,14.0,80.6862496562699,82.03125,93.75,3.304770575791359
session_6.csv,session_6,670,42880,43008,21440,21504,85.76,86.016,relax,0,0,0.0,False,False,2.0833117707395212,2.646635366150727,231.657863443549,28.0,18.0,74.78530601047686,74.21875,70.3125,6.941434213834173
session_6.csv,session_6,671,42944,43072,21472,21536,85.888,86.144,relax,0,0,0.0,False,False,1.8314462273259076,2.3936340741983346,203.544272231355,22.0,15.0,82.8807913913064,82.03125,93.75,5.633938336330775
session_6.csv,session_6,672,43008,43136,21504,21568,86.016,86.272,relax,0,0,0.0,False,False,1.310013301227176,1.6157663781403206,142.00194592956143,18.0,10.0,86.21304730629505,93.75,97.65625,3.5027509829105132
session_6.csv,session_6,673,43072,43200,21536,21600,86.144,86.4,relax,0,0,0.0,False,False,1.320117167846813,1.7002447137698171,139.74939042061985,19.0,9.0,79.49312535244343,82.03125,85.9375,2.150919535415563
session_6.csv,session_6,674,43136,43264,21568,21632,86.272,86.528,relax,0,0,0.0,False,False,1.6111091720711719,2.085260959158055,180.4899269438418,24.0,11.0,85.87280611210123,89.84375,89.84375,5.206296538357762
session_6.csv,session_6,675,43200,43328,21600,21664,86.4,86.656,relax,0,0,0.0,False,False,1.6391030136929334,2.098699754192037,186.17513146622437,23.0,10.0,87.17223303798433,93.75,97.65625,3.7306101408586048
session_6.csv,session_6,676,43264,43392,21632,21696,86.528,86.784,relax,0,0,0.0,False,False,1.2452563058280481,1.623480046647952,138.87198283058785,18.0,7.0,76.09807071338587,78.125,78.125,1.1930040719615844
session_6.csv,session_6,677,43328,43456,21664,21728,86.656,86.912,relax,0,0,0.0,False,False,1.323762851039967,1.6787607501076023,143.8568824057826,21.0,11.0,85.38420271599854,85.9375,93.75,3.574540913884788
session_6.csv,session_6,678,43392,43520,21696,21760,86.784,87.04,relax,0,0,0.0,False,False,1.734597869361834,2.142200345775234,186.12746918083803,26.0,12.0,76.38163434614933,74.21875,70.3125,3.9108127927046765
session_6.csv,session_6,679,43456,43584,21728,21792,86.912,87.168,relax,0,0,0.0,False,False,1.7423558727877588,2.1461296962494094,187.8927901759192,26.0,10.0,76.52464773547752,74.21875,70.3125,2.91005362620291
session_6.csv,session_6,680,43520,43648,21760,21824,87.04,87.296,relax,0,0,0.0,False,False,1.4112962936860534,1.7331700309962859,150.85904115747346,18.0,6.0,83.54086800424285,85.9375,85.9375,3.714438393215927
session_6.csv,session_6,681,43584,43712,21792,21856,87.168,87.424,relax,0,0,0.0,False,False,1.484899703289606,1.8652130089314656,168.39830376590947,21.0,9.0,83.93037799680017,89.84375,89.84375,2.1158494833177732
session_6.csv,session_6,682,43648,43776,21824,21888,87.296,87.552,relax,0,0,0.0,False,False,1.6700629872006816,2.024909940683331,188.880803776195,28.0,15.0,89.68246128688841,89.84375,93.75,6.48638988975721
session_6.csv,session_6,683,43712,43840,21856,21920,87.424,87.68,relax,0,0,0.0,False,False,1.8464192345143697,2.2189809523522266,190.248883066019,28.0,13.0,74.31319278761171,70.3125,70.3125,3.4603305146691112
session_6.csv,session_6,684,43776,43904,21888,21952,87.552,87.808,relax,0,0,0.0,False,False,2.2894980811928343,2.8535381250302394,242.36987978217195,31.0,15.0,79.03603769476535,74.21875,70.3125,5.820178178639546
session_6.csv,session_6,685,43840,43968,21920,21984,87.68,87.936,relax,0,0,0.0,False,False,1.9786565614625002,2.565210277586412,221.7001991558456,27.0,14.0,81.05558081362375,82.03125,89.84375,7.301053820506534
session_6.csv,session_6,686,43904,44032,21952,22016,87.808,88.064,relax,0,0,0.0,False,False,1.3999945187734957,1.7736104226644176,151.93336951646768,16.0,7.0,80.5080875293358,78.125,78.125,2.695130451441795
session_6.csv,session_6,687,43968,44096,21984,22048,87.936,88.192,relax,0,0,0.0,False,False,1.6549257192531783,2.1445110218594268,173.91594868328505,20.0,8.0,77.83463737081003,78.125,82.03125,4.595479708720204
session_6.csv,session_6,688,44032,44160,22016,22080,88.064,88.32,relax,0,38,0.296875,True,True,9.928684037637964,16.371208153040122,1075.9296540899834,35.0,25.0,78.74337773249862,78.125,74.21875,74.65840200135351
session_6.csv,session_6,689,44096,44224,22048,22112,88.192,88.448,clench,1,102,0.796875,True,True,15.436599477781153,19.517037241177274,1682.9007145147793,41.0,38.0,83.23227812284935,85.9375,74.21875,591.8621536320119
session_6.csv,session_6,690,44160,44288,22080,22144,88.32,88.576,clench,1,128,1.0,False,False,11.903036488458056,14.182898595826556,1327.3445283885217,43.0,40.0,82.821032352347,82.03125,85.9375,188.79078685117602
session_6.csv,session_6,691,44224,44352,22112,22176,88.448,88.704,clench,1,128,1.0,False,False,9.471082327469219,11.219655336064735,1034.4859049508136,42.0,37.0,82.84823409547856,78.125,78.125,78.73325984102236
session_6.csv,session_6,692,44288,44416,22144,22208,88.576,88.832,clench,1,128,1.0,False,False,8.848752070292857,10.0420827857106,936.05362332302,42.0,34.0,81.69277660345517,82.03125,82.03125,116.33127518241542
session_6.csv,session_6,693,44352,44480,22176,22240,88.704,88.96,clench,1,128,1.0,False,False,7.916212648801888,9.945433468520172,841.7364887118151,41.0,31.0,84.64261984050032,85.9375,89.84375,123.07451531611501
session_6.csv,session_6,694,44416,44544,22208,22272,88.832,89.088,clench,1,128,1.0,False,False,6.8416985095945755,8.598775918236955,697.9363999559835,41.0,28.0,81.73347080099431,85.9375,97.65625,28.221161034253598
session_6.csv,session_6,695,44480,44608,22240,22304,88.96,89.216,clench,1,128,1.0,False,False,8.404906428706862,10.467155145810478,926.7366664293783,42.0,31.0,86.27651982884849,89.84375,89.84375,83.6295931172498
session_6.csv,session_6,696,44544,44672,22272,22336,89.088,89.344,clench,1,128,1.0,False,False,8.9011418603973,11.589434262293732,1021.8347000103338,40.0,36.0,82.02738668577102,82.03125,82.03125,117.79892440044462
session_6.csv,session_6,697,44608,44736,22304,22368,89.216,89.472,clench,1,128,1.0,False,False,7.177135702930141,9.343900663640595,826.0537926089362,41.0,38.0,84.56020988474536,89.84375,97.65625,110.79367882010813
session_6.csv,session_6,698,44672,44800,22336,22400,89.344,89.6,clench,1,104,0.8125,True,True,5.7751531117922275,7.4372940086993395,614.054879514192,40.0,27.0,80.71810895859856,82.03125,82.03125,72.96176131384246
session_6.csv,session_6,699,44736,44864,22368,22432,89.472,89.728,relax,0,40,0.3125,True,True,4.07538528410727,5.6802704076468045,412.77507313399923,40.0,22.0,81.38099611808265,74.21875,70.3125,9.889220849501255
session_6.csv,session_6,700,44800,44928,22400,22464,89.6,89.856,relax,0,0,0.0,False,True,2.3243783025306612,2.7935157913138675,258.07195394475497,35.0,19.0,85.77595521578391,89.84375,97.65625,5.25474284424624
session_6.csv,session_6,701,44864,44992,22432,22496,89.728,89.984,relax,0,0,0.0,False,False,2.6205442502643166,3.3301535810491023,289.3300050987462,33.0,17.0,79.99593948790448,82.03125,85.9375,8.461437663705242
session_6.csv,session_6,702,44928,45056,22464,22528,89.856,90.112,relax,0,0,0.0,False,False,3.0623841665232714,3.679733799861283,335.5809010643174,39.0,22.0,81.89229616503044,82.03125,82.03125,18.43997410553994
session_6.csv,session_6,703,44992,45120,22496,22560,89.984,90.24,relax,0,0,0.0,False,False,2.471151853204378,3.0121833014608876,273.201517327377,33.0,20.0,80.3494256370621,78.125,78.125,8.394767486102745
session_6.csv,session_6,704,45056,45184,22528,22592,90.112,90.368,relax,0,0,0.0,False,False,1.9454235331021181,2.4652891109953887,212.05308594569144,25.0,15.0,78.98330786269108,74.21875,66.40625,5.161073124019225
session_6.csv,session_6,705,45120,45248,22560,22624,90.24,90.496,relax,0,0,0.0,False,False,2.0107049355986115,2.529201547841354,213.30016190369506,28.0,15.0,83.21327703677898,85.9375,89.84375,3.7583894620386387
session_6.csv,session_6,706,45184,45312,22592,22656,90.368,90.624,relax,0,0,0.0,False,False,2.344998288252472,2.914390703179633,255.76789130302288,32.0,21.0,79.77395326275506,74.21875,70.3125,8.728905442478009
session_6.csv,session_6,707,45248,45376,22624,22688,90.496,90.752,relax,0,0,0.0,False,False,2.6154095125843657,3.1052893806788,275.7808275619996,33.0,19.0,76.91101932747382,74.21875,70.3125,9.472795626077135
session_6.csv,session_6,708,45312,45440,22656,22720,90.624,90.88,relax,0,0,0.0,False,False,2.55976801323288,3.0714186094883775,270.2941572020595,33.0,17.0,78.84582984659414,74.21875,74.21875,9.654129688184975
session_6.csv,session_6,709,45376,45504,22688,22752,90.752,91.008,relax,0,0,0.0,False,False,2.325039563280534,2.8617136971815356,251.4911691489835,31.0,16.0,83.7539911441682,85.9375,89.84375,8.455087329477648
session_6.csv,session_6,710,45440,45568,22720,22784,90.88,91.136,relax,0,0,0.0,False,False,2.335023366549213,2.7345965567371473,232.1058057809662,32.0,14.0,74.9021124070675,70.3125,70.3125,5.212474102853415
session_6.csv,session_6,711,45504,45632,22752,22816,91.008,91.264,relax,0,0,0.0,False,False,2.220301244023392,2.670390319095644,228.74377950782892,31.0,15.0,75.90460939632494,74.21875,74.21875,11.908771783726745
session_6.csv,session_6,712,45568,45696,22784,22848,91.136,91.392,relax,0,0,0.0,False,False,2.2523154332487745,2.714864424933269,243.9343993621905,33.0,19.0,82.31249375691317,82.03125,82.03125,6.463512952877885
session_6.csv,session_6,713,45632,45760,22816,22880,91.264,91.52,relax,0,0,0.0,False,False,2.084005664485263,2.485335850945986,221.89064249771977,32.0,16.0,81.07953886616001,82.03125,82.03125,5.4899761350654845
session_6.csv,session_6,714,45696,45824,22848,22912,91.392,91.648,relax,0,0,0.0,False,True,1.5593700730158595,1.8949592834051163,164.91431593652698,24.0,9.0,79.9642640674932,78.125,74.21875,2.6545214655898803
session_6.csv,session_6,715,45760,45888,22880,22944,91.52,91.776,relax,0,59,0.4609375,True,True,11.326554275067469,18.54699349177466,1263.7452646027232,35.0,26.0,83.72098083121416,85.9375,85.9375,170.78665961578136
session_6.csv,session_6,716,45824,45952,22912,22976,91.648,91.904,clench,1,123,0.9609375,True,True,18.92048289533697,23.420546343677028,2142.049934245002,43.0,41.0,84.31389623005698,85.9375,85.9375,582.8675841227331
session_6.csv,session_6,717,45888,46016,22944,23008,91.776,92.032,clench,1,128,1.0,False,False,12.443230223202715,16.14969597859007,1403.9470697975003,40.0,37.0,78.27825116113165,78.125,74.21875,244.69883989696388
session_6.csv,session_6,718,45952,46080,22976,23040,91.904,92.16,clench,1,128,1.0,False,False,10.526469994291748,13.026643827652405,1164.3208192481443,40.0,34.0,85.68209773809116,85.9375,93.75,251.5895236600172
session_6.csv,session_6,719,46016,46144,23008,23072,92.032,92.288,clench,1,128,1.0,False,False,10.438750988542203,12.950824481212015,1121.601260859523,40.0,37.0,85.15764785603076,89.84375,93.75,156.00658376734012
session_6.csv,session_6,720,46080,46208,23040,23104,92.16,92.416,clench,1,128,1.0,False,False,7.841337882020477,9.930546771072043,834.5305853845637,41.0,35.0,74.93311465007443,74.21875,74.21875,132.59390995700707
session_6.csv,session_6,721,46144,46272,23072,23136,92.288,92.544,clench,1,128,1.0,False,True,5.6077576164676834,7.4235073688665105,590.9628291405977,39.0,28.0,81.49296931387403,85.9375,85.9375,25.417789513784346
session_6.csv,session_6,722,46208,46336,23104,23168,92.416,92.672,clench,1,86,0.671875,True,True,3.230259774711762,4.007683199658493,354.39699133429906,34.0,21.0,80.14585934030643,78.125,78.125,14.82235058589936
session_6.csv,session_6,723,46272,46400,23136,23200,92.544,92.8,relax,0,22,0.171875,True,True,2.671800375891668,3.373909885509023,299.8271437650696,33.0,22.0,78.03192108440092,74.21875,70.3125,8.759356271910475
session_6.csv,session_6,724,46336,46464,23168,23232,92.672,92.928,relax,0,0,0.0,False,False,1.8818145805662585,2.3889053800855593,202.00237683238126,24.0,14.0,80.5186495010905,82.03125,70.3125,5.753197200199674
session_6.csv,session_6,725,46400,46528,23200,23264,92.8,93.056,relax,0,0,0.0,False,False,1.653222376874158,2.042599135800223,173.62735119724397,24.0,9.0,81.77239915602972,82.03125,82.03125,3.1705433466199255
session_6.csv,session_6,726,46464,46592,23232,23296,92.928,93.184,relax,0,0,0.0,False,False,1.9298556321283975,2.367923521752003,210.3992986942004,30.0,14.0,78.93414815379094,74.21875,74.21875,6.298597786555716
session_6.csv,session_6,727,46528,46656,23264,23328,93.056,93.312,relax,0,0,0.0,False,False,1.7521528203709118,2.1513439792793876,196.50862331931881,28.0,16.0,84.91559824827179,85.9375,97.65625,3.4737291501264225
session_6.csv,session_6,728,46592,46720,23296,23360,93.184,93.44,relax,0,0,0.0,False,False,1.6651712936838514,2.012051962618379,187.4164985923781,26.0,13.0,84.45707434590727,85.9375,97.65625,4.589422718856204
session_6.csv,session_6,729,46656,46784,23328,23392,93.312,93.568,relax,0,0,0.0,False,False,1.6343829610246792,2.01739293523161,175.35520760873706,25.0,10.0,77.90759510415072,74.21875,74.21875,2.8600954271251586
session_6.csv,session_6,730,46720,46848,23360,23424,93.44,93.696,relax,0,0,0.0,False,False,1.6809465126358212,2.1714513112473592,181.2235266472744,25.0,9.0,81.00015567603276,85.9375,89.84375,3.4392485755363
session_6.csv,session_6,731,46784,46912,23392,23456,93.568,93.824,relax,0,7,0.0546875,True,True,3.875408950595608,5.959945628858899,399.5085928615647,30.0,16.0,80.51773243691122,78.125,78.125,7.993962010128343
session_6.csv,session_6,732,46848,46976,23424,23488,93.696,93.952,clench,1,71,0.5546875,True,True,12.401666608274407,19.687430517769588,1428.9706777345061,40.0,33.0,81.35380485773362,78.125,78.125,568.1635902144214
session_6.csv,session_6,733,46912,47040,23456,23520,93.824,94.08,clench,1,128,1.0,False,True,14.493294872544643,20.86980669768139,1656.8745788943886,42.0,38.0,85.07031364411773,85.9375,82.03125,193.0524078924513
session_6.csv,session_6,734,46976,47104,23488,23552,93.952,94.208,clench,1,128,1.0,False,False,9.169327627052223,11.405820754412876,1002.8672181940448,40.0,35.0,82.18496886708742,82.03125,85.9375,109.03940375998462
session_6.csv,session_6,735,47040,47168,23520,23584,94.08,94.336,clench,1,128,1.0,False,True,6.196742227147649,7.961329924043493,669.4066141184597,37.0,30.0,79.66393298106979,78.125,78.125,62.3256139288047
session_6.csv,session_6,736,47104,47232,23552,23616,94.208,94.464,clench,1,72,0.5625,True,True,3.23023142800948,4.1803814766970975,336.42475372643986,35.0,23.0,79.62782809879009,82.03125,82.03125,16.875054492753627
session_6.csv,session_6,737,47168,47296,23584,23648,94.336,94.592,relax,0,8,0.0625,True,True,2.0111562989498517,2.3917495367236605,217.3977142420428,31.0,15.0,81.47824396324808,78.125,78.125,2.791441728826297
session_6.csv,session_6,738,47232,47360,23616,23680,94.464,94.72,relax,0,0,0.0,False,False,1.8669459123449168,2.3443243488913548,201.91464964464646,28.0,12.0,83.17093110360753,85.9375,82.03125,8.38991160173358
session_6.csv,session_6,739,47296,47424,23648,23712,94.592,94.848,relax,0,0,0.0,False,False,1.9100325027778084,2.4720322734165134,198.46476546646343,26.0,13.0,79.27305874323714,74.21875,66.40625,1.8678090295288603
session_6.csv,session_6,740,47360,47488,23680,23744,94.72,94.976,relax,0,0,0.0,False,False,1.9775968373075923,2.4846295993106393,204.2784186370094,25.0,14.0,78.88611574264105,78.125,82.03125,8.474400112247471
session_6.csv,session_6,741,47424,47552,23712,23776,94.848,95.104,relax,0,0,0.0,False,False,2.022413892619909,2.491856348245696,225.31896491937852,31.0,18.0,80.34484925830075,85.9375,85.9375,5.42026738162484
session_6.csv,session_6,742,47488,47616,23744,23808,94.976,95.232,relax,0,0,0.0,False,False,2.0926960948378994,2.5614733950459576,229.66027639134762,30.0,15.0,83.20738826946672,82.03125,93.75,8.254091868727457
session_6.csv,session_6,743,47552,47680,23776,23840,95.104,95.36,relax,0,0,0.0,False,False,2.0373165374410562,2.5175767525107666,220.28724555231398,29.0,14.0,79.97995908156776,78.125,82.03125,4.2577707007117445
session_6.csv,session_6,744,47616,47744,23808,23872,95.232,95.488,relax,0,0,0.0,False,False,2.939228351739348,3.9157335404432385,308.0558173361053,33.0,20.0,76.17646489984392,74.21875,74.21875,7.689604538985181
session_6.csv,session_6,745,47680,47808,23840,23904,95.36,95.616,relax,0,36,0.28125,True,True,10.800447675868906,15.914701511111595,1168.7829040006707,40.0,33.0,83.44972417709366,85.9375,85.9375,233.70976278917178
session_6.csv,session_6,746,47744,47872,23872,23936,95.488,95.744,clench,1,100,0.78125,True,True,12.936218250966917,16.889965668880407,1396.0358620012028,40.0,36.0,78.78292729256401,74.21875,70.3125,247.54219669273002
session_6.csv,session_6,747,47808,47936,23904,23968,95.616,95.872,clench,1,128,1.0,False,False,7.9404879440955165,9.413460261506298,810.8672675598923,38.0,30.0,77.82331716565038,78.125,78.125,62.65592330690442
session_6.csv,session_6,748,47872,48000,23936,24000,95.744,96.0,clench,1,128,1.0,False,False,6.124891407166613,7.818208138458608,656.9827651221941,38.0,27.0,77.38043876777823,74.21875,74.21875,89.86893540442111
session_6.csv,session_6,749,47936,48064,23968,24032,95.872,96.128,clench,1,128,1.0,False,False,4.581130338305693,5.636032652512462,496.7275030651786,39.0,30.0,88.4248916368457,85.9375,85.9375,29.1177606400889
session_6.csv,session_6,750,48000,48128,24000,24064,96.0,96.256,clench,1,128,1.0,False,False,6.597998557827039,8.45269361257696,712.9354380811294,40.0,32.0,80.60249829032455,82.03125,85.9375,69.3542248150868
session_6.csv,session_6,751,48064,48192,24032,24096,96.128,96.384,clench,1,128,1.0,False,False,8.343022428635976,10.467497644465059,922.3627183872584,40.0,33.0,80.78256589354714,82.03125,70.3125,89.46015014881635
session_6.csv,session_6,752,48128,48256,24064,24128,96.256,96.512,clench,1,108,0.84375,True,True,6.928196894416253,9.214076901594964,730.0195068872672,34.0,26.0,79.91349852445279,78.125,78.125,90.97182375568833
session_6.csv,session_6,753,48192,48320,24096,24160,96.384,96.64,relax,0,44,0.34375,True,True,4.283193320257474,6.117374149989882,437.49434253710496,35.0,23.0,71.97878977343052,70.3125,70.3125,21.7971802855327
session_6.csv,session_6,754,48256,48384,24128,24192,96.512,96.768,relax,0,0,0.0,False,True,2.82210614147196,3.5281763836339306,315.9791352717993,37.0,23.0,82.89629253547855,78.125,78.125,6.743388768559686
session_6.csv,session_6,755,48320,48448,24160,24224,96.64,96.896,relax,0,0,0.0,False,False,2.7691740602506383,3.4083059969480742,295.81713508456727,34.0,17.0,81.23099621647938,82.03125,85.9375,11.30176140026219
session_6.csv,session_6,756,48384,48512,24192,24256,96.768,97.024,relax,0,0,0.0,False,False,2.031847896927837,2.5314204764422694,212.5675787005658,26.0,12.0,79.93725898500328,78.125,70.3125,6.220890511017642
session_6.csv,session_6,757,48448,48576,24224,24288,96.896,97.152,relax,0,0,0.0,False,False,1.660971340510336,2.121394453969334,192.33715308226505,26.0,14.0,84.47962636917529,89.84375,89.84375,4.000627540598716
session_6.csv,session_6,758,48512,48640,24256,24320,97.024,97.28,relax,0,0,0.0,False,False,1.7542203160621892,2.1989916793383824,193.68192318150096,28.0,14.0,84.9045163865557,89.84375,89.84375,2.793812930154407
session_6.csv,session_6,759,48576,48704,24288,24352,97.152,97.408,relax,0,0,0.0,False,False,2.1326172945282473,2.8375782383176067,233.2436321204257,27.0,13.0,81.35982871379905,78.125,93.75,10.47490871090203
session_6.csv,session_6,760,48640,48768,24320,24384,97.28,97.536,relax,0,0,0.0,False,False,2.174817239940543,2.894001467842727,237.75504234204,25.0,14.0,79.35813650878528,82.03125,85.9375,6.420391637372245
session_6.csv,session_6,761,48704,48832,24352,24416,97.408,97.664,relax,0,0,0.0,False,True,2.4405556345390957,3.8663838491757274,259.5592802914932,29.0,17.0,89.96775198771007,93.75,97.65625,4.004041321222128
session_6.csv,session_6,762,48768,48896,24384,24448,97.536,97.792,relax,0,44,0.34375,True,True,12.47174841284587,19.939073916843803,1362.446748772809,38.0,29.0,75.60466118035514,74.21875,74.21875,198.65542619616144
session_6.csv,session_6,763,48832,48960,24416,24480,97.664,97.92,clench,1,108,0.84375,True,True,14.993546138191526,20.860511150126914,1637.18221125937,41.0,36.0,82.06454908921054,82.03125,85.9375,557.8645783883819
session_6.csv,session_6,764,48896,49024,24448,24512,97.792,98.048,clench,1,128,1.0,False,False,8.151159844814057,10.263695601571191,907.9092756050975,42.0,34.0,86.87364949805247,89.84375,93.75,117.59505513359481
session_6.csv,session_6,765,48960,49088,24480,24544,97.92,98.176,clench,1,128,1.0,False,False,6.6517709714028825,8.658466188456835,731.6162516001065,40.0,30.0,81.94550681758962,82.03125,82.03125,67.44531624630183
session_6.csv,session_6,766,49024,49152,24512,24576,98.048,98.304,clench,1,128,1.0,False,False,7.374055223773543,9.321372595534791,770.0837005042291,39.0,32.0,84.66955271358773,85.9375,85.9375,103.50212099319134
session_6.csv,session_6,767,49088,49216,24544,24608,98.176,98.432,clench,1,128,1.0,False,False,8.999417766276824,11.02316203458071,960.5589134913303,41.0,35.0,77.33394368267011,74.21875,74.21875,143.36271726168127
session_6.csv,session_6,768,49152,49280,24576,24640,98.304,98.56,clench,1,128,1.0,False,False,7.1391192303285536,9.065470753701959,769.6909254758308,39.0,31.0,82.33637492001907,85.9375,89.84375,51.72681588901309
session_6.csv,session_6,769,49216,49344,24608,24672,98.432,98.688,clench,1,128,1.0,False,False,5.412929514419628,6.8486457417986015,605.2757003364383,41.0,32.0,80.04518976492247,78.125,74.21875,45.54503554772382
session_6.csv,session_6,770,49280,49408,24640,24704,98.56,98.816,clench,1,127,0.9921875,True,True,4.716237983965368,5.758025145644733,496.3092286572591,42.0,27.0,85.89616550638291,89.84375,89.84375,43.86175818589953
session_6.csv,session_6,771,49344,49472,24672,24736,98.688,98.944,relax,0,63,0.4921875,True,True,3.0295614519498812,4.028625009731438,301.24081085065416,30.0,14.0,76.33264911280904,74.21875,70.3125,10.188870883509676
session_6.csv,session_6,772,49408,49536,24704,24768,98.816,99.072,relax,0,0,0.0,False,True,1.5296381328133402,1.9290439567738846,161.11167682327843,21.0,10.0,74.46810251635267,70.3125,70.3125,3.1968759833939324
session_6.csv,session_6,773,49472,49600,24736,24800,98.944,99.2,relax,0,0,0.0,False,False,1.7150743639281283,2.1873328852180576,188.31093319692206,24.0,10.0,80.35692007040697,78.125,85.9375,4.387095239556139
session_6.csv,session_6,774,49536,49664,24768,24832,99.072,99.328,relax,0,0,0.0,False,False,1.991855787849841,2.4565754600957574,223.00020278084068,30.0,13.0,83.35248494267572,78.125,78.125,6.4786016914320905
session_6.csv,session_6,775,49600,49728,24800,24864,99.2,99.456,relax,0,0,0.0,False,False,2.4365851325386307,2.9900040181189875,276.6197989173404,37.0,21.0,83.58395356094933,85.9375,85.9375,7.976140009779618
session_6.csv,session_6,776,49664,49792,24832,24896,99.328,99.584,relax,0,0,0.0,False,False,2.5815407012776186,3.176668860432052,290.56085944063227,39.0,26.0,81.79705357506673,82.03125,82.03125,8.796310628211112
session_6.csv,session_6,777,49728,49856,24864,24928,99.456,99.712,relax,0,0,0.0,False,False,2.1281437964921492,2.671759143076276,238.18773049154294,33.0,20.0,80.42167096507136,82.03125,70.3125,6.726161152837706
session_6.csv,session_6,778,49792,49920,24896,24960,99.584,99.84,relax,0,0,0.0,False,True,3.3557889916620325,5.352083691375157,367.60470603953104,27.0,18.0,80.07243636045241,82.03125,66.40625,7.566831901241907
session_6.csv,session_6,779,49856,49984,24928,24992,99.712,99.968,relax,0,52,0.40625,True,True,12.0405210998224,17.942054585581417,1344.822115870202,32.0,29.0,78.91973980709578,78.125,78.125,490.53463267019066
session_6.csv,session_6,780,49920,50048,24960,25024,99.84,100.096,clench,1,116,0.90625,True,True,17.586896777990944,22.21182445904016,1974.7022657797975,41.0,37.0,86.63086907684772,85.9375,82.03125,488.9347542257613
session_6.csv,session_6,781,49984,50112,24992,25056,99.968,100.224,clench,1,128,1.0,False,False,12.030031327731475,16.41547765665524,1364.5356082884516,42.0,36.0,86.13919899386592,85.9375,97.65625,143.69926155944881
session_6.csv,session_6,782,50048,50176,25024,25088,100.096,100.352,clench,1,128,1.0,False,False,8.7058308269714,11.42786396435361,977.9821835733223,42.0,35.0,86.34344196023777,93.75,97.65625,115.23444040462158
session_6.csv,session_6,783,50112,50240,25056,25120,100.224,100.48,clench,1,128,1.0,False,False,8.818992294521374,10.779821711414119,988.2202636749637,42.0,37.0,83.40770006059549,85.9375,85.9375,158.4089702439615
session_6.csv,session_6,784,50176,50304,25088,25152,100.352,100.608,clench,1,128,1.0,False,False,9.053587997424358,11.683162696206724,1006.4636971232954,38.0,34.0,77.41644612639628,78.125,78.125,70.24363142863065
session_6.csv,session_6,785,50240,50368,25120,25184,100.48,100.736,clench,1,128,1.0,False,False,10.57628727301864,13.243568377086033,1163.421293691117,40.0,35.0,82.67157277402556,82.03125,78.125,165.96166826762644
session_6.csv,session_6,786,50304,50432,25152,25216,100.608,100.864,clench,1,128,1.0,False,False,8.440753265114939,10.968912168788584,907.9305260168733,39.0,31.0,77.36549289384783,74.21875,74.21875,135.6906164599439
session_6.csv,session_6,787,50368,50496,25184,25248,100.736,100.992,clench,1,122,0.953125,True,True,4.737635611971831,6.148460408704692,499.9356931574477,37.0,25.0,80.0253023152988,82.03125,89.84375,30.63939125724134
session_6.csv,session_6,788,50432,50560,25216,25280,100.864,101.12,relax,0,58,0.453125,True,True,3.124992707816962,4.20070066967476,341.37861110009163,37.0,23.0,83.98468928257648,78.125,78.125,10.482616081679284
session_6.csv,session_6,789,50496,50624,25248,25312,100.992,101.248,relax,0,0,0.0,False,True,1.9056202964064937,2.2969319978166536,206.26323298628597,30.0,16.0,78.37402087762335,78.125,78.125,4.741827823263488
session_6.csv,session_6,790,50560,50688,25280,25344,101.12,101.376,relax,0,0,0.0,False,False,1.8008995162669397,2.255276442243574,180.2376020840525,24.0,11.0,78.59097160268085,74.21875,70.3125,2.4213813948513407
session_6.csv,session_6,791,50624,50752,25312,25376,101.248,101.504,relax,0,0,0.0,False,False,2.3915762473737523,3.0220148094796895,251.7467903604389,31.0,18.0,83.09753335205451,82.03125,78.125,14.960042738948475
session_6.csv,session_6,792,50688,50816,25344,25408,101.376,101.632,relax,0,0,0.0,False,False,2.104967468284664,2.755962277254515,222.0292888612925,27.0,13.0,78.33480381374895,78.125,74.21875,4.5400129092788
session_6.csv,session_6,793,50752,50880,25376,25440,101.504,101.76,relax,0,0,0.0,False,False,1.7516622580506644,2.2217788623659374,190.38320387916104,22.0,9.0,77.20952385665409,82.03125,82.03125,5.119312523761461
session_6.csv,session_6,794,50816,50944,25408,25472,101.632,101.888,relax,0,0,0.0,False,True,2.4542833381083935,3.130309357459765,272.06776857053893,33.0,19.0,87.78439500543874,89.84375,97.65625,6.1905950204383196
session_6.csv,session_6,795,50880,51008,25440,25504,101.76,102.016,relax,0,50,0.390625,True,True,8.455146633013458,12.611822394602408,939.6218914411179,40.0,30.0,86.62451879144074,89.84375,93.75,61.030594132558
session_6.csv,session_6,796,50944,51072,25472,25536,101.888,102.144,clench,1,114,0.890625,True,True,14.637021973214612,17.908549641762633,1575.9289432966823,42.0,37.0,78.776455524827,78.125,78.125,405.20721872441516
session_6.csv,session_6,797,51008,51136,25504,25568,102.016,102.272,clench,1,128,1.0,False,False,15.062483865772194,18.674661617157916,1636.973877756807,43.0,38.0,83.62001767988994,82.03125,78.125,246.91712111337193
session_6.csv,session_6,798,51072,51200,25536,25600,102.144,102.4,clench,1,128,1.0,False,False,11.033758737477877,14.998770957906563,1245.1096490048012,40.0,34.0,84.91151600325144,85.9375,85.9375,177.82093665940758
session_6.csv,session_6,799,51136,51264,25568,25632,102.272,102.528,clench,1,128,1.0,False,False,8.387620663321613,10.922105238232641,918.4388534958695,38.0,31.0,77.99682698974907,78.125,78.125,139.44092685041022
session_6.csv,session_6,800,51200,51328,25600,25664,102.4,102.656,clench,1,128,1.0,False,False,8.96237618580381,10.96262131984558,976.6253743621716,41.0,32.0,86.76912330397181,89.84375,89.84375,111.56956588293471
session_6.csv,session_6,801,51264,51392,25632,25696,102.528,102.784,clench,1,128,1.0,False,False,7.729851035488798,9.36664031803026,844.3022857205839,42.0,34.0,77.06013011736405,74.21875,74.21875,42.52129230386088
session_6.csv,session_6,802,51328,51456,25664,25728,102.656,102.912,clench,1,128,1.0,False,False,8.983454644644631,11.017112383986067,974.3286029753789,42.0,34.0,83.41075842409155,82.03125,85.9375,190.55328045751696
session_6.csv,session_6,803,51392,51520,25696,25760,102.784,103.04,clench,1,128,1.0,False,False,7.972885619763317,9.980163549466253,842.8767098608338,40.0,32.0,80.66726203214834,82.03125,85.9375,55.296260547241566
session_6.csv,session_6,804,51456,51584,25728,25792,102.912,103.168,clench,1,128,1.0,False,False,7.655596883574537,9.941057525623311,809.6568493213437,38.0,32.0,76.32238282277102,74.21875,74.21875,56.134477708788395
session_6.csv,session_6,805,51520,51648,25760,25824,103.04,103.296,clench,1,128,1.0,False,False,7.9107122930814295,10.049831109522948,848.7091043490574,42.0,35.0,78.62015131387916,78.125,74.21875,123.92007007498711
session_6.csv,session_6,806,51584,51712,25792,25856,103.168,103.424,clench,1,128,1.0,False,False,5.040745165111625,6.001156186874407,570.2859244510266,45.0,36.0,90.7011235486381,93.75,93.75,30.855474356063223
session_6.csv,session_6,807,51648,51776,25824,25888,103.296,103.552,clench,1,128,1.0,False,False,3.890872971389369,4.705496270650534,426.20916113328417,41.0,30.0,82.71561177311163,82.03125,78.125,20.415194604893443
session_6.csv,session_6,808,51712,51840,25856,25920,103.424,103.68,clench,1,128,1.0,False,True,3.946369439845001,4.6738104948395,401.97219853774976,39.0,24.0,75.42791315226243,70.3125,70.3125,25.689734562190708
session_6.csv,session_6,809,51776,51904,25888,25952,103.552,103.808,clench,1,69,0.5390625,True,True,3.7032083423612656,4.337010794380539,353.9793190151771,37.0,19.0,75.73905098039094,74.21875,74.21875,15.949385365286506
session_6.csv,session_6,810,51840,51968,25920,25984,103.68,103.936,relax,0,5,0.0390625,True,True,2.9932743585646255,3.76753753000046,320.6923701374045,36.0,20.0,80.19623275733059,78.125,78.125,8.809494084894562
session_6.csv,session_6,811,51904,52032,25952,26016,103.808,104.064,relax,0,0,0.0,False,False,2.1326679146080894,3.0389019442911476,227.08904141371016,25.0,13.0,79.13194769715587,74.21875,74.21875,8.650257939563648
session_6.csv,session_6,812,51968,52096,25984,26048,103.936,104.192,relax,0,0,0.0,False,False,2.0850087993253466,2.95294435808539,217.3891260233135,26.0,17.0,83.41252501397342,85.9375,89.84375,14.328512718901237
session_6.csv,session_6,813,52032,52160,26016,26080,104.064,104.32,relax,0,0,0.0,False,False,2.278441660316017,3.055474121681605,246.03774572246368,30.0,18.0,82.7502997780512,78.125,78.125,3.499456826404088
session_6.csv,session_6,814,52096,52224,26048,26112,104.192,104.448,relax,0,0,0.0,False,False,1.690367245884854,2.046553961460616,184.86599730721068,25.0,13.0,81.75858781894931,82.03125,82.03125,2.4230322333800567
session_6.csv,session_6,815,52160,52288,26080,26144,104.32,104.576,relax,0,0,0.0,False,False,2.069991311971631,2.5715093814046432,211.97834441133028,25.0,12.0,80.01485820084274,78.125,74.21875,6.222866399051309
session_6.csv,session_6,816,52224,52352,26112,26176,104.448,104.704,relax,0,0,0.0,False,False,2.340410907366398,2.801440410502381,240.75699042847907,30.0,13.0,76.02855939107056,70.3125,70.3125,9.57132151703745
session_6.csv,session_6,817,52288,52416,26144,26208,104.576,104.832,relax,0,0,0.0,False,False,2.387123289667122,2.8414322626835458,249.1164949742248,33.0,17.0,79.84798994320983,78.125,78.125,6.620929697109622
session_6.csv,session_6,818,52352,52480,26176,26240,104.704,104.96,relax,0,20,0.15625,True,True,16.882527850508687,28.494346975425167,1764.8302616828978,37.0,28.0,76.28261111727046,74.21875,74.21875,349.0337910869359
session_6.csv,session_6,819,52416,52544,26208,26272,104.832,105.088,clench,1,84,0.65625,True,True,23.326760437567863,31.7545344171118,2522.8412473715725,43.0,40.0,81.2421106537825,78.125,74.21875,1306.2110591534115
session_6.csv,session_6,820,52480,52608,26240,26304,104.96,105.216,clench,1,128,1.0,False,True,14.651668486311813,18.53326865667646,1615.563930385178,44.0,39.0,81.9931822470804,78.125,74.21875,261.65481059365527
session_6.csv,session_6,821,52544,52672,26272,26336,105.088,105.344,clench,1,128,1.0,False,False,10.17441824604957,13.119744885187258,1069.3897498492317,40.0,32.0,79.95539710849631,74.21875,74.21875,146.59271077092757
session_6.csv,session_6,822,52608,52736,26304,26368,105.216,105.472,clench,1,128,1.0,False,True,8.462598137922104,11.94359111041638,883.8009086184616,37.0,30.0,81.07117106667616,82.03125,74.21875,41.03838059082254
session_6.csv,session_6,823,52672,52800,26336,26400,105.344,105.6,clench,1,65,0.5078125,True,True,7.837259809937616,11.493673350066269,800.8491460081573,38.0,27.0,79.5675696027982,78.125,82.03125,231.09861337017452
session_6.csv,session_6,824,52736,52864,26368,26432,105.472,105.728,relax,0,1,0.0078125,True,True,4.010584368548367,5.027653842083018,416.7267198668256,37.0,23.0,78.62489646654862,74.21875,74.21875,16.81627777998635
session_6.csv,session_6,825,52800,52928,26400,26464,105.6,105.856,relax,0,0,0.0,False,False,2.3994669741534733,3.038897576602646,261.0204280014395,30.0,18.0,86.13684054067753,89.84375,93.75,8.404388638907873
session_6.csv,session_6,826,52864,52992,26432,26496,105.728,105.984,relax,0,0,0.0,False,False,1.6914117654110161,2.197995627788875,179.95989499782638,21.0,11.0,81.7281769610718,82.03125,85.9375,5.113814269822554
session_6.csv,session_6,827,52928,53056,26464,26528,105.856,106.112,relax,0,0,0.0,False,False,2.135668925767824,2.7962742863741887,222.40407682608665,23.0,12.0,82.06102756399632,82.03125,85.9375,3.623810307470115
session_6.csv,session_6,828,52992,53120,26496,26560,105.984,106.24,relax,0,0,0.0,False,False,2.9760066516437655,3.6394426313559163,319.4368141436306,32.0,21.0,77.76652706218007,74.21875,70.3125,16.7656936839327
session_6.csv,session_6,829,53056,53184,26528,26592,106.112,106.368,relax,0,0,0.0,False,False,2.773149042585424,3.3522347817592526,285.0459357014892,33.0,18.0,79.94045876135868,82.03125,66.40625,9.777383269600344
session_6.csv,session_6,830,53120,53248,26560,26624,106.24,106.496,relax,0,0,0.0,False,False,2.2164907553766104,2.735914034783896,221.39750123948386,28.0,13.0,76.01340874343961,74.21875,74.21875,4.702392987192029
session_6.csv,session_6,831,53184,53312,26592,26656,106.368,106.624,relax,0,35,0.2734375,True,True,12.358432843579886,22.318497782758538,1308.8257274397693,34.0,26.0,81.96791932195383,82.03125,82.03125,182.0142661206457
session_6.csv,session_6,832,53248,53376,26624,26688,106.496,106.752,clench,1,99,0.7734375,True,True,18.519078571014944,25.34583703212697,1933.6553342503112,41.0,39.0,83.04481704323865,82.03125,78.125,823.1076134452821
session_6.csv,session_6,833,53312,53440,26656,26720,106.624,106.88,clench,1,128,1.0,False,False,13.59564006734993,17.511880681821516,1486.087875873564,42.0,40.0,80.56840759123203,78.125,74.21875,395.20533451928014
session_6.csv,session_6,834,53376,53504,26688,26752,106.752,107.008,clench,1,128,1.0,False,False,9.754160175449869,13.896055940323041,1089.8927558390108,45.0,41.0,89.21065328683073,93.75,97.65625,46.058157393750534
session_6.csv,session_6,835,53440,53568,26720,26784,106.88,107.136,clench,1,128,1.0,False,False,5.554940173695671,7.074775843946172,618.235932003715,40.0,31.0,82.92895037820202,85.9375,85.9375,63.006833965460196
session_6.csv,session_6,836,53504,53632,26752,26816,107.008,107.264,clench,1,128,1.0,False,False,6.153675152126599,7.918898767491682,647.2597642174339,36.0,27.0,77.36333441131883,78.125,66.40625,48.374449511318105
session_6.csv,session_6,837,53568,53696,26784,26848,107.136,107.392,clench,1,128,1.0,False,False,7.533786288573591,9.515754945790832,834.1395709325213,40.0,33.0,79.0528835206284,82.03125,85.9375,126.70298938083904
session_6.csv,session_6,838,53632,53760,26816,26880,107.264,107.52,clench,1,128,1.0,False,True,6.1407362073337355,8.287742133067983,677.4980952102644,37.0,27.0,81.58675278052861,78.125,78.125,35.65243322509625
session_6.csv,session_6,839,53696,53824,26848,26912,107.392,107.648,clench,1,68,0.53125,True,True,4.932708044212246,6.621708650798488,525.5580438923613,37.0,23.0,78.11039102090643,74.21875,74.21875,84.16119999822985
session_6.csv,session_6,840,53760,53888,26880,26944,107.52,107.776,relax,0,4,0.03125,True,True,3.192015822037155,4.562506689935426,323.09452331358926,30.0,18.0,79.72734828081275,78.125,74.21875,8.661355221172965
session_6.csv,session_6,841,53824,53952,26912,26976,107.648,107.904,relax,0,0,0.0,False,False,1.4568271477672308,1.8222089890019686,160.48145041636815,20.0,9.0,82.97012214471623,85.9375,97.65625,2.5305919837961226
session_6.csv,session_6,842,53888,54016,26944,27008,107.776,108.032,relax,0,0,0.0,False,False,1.544431247240359,1.9162827274576668,159.58116315632117,22.0,9.0,80.6051753731276,82.03125,85.9375,3.974961291461447
session_6.csv,session_6,843,53952,54080,26976,27040,107.904,108.16,relax,0,0,0.0,False,False,2.5445235832078645,3.061057670014783,265.3024184408511,36.0,18.0,82.0869012194421,85.9375,85.9375,11.670479222952887
session_6.csv,session_6,844,54016,54144,27008,27072,108.032,108.288,relax,0,0,0.0,False,False,2.311231356381188,2.86427961126171,236.03525801380866,31.0,15.0,86.40346473480926,85.9375,85.9375,7.441930440115493
session_6.csv,session_6,845,54080,54208,27040,27104,108.16,108.416,relax,0,0,0.0,False,False,2.1586706653444825,2.950176163586443,237.56768679234082,27.0,16.0,81.31485602865676,82.03125,85.9375,11.705674468640769
session_6.csv,session_6,846,54144,54272,27072,27136,108.288,108.544,relax,0,0,0.0,False,False,2.2946194558632014,3.0341640120670146,251.28863279820777,27.0,17.0,81.95130918702881,85.9375,85.9375,6.94561474843016
session_6.csv,session_6,847,54208,54336,27104,27168,108.416,108.672,relax,0,0,0.0,False,False,1.6692016904597664,2.02680082508448,174.7268744454681,21.0,9.0,71.2745460345303,70.3125,70.3125,2.631567378670812
session_6.csv,session_6,848,54272,54400,27136,27200,108.544,108.8,relax,0,0,0.0,False,False,1.9715458745036856,2.444136964864661,212.2945165577534,27.0,13.0,81.46664820037356,78.125,97.65625,5.326086069523523
session_6.csv,session_6,849,54336,54464,27168,27232,108.672,108.928,relax,0,0,0.0,False,False,1.6931957954516357,2.2122056695865746,178.34639033357092,20.0,9.0,82.67324897518341,85.9375,93.75,4.441445600216174
session_6.csv,session_6,850,54400,54528,27200,27264,108.8,109.056,relax,0,0,0.0,False,True,2.9593849531762793,4.4289486986675835,330.43135205146325,23.0,17.0,78.24259956188936,74.21875,74.21875,11.7307730247774
session_6.csv,session_6,851,54464,54592,27232,27296,108.928,109.184,relax,0,53,0.4140625,True,True,11.16041505750923,18.62377962911935,1174.1982028800649,37.0,31.0,82.45694119962357,85.9375,89.84375,184.90283473269696
session_6.csv,session_6,852,54528,54656,27264,27328,109.056,109.312,clench,1,117,0.9140625,True,True,13.34761024089569,19.876637564167577,1407.0231690956882,40.0,30.0,80.81410316919873,82.03125,85.9375,419.32624924127646
session_6.csv,session_6,853,54592,54720,27296,27360,109.184,109.44,clench,1,128,1.0,False,False,8.393593729449977,11.170731550963836,928.5050126617696,41.0,30.0,83.89701986601004,85.9375,85.9375,147.8317371557499
session_6.csv,session_6,854,54656,54784,27328,27392,109.312,109.568,clench,1,128,1.0,False,False,7.783256451356801,10.13895855974592,873.0877052973007,43.0,34.0,82.53046618394235,82.03125,82.03125,56.19440674240609
session_6.csv,session_6,855,54720,54848,27360,27424,109.44,109.696,clench,1,128,1.0,False,False,8.63927571734315,10.556128322828474,940.3792313765495,40.0,34.0,80.52694492916277,82.03125,85.9375,75.05822853538629
session_6.csv,session_6,856,54784,54912,27392,27456,109.568,109.824,clench,1,128,1.0,False,False,7.502117768995913,9.709204512405442,806.1634629366595,40.0,33.0,80.25329750505307,78.125,74.21875,93.82793101383022
session_6.csv,session_6,857,54848,54976,27424,27488,109.696,109.952,clench,1,128,1.0,False,False,5.962730658109207,7.3937603536706105,681.067784821612,44.0,41.0,86.77353204717507,89.84375,93.75,76.2322024148003
session_6.csv,session_6,858,54912,55040,27456,27520,109.824,110.08,clench,1,128,1.0,False,False,6.531621713667442,8.113579229371664,732.6152976103779,43.0,35.0,87.1590784350446,89.84375,93.75,72.05551358563538
session_6.csv,session_6,859,54976,55104,27488,27552,109.952,110.208,clench,1,128,1.0,False,False,8.318535270569164,11.056970621898316,839.7851700858034,38.0,24.0,82.8712903922889,85.9375,85.9375,184.26810951508278
session_6.csv,session_6,860,55040,55168,27520,27584,110.08,110.336,clench,1,128,1.0,False,False,10.238590498418926,12.611298242874225,1038.972169604114,38.0,28.0,80.6777448599927,78.125,78.125,67.84302336875479
session_6.csv,session_6,861,55104,55232,27552,27616,110.208,110.464,clench,1,128,1.0,False,False,8.402167261702617,10.330543283150499,857.5625371058618,36.0,28.0,79.50038574927663,78.125,78.125,133.49279898840436
session_6.csv,session_6,862,55168,55296,27584,27648,110.336,110.592,clench,1,128,1.0,False,False,8.004182813943327,10.055846301721921,835.4777437154294,37.0,27.0,78.2501395702009,78.125,85.9375,99.4167920136321
session_6.csv,session_6,863,55232,55360,27616,27680,110.464,110.72,clench,1,128,1.0,False,False,7.247957819671161,9.779680190181024,808.1843848383262,36.0,28.0,83.58700579495574,85.9375,85.9375,138.6764242485733
session_6.csv,session_6,864,55296,55424,27648,27712,110.592,110.848,clench,1,128,1.0,False,True,4.3648169154994045,6.173760332690347,487.378782863973,34.0,22.0,78.76331895722574,78.125,78.125,11.327531754145316
session_6.csv,session_6,865,55360,55488,27680,27744,110.72,110.976,clench,1,76,0.59375,True,True,3.4234001559785012,4.361435327770807,360.19131598327965,35.0,22.0,76.23951529798798,70.3125,70.3125,25.31801886444981
session_6.csv,session_6,866,55424,55552,27712,27776,110.848,111.104,relax,0,12,0.09375,True,True,2.907800690724497,3.643877944505057,304.3754383100736,36.0,20.0,80.18152427803595,74.21875,70.3125,9.167344875450123
session_6.csv,session_6,867,55488,55616,27744,27808,110.976,111.232,relax,0,0,0.0,False,False,2.3608066383679134,3.0128311513002575,251.39360116786148,29.0,17.0,79.43415515185212,78.125,78.125,11.46017963522423
session_6.csv,session_6,868,55552,55680,27776,27840,111.104,111.36,relax,0,0,0.0,False,False,2.811353028501051,3.619902548164741,312.3770519641421,32.0,23.0,82.0243207197722,82.03125,82.03125,19.069987193340307
session_6.csv,session_6,869,55616,55744,27808,27872,111.232,111.488,relax,0,0,0.0,False,False,2.812648898751397,3.6229561231644136,310.85439579213335,34.0,22.0,88.54916272888708,93.75,93.75,8.950619857597463
session_6.csv,session_6,870,55680,55808,27840,27904,111.36,111.616,relax,0,0,0.0,False,False,1.9706856735791929,2.508542907764295,215.2868525420471,26.0,13.0,81.73204163589901,85.9375,85.9375,3.2338849253993938
session_6.csv,session_6,871,55744,55872,27872,27936,111.488,111.744,relax,0,0,0.0,False,False,2.1064246957380486,2.716422587682633,236.85473364181934,29.0,17.0,85.64466986300498,85.9375,82.03125,7.485622741911028
session_6.csv,session_6,872,55808,55936,27904,27968,111.616,111.872,relax,0,16,0.125,True,True,9.737469583049158,18.27972900398146,1000.9405598663478,34.0,24.0,75.74187748200194,70.3125,66.40625,36.27589803874714
session_6.csv,session_6,873,55872,56000,27936,28000,111.744,112.0,clench,1,80,0.625,True,True,13.272045646752744,19.919928656783704,1422.4508861518627,40.0,38.0,78.00277632186311,74.21875,74.21875,791.3230028430787
session_6.csv,session_6,874,55936,56064,27968,28032,111.872,112.128,clench,1,128,1.0,False,True,10.418789569284769,12.782572646128694,1127.711568642514,38.0,36.0,82.88031727794781,82.03125,82.03125,176.60643642373387
session_6.csv,session_6,875,56000,56128,28000,28064,112.0,112.256,clench,1,128,1.0,False,False,10.780115259534,12.860188928880904,1140.8406759029706,41.0,32.0,80.38947986046819,78.125,78.125,81.84243483336984
session_6.csv,session_6,876,56064,56192,28032,28096,112.128,112.384,clench,1,128,1.0,False,False,11.150936685966542,14.087741067896134,1227.9346378527016,42.0,37.0,84.12790134792526,82.03125,78.125,192.4477392949516
session_6.csv,session_6,877,56128,56256,28064,28128,112.256,112.512,clench,1,128,1.0,False,True,8.630018969689184,12.270016605488346,972.1424353279374,40.0,35.0,85.1707954977895,89.84375,89.84375,90.24919584988902
session_6.csv,session_6,878,56192,56320,28096,28160,112.384,112.64,clench,1,88,0.6875,True,True,4.060198901387011,5.622877139470852,441.4439515181188,36.0,26.0,75.00280696955262,74.21875,70.3125,62.8259174877563
session_6.csv,session_6,879,56256,56384,28128,28192,112.512,112.768,relax,0,24,0.1875,True,True,2.5179892655445686,3.6460324426877584,270.8989334529066,30.0,18.0,81.80275572550414,82.03125,82.03125,5.184631352080579
session_6.csv,session_6,880,56320,56448,28160,28224,112.64,112.896,relax,0,0,0.0,False,False,1.6368606330604647,2.0330554814412447,177.15917773499615,26.0,13.0,90.22000890189103,93.75,97.65625,2.530396192639902
session_6.csv,session_6,881,56384,56512,28192,28256,112.768,113.024,relax,0,0,0.0,False,False,2.271321551364275,2.9202305122351575,249.97217848172156,31.0,16.0,79.90474800946431,82.03125,85.9375,6.434260626111547
session_6.csv,session_6,882,56448,56576,28224,28288,112.896,113.152,relax,0,0,0.0,False,False,2.422506012363539,2.998514298234426,271.14947630703716,34.0,21.0,84.75709650616797,85.9375,89.84375,13.394975158521445
session_6.csv,session_6,883,56512,56640,28256,28320,113.024,113.28,relax,0,0,0.0,False,False,1.87768533796266,2.2559977605647643,202.15722601195455,30.0,15.0,85.35516211635107,85.9375,93.75,3.1402431410085048
session_6.csv,session_6,884,56576,56704,28288,28352,113.152,113.408,relax,0,0,0.0,False,False,2.175654065062921,2.664994381273182,238.59268559483783,32.0,16.0,83.62696657487565,82.03125,82.03125,10.032549664287544
session_6.csv,session_6,885,56640,56768,28320,28384,113.28,113.536,relax,0,0,0.0,False,True,3.0357759618275932,3.8256843598093977,314.90220755194696,36.0,21.0,84.07457662482332,82.03125,97.65625,7.962542684029733
session_6.csv,session_6,886,56704,56832,28352,28416,113.408,113.664,relax,0,61,0.4765625,True,True,10.584023733778563,16.3909778606905,1118.8748616118467,38.0,29.0,74.85727419032987,74.21875,70.3125,404.60028560455777
session_6.csv,session_6,887,56768,56896,28384,28448,113.536,113.792,clench,1,125,0.9765625,True,True,17.447251020940072,22.138838673895645,1884.7608518302713,39.0,33.0,82.87449533477994,82.03125,82.03125,429.6251225472236
session_6.csv,session_6,888,56832,56960,28416,28480,113.664,113.92,clench,1,128,1.0,False,False,14.572011703436317,18.56108684542397,1583.2179570217545,38.0,35.0,78.91618446878519,78.125,74.21875,400.7903696174852
session_6.csv,session_6,889,56896,57024,28448,28512,113.792,114.048,clench,1,128,1.0,False,False,12.932900013337267,16.081548617320305,1426.4628043048278,38.0,37.0,77.95475192958382,78.125,82.03125,261.78370042659947
session_6.csv,session_6,890,56960,57088,28480,28544,113.92,114.176,clench,1,128,1.0,False,False,10.943624997259572,13.902054905552518,1166.1837095918575,38.0,34.0,80.03805382812564,78.125,78.125,124.44642258140436
session_6.csv,session_6,891,57024,57152,28512,28576,114.048,114.304,clench,1,128,1.0,False,False,9.780073532169217,11.883576418962566,1020.3063120356042,39.0,29.0,83.44756944467797,85.9375,85.9375,120.54487009339867
session_6.csv,session_6,892,57088,57216,28544,28608,114.176,114.432,clench,1,128,1.0,False,False,9.359307645151196,11.422137441034284,968.7436940863369,41.0,31.0,79.45391049564084,78.125,70.3125,116.24074674238945
session_6.csv,session_6,893,57152,57280,28576,28640,114.304,114.56,clench,1,122,0.953125,True,True,7.597826917204437,9.387612466633414,795.8057806847252,41.0,30.0,83.2799163698825,85.9375,97.65625,67.4532261048182
session_6.csv,session_6,894,57216,57344,28608,28672,114.432,114.688,relax,0,58,0.453125,True,True,5.853824214058574,7.904358536782636,626.97115838799,36.0,27.0,75.69261039754049,70.3125,70.3125,52.69999427601133
session_6.csv,session_6,895,57280,57408,28640,28704,114.56,114.816,relax,0,0,0.0,False,True,3.086468546960326,4.0492560784967235,334.6866202616231,33.0,23.0,82.99267988786387,78.125,97.65625,8.307785788917586
session_6.csv,session_6,896,57344,57472,28672,28736,114.688,114.944,relax,0,0,0.0,False,False,2.3700410657543127,2.8842538723479674,247.67384658089816,31.0,17.0,75.83542811074413,78.125,78.125,6.243842741511221
session_6.csv,session_6,897,57408,57536,28704,28768,114.816,115.072,relax,0,0,0.0,False,False,2.0031177076174966,2.44217334608395,215.90479213847888,29.0,15.0,85.58668590217168,85.9375,97.65625,6.838076265445406
session_6.csv,session_6,898,57472,57600,28736,28800,114.944,115.2,relax,0,0,0.0,False,False,1.94126281550055,2.3703113127966597,205.12268408484582,30.0,14.0,75.82331382173801,70.3125,70.3125,5.508376555479819
session_6.csv,session_6,899,57536,57664,28768,28832,115.072,115.328,relax,0,0,0.0,False,True,5.0422583049297725,9.65766240608633,520.8183986419967,35.0,19.0,76.79797021251223,74.21875,70.3125,11.033856135842823
session_6.csv,session_6,900,57600,57728,28800,28864,115.2,115.456,relax,0,56,0.4375,True,True,21.841299763846173,29.508646899470126,2279.1495148195263,39.0,32.0,80.16495717108057,82.03125,82.03125,941.558138509657
session_6.csv,session_6,901,57664,57792,28832,28896,115.328,115.584,clench,1,120,0.9375,True,True,25.326687990076124,30.83525769694458,2682.3175713396713,41.0,39.0,81.46627148195786,82.03125,82.03125,1087.3589134192491
session_6.csv,session_6,902,57728,57856,28864,28928,115.456,115.712,clench,1,128,1.0,False,False,14.225137624211811,17.491733139042307,1603.7240262108028,43.0,40.0,84.64120764834733,85.9375,97.65625,190.10422235128115
session_6.csv,session_6,903,57792,57920,28896,28960,115.584,115.84,clench,1,128,1.0,False,False,11.628787626561913,14.322076367774338,1268.4353201236975,43.0,35.0,81.40824257811818,82.03125,89.84375,187.1781155362986
session_6.csv,session_6,904,57856,57984,28928,28992,115.712,115.968,clench,1,128,1.0,False,False,6.72573825288031,8.977448952399614,705.1590086992333,40.0,28.0,82.18025282327548,82.03125,78.125,60.50794300385925
session_6.csv,session_6,905,57920,58048,28960,29024,115.84,116.096,clench,1,119,0.9296875,True,True,6.203128986556223,8.341337446254357,712.0873923544441,41.0,35.0,79.54137004606275,82.03125,82.03125,74.82383800671425
session_6.csv,session_6,906,57984,58112,28992,29056,115.968,116.224,relax,0,55,0.4296875,True,True,5.884831106463961,8.042505454654744,664.9028425583142,41.0,33.0,81.1690316276069,82.03125,82.03125,52.26185448291784
session_6.csv,session_6,907,58048,58176,29024,29088,116.096,116.352,relax,0,0,0.0,False,True,2.5426910821887705,3.03503693229674,271.28546718295047,37.0,20.0,83.21858003834731,82.03125,85.9375,7.055295302713416
session_6.csv,session_6,908,58112,58240,29056,29120,116.224,116.48,relax,0,0,0.0,False,False,1.981208437559329,2.416480649955625,213.77129909087344,29.0,13.0,84.78965187458006,85.9375,93.75,4.986697038128623
session_6.csv,session_6,909,58176,58304,29088,29152,116.352,116.608,relax,0,0,0.0,False,False,1.7974233495440632,2.298941407603831,199.43920412068775,24.0,12.0,81.25657432000074,82.03125,97.65625,5.743563794508796
session_6.csv,session_6,910,58240,58368,29120,29184,116.48,116.736,relax,0,0,0.0,False,False,2.155088434966874,2.6738234828354357,238.42850215694077,32.0,19.0,81.1097534130331,78.125,70.3125,5.59976426734491
session_6.csv,session_6,911,58304,58432,29152,29216,116.608,116.864,relax,0,3,0.0234375,True,True,6.418519572766449,11.323626014527335,648.9197022729173,40.0,25.0,84.30138366885639,85.9375,93.75,12.717916853896677
session_6.csv,session_6,912,58368,58496,29184,29248,116.736,116.992,clench,1,67,0.5234375,True,True,15.82768578845479,22.65607930447847,1687.4574657663318,40.0,32.0,84.92143856074915,85.9375,85.9375,1076.5992262069674
session_6.csv,session_6,913,58432,58560,29216,29280,116.864,117.12,clench,1,128,1.0,False,True,16.755662278583873,22.39513352635438,1734.7339414196697,38.0,34.0,76.31484130497606,74.21875,74.21875,241.32704048215015
session_6.csv,session_6,914,58496,58624,29248,29312,116.992,117.248,clench,1,128,1.0,False,False,10.86672303810587,13.145981241961135,1128.7832155806068,40.0,33.0,79.14598884980764,78.125,74.21875,115.81782081235941
session_6.csv,session_6,915,58560,58688,29280,29344,117.12,117.376,clench,1,128,1.0,False,False,8.292456364133436,10.310102841468396,857.3147766035211,39.0,29.0,77.6601721515565,78.125,78.125,153.92725719776115
session_6.csv,session_6,916,58624,58752,29312,29376,117.248,117.504,clench,1,128,1.0,False,False,7.24713718930361,9.390965824498691,772.6895044369156,40.0,32.0,81.99707741388421,82.03125,82.03125,64.79741689303962
session_6.csv,session_6,917,58688,58816,29344,29408,117.376,117.632,clench,1,128,1.0,False,False,5.272848614442383,7.072773738297819,580.8783305554668,38.0,28.0,85.387686013722,85.9375,97.65625,43.73045511241203
session_6.csv,session_6,918,58752,58880,29376,29440,117.504,117.76,clench,1,128,1.0,False,False,3.1061859990083063,3.7593552009422786,335.52739298103904,37.0,24.0,76.96872285258092,70.3125,66.40625,9.342893007048394
session_6.csv,session_6,919,58816,58944,29408,29472,117.632,117.888,clench,1,107,0.8359375,True,True,3.572031455387405,4.529305469281528,382.05727253762745,34.0,23.0,77.53876766428844,74.21875,70.3125,14.286445051046952
session_6.csv,session_6,920,58880,59008,29440,29504,117.76,118.016,relax,0,43,0.3359375,True,True,3.0705886419502724,4.156428519631617,337.0812783982819,31.0,22.0,79.89199785153546,78.125,74.21875,15.177974060687188
session_6.csv,session_6,921,58944,59072,29472,29536,117.888,118.144,relax,0,0,0.0,False,True,1.9939422848254797,2.5015486789499,225.3972091941622,29.0,19.0,82.88393502462642,82.03125,97.65625,4.4350960921291644
session_6.csv,session_6,922,59008,59136,29504,29568,118.016,118.272,relax,0,0,0.0,False,False,2.387289200423861,2.9530738525599656,249.66454254512826,29.0,17.0,79.68783945996495,78.125,74.21875,8.039202615420065
session_6.csv,session_6,923,59072,59200,29536,29600,118.144,118.4,relax,0,0,0.0,False,False,2.41821707284174,2.927231037973724,261.24465676949137,35.0,19.0,84.16628283310669,89.84375,89.84375,6.564189239100595
session_6.csv,session_6,924,59136,59264,29568,29632,118.272,118.528,relax,0,0,0.0,False,False,2.205534566808411,2.8305230512321846,234.56300227397574,31.0,16.0,84.74476775941265,89.84375,89.84375,5.206403199891267
session_6.csv,session_6,925,59200,59328,29600,29664,118.4,118.656,relax,0,18,0.140625,True,True,9.348837582063837,14.822308793038053,945.5704818629981,32.0,22.0,80.03937911574837,78.125,74.21875,65.40803369347466
session_6.csv,session_6,926,59264,59392,29632,29696,118.528,118.784,clench,1,82,0.640625,True,True,19.507337814731407,24.55725299751888,2177.930748538647,43.0,38.0,80.72643653870811,78.125,97.65625,790.5370672691139
session_6.csv,session_6,927,59328,59456,29664,29728,118.656,118.912,clench,1,128,1.0,False,True,17.309349924770178,22.460049105444536,1969.3609286264461,47.0,40.0,84.3781610027811,85.9375,89.84375,405.07633995923254
session_6.csv,session_6,928,59392,59520,29696,29760,118.784,119.04,clench,1,128,1.0,False,False,9.892119186465603,13.03207036058894,1130.0760127348033,41.0,33.0,83.58700978732722,85.9375,93.75,111.64703592706365
session_6.csv,session_6,929,59456,59584,29728,29792,118.912,119.168,clench,1,128,1.0,False,False,13.652677558846356,20.19271316468149,1421.8774619956098,40.0,34.0,76.43440372085193,74.21875,70.3125,190.92906321629428
session_6.csv,session_6,930,59520,59648,29760,29824,119.04,119.296,clench,1,128,1.0,False,False,14.560139141033048,20.85592668335731,1555.1036784843939,44.0,38.0,81.64050077255142,82.03125,85.9375,512.9282088054948
session_6.csv,session_6,931,59584,59712,29792,29856,119.168,119.424,clench,1,128,1.0,False,False,8.14446380277346,10.854776226500585,919.8064169943058,41.0,34.0,80.11454622536763,78.125,70.3125,45.15052234997976
session_6.csv,session_6,932,59648,59776,29824,29888,119.296,119.552,clench,1,128,1.0,False,False,6.607222701044399,8.406818289075897,723.0727580235676,39.0,29.0,80.14343183990542,78.125,74.21875,99.32971291991497
session_6.csv,session_6,933,59712,59840,29856,29920,119.424,119.68,clench,1,128,1.0,False,False,5.394124523075264,6.818359069229744,566.2915939091687,39.0,25.0,80.70556318917902,82.03125,78.125,22.190840477461652
session_6.csv,session_6,934,59776,59904,29888,29952,119.552,119.808,clench,1,93,0.7265625,True,True,3.3349928473787362,4.343588318814508,366.81195813235826,34.0,22.0,82.36517001968186,85.9375,70.3125,25.089135253649093
session_6.csv,session_6,935,59840,59968,29920,29984,119.68,119.936,relax,0,29,0.2265625,True,True,2.4073914773802665,3.254521623814258,268.1401480896884,31.0,18.0,79.39967897128541,82.03125,70.3125,8.233345680841818
session_6.csv,session_6,936,59904,60032,29952,30016,119.808,120.064,relax,0,0,0.0,False,False,2.276098786993658,2.8388561975075635,248.01311048246876,32.0,18.0,79.87904572375454,74.21875,97.65625,8.919842110542833
session_6.csv,session_6,937,59968,60096,29984,30048,119.936,120.192,relax,0,0,0.0,False,False,2.087839078948132,2.6079915274716523,219.6930764785191,27.0,13.0,75.93732746199444,78.125,78.125,3.316899431568645
session_6.csv,session_6,938,60032,60160,30016,30080,120.064,120.32,relax,0,0,0.0,False,False,2.3400970988843626,2.954188090924655,246.86925666082124,30.0,14.0,79.24805953350914,78.125,78.125,5.464484571575928
session_6.csv,session_6,939,60096,60224,30048,30112,120.192,120.448,relax,0,0,0.0,False,False,2.3481804442536713,2.934905705106957,261.36525849075537,34.0,19.0,85.87557757129214,85.9375,85.9375,14.371827864938384
session_6.csv,session_6,940,60160,60288,30080,30144,120.32,120.576,relax,0,0,0.0,False,False,2.022999798112561,2.438865777433275,216.50526862550532,28.0,14.0,75.96124208483202,74.21875,70.3125,4.30005255151165
session_6.csv,session_6,941,60224,60352,30112,30176,120.448,120.704,relax,0,0,0.0,False,True,4.6536634506518,6.7583686046076314,449.4694126094553,29.0,16.0,71.79321324335908,70.3125,70.3125,11.773688478300416
session_6.csv,session_6,942,60288,60416,30144,30208,120.576,120.832,relax,0,61,0.4765625,True,True,13.778221070177633,17.964639630875816,1421.796304615021,36.0,28.0,81.97586222183877,85.9375,70.3125,312.98835987237265
session_6.csv,session_6,943,60352,60480,30176,30240,120.704,120.96,clench,1,125,0.9765625,True,True,14.814273820842784,18.505138957776712,1621.5926933880319,41.0,38.0,82.15137187348097,78.125,78.125,278.6079493442295
session_6.csv,session_6,944,60416,60544,30208,30272,120.832,121.088,clench,1,128,1.0,False,False,8.791980407573094,10.899776854945358,998.8246849928574,43.0,36.0,84.5467887938986,85.9375,85.9375,121.65375042458584
session_6.csv,session_6,945,60480,60608,30240,30304,120.96,121.216,clench,1,128,1.0,False,False,8.580714651322262,11.025687117156837,938.1332793611153,43.0,33.0,81.07194798172729,82.03125,78.125,127.594398737123
session_6.csv,session_6,946,60544,60672,30272,30336,121.088,121.344,clench,1,128,1.0,False,False,7.3574909483466175,9.476485016649779,756.5651216525719,38.0,26.0,80.86809754646892,85.9375,89.84375,53.598050919183684
session_6.csv,session_6,947,60608,60736,30304,30368,121.216,121.472,clench,1,128,1.0,False,False,5.710165973373991,7.197039301429383,549.1064643181141,35.0,19.0,77.37346318967415,70.3125,66.40625,42.5015524653114
session_6.csv,session_6,948,60672,60800,30336,30400,121.344,121.6,clench,1,128,1.0,False,False,6.329990328636235,8.081738487338914,665.1817872750964,37.0,25.0,81.42573177542566,82.03125,78.125,99.6509317941855
session_6.csv,session_6,949,60736,60864,30368,30432,121.472,121.728,clench,1,128,1.0,False,False,6.137541969506599,7.6202397241351685,647.6116961913173,39.0,28.0,81.18025718118304,78.125,78.125,65.29933427742279
session_6.csv,session_6,950,60800,60928,30400,30464,121.6,121.856,clench,1,128,1.0,False,False,4.709241777303954,5.759723063857411,497.2101160378957,39.0,26.0,82.54883497184926,85.9375,70.3125,23.15149285210143
session_6.csv,session_6,951,60864,60992,30432,30496,121.728,121.984,clench,1,121,0.9453125,True,True,4.439942115765335,5.451681272269899,468.78655384670515,38.0,26.0,77.63024135962874,78.125,70.3125,41.82705118795146
session_6.csv,session_6,952,60928,61056,30464,30528,121.856,122.112,relax,0,57,0.4453125,True,True,3.2421041122167917,4.347400479206402,336.2074473990159,32.0,18.0,80.19798906479826,82.03125,70.3125,12.011195205805663
session_6.csv,session_6,953,60992,61120,30496,30560,121.984,122.24,relax,0,0,0.0,False,True,2.4837918891092308,2.930183566497857,269.6633941178055,38.0,21.0,86.1983113830167,93.75,97.65625,6.381788931127857
session_6.csv,session_6,954,61056,61184,30528,30592,122.112,122.368,relax,0,0,0.0,False,False,3.1544172707430747,3.6096840247383675,342.0885286913459,43.0,27.0,87.45789273242124,89.84375,97.65625,8.462885780165792
session_6.csv,session_6,955,61120,61248,30560,30624,122.24,122.496,relax,0,0,0.0,False,False,3.013241372519218,3.640641302933964,334.61179364390006,36.0,24.0,84.71854820835482,82.03125,97.65625,16.50260692004417
session_6.csv,session_6,956,61184,61312,30592,30656,122.368,122.624,relax,0,0,0.0,False,False,2.113304025686169,2.7410816821413917,223.80337642306966,25.0,14.0,76.3488936691663,74.21875,74.21875,6.070126105169405
session_6.csv,session_6,957,61248,61376,30624,30688,122.496,122.752,relax,0,0,0.0,False,False,1.8812217802513223,2.3735512931161473,196.32760914808944,25.0,11.0,82.27336896506594,85.9375,85.9375,4.181552022144912
session_6.csv,session_6,958,61312,61440,30656,30720,122.624,122.88,relax,0,0,0.0,False,False,1.8436569985799407,2.3169983923413247,199.4967439252561,28.0,13.0,86.07252332246306,85.9375,97.65625,4.36787387467304
session_6.csv,session_6,959,61376,61504,30688,30752,122.752,123.008,relax,0,0,0.0,False,False,2.0009666459559012,2.492087829332457,221.31216211578302,31.0,19.0,80.80579976219668,78.125,70.3125,3.7208345781901224
session_6.csv,session_6,960,61440,61568,30720,30784,122.88,123.136,relax,0,0,0.0,False,False,2.3619452615140006,2.9114977965471387,265.1303356598653,34.0,20.0,89.06184808384276,93.75,97.65625,10.41184744960287
session_6.csv,session_6,961,61504,61632,30752,30816,123.008,123.264,relax,0,0,0.0,False,True,3.2481033616615287,5.521959769906387,329.5560813241899,29.0,17.0,80.94948022392352,82.03125,70.3125,5.184245957938021
session_6.csv,session_6,962,61568,61696,30784,30848,123.136,123.392,relax,0,57,0.4453125,True,True,19.496396468070234,31.307091287538338,2068.7251754015374,34.0,31.0,78.62600159106583,78.125,78.125,1375.4363440733161
session_6.csv,session_6,963,61632,61760,30816,30880,123.264,123.52,clench,1,121,0.9453125,True,True,23.655915530248755,32.89427765807288,2546.8120061914415,40.0,35.0,78.75154481943832,78.125,82.03125,602.1561671815681
session_6.csv,session_6,964,61696,61824,30848,30912,123.392,123.648,clench,1,128,1.0,False,False,10.895761160448682,13.735471093876825,1125.5119936391163,40.0,31.0,82.25564102502716,85.9375,85.9375,98.84523045057394
session_6.csv,session_6,965,61760,61888,30880,30944,123.52,123.776,clench,1,128,1.0,False,False,9.995264131761031,11.967214594639026,1041.185963956621,41.0,32.0,82.17960448128146,82.03125,78.125,178.06758729088182
session_6.csv,session_6,966,61824,61952,30912,30976,123.648,123.904,clench,1,128,1.0,False,False,10.610660100895615,12.393829189690072,1154.86145171492,43.0,38.0,83.70599146808003,85.9375,89.84375,130.84242261725657
session_6.csv,session_6,967,61888,62016,30944,31008,123.776,124.032,clench,1,128,1.0,False,False,9.324789433193127,10.896580906548486,1035.542931709105,44.0,41.0,84.80488048627653,85.9375,85.9375,147.32672295559163
session_6.csv,session_6,968,61952,62080,30976,31040,123.904,124.16,clench,1,128,1.0,False,False,7.28344227531618,8.770601675404764,774.1298806932292,39.0,35.0,78.30043014376398,82.03125,85.9375,58.00582643165089
session_6.csv,session_6,969,62016,62144,31008,31072,124.032,124.288,clench,1,128,1.0,False,False,5.363011816862515,6.620514904069777,565.2495039900101,36.0,28.0,76.1136790561896,74.21875,70.3125,46.5289351068059
session_6.csv,session_6,970,62080,62208,31040,31104,124.16,124.416,clench,1,128,1.0,False,True,3.9952766400259287,4.868040585568981,430.3312948561959,37.0,26.0,80.33942679617367,85.9375,89.84375,14.704492694363593
session_6.csv,session_6,971,62144,62272,31072,31136,124.288,124.544,clench,1,73,0.5703125,True,True,3.254459506148481,3.876510428177468,349.39198521107363,37.0,23.0,85.68447022070791,89.84375,89.84375,18.49858018365797
session_6.csv,session_6,972,62208,62336,31104,31168,124.416,124.672,relax,0,9,0.0703125,True,True,2.5641347815322857,3.1305833521273536,272.8249761023641,35.0,18.0,78.74691562056289,78.125,78.125,6.486323516736667
session_6.csv,session_6,973,62272,62400,31136,31200,124.544,124.8,relax,0,0,0.0,False,False,2.1025390786505334,2.5583421876270256,220.47012005112887,32.0,16.0,78.01440975051155,78.125,70.3125,7.084734252400512
session_6.csv,session_6,974,62336,62464,31168,31232,124.672,124.928,relax,0,0,0.0,False,False,1.8982139834505394,2.338316400921639,202.27319070248794,29.0,12.0,83.6199986668298,85.9375,78.125,4.4749041055542875
session_6.csv,session_6,975,62400,62528,31200,31264,124.8,125.056,relax,0,0,0.0,False,False,2.2327308484359496,2.670862384897655,234.27198086709132,30.0,13.0,78.94947808216352,78.125,82.03125,4.824413241715417
session_6.csv,session_6,976,62464,62592,31232,31296,124.928,125.184,relax,0,0,0.0,False,False,2.5574572509402556,3.147511107350522,276.1066106169741,33.0,19.0,83.78437576925263,85.9375,82.03125,7.911161334015317
session_6.csv,session_6,977,62528,62656,31264,31328,125.056,125.312,relax,0,0,0.0,False,False,2.1026781753304546,2.6948654159510603,229.04968658324492,28.0,15.0,79.83218046622228,78.125,78.125,10.661211326806178
session_6.csv,session_6,978,62592,62720,31296,31360,125.184,125.44,relax,0,0,0.0,False,False,1.7359279462119523,2.160677372530712,189.82987565333653,24.0,12.0,78.89344109848919,78.125,70.3125,4.406763527853113
session_6.csv,session_6,979,62656,62784,31328,31392,125.312,125.568,relax,0,0,0.0,False,False,1.8718016979542353,2.5356082806844027,205.53375092078926,22.0,13.0,84.18742693312947,85.9375,89.84375,10.227893702325515
session_6.csv,session_6,980,62720,62848,31360,31424,125.44,125.696,relax,0,1,0.0078125,True,True,2.4382363578689947,3.271901762170582,247.62047285602046,24.0,15.0,76.55676256100091,74.21875,74.21875,2.269676193413266
session_6.csv,session_6,981,62784,62912,31392,31456,125.568,125.824,clench,1,65,0.5078125,True,True,14.839198928772511,25.57742494200904,1618.7854787074016,31.0,26.0,75.35440751223726,70.3125,66.40625,275.5409841424454
session_6.csv,session_6,982,62848,62976,31424,31488,125.696,125.952,clench,1,128,1.0,False,True,20.58504643540025,28.090345171901266,2235.58712611173,37.0,34.0,82.76068944484733,82.03125,82.03125,1035.8050931938299
session_6.csv,session_6,983,62912,63040,31456,31520,125.824,126.08,clench,1,128,1.0,False,False,15.463491591407667,19.29901088613957,1611.0888258382356,40.0,35.0,76.54418107717726,74.21875,70.3125,217.58682607727786
session_6.csv,session_6,984,62976,63104,31488,31552,125.952,126.208,clench,1,128,1.0,False,False,12.930975217840974,17.08224813133158,1318.3290329352678,41.0,39.0,75.19040138903325,74.21875,74.21875,478.95872279989504
session_6.csv,session_6,985,63040,63168,31520,31584,126.08,126.336,clench,1,128,1.0,False,False,10.505193962121767,12.59300881206088,1058.8206334262586,42.0,38.0,78.52832359657565,78.125,82.03125,105.67003614347762
session_6.csv,session_6,986,63104,63232,31552,31616,126.208,126.464,clench,1,128,1.0,False,False,11.725037876162117,14.37633973119106,1226.9099313319189,42.0,36.0,77.91182903822931,78.125,82.03125,344.5429681156648
session_6.csv,session_6,987,63168,63296,31584,31648,126.336,126.592,clench,1,128,1.0,False,False,8.46215340948554,11.306626708392352,885.6126411324565,42.0,33.0,82.24755359093987,85.9375,89.84375,67.28988093201542
session_6.csv,session_6,988,63232,63360,31616,31680,126.464,126.72,clench,1,125,0.9765625,True,True,4.976495908861016,6.050956069671767,509.4964828836836,40.0,26.0,81.414029669785,82.03125,82.03125,35.714083657373315
session_6.csv,session_6,989,63296,63424,31648,31712,126.592,126.848,relax,0,61,0.4765625,True,True,3.864738914391496,4.894060130100258,398.364764525591,39.0,22.0,76.59482481707703,78.125,78.125,18.19491509289976
session_6.csv,session_6,990,63360,63488,31680,31744,126.72,126.976,relax,0,0,0.0,False,True,2.340805525179723,2.8878555354416098,241.7329124532732,32.0,14.0,80.89110667276694,82.03125,85.9375,5.960342436028484
session_6.csv,session_6,991,63424,63552,31712,31776,126.848,127.104,relax,0,0,0.0,False,False,1.7973052626989479,2.1719641157670853,194.29020913668663,29.0,13.0,81.17924258687276,82.03125,82.03125,4.014551223945284
session_6.csv,session_6,992,63488,63616,31744,31808,126.976,127.232,relax,0,0,0.0,False,False,1.823228804316678,2.2380905895936594,194.57252668944886,29.0,13.0,79.0024441726986,82.03125,82.03125,5.0012990833784245
session_6.csv,session_6,993,63552,63680,31776,31840,127.104,127.36,relax,0,0,0.0,False,False,1.79922789618452,2.208359016453624,194.1942995682227,29.0,15.0,81.24640118323448,82.03125,74.21875,6.151211426275117
session_6.csv,session_6,994,63616,63744,31808,31872,127.232,127.488,relax,0,0,0.0,False,False,1.7647006104337621,2.139529154675819,195.69829520502623,31.0,17.0,90.08868464450397,93.75,97.65625,3.3356490088872457
session_6.csv,session_6,995,63680,63808,31840,31904,127.36,127.616,relax,0,0,0.0,False,False,1.5745026308197851,1.9802062664939926,169.8690341020255,25.0,13.0,79.96473479879101,74.21875,70.3125,4.08179447053318
session_6.csv,session_6,996,63744,63872,31872,31936,127.488,127.744,relax,0,0,0.0,False,False,1.417618429924786,1.8577843700589927,146.52695386015645,16.0,7.0,74.58925273644452,70.3125,66.40625,1.6210391062518024
session_6.csv,session_6,997,63808,63936,31904,31968,127.616,127.872,relax,0,0,0.0,False,False,1.9473057314009385,2.5646897155932025,203.47763175950053,22.0,10.0,76.59080932858879,78.125,82.03125,5.0400659966173516
session_6.csv,session_6,998,63872,64000,31936,32000,127.744,128.0,relax,0,0,0.0,False,False,2.019699447696275,2.555840194952221,205.18191899093915,27.0,11.0,82.01904055079697,82.03125,78.125,9.713892089286423
session_6.csv,session_6,999,63936,64064,31968,32032,127.872,128.128,relax,0,0,0.0,False,False,1.8279861818526935,2.4232076805423812,197.43996141117177,26.0,12.0,79.71208055746219,82.03125,82.03125,2.5397419494207787
session_6.csv,session_6,1000,64000,64128,32000,32064,128.0,128.256,relax,0,0,0.0,False,False,1.9891783382120267,2.5406540828786457,223.06300710385284,32.0,16.0,85.85796834413367,89.84375,93.75,9.44198058942487
