source_file,session_id,window_index,start_sample,end_sample_exclusive,downsampled_start_sample,downsampled_end_sample_exclusive,start_time_s,end_time_s,label,label_id,clench_sample_count,clench_fraction,contains_label_transition,intersects_transition_band,mav,rms,wl,zc,ssc,mnf,mdf,pkf,bandpower
session_13.csv,session_13,0,0,128,0,128,0.0,0.256,relax,0,0,0.0,False,False,32.71106267673996,94.98674895723317,1854.7881251919962,21.0,3.0,44.46722195218243,27.34375,23.4375,18.47670193114076
session_13.csv,session_13,1,64,192,64,192,0.128,0.384,relax,0,0,0.0,False,False,2.2839815568501374,2.769008098534681,298.08255209234744,23.0,2.0,78.68444909189942,74.21875,70.3125,8.22792977461331
session_13.csv,session_13,2,128,256,128,256,0.256,0.512,relax,0,0,0.0,False,False,2.134177917080181,2.6294347539799374,282.630910907376,23.0,1.0,85.33812573889367,89.84375,89.84375,5.2075453312795155
session_13.csv,session_13,3,192,320,192,320,0.384,0.64,relax,0,0,0.0,False,False,1.998087912402224,2.4208556671866748,265.0306673760185,24.0,0.0,82.66047860178156,82.03125,97.65625,3.5298949635850274
session_13.csv,session_13,4,256,384,256,384,0.512,0.768,relax,0,0,0.0,False,False,2.4857748941633275,2.9382134295685267,316.1805847318403,32.0,0.0,82.82807397420427,89.84375,93.75,7.4798628571396
session_13.csv,session_13,5,320,448,320,448,0.64,0.896,relax,0,0,0.0,False,False,2.2684242648973214,2.785145829167876,293.47163913255406,27.0,0.0,78.39876058277075,74.21875,70.3125,7.093127907703744
session_13.csv,session_13,6,384,512,384,512,0.768,1.024,relax,0,0,0.0,False,False,1.9957527917695286,2.474396281747314,264.5800877179257,24.0,0.0,76.56589130918951,78.125,78.125,4.064625083211447
session_13.csv,session_13,7,448,576,448,576,0.896,1.152,relax,0,0,0.0,False,False,1.9423848036713984,2.4059972953416353,256.8690259746512,22.0,0.0,84.07172275610672,85.9375,85.9375,6.195283847144521
session_13.csv,session_13,8,512,640,512,640,1.024,1.28,relax,0,0,0.0,False,False,1.7087184942095242,2.1265824514924963,215.37410278176242,12.0,0.0,80.01134957242273,82.03125,66.40625,2.154534488639266
session_13.csv,session_13,9,576,704,576,704,1.152,1.408,relax,0,0,0.0,False,False,1.9698797874784058,2.531497625010609,253.97163421553705,16.0,1.0,81.32327423095707,85.9375,85.9375,6.941950500775784
session_13.csv,session_13,10,640,768,640,768,1.28,1.536,relax,0,0,0.0,False,False,2.0803089170086,2.643564599744782,267.75888247188584,19.0,1.0,80.69717738588814,78.125,97.65625,2.2255879347623226
session_13.csv,session_13,11,704,832,704,832,1.408,1.664,relax,0,0,0.0,False,False,1.7407465611977857,2.2439973633643016,225.82603120275644,15.0,0.0,75.55136633734128,78.125,66.40625,5.3887740263301565
session_13.csv,session_13,12,768,896,768,896,1.536,1.792,relax,0,0,0.0,False,False,1.9389966907166523,2.5529889271698827,271.27454443392696,20.0,2.0,84.03889752965956,89.84375,93.75,5.546603385030712
session_13.csv,session_13,13,832,960,832,960,1.664,1.92,relax,0,0,0.0,False,False,1.9802471772807602,2.5395650880638776,272.2907916483207,22.0,2.0,83.61810970845553,82.03125,74.21875,3.869541209263576
session_13.csv,session_13,14,896,1024,896,1024,1.792,2.048,relax,0,0,0.0,False,False,1.6647890300671193,2.018950066618817,220.78970248605765,18.0,0.0,80.88626904189614,78.125,74.21875,4.24036243249086
session_13.csv,session_13,15,960,1088,960,1088,1.92,2.176,relax,0,0,0.0,False,False,1.7016958846049688,2.133667711143718,226.95616798423976,18.0,0.0,86.33143608368171,89.84375,97.65625,3.340817396600378
session_13.csv,session_13,16,1024,1152,1024,1152,2.048,2.304,relax,0,0,0.0,False,False,2.1748300505967535,2.7914218736533423,284.94062796170545,21.0,1.0,86.87743897326331,89.84375,97.65625,7.4078103237692785
session_13.csv,session_13,17,1088,1216,1088,1216,2.176,2.432,relax,0,0,0.0,False,False,2.2850104525413863,2.873626414451535,288.50614391758836,20.0,1.0,79.83551082708146,78.125,78.125,7.360447452375233
session_13.csv,session_13,18,1152,1280,1152,1280,2.304,2.56,relax,0,0,0.0,False,False,2.0135152092923647,2.436209331315423,263.41056757016054,22.0,0.0,76.2182314448199,74.21875,74.21875,4.351116541132267
session_13.csv,session_13,19,1216,1344,1216,1344,2.432,2.688,relax,0,0,0.0,False,False,2.486737057867572,3.1179772560876233,345.0930331434098,30.0,3.0,81.04800476046037,85.9375,89.84375,5.684736469092782
session_13.csv,session_13,20,1280,1408,1280,1408,2.56,2.816,relax,0,0,0.0,False,True,3.738943693710395,4.745509603235273,513.1405389959052,33.0,13.0,86.78520067028346,89.84375,89.84375,14.961843700387513
session_13.csv,session_13,21,1344,1472,1344,1472,2.688,2.944,relax,0,45,0.3515625,True,True,9.854154675739363,13.348529935819494,1291.2064047125166,40.0,30.0,76.622803905838,74.21875,74.21875,128.43031665582893
session_13.csv,session_13,22,1408,1536,1408,1536,2.816,3.072,clench,1,109,0.8515625,True,True,11.586828089103339,14.70236566442131,1470.368669067712,38.0,29.0,81.27773678621881,78.125,74.21875,141.95791013840525
session_13.csv,session_13,23,1472,1600,1472,1600,2.944,3.2,clench,1,128,1.0,False,False,9.802491578996154,12.533672977264931,1273.6017038254263,42.0,25.0,77.74823361802477,74.21875,74.21875,116.10058304733366
session_13.csv,session_13,24,1536,1664,1536,1664,3.072,3.328,clench,1,128,1.0,False,False,13.252965850113224,16.638213033262616,1784.725470643065,47.0,34.0,85.80157362714515,89.84375,93.75,214.61190978965365
session_13.csv,session_13,25,1600,1728,1600,1728,3.2,3.456,clench,1,128,1.0,False,False,19.374947165297396,25.282936814707444,2574.869481145494,44.0,31.0,83.49061577242885,82.03125,82.03125,660.2937412547668
session_13.csv,session_13,26,1664,1792,1664,1792,3.328,3.584,clench,1,128,1.0,False,False,20.10864136175653,25.890681855777803,2743.205573677862,46.0,29.0,86.66889296176147,89.84375,89.84375,515.3983468715153
session_13.csv,session_13,27,1728,1856,1728,1856,3.456,3.712,clench,1,128,1.0,False,False,17.1380070509546,20.30607157338157,2398.0051156416102,47.0,36.0,85.86042594288666,85.9375,93.75,394.4993664761829
session_13.csv,session_13,28,1792,1920,1792,1920,3.584,3.84,clench,1,128,1.0,False,False,22.91537962446477,30.618643441913623,3139.5547418086076,47.0,40.0,87.64053102302817,93.75,93.75,288.31367803303345
session_13.csv,session_13,29,1856,1984,1856,1984,3.712,3.968,clench,1,128,1.0,False,False,27.147685102390266,34.5515288808329,3663.9347120765615,45.0,41.0,84.07993426125248,82.03125,82.03125,1666.2877443712723
session_13.csv,session_13,30,1920,2048,1920,2048,3.84,4.096,clench,1,128,1.0,False,False,27.3309531052303,33.41497889212706,3657.266457823018,47.0,40.0,84.8857423115962,82.03125,97.65625,689.0187246649123
session_13.csv,session_13,31,1984,2112,1984,2112,3.968,4.224,clench,1,128,1.0,False,False,25.602893409327024,31.48267008999399,3282.452522726417,44.0,38.0,84.15026637116245,82.03125,82.03125,984.6775803702237
session_13.csv,session_13,32,2048,2176,2048,2176,4.096,4.352,clench,1,128,1.0,False,False,19.060582100245128,22.621396831850486,2477.5286704786504,45.0,37.0,78.88763574916717,74.21875,74.21875,490.3506898947406
session_13.csv,session_13,33,2112,2240,2112,2240,4.224,4.48,clench,1,128,1.0,False,False,17.647380108298837,22.060755085307065,2460.823509608588,48.0,37.0,85.84357207410368,89.84375,89.84375,372.7244222309079
session_13.csv,session_13,34,2176,2304,2176,2304,4.352,4.608,clench,1,128,1.0,False,False,22.742837648457417,27.97149335675248,2965.1530034754587,45.0,32.0,81.85675495721787,82.03125,85.9375,622.2592702281657
session_13.csv,session_13,35,2240,2368,2240,2368,4.48,4.736,clench,1,128,1.0,False,False,20.49921672897335,26.250538667199535,2525.3757675361367,40.0,29.0,79.05163304740317,78.125,78.125,683.1694928624258
session_13.csv,session_13,36,2304,2432,2304,2432,4.608,4.864,clench,1,128,1.0,False,False,15.965726267206573,20.81750488656039,2099.7283153209046,44.0,29.0,83.65330486190167,85.9375,97.65625,502.6756631735044
session_13.csv,session_13,37,2368,2496,2368,2496,4.736,4.992,clench,1,128,1.0,False,False,13.415789088164534,17.53725225926285,1837.0949203155358,44.0,28.0,83.21191884893675,85.9375,89.84375,206.42594173979018
session_13.csv,session_13,38,2432,2560,2432,2560,4.864,5.12,clench,1,127,0.9921875,True,True,7.376156112692458,10.464778784430461,969.9961257075199,37.0,16.0,79.85320497297113,82.03125,70.3125,47.75326311394734
session_13.csv,session_13,39,2496,2624,2496,2624,4.992,5.248,relax,0,63,0.4921875,True,True,5.901077274355853,7.433221942486291,768.168500177098,39.0,15.0,82.92051051465394,82.03125,82.03125,24.721073253462357
session_13.csv,session_13,40,2560,2688,2560,2688,5.12,5.376,relax,0,0,0.0,False,True,5.48515036390127,7.087805597956652,731.500765039885,36.0,17.0,83.88159621119537,85.9375,85.9375,57.626568480157545
session_13.csv,session_13,41,2624,2752,2624,2752,5.248,5.504,relax,0,0,0.0,False,False,3.613994548037433,4.378093795446407,453.3959230972546,31.0,6.0,77.62733233194857,74.21875,74.21875,17.884937039173856
session_13.csv,session_13,42,2688,2816,2688,2816,5.376,5.632,relax,0,0,0.0,False,False,3.3077968756660123,3.9953338109153353,399.56426244835575,28.0,2.0,78.17896841649791,74.21875,74.21875,10.907166391208051
session_13.csv,session_13,43,2752,2880,2752,2880,5.504,5.76,relax,0,0,0.0,False,False,3.3087517369416553,4.199952163832262,420.57146959672684,26.0,5.0,78.57505849887956,78.125,74.21875,20.34189044816089
session_13.csv,session_13,44,2816,2944,2816,2944,5.632,5.888,relax,0,0,0.0,False,False,3.6736148767564085,4.61296920920696,484.78904759225543,34.0,10.0,80.3552390570682,82.03125,82.03125,16.013887871281092
session_13.csv,session_13,45,2880,3008,2880,3008,5.76,6.016,relax,0,0,0.0,False,False,3.466183641119999,4.301038541445826,439.78445033151183,34.0,6.0,79.59167493331326,78.125,70.3125,11.843431322493167
session_13.csv,session_13,46,2944,3072,2944,3072,5.888,6.144,relax,0,0,0.0,False,False,3.750896833747788,4.627854564065824,490.56100126442686,36.0,7.0,77.23562687861747,78.125,82.03125,15.024039989871303
session_13.csv,session_13,47,3008,3136,3008,3136,6.016,6.272,relax,0,0,0.0,False,False,2.978990423655584,3.97952168651461,411.90833460490603,31.0,6.0,91.09393842773133,93.75,93.75,19.163880268754603
session_13.csv,session_13,48,3072,3200,3072,3200,6.144,6.4,relax,0,0,0.0,False,False,1.7153157341685814,2.1091999162107644,224.7818930286477,17.0,0.0,74.76531518843703,70.3125,70.3125,2.3867599077617148
session_13.csv,session_13,49,3136,3264,3136,3264,6.272,6.528,relax,0,0,0.0,False,False,2.0398115377039208,2.5938657101207694,263.452894721908,19.0,1.0,77.6490542924238,78.125,78.125,4.203807114291539
session_13.csv,session_13,50,3200,3328,3200,3328,6.4,6.656,relax,0,0,0.0,False,False,2.3040746075716685,2.9701264567974692,296.78896246979764,22.0,3.0,84.20677358940505,82.03125,78.125,11.617846957075987
session_13.csv,session_13,51,3264,3392,3264,3392,6.528,6.784,relax,0,17,0.1328125,True,True,8.150103504712703,12.535596013071329,999.4132878208669,30.0,15.0,81.36769841216785,82.03125,82.03125,48.652014034126864
session_13.csv,session_13,52,3328,3456,3328,3456,6.656,6.912,clench,1,81,0.6328125,True,True,15.543644182098138,19.487143805788527,1976.50984595512,41.0,30.0,83.54096029884602,82.03125,82.03125,603.1819971940062
session_13.csv,session_13,53,3392,3520,3392,3520,6.784,7.04,clench,1,128,1.0,False,True,16.15402886762119,20.25341261017291,2186.940272005735,45.0,34.0,87.3039163759949,89.84375,93.75,292.36493455332567
session_13.csv,session_13,54,3456,3584,3456,3584,6.912,7.168,clench,1,128,1.0,False,False,14.741315595929795,18.162892355639876,1955.3266894935164,45.0,34.0,81.94752601885467,78.125,78.125,168.08870450482698
session_13.csv,session_13,55,3520,3648,3520,3648,7.04,7.296,clench,1,128,1.0,False,False,18.048541920193067,21.922365945758315,2416.1645357965463,46.0,35.0,87.7460513969769,89.84375,97.65625,528.9558481088258
session_13.csv,session_13,56,3584,3712,3584,3712,7.168,7.424,clench,1,128,1.0,False,False,23.66399673971566,27.467125834876022,3120.613595789987,45.0,40.0,85.4735813587644,89.84375,93.75,562.8658161996268
session_13.csv,session_13,57,3648,3776,3648,3776,7.296,7.552,clench,1,128,1.0,False,False,20.182440148289622,25.043019253439304,2626.3779376707976,43.0,31.0,81.82165386838012,78.125,78.125,688.7778725392848
session_13.csv,session_13,58,3712,3840,3712,3840,7.424,7.68,clench,1,128,1.0,False,False,15.554741965011136,20.683885984779558,1992.0259933924447,43.0,27.0,84.93960733891059,85.9375,85.9375,267.87247288506325
session_13.csv,session_13,59,3776,3904,3776,3904,7.552,7.808,clench,1,128,1.0,False,False,17.01645478141984,21.650172600921472,2196.6156388130335,44.0,35.0,80.27194885378375,85.9375,85.9375,549.8276490023409
session_13.csv,session_13,60,3840,3968,3840,3968,7.68,7.936,clench,1,128,1.0,False,False,16.496202569173754,20.497785203504023,2208.4048709045355,45.0,40.0,83.27206119092823,78.125,74.21875,517.2870657901823
session_13.csv,session_13,61,3904,4032,3904,4032,7.808,8.064,clench,1,128,1.0,False,False,13.407203412098497,17.11388607114563,1775.6752595546538,42.0,33.0,85.94473394031378,89.84375,97.65625,108.06286638354713
session_13.csv,session_13,62,3968,4096,3968,4096,7.936,8.192,clench,1,128,1.0,False,False,13.378125068043285,16.998193744852625,1671.920858967861,40.0,24.0,80.24301449886119,78.125,74.21875,311.6139886018851
session_13.csv,session_13,63,4032,4160,4032,4160,8.064,8.32,clench,1,128,1.0,False,False,14.373136430408952,17.84448954193664,1809.9065727706657,41.0,27.0,82.47969738864856,82.03125,78.125,351.5948425055913
session_13.csv,session_13,64,4096,4224,4096,4224,8.192,8.448,clench,1,128,1.0,False,False,13.972220946131895,18.29527991993321,1859.4564357367058,44.0,32.0,86.58229635088185,89.84375,89.84375,481.67135351848265
session_13.csv,session_13,65,4160,4288,4160,4288,8.32,8.576,clench,1,128,1.0,False,False,12.491217229940743,16.50074205800461,1656.6545697653557,45.0,29.0,87.19595774654636,89.84375,93.75,166.56624196950503
session_13.csv,session_13,66,4224,4352,4224,4352,8.448,8.704,clench,1,128,1.0,False,False,8.731148999866988,11.084277112494316,1076.9505373217003,38.0,17.0,75.81807494067485,74.21875,78.125,121.2152335323606
session_13.csv,session_13,67,4288,4416,4288,4416,8.576,8.832,clench,1,94,0.734375,True,True,6.698046605523924,8.436595098108414,813.855109179081,36.0,8.0,77.99958343956749,74.21875,74.21875,30.107055553566255
session_13.csv,session_13,68,4352,4480,4352,4480,8.704,8.96,relax,0,30,0.234375,True,True,6.140552023323576,7.667379783993376,778.9783247725,38.0,12.0,82.56580114727777,78.125,78.125,89.80444165779171
session_13.csv,session_13,69,4416,4544,4416,4544,8.832,9.088,relax,0,0,0.0,False,False,4.893918555013332,5.96041948901506,630.3046691847438,38.0,11.0,84.2482677400844,85.9375,85.9375,18.902082691342947
session_13.csv,session_13,70,4480,4608,4480,4608,8.96,9.216,relax,0,0,0.0,False,False,3.6980806469794105,4.566990870039668,496.3536903557407,38.0,7.0,82.25899155523716,82.03125,82.03125,11.464952085145038
session_13.csv,session_13,71,4544,4672,4544,4672,9.088,9.344,relax,0,0,0.0,False,False,4.066587729108777,4.968646450799062,531.7646463251226,37.0,12.0,80.55848074753717,78.125,78.125,20.801424164225672
session_13.csv,session_13,72,4608,4736,4608,4736,9.216,9.472,relax,0,0,0.0,False,False,4.433264169992443,5.273400242642211,568.8514113243579,36.0,14.0,81.70842169427124,74.21875,70.3125,29.981461028165636
session_13.csv,session_13,73,4672,4800,4672,4800,9.344,9.6,relax,0,0,0.0,False,False,3.755386108623207,4.646369954071694,463.3012061164278,33.0,4.0,77.43400482112466,78.125,78.125,32.29211820590733
session_13.csv,session_13,74,4736,4864,4736,4864,9.472,9.728,relax,0,0,0.0,False,False,3.4108345766038983,4.267841423438834,440.5875370436486,35.0,3.0,87.19868382980664,85.9375,85.9375,10.303838565474003
session_13.csv,session_13,75,4800,4928,4800,4928,9.6,9.856,relax,0,0,0.0,False,False,2.809671693717573,3.4572236559864318,377.1212444688375,34.0,3.0,78.5032028351553,74.21875,74.21875,7.5878406598996
session_13.csv,session_13,76,4864,4992,4864,4992,9.728,9.984,relax,0,0,0.0,False,False,2.9056688581571146,3.694791801147435,372.8777155215448,30.0,3.0,78.13719552766497,78.125,74.21875,21.261201484952593
session_13.csv,session_13,77,4928,5056,4928,5056,9.856,10.112,relax,0,0,0.0,False,False,3.1296467230087393,4.07699402550269,403.3385415578422,28.0,5.0,84.10138894993113,89.84375,74.21875,4.607928348310761
session_13.csv,session_13,78,4992,5120,4992,5120,9.984,10.24,relax,0,0,0.0,False,False,2.490496890360003,3.212378462957545,324.30875105228176,26.0,3.0,87.96240357634923,89.84375,93.75,13.914326921629451
session_13.csv,session_13,79,5056,5184,5056,5184,10.112,10.368,relax,0,0,0.0,False,False,2.504432427154872,3.000835073630394,318.9078993308988,29.0,3.0,80.02942694386078,78.125,74.21875,6.759499468923063
session_13.csv,session_13,80,5120,5248,5120,5248,10.24,10.496,relax,0,0,0.0,False,False,3.908408360035767,5.472777124393048,508.87174622110615,30.0,7.0,78.54069909783048,74.21875,74.21875,11.843712370244083
session_13.csv,session_13,81,5184,5312,5184,5312,10.368,10.624,relax,0,23,0.1796875,True,True,17.72504544192133,26.322019240255024,2330.4064647566584,35.0,22.0,84.92678784158194,85.9375,82.03125,570.5510409255002
session_13.csv,session_13,82,5248,5376,5248,5376,10.496,10.752,clench,1,87,0.6796875,True,True,24.88405660796897,31.99762263148667,3214.1334610071385,41.0,30.0,82.48119556236426,82.03125,89.84375,1382.2974913842681
session_13.csv,session_13,83,5312,5440,5312,5440,10.624,10.88,clench,1,128,1.0,False,True,14.334478987181264,20.49510859430178,1759.7155963984078,38.0,22.0,80.02681415819292,78.125,82.03125,236.23862902999318
session_13.csv,session_13,84,5376,5504,5376,5504,10.752,11.008,clench,1,128,1.0,False,False,13.727910610102935,17.54331742853027,1805.4570566139141,41.0,28.0,83.43181485410942,85.9375,89.84375,123.32533201457959
session_13.csv,session_13,85,5440,5568,5440,5568,10.88,11.136,clench,1,128,1.0,False,False,20.461039713847725,24.70864994841123,2624.5416858427175,42.0,33.0,81.17832596286075,82.03125,85.9375,442.7784383674466
session_13.csv,session_13,86,5504,5632,5504,5632,11.008,11.264,clench,1,128,1.0,False,False,20.202243473119793,24.12379407688761,2499.296867787064,40.0,34.0,77.03154965653866,74.21875,74.21875,729.8362368561916
session_13.csv,session_13,87,5568,5696,5568,5696,11.136,11.392,clench,1,128,1.0,False,False,14.786279822405056,18.364899420991904,1937.815256085464,43.0,31.0,86.50979950905943,93.75,97.65625,244.71401571142238
session_13.csv,session_13,88,5632,5760,5632,5760,11.264,11.52,clench,1,128,1.0,False,False,15.132369490095236,18.696453331058375,1990.2355532938018,42.0,30.0,83.37069857734818,82.03125,82.03125,309.43598119380033
session_13.csv,session_13,89,5696,5824,5696,5824,11.392,11.648,clench,1,128,1.0,False,False,16.490177803281824,19.427462256850774,2140.877699123728,40.0,32.0,77.2916596984816,78.125,78.125,253.4282859864597
session_13.csv,session_13,90,5760,5888,5760,5888,11.52,11.776,clench,1,128,1.0,False,False,15.834035116404584,19.224031506033967,2033.8502374203624,43.0,34.0,83.24006945639096,78.125,78.125,252.17977207049486
session_13.csv,session_13,91,5824,5952,5824,5952,11.648,11.904,clench,1,128,1.0,False,False,17.71300408285607,21.248035882575405,2206.753580772337,44.0,35.0,78.26350601199735,78.125,74.21875,540.8865897950201
session_13.csv,session_13,92,5888,6016,5888,6016,11.776,12.032,clench,1,128,1.0,False,False,17.041667463101454,19.984533093023764,2093.8372601759993,41.0,32.0,77.4695794034847,74.21875,74.21875,342.3881031237645
session_13.csv,session_13,93,5952,6080,5952,6080,11.904,12.16,clench,1,128,1.0,False,False,12.055106824336493,14.572843402894135,1487.8653425736852,40.0,25.0,81.75585542969355,78.125,78.125,220.06172529117617
session_13.csv,session_13,94,6016,6144,6016,6144,12.032,12.288,clench,1,128,1.0,False,False,9.572443725768926,11.246314269830481,1197.5442974749058,41.0,26.0,83.50693993572216,85.9375,85.9375,161.23935380396188
session_13.csv,session_13,95,6080,6208,6080,6208,12.16,12.416,clench,1,128,1.0,False,False,8.76275976851852,10.843936779388889,1141.5366742540277,42.0,24.0,79.07395380529123,78.125,70.3125,56.44407515484776
session_13.csv,session_13,96,6144,6272,6144,6272,12.288,12.544,clench,1,128,1.0,False,False,9.615566129882428,12.906392896200199,1274.2033071983537,40.0,23.0,85.77636361399867,85.9375,85.9375,250.1318823508804
session_13.csv,session_13,97,6208,6336,6208,6336,12.416,12.672,clench,1,128,1.0,False,False,12.826125766538944,16.637638357558586,1692.3828886785218,40.0,28.0,81.35341651880357,78.125,89.84375,88.9893305609828
session_13.csv,session_13,98,6272,6400,6272,6400,12.544,12.8,clench,1,128,1.0,False,False,11.284373872751413,14.6378058074978,1469.569637629177,40.0,27.0,82.78224225035576,85.9375,85.9375,245.45988894317765
session_13.csv,session_13,99,6336,6464,6336,6464,12.672,12.928,clench,1,128,1.0,False,False,8.973226322210287,10.943182670954833,1129.3494899649872,39.0,25.0,79.22987516074934,78.125,78.125,127.64656607092628
session_13.csv,session_13,100,6400,6528,6400,6528,12.8,13.056,clench,1,128,1.0,False,False,6.163553847837339,8.011823257384547,789.0206946011463,37.0,17.0,79.39410640447181,78.125,78.125,33.90711432308674
session_13.csv,session_13,101,6464,6592,6464,6592,12.928,13.184,clench,1,93,0.7265625,True,True,4.1659712220181655,5.4168120330677825,558.0881811469683,35.0,9.0,87.34928807618617,89.84375,89.84375,37.04137132157652
session_13.csv,session_13,102,6528,6656,6528,6656,13.056,13.312,relax,0,29,0.2265625,True,True,3.94296408831039,5.0062370978680555,532.15320625444,40.0,6.0,81.86000483555395,78.125,93.75,13.591517336885394
session_13.csv,session_13,103,6592,6720,6592,6720,13.184,13.44,relax,0,0,0.0,False,False,3.2972263688197687,3.9420532099440395,443.7452380293389,43.0,2.0,83.20688427557062,82.03125,82.03125,15.009943012480823
session_13.csv,session_13,104,6656,6784,6656,6784,13.312,13.568,relax,0,0,0.0,False,False,3.2184622358121233,3.9092951790444794,420.8396672321069,36.0,2.0,83.53198544339544,85.9375,85.9375,11.931780285963432
session_13.csv,session_13,105,6720,6848,6720,6848,13.44,13.696,relax,0,0,0.0,False,False,2.842150028809675,3.5209201009367566,370.9005605343267,30.0,3.0,86.2396298090527,85.9375,85.9375,7.303298446692638
session_13.csv,session_13,106,6784,6912,6784,6912,13.568,13.824,relax,0,0,0.0,False,False,3.002550862109488,3.7607669430691404,377.0970535256456,31.0,1.0,83.68909038995437,82.03125,82.03125,14.743169576682767
session_13.csv,session_13,107,6848,6976,6848,6976,13.696,13.952,relax,0,0,0.0,False,False,3.261504601416883,4.0097923233820945,417.7411053037089,35.0,1.0,80.79401540764852,82.03125,85.9375,14.217758476458615
session_13.csv,session_13,108,6912,7040,6912,7040,13.824,14.08,relax,0,0,0.0,False,False,3.652186030004388,4.654727427320748,451.39325359980523,34.0,1.0,82.22831523895667,85.9375,85.9375,15.030642323902963
session_13.csv,session_13,109,6976,7104,6976,7104,13.952,14.208,relax,0,29,0.2265625,True,True,10.54994416709171,16.380329004281034,1219.3545987761581,36.0,13.0,76.79042100274165,74.21875,70.3125,85.45593811406117
session_13.csv,session_13,110,7040,7168,7040,7168,14.08,14.336,clench,1,93,0.7265625,True,True,18.491978554974693,23.2485946994316,2340.05603032284,43.0,32.0,76.87286995406437,74.21875,74.21875,651.3440025693737
session_13.csv,session_13,111,7104,7232,7104,7232,14.208,14.464,clench,1,128,1.0,False,False,17.22948677749644,20.773499363991938,2306.7121549768394,46.0,34.0,83.51226165891161,85.9375,89.84375,385.3458103589641
session_13.csv,session_13,112,7168,7296,7168,7296,14.336,14.592,clench,1,128,1.0,False,False,12.73926143567849,15.171006844289245,1737.7911017226934,47.0,30.0,88.94047260056476,93.75,93.75,250.2603465192485
session_13.csv,session_13,113,7232,7360,7232,7360,14.464,14.72,clench,1,128,1.0,False,False,14.304270636348022,17.140433453047024,1895.5347589413377,45.0,30.0,87.6478018841325,89.84375,89.84375,215.33938045259583
session_13.csv,session_13,114,7296,7424,7296,7424,14.592,14.848,clench,1,128,1.0,False,False,13.80663735031252,16.685188020907432,1769.7733397005404,42.0,26.0,82.47376726646516,82.03125,82.03125,289.80345452624965
session_13.csv,session_13,115,7360,7488,7360,7488,14.72,14.976,clench,1,128,1.0,False,False,10.019237919881563,11.915921138001481,1273.419863066904,41.0,27.0,81.66753298352732,85.9375,93.75,139.55886702818026
session_13.csv,session_13,116,7424,7552,7424,7552,14.848,15.104,clench,1,128,1.0,False,False,9.57382686610455,12.000008326564206,1242.0974402464449,41.0,28.0,86.63178248214308,89.84375,93.75,59.16395285378539
session_13.csv,session_13,117,7488,7616,7488,7616,14.976,15.232,clench,1,128,1.0,False,False,11.57429071766597,14.42265516297838,1474.2459968363573,40.0,28.0,74.8367249164672,74.21875,74.21875,169.58161465575802
session_13.csv,session_13,118,7552,7680,7552,7680,15.104,15.36,clench,1,128,1.0,False,False,14.493812334687245,17.498220087992408,1871.8473449235662,40.0,32.0,79.53867689443182,78.125,78.125,371.91208154960236
session_13.csv,session_13,119,7616,7744,7616,7744,15.232,15.488,clench,1,128,1.0,False,False,12.641447841038014,15.960307188608466,1631.4275469394288,40.0,27.0,80.92056893736867,82.03125,85.9375,130.2037937161172
session_13.csv,session_13,120,7680,7808,7680,7808,15.36,15.616,clench,1,128,1.0,False,False,11.208934787617551,14.019796091400973,1439.8641610693135,40.0,24.0,77.81198351108017,78.125,78.125,153.03960283923172
session_13.csv,session_13,121,7744,7872,7744,7872,15.488,15.744,clench,1,128,1.0,False,False,14.788441066518747,17.477365306487805,1913.1391572381226,42.0,29.0,86.58397198297865,89.84375,85.9375,314.27062827449976
session_13.csv,session_13,122,7808,7936,7808,7936,15.616,15.872,clench,1,128,1.0,False,False,15.666940843942037,18.2316169447267,1979.1324283262734,43.0,32.0,76.43732050996043,78.125,78.125,269.5492157267387
session_13.csv,session_13,123,7872,8000,7872,8000,15.744,16.0,clench,1,128,1.0,False,False,13.32983990195256,15.858828331033207,1644.4251702208721,41.0,25.0,78.01432918192104,74.21875,74.21875,277.60955862298255
session_13.csv,session_13,124,7936,8064,7936,8064,15.872,16.128,clench,1,128,1.0,False,False,13.452475198463155,16.059481998151096,1632.7271943886626,38.0,25.0,80.13940576689357,78.125,74.21875,290.88555501135454
session_13.csv,session_13,125,8000,8128,8000,8128,16.0,16.256,clench,1,128,1.0,False,False,11.335227341960731,14.594964928288938,1405.799413734054,39.0,25.0,77.68438946237747,74.21875,74.21875,192.1214046263273
session_13.csv,session_13,126,8064,8192,8064,8192,16.128,16.384,clench,1,91,0.7109375,True,True,7.918451487274927,10.289251161137113,1005.1565043497176,41.0,20.0,81.49593537542145,78.125,78.125,81.92080393496484
session_13.csv,session_13,127,8128,8256,8128,8256,16.256,16.512,relax,0,27,0.2109375,True,True,5.383470834064151,6.824228907070379,667.58344733589,38.0,10.0,79.70788687564215,78.125,78.125,26.647216249229555
session_13.csv,session_13,128,8192,8320,8192,8320,16.384,16.64,relax,0,0,0.0,False,False,4.065172876191834,4.92866836114727,509.04375525497016,35.0,8.0,77.70733936065834,78.125,78.125,22.254603663817694
session_13.csv,session_13,129,8256,8384,8256,8384,16.512,16.768,relax,0,0,0.0,False,False,3.9139067470722537,4.7684912846264425,522.7473964124381,39.0,9.0,77.23651683869996,74.21875,70.3125,10.798771325598947
session_13.csv,session_13,130,8320,8448,8320,8448,16.64,16.896,relax,0,0,0.0,False,False,3.016086322367717,3.5616393296651787,409.34094088170184,35.0,5.0,81.74204134249,78.125,78.125,8.280802891304731
session_13.csv,session_13,131,8384,8512,8384,8512,16.768,17.024,relax,0,0,0.0,False,False,3.25619434953491,3.9613522083094956,409.73041045219895,30.0,6.0,76.20909808622355,70.3125,70.3125,17.872910421835016
session_13.csv,session_13,132,8448,8576,8448,8576,16.896,17.152,relax,0,0,0.0,False,False,2.8014253401023863,3.529871714354549,361.1058419923012,32.0,4.0,81.76659987161118,85.9375,89.84375,7.700882249607803
session_13.csv,session_13,133,8512,8640,8512,8640,17.024,17.28,relax,0,0,0.0,False,True,3.1156304277564635,4.452035548057961,395.84961056714155,33.0,3.0,82.75413967831908,82.03125,82.03125,6.751552830574423
session_13.csv,session_13,134,8576,8704,8576,8704,17.152,17.408,relax,0,54,0.421875,True,True,16.553946900746304,29.070165254610508,2063.2259804107707,36.0,19.0,78.57786589766563,82.03125,85.9375,175.12271985255683
session_13.csv,session_13,135,8640,8768,8640,8768,17.28,17.536,clench,1,118,0.921875,True,True,23.89734045499393,33.22738157288329,3020.207256690672,40.0,35.0,80.91951513348073,78.125,74.21875,1807.9155329258779
session_13.csv,session_13,136,8704,8832,8704,8832,17.408,17.664,clench,1,128,1.0,False,False,19.124539841058223,23.09221664857139,2327.6113463038523,40.0,34.0,81.17988885921115,82.03125,85.9375,674.7535414062592
session_13.csv,session_13,137,8768,8896,8768,8896,17.536,17.792,clench,1,128,1.0,False,False,16.179398425069195,19.51386427058565,1995.6239013410336,41.0,27.0,77.88973947513026,74.21875,74.21875,333.52012631405864
session_13.csv,session_13,138,8832,8960,8832,8960,17.664,17.92,clench,1,128,1.0,False,False,13.61407199424006,16.24050112350657,1841.2307349781881,45.0,35.0,74.98740974689383,70.3125,70.3125,144.82086544689912
session_13.csv,session_13,139,8896,9024,8896,9024,17.792,18.048,clench,1,128,1.0,False,False,10.42275470974717,13.136881144051134,1388.9419603051836,41.0,30.0,87.21907069060924,85.9375,82.03125,174.69351894341384
session_13.csv,session_13,140,8960,9088,8960,9088,17.92,18.176,clench,1,128,1.0,False,False,8.969075244591956,11.714206007156921,1126.2030488368891,40.0,20.0,78.169914158716,78.125,74.21875,113.52388857306583
session_13.csv,session_13,141,9024,9152,9024,9152,18.048,18.304,clench,1,128,1.0,False,False,10.926431148852812,13.725194273023124,1435.069481196807,44.0,29.0,83.45484970897691,82.03125,82.03125,158.7817780488743
session_13.csv,session_13,142,9088,9216,9088,9216,18.176,18.432,clench,1,128,1.0,False,False,9.711635228707392,12.386192548344948,1315.3022028363162,43.0,26.0,75.86714779021607,74.21875,70.3125,63.19272454570658
session_13.csv,session_13,143,9152,9280,9152,9280,18.304,18.56,clench,1,128,1.0,False,False,10.50375101410528,12.925198064989956,1357.3833948269566,41.0,26.0,81.2205411512146,78.125,74.21875,149.6401727656043
session_13.csv,session_13,144,9216,9344,9216,9344,18.432,18.688,clench,1,128,1.0,False,False,10.716487961345308,12.958364002723469,1385.7577198008903,43.0,26.0,79.84489230011489,82.03125,82.03125,119.83821456576527
session_13.csv,session_13,145,9280,9408,9280,9408,18.56,18.816,clench,1,128,1.0,False,False,12.647826108824477,16.12086004048518,1583.48541004128,42.0,17.0,80.83149336656005,78.125,74.21875,220.95162172701896
session_13.csv,session_13,146,9344,9472,9344,9472,18.688,18.944,clench,1,128,1.0,False,False,16.343184750937993,20.566565782111837,2066.366227830758,41.0,25.0,79.80963376108328,82.03125,85.9375,326.0008542440027
session_13.csv,session_13,147,9408,9536,9408,9536,18.816,19.072,clench,1,128,1.0,False,False,13.820467897226765,18.20243842902991,1797.9515801696261,41.0,29.0,75.42079297937599,74.21875,74.21875,350.27797897918686
session_13.csv,session_13,148,9472,9600,9472,9600,18.944,19.2,clench,1,105,0.8203125,True,True,10.052423480741432,12.64131305653672,1272.8112594510399,40.0,23.0,82.93119287561427,85.9375,89.84375,77.67667802332228
session_13.csv,session_13,149,9536,9664,9536,9664,19.072,19.328,relax,0,41,0.3203125,True,True,6.6852368360007555,8.789413014561665,848.0561063059677,37.0,16.0,75.89777358046878,74.21875,70.3125,66.72496377805768
session_13.csv,session_13,150,9600,9728,9600,9728,19.2,19.456,relax,0,0,0.0,False,True,4.416432587163551,5.480307267930648,559.6644392478944,38.0,4.0,80.69790861183557,78.125,78.125,15.28100951392941
session_13.csv,session_13,151,9664,9792,9664,9792,19.328,19.584,relax,0,0,0.0,False,False,3.71660266274876,4.665369907023185,472.12069795072557,35.0,2.0,77.4682569408474,78.125,78.125,22.055374954653114
session_13.csv,session_13,152,9728,9856,9728,9856,19.456,19.712,relax,0,0,0.0,False,False,3.5768407966011884,4.482631648634781,457.89654445698886,33.0,6.0,82.30152550797473,85.9375,89.84375,19.344844051556016
session_13.csv,session_13,153,9792,9920,9792,9920,19.584,19.84,relax,0,0,0.0,False,False,3.6190843803476254,4.493756878173589,442.86832603800076,27.0,7.0,80.14325227571145,78.125,70.3125,21.761236879116094
session_13.csv,session_13,154,9856,9984,9856,9984,19.712,19.968,relax,0,0,0.0,False,False,2.987493380753568,3.7758202889934243,378.2538005914374,23.0,6.0,77.61157105175256,74.21875,74.21875,17.756906477135317
session_13.csv,session_13,155,9920,10048,9920,10048,19.84,20.096,relax,0,0,0.0,False,False,2.6080206683319735,3.402990502290506,334.0962399064962,22.0,4.0,78.30253034797627,78.125,78.125,2.4875300699064806
session_13.csv,session_13,156,9984,10112,9984,10112,19.968,20.224,relax,0,0,0.0,False,False,2.0835647979954164,2.6588390092418432,267.78168821836425,22.0,0.0,80.1622799738388,78.125,78.125,10.43610455846043
session_13.csv,session_13,157,10048,10176,10048,10176,20.096,20.352,relax,0,0,0.0,False,False,1.9275833106062228,2.266434919284272,238.29922361034812,18.0,0.0,79.4466911675986,74.21875,70.3125,3.8730335287767663
session_13.csv,session_13,158,10112,10240,10112,10240,20.224,20.48,relax,0,0,0.0,False,False,4.383996406200909,6.993572901613372,550.2081989438623,19.0,8.0,80.00914846714743,78.125,70.3125,8.04073284313032
session_13.csv,session_13,159,10176,10304,10176,10304,20.352,20.608,relax,0,30,0.234375,True,True,17.252488008540954,25.378727097060032,2203.5423951828775,35.0,26.0,83.53810774659193,89.84375,89.84375,520.7049124667683
session_13.csv,session_13,160,10240,10368,10240,10368,20.48,20.736,clench,1,94,0.734375,True,True,22.92298664644995,29.33269203812662,2893.234490494483,39.0,33.0,77.08009613392781,70.3125,70.3125,654.0782260769994
session_13.csv,session_13,161,10304,10432,10304,10432,20.608,20.864,clench,1,128,1.0,False,False,15.606601368613358,19.471270873764674,1931.438626641867,40.0,31.0,81.25229826901158,78.125,74.21875,432.97071591892364
session_13.csv,session_13,162,10368,10496,10368,10496,20.736,20.992,clench,1,128,1.0,False,False,10.491661639559416,12.79056053320961,1383.5166082079286,46.0,26.0,82.7762221212351,82.03125,82.03125,208.55769404200174
session_13.csv,session_13,163,10432,10560,10432,10560,20.864,21.12,clench,1,128,1.0,False,False,8.010881025970125,9.756111325125204,1060.4979229622104,44.0,22.0,82.13412303093989,82.03125,78.125,61.80866226708066
session_13.csv,session_13,164,10496,10624,10496,10624,20.992,21.248,clench,1,128,1.0,False,False,10.550681172499065,13.194058499266463,1354.4049302695744,39.0,28.0,82.611355693416,85.9375,85.9375,151.15557488998513
session_13.csv,session_13,165,10560,10688,10560,10688,21.12,21.376,clench,1,128,1.0,False,False,14.03489503282676,17.40362266389781,1784.616109928951,39.0,28.0,78.61204048111871,74.21875,70.3125,206.05184779903175
session_13.csv,session_13,166,10624,10752,10624,10752,21.248,21.504,clench,1,128,1.0,False,False,12.88039934677727,16.071221170027215,1597.1240924876538,38.0,23.0,80.0965382858281,78.125,78.125,229.4700581278302
session_13.csv,session_13,167,10688,10816,10688,10816,21.376,21.632,clench,1,128,1.0,False,False,11.689777966678548,13.813833159257879,1414.9605360635528,38.0,25.0,80.33824789730083,78.125,78.125,224.89136032563357
session_13.csv,session_13,168,10752,10880,10752,10880,21.504,21.76,clench,1,128,1.0,False,False,9.794272971625226,12.41614536684175,1195.293925061308,35.0,25.0,77.92437102081202,74.21875,70.3125,112.130919011722
session_13.csv,session_13,169,10816,10944,10816,10944,21.632,21.888,clench,1,128,1.0,False,False,7.5411133984882275,10.005362081302259,999.2255044061862,38.0,22.0,83.43511383057545,85.9375,85.9375,106.81021600779283
session_13.csv,session_13,170,10880,11008,10880,11008,21.76,22.016,clench,1,128,1.0,False,False,7.970431862208515,9.987011968398033,1066.3648380971476,43.0,23.0,82.22746746594,82.03125,89.84375,70.20150149362789
session_13.csv,session_13,171,10944,11072,10944,11072,21.888,22.144,clench,1,128,1.0,False,False,8.389072175115789,10.309490962136076,1115.4851955284182,45.0,24.0,83.36457748632641,89.84375,89.84375,56.56001327329836
session_13.csv,session_13,172,11008,11136,11008,11136,22.016,22.272,clench,1,128,1.0,False,False,8.596124806615032,10.665035966776568,1137.185080132971,44.0,25.0,77.96382039835555,74.21875,74.21875,118.92189797709533
session_13.csv,session_13,173,11072,11200,11072,11200,22.144,22.4,clench,1,128,1.0,False,False,10.523464792458235,12.67905065557955,1357.4794954212002,42.0,26.0,82.37790463573914,82.03125,82.03125,112.7520303273142
session_13.csv,session_13,174,11136,11264,11136,11264,22.272,22.528,clench,1,128,1.0,False,False,10.190061962769029,13.005642289926937,1333.8488506683304,40.0,25.0,82.666534140251,82.03125,82.03125,224.56861142497846
session_13.csv,session_13,175,11200,11328,11200,11328,22.4,22.656,clench,1,128,1.0,False,True,6.360797047111187,9.028245910369257,828.5413345469236,37.0,14.0,79.38617194792401,78.125,78.125,17.45216091518386
session_13.csv,session_13,176,11264,11392,11264,11392,22.528,22.784,clench,1,81,0.6328125,True,True,5.66951028596707,7.363980178216736,720.0074808963901,36.0,11.0,80.17552946315811,82.03125,82.03125,73.16269806766218
session_13.csv,session_13,177,11328,11456,11328,11456,22.656,22.912,relax,0,17,0.1328125,True,True,5.472530935250053,6.964713532373294,692.6670152289016,37.0,11.0,80.27276002674147,78.125,78.125,37.9805767820634
session_13.csv,session_13,178,11392,11520,11392,11520,22.784,23.04,relax,0,0,0.0,False,False,4.068507117251064,4.867627485712774,519.9974890728221,36.0,10.0,83.80175696994542,82.03125,78.125,12.337523960630273
session_13.csv,session_13,179,11456,11584,11456,11584,22.912,23.168,relax,0,0,0.0,False,False,3.5314479120880558,4.288309759788312,455.5438118520964,36.0,7.0,79.43171845503196,78.125,74.21875,24.67392643382941
session_13.csv,session_13,180,11520,11648,11520,11648,23.04,23.296,relax,0,0,0.0,False,False,3.3643072538204635,4.089173341008634,432.26084584531975,36.0,3.0,85.93542224042945,85.9375,85.9375,14.425283515384361
session_13.csv,session_13,181,11584,11712,11584,11712,23.168,23.424,relax,0,0,0.0,False,False,2.953427683225719,3.5247784425950157,391.79132100626316,36.0,1.0,78.4729943690238,74.21875,74.21875,5.874675110907787
session_13.csv,session_13,182,11648,11776,11648,11776,23.296,23.552,relax,0,0,0.0,False,False,3.105718703786353,3.6555694756629706,394.3649137069149,33.0,3.0,79.0749263995507,78.125,74.21875,13.10843448400175
session_13.csv,session_13,183,11712,11840,11712,11840,23.424,23.68,relax,0,0,0.0,False,False,2.901396978103336,3.4866480449731205,358.76509228883026,29.0,3.0,82.64890503003912,85.9375,70.3125,10.211325808105169
session_13.csv,session_13,184,11776,11904,11776,11904,23.552,23.808,relax,0,0,0.0,False,False,2.997170525580519,3.584376381909774,369.1513023662899,31.0,2.0,78.1954131800842,78.125,78.125,14.778634710209216
session_13.csv,session_13,185,11840,11968,11840,11968,23.68,23.936,relax,0,0,0.0,False,False,3.028916536382578,3.602500540926028,391.00087378217006,33.0,2.0,81.57593302176795,82.03125,74.21875,11.08267555104284
session_13.csv,session_13,186,11904,12032,11904,12032,23.808,24.064,relax,0,37,0.2890625,True,True,10.154251161193667,16.01483416553955,1246.8999827235793,35.0,14.0,75.34880807597406,74.21875,74.21875,78.9776771857384
session_13.csv,session_13,187,11968,12096,11968,12096,23.936,24.192,clench,1,101,0.7890625,True,True,17.077347397414208,21.208064546794986,2133.383276717538,42.0,26.0,78.48363621723001,78.125,82.03125,510.94794225351217
session_13.csv,session_13,188,12032,12160,12032,12160,24.064,24.32,clench,1,128,1.0,False,False,15.99418014064132,21.13460152568191,2022.652214838446,39.0,25.0,79.55189726869106,78.125,78.125,760.0873171583489
session_13.csv,session_13,189,12096,12224,12096,12224,24.192,24.448,clench,1,128,1.0,False,False,18.682497902083067,23.671754021763764,2357.7321996952287,40.0,30.0,78.36740594270061,78.125,82.03125,175.26331484983126
session_13.csv,session_13,190,12160,12288,12160,12288,24.32,24.576,clench,1,128,1.0,False,False,14.81412178926384,19.08842669184714,1911.3353594503697,42.0,30.0,74.49543417477675,74.21875,74.21875,404.5068348530811
session_13.csv,session_13,191,12224,12352,12224,12352,24.448,24.704,clench,1,128,1.0,False,False,9.268979792160682,11.738917241696878,1253.3391983226275,43.0,26.0,84.12582624715594,85.9375,97.65625,68.3794549002476
session_13.csv,session_13,192,12288,12416,12288,12416,24.576,24.832,clench,1,128,1.0,False,False,13.922194856761816,17.41460876286327,1890.6345011253625,46.0,29.0,85.35401317265209,89.84375,93.75,192.85423822447544
session_13.csv,session_13,193,12352,12480,12352,12480,24.704,24.96,clench,1,128,1.0,False,False,14.600466839812858,17.92466242470949,1930.8952358951633,43.0,31.0,84.04325304205724,85.9375,89.84375,317.347974731873
session_13.csv,session_13,194,12416,12544,12416,12544,24.832,25.088,clench,1,128,1.0,False,False,13.513643658596184,16.516656257059637,1794.5623339112833,42.0,30.0,77.168238552322,74.21875,74.21875,111.04526684924352
session_13.csv,session_13,195,12480,12608,12480,12608,24.96,25.216,clench,1,128,1.0,False,False,15.674719385920397,18.71235445686984,1999.229933831683,42.0,28.0,80.33906527349274,78.125,74.21875,375.26187656830035
session_13.csv,session_13,196,12544,12672,12544,12672,25.088,25.344,clench,1,128,1.0,False,False,12.773701690942463,16.12251186618569,1578.9828206969737,39.0,19.0,80.81509694558903,82.03125,82.03125,223.6804163994692
session_13.csv,session_13,197,12608,12736,12608,12736,25.216,25.472,clench,1,128,1.0,False,False,11.612687236500848,14.492922748596818,1406.2341238554163,38.0,19.0,77.98263340815426,74.21875,70.3125,150.90420443355873
session_13.csv,session_13,198,12672,12800,12672,12800,25.344,25.6,clench,1,128,1.0,False,False,10.910202849088748,13.49165315556595,1301.7853397954282,37.0,19.0,77.49681693602945,78.125,78.125,264.464149207493
session_13.csv,session_13,199,12736,12864,12736,12864,25.472,25.728,clench,1,128,1.0,False,True,7.763363478041256,9.921674022603602,984.3648845064589,42.0,17.0,79.60653875935313,74.21875,74.21875,24.574667619571322
session_13.csv,session_13,200,12800,12928,12800,12928,25.6,25.856,clench,1,84,0.65625,True,True,6.7116255258100255,8.437519186421211,887.3111307761884,44.0,16.0,83.15345340186022,85.9375,85.9375,98.46277361010826
session_13.csv,session_13,201,12864,12992,12864,12992,25.728,25.984,relax,0,20,0.15625,True,True,4.276829359187827,5.56162696287653,559.6457754699248,33.0,7.0,81.50483137394457,78.125,74.21875,27.551468772989914
session_13.csv,session_13,202,12928,13056,12928,13056,25.856,26.112,relax,0,0,0.0,False,False,3.210302660450325,4.480672741682725,404.6512257414022,25.0,2.0,81.7637380628797,82.03125,70.3125,20.651189441688903
session_13.csv,session_13,203,12992,13120,12992,13120,25.984,26.24,relax,0,0,0.0,False,False,2.6959242521735973,3.998414670728896,343.1429439147141,20.0,1.0,78.93851862852473,78.125,78.125,7.255667986470583
session_13.csv,session_13,204,13056,13184,13056,13184,26.112,26.368,relax,0,0,0.0,False,False,2.099352926665121,2.633047891428011,284.4516381180764,23.0,1.0,82.42046702673248,82.03125,82.03125,4.332773508790657
session_13.csv,session_13,205,13120,13248,13120,13248,26.24,26.496,relax,0,0,0.0,False,False,2.7428634261579665,3.341666439571819,362.7132165991568,31.0,0.0,80.48115418679693,78.125,78.125,8.089185685801347
session_13.csv,session_13,206,13184,13312,13184,13312,26.368,26.624,relax,0,0,0.0,False,False,2.7917946682686834,3.473767837557558,350.85956229189435,26.0,1.0,80.29550656887041,74.21875,74.21875,9.989883789567854
session_13.csv,session_13,207,13248,13376,13248,13376,26.496,26.752,relax,0,0,0.0,False,False,2.68548667579223,3.4475439176586966,341.02724254537634,21.0,5.0,80.00145153971135,82.03125,82.03125,10.168471947465978
session_13.csv,session_13,208,13312,13440,13312,13440,26.624,26.88,relax,0,0,0.0,False,False,2.4077111715474837,3.1422990933295587,319.5663970013586,20.0,4.0,84.31813957948965,82.03125,97.65625,4.565369972735391
session_13.csv,session_13,209,13376,13504,13376,13504,26.752,27.008,relax,0,0,0.0,False,False,2.667154653574358,3.3761894873039635,349.75757530469457,28.0,4.0,86.97936096415944,85.9375,85.9375,16.578351703538484
session_13.csv,session_13,210,13440,13568,13440,13568,26.88,27.136,relax,0,0,0.0,False,False,3.4138278716591284,4.149550512439161,432.6700453627359,35.0,3.0,76.37363707925856,74.21875,74.21875,19.830032707189922
session_13.csv,session_13,211,13504,13632,13504,13632,27.008,27.264,relax,0,0,0.0,False,False,3.3819846011343673,4.080284016280517,402.04740976931873,30.0,1.0,79.65083761789171,74.21875,74.21875,6.036413615841789
session_13.csv,session_13,212,13568,13696,13568,13696,27.136,27.392,relax,0,0,0.0,False,False,2.8195466972763565,3.493964684943901,336.9211054057805,24.0,3.0,76.87980425659057,74.21875,74.21875,20.008591408443166
session_13.csv,session_13,213,13632,13760,13632,13760,27.264,27.52,relax,0,0,0.0,False,False,8.60522973503512,16.15441867423151,1066.8787924298722,27.0,13.0,82.32057520644643,82.03125,93.75,24.404765582449993
session_13.csv,session_13,214,13696,13824,13696,13824,27.392,27.648,relax,0,31,0.2421875,True,True,19.51036761267006,25.381265206748804,2467.3401502825404,40.0,30.0,82.81679224398152,85.9375,74.21875,786.9610517858921
session_13.csv,session_13,215,13760,13888,13760,13888,27.52,27.776,clench,1,95,0.7421875,True,True,35.69289186201608,42.79494896946508,4357.455361179963,40.0,36.0,78.2579714769027,78.125,82.03125,1458.127227938556
session_13.csv,session_13,216,13824,13952,13824,13952,27.648,27.904,clench,1,128,1.0,False,False,37.654314357788124,45.05651191045869,4585.904770728969,41.0,37.0,78.34895035183673,78.125,74.21875,2353.5685559427598
session_13.csv,session_13,217,13888,14016,13888,14016,27.776,28.032,clench,1,128,1.0,False,False,17.66618694574224,25.134707382281416,2197.4391251426714,45.0,31.0,76.3821659321153,74.21875,70.3125,423.4834831110492
session_13.csv,session_13,218,13952,14080,13952,14080,27.904,28.16,clench,1,128,1.0,False,False,6.338495800808755,8.380652053842159,855.1270684515814,43.0,19.0,79.8647609868413,78.125,78.125,23.89888280076346
session_13.csv,session_13,219,14016,14144,14016,14144,28.032,28.288,clench,1,122,0.953125,True,True,7.174153993594864,9.245000708999315,933.1819339146759,39.0,18.0,85.43111425544953,89.84375,93.75,103.04162441158144
session_13.csv,session_13,220,14080,14208,14080,14208,28.16,28.416,relax,0,58,0.453125,True,True,6.3981491714029355,8.403337923444159,821.6399837792488,38.0,13.0,82.84534058311026,82.03125,78.125,64.73307421216894
session_13.csv,session_13,221,14144,14272,14144,14272,28.288,28.544,relax,0,0,0.0,False,True,3.9978245835114263,4.901784630724959,531.5970753919748,34.0,8.0,80.49126166175597,78.125,78.125,13.222744437881222
session_13.csv,session_13,222,14208,14336,14208,14336,28.416,28.672,relax,0,0,0.0,False,False,4.070966468673358,4.941895881012728,539.2247521546877,37.0,9.0,82.09532332971588,74.21875,74.21875,22.038553219333682
session_13.csv,session_13,223,14272,14400,14272,14400,28.544,28.8,relax,0,0,0.0,False,False,3.516851179255873,4.1052607607748355,450.78923459429825,41.0,5.0,84.66098972210827,85.9375,89.84375,14.143773920053588
session_13.csv,session_13,224,14336,14464,14336,14464,28.672,28.928,relax,0,0,0.0,False,False,2.5100161744512404,3.0317807173232882,315.84723291370324,26.0,1.0,78.37134110728438,78.125,78.125,6.763739522041808
session_13.csv,session_13,225,14400,14528,14400,14528,28.8,29.056,relax,0,0,0.0,False,False,2.4953297070747684,3.0857625964836375,314.0167327377685,20.0,2.0,77.08665213001596,74.21875,74.21875,8.362593629672501
session_13.csv,session_13,226,14464,14592,14464,14592,28.928,29.184,relax,0,0,0.0,False,False,3.5461860503262743,4.618062774696118,444.0517760945122,29.0,2.0,77.70957152511139,74.21875,74.21875,22.40026410848688
session_13.csv,session_13,227,14528,14656,14528,14656,29.056,29.312,relax,0,0,0.0,False,False,3.1653683626804163,4.25659836796923,395.10639659236426,30.0,0.0,80.4232441758437,82.03125,85.9375,9.65208850718154
session_13.csv,session_13,228,14592,14720,14592,14720,29.184,29.44,relax,0,0,0.0,False,False,2.276715003853975,2.685274658229978,296.43673386644525,27.0,0.0,86.21910648121785,85.9375,97.65625,6.513693965264763
session_13.csv,session_13,229,14656,14784,14656,14784,29.312,29.568,relax,0,0,0.0,False,False,2.928671330938739,3.5273271600179013,362.34356926617136,29.0,0.0,78.10853274704215,74.21875,74.21875,8.771784456273098
session_13.csv,session_13,230,14720,14848,14720,14848,29.44,29.696,relax,0,3,0.0234375,True,True,4.9148209660040445,7.319148333702022,616.6626923087849,35.0,7.0,79.72073803736964,82.03125,74.21875,13.18270877769701
session_13.csv,session_13,231,14784,14912,14784,14912,29.568,29.824,clench,1,67,0.5234375,True,True,17.06953034288071,26.09462145638977,2134.0943426226304,36.0,26.0,76.25696800321158,74.21875,66.40625,665.2726875399804
session_13.csv,session_13,232,14848,14976,14848,14976,29.696,29.952,clench,1,128,1.0,False,True,22.786972246162954,29.446236462517014,2761.692587175144,37.0,27.0,76.41904121643694,70.3125,70.3125,803.3335892187554
session_13.csv,session_13,233,14912,15040,14912,15040,29.824,30.08,clench,1,128,1.0,False,False,15.277934552723774,20.104503701030175,1878.9196082979515,41.0,22.0,82.09685351099256,82.03125,85.9375,409.32855200995596
session_13.csv,session_13,234,14976,15104,14976,15104,29.952,30.208,clench,1,128,1.0,False,False,14.005217072831012,20.821265325994005,1903.3242512997322,44.0,27.0,85.66590543914361,85.9375,89.84375,492.45925003044044
session_13.csv,session_13,235,15040,15168,15040,15168,30.08,30.336,clench,1,128,1.0,False,False,13.092533972026448,18.755393385357827,1754.0202966823488,43.0,24.0,84.87166609651013,85.9375,97.65625,118.66371509277273
session_13.csv,session_13,236,15104,15232,15104,15232,30.208,30.464,clench,1,128,1.0,False,False,13.619945979285077,17.5098115505247,1838.1506885872463,45.0,31.0,86.04855326838894,85.9375,85.9375,382.9383573534041
session_13.csv,session_13,237,15168,15296,15168,15296,30.336,30.592,clench,1,128,1.0,False,True,13.778868683157583,17.732626989400657,1865.6570422772184,46.0,29.0,84.66222854211912,85.9375,85.9375,199.50291399887567
session_13.csv,session_13,238,15232,15360,15232,15360,30.464,30.72,clench,1,70,0.546875,True,True,8.111645923495093,10.867929158023626,1044.1111164505437,38.0,12.0,79.65449041919146,82.03125,89.84375,63.65167808059602
session_13.csv,session_13,239,15296,15424,15296,15424,30.592,30.848,relax,0,6,0.046875,True,True,3.938160629166945,5.085466662890362,500.2572925989989,33.0,3.0,78.01002904659636,78.125,74.21875,16.18150925166738
session_13.csv,session_13,240,15360,15488,15360,15488,30.72,30.976,relax,0,0,0.0,False,False,2.5505263459993692,3.2212776769324423,343.6266151631844,30.0,2.0,87.88870486455376,89.84375,97.65625,10.896601386645257
session_13.csv,session_13,241,15424,15552,15424,15552,30.848,31.104,relax,0,0,0.0,False,False,2.388263166640547,3.0960948295562147,314.8468841586174,25.0,3.0,78.28258183974972,78.125,78.125,3.6754313550044757
session_13.csv,session_13,242,15488,15616,15488,15616,30.976,31.232,relax,0,0,0.0,False,False,3.8668766011788396,5.209817083878047,502.6487121996912,31.0,5.0,84.25549628208195,85.9375,85.9375,26.6656821111078
session_13.csv,session_13,243,15552,15680,15552,15680,31.104,31.36,relax,0,0,0.0,False,False,3.8770002738170453,5.262221255002884,510.13318413307286,32.0,7.0,80.16338831416658,82.03125,70.3125,20.930469113613828
session_13.csv,session_13,244,15616,15744,15616,15744,31.232,31.488,relax,0,0,0.0,False,False,2.9781983452027703,3.71207893974227,401.1084673351834,33.0,6.0,85.1824635776298,82.03125,78.125,13.698373034762469
session_13.csv,session_13,245,15680,15808,15680,15808,31.36,31.616,relax,0,0,0.0,False,False,3.396737981145594,4.332756426896727,434.20604423190207,31.0,7.0,79.95770772752996,78.125,78.125,25.093844136047128
session_13.csv,session_13,246,15744,15872,15744,15872,31.488,31.744,relax,0,0,0.0,False,True,3.9242051142725796,5.499389275197752,509.55733913063534,27.0,11.0,79.90074528000333,78.125,70.3125,4.811161486083015
session_13.csv,session_13,247,15808,15936,15808,15936,31.616,31.872,relax,0,42,0.328125,True,True,14.888740721861023,25.615541012007018,1936.3038472066055,36.0,27.0,83.35573605429636,82.03125,97.65625,494.5838205639164
session_13.csv,session_13,248,15872,16000,15872,16000,31.744,32.0,clench,1,106,0.828125,True,True,19.881504619585666,28.28991263557187,2637.3201690499022,44.0,36.0,78.18683997423155,74.21875,70.3125,514.6188923473288
session_13.csv,session_13,249,15936,16064,15936,16064,31.872,32.128,clench,1,128,1.0,False,False,12.82985210863399,16.21258163626415,1714.7137940817877,43.0,29.0,80.8483299076698,85.9375,85.9375,142.9953767253439
session_13.csv,session_13,250,16000,16128,16000,16128,32.0,32.256,clench,1,128,1.0,False,False,13.227787918921456,15.764365954095899,1663.5518595791195,42.0,26.0,78.17960136555455,74.21875,74.21875,218.09941130843464
session_13.csv,session_13,251,16064,16192,16064,16192,32.128,32.384,clench,1,128,1.0,False,False,12.319815378637855,14.81680221848197,1542.3061346608597,40.0,26.0,82.34076266306965,82.03125,74.21875,192.86082576016474
session_13.csv,session_13,252,16128,16256,16128,16256,32.256,32.512,clench,1,128,1.0,False,False,11.999967762681868,14.45528080658078,1592.958145851228,42.0,26.0,83.08726676791906,82.03125,85.9375,177.83460106234637
session_13.csv,session_13,253,16192,16320,16192,16320,32.384,32.64,clench,1,128,1.0,False,False,15.572340553674305,18.45425283188021,1954.3198966467553,42.0,32.0,78.98128841022127,78.125,78.125,240.71978978678808
session_13.csv,session_13,254,16256,16384,16256,16384,32.512,32.768,clench,1,128,1.0,False,False,15.537326074348375,19.061514149109666,1945.5692221400932,42.0,32.0,81.66708385921795,82.03125,74.21875,441.54578816721335
session_13.csv,session_13,255,16320,16448,16320,16448,32.64,32.896,clench,1,128,1.0,False,False,12.860711300420967,16.09017875896269,1675.5221690449416,41.0,27.0,78.00466225519776,78.125,82.03125,83.45068744800611
session_13.csv,session_13,256,16384,16512,16384,16512,32.768,33.024,clench,1,128,1.0,False,False,9.721897354126483,13.05089596904495,1269.9200551323302,38.0,21.0,81.73686202606447,82.03125,78.125,250.93001753645777
session_13.csv,session_13,257,16448,16576,16448,16576,32.896,33.152,clench,1,128,1.0,False,False,6.433056142707241,9.512139256955148,819.0675421094453,37.0,16.0,81.88914529236263,82.03125,85.9375,18.886651771890694
session_13.csv,session_13,258,16512,16640,16512,16640,33.024,33.28,clench,1,128,1.0,False,False,4.912437655343559,6.153581119333821,644.3304760876433,39.0,15.0,80.94097010823744,82.03125,85.9375,34.262632019215864
session_13.csv,session_13,259,16576,16704,16576,16704,33.152,33.408,clench,1,128,1.0,False,True,7.297197051315437,9.689126750993058,976.127634382411,41.0,16.0,82.45326743963545,82.03125,89.84375,27.744232209560398
session_13.csv,session_13,260,16640,16768,16640,16768,33.28,33.536,clench,1,80,0.625,True,True,8.494977313459671,10.720633319551137,1108.142526126166,40.0,20.0,84.98381083543838,85.9375,85.9375,172.59703473293908
session_13.csv,session_13,261,16704,16832,16704,16832,33.408,33.664,relax,0,16,0.125,True,True,5.284947816619211,6.844965688033235,655.4954034649255,38.0,12.0,79.8927249443215,78.125,78.125,19.639474620660103
session_13.csv,session_13,262,16768,16896,16768,16896,33.536,33.792,relax,0,0,0.0,False,False,2.6189827353535033,3.1305014810582685,335.22862940981327,29.0,3.0,78.91728167488832,74.21875,74.21875,8.023928988711322
session_13.csv,session_13,263,16832,16960,16832,16960,33.664,33.92,relax,0,0,0.0,False,False,2.4101784272613083,2.9135236047035113,317.40187072307333,26.0,2.0,86.02171681853793,85.9375,89.84375,6.842766313871346
session_13.csv,session_13,264,16896,17024,16896,17024,33.792,34.048,relax,0,0,0.0,False,False,2.8059218726887076,3.4045170299983507,370.6346076557012,30.0,1.0,81.30592853886225,82.03125,78.125,10.5818919017689
session_13.csv,session_13,265,16960,17088,16960,17088,33.92,34.176,relax,0,0,0.0,False,False,3.574873601775278,4.32703763625395,456.70956325796976,36.0,3.0,80.79247545379613,82.03125,85.9375,14.798029593181878
session_13.csv,session_13,266,17024,17152,17024,17152,34.048,34.304,relax,0,0,0.0,False,False,3.588230105529539,4.506301300613783,441.6058806923945,32.0,4.0,77.23508070309752,78.125,74.21875,31.102767104636428
session_13.csv,session_13,267,17088,17216,17088,17216,34.176,34.432,relax,0,0,0.0,False,False,2.718947986267972,3.532697435003032,324.04485757346083,21.0,0.0,77.62697283535994,74.21875,74.21875,4.422763667333934
session_13.csv,session_13,268,17152,17280,17152,17280,34.304,34.56,relax,0,0,0.0,False,False,3.144933443313975,3.806437298117664,392.23730577206777,30.0,1.0,76.86549533679249,74.21875,74.21875,15.089622896734745
session_13.csv,session_13,269,17216,17344,17216,17344,34.432,34.688,relax,0,0,0.0,False,False,3.050580814642987,3.732929905652693,383.68619983146266,32.0,1.0,81.29596783963584,82.03125,82.03125,11.67404757971056
session_13.csv,session_13,270,17280,17408,17280,17408,34.56,34.816,relax,0,0,0.0,False,False,2.4370865523435548,2.91047320215026,308.42508331261627,29.0,0.0,84.26608216465526,89.84375,89.84375,6.687970482876924
session_13.csv,session_13,271,17344,17472,17344,17472,34.688,34.944,relax,0,0,0.0,False,False,2.6215377542343985,3.073091202703947,326.4123953214854,31.0,0.0,76.76816445527315,74.21875,74.21875,10.850958735611359
session_13.csv,session_13,272,17408,17536,17408,17536,34.816,35.072,relax,0,0,0.0,False,False,3.350446746699304,4.077247028613711,406.3468440502087,32.0,2.0,78.33275014102202,70.3125,70.3125,11.975150793449577
session_13.csv,session_13,273,17472,17600,17472,17600,34.944,35.2,relax,0,0,0.0,False,False,3.5440012744443408,4.308080568208497,438.42150408805026,34.0,4.0,77.54223540153136,74.21875,74.21875,20.708921379673036
session_13.csv,session_13,274,17536,17664,17536,17664,35.072,35.328,relax,0,0,0.0,False,False,2.5131111874799066,3.0783033076380533,320.01386349888935,27.0,2.0,84.14067790295388,85.9375,97.65625,7.696911635206801
session_13.csv,session_13,275,17600,17728,17600,17728,35.2,35.456,relax,0,18,0.140625,True,True,5.606924798869085,9.137280677990548,686.8922051719029,28.0,6.0,75.48716598756324,74.21875,78.125,16.26410826493544
session_13.csv,session_13,276,17664,17792,17664,17792,35.328,35.584,clench,1,82,0.640625,True,True,17.624125246326606,26.399497464213304,2175.7172286789437,37.0,24.0,78.88267818805629,78.125,78.125,821.0133652878002
session_13.csv,session_13,277,17728,17856,17728,17856,35.456,35.712,clench,1,128,1.0,False,True,18.409450623715685,26.400029163859013,2326.114491754317,41.0,32.0,78.2702993633618,74.21875,70.3125,344.26815983778187
session_13.csv,session_13,278,17792,17920,17792,17920,35.584,35.84,clench,1,128,1.0,False,False,15.286376335557655,19.93522348202082,2001.0775090558122,43.0,31.0,80.50788580189337,82.03125,74.21875,281.62163334246725
session_13.csv,session_13,279,17856,17984,17856,17984,35.712,35.968,clench,1,128,1.0,False,False,15.297103085505114,20.169222345248045,1948.0174227331727,41.0,27.0,79.90192214669307,74.21875,74.21875,289.1765922790466
session_13.csv,session_13,280,17920,18048,17920,18048,35.84,36.096,clench,1,128,1.0,False,False,9.003668790335814,11.257747038886416,1131.569767702029,39.0,19.0,79.52977171917516,78.125,70.3125,86.21218627514318
session_13.csv,session_13,281,17984,18112,17984,18112,35.968,36.224,clench,1,128,1.0,False,False,11.046435302171798,14.710716249855487,1392.1630008800682,40.0,21.0,82.72308277725367,85.9375,85.9375,156.9985491854209
session_13.csv,session_13,282,18048,18176,18048,18176,36.096,36.352,clench,1,128,1.0,False,False,15.280892852914665,18.702511184193977,2073.9029894138503,46.0,30.0,83.39228130609588,82.03125,78.125,283.99074110186643
session_13.csv,session_13,283,18112,18240,18112,18240,36.224,36.48,clench,1,128,1.0,False,False,15.876651126561512,18.419477035700123,2245.2709616894563,49.0,38.0,91.63685276863252,93.75,93.75,299.6462517501697
session_13.csv,session_13,284,18176,18304,18176,18304,36.352,36.608,clench,1,128,1.0,False,False,20.9142635802288,25.172143689656995,2665.384077646526,43.0,38.0,79.17219052775908,78.125,78.125,538.5031704885134
session_13.csv,session_13,285,18240,18368,18240,18368,36.48,36.736,clench,1,128,1.0,False,False,22.18645757309517,26.74181673671595,2720.789161972411,40.0,34.0,79.81036793904781,78.125,74.21875,565.6506338347044
session_13.csv,session_13,286,18304,18432,18304,18432,36.608,36.864,clench,1,128,1.0,False,False,18.414123418356695,22.855620451307683,2318.345231586519,44.0,31.0,77.59670248640523,74.21875,70.3125,511.4057672734187
session_13.csv,session_13,287,18368,18496,18368,18496,36.736,36.992,clench,1,128,1.0,False,False,21.734247002845187,27.714112749185833,2919.613147084886,45.0,33.0,85.07273704074068,85.9375,85.9375,948.6423310330973
session_13.csv,session_13,288,18432,18560,18432,18560,36.864,37.12,clench,1,128,1.0,False,False,27.112087209968262,33.532356190960485,3670.376945157645,44.0,40.0,83.3686396895122,85.9375,85.9375,613.3034475101639
session_13.csv,session_13,289,18496,18624,18496,18624,36.992,37.248,clench,1,128,1.0,False,False,26.363123221499883,31.87475220793584,3258.631307288145,40.0,36.0,80.71668199083133,78.125,78.125,940.5968528384462
session_13.csv,session_13,290,18560,18688,18560,18688,37.12,37.376,clench,1,128,1.0,False,False,29.969231515520686,35.837871472622304,3535.2996976953837,37.0,36.0,77.70241298430636,78.125,78.125,970.5990079569739
session_13.csv,session_13,291,18624,18752,18624,18752,37.248,37.504,clench,1,128,1.0,False,False,39.78961232029482,47.26158386712758,5078.608600614227,41.0,41.0,83.21957643979269,82.03125,82.03125,2423.829251873571
session_13.csv,session_13,292,18688,18816,18688,18816,37.376,37.632,clench,1,128,1.0,False,False,34.79316446728835,42.8963299440384,4592.677478643777,44.0,41.0,81.8016827854304,82.03125,82.03125,1198.4805275307735
session_13.csv,session_13,293,18752,18880,18752,18880,37.504,37.76,clench,1,128,1.0,False,False,26.354881167377126,31.084365352037242,3417.178505479037,44.0,36.0,85.05071137119252,82.03125,82.03125,828.1087940153096
session_13.csv,session_13,294,18816,18944,18816,18944,37.632,37.888,clench,1,128,1.0,False,False,25.028582763738218,29.996890828577225,3108.347522890708,40.0,32.0,77.06481254526336,74.21875,74.21875,731.036970428143
session_13.csv,session_13,295,18880,19008,18880,19008,37.76,38.016,clench,1,128,1.0,False,False,19.332327780010754,24.646261396187896,2508.698237068861,43.0,34.0,80.93250662377132,82.03125,82.03125,692.022715123363
session_13.csv,session_13,296,18944,19072,18944,19072,37.888,38.144,clench,1,128,1.0,False,False,21.760507493225475,26.86332939267822,2806.745155448381,44.0,34.0,79.77717486355338,78.125,70.3125,847.4630901068557
session_13.csv,session_13,297,19008,19136,19008,19136,38.016,38.272,clench,1,128,1.0,False,False,23.737294692122433,28.328667380404205,3120.442724552212,43.0,34.0,83.30397232169994,82.03125,78.125,450.1858835510285
session_13.csv,session_13,298,19072,19200,19072,19200,38.144,38.4,clench,1,128,1.0,False,False,17.494983802186336,21.910725986640152,2371.814527292631,44.0,29.0,86.39420051029033,89.84375,89.84375,587.5581519290479
session_13.csv,session_13,299,19136,19264,19136,19264,38.272,38.528,clench,1,128,1.0,False,False,19.678494442132703,26.126452424029658,2629.1078563007413,45.0,32.0,86.06736199569947,89.84375,93.75,300.9244986401347
session_13.csv,session_13,300,19200,19328,19200,19328,38.4,38.656,clench,1,128,1.0,False,False,24.432291318035546,31.133525858863923,3263.731608217648,46.0,37.0,86.49168522816258,89.84375,93.75,1012.2797601699143
session_13.csv,session_13,301,19264,19392,19264,19392,38.528,38.784,clench,1,128,1.0,False,False,24.75725266606495,30.295024856924417,3281.6616783967693,44.0,34.0,84.27234546413331,85.9375,93.75,748.8856610249708
session_13.csv,session_13,302,19328,19456,19328,19456,38.656,38.912,clench,1,128,1.0,False,False,22.475210545517903,26.632759672903415,3018.5784634259976,45.0,38.0,87.5526553949863,89.84375,89.84375,548.4909538543152
session_13.csv,session_13,303,19392,19520,19392,19520,38.784,39.04,clench,1,128,1.0,False,False,24.272723683207957,30.64354010293658,3211.3234826408293,44.0,35.0,85.32785416764473,89.84375,93.75,1543.0207177213488
session_13.csv,session_13,304,19456,19584,19456,19584,38.912,39.168,clench,1,128,1.0,False,False,23.56003916236239,29.85633432349344,3057.3858199697925,43.0,36.0,83.42874153606904,82.03125,82.03125,527.5547474465465
session_13.csv,session_13,305,19520,19648,19520,19648,39.04,39.296,clench,1,128,1.0,False,False,20.06426308703055,24.21626787827501,2748.6552661451024,46.0,41.0,89.42794790209871,93.75,93.75,432.1633653853742
session_13.csv,session_13,306,19584,19712,19584,19712,39.168,39.424,clench,1,128,1.0,False,False,19.90002216311396,24.32075592990459,2750.1992234441964,47.0,39.0,82.49732192647895,82.03125,78.125,359.53022869475245
session_13.csv,session_13,307,19648,19776,19648,19776,39.296,39.552,clench,1,128,1.0,False,False,21.294434620125607,25.60017248693599,2883.1609586395193,47.0,38.0,89.32283565327666,93.75,93.75,679.9925720864131
session_13.csv,session_13,308,19712,19840,19712,19840,39.424,39.68,clench,1,128,1.0,False,False,25.773012446002603,30.290608360642377,3304.0161501085713,42.0,36.0,80.50362679419025,82.03125,82.03125,976.8373439895959
session_13.csv,session_13,309,19776,19904,19776,19904,39.552,39.808,clench,1,128,1.0,False,False,23.14166986862808,27.275621966512894,2762.1481914120436,39.0,31.0,76.06036023293785,74.21875,74.21875,582.5946083012844
session_13.csv,session_13,310,19840,19968,19840,19968,39.68,39.936,clench,1,128,1.0,False,False,16.458790983738865,19.360373837705684,2007.022255040159,40.0,31.0,75.21321248601176,74.21875,66.40625,280.1927280145072
session_13.csv,session_13,311,19904,20032,19904,20032,39.808,40.064,clench,1,128,1.0,False,False,16.23794036167727,19.917262347702145,2174.74769150989,43.0,34.0,84.32287541732467,82.03125,97.65625,351.38730800812544
session_13.csv,session_13,312,19968,20096,19968,20096,39.936,40.192,clench,1,128,1.0,False,False,15.884883135317633,19.55954953387259,2167.5262319986286,44.0,35.0,87.63799125078064,93.75,97.65625,366.9906106573456
session_13.csv,session_13,313,20032,20160,20032,20160,40.064,40.32,clench,1,128,1.0,False,False,12.504196152533217,15.344486489269013,1683.8752920975444,45.0,33.0,78.6024838858592,74.21875,70.3125,163.03801060708545
session_13.csv,session_13,314,20096,20224,20096,20224,40.192,40.448,clench,1,128,1.0,False,False,11.30034293573419,13.967854278048108,1462.3652754712352,44.0,29.0,83.90347552514125,85.9375,85.9375,94.07901822767833
session_13.csv,session_13,315,20160,20288,20160,20288,40.32,40.576,clench,1,128,1.0,False,False,13.96344795541999,17.273880555340405,1804.718328252219,43.0,27.0,80.68358980822872,78.125,78.125,282.0012798702339
session_13.csv,session_13,316,20224,20352,20224,20352,40.448,40.704,clench,1,128,1.0,False,False,13.402961384167877,16.7561865710691,1735.4042689100336,43.0,23.0,85.91172781187132,85.9375,85.9375,330.3693841996772
session_13.csv,session_13,317,20288,20416,20288,20416,40.576,40.832,clench,1,128,1.0,False,True,9.109775028326169,11.319894501556545,1167.1472055891463,43.0,15.0,79.05259523052428,74.21875,74.21875,97.10081875854867
session_13.csv,session_13,318,20352,20480,20352,20480,40.704,40.96,clench,1,88,0.6875,True,True,6.984658500321266,8.388066812463025,888.5863402812012,41.0,13.0,80.58620869615696,74.21875,74.21875,60.94163961063844
session_13.csv,session_13,319,20416,20544,20416,20544,40.832,41.088,relax,0,24,0.1875,True,True,5.07884275457665,6.336486061830448,639.9829066925492,36.0,8.0,83.67921015680861,85.9375,85.9375,26.364030279615847
session_13.csv,session_13,320,20480,20608,20480,20608,40.96,41.216,relax,0,0,0.0,False,False,3.921990589028823,5.111163614011453,491.9190246280366,30.0,5.0,77.88536273110724,74.21875,74.21875,27.153560846203796
session_13.csv,session_13,321,20544,20672,20544,20672,41.088,41.344,relax,0,0,0.0,False,False,4.688239217805794,6.0006235339747205,604.4181389883151,35.0,10.0,82.13790378137946,78.125,78.125,30.178650643583055
session_13.csv,session_13,322,20608,20736,20608,20736,41.216,41.472,relax,0,0,0.0,False,False,4.22307941983312,5.419304713590956,544.549647277162,34.0,9.0,85.82191092946965,85.9375,93.75,32.12281343483461
session_13.csv,session_13,323,20672,20800,20672,20800,41.344,41.6,relax,0,0,0.0,False,False,3.142586733811,3.7946438265488207,391.0191554298849,32.0,2.0,77.69217380012678,74.21875,70.3125,12.602989984492682
session_13.csv,session_13,324,20736,20864,20736,20864,41.472,41.728,relax,0,0,0.0,False,False,3.1928253667110296,3.8043924232048885,403.86645446633975,36.0,2.0,79.46562010216992,78.125,78.125,11.060026686684765
session_13.csv,session_13,325,20800,20928,20800,20928,41.6,41.856,relax,0,0,0.0,False,False,2.7875762659842938,3.253837529739431,347.6858374510656,33.0,2.0,79.846691821997,78.125,78.125,10.558262137090754
session_13.csv,session_13,326,20864,20992,20864,20992,41.728,41.984,relax,0,0,0.0,False,False,3.000967250633903,3.6739326443564737,353.3767395458307,28.0,0.0,78.1119821751596,74.21875,74.21875,9.058018339202615
session_13.csv,session_13,327,20928,21056,20928,21056,41.856,42.112,relax,0,0,0.0,False,False,3.418785355329489,4.276821641907725,413.6621601302022,29.0,4.0,75.2674794899933,74.21875,74.21875,25.3150343824669
session_13.csv,session_13,328,20992,21120,20992,21120,41.984,42.24,relax,0,0,0.0,False,False,2.805790195140898,3.556863067544046,353.5151660630655,29.0,3.0,80.34313818205032,82.03125,82.03125,6.747181527656475
session_13.csv,session_13,329,21056,21184,21056,21184,42.112,42.368,relax,0,0,0.0,False,False,2.411120183310844,3.0829734853583455,307.9321024140269,25.0,2.0,79.90709454953873,78.125,82.03125,5.0438673143195585
session_13.csv,session_13,330,21120,21248,21120,21248,42.24,42.496,relax,0,0,0.0,False,False,2.484146664329706,3.374993773341619,321.45095719658957,23.0,4.0,83.29368930197678,85.9375,97.65625,9.493350785063859
session_13.csv,session_13,331,21184,21312,21184,21312,42.368,42.624,relax,0,0,0.0,False,False,2.8866541424422465,3.6373176214964253,392.7113937599446,31.0,5.0,84.02708107047357,85.9375,85.9375,11.305617695164718
session_13.csv,session_13,332,21248,21376,21248,21376,42.496,42.752,relax,0,0,0.0,False,False,3.5696046657148495,4.282157573015679,473.0743311631031,36.0,7.0,85.85333719724909,85.9375,85.9375,21.951999981612605
session_13.csv,session_13,333,21312,21440,21312,21440,42.624,42.88,relax,0,0,0.0,False,False,3.469239132290399,4.270576061753538,455.35587765109835,38.0,4.0,80.99749238998491,82.03125,85.9375,14.221072184075979
session_13.csv,session_13,334,21376,21504,21376,21504,42.752,43.008,relax,0,0,0.0,False,False,2.391241608803252,3.1240378838404257,329.25919708073957,30.0,1.0,86.14108058160733,85.9375,97.65625,5.933035290575428
session_13.csv,session_13,335,21440,21568,21440,21568,42.88,43.136,relax,0,0,0.0,False,False,2.5345860018356534,3.3889146986232097,318.5646425489575,22.0,3.0,78.3943924761962,74.21875,70.3125,2.614011738037153
session_13.csv,session_13,336,21504,21632,21504,21632,43.008,43.264,relax,0,0,0.0,False,False,3.2593379962484024,4.05217667568189,408.5207483664193,28.0,5.0,77.98591435777293,74.21875,74.21875,23.487906671027844
session_13.csv,session_13,337,21568,21696,21568,21696,43.136,43.392,relax,0,0,0.0,False,False,2.9265258018735105,3.5956121397997673,390.82681089552966,32.0,3.0,83.51265785100433,85.9375,85.9375,11.07568467895128
session_13.csv,session_13,338,21632,21760,21632,21760,43.264,43.52,relax,0,0,0.0,False,False,2.077143010125101,2.716765713472485,279.6077110394964,23.0,1.0,83.91583852411009,89.84375,93.75,5.836568112347594
session_13.csv,session_13,339,21696,21824,21696,21824,43.392,43.648,relax,0,0,0.0,False,False,1.894086970769587,2.645208476605406,248.2885814486326,18.0,1.0,81.81684457533102,82.03125,97.65625,3.4707653442640205
session_13.csv,session_13,340,21760,21888,21760,21888,43.52,43.776,relax,0,0,0.0,False,False,2.6931522684242806,3.8793253829890273,351.7763170986567,22.0,4.0,82.21436604229251,82.03125,74.21875,26.069719783084214
session_13.csv,session_13,341,21824,21952,21824,21952,43.648,43.904,relax,0,0,0.0,False,False,2.839252210349768,3.8832147301413524,363.1051673642331,26.0,3.0,84.91124844679014,85.9375,97.65625,4.180161170743087
session_13.csv,session_13,342,21888,22016,21888,22016,43.776,44.032,relax,0,0,0.0,False,False,3.0096690502372114,3.6152265551479683,364.3608893370101,32.0,1.0,75.23477110204314,74.21875,74.21875,16.647525144286508
session_13.csv,session_13,343,21952,22080,21952,22080,43.904,44.16,relax,0,0,0.0,False,False,2.8660608317254983,3.548611302018816,344.78835757816046,28.0,1.0,75.85542711080987,74.21875,74.21875,12.553049987416049
session_13.csv,session_13,344,22016,22144,22016,22144,44.032,44.288,relax,0,0,0.0,False,False,2.5113142267257365,3.1421196564832194,314.98254119155763,28.0,0.0,82.20470164256365,85.9375,85.9375,7.471980043888306
session_13.csv,session_13,345,22080,22208,22080,22208,44.16,44.416,relax,0,0,0.0,False,False,2.7151369451969547,3.2443214429118585,349.13330978167744,32.0,2.0,80.38346796248308,82.03125,85.9375,7.780149730729343
session_13.csv,session_13,346,22144,22272,22144,22272,44.288,44.544,relax,0,0,0.0,False,False,2.5680335528142804,3.150376582807253,331.5355222813829,27.0,2.0,79.87880046822661,78.125,78.125,10.098668515387853
session_13.csv,session_13,347,22208,22336,22208,22336,44.416,44.672,relax,0,0,0.0,False,False,2.302977053408487,2.8390310084778703,289.58724147033206,22.0,0.0,81.71753769962959,82.03125,78.125,3.5294830137127304
session_13.csv,session_13,348,22272,22400,22272,22400,44.544,44.8,relax,0,0,0.0,False,False,2.267073312482034,2.690812942563085,273.4992193239568,23.0,0.0,76.83869373234472,74.21875,74.21875,7.91621578211756
session_13.csv,session_13,349,22336,22464,22336,22464,44.672,44.928,relax,0,0,0.0,False,False,2.7644198797310144,3.2842923752982274,348.8493450840897,32.0,3.0,83.1204219782234,82.03125,82.03125,9.062754229765472
session_13.csv,session_13,350,22400,22528,22400,22528,44.8,45.056,relax,0,22,0.171875,True,True,5.668253298390577,8.450481245844172,738.2448617479172,36.0,12.0,80.16141052288349,74.21875,74.21875,21.918402539406962
session_13.csv,session_13,351,22464,22592,22464,22592,44.928,45.184,clench,1,86,0.671875,True,True,13.961512342014966,19.141207488561836,1835.5113976487078,39.0,24.0,86.44944066334507,93.75,97.65625,283.80352580225
session_13.csv,session_13,352,22528,22656,22528,22656,45.056,45.312,clench,1,128,1.0,False,True,19.546163615828128,23.61165502584251,2433.2691423556716,38.0,33.0,78.50406820406602,74.21875,70.3125,582.4654039370585
session_13.csv,session_13,353,22592,22720,22592,22720,45.184,45.44,clench,1,128,1.0,False,False,15.5672073393491,19.29642484510112,1969.5022579017116,40.0,29.0,82.6596075842345,89.84375,93.75,357.95933668375216
session_13.csv,session_13,354,22656,22784,22656,22784,45.312,45.568,clench,1,128,1.0,False,False,11.915047357713723,14.75048314684358,1545.0552695695737,42.0,25.0,82.72478389461094,82.03125,89.84375,150.21754442317982
session_13.csv,session_13,355,22720,22848,22720,22848,45.44,45.696,clench,1,128,1.0,False,False,13.293060856583047,16.182019773135366,1673.377821453837,41.0,28.0,80.01880811933535,82.03125,82.03125,168.43799618194498
session_13.csv,session_13,356,22784,22912,22784,22912,45.568,45.824,clench,1,128,1.0,False,False,13.132674673405763,16.04052601293105,1637.3122420793761,41.0,31.0,77.22257866549855,78.125,78.125,300.90403983006036
session_13.csv,session_13,357,22848,22976,22848,22976,45.696,45.952,clench,1,128,1.0,False,False,10.897747348526226,13.629207599278365,1393.3887720613861,44.0,28.0,75.87968071458,74.21875,74.21875,141.91847271274543
session_13.csv,session_13,358,22912,23040,22912,23040,45.824,46.08,clench,1,128,1.0,False,False,8.277897261036287,10.984477135410177,1116.1321441210735,45.0,21.0,81.19070943581058,78.125,78.125,93.96235521816321
session_13.csv,session_13,359,22976,23104,22976,23104,45.952,46.208,clench,1,128,1.0,False,False,7.7316282795632425,9.532571103113947,961.2154106166109,41.0,15.0,77.81928653705337,78.125,78.125,73.70561034497509
session_13.csv,session_13,360,23040,23168,23040,23168,46.08,46.336,clench,1,128,1.0,False,False,9.26755552078906,11.413220203752738,1129.9960550023561,40.0,16.0,77.93021611557388,74.21875,74.21875,158.16911669409774
session_13.csv,session_13,361,23104,23232,23104,23232,46.208,46.464,clench,1,128,1.0,False,False,8.768965022951129,10.89212264045054,1089.9646484155214,43.0,18.0,75.42881775394332,74.21875,70.3125,108.19067371334252
session_13.csv,session_13,362,23168,23296,23168,23296,46.336,46.592,clench,1,128,1.0,False,False,8.363250177752498,10.054736122350205,1045.825334920829,44.0,20.0,81.2649246862545,82.03125,78.125,90.77771975557249
session_13.csv,session_13,363,23232,23360,23232,23360,46.464,46.72,clench,1,128,1.0,False,False,9.689127488923194,12.33479191151944,1215.647043131154,42.0,20.0,82.08549789907805,82.03125,82.03125,82.21596666775471
session_13.csv,session_13,364,23296,23424,23296,23424,46.592,46.848,clench,1,128,1.0,False,False,10.743715253824845,13.737350796417832,1336.2956851982171,41.0,19.0,81.02324239074004,82.03125,78.125,276.3085709415909
session_13.csv,session_13,365,23360,23488,23360,23488,46.72,46.976,clench,1,128,1.0,False,False,15.720084794343187,20.85587937051901,1937.3338242014652,41.0,25.0,81.39968316591464,78.125,74.21875,344.134604336522
session_13.csv,session_13,366,23424,23552,23424,23552,46.848,47.104,clench,1,128,1.0,False,False,20.958385857375205,25.337983843560828,2642.625090228143,42.0,32.0,82.84045635303634,82.03125,82.03125,627.9214407082475
session_13.csv,session_13,367,23488,23616,23488,23616,46.976,47.232,clench,1,128,1.0,False,False,21.849371128608208,26.53056736832185,2835.7582192223517,43.0,35.0,84.48360731489547,82.03125,82.03125,877.818744024194
session_13.csv,session_13,368,23552,23680,23552,23680,47.104,47.36,clench,1,128,1.0,False,True,14.195145907281042,20.795291180133095,1843.5772728252039,40.0,24.0,84.5443725891974,82.03125,78.125,169.45736438695917
session_13.csv,session_13,369,23616,23744,23616,23744,47.232,47.488,clench,1,79,0.6171875,True,True,7.359184127604042,8.714296036166848,931.7633245398739,40.0,21.0,83.53607120815393,82.03125,78.125,92.65743075409459
session_13.csv,session_13,370,23680,23808,23680,23808,47.36,47.616,relax,0,15,0.1171875,True,True,6.885188813551497,8.32168380160043,904.0919410832248,44.0,22.0,88.30695717698903,93.75,97.65625,43.53676768317897
session_13.csv,session_13,371,23744,23872,23744,23872,47.488,47.744,relax,0,0,0.0,False,False,3.845671543213321,4.897050290511208,500.7257417807757,36.0,7.0,77.42968415966448,78.125,78.125,26.647048453660112
session_13.csv,session_13,372,23808,23936,23808,23936,47.616,47.872,relax,0,0,0.0,False,False,2.724540657561789,3.3306919056554434,355.0856437518173,33.0,1.0,82.73512073163667,82.03125,78.125,6.228798611857285
session_13.csv,session_13,373,23872,24000,23872,24000,47.744,48.0,relax,0,0,0.0,False,False,2.513911404471405,3.1054523331381394,322.3418161016913,27.0,3.0,83.09543738400777,82.03125,82.03125,8.184840850183623
session_13.csv,session_13,374,23936,24064,23936,24064,47.872,48.128,relax,0,0,0.0,False,False,2.789953951263618,3.4877483044315016,349.7092332571474,25.0,3.0,77.14481629478905,70.3125,70.3125,6.957450288397563
session_13.csv,session_13,375,24000,24128,24000,24128,48.0,48.256,relax,0,0,0.0,False,True,5.511200825804556,8.332150443362032,693.9738416765147,34.0,6.0,78.2862838695252,74.21875,74.21875,22.449281040556137
session_13.csv,session_13,376,24064,24192,24064,24192,48.128,48.384,relax,0,47,0.3671875,True,True,12.78214115394479,17.553334697173867,1573.7961416431317,38.0,18.0,78.16957300724297,78.125,78.125,474.00144967823405
session_13.csv,session_13,377,24128,24256,24128,24256,48.256,48.512,clench,1,111,0.8671875,True,True,16.3100885310324,21.43581606281405,1989.9543759065898,37.0,24.0,80.67402814474143,85.9375,85.9375,179.7303241773458
session_13.csv,session_13,378,24192,24320,24192,24320,48.384,48.64,clench,1,128,1.0,False,False,17.13586609714801,22.92460120793233,2175.6934925971864,39.0,29.0,78.89143973715234,82.03125,70.3125,429.050893195637
session_13.csv,session_13,379,24256,24384,24256,24384,48.512,48.768,clench,1,128,1.0,False,False,20.1644685641854,25.037574397003304,2577.8300966022757,43.0,34.0,82.51512701274883,85.9375,74.21875,840.8012390046456
session_13.csv,session_13,380,24320,24448,24320,24448,48.64,48.896,clench,1,128,1.0,False,False,19.965215827441163,23.654495421592248,2505.5109871683712,41.0,36.0,81.39018975917502,82.03125,82.03125,297.4962825590486
session_13.csv,session_13,381,24384,24512,24384,24512,48.768,49.024,clench,1,128,1.0,False,False,15.63560541172096,18.77157277288703,1961.1115086948732,41.0,31.0,78.95930799184593,78.125,74.21875,462.91165757010623
session_13.csv,session_13,382,24448,24576,24448,24576,48.896,49.152,clench,1,128,1.0,False,False,11.202794457218396,13.903774859192758,1397.4351517827158,40.0,24.0,83.11949201619672,85.9375,85.9375,120.55535523831551
session_13.csv,session_13,383,24512,24640,24512,24640,49.024,49.28,clench,1,128,1.0,False,False,12.993210674643386,16.241055220150614,1665.86664182573,40.0,29.0,82.59374203683439,82.03125,78.125,373.82242743906335
session_13.csv,session_13,384,24576,24704,24576,24704,49.152,49.408,clench,1,128,1.0,False,False,15.50861168572295,19.217217759674966,1949.5378021566582,38.0,32.0,79.2872687727954,78.125,78.125,338.21209173087396
session_13.csv,session_13,385,24640,24768,24640,24768,49.28,49.536,clench,1,128,1.0,False,False,15.253624405024642,19.417560972321127,1953.946463349338,40.0,29.0,80.56674024202523,82.03125,82.03125,222.8749999784405
session_13.csv,session_13,386,24704,24832,24704,24832,49.408,49.664,clench,1,128,1.0,False,False,15.975553780143995,20.270673183262698,2065.2442029158656,42.0,31.0,81.59108732862448,85.9375,85.9375,349.2959957095457
session_13.csv,session_13,387,24768,24896,24768,24896,49.536,49.792,clench,1,128,1.0,False,False,14.28994576329261,18.42298241409883,1850.4101430517794,43.0,29.0,81.80728514950151,78.125,78.125,346.9741752402958
session_13.csv,session_13,388,24832,24960,24832,24960,49.664,49.92,clench,1,128,1.0,False,False,12.973547815984993,15.836413474995444,1711.4484547786951,45.0,33.0,84.21839941301096,89.84375,93.75,186.31777651190734
session_13.csv,session_13,389,24896,25024,24896,25024,49.792,50.048,clench,1,128,1.0,False,False,13.747829769648199,16.3034836388717,1793.9921227571745,44.0,33.0,79.21131495104761,78.125,70.3125,305.24498848383774
session_13.csv,session_13,390,24960,25088,24960,25088,49.92,50.176,clench,1,128,1.0,False,False,12.734788584846198,15.556162115061717,1656.8439849945244,43.0,25.0,79.86579444322163,78.125,78.125,176.63031000480456
session_13.csv,session_13,391,25024,25152,25024,25152,50.048,50.304,clench,1,128,1.0,False,False,10.366995617233405,13.10589937391761,1309.6305949653479,40.0,20.0,79.91655267377672,78.125,78.125,159.6229818961152
session_13.csv,session_13,392,25088,25216,25088,25216,50.176,50.432,clench,1,128,1.0,False,False,11.02763990130182,14.119542236059551,1379.7657675324772,38.0,13.0,81.20813380861884,74.21875,70.3125,185.01716087817593
session_13.csv,session_13,393,25152,25280,25152,25280,50.304,50.56,clench,1,128,1.0,False,False,12.74907825759048,16.363865046121987,1652.3178167452584,38.0,24.0,80.69983360403984,78.125,78.125,264.6197012222184
session_13.csv,session_13,394,25216,25344,25216,25344,50.432,50.688,clench,1,128,1.0,False,True,10.521287501620517,13.666910409612397,1336.478093191719,40.0,24.0,79.75984809285409,82.03125,70.3125,112.12158093442905
session_13.csv,session_13,395,25280,25408,25280,25408,50.56,50.816,clench,1,80,0.625,True,True,7.533933818228741,9.342969791186116,919.3394774084611,39.0,17.0,78.58899605743875,78.125,78.125,101.05097596242952
session_13.csv,session_13,396,25344,25472,25344,25472,50.688,50.944,relax,0,16,0.125,True,True,4.904914225492844,6.131141167042096,633.1497961270966,36.0,14.0,82.0649128339431,82.03125,78.125,24.60887884087049
session_13.csv,session_13,397,25408,25536,25408,25536,50.816,51.072,relax,0,0,0.0,False,False,3.673435107436891,4.558730032765379,485.3725026521738,34.0,8.0,88.26830045704648,93.75,93.75,18.375079262651628
session_13.csv,session_13,398,25472,25600,25472,25600,50.944,51.2,relax,0,0,0.0,False,False,3.5793559263436547,4.340061454943314,459.1435144727237,35.0,7.0,75.88970065391278,74.21875,74.21875,16.152368524452903
session_13.csv,session_13,399,25536,25664,25536,25664,51.072,51.328,relax,0,0,0.0,False,False,3.377752879497023,4.08351405283485,435.97776234957576,34.0,8.0,78.19330013729034,74.21875,89.84375,14.997991707517413
session_13.csv,session_13,400,25600,25728,25600,25728,51.2,51.456,relax,0,0,0.0,False,False,2.954443867395299,3.784061493201036,406.0209279692765,30.0,7.0,81.80652337697063,85.9375,85.9375,4.998492511974398
session_13.csv,session_13,401,25664,25792,25664,25792,51.328,51.584,relax,0,0,0.0,False,False,2.910111089475926,3.812116413193019,398.4491946240437,26.0,6.0,88.58681173857589,89.84375,93.75,18.99468829819314
session_13.csv,session_13,402,25728,25856,25728,25856,51.456,51.712,relax,0,0,0.0,False,False,3.044094008121676,3.798927356762754,378.0375760750111,29.0,3.0,80.74061940916675,82.03125,85.9375,10.960764751823406
session_13.csv,session_13,403,25792,25920,25792,25920,51.584,51.84,relax,0,0,0.0,False,False,2.592363910617249,3.102839858292728,323.02384901827827,30.0,0.0,84.82074029702764,85.9375,85.9375,7.56870643621315
session_13.csv,session_13,404,25856,25984,25856,25984,51.712,51.968,relax,0,0,0.0,False,True,3.47157641043155,4.431320601804497,430.0992134681982,30.0,6.0,81.37523086644185,78.125,74.21875,18.563296959115828
session_13.csv,session_13,405,25920,26048,25920,26048,51.84,52.096,relax,0,47,0.3671875,True,True,7.656147126660279,10.11126908438033,946.7448555764414,37.0,18.0,77.64066177249009,78.125,82.03125,65.91413688280129
session_13.csv,session_13,406,25984,26112,25984,26112,51.968,52.224,clench,1,111,0.8671875,True,True,15.124772194971346,19.728377449685357,1998.0183836126785,42.0,30.0,79.86082843165683,82.03125,70.3125,211.0859940337402
session_13.csv,session_13,407,26048,26176,26048,26176,52.096,52.352,clench,1,128,1.0,False,False,16.367485909313118,20.614157188787345,2145.0668829475876,42.0,32.0,81.86225735298558,82.03125,82.03125,488.082162654923
session_13.csv,session_13,408,26112,26240,26112,26240,52.224,52.48,clench,1,128,1.0,False,False,11.796093004336624,14.144917061054361,1474.1867934355575,42.0,27.0,78.74340300771746,78.125,70.3125,159.23638786802852
session_13.csv,session_13,409,26176,26304,26176,26304,52.352,52.608,clench,1,128,1.0,False,False,14.852309620157492,17.97800728592272,1865.1049831625053,41.0,31.0,79.94206420590845,82.03125,82.03125,298.6158670477255
session_13.csv,session_13,410,26240,26368,26240,26368,52.48,52.736,clench,1,128,1.0,False,False,18.842770918291293,22.417585603668183,2293.9727212337257,40.0,34.0,83.78424687417969,82.03125,82.03125,487.623745943876
session_13.csv,session_13,411,26304,26432,26304,26432,52.608,52.864,clench,1,128,1.0,False,False,26.553994817510088,33.009676934279675,3482.038908044618,44.0,36.0,84.7980629138342,85.9375,89.84375,1478.5787299386236
session_13.csv,session_13,412,26368,26496,26368,26496,52.736,52.992,clench,1,128,1.0,False,False,33.42578523812239,40.117185240977875,4333.843061382135,43.0,36.0,80.05137615324645,78.125,78.125,1568.1995480623125
session_13.csv,session_13,413,26432,26560,26432,26560,52.864,53.12,clench,1,128,1.0,False,False,33.860043332195346,41.464360658884516,4400.751742576837,42.0,37.0,82.19142004283697,78.125,97.65625,1248.1223958201747
session_13.csv,session_13,414,26496,26624,26496,26624,52.992,53.248,clench,1,128,1.0,False,False,28.754375346377376,35.717290022940986,3827.8540596497633,44.0,39.0,88.31589730079473,89.84375,85.9375,917.0556070540877
session_13.csv,session_13,415,26560,26688,26560,26688,53.12,53.376,clench,1,128,1.0,False,False,22.877078416894573,27.68613273654536,2913.931700828908,44.0,36.0,80.13191554480788,82.03125,82.03125,418.0426765359091
session_13.csv,session_13,416,26624,26752,26624,26752,53.248,53.504,clench,1,128,1.0,False,False,20.907560502886565,27.122738231992624,2693.4696791816655,44.0,36.0,80.12469179754655,82.03125,82.03125,1256.6888468457744
session_13.csv,session_13,417,26688,26816,26688,26816,53.376,53.632,clench,1,128,1.0,False,False,17.009244623530307,22.112176569293503,2182.7666628534134,42.0,34.0,81.506548011945,78.125,89.84375,185.7755607438616
session_13.csv,session_13,418,26752,26880,26752,26880,53.504,53.76,clench,1,128,1.0,False,False,17.896929874604602,22.661989505422397,2369.211770973903,44.0,36.0,83.74584675493368,82.03125,82.03125,807.8263279256028
session_13.csv,session_13,419,26816,26944,26816,26944,53.632,53.888,clench,1,128,1.0,False,False,17.813894634649643,23.686751927038824,2321.668701342039,44.0,31.0,84.11090227527912,82.03125,78.125,247.01007870949496
session_13.csv,session_13,420,26880,27008,26880,27008,53.76,54.016,clench,1,128,1.0,False,False,15.406504829645222,19.92560327547818,2031.225584980581,43.0,30.0,88.2989827561356,89.84375,89.84375,270.5734598291394
session_13.csv,session_13,421,26944,27072,26944,27072,53.888,54.144,clench,1,128,1.0,False,False,13.647648751186594,17.05279931129599,1793.0885921725887,43.0,32.0,81.49244745662386,78.125,78.125,247.8985503627897
session_13.csv,session_13,422,27008,27136,27008,27136,54.016,54.272,clench,1,128,1.0,False,False,8.173387013820278,11.943713162107608,1061.9288471265243,36.0,19.0,80.17853339318923,78.125,78.125,99.40160118166261
session_13.csv,session_13,423,27072,27200,27072,27200,54.144,54.4,clench,1,96,0.75,True,True,5.064449731007585,6.740042715293331,633.5003464969571,34.0,7.0,73.25453530457082,70.3125,70.3125,21.492689131497265
session_13.csv,session_13,424,27136,27264,27136,27264,54.272,54.528,relax,0,32,0.25,True,True,5.188458921325165,6.596034208437128,660.6695844837914,40.0,6.0,81.86961224978815,82.03125,74.21875,41.17809367703585
session_13.csv,session_13,425,27200,27328,27200,27328,54.4,54.656,relax,0,0,0.0,False,False,4.53752011195054,5.485567199116303,596.9516718204433,42.0,12.0,82.98938061929749,82.03125,82.03125,28.257898184316577
session_13.csv,session_13,426,27264,27392,27264,27392,54.528,54.784,relax,0,0,0.0,False,False,4.796776140182407,5.8090865018483795,597.4951720053457,38.0,16.0,77.5922566330176,78.125,74.21875,27.976509498750808
session_13.csv,session_13,427,27328,27456,27328,27456,54.656,54.912,relax,0,0,0.0,False,False,4.450888333370846,5.542658957613705,538.4771869069344,33.0,8.0,77.84252859351412,74.21875,74.21875,37.74889377180838
session_13.csv,session_13,428,27392,27520,27392,27520,54.784,55.04,relax,0,0,0.0,False,False,3.8332334044501275,4.822761464823449,471.23701052818944,34.0,2.0,76.7931904614782,74.21875,74.21875,22.35298862605983
session_13.csv,session_13,429,27456,27584,27456,27584,54.912,55.168,relax,0,0,0.0,False,False,3.7410717807057354,4.392576684073502,464.6607768050875,38.0,2.0,82.0499933514071,82.03125,85.9375,15.291471386295864
session_13.csv,session_13,430,27520,27648,27520,27648,55.04,55.296,relax,0,0,0.0,False,False,3.9066657137598533,4.571774337953143,473.26322974983043,36.0,4.0,76.66622344570695,74.21875,74.21875,22.00878435010059
session_13.csv,session_13,431,27584,27712,27584,27712,55.168,55.424,relax,0,0,0.0,False,False,3.3265567625140653,4.2418266479067555,400.69522666022453,27.0,2.0,79.1269882613932,74.21875,74.21875,10.87504354108489
session_13.csv,session_13,432,27648,27776,27648,27776,55.296,55.552,relax,0,0,0.0,False,False,3.350544832045295,4.288419829291062,397.93845893035245,27.0,0.0,75.87933128376129,74.21875,74.21875,27.71396418097337
session_13.csv,session_13,433,27712,27840,27712,27840,55.424,55.68,relax,0,0,0.0,False,False,3.3778719733141127,4.136771341945122,392.96892043595483,30.0,2.0,75.2101775700139,74.21875,74.21875,16.721006275870565
session_13.csv,session_13,434,27776,27904,27776,27904,55.552,55.808,relax,0,0,0.0,False,False,2.5411613720424553,3.079230991078372,300.6102073497618,27.0,2.0,77.14756983345082,74.21875,74.21875,5.112491192418148
session_13.csv,session_13,435,27840,27968,27840,27968,55.68,55.936,relax,0,0,0.0,False,False,2.4214047242354466,2.9640492368705775,308.37834987509825,24.0,2.0,84.32963453545312,85.9375,89.84375,6.6290312951519095
session_13.csv,session_13,436,27904,28032,27904,28032,55.808,56.064,relax,0,0,0.0,False,False,2.208631684289591,2.849188060085174,274.8816749474071,17.0,2.0,79.07855293127358,78.125,74.21875,5.317897117101574
session_13.csv,session_13,437,27968,28096,27968,28096,55.936,56.192,relax,0,0,0.0,False,False,2.235408396656558,2.9157450001437426,271.6375532755228,17.0,0.0,75.48384660380793,74.21875,74.21875,8.70981460753007
session_13.csv,session_13,438,28032,28160,28032,28160,56.064,56.32,relax,0,0,0.0,False,False,2.04083634095256,2.7348143558219187,260.048187359351,16.0,0.0,82.08780331983426,82.03125,70.3125,10.690754866079818
session_13.csv,session_13,439,28096,28224,28096,28224,56.192,56.448,relax,0,0,0.0,False,False,1.7323137064779148,2.2067890480357013,225.62110741393042,14.0,0.0,83.2441886094053,82.03125,74.21875,3.0286103029700504
session_13.csv,session_13,440,28160,28288,28160,28288,56.32,56.576,relax,0,0,0.0,False,False,2.29779300208589,2.857124341593582,282.48214523347986,20.0,0.0,76.44290024156349,74.21875,70.3125,10.39438185214603
session_13.csv,session_13,441,28224,28352,28224,28352,56.448,56.704,relax,0,0,0.0,False,False,2.292552991374345,2.8724839021617736,293.86288070192234,23.0,0.0,82.23306930371155,82.03125,82.03125,4.348980327233308
session_13.csv,session_13,442,28288,28416,28288,28416,56.576,56.832,relax,0,0,0.0,False,False,2.2138849436343007,2.687981151120508,277.95251156679865,26.0,0.0,75.97358291364989,74.21875,74.21875,7.997470084021198
session_13.csv,session_13,443,28352,28480,28352,28480,56.704,56.96,relax,0,0,0.0,False,False,2.4914153853053467,3.0261931706037877,303.217689326719,28.0,1.0,82.5133794161338,85.9375,89.84375,7.906153428744974
session_13.csv,session_13,444,28416,28544,28416,28544,56.832,57.088,relax,0,0,0.0,False,False,2.6635999298397843,3.28262108730804,338.17366744351364,25.0,2.0,75.03395632403601,70.3125,70.3125,8.6250457954274
session_13.csv,session_13,445,28480,28608,28480,28608,56.96,57.216,relax,0,0,0.0,False,False,2.5730899765378865,3.1659567477049824,332.68530645723047,26.0,2.0,77.50589551568623,74.21875,70.3125,7.941507196802604
session_13.csv,session_13,446,28544,28672,28544,28672,57.088,57.344,relax,0,0,0.0,False,False,2.2244313252189647,2.7826472167825416,280.0377864909593,23.0,1.0,77.74801236490964,74.21875,74.21875,4.278493374470388
session_13.csv,session_13,447,28608,28736,28608,28736,57.216,57.472,relax,0,0,0.0,False,False,2.614518453858037,3.2194101924358773,316.5791473617412,27.0,0.0,77.41307823614078,74.21875,70.3125,9.294842985642573
session_13.csv,session_13,448,28672,28800,28672,28800,57.344,57.6,relax,0,0,0.0,False,False,2.7824889279177807,3.344548320306591,333.27676883531694,29.0,0.0,76.42473374987789,74.21875,74.21875,13.210280976733793
session_13.csv,session_13,449,28736,28864,28736,28864,57.472,57.728,relax,0,0,0.0,False,False,2.663140138812169,3.184358237265703,327.10670992366636,29.0,0.0,78.70023085574496,74.21875,74.21875,9.89856456145848
session_13.csv,session_13,450,28800,28928,28800,28928,57.6,57.856,relax,0,0,0.0,False,False,2.7253389758153332,3.308034578071377,341.50726519474586,30.0,0.0,76.62464040597675,74.21875,74.21875,7.830536615271786
session_13.csv,session_13,451,28864,28992,28864,28992,57.728,57.984,relax,0,0,0.0,False,False,2.6682006897894315,3.3280115149133507,351.46224158160874,31.0,0.0,87.17471946432119,93.75,93.75,8.58396305757219
session_13.csv,session_13,452,28928,29056,28928,29056,57.856,58.112,relax,0,0,0.0,False,False,2.7009190690455185,3.390478958875578,352.03433293308024,31.0,0.0,77.43849376137486,74.21875,74.21875,12.724827514185584
session_13.csv,session_13,453,28992,29120,28992,29120,57.984,58.24,relax,0,0,0.0,False,False,2.5013664659441845,3.16421058771061,314.0565142368504,25.0,1.0,80.53721667209103,78.125,82.03125,5.154600170782952
session_13.csv,session_13,454,29056,29184,29056,29184,58.112,58.368,relax,0,0,0.0,False,False,2.3829479325179115,2.9393456932688484,316.5718218223561,27.0,3.0,75.34814594249283,74.21875,74.21875,6.189613809197866
session_13.csv,session_13,455,29120,29248,29120,29248,58.24,58.496,relax,0,0,0.0,False,False,3.0760566284432977,4.134566355120056,409.8205804201332,33.0,3.0,79.95831547032601,78.125,74.21875,8.865344239389575
session_13.csv,session_13,456,29184,29312,29184,29312,58.368,58.624,relax,0,14,0.109375,True,True,13.353897839627354,21.32471266096419,1793.9698565300857,42.0,18.0,88.03931461111135,89.84375,97.65625,192.7019353153287
session_13.csv,session_13,457,29248,29376,29248,29376,58.496,58.752,clench,1,78,0.609375,True,True,18.91749789952135,24.73904354402966,2528.7357816054846,43.0,31.0,87.07519278313269,89.84375,97.65625,646.9904602912333
session_13.csv,session_13,458,29312,29440,29312,29440,58.624,58.88,clench,1,128,1.0,False,True,18.812669114337673,24.48813684438484,2464.789431711922,42.0,30.0,82.09011591012947,85.9375,85.9375,588.2510009488947
session_13.csv,session_13,459,29376,29504,29376,29504,58.752,59.008,clench,1,128,1.0,False,False,20.341823686829613,25.414371111388203,2696.033250929556,44.0,34.0,85.31064483584917,85.9375,85.9375,392.2798447143684
session_13.csv,session_13,460,29440,29568,29440,29568,58.88,59.136,clench,1,128,1.0,False,False,12.292818648140813,15.767952383362404,1620.6964423339846,42.0,26.0,86.10178552144225,89.84375,97.65625,183.39318090818918
session_13.csv,session_13,461,29504,29632,29504,29632,59.008,59.264,clench,1,117,0.9140625,True,True,7.819459008311168,9.621151606609102,1047.3992708989772,43.0,23.0,83.83556579501189,85.9375,74.21875,62.015580579844396
session_13.csv,session_13,462,29568,29696,29568,29696,59.136,59.392,relax,0,53,0.4140625,True,True,7.109620304682251,8.982957708203857,959.9896802391823,42.0,20.0,82.84189884928804,82.03125,82.03125,73.68151814233084
session_13.csv,session_13,463,29632,29760,29632,29760,59.264,59.52,relax,0,0,0.0,False,True,4.607031623621036,5.629863319741942,571.6916007744267,37.0,6.0,84.86936935579396,89.84375,93.75,30.900205409025595
session_13.csv,session_13,464,29696,29824,29696,29824,59.392,59.648,relax,0,0,0.0,False,False,3.912193016030905,4.71245408308314,498.0054221286747,38.0,4.0,73.71385909241381,74.21875,70.3125,16.364238032265405
session_13.csv,session_13,465,29760,29888,29760,29888,59.52,59.776,relax,0,0,0.0,False,False,2.9219189146263433,3.7454222037721716,385.51960612004154,31.0,4.0,84.79577655014218,82.03125,93.75,15.408577568307905
session_13.csv,session_13,466,29824,29952,29824,29952,59.648,59.904,relax,0,0,0.0,False,False,2.4928260518224823,3.0379975249293194,304.11006579032824,25.0,0.0,77.57463781060457,74.21875,74.21875,8.198320593316131
session_13.csv,session_13,467,29888,30016,29888,30016,59.776,60.032,relax,0,0,0.0,False,False,3.6521961164450945,4.480144519977903,441.9163772849647,31.0,4.0,77.22930517660397,78.125,78.125,27.858512419674522
session_13.csv,session_13,468,29952,30080,29952,30080,59.904,60.16,relax,0,0,0.0,False,False,4.100671985039583,4.879956135267173,497.41334471156506,36.0,6.0,78.25173165331728,78.125,82.03125,17.607352287470846
session_13.csv,session_13,469,30016,30144,30016,30144,60.032,60.288,relax,0,0,0.0,False,False,3.5001767343816397,4.131568678873623,421.76310407719825,36.0,3.0,77.13349264575409,74.21875,70.3125,11.396867307573169
session_13.csv,session_13,470,30080,30208,30080,30208,60.16,60.416,relax,0,0,0.0,False,False,3.088605787456311,3.765944449847568,387.8994829598282,34.0,3.0,79.15985756582188,74.21875,70.3125,14.13007265097949
session_13.csv,session_13,471,30144,30272,30144,30272,60.288,60.544,relax,0,0,0.0,False,False,2.513921162542169,3.1494950509288673,316.94207280385706,25.0,2.0,77.89620176815657,74.21875,70.3125,7.509989298517629
session_13.csv,session_13,472,30208,30336,30208,30336,60.416,60.672,relax,0,0,0.0,False,False,3.9307661501642617,5.578110179347055,500.51602037717294,25.0,6.0,85.86007899767183,85.9375,97.65625,16.71311609766494
session_13.csv,session_13,473,30272,30400,30272,30400,60.544,60.8,relax,0,19,0.1484375,True,True,17.291751737962013,26.606315447455405,2215.0768198688975,38.0,24.0,76.93210012987763,74.21875,82.03125,380.2084219061759
session_13.csv,session_13,474,30336,30464,30336,30464,60.672,60.928,clench,1,83,0.6484375,True,True,26.8395322219191,34.36263699453979,3319.0489879363704,40.0,29.0,82.62763935043677,85.9375,89.84375,1435.6446456158787
session_13.csv,session_13,475,30400,30528,30400,30528,60.8,61.056,clench,1,128,1.0,False,True,21.105389310075434,26.69634558014264,2652.6377998840303,41.0,31.0,83.73730586955288,85.9375,74.21875,531.903841669325
session_13.csv,session_13,476,30464,30592,30464,30592,60.928,61.184,clench,1,128,1.0,False,False,17.002238213866825,20.571730598956393,2193.3109819059123,44.0,34.0,78.2747222160612,74.21875,70.3125,283.6603723493296
session_13.csv,session_13,477,30528,30656,30528,30656,61.056,61.312,clench,1,128,1.0,False,False,12.239715173498109,15.988168028467209,1537.0773615809035,40.0,28.0,77.9715532684621,74.21875,70.3125,317.7402321909924
session_13.csv,session_13,478,30592,30720,30592,30720,61.184,61.44,clench,1,128,1.0,False,False,6.724105767117424,8.536683174547202,882.6865978530496,40.0,20.0,83.69153644879852,85.9375,82.03125,77.69829540612858
session_13.csv,session_13,479,30656,30784,30656,30784,61.312,61.568,clench,1,128,1.0,False,True,6.063322026567172,7.724149915365565,803.2476468571025,42.0,17.0,79.92273893035747,82.03125,82.03125,22.042692919142546
session_13.csv,session_13,480,30720,30848,30720,30848,61.44,61.696,clench,1,69,0.5390625,True,True,6.253126051618408,7.880921722070417,805.7805911854365,40.0,13.0,83.33782751444484,85.9375,85.9375,80.46351815204862
session_13.csv,session_13,481,30784,30912,30784,30912,61.568,61.824,relax,0,5,0.0390625,True,True,5.016121815870269,6.55792639126633,627.8918948457098,36.0,4.0,74.01422850997352,70.3125,70.3125,18.40318102685218
session_13.csv,session_13,482,30848,30976,30848,30976,61.696,61.952,relax,0,0,0.0,False,False,3.4973961816213848,4.4160790184601755,438.55975411279076,30.0,0.0,81.55820550645007,82.03125,74.21875,17.295831222118725
session_13.csv,session_13,483,30912,31040,30912,31040,61.824,62.08,relax,0,0,0.0,False,False,2.8257411909294268,3.6313322935582284,360.9216062569834,25.0,1.0,80.17777504609472,78.125,70.3125,7.1116204301228985
session_13.csv,session_13,484,30976,31104,30976,31104,61.952,62.208,relax,0,0,0.0,False,False,2.844272042923497,3.6027055866124322,361.83818111796757,26.0,2.0,79.60857195824522,74.21875,74.21875,11.586498202553704
session_13.csv,session_13,485,31040,31168,31040,31168,62.08,62.336,relax,0,0,0.0,False,False,3.0749572904124802,3.80749982598364,384.3123583187262,29.0,3.0,80.6975205389348,82.03125,82.03125,11.48432007805181
session_13.csv,session_13,486,31104,31232,31104,31232,62.208,62.464,relax,0,0,0.0,False,False,2.586208923078826,3.194845850739374,315.7842684333731,24.0,2.0,78.52245210130503,74.21875,74.21875,10.339740742896387
session_13.csv,session_13,487,31168,31296,31168,31296,62.336,62.592,relax,0,0,0.0,False,False,1.91178264426215,2.3050698038345985,232.06081600916002,15.0,0.0,75.86460739538565,74.21875,74.21875,4.859957581890009
session_13.csv,session_13,488,31232,31360,31232,31360,62.464,62.72,relax,0,0,0.0,False,True,10.683929852205804,18.940708830078858,1285.050896374059,27.0,12.0,75.7847844884671,74.21875,74.21875,249.45249337235788
session_13.csv,session_13,489,31296,31424,31296,31424,62.592,62.848,relax,0,63,0.4921875,True,True,19.285055841137805,24.441928784391227,2382.9985768736015,41.0,31.0,77.27655749759205,78.125,66.40625,435.1492387194932
session_13.csv,session_13,490,31360,31488,31360,31488,62.72,62.976,clench,1,127,0.9921875,True,True,17.593430231487964,20.457747831644348,2227.9813103208803,42.0,36.0,79.27977569675255,78.125,78.125,389.6192163183145
session_13.csv,session_13,491,31424,31552,31424,31552,62.848,63.104,clench,1,128,1.0,False,False,16.260063647972505,19.556615874069657,2119.8506739345457,44.0,38.0,84.59161305206018,85.9375,97.65625,289.8495401713709
session_13.csv,session_13,492,31488,31616,31488,31616,62.976,63.232,clench,1,128,1.0,False,False,12.344744987013021,16.00637520253623,1665.3362506986778,43.0,30.0,84.86749794369075,82.03125,78.125,232.54913126118436
session_13.csv,session_13,493,31552,31680,31552,31680,63.104,63.36,clench,1,128,1.0,False,False,6.0489655549067525,7.899400731682118,794.0904756535052,36.0,10.0,77.92642503857063,78.125,82.03125,37.061353805376115
session_13.csv,session_13,494,31616,31744,31616,31744,63.232,63.488,clench,1,100,0.78125,True,True,6.554767732542116,8.675607519683812,833.0247525398388,36.0,13.0,77.24940602407071,74.21875,70.3125,42.82242992116805
session_13.csv,session_13,495,31680,31808,31680,31808,63.36,63.616,relax,0,36,0.28125,True,True,6.2828751079268415,8.604146681152105,796.2815383932142,29.0,17.0,77.94023915830599,74.21875,70.3125,88.9545519550412
session_13.csv,session_13,496,31744,31872,31744,31872,63.488,63.744,relax,0,0,0.0,False,False,2.982557797124155,3.986573642492865,367.2411897870812,22.0,3.0,76.03235970057676,74.21875,82.03125,7.75888503711186
session_13.csv,session_13,497,31808,31936,31808,31936,63.616,63.872,relax,0,0,0.0,False,False,2.876484850378061,3.7726382872651216,378.98298748366676,25.0,4.0,83.72480530040559,82.03125,97.65625,10.971263968502617
session_13.csv,session_13,498,31872,32000,31872,32000,63.744,64.0,relax,0,0,0.0,False,False,2.8666294998630253,3.6677218399646416,390.1458893446294,30.0,4.0,79.8447431372695,78.125,93.75,6.087966282975175
session_13.csv,session_13,499,31936,32064,31936,32064,63.872,64.128,relax,0,0,0.0,False,False,2.605692411883221,3.056285607879868,333.07400109369735,32.0,0.0,85.19678308838384,85.9375,89.84375,7.973150285219173
session_13.csv,session_13,500,32000,32128,32000,32128,64.0,64.256,relax,0,0,0.0,False,False,2.530254638600943,3.1894842371434775,318.66880173277696,26.0,2.0,75.26590100211062,70.3125,70.3125,7.416799573037468
session_13.csv,session_13,501,32064,32192,32064,32192,64.128,64.384,relax,0,0,0.0,False,False,2.8667713472644625,3.722726194898414,377.2487579851744,28.0,4.0,81.56785484962066,85.9375,85.9375,8.194718346718401
session_13.csv,session_13,502,32128,32256,32128,32256,64.256,64.512,relax,0,0,0.0,False,False,2.687933680640093,3.3768232254150097,342.74644196832537,25.0,2.0,77.51336384556086,74.21875,70.3125,13.564723836339496
session_13.csv,session_13,503,32192,32320,32192,32320,64.384,64.64,relax,0,0,0.0,False,False,1.9542439682176882,2.454602665997701,247.58273317372937,18.0,0.0,79.59360999326813,82.03125,82.03125,5.2730872216437055
session_13.csv,session_13,504,32256,32384,32256,32384,64.512,64.768,relax,0,0,0.0,False,False,2.3134638802412804,2.9644246961830367,294.2707177640092,25.0,1.0,82.55092516764869,78.125,93.75,8.44207707132266
session_13.csv,session_13,505,32320,32448,32320,32448,64.64,64.896,relax,0,0,0.0,False,False,3.053280323674123,3.7674622153509767,362.02659532066866,30.0,0.0,74.92334358259025,74.21875,74.21875,10.31627510941377
session_13.csv,session_13,506,32384,32512,32384,32512,64.768,65.024,relax,0,4,0.03125,True,True,8.820562935558376,13.360542708160168,1087.215798326052,33.0,14.0,78.76105601524186,78.125,74.21875,100.96624676658077
session_13.csv,session_13,507,32448,32576,32448,32576,64.896,65.152,clench,1,68,0.53125,True,True,21.6139470423737,28.333169762129963,2849.0030463884914,44.0,33.0,81.2396475642692,82.03125,78.125,1191.030156933506
session_13.csv,session_13,508,32512,32640,32512,32640,65.024,65.28,clench,1,128,1.0,False,True,23.698024545166028,29.88702738362557,3176.326680456349,48.0,37.0,84.82968009329748,82.03125,97.65625,297.65353840353606
session_13.csv,session_13,509,32576,32704,32576,32704,65.152,65.408,clench,1,128,1.0,False,False,18.948514351313484,22.990017196426503,2668.7430972174375,48.0,38.0,87.24788141596973,85.9375,97.65625,415.86044047070504
session_13.csv,session_13,510,32640,32768,32640,32768,65.28,65.536,clench,1,128,1.0,False,False,22.686375275567414,28.91793944328863,2982.0497572217305,43.0,38.0,82.33109213120545,82.03125,85.9375,834.2350192734415
session_13.csv,session_13,511,32704,32832,32704,32832,65.408,65.664,clench,1,128,1.0,False,False,24.613945905261872,30.861421953778372,3107.082302552561,41.0,36.0,80.57658915875348,82.03125,85.9375,670.2872702755873
session_13.csv,session_13,512,32768,32896,32768,32896,65.536,65.792,clench,1,128,1.0,False,False,19.655251321680165,24.029967721525125,2518.3246522815107,43.0,36.0,81.38324549644618,82.03125,82.03125,705.3483813197195
session_13.csv,session_13,513,32832,32960,32832,32960,65.664,65.92,clench,1,128,1.0,False,False,13.33122078459204,16.707450361054292,1803.568614499794,45.0,33.0,86.63582153824818,89.84375,93.75,180.86846943797303
session_13.csv,session_13,514,32896,33024,32896,33024,65.792,66.048,clench,1,128,1.0,False,False,11.735556662861631,15.51090991132115,1594.7397252086892,44.0,32.0,83.79768467409306,82.03125,82.03125,101.1020402538342
session_13.csv,session_13,515,32960,33088,32960,33088,65.92,66.176,clench,1,128,1.0,False,False,14.759589111409582,18.753385391331786,1923.259430180433,41.0,32.0,82.82883662468365,82.03125,82.03125,389.1151460059535
session_13.csv,session_13,516,33024,33152,33024,33152,66.048,66.304,clench,1,128,1.0,False,False,18.215288070091717,21.54307604980167,2383.1215457876306,42.0,38.0,85.96928192147699,85.9375,85.9375,510.6322873845435
session_13.csv,session_13,517,33088,33216,33088,33216,66.176,66.432,clench,1,128,1.0,False,False,20.991833079206526,25.628021938195335,2739.4389974048486,44.0,36.0,80.22505687067874,82.03125,85.9375,411.35927108884863
session_13.csv,session_13,518,33152,33280,33152,33280,66.304,66.56,clench,1,128,1.0,False,False,19.317179652858293,23.848340880588008,2554.4332016892886,45.0,32.0,87.92895143681802,89.84375,97.65625,562.8666195404859
session_13.csv,session_13,519,33216,33344,33216,33344,66.432,66.688,clench,1,128,1.0,False,False,14.11361814176231,16.672187007536714,1853.8769211329145,44.0,31.0,82.22182936360812,78.125,78.125,264.39235743566417
session_13.csv,session_13,520,33280,33408,33280,33408,66.56,66.816,clench,1,128,1.0,False,False,13.45962692652784,16.697132165343355,1750.5295282309899,43.0,31.0,81.25732577853259,82.03125,82.03125,128.93352042691572
session_13.csv,session_13,521,33344,33472,33344,33472,66.688,66.944,clench,1,128,1.0,False,False,17.546877264897795,21.870435192551454,2275.99454895533,43.0,34.0,84.45197116521302,85.9375,85.9375,339.5723010516185
session_13.csv,session_13,522,33408,33536,33408,33536,66.816,67.072,clench,1,128,1.0,False,False,16.361826591418776,20.40828855224001,2077.1731832569835,43.0,32.0,75.50520581999864,74.21875,74.21875,442.2420128493354
session_13.csv,session_13,523,33472,33600,33472,33600,66.944,67.2,clench,1,128,1.0,False,False,15.073654791671519,17.656464759073007,1973.4591622495593,44.0,31.0,78.20074814879408,82.03125,82.03125,245.82730990214617
session_13.csv,session_13,524,33536,33664,33536,33664,67.072,67.328,clench,1,128,1.0,False,False,16.92466604608616,20.373110046063157,2157.192085495235,40.0,34.0,79.21560566764508,74.21875,74.21875,524.7493068030342
session_13.csv,session_13,525,33600,33728,33600,33728,67.2,67.456,clench,1,128,1.0,False,False,16.241392829510602,20.50006740341363,2052.519870095668,40.0,29.0,80.55124633138422,85.9375,85.9375,171.10306097536082
session_13.csv,session_13,526,33664,33792,33664,33792,67.328,67.584,clench,1,128,1.0,False,False,14.704897437150496,18.35343645803197,1909.371875034517,44.0,27.0,82.65696016700437,85.9375,85.9375,366.2272617696682
session_13.csv,session_13,527,33728,33856,33728,33856,67.456,67.712,clench,1,128,1.0,False,False,13.027370882981565,16.327053371972433,1750.6525754374115,45.0,30.0,82.19708089090125,82.03125,85.9375,369.5992467227297
session_13.csv,session_13,528,33792,33920,33792,33920,67.584,67.84,clench,1,128,1.0,False,False,13.088941638121671,17.08692115455923,1742.0252831855112,44.0,26.0,83.07693461683286,82.03125,82.03125,82.38358566372833
session_13.csv,session_13,529,33856,33984,33856,33984,67.712,67.968,clench,1,128,1.0,False,False,15.571447290450218,19.27276918794537,1977.1302529602108,42.0,31.0,81.06351915902741,78.125,74.21875,338.5065070253381
session_13.csv,session_13,530,33920,34048,33920,34048,67.84,68.096,clench,1,128,1.0,False,False,13.438687668214499,16.467151811327533,1683.4605891911247,44.0,35.0,79.4587165063753,78.125,74.21875,226.55483972138543
session_13.csv,session_13,531,33984,34112,33984,34112,67.968,68.224,clench,1,128,1.0,False,False,12.525388684296637,15.755518078374662,1561.8612905213631,42.0,32.0,78.9618284724848,74.21875,74.21875,184.24937487171968
session_13.csv,session_13,532,34048,34176,34048,34176,68.096,68.352,clench,1,128,1.0,False,False,12.923202940768267,16.069082772647228,1618.7915425407668,42.0,28.0,78.9088343891974,78.125,70.3125,332.8401384957606
session_13.csv,session_13,533,34112,34240,34112,34240,68.224,68.48,clench,1,128,1.0,False,False,10.02592789536452,11.86276340242742,1363.7077570364513,45.0,28.0,80.93021006971438,82.03125,85.9375,88.59256484579942
session_13.csv,session_13,534,34176,34304,34176,34304,68.352,68.608,clench,1,128,1.0,False,False,11.936369461436582,14.073352825241853,1598.6541336241385,45.0,33.0,86.87308106893855,89.84375,89.84375,124.19698797773154
session_13.csv,session_13,535,34240,34368,34240,34368,68.48,68.736,clench,1,128,1.0,False,False,14.498882110502215,17.408680628344957,1955.3671180097251,46.0,35.0,79.91742854053713,78.125,74.21875,306.1879478833956
session_13.csv,session_13,536,34304,34432,34304,34432,68.608,68.864,clench,1,128,1.0,False,False,11.993795957890153,15.396229767425856,1643.2699552525266,46.0,33.0,85.49058416108157,85.9375,85.9375,214.8862250173615
session_13.csv,session_13,537,34368,34496,34368,34496,68.736,68.992,clench,1,128,1.0,False,False,10.742308912480038,13.103984479203337,1374.257786930952,42.0,28.0,73.97284261141867,74.21875,74.21875,168.53655773585905
session_13.csv,session_13,538,34432,34560,34432,34560,68.864,69.12,clench,1,128,1.0,False,False,13.406028558228968,16.355216844366424,1617.0408216291214,40.0,25.0,78.94240402112004,78.125,74.21875,137.18561264615008
session_13.csv,session_13,539,34496,34624,34496,34624,68.992,69.248,clench,1,128,1.0,False,False,13.077949617013296,16.141450810891182,1696.245060533251,42.0,31.0,77.24470314632374,74.21875,74.21875,238.7417221311808
session_13.csv,session_13,540,34560,34688,34560,34688,69.12,69.376,clench,1,128,1.0,False,False,8.116374124899266,10.824738906217107,1087.7446953916615,39.0,22.0,84.40044764426122,85.9375,85.9375,102.3320638372763
session_13.csv,session_13,541,34624,34752,34624,34752,69.248,69.504,clench,1,119,0.9296875,True,True,6.101421812850756,7.691234706499927,799.2917097193675,38.0,16.0,87.55567608550477,89.84375,89.84375,51.72371822515173
session_13.csv,session_13,542,34688,34816,34688,34816,69.376,69.632,relax,0,55,0.4296875,True,True,6.330335634879917,7.8483162299279385,822.096377233148,38.0,17.0,78.47229153177817,78.125,74.21875,30.605036553415093
session_13.csv,session_13,543,34752,34880,34752,34880,69.504,69.76,relax,0,0,0.0,False,True,4.2100604810687505,5.579914255524042,562.9159760726557,35.0,8.0,81.61062815482835,82.03125,85.9375,37.53020748822621
session_13.csv,session_13,544,34816,34944,34816,34944,69.632,69.888,relax,0,0,0.0,False,False,3.502894345239154,4.48706634806564,461.50039582923876,30.0,7.0,78.03732517889011,78.125,70.3125,11.793802307627203
session_13.csv,session_13,545,34880,35008,34880,35008,69.76,70.016,relax,0,0,0.0,False,False,2.8627201788047865,3.581369946681613,352.5102341544367,23.0,3.0,77.97279486991097,74.21875,74.21875,10.927225657424371
session_13.csv,session_13,546,34944,35072,34944,35072,69.888,70.144,relax,0,0,0.0,False,False,3.179364429506732,4.107400597201451,393.5766255034547,27.0,2.0,80.67232433787872,82.03125,70.3125,9.069785096157009
session_13.csv,session_13,547,35008,35136,35008,35136,70.016,70.272,relax,0,0,0.0,False,False,3.0661639166328074,4.013313495194066,385.60521085204846,28.0,3.0,76.96289813059504,74.21875,70.3125,19.12211580859998
session_13.csv,session_13,548,35072,35200,35072,35200,70.144,70.4,relax,0,0,0.0,False,False,2.5401580476867966,3.1048681698554588,329.37475528211553,28.0,1.0,85.6156296213961,89.84375,89.84375,10.98738107494352
session_13.csv,session_13,549,35136,35264,35136,35264,70.272,70.528,relax,0,0,0.0,False,False,3.1605061792042335,3.744872942475943,395.96695781597566,36.0,0.0,77.27422548178704,74.21875,70.3125,10.882856813248459
session_13.csv,session_13,550,35200,35328,35200,35328,70.4,70.656,relax,0,0,0.0,False,False,2.673850956535566,3.2903921885155327,337.17391902097336,29.0,0.0,76.972589338942,74.21875,74.21875,10.730691499668147
session_13.csv,session_13,551,35264,35392,35264,35392,70.528,70.784,relax,0,0,0.0,False,False,2.3213297972257694,2.8211648524729633,295.5551661732569,27.0,0.0,77.8086716897965,74.21875,74.21875,7.639940048094876
session_13.csv,session_13,552,35328,35456,35328,35456,70.656,70.912,relax,0,0,0.0,False,False,2.622973219152599,3.2644919972746607,334.33303772436125,29.0,2.0,80.50182151676267,85.9375,89.84375,8.505815465170981
session_13.csv,session_13,553,35392,35520,35392,35520,70.784,71.04,relax,0,0,0.0,False,False,2.7203761909399633,3.3082049237287996,346.69244783237207,28.0,4.0,79.82229839129144,74.21875,74.21875,9.924333405254737
session_13.csv,session_13,554,35456,35584,35456,35584,70.912,71.168,relax,0,0,0.0,False,False,3.1087411724924285,3.6943620365313046,392.1711313987694,32.0,7.0,80.7050110995499,78.125,74.21875,6.408987567909846
session_13.csv,session_13,555,35520,35648,35520,35648,71.04,71.296,relax,0,0,0.0,False,False,2.932984071834629,3.591706432718376,382.4284737111934,30.0,6.0,79.25234635290926,74.21875,74.21875,17.402618409745724
session_13.csv,session_13,556,35584,35712,35584,35712,71.168,71.424,relax,0,0,0.0,False,False,2.6006525203888637,3.3308939301901446,339.46863826748506,23.0,5.0,85.07433124983315,85.9375,74.21875,10.747642109170307
session_13.csv,session_13,557,35648,35776,35648,35776,71.296,71.552,relax,0,0,0.0,False,False,2.989014332434877,3.863723958332989,395.22550402579816,28.0,6.0,79.56503209147843,78.125,74.21875,12.683411416078075
session_13.csv,session_13,558,35712,35840,35712,35840,71.424,71.68,relax,0,0,0.0,False,False,2.604180429073912,3.378352181222018,339.58307467482075,25.0,4.0,78.54591279923558,74.21875,74.21875,3.5761240751526424
session_13.csv,session_13,559,35776,35904,35776,35904,71.552,71.808,relax,0,0,0.0,False,False,3.770268733025352,5.340302691849198,486.6559835568253,29.0,9.0,80.40422216434156,74.21875,74.21875,9.778452436404695
session_13.csv,session_13,560,35840,35968,35840,35968,71.68,71.936,relax,0,32,0.25,True,True,8.807490188556216,11.564954525067986,1140.510382996314,42.0,23.0,79.18522510958982,78.125,74.21875,172.27625848736199
session_13.csv,session_13,561,35904,36032,35904,36032,71.808,72.064,clench,1,96,0.75,True,True,13.763065171937885,17.26812689942637,1840.2443946092772,47.0,31.0,84.52512838567083,89.84375,93.75,246.0547084672905
session_13.csv,session_13,562,35968,36096,35968,36096,71.936,72.192,clench,1,128,1.0,False,False,14.86368071757143,18.531107235571604,2055.633473626707,50.0,37.0,84.02120713968348,85.9375,97.65625,218.1546345940569
session_13.csv,session_13,563,36032,36160,36032,36160,72.064,72.32,clench,1,128,1.0,False,False,18.30072083013917,22.62817929548013,2385.0832580754222,45.0,36.0,83.26835407060292,82.03125,78.125,725.0916563654657
session_13.csv,session_13,564,36096,36224,36096,36224,72.192,72.448,clench,1,128,1.0,False,False,16.775615329185197,21.59504177948908,2083.8643762246797,41.0,24.0,80.96082656257133,82.03125,78.125,277.2692834004728
session_13.csv,session_13,565,36160,36288,36160,36288,72.32,72.576,clench,1,128,1.0,False,False,14.056623715184994,17.61037884010359,1842.889260322624,42.0,24.0,80.07978654330455,78.125,78.125,341.0833820278648
session_13.csv,session_13,566,36224,36352,36224,36352,72.448,72.704,clench,1,128,1.0,False,False,15.278057111795395,19.094988279122717,2001.479991381112,42.0,26.0,82.99593790885652,89.84375,89.84375,258.9997935886678
session_13.csv,session_13,567,36288,36416,36288,36416,72.576,72.832,clench,1,128,1.0,False,False,23.77196745033821,31.747196188307278,2989.1169329803056,41.0,32.0,78.15770361993756,78.125,70.3125,1086.8742167678156
session_13.csv,session_13,568,36352,36480,36352,36480,72.704,72.96,clench,1,128,1.0,False,False,29.193855126316187,35.97049735332301,3616.03111023997,40.0,34.0,76.82201519271723,74.21875,70.3125,765.5594359003472
session_13.csv,session_13,569,36416,36544,36416,36544,72.832,73.088,clench,1,128,1.0,False,False,22.395248994985277,27.134650061630605,2892.345577596537,42.0,37.0,82.47374406354542,82.03125,82.03125,559.2843736628834
session_13.csv,session_13,570,36480,36608,36480,36608,72.96,73.216,clench,1,128,1.0,False,False,19.981887722350912,23.181462592611716,2656.924827445652,45.0,40.0,84.35467885521011,82.03125,82.03125,511.519596620405
session_13.csv,session_13,571,36544,36672,36544,36672,73.088,73.344,clench,1,128,1.0,False,False,19.770439822514746,24.17790216871328,2460.4274557304943,42.0,32.0,78.64871330562544,78.125,82.03125,916.8179886999479
session_13.csv,session_13,572,36608,36736,36608,36736,73.216,73.472,clench,1,128,1.0,False,False,18.457704465439335,23.430025993099814,2265.7714514267645,42.0,31.0,79.21292928083442,82.03125,74.21875,321.8886585611779
session_13.csv,session_13,573,36672,36800,36672,36800,73.344,73.6,clench,1,128,1.0,False,False,23.417749711457166,29.657777094302038,3007.9878736324085,44.0,37.0,85.4198437381156,89.84375,74.21875,408.972779157678
session_13.csv,session_13,574,36736,36864,36736,36864,73.472,73.728,clench,1,128,1.0,False,False,24.737404396701432,30.86172004740681,3189.346591947021,42.0,38.0,81.76194267788667,82.03125,82.03125,1493.559068034001
session_13.csv,session_13,575,36800,36928,36800,36928,73.6,73.856,clench,1,128,1.0,False,False,14.116570820564926,18.57731381142043,1808.7727406032311,43.0,30.0,78.42026958649559,78.125,70.3125,147.02764946209464
session_13.csv,session_13,576,36864,36992,36864,36992,73.728,73.984,clench,1,92,0.71875,True,True,9.05484332064222,11.322045185539471,1131.219595134809,43.0,23.0,75.39390023631677,74.21875,74.21875,220.0947350470956
session_13.csv,session_13,577,36928,37056,36928,37056,73.856,74.112,relax,0,28,0.21875,True,True,6.051298957872812,8.632152858231198,741.2770894435763,36.0,10.0,88.9626285515162,89.84375,97.65625,28.325300880922942
session_13.csv,session_13,578,36992,37120,36992,37120,73.984,74.24,relax,0,0,0.0,False,False,2.7648095075286854,3.363283069286804,340.2067972748704,28.0,0.0,77.88669791732792,74.21875,70.3125,10.506759837568094
session_13.csv,session_13,579,37056,37184,37056,37184,74.112,74.368,relax,0,0,0.0,False,False,2.8939329492710497,3.493623397871714,359.27051213024083,27.0,3.0,77.70060418007617,74.21875,70.3125,12.639286221840951
session_13.csv,session_13,580,37120,37248,37120,37248,74.24,74.496,relax,0,0,0.0,False,False,3.1254585697968773,3.7649196539241467,386.818749742298,30.0,5.0,72.59159622716494,70.3125,70.3125,9.406961542651306
session_13.csv,session_13,581,37184,37312,37184,37312,74.368,74.624,relax,0,0,0.0,False,False,3.412711764559374,4.187944330655409,416.78378712426434,30.0,5.0,79.80910814368895,78.125,74.21875,16.453503425132823
session_13.csv,session_13,582,37248,37376,37248,37376,74.496,74.752,relax,0,0,0.0,False,False,3.333598571519431,4.288071360919297,418.2472980618693,28.0,7.0,79.81018638719856,78.125,74.21875,21.825501658389125
session_13.csv,session_13,583,37312,37440,37312,37440,74.624,74.88,relax,0,0,0.0,False,False,2.6158502921956437,3.4906048295666703,344.3606469360226,24.0,4.0,85.98327934793974,85.9375,97.65625,7.722710351525495
session_13.csv,session_13,584,37376,37504,37376,37504,74.752,75.008,relax,0,0,0.0,False,False,2.7058294214388194,3.5268508958034754,349.27583359061134,24.0,1.0,83.3030056855688,85.9375,93.75,9.520423417582656
session_13.csv,session_13,585,37440,37568,37440,37568,74.88,75.136,relax,0,0,0.0,False,False,2.5920062415296607,3.4534055010904297,319.771250525881,19.0,1.0,76.99070954425474,74.21875,74.21875,9.530818587432869
session_13.csv,session_13,586,37504,37632,37504,37632,75.008,75.264,relax,0,0,0.0,False,False,1.7680537671126206,2.120787114435191,220.63428875137163,14.0,0.0,79.98457925743828,82.03125,82.03125,5.218273895370281
session_13.csv,session_13,587,37568,37696,37568,37696,75.136,75.392,relax,0,0,0.0,False,False,2.281498002769675,2.793309987576287,278.5185817896262,22.0,1.0,78.9435407427403,74.21875,70.3125,7.004809101755589
session_13.csv,session_13,588,37632,37760,37632,37760,75.264,75.52,relax,0,0,0.0,False,False,2.4505216486325185,3.0649586609303143,309.17713709387067,26.0,1.0,78.62849199492922,78.125,70.3125,6.546818144444742
session_13.csv,session_13,589,37696,37824,37696,37824,75.392,75.648,relax,0,0,0.0,False,False,2.5957876037868353,3.2141854682600335,348.80068646612744,29.0,6.0,83.52073123594091,82.03125,97.65625,9.181326464122316
session_13.csv,session_13,590,37760,37888,37760,37888,75.52,75.776,relax,0,0,0.0,False,False,2.45778140584566,3.0657781505759116,319.20198258665346,23.0,5.0,78.21509573975189,78.125,78.125,3.3403790367964845
session_13.csv,session_13,591,37824,37952,37824,37952,75.648,75.904,relax,0,0,0.0,False,False,2.045131262349317,2.5441902813644672,267.39017984044676,19.0,0.0,79.21920348163584,74.21875,70.3125,8.217713992568093
session_13.csv,session_13,592,37888,38016,37888,38016,75.776,76.032,relax,0,0,0.0,False,False,2.795662905591091,3.482343144203776,373.5334509066886,33.0,4.0,82.95849504876038,82.03125,70.3125,6.345802364208718
session_13.csv,session_13,593,37952,38080,37952,38080,75.904,76.16,relax,0,21,0.1640625,True,True,7.5007051935236655,10.996957438984719,981.1933916802749,42.0,18.0,78.24963418477333,74.21875,74.21875,47.67094278913504
session_13.csv,session_13,594,38016,38144,38016,38144,76.032,76.288,clench,1,85,0.6640625,True,True,13.466893500298346,16.71675242747006,1706.2591353480898,41.0,28.0,80.60774811667758,74.21875,74.21875,300.2141594307318
session_13.csv,session_13,595,38080,38208,38080,38208,76.16,76.416,clench,1,128,1.0,False,True,11.887543644841811,14.849758462292895,1536.1440694077237,43.0,27.0,80.57967368970937,78.125,78.125,196.79005891851554
session_13.csv,session_13,596,38144,38272,38144,38272,76.288,76.544,clench,1,128,1.0,False,False,10.043920251912748,12.61809348217463,1297.0980272753554,44.0,24.0,82.29422602436523,82.03125,82.03125,74.03761274200757
session_13.csv,session_13,597,38208,38336,38208,38336,76.416,76.672,clench,1,128,1.0,False,False,10.49100697494663,12.854808493494037,1316.7104449208769,39.0,21.0,82.33027508656912,82.03125,78.125,194.63072586579776
session_13.csv,session_13,598,38272,38400,38272,38400,76.544,76.8,clench,1,128,1.0,False,False,9.580869592336995,11.440603435410258,1203.7724432838263,39.0,19.0,75.60861898901852,74.21875,74.21875,119.00166802862789
session_13.csv,session_13,599,38336,38464,38336,38464,76.672,76.928,clench,1,128,1.0,False,False,10.803565584227094,13.04795373752207,1366.3370798380129,41.0,20.0,79.46835458168167,82.03125,82.03125,106.91458297491072
session_13.csv,session_13,600,38400,38528,38400,38528,76.8,77.056,clench,1,128,1.0,False,False,10.997983355363779,13.054794817414313,1425.6841276026475,43.0,31.0,84.90187175300781,89.84375,89.84375,133.16945301784793
session_13.csv,session_13,601,38464,38592,38464,38592,76.928,77.184,clench,1,128,1.0,False,False,10.091643539988656,12.422591521518038,1252.64134462879,39.0,29.0,77.99204182377571,74.21875,74.21875,240.0596062851034
session_13.csv,session_13,602,38528,38656,38528,38656,77.056,77.312,clench,1,128,1.0,False,False,10.375351405947058,12.631943501172046,1263.4755186067196,38.0,25.0,77.21466732496702,78.125,78.125,103.91316665256264
session_13.csv,session_13,603,38592,38720,38592,38720,77.184,77.44,clench,1,128,1.0,False,False,12.67741684858669,15.170291914973532,1598.3031687267385,41.0,29.0,77.5541478178868,78.125,78.125,232.29987881772942
session_13.csv,session_13,604,38656,38784,38656,38784,77.312,77.568,clench,1,128,1.0,False,False,12.810569398950756,15.40681287852752,1608.2040433439029,42.0,28.0,85.61719307109522,85.9375,85.9375,137.56450771765563
session_13.csv,session_13,605,38720,38848,38720,38848,77.44,77.696,clench,1,128,1.0,False,False,13.980189111336978,16.852980132716308,1847.3546652886698,44.0,32.0,85.16477538481651,82.03125,82.03125,250.10260848554094
session_13.csv,session_13,606,38784,38912,38784,38912,77.568,77.824,clench,1,128,1.0,False,False,13.398940024617588,16.422893236447806,1711.0607410409843,42.0,25.0,81.89879853466546,82.03125,78.125,251.523322128353
session_13.csv,session_13,607,38848,38976,38848,38976,77.696,77.952,clench,1,128,1.0,False,False,9.736151303701604,11.867823408931146,1163.2185464139507,38.0,15.0,76.02243898792328,74.21875,74.21875,172.53213506647828
session_13.csv,session_13,608,38912,39040,38912,39040,77.824,78.08,clench,1,128,1.0,False,False,7.294211811075462,9.645811621884754,915.2281345543727,40.0,14.0,80.56938967509527,78.125,74.21875,76.15008318171128
session_13.csv,session_13,609,38976,39104,38976,39104,77.952,78.208,clench,1,110,0.859375,True,True,5.54666573528696,6.855498238884985,707.1009939947903,41.0,14.0,82.5368685867999,82.03125,82.03125,31.384946565653777
session_13.csv,session_13,610,39040,39168,39040,39168,78.08,78.336,relax,0,46,0.359375,True,True,5.382450472260951,6.397375567625615,648.9968082110394,36.0,11.0,74.60493678468634,70.3125,70.3125,30.722334465281392
session_13.csv,session_13,611,39104,39232,39104,39232,78.208,78.464,relax,0,0,0.0,False,True,3.8980756821104565,4.8349791314001385,486.55175645316285,33.0,5.0,76.63121022061324,78.125,78.125,19.002928974975056
session_13.csv,session_13,612,39168,39296,39168,39296,78.336,78.592,relax,0,0,0.0,False,False,3.1607806782301626,3.9032679670281003,415.4419718858177,31.0,3.0,81.84744938814671,85.9375,89.84375,12.682364993374952
session_13.csv,session_13,613,39232,39360,39232,39360,78.464,78.72,relax,0,0,0.0,False,False,3.6224345498663224,4.582633074203304,467.6919384072886,32.0,3.0,82.95217515145288,82.03125,78.125,16.401778991721898
session_13.csv,session_13,614,39296,39424,39296,39424,78.592,78.848,relax,0,0,0.0,False,False,3.3048061286702666,4.424800489399242,437.9743913187406,28.0,4.0,80.2618010301743,78.125,78.125,18.65944548144386
session_13.csv,session_13,615,39360,39488,39360,39488,78.72,78.976,relax,0,0,0.0,False,False,2.9048334219974965,3.7977549504161283,370.9655213836696,25.0,5.0,75.86510228313014,74.21875,78.125,11.682532531726501
session_13.csv,session_13,616,39424,39552,39424,39552,78.848,79.104,relax,0,0,0.0,False,False,3.3376000184392005,4.286382348694305,438.06562471866766,28.0,6.0,81.55238026801456,82.03125,97.65625,8.808816422267823
session_13.csv,session_13,617,39488,39616,39488,39616,78.976,79.232,relax,0,0,0.0,False,False,2.8993563602299792,3.870039368712834,392.22154590867353,25.0,3.0,83.58951380144804,82.03125,78.125,11.554979989218655
session_13.csv,session_13,618,39552,39680,39552,39680,79.104,79.36,relax,0,0,0.0,False,False,2.4586327217083053,3.053585651217186,325.7276156954912,28.0,0.0,80.88872894506312,78.125,78.125,6.691470756539131
session_13.csv,session_13,619,39616,39744,39616,39744,79.232,79.488,relax,0,0,0.0,False,False,2.497068056293174,3.0073369752830064,336.0726619095625,31.0,0.0,81.89354372911627,78.125,74.21875,8.237149600249941
session_13.csv,session_13,620,39680,39808,39680,39808,79.36,79.616,relax,0,0,0.0,False,False,2.43278484643736,2.9254313190234984,303.1257689471171,26.0,0.0,80.62158921487222,85.9375,85.9375,6.142904583933769
session_13.csv,session_13,621,39744,39872,39744,39872,79.488,79.744,relax,0,0,0.0,False,False,2.34553024344367,2.8537469132595823,293.5487624626369,23.0,0.0,77.13763703923485,74.21875,74.21875,6.842156566494435
session_13.csv,session_13,622,39808,39936,39808,39936,79.616,79.872,relax,0,0,0.0,False,False,2.3979165701831944,2.999371097154965,304.5445230874477,23.0,0.0,79.44693364942336,82.03125,74.21875,11.547965231343012
session_13.csv,session_13,623,39872,40000,39872,40000,79.744,80.0,relax,0,0,0.0,False,False,2.192445784474005,2.7810352858161105,277.54182873543516,23.0,0.0,74.63527244775136,70.3125,70.3125,2.6004527858665667
session_13.csv,session_13,624,39936,40064,39936,40064,79.872,80.128,relax,0,0,0.0,False,True,3.3124440678402705,4.521221142053031,414.667639487721,28.0,2.0,72.36208929827895,70.3125,70.3125,9.932895582515746
session_13.csv,session_13,625,40000,40128,40000,40128,80.0,80.256,relax,0,44,0.34375,True,True,14.095040986144072,20.180868737752878,1802.174805393542,39.0,20.0,77.94153919818257,78.125,78.125,223.73450012143942
session_13.csv,session_13,626,40064,40192,40064,40192,80.128,80.384,clench,1,108,0.84375,True,True,19.528014439531532,24.16576486437465,2554.9279248523717,44.0,36.0,87.87959405811762,89.84375,89.84375,795.5567844420658
session_13.csv,session_13,627,40128,40256,40128,40256,80.256,80.512,clench,1,128,1.0,False,False,11.895194213052012,15.504812049561709,1566.7539763738987,46.0,30.0,89.130158786915,89.84375,89.84375,151.72854410453664
session_13.csv,session_13,628,40192,40320,40192,40320,80.384,80.64,clench,1,128,1.0,False,False,7.630465747141312,9.718499814591757,1003.0444677248923,44.0,18.0,81.01276910408049,82.03125,89.84375,57.23276564722205
session_13.csv,session_13,629,40256,40384,40256,40384,80.512,80.768,clench,1,128,1.0,False,False,9.49228626681989,11.966376996337948,1211.8387460601418,40.0,24.0,81.86541102939262,82.03125,82.03125,195.3196096016336
session_13.csv,session_13,630,40320,40448,40320,40448,80.64,80.896,clench,1,128,1.0,False,False,9.899509246378358,11.842657810706683,1314.7528091106394,42.0,31.0,89.60419505695923,89.84375,93.75,116.79380048123306
session_13.csv,session_13,631,40384,40512,40384,40512,80.768,81.024,clench,1,128,1.0,False,False,9.97893047216908,11.987104349010531,1272.6886801242363,41.0,29.0,82.01278127166073,78.125,78.125,126.70553821857824
session_13.csv,session_13,632,40448,40576,40448,40576,80.896,81.152,clench,1,128,1.0,False,False,10.318376553383864,12.473685150812683,1312.6076903779071,41.0,23.0,81.20941392288198,78.125,70.3125,114.36256359703744
session_13.csv,session_13,633,40512,40640,40512,40640,81.024,81.28,clench,1,128,1.0,False,False,7.937104335726473,10.003073164653648,1045.4051732292055,40.0,16.0,80.79135558921514,85.9375,85.9375,93.70113946232098
session_13.csv,session_13,634,40576,40704,40576,40704,81.152,81.408,clench,1,128,1.0,False,False,10.398521634887512,13.57756213386084,1376.5395564718306,41.0,25.0,86.62491157393073,85.9375,97.65625,112.34296577630182
session_13.csv,session_13,635,40640,40768,40640,40768,81.28,81.536,clench,1,128,1.0,False,False,10.445009690615873,13.792287703345565,1342.586526438981,41.0,24.0,83.14477124030168,82.03125,85.9375,326.63446796950615
session_13.csv,session_13,636,40704,40832,40704,40832,81.408,81.664,clench,1,128,1.0,False,False,10.334635672529366,13.383470135939255,1279.60218924632,39.0,20.0,79.06590063058908,78.125,70.3125,151.89498124899004
session_13.csv,session_13,637,40768,40896,40768,40896,81.536,81.792,clench,1,128,1.0,False,False,15.59360995590108,18.870270288658954,2028.4422148903031,43.0,33.0,86.39783904672791,89.84375,89.84375,294.35199242840594
session_13.csv,session_13,638,40832,40960,40832,40960,81.664,81.92,clench,1,128,1.0,False,False,13.22070883910639,16.851006660207887,1744.2626278896687,44.0,33.0,82.37238712036734,78.125,74.21875,293.24108624644214
session_13.csv,session_13,639,40896,41024,40896,41024,81.792,82.048,clench,1,128,1.0,False,False,10.952907121026033,13.482163665847802,1408.8101146390577,42.0,26.0,78.86088364815896,78.125,78.125,86.32883507918277
session_13.csv,session_13,640,40960,41088,40960,41088,81.92,82.176,clench,1,128,1.0,False,False,10.450530940190557,12.803076854211415,1332.1434857566537,41.0,24.0,83.79653058003608,85.9375,82.03125,200.1260869683164
session_13.csv,session_13,641,41024,41152,41024,41152,82.048,82.304,clench,1,128,1.0,False,False,7.295672246205572,9.033292509872856,959.261837820054,43.0,22.0,86.08896267638205,89.84375,93.75,67.44734098206747
session_13.csv,session_13,642,41088,41216,41088,41216,82.176,82.432,clench,1,128,1.0,False,False,6.733504742710366,8.711317845784464,879.2304565534963,39.0,16.0,86.54526018613696,89.84375,89.84375,32.06587451850039
session_13.csv,session_13,643,41152,41280,41152,41280,82.304,82.56,clench,1,94,0.734375,True,True,8.855521565682066,11.592382953986638,1086.1753864016362,37.0,16.0,78.31879242725299,74.21875,74.21875,216.98438114227423
session_13.csv,session_13,644,41216,41344,41216,41344,82.432,82.688,relax,0,30,0.234375,True,True,7.164066618536906,10.362041954560215,864.0909107474816,32.0,15.0,77.33002057804195,74.21875,74.21875,52.62901675627054
session_13.csv,session_13,645,41280,41408,41280,41408,82.56,82.816,relax,0,0,0.0,False,False,2.6259257981852597,3.3798607703638046,333.3605929514615,23.0,3.0,77.24671767278791,78.125,78.125,5.536473234779278
session_13.csv,session_13,646,41344,41472,41344,41472,82.688,82.944,relax,0,0,0.0,False,False,2.8256195707308684,3.3572864815533627,334.9964342471037,27.0,0.0,76.32584410785003,74.21875,74.21875,11.515311819740264
session_13.csv,session_13,647,41408,41536,41408,41536,82.816,83.072,relax,0,0,0.0,False,False,3.1144118705749495,3.6304997911312156,369.44062549439263,33.0,0.0,80.9865969233321,78.125,70.3125,12.977636217590522
session_13.csv,session_13,648,41472,41600,41472,41600,82.944,83.2,relax,0,0,0.0,False,False,2.8763896497825554,3.507579430284817,382.1817425062379,32.0,3.0,78.58760169442415,74.21875,74.21875,7.191103607275319
session_13.csv,session_13,649,41536,41664,41536,41664,83.072,83.328,relax,0,0,0.0,False,False,3.23246155573022,4.0645056391271215,433.49109763940646,33.0,6.0,88.44454028878759,89.84375,97.65625,12.338563796619898
session_13.csv,session_13,650,41600,41728,41600,41728,83.2,83.456,relax,0,0,0.0,False,False,3.7340996506403954,4.555079456932677,477.7158941242085,37.0,6.0,81.14930743505637,82.03125,70.3125,25.526984125194
session_13.csv,session_13,651,41664,41792,41664,41792,83.328,83.584,relax,0,0,0.0,False,False,3.6944918296026854,4.580394851620603,453.73144666119845,35.0,6.0,79.79797128469028,78.125,74.21875,8.728313769780632
session_13.csv,session_13,652,41728,41856,41728,41856,83.456,83.712,relax,0,32,0.25,True,True,13.266846023502664,21.05155795525383,1698.0533874062612,38.0,22.0,82.97849539915987,85.9375,85.9375,157.20726955602498
session_13.csv,session_13,653,41792,41920,41792,41920,83.584,83.84,clench,1,96,0.75,True,True,20.423668911159428,25.548511647271074,2637.3195762011233,43.0,34.0,80.70715314421125,82.03125,82.03125,915.8658705122001
session_13.csv,session_13,654,41856,41984,41856,41984,83.712,83.968,clench,1,128,1.0,False,False,15.90660474202419,19.12995138567232,2070.433148680825,44.0,30.0,86.8867900241144,85.9375,85.9375,263.3642756803169
session_13.csv,session_13,655,41920,42048,41920,42048,83.84,84.096,clench,1,128,1.0,False,False,20.757284197277194,26.89569849547855,2659.9861456652293,42.0,32.0,74.71763591172574,74.21875,74.21875,296.95587475039525
session_13.csv,session_13,656,41984,42112,41984,42112,83.968,84.224,clench,1,128,1.0,False,False,24.572514567863482,30.14075419218417,3289.704350418556,43.0,37.0,83.88600771087035,85.9375,89.84375,933.205188794244
session_13.csv,session_13,657,42048,42176,42048,42176,84.096,84.352,clench,1,128,1.0,False,False,15.067176003582482,19.931800754174994,2025.6583575264583,43.0,29.0,82.75702736974925,85.9375,89.84375,319.2362546908774
session_13.csv,session_13,658,42112,42240,42112,42240,84.224,84.48,clench,1,128,1.0,False,False,14.95199736621921,21.307897314367313,1847.4361786074833,40.0,26.0,79.96011875881415,78.125,74.21875,430.64086651216724
session_13.csv,session_13,659,42176,42304,42176,42304,84.352,84.608,clench,1,128,1.0,False,False,28.520727022851307,35.92323222823322,3413.321480996319,38.0,31.0,77.0477759907491,74.21875,70.3125,1196.0075627952895
session_13.csv,session_13,660,42240,42368,42240,42368,84.48,84.736,clench,1,128,1.0,False,False,36.41713764202123,43.210338259914266,4481.4692326012155,41.0,33.0,83.28534805251338,85.9375,85.9375,1813.1171372366
session_13.csv,session_13,661,42304,42432,42304,42432,84.608,84.864,clench,1,128,1.0,False,False,39.85139883548133,46.055194109387074,5034.1005047470735,42.0,38.0,76.50168848384979,74.21875,74.21875,1825.7540056014611
session_13.csv,session_13,662,42368,42496,42368,42496,84.736,84.992,clench,1,128,1.0,False,False,36.467135064388614,44.10950828576075,4486.280766522747,40.0,31.0,79.18607841465106,78.125,82.03125,1517.5423043233277
session_13.csv,session_13,663,42432,42560,42432,42560,84.864,85.12,clench,1,128,1.0,False,False,28.85603790321996,38.42074712957203,3551.795346057985,40.0,29.0,79.43674340082816,78.125,78.125,2183.5135794418165
session_13.csv,session_13,664,42496,42624,42496,42624,84.992,85.248,clench,1,128,1.0,False,False,32.13507874402566,42.22723943576496,4060.740158373238,42.0,36.0,81.49117027407306,82.03125,93.75,1342.325334599294
session_13.csv,session_13,665,42560,42688,42560,42688,85.12,85.376,clench,1,128,1.0,False,False,28.439467497190236,39.41703862747871,3645.96774422121,43.0,33.0,80.14256839897918,78.125,74.21875,1925.9457216602302
session_13.csv,session_13,666,42624,42752,42624,42752,85.248,85.504,clench,1,92,0.71875,True,True,17.25556510957346,24.93162104903774,2129.116957694339,40.0,29.0,80.54298570399122,82.03125,82.03125,272.0253652925479
session_13.csv,session_13,667,42688,42816,42688,42816,85.376,85.632,relax,0,28,0.21875,True,True,9.198829186358504,13.210777415443133,1158.875174441661,38.0,19.0,84.4681214086895,85.9375,78.125,82.41662257788111
session_13.csv,session_13,668,42752,42880,42752,42880,85.504,85.76,relax,0,0,0.0,False,False,3.293928377967551,4.06952538014135,431.26448623714566,35.0,6.0,82.92474950076345,82.03125,93.75,10.322917272796454
session_13.csv,session_13,669,42816,42944,42816,42944,85.632,85.888,relax,0,0,0.0,False,False,2.7965089664323486,3.3856646026365524,375.3135362731422,35.0,3.0,89.72767426847918,93.75,93.75,6.822191551594967
session_13.csv,session_13,670,42880,43008,42880,43008,85.76,86.016,relax,0,0,0.0,False,False,2.795050304604536,3.3766463426928395,365.31879747379037,30.0,2.0,85.59745852153014,85.9375,82.03125,10.905729330469422
session_13.csv,session_13,671,42944,43072,42944,43072,85.888,86.144,relax,0,0,0.0,False,False,2.670111694844663,3.381867598311108,333.42577199825575,26.0,0.0,73.56472055212143,70.3125,70.3125,11.040958688799906
session_13.csv,session_13,672,43008,43136,43008,43136,86.016,86.272,relax,0,0,0.0,False,False,2.9743265478638463,3.95517157549253,369.9113039918568,28.0,0.0,83.29511423289422,78.125,74.21875,10.654616588826855
session_13.csv,session_13,673,43072,43200,43072,43200,86.144,86.4,relax,0,0,0.0,False,False,2.9782466642526133,3.8457608002446184,369.6007330640763,30.0,0.0,78.68830140067351,82.03125,70.3125,12.907701482643642
session_13.csv,session_13,674,43136,43264,43136,43264,86.272,86.528,relax,0,0,0.0,False,False,2.8345772147888226,3.61747058691902,347.60193041721664,26.0,2.0,76.11053273890995,74.21875,70.3125,9.025007112656892
session_13.csv,session_13,675,43200,43328,43200,43328,86.4,86.656,relax,0,0,0.0,False,False,3.299025233444774,4.79096071250046,424.35337022265605,22.0,6.0,79.33514157999497,78.125,78.125,7.5277015306107185
session_13.csv,session_13,676,43264,43392,43264,43392,86.528,86.784,relax,0,23,0.1796875,True,True,12.121004860164826,18.362261751639217,1569.447341836224,32.0,19.0,84.11511731351916,82.03125,78.125,307.3647324361193
session_13.csv,session_13,677,43328,43456,43328,43456,86.656,86.912,clench,1,87,0.6796875,True,True,15.157382009945682,19.70882596625267,1938.2850466464376,43.0,23.0,80.65163740044802,82.03125,82.03125,323.4282229918407
session_13.csv,session_13,678,43392,43520,43392,43520,86.784,87.04,clench,1,128,1.0,False,True,11.365248465332964,13.70423534398793,1375.2965225492487,40.0,21.0,76.87575007653263,78.125,78.125,140.05701771026781
session_13.csv,session_13,679,43456,43584,43456,43584,86.912,87.168,clench,1,128,1.0,False,False,11.406361088176617,13.776367352393466,1439.8649815983144,41.0,24.0,78.70425401393224,78.125,78.125,155.43151111579468
session_13.csv,session_13,680,43520,43648,43520,43648,87.04,87.296,clench,1,128,1.0,False,False,8.93021120972656,10.970650045396939,1166.3246819862763,38.0,20.0,87.40868724420518,89.84375,89.84375,134.11377163379373
session_13.csv,session_13,681,43584,43712,43584,43712,87.168,87.424,clench,1,128,1.0,False,False,10.703866351639192,13.349322646752057,1409.6828436755775,39.0,25.0,83.70775727203926,85.9375,85.9375,172.39929969183066
session_13.csv,session_13,682,43648,43776,43648,43776,87.296,87.552,clench,1,128,1.0,False,False,11.551716166519562,14.291105701248592,1473.7945262097842,40.0,24.0,77.66218946238189,74.21875,70.3125,160.90563963710443
session_13.csv,session_13,683,43712,43840,43712,43840,87.424,87.68,clench,1,128,1.0,False,False,10.520865779346856,13.483341964084593,1278.899357963905,37.0,20.0,78.28841161886815,74.21875,70.3125,126.89823786705229
session_13.csv,session_13,684,43776,43904,43776,43904,87.552,87.808,clench,1,128,1.0,False,False,9.320980863552936,12.055931031771491,1181.2468154430956,39.0,22.0,76.14176947045061,74.21875,74.21875,106.93035570815663
session_13.csv,session_13,685,43840,43968,43840,43968,87.68,87.936,clench,1,128,1.0,False,False,11.4442043445527,14.412589224815719,1424.235262327948,38.0,24.0,76.93230200547275,70.3125,70.3125,138.8297738739288
session_13.csv,session_13,686,43904,44032,43904,44032,87.808,88.064,clench,1,128,1.0,False,False,13.702089292072479,16.77345909652543,1726.8431249971927,41.0,27.0,85.8543325064971,89.84375,89.84375,262.68848530887766
session_13.csv,session_13,687,43968,44096,43968,44096,87.936,88.192,clench,1,128,1.0,False,False,10.035551824458624,12.592543974944428,1305.049363951009,45.0,23.0,83.66311883916927,82.03125,82.03125,226.1127670893232
session_13.csv,session_13,688,44032,44160,44032,44160,88.064,88.32,clench,1,128,1.0,False,True,6.328339085123962,7.6803265957373945,817.4908340420704,43.0,18.0,84.80716878094566,89.84375,93.75,52.22544682186673
session_13.csv,session_13,689,44096,44224,44096,44224,88.192,88.448,clench,1,86,0.671875,True,True,5.244745087206155,7.018853630023572,718.0357986910726,44.0,18.0,86.1180023524164,89.84375,93.75,75.5016477107771
session_13.csv,session_13,690,44160,44288,44160,44288,88.32,88.576,relax,0,22,0.171875,True,True,5.111005309278499,6.955217396807403,689.1142261090229,39.0,15.0,83.06367537908564,82.03125,74.21875,25.77347205417213
session_13.csv,session_13,691,44224,44352,44224,44352,88.448,88.704,relax,0,0,0.0,False,False,3.287293952466425,4.376750954455185,413.76403894942257,28.0,3.0,79.47214632658088,78.125,74.21875,13.04352706594829
session_13.csv,session_13,692,44288,44416,44288,44416,88.576,88.832,relax,0,0,0.0,False,False,2.1733812946208007,2.6508249576228162,275.9659257662198,22.0,0.0,78.08396468777062,78.125,78.125,6.7538852075318605
session_13.csv,session_13,693,44352,44480,44352,44480,88.704,88.96,relax,0,0,0.0,False,False,2.5704570566893583,3.199181393352787,329.1703270022996,26.0,0.0,79.58709185132267,74.21875,74.21875,10.624544776724365
session_13.csv,session_13,694,44416,44544,44416,44544,88.832,89.088,relax,0,0,0.0,False,False,2.851598924188435,3.4664321545812258,362.94338200253605,30.0,0.0,85.3474786467561,89.84375,89.84375,7.257420806546292
session_13.csv,session_13,695,44480,44608,44480,44608,88.96,89.216,relax,0,0,0.0,False,False,3.0357341678704275,3.7018421627116567,400.2918258499192,34.0,2.0,81.00397499953694,85.9375,85.9375,14.492632461219815
session_13.csv,session_13,696,44544,44672,44544,44672,89.088,89.344,relax,0,0,0.0,False,False,2.8725383323402127,3.4575796252864874,367.7298476007819,33.0,2.0,80.48461124686604,74.21875,74.21875,7.258291049802395
session_13.csv,session_13,697,44608,44736,44608,44736,89.216,89.472,relax,0,0,0.0,False,False,2.2957500581718238,2.874056463937362,287.9634021879707,24.0,1.0,77.01142843432338,74.21875,66.40625,5.640197503715792
session_13.csv,session_13,698,44672,44800,44672,44800,89.344,89.6,relax,0,0,0.0,False,False,2.3451464815206924,3.0392583136136624,312.3494283270743,22.0,2.0,84.867646618084,82.03125,97.65625,11.841777412595242
session_13.csv,session_13,699,44736,44864,44736,44864,89.472,89.728,relax,0,0,0.0,False,False,2.464580379592781,3.019157831604831,323.6477658281924,28.0,2.0,81.7347144308095,78.125,78.125,6.160669789858723
session_13.csv,session_13,700,44800,44928,44800,44928,89.6,89.856,relax,0,0,0.0,False,False,2.7844906180133044,3.3880268666382114,352.6916643108002,31.0,2.0,77.31498666231703,74.21875,70.3125,7.476419354916766
session_13.csv,session_13,701,44864,44992,44864,44992,89.728,89.984,relax,0,0,0.0,False,False,2.731827646930494,3.34646624252077,350.79880872943306,29.0,1.0,80.19226721330877,78.125,89.84375,11.896494130496816
session_13.csv,session_13,702,44928,45056,44928,45056,89.856,90.112,relax,0,0,0.0,False,False,2.5062277043033605,3.0975249130662594,315.5160902197963,25.0,0.0,79.15012903853096,74.21875,70.3125,7.849844936891677
session_13.csv,session_13,703,44992,45120,44992,45120,89.984,90.24,relax,0,0,0.0,False,False,2.8016213219213117,3.4977435557994827,350.27672464100385,26.0,4.0,77.4729991768824,74.21875,70.3125,14.876385647020541
session_13.csv,session_13,704,45056,45184,45056,45184,90.112,90.368,relax,0,0,0.0,False,False,2.704644806886062,3.4072241973111574,346.85518225527596,27.0,5.0,84.34476551283048,82.03125,93.75,7.194100407177816
session_13.csv,session_13,705,45120,45248,45120,45248,90.24,90.496,relax,0,0,0.0,False,False,2.468796637890102,3.0932745757048146,311.9356462234882,26.0,1.0,77.98500900777823,74.21875,70.3125,6.249310465440785
session_13.csv,session_13,706,45184,45312,45184,45312,90.368,90.624,relax,0,0,0.0,False,False,1.9258112262725078,2.500186106164667,233.52587736617886,17.0,0.0,76.08059770073726,70.3125,70.3125,5.420342868225943
session_13.csv,session_13,707,45248,45376,45248,45376,90.496,90.752,relax,0,0,0.0,False,False,1.812906247657697,2.440353124191563,228.9303860416402,17.0,2.0,76.37778145496289,70.3125,70.3125,2.4107684374221354
session_13.csv,session_13,708,45312,45440,45312,45440,90.624,90.88,relax,0,0,0.0,False,False,2.5608032834322065,3.215996013559618,317.60521321509134,27.0,4.0,80.40207314667272,74.21875,70.3125,14.257123087955197
session_13.csv,session_13,709,45376,45504,45376,45504,90.752,91.008,relax,0,0,0.0,False,False,2.3416973070980234,2.95040387632824,284.64154303544683,23.0,1.0,77.0333224288098,78.125,78.125,7.286955536930581
session_13.csv,session_13,710,45440,45568,45440,45568,90.88,91.136,relax,0,0,0.0,False,False,2.234706862213982,2.9752454804408246,289.2931086937956,20.0,3.0,82.84953660251381,85.9375,85.9375,13.607224019952762
session_13.csv,session_13,711,45504,45632,45504,45632,91.008,91.264,relax,0,0,0.0,False,False,2.6639275225703862,3.3406652569225685,327.42927189241243,23.0,3.0,79.98883603511389,78.125,70.3125,7.401731330090233
session_13.csv,session_13,712,45568,45696,45568,45696,91.136,91.392,relax,0,0,0.0,False,False,2.247940143355228,2.7640329693471584,285.3778389076339,24.0,0.0,80.33759855988772,78.125,70.3125,8.206326236382264
session_13.csv,session_13,713,45632,45760,45632,45760,91.264,91.52,relax,0,0,0.0,False,False,2.028030329059657,2.4924663086949925,276.54203052404034,23.0,1.0,83.1093511146686,85.9375,89.84375,7.336154839845756
session_13.csv,session_13,714,45696,45824,45696,45824,91.392,91.648,relax,0,0,0.0,False,False,1.8619003663223896,2.3493363379921726,246.02854972817988,20.0,1.0,81.36178670581914,78.125,89.84375,3.2241321332620805
session_13.csv,session_13,715,45760,45888,45760,45888,91.52,91.776,relax,0,0,0.0,False,False,1.5846740744646635,1.9288758271976745,193.5933643074294,13.0,0.0,81.13937984472344,82.03125,66.40625,3.0428002595150154
session_13.csv,session_13,716,45824,45952,45824,45952,91.648,91.904,relax,0,0,0.0,False,False,1.58948640793201,1.9160002600667987,195.07622372267576,13.0,0.0,77.61498869937675,74.21875,70.3125,3.211973278700147
session_13.csv,session_13,717,45888,46016,45888,46016,91.776,92.032,relax,0,0,0.0,False,False,1.471730552361982,1.8602497609937834,183.56956787428987,12.0,0.0,75.00397309986754,70.3125,70.3125,2.079300149346811
session_13.csv,session_13,718,45952,46080,45952,46080,91.904,92.16,relax,0,0,0.0,False,False,1.8165645404979092,2.295441532559734,228.92856412778633,17.0,0.0,76.48156582594139,74.21875,70.3125,4.346996653977806
session_13.csv,session_13,719,46016,46144,46016,46144,92.032,92.288,relax,0,0,0.0,False,False,2.3923729178884523,2.996448644318192,297.5315635756881,22.0,0.0,76.79930084591679,74.21875,70.3125,9.571604533066424
session_13.csv,session_13,720,46080,46208,46080,46208,92.16,92.416,relax,0,0,0.0,False,False,2.377471839795688,2.9892609643120056,286.335875542474,18.0,0.0,75.14252020777184,70.3125,70.3125,6.168107395861198
session_13.csv,session_13,721,46144,46272,46144,46272,92.288,92.544,relax,0,0,0.0,False,False,2.147174064652443,2.607021601864451,256.3078156833201,18.0,0.0,76.03111643257098,74.21875,70.3125,5.578504483241817
session_13.csv,session_13,722,46208,46336,46208,46336,92.416,92.672,relax,0,0,0.0,False,False,3.5314261775079467,5.383493721641783,422.29719015273724,25.0,0.0,79.07902700022538,78.125,70.3125,10.280195417654003
session_13.csv,session_13,723,46272,46400,46272,46400,92.544,92.8,relax,0,25,0.1953125,True,True,10.023807652065909,14.201573711687274,1228.1636273860713,36.0,13.0,77.41316723835183,78.125,78.125,136.5770037694149
session_13.csv,session_13,724,46336,46464,46336,46464,92.672,92.928,clench,1,89,0.6953125,True,True,17.403733999618026,21.664183146034777,2134.3786324468824,42.0,27.0,75.13011775887013,74.21875,74.21875,612.2481969844172
session_13.csv,session_13,725,46400,46528,46400,46528,92.8,93.056,clench,1,128,1.0,False,True,19.851490178603214,23.544295169390878,2548.7009571552303,45.0,30.0,82.53474509049224,85.9375,89.84375,490.43301380900454
session_13.csv,session_13,726,46464,46592,46464,46592,92.928,93.184,clench,1,128,1.0,False,False,19.934865778085825,24.45260795050933,2696.272876140695,48.0,34.0,84.22306019057545,85.9375,89.84375,347.9041293927255
session_13.csv,session_13,727,46528,46656,46528,46656,93.056,93.312,clench,1,128,1.0,False,False,22.94473086479414,28.58682740541317,3039.854668570075,46.0,35.0,85.41441497960118,89.84375,93.75,785.1130763767769
session_13.csv,session_13,728,46592,46720,46592,46720,93.184,93.44,clench,1,128,1.0,False,False,26.348954470116425,31.129113040579792,3440.84766984663,42.0,40.0,79.38411632357777,74.21875,70.3125,548.0794786795569
session_13.csv,session_13,729,46656,46784,46656,46784,93.312,93.568,clench,1,128,1.0,False,False,27.050030304945327,33.56688262289168,3561.496208493105,45.0,39.0,88.7541713932523,89.84375,93.75,799.3013480706081
session_13.csv,session_13,730,46720,46848,46720,46848,93.44,93.696,clench,1,128,1.0,False,False,26.186604456342074,34.06256423052658,3307.6580864473617,43.0,34.0,79.09983192165733,78.125,74.21875,1530.6482196603833
session_13.csv,session_13,731,46784,46912,46784,46912,93.568,93.824,clench,1,128,1.0,False,False,27.65696551099304,34.42756504071686,3482.5492517595303,42.0,34.0,80.3760185194858,82.03125,82.03125,1469.8629047369732
session_13.csv,session_13,732,46848,46976,46848,46976,93.696,93.952,clench,1,128,1.0,False,False,24.838212310473825,30.442439251407162,3153.8274342353848,44.0,36.0,79.5423879465239,78.125,74.21875,891.3165533466141
session_13.csv,session_13,733,46912,47040,46912,47040,93.824,94.08,clench,1,128,1.0,False,False,16.120275607295707,20.398220313973287,2107.190481489323,40.0,26.0,88.78438576577477,89.84375,89.84375,542.5501691474143
session_13.csv,session_13,734,46976,47104,46976,47104,93.952,94.208,clench,1,128,1.0,False,False,14.706575241788498,18.745012483395143,1867.0493956701039,38.0,25.0,80.02114229047812,82.03125,74.21875,242.08517886300785
session_13.csv,session_13,735,47040,47168,47040,47168,94.08,94.336,clench,1,128,1.0,False,False,15.798685003405504,18.821950065785433,2050.455272080862,42.0,33.0,80.34130909642319,78.125,85.9375,292.5137770159312
session_13.csv,session_13,736,47104,47232,47104,47232,94.208,94.464,clench,1,128,1.0,False,False,16.35476259639662,19.85629687376402,2106.2426478297098,43.0,27.0,83.92997693878557,85.9375,89.84375,340.0451227709081
session_13.csv,session_13,737,47168,47296,47168,47296,94.336,94.592,clench,1,128,1.0,False,False,15.403508254272477,19.43757690507593,1963.2533036658797,42.0,27.0,79.36123859204919,78.125,78.125,293.63602403332584
session_13.csv,session_13,738,47232,47360,47232,47360,94.464,94.72,clench,1,128,1.0,False,False,15.163502469254151,18.854613582479445,2064.016448120392,45.0,32.0,87.10063597901004,85.9375,85.9375,362.9114295596541
session_13.csv,session_13,739,47296,47424,47296,47424,94.592,94.848,clench,1,128,1.0,False,False,19.70296722570884,24.630228785620297,2671.371223717772,46.0,34.0,87.29907122742257,89.84375,89.84375,435.72577153568795
session_13.csv,session_13,740,47360,47488,47360,47488,94.72,94.976,clench,1,128,1.0,False,False,18.78262662872105,24.53530261810728,2562.931362036208,46.0,36.0,85.43222354238152,85.9375,89.84375,891.0196061029603
session_13.csv,session_13,741,47424,47552,47424,47552,94.848,95.104,clench,1,128,1.0,False,False,16.478586447169825,21.243910686879726,2159.856500091953,42.0,31.0,76.6001882011926,74.21875,66.40625,168.5416767183559
session_13.csv,session_13,742,47488,47616,47488,47616,94.976,95.232,clench,1,128,1.0,False,False,19.06718269134535,23.734714498248522,2392.6274523397037,39.0,26.0,79.82012036118913,74.21875,70.3125,385.8357522348138
session_13.csv,session_13,743,47552,47680,47552,47680,95.104,95.36,clench,1,128,1.0,False,False,18.15859202485464,22.126357505180653,2292.891497741937,41.0,31.0,83.04267020877276,82.03125,82.03125,589.4662584755793
session_13.csv,session_13,744,47616,47744,47616,47744,95.232,95.488,clench,1,128,1.0,False,False,17.373990252005466,21.019504000866537,2154.5119723661865,41.0,33.0,81.20441284710107,78.125,74.21875,442.7490462980387
session_13.csv,session_13,745,47680,47808,47680,47808,95.36,95.616,clench,1,128,1.0,False,False,18.624817066470843,23.701434940309852,2413.935109330236,42.0,33.0,79.67760007675943,78.125,85.9375,313.8233206661291
session_13.csv,session_13,746,47744,47872,47744,47872,95.488,95.744,clench,1,128,1.0,False,False,19.315069804569404,23.831598374483757,2480.5205049445285,43.0,30.0,81.15198497722292,78.125,78.125,811.5901500461761
session_13.csv,session_13,747,47808,47936,47808,47936,95.616,95.872,clench,1,128,1.0,False,False,23.307228738224318,28.5114419598317,2844.958896712887,40.0,31.0,80.99031700634367,82.03125,82.03125,473.7204090773702
session_13.csv,session_13,748,47872,48000,47872,48000,95.744,96.0,clench,1,128,1.0,False,False,23.39262766669532,28.96190078543527,2879.8844608917993,41.0,30.0,78.54929574973404,78.125,82.03125,788.3549545216542
session_13.csv,session_13,749,47936,48064,47936,48064,95.872,96.128,clench,1,128,1.0,False,False,24.29542578977335,29.679651220037165,3057.9103187309784,43.0,31.0,78.62796778872953,74.21875,74.21875,1310.4478549127368
session_13.csv,session_13,750,48000,48128,48000,48128,96.0,96.256,clench,1,128,1.0,False,False,25.904240586680636,32.22593976957534,3262.1086826997443,43.0,30.0,80.82210198784358,82.03125,70.3125,403.6696634104267
session_13.csv,session_13,751,48064,48192,48064,48192,96.128,96.384,clench,1,128,1.0,False,False,23.79844872261236,29.64386177794221,2932.277611233793,39.0,26.0,81.04287336694289,78.125,78.125,932.2143545091021
session_13.csv,session_13,752,48128,48256,48128,48256,96.256,96.512,clench,1,128,1.0,False,False,22.386651705190047,27.223714830609822,2762.101013472306,40.0,29.0,77.86494664484347,74.21875,70.3125,668.1877610062459
session_13.csv,session_13,753,48192,48320,48192,48320,96.384,96.64,clench,1,128,1.0,False,False,21.766951750188376,26.412849474128095,2871.8708776815756,42.0,36.0,84.02831729123754,85.9375,85.9375,512.1507947097019
session_13.csv,session_13,754,48256,48384,48256,48384,96.512,96.768,clench,1,128,1.0,False,False,28.758294038912336,34.537028678323885,3830.674378121847,45.0,38.0,84.46259191744753,85.9375,85.9375,1094.8319567663239
session_13.csv,session_13,755,48320,48448,48320,48448,96.64,96.896,clench,1,128,1.0,False,False,20.581879674811063,29.28891351792036,2717.1951372252934,40.0,30.0,86.68299789182296,85.9375,85.9375,703.713638922963
session_13.csv,session_13,756,48384,48512,48384,48512,96.768,97.024,clench,1,106,0.828125,True,True,6.209885910482505,7.935867730084004,802.6131089190178,37.0,19.0,76.8675919041423,74.21875,74.21875,23.73415621909739
session_13.csv,session_13,757,48448,48576,48448,48576,96.896,97.152,relax,0,42,0.328125,True,True,7.084878952997002,8.663741413385576,870.7749958556197,37.0,19.0,76.99136202609361,74.21875,74.21875,64.03956273438192
session_13.csv,session_13,758,48512,48640,48512,48640,97.024,97.28,relax,0,0,0.0,False,True,6.154375004697978,7.704511139016481,761.5610253728904,37.0,17.0,78.87716792752266,78.125,78.125,52.70599653053895
session_13.csv,session_13,759,48576,48704,48576,48704,97.152,97.408,relax,0,0,0.0,False,False,3.625919652677694,4.491659900413564,475.4602443975692,36.0,9.0,79.03217043991542,74.21875,74.21875,12.084137088723967
session_13.csv,session_13,760,48640,48768,48640,48768,97.28,97.536,relax,0,0,0.0,False,False,3.74941073450493,4.565665798084094,483.7188749899108,36.0,7.0,80.82788404719562,78.125,78.125,20.815817953357406
session_13.csv,session_13,761,48704,48832,48704,48832,97.408,97.664,relax,0,0,0.0,False,False,3.4330683393435013,4.290699514774108,442.4062537685811,33.0,5.0,82.21486375668883,78.125,78.125,12.689508340687727
session_13.csv,session_13,762,48768,48896,48768,48896,97.536,97.792,relax,0,0,0.0,False,False,2.999614234937944,3.7063360827711493,384.42645471503204,32.0,3.0,81.65064588967539,78.125,74.21875,11.307193723421001
session_13.csv,session_13,763,48832,48960,48832,48960,97.664,97.92,relax,0,0,0.0,False,False,3.691005625363874,4.679236450760931,451.2371579479758,30.0,2.0,78.24972801042625,78.125,74.21875,34.39996754953907
session_13.csv,session_13,764,48896,49024,48896,49024,97.792,98.048,relax,0,0,0.0,False,False,3.083297320052874,4.232473831365311,392.6513482828153,25.0,0.0,79.9817785398893,78.125,82.03125,12.889195016878727
session_13.csv,session_13,765,48960,49088,48960,49088,97.92,98.176,relax,0,0,0.0,False,False,2.469389760096383,3.1154306369465377,323.75595073075056,24.0,0.0,85.74683704676362,89.84375,93.75,4.816784339419905
session_13.csv,session_13,766,49024,49152,49024,49152,98.048,98.304,relax,0,0,0.0,False,False,3.6271365837099845,4.735137850869693,465.97972228603487,30.0,5.0,77.29111280800842,74.21875,74.21875,17.143920855800758
session_13.csv,session_13,767,49088,49216,49088,49216,98.176,98.432,relax,0,0,0.0,False,False,9.848537836923766,15.41098148583442,1327.472447851404,41.0,22.0,83.55005965524612,78.125,93.75,120.68737858432546
session_13.csv,session_13,768,49152,49280,49152,49280,98.304,98.56,relax,0,23,0.1796875,True,True,23.754597358614667,31.880210000758193,3208.55380677046,44.0,32.0,83.77036532783815,82.03125,93.75,617.011606743935
session_13.csv,session_13,769,49216,49344,49216,49344,98.432,98.688,clench,1,87,0.6796875,True,True,24.22427889342542,31.36554516647958,3302.845563160953,45.0,34.0,86.82109222034428,85.9375,82.03125,1025.580054623762
session_13.csv,session_13,770,49280,49408,49280,49408,98.56,98.816,clench,1,128,1.0,False,True,15.167110616791234,19.269655190712857,2026.9913652574905,45.0,35.0,82.11593728952592,82.03125,82.03125,197.9715483765425
session_13.csv,session_13,771,49344,49472,49344,49472,98.688,98.944,clench,1,128,1.0,False,False,13.56464595232849,17.530535778727682,1783.128377514542,43.0,30.0,81.12827734913843,78.125,74.21875,389.1652782631121
session_13.csv,session_13,772,49408,49536,49408,49536,98.816,99.072,clench,1,128,1.0,False,False,12.661325929300183,15.048489300934348,1712.7010476208277,44.0,36.0,79.32128395707943,78.125,70.3125,90.5333540267991
session_13.csv,session_13,773,49472,49600,49472,49600,98.944,99.2,clench,1,128,1.0,False,False,13.492857804366274,15.838127380606805,1804.827043416296,45.0,36.0,80.31107026791278,78.125,78.125,256.2823743570036
session_13.csv,session_13,774,49536,49664,49536,49664,99.072,99.328,clench,1,128,1.0,False,False,12.767501813786222,15.592556897528873,1633.579724756193,41.0,25.0,83.35663199663284,82.03125,82.03125,141.8945494755736
session_13.csv,session_13,775,49600,49728,49600,49728,99.2,99.456,clench,1,128,1.0,False,False,8.834030444948853,11.226127712931067,1133.0068925995945,43.0,17.0,80.6978550945279,78.125,78.125,145.49611321527718
session_13.csv,session_13,776,49664,49792,49664,49792,99.328,99.584,clench,1,110,0.859375,True,True,6.64729367018393,8.00475435823818,884.598088269684,45.0,19.0,84.23838262934645,85.9375,85.9375,43.932176896415015
session_13.csv,session_13,777,49728,49856,49728,49856,99.456,99.712,relax,0,46,0.359375,True,True,5.539442156594036,6.872521113261293,753.5248269186227,42.0,19.0,82.43402225235354,82.03125,89.84375,35.774462175118465
session_13.csv,session_13,778,49792,49920,49792,49920,99.584,99.84,relax,0,0,0.0,False,True,4.160427419182144,5.197198320961863,543.0818575398108,35.0,11.0,81.03920312746301,82.03125,82.03125,25.815506350258115
session_13.csv,session_13,779,49856,49984,49856,49984,99.712,99.968,relax,0,0,0.0,False,False,3.632145080773684,4.567736070285062,472.98972085717935,33.0,6.0,76.11395875375919,78.125,78.125,8.338713169783132
session_13.csv,session_13,780,49920,50048,49920,50048,99.84,100.096,relax,0,0,0.0,False,False,3.183228030836677,3.7807505407199287,418.09036139587863,36.0,3.0,83.90588486649614,85.9375,78.125,15.195988551231977
session_13.csv,session_13,781,49984,50112,49984,50112,99.968,100.224,relax,0,0,0.0,False,False,3.5277998112206683,4.312599798951307,444.76476130063384,35.0,6.0,78.3318580764402,74.21875,74.21875,18.23466239295138
session_13.csv,session_13,782,50048,50176,50048,50176,100.096,100.352,relax,0,0,0.0,False,False,3.5846400874927813,4.459534546560506,456.9575860644138,32.0,9.0,80.55234748384342,78.125,74.21875,12.40124558102091
session_13.csv,session_13,783,50112,50240,50112,50240,100.224,100.48,relax,0,0,0.0,False,False,3.285712523104576,3.915107385966695,423.94749668852955,35.0,5.0,84.38432888426213,89.84375,93.75,15.378730375363556
session_13.csv,session_13,784,50176,50304,50176,50304,100.352,100.608,relax,0,0,0.0,False,False,2.8120743119005995,3.345906229851709,362.71011534685647,32.0,2.0,80.02506438851943,82.03125,82.03125,11.213115214090768
session_13.csv,session_13,785,50240,50368,50240,50368,100.48,100.736,relax,0,0,0.0,False,False,2.7268971411773535,3.3305896004003124,342.54912752345524,28.0,2.0,81.13868980103643,82.03125,82.03125,7.072812717104467
session_13.csv,session_13,786,50304,50432,50304,50432,100.608,100.864,relax,0,0,0.0,False,False,2.8714651195947694,3.4594450981246267,368.2617374801596,31.0,2.0,75.78813050185809,74.21875,70.3125,13.769599422509254
session_13.csv,session_13,787,50368,50496,50368,50496,100.736,100.992,relax,0,0,0.0,False,False,2.0782032956029566,2.6089327415718064,274.278271660502,23.0,1.0,82.61230586630738,78.125,74.21875,5.652524476767182
session_13.csv,session_13,788,50432,50560,50432,50560,100.864,101.12,relax,0,0,0.0,False,False,2.2249958975842805,2.897989124569677,290.0664715450049,24.0,0.0,80.93003441470975,82.03125,78.125,4.879286166385618
session_13.csv,session_13,789,50496,50624,50496,50624,100.992,101.248,relax,0,0,0.0,False,False,2.5922993389863933,3.2896298202152368,336.7527718947998,27.0,2.0,83.1344243378735,82.03125,82.03125,8.289055096713032
session_13.csv,session_13,790,50560,50688,50560,50688,101.12,101.376,relax,0,0,0.0,False,False,2.415937602624896,3.15857539782001,323.2708756425891,23.0,4.0,79.1422367429423,74.21875,74.21875,10.242456894888342
session_13.csv,session_13,791,50624,50752,50624,50752,101.248,101.504,relax,0,0,0.0,False,False,2.809018479359052,3.4815454557659686,361.24658519726415,28.0,4.0,78.85862897407539,78.125,78.125,10.173580485209063
session_13.csv,session_13,792,50688,50816,50688,50816,101.376,101.632,relax,0,0,0.0,False,False,2.943736800982852,3.6605473559722514,375.23859716779145,29.0,6.0,80.04929092367043,74.21875,74.21875,5.578984161912925
session_13.csv,session_13,793,50752,50880,50752,50880,101.504,101.76,relax,0,0,0.0,False,False,2.9086480826418732,3.8727574235091877,396.99663242633653,28.0,8.0,84.69914115152815,82.03125,93.75,11.450581703747874
session_13.csv,session_13,794,50816,50944,50816,50944,101.632,101.888,relax,0,0,0.0,False,False,2.8203969032753156,3.6067807570513293,362.9184883342141,26.0,4.0,81.88094521451856,78.125,74.21875,14.695260668237845
session_13.csv,session_13,795,50880,51008,50880,51008,101.76,102.016,relax,0,0,0.0,False,False,2.6050100146851154,3.122651092539199,310.92160370158,24.0,0.0,76.43631033469866,74.21875,74.21875,5.909551800684005
session_13.csv,session_13,796,50944,51072,50944,51072,101.888,102.144,relax,0,0,0.0,False,False,2.5596164040036653,3.159741476405943,313.06983516893445,24.0,1.0,78.82002867018052,78.125,74.21875,9.058717701881122
session_13.csv,session_13,797,51008,51136,51008,51136,102.016,102.272,relax,0,0,0.0,False,False,2.3618890659178104,2.950333626447178,299.4470230569757,23.0,1.0,78.72930868857983,78.125,74.21875,11.539370772325185
session_13.csv,session_13,798,51072,51200,51072,51200,102.144,102.4,relax,0,0,0.0,False,False,2.2184562982638516,2.6684533383431237,269.5678151995925,19.0,0.0,79.52736333123705,74.21875,74.21875,5.453672486028569
session_13.csv,session_13,799,51136,51264,51136,51264,102.272,102.528,relax,0,0,0.0,False,False,2.5472287075525717,2.953203371880197,298.972379470449,25.0,0.0,73.74548685654652,70.3125,70.3125,6.526274607352141
session_13.csv,session_13,800,51200,51328,51200,51328,102.4,102.656,relax,0,0,0.0,False,True,5.2651441041548726,8.07203741192656,665.0215164356953,33.0,4.0,79.0680234916933,78.125,74.21875,14.792056847252526
session_13.csv,session_13,801,51264,51392,51264,51392,102.528,102.784,relax,0,62,0.484375,True,True,12.155246080368373,16.311397484180407,1617.499021951975,39.0,21.0,81.57356778959694,82.03125,82.03125,307.9680050890764
session_13.csv,session_13,802,51328,51456,51328,51456,102.656,102.912,clench,1,126,0.984375,True,True,17.858570069206664,23.28861298238867,2330.116831676935,43.0,32.0,81.2658266082853,82.03125,82.03125,170.11083301075053
session_13.csv,session_13,803,51392,51520,51392,51520,102.784,103.04,clench,1,128,1.0,False,False,22.255864451703346,28.493105921010322,2810.5343166526545,42.0,34.0,80.50377155436749,78.125,74.21875,1108.268679639144
session_13.csv,session_13,804,51456,51584,51456,51584,102.912,103.168,clench,1,128,1.0,False,False,24.55196706079154,29.775356085829,3110.4881398577627,42.0,31.0,83.54058992296572,82.03125,78.125,688.0179913950761
session_13.csv,session_13,805,51520,51648,51520,51648,103.04,103.296,clench,1,128,1.0,False,False,21.566538608619474,26.2170490053773,2743.1581969924373,42.0,30.0,80.40876966153829,82.03125,82.03125,529.4389171265118
session_13.csv,session_13,806,51584,51712,51584,51712,103.168,103.424,clench,1,128,1.0,False,False,21.682188087304247,27.59669425215904,2888.6481883892893,45.0,36.0,85.15239767517754,85.9375,85.9375,800.5923133860017
session_13.csv,session_13,807,51648,51776,51648,51776,103.296,103.552,clench,1,128,1.0,False,False,20.819331191554156,26.902384241953655,2820.752450650876,46.0,36.0,85.24803643865361,82.03125,82.03125,460.02749115713306
session_13.csv,session_13,808,51712,51840,51712,51840,103.424,103.68,clench,1,128,1.0,False,False,17.87086104610964,22.21335961882533,2337.202791199881,45.0,34.0,81.45073525578314,82.03125,70.3125,436.4392644517663
session_13.csv,session_13,809,51776,51904,51776,51904,103.552,103.808,clench,1,128,1.0,False,False,15.226416814068834,19.64643959115627,1971.5233284405508,43.0,30.0,76.46494613602478,74.21875,74.21875,172.80457737520155
session_13.csv,session_13,810,51840,51968,51840,51968,103.68,103.936,clench,1,128,1.0,False,False,10.265607165542253,14.163850996197516,1350.528436046301,41.0,21.0,83.11075405248599,85.9375,89.84375,312.34960826807514
session_13.csv,session_13,811,51904,52032,51904,52032,103.808,104.064,clench,1,128,1.0,False,True,7.289056005258032,10.257721249000948,943.0479769450134,38.0,15.0,83.13124541315,78.125,78.125,29.01240595757882
session_13.csv,session_13,812,51968,52096,51968,52096,103.936,104.192,clench,1,71,0.5546875,True,True,6.189040170511056,7.899406256659653,758.4122684486706,36.0,10.0,79.31619391984643,78.125,74.21875,107.13925411082354
session_13.csv,session_13,813,52032,52160,52032,52160,104.064,104.32,relax,0,7,0.0546875,True,True,5.213956959855953,6.480731181516653,657.2783669765172,37.0,10.0,81.41759435559487,82.03125,82.03125,20.055498383104986
session_13.csv,session_13,814,52096,52224,52096,52224,104.192,104.448,relax,0,0,0.0,False,False,3.8542242359466865,4.880043128179902,500.01596005229817,33.0,9.0,77.7774979678379,74.21875,74.21875,29.98745149891698
session_13.csv,session_13,815,52160,52288,52160,52288,104.32,104.576,relax,0,0,0.0,False,False,2.6459519283334503,3.5079646571983254,328.7912224542414,23.0,4.0,80.5201936751998,78.125,74.21875,4.14410331702098
session_13.csv,session_13,816,52224,52352,52224,52352,104.448,104.704,relax,0,0,0.0,False,False,2.3424601370623463,2.8884119625480915,300.25715272321133,23.0,1.0,83.43289696413389,78.125,74.21875,10.302471508840624
session_13.csv,session_13,817,52288,52416,52288,52416,104.576,104.832,relax,0,0,0.0,False,False,2.6539632786021574,3.313039080986161,334.06729076407544,27.0,2.0,76.33109978972043,74.21875,74.21875,4.729845545086149
session_13.csv,session_13,818,52352,52480,52352,52480,104.704,104.96,relax,0,0,0.0,False,False,2.277670645514342,3.028459632771213,294.20248861440575,22.0,2.0,85.38323751288011,85.9375,85.9375,10.861313021475096
session_13.csv,session_13,819,52416,52544,52416,52544,104.832,105.088,relax,0,0,0.0,False,False,2.4128940987977963,3.0224603929663556,287.876930867257,23.0,0.0,75.33689983934184,74.21875,74.21875,13.884606696429437
session_13.csv,session_13,820,52480,52608,52480,52608,104.96,105.216,relax,0,0,0.0,False,True,4.785218451312019,7.332004988217792,573.2947045013221,31.0,7.0,77.52853672178811,74.21875,74.21875,12.931345369067802
session_13.csv,session_13,821,52544,52672,52544,52672,105.088,105.344,relax,0,48,0.375,True,True,11.664914184542699,17.19033315068992,1552.0054477133622,41.0,24.0,83.19260069398021,85.9375,89.84375,186.5241556044553
session_13.csv,session_13,822,52608,52736,52608,52736,105.216,105.472,clench,1,112,0.875,True,True,20.19745394205628,26.436288232668865,2660.2574757070847,45.0,37.0,82.794495808716,82.03125,78.125,1265.4675171502863
session_13.csv,session_13,823,52672,52800,52672,52800,105.344,105.6,clench,1,128,1.0,False,False,18.129352170623445,23.95132187893524,2416.3841041419646,47.0,36.0,83.91923837835206,85.9375,93.75,266.2453486234749
session_13.csv,session_13,824,52736,52864,52736,52864,105.472,105.728,clench,1,128,1.0,False,False,15.534990260603244,19.18831801420737,2162.6443608148875,50.0,37.0,86.31365756486953,89.84375,97.65625,266.68931885653654
session_13.csv,session_13,825,52800,52928,52800,52928,105.6,105.856,clench,1,128,1.0,False,False,18.22041261293015,22.283239458173927,2399.244746128431,46.0,39.0,81.16245406352022,85.9375,85.9375,496.1759747517908
session_13.csv,session_13,826,52864,52992,52864,52992,105.728,105.984,clench,1,128,1.0,False,False,16.723746993526035,20.48332821222104,2118.182438475626,43.0,33.0,77.82351301141172,74.21875,74.21875,262.56500367576416
session_13.csv,session_13,827,52928,53056,52928,53056,105.856,106.112,clench,1,128,1.0,False,False,15.75470878444765,19.054471146015775,1985.6767990545109,41.0,32.0,82.90485885809852,85.9375,89.84375,458.44662366440053
session_13.csv,session_13,828,52992,53120,52992,53120,105.984,106.24,clench,1,128,1.0,False,False,16.187892117085088,19.773148288381474,2091.4357902385414,44.0,35.0,85.05804181094867,85.9375,85.9375,326.7867289813279
session_13.csv,session_13,829,53056,53184,53056,53184,106.112,106.368,clench,1,128,1.0,False,False,15.929184253637182,19.14494260704864,2053.8624055463256,45.0,37.0,80.0821964641597,78.125,78.125,487.90222575744787
session_13.csv,session_13,830,53120,53248,53120,53248,106.24,106.496,clench,1,128,1.0,False,False,13.328677605081168,16.312270739621468,1722.6259110482338,45.0,34.0,79.19023947920529,74.21875,70.3125,167.29997314652113
session_13.csv,session_13,831,53184,53312,53184,53312,106.368,106.624,clench,1,128,1.0,False,False,9.081355795742994,11.566310271181347,1232.7280444164517,46.0,27.0,84.2600086955133,82.03125,78.125,124.9433551464352
session_13.csv,session_13,832,53248,53376,53248,53376,106.496,106.752,clench,1,128,1.0,False,True,7.118129717726307,8.769211673422827,976.9267712369285,44.0,22.0,86.15341620392986,89.84375,89.84375,42.99139160853914
session_13.csv,session_13,833,53312,53440,53312,53440,106.624,106.88,clench,1,83,0.6484375,True,True,5.420901784226969,7.057229427686405,720.15314769278,36.0,15.0,84.19961979092614,82.03125,97.65625,51.685220201971184
session_13.csv,session_13,834,53376,53504,53376,53504,106.752,107.008,relax,0,19,0.1484375,True,True,3.5617954455114713,4.450984274772521,459.5988784288892,35.0,6.0,84.0577199286033,85.9375,85.9375,16.737695266706147
session_13.csv,session_13,835,53440,53568,53440,53568,106.88,107.136,relax,0,0,0.0,False,False,3.0276954694904425,3.875199223499035,407.1190122310386,30.0,4.0,82.34938930537064,82.03125,82.03125,12.87967936835786
session_13.csv,session_13,836,53504,53632,53504,53632,107.008,107.264,relax,0,0,0.0,False,False,2.5468414935044406,3.315280589369455,342.1320074190754,22.0,4.0,86.10493065018318,93.75,93.75,5.463524691223976
session_13.csv,session_13,837,53568,53696,53568,53696,107.136,107.392,relax,0,0,0.0,False,False,2.6769474055980416,3.39093346210173,352.967075024835,27.0,3.0,79.84594390753442,74.21875,74.21875,5.732260000316908
session_13.csv,session_13,838,53632,53760,53632,53760,107.264,107.52,relax,0,0,0.0,False,False,2.3940645983453486,3.08383958523557,303.27801388117973,23.0,1.0,76.51308596015012,74.21875,74.21875,10.791760284559873
session_13.csv,session_13,839,53696,53824,53696,53824,107.392,107.648,relax,0,0,0.0,False,False,1.9582704742911181,2.5572877848104256,243.63078907841532,16.0,2.0,81.47117662568193,82.03125,66.40625,2.553852787322934
session_13.csv,session_13,840,53760,53888,53760,53888,107.52,107.776,relax,0,0,0.0,False,False,1.6607732692591801,2.2624254215013617,206.8063479042264,12.0,2.0,77.05121881277495,78.125,66.40625,5.816273524044997
session_13.csv,session_13,841,53824,53952,53824,53952,107.648,107.904,relax,0,0,0.0,False,False,2.303530363882019,2.932788697504667,288.7741660106342,21.0,2.0,83.37982441983176,82.03125,93.75,6.380156793154681
session_13.csv,session_13,842,53888,54016,53888,54016,107.776,108.032,relax,0,0,0.0,False,True,5.608725416871761,7.753191884627429,723.4607704247339,37.0,13.0,76.68125311751977,74.21875,74.21875,20.555995733299206
session_13.csv,session_13,843,53952,54080,53952,54080,107.904,108.16,relax,0,43,0.3359375,True,True,16.347524021493822,22.30052769230413,2095.3506757455916,41.0,28.0,81.1358305107848,82.03125,74.21875,440.0022200266729
session_13.csv,session_13,844,54016,54144,54016,54144,108.032,108.288,clench,1,107,0.8359375,True,True,20.02958346785006,24.869970195309577,2594.877653817319,43.0,34.0,82.53737750077607,85.9375,89.84375,595.6014567746387
session_13.csv,session_13,845,54080,54208,54080,54208,108.16,108.416,clench,1,128,1.0,False,False,18.005744044001936,22.552954309380905,2370.207910233299,45.0,36.0,82.90637968513235,78.125,89.84375,330.37060927293084
session_13.csv,session_13,846,54144,54272,54144,54272,108.288,108.544,clench,1,128,1.0,False,False,16.25641176777114,21.126415752478067,2144.356710891359,46.0,35.0,78.0876604454351,74.21875,74.21875,327.59869459089225
session_13.csv,session_13,847,54208,54336,54208,54336,108.416,108.672,clench,1,128,1.0,False,False,14.84357314641419,19.290570305969347,1992.4203514948422,46.0,33.0,81.65039255408688,85.9375,89.84375,245.8322421788181
session_13.csv,session_13,848,54272,54400,54272,54400,108.544,108.8,clench,1,128,1.0,False,False,19.731659618536245,24.05911567374986,2583.922070155417,43.0,36.0,85.323719169374,85.9375,85.9375,708.5727648454385
session_13.csv,session_13,849,54336,54464,54336,54464,108.672,108.928,clench,1,128,1.0,False,False,20.700216038147484,25.005257238571538,2628.3353301794173,41.0,31.0,82.07972881263285,82.03125,82.03125,526.1509728834955
session_13.csv,session_13,850,54400,54528,54400,54528,108.8,109.056,clench,1,128,1.0,False,False,25.5048213085513,31.660057820834947,3138.637590483525,41.0,33.0,77.63971442411697,74.21875,74.21875,1314.153998759249
session_13.csv,session_13,851,54464,54592,54464,54592,108.928,109.184,clench,1,128,1.0,False,False,28.82319511292824,36.22491888987896,3523.7241340402743,40.0,36.0,81.6960272394357,82.03125,85.9375,1243.0816172652637
session_13.csv,session_13,852,54528,54656,54528,54656,109.056,109.312,clench,1,128,1.0,False,False,29.434948415045024,37.769330932011876,3653.0827706302043,41.0,34.0,75.2009495131405,74.21875,70.3125,850.6593563145195
session_13.csv,session_13,853,54592,54720,54592,54720,109.184,109.44,clench,1,128,1.0,False,False,26.845615240319677,33.35168450139277,3380.480108229369,41.0,38.0,85.77198163312175,85.9375,85.9375,1583.851229547698
session_13.csv,session_13,854,54656,54784,54656,54784,109.312,109.568,clench,1,128,1.0,False,False,18.372421795423357,22.390329893660518,2350.061178603978,41.0,33.0,81.2100478253398,82.03125,82.03125,554.499587090318
session_13.csv,session_13,855,54720,54848,54720,54848,109.44,109.696,clench,1,128,1.0,False,False,18.84225961940821,23.426861466915522,2337.4118711126093,40.0,25.0,77.95261496535939,78.125,74.21875,340.8097866828637
session_13.csv,session_13,856,54784,54912,54784,54912,109.568,109.824,clench,1,128,1.0,False,False,20.372203871996987,25.913278233832326,2578.8014418005314,43.0,25.0,81.4645526159656,82.03125,78.125,639.5264853731464
session_13.csv,session_13,857,54848,54976,54848,54976,109.696,109.952,clench,1,128,1.0,False,False,17.840230419055118,23.888189933657518,2308.5593437410453,43.0,29.0,83.51618574342993,82.03125,78.125,882.5958659254949
session_13.csv,session_13,858,54912,55040,54912,55040,109.824,110.08,clench,1,128,1.0,False,False,12.498574800219686,17.255462870797064,1590.2057646423716,42.0,26.0,81.69935740884611,82.03125,70.3125,137.3585037243989
session_13.csv,session_13,859,54976,55104,54976,55104,109.952,110.208,clench,1,128,1.0,False,False,6.115745958477503,8.009654034620407,813.6360900845469,44.0,17.0,87.87479887331097,85.9375,85.9375,38.50239387362155
session_13.csv,session_13,860,55040,55168,55040,55168,110.08,110.336,clench,1,128,1.0,False,False,7.971006175885808,11.260829276902308,1021.3371109458001,41.0,16.0,81.44333114322204,82.03125,78.125,123.96878444622509
session_13.csv,session_13,861,55104,55232,55104,55232,110.208,110.464,clench,1,128,1.0,False,False,8.738045135699565,11.73278120083889,1090.0544116183419,38.0,19.0,82.19730145238562,82.03125,85.9375,127.00531518747322
session_13.csv,session_13,862,55168,55296,55168,55296,110.336,110.592,clench,1,128,1.0,False,False,6.425114392175657,7.826938291775736,826.1463769186615,40.0,17.0,80.14579636313016,82.03125,85.9375,73.16188243983437
session_13.csv,session_13,863,55232,55360,55232,55360,110.464,110.72,clench,1,115,0.8984375,True,True,6.533296028298184,8.049777801180332,809.7127713424283,41.0,13.0,76.02507632590182,74.21875,70.3125,79.41092632913696
session_13.csv,session_13,864,55296,55424,55296,55424,110.592,110.848,relax,0,51,0.3984375,True,True,4.835471565339294,6.235302100188472,589.8270125540597,40.0,8.0,78.74833083106881,78.125,74.21875,18.743888854779538
session_13.csv,session_13,865,55360,55488,55360,55488,110.72,110.976,relax,0,0,0.0,False,True,2.8865728263330475,3.6080697622825633,386.68360652463,34.0,4.0,84.53273157132598,89.84375,89.84375,12.385050940080593
session_13.csv,session_13,866,55424,55552,55424,55552,110.848,111.104,relax,0,0,0.0,False,False,2.3747571938497325,2.9740191555602338,325.7970939037481,31.0,1.0,84.2333886547939,89.84375,93.75,4.629306892967025
session_13.csv,session_13,867,55488,55616,55488,55616,110.976,111.232,relax,0,0,0.0,False,False,2.3692769516330685,2.907383031051225,329.0701502627047,32.0,1.0,84.37887973340708,85.9375,85.9375,5.073628543318761
session_13.csv,session_13,868,55552,55680,55552,55680,111.104,111.36,relax,0,0,0.0,False,False,3.10243599273534,3.860952991229649,425.46877001686494,36.0,1.0,85.27125050678023,85.9375,89.84375,13.608244738806597
session_13.csv,session_13,869,55616,55744,55616,55744,111.232,111.488,relax,0,0,0.0,False,False,3.32357520555583,4.0785101936639805,439.3583205335889,35.0,1.0,79.62953229849107,78.125,70.3125,13.728756592694829
session_13.csv,session_13,870,55680,55808,55680,55808,111.36,111.616,relax,0,0,0.0,False,False,3.097309729895742,3.720220521658776,402.32077656795786,33.0,3.0,80.77855373925944,74.21875,70.3125,9.338219799279184
session_13.csv,session_13,871,55744,55872,55744,55872,111.488,111.744,relax,0,0,0.0,False,False,2.869098693113119,3.522815740437103,366.01881965980783,25.0,4.0,78.34720160971035,74.21875,74.21875,11.324574202067593
session_13.csv,session_13,872,55808,55936,55808,55936,111.616,111.872,relax,0,0,0.0,False,False,2.2094864552712243,2.781484165671361,282.01294487056396,18.0,3.0,77.22198612761139,78.125,70.3125,3.419742737691484
session_13.csv,session_13,873,55872,56000,55872,56000,111.744,112.0,relax,0,0,0.0,False,False,2.92722828137137,3.646010654834918,382.3398401538907,31.0,4.0,81.03868966955062,78.125,78.125,14.077775920428156
session_13.csv,session_13,874,55936,56064,55936,56064,111.872,112.128,relax,0,0,0.0,False,False,3.3834013614574436,4.167365240324014,418.3426574309742,31.0,2.0,78.24709365219715,74.21875,74.21875,8.206975699718942
session_13.csv,session_13,875,56000,56128,56000,56128,112.0,112.256,relax,0,0,0.0,False,False,3.0535014303274792,3.800203719544282,365.3753825017767,28.0,2.0,74.56498789482588,74.21875,74.21875,18.273635381645484
session_13.csv,session_13,876,56064,56192,56064,56192,112.128,112.384,relax,0,0,0.0,False,True,11.329916677877232,18.83235457470995,1475.0157169337767,37.0,16.0,85.14020742237675,85.9375,82.03125,99.92748983942873
session_13.csv,session_13,877,56128,56256,56128,56256,112.256,112.512,relax,0,54,0.421875,True,True,22.69057976043657,29.19597438215505,3058.403057137227,44.0,31.0,87.68876269586731,85.9375,85.9375,1111.7071913969314
session_13.csv,session_13,878,56192,56320,56192,56320,112.384,112.64,clench,1,118,0.921875,True,True,24.015651889765433,29.94703511462653,3248.7788014902053,45.0,32.0,83.83538319605107,85.9375,85.9375,741.0985394509881
session_13.csv,session_13,879,56256,56384,56256,56384,112.512,112.768,clench,1,128,1.0,False,False,22.74377785310518,28.047407273265517,3000.681324085909,44.0,34.0,82.84516874096298,82.03125,85.9375,435.04350911907625
session_13.csv,session_13,880,56320,56448,56320,56448,112.64,112.896,clench,1,128,1.0,False,False,19.32789481949876,24.198234364895885,2598.846487553306,48.0,37.0,85.51381520330507,85.9375,85.9375,441.12872272009406
session_13.csv,session_13,881,56384,56512,56384,56512,112.768,113.024,clench,1,128,1.0,False,False,19.67892448240103,24.29974255650548,2644.8267264657807,47.0,38.0,80.81670243422683,82.03125,78.125,572.4563230296018
session_13.csv,session_13,882,56448,56576,56448,56576,112.896,113.152,clench,1,128,1.0,False,False,24.351173408254077,29.045887447113827,3214.812252508899,44.0,38.0,84.37690928413572,85.9375,85.9375,658.9290684940519
session_13.csv,session_13,883,56512,56640,56512,56640,113.024,113.28,clench,1,128,1.0,False,False,21.37175176838071,26.20355086329421,2792.0482355792537,42.0,34.0,78.81676822995263,78.125,74.21875,890.2911888382979
session_13.csv,session_13,884,56576,56704,56576,56704,113.152,113.408,clench,1,128,1.0,False,False,16.471939960727784,21.627358990301104,2056.356762824889,40.0,24.0,86.07514925150365,89.84375,89.84375,322.26229170742
session_13.csv,session_13,885,56640,56768,56640,56768,113.28,113.536,clench,1,128,1.0,False,False,11.758131142389667,16.723038673373512,1456.0702747780379,39.0,18.0,79.31915966029321,78.125,74.21875,222.35273004619106
session_13.csv,session_13,886,56704,56832,56704,56832,113.408,113.664,clench,1,128,1.0,False,False,7.270567329096245,8.941199152919548,874.6608424367136,37.0,12.0,77.58928020208607,74.21875,74.21875,85.5425525459715
session_13.csv,session_13,887,56768,56896,56768,56896,113.536,113.792,clench,1,102,0.796875,True,True,9.565916435272994,12.815200410638145,1176.2340134655165,39.0,15.0,78.11830854410768,78.125,74.21875,196.43436309587432
session_13.csv,session_13,888,56832,56960,56832,56960,113.664,113.92,relax,0,38,0.296875,True,True,7.879714976930682,11.980109063455663,1008.7078121401878,39.0,14.0,84.60002632169548,82.03125,78.125,72.26891527022805
session_13.csv,session_13,889,56896,57024,56896,57024,113.792,114.048,relax,0,0,0.0,False,False,2.2327931752272816,2.7912600575158106,301.83601432118815,25.0,2.0,82.30475855960636,82.03125,74.21875,6.045910110786536
session_13.csv,session_13,890,56960,57088,56960,57088,113.92,114.176,relax,0,0,0.0,False,False,2.1895008138822742,2.8675923280732465,289.3368807206897,23.0,0.0,85.58587350422049,85.9375,93.75,6.697020455078695
session_13.csv,session_13,891,57024,57152,57024,57152,114.048,114.304,relax,0,0,0.0,False,False,2.8005566643421123,3.604025627978663,361.00275971662177,27.0,0.0,75.50936236119624,74.21875,78.125,16.749816572743853
session_13.csv,session_13,892,57088,57216,57088,57216,114.176,114.432,relax,0,0,0.0,False,False,3.8785564350172157,4.88450305548716,488.19203911151146,30.0,4.0,85.83801599363589,85.9375,89.84375,17.16777380497978
session_13.csv,session_13,893,57152,57280,57152,57280,114.304,114.56,relax,0,0,0.0,False,False,4.2483827820823885,5.291483015441688,555.396092856167,35.0,9.0,80.25100575929828,78.125,74.21875,24.20123273970947
session_13.csv,session_13,894,57216,57344,57216,57344,114.432,114.688,relax,0,0,0.0,False,False,3.1159336260341917,4.152979841308675,408.4267200636832,27.0,5.0,86.35634779969322,85.9375,97.65625,16.362171739806517
session_13.csv,session_13,895,57280,57408,57280,57408,114.56,114.816,relax,0,0,0.0,False,False,2.0369105277269703,2.8379919997376817,262.17551092805127,18.0,0.0,81.89883303226992,82.03125,93.75,5.248306341456588
session_13.csv,session_13,896,57344,57472,57344,57472,114.688,114.944,relax,0,0,0.0,False,True,4.921982929002055,8.135912759926365,617.1421455584523,26.0,9.0,80.20696763475325,82.03125,70.3125,20.490827032334
session_13.csv,session_13,897,57408,57536,57408,57536,114.816,115.072,relax,0,44,0.34375,True,True,12.585066340199141,18.081392709404838,1647.6838500570516,41.0,26.0,79.87985140258903,74.21875,74.21875,205.07229384974562
session_13.csv,session_13,898,57472,57600,57472,57600,114.944,115.2,clench,1,108,0.84375,True,True,24.003992275267738,31.445052663667663,3158.434016575856,43.0,36.0,86.77580792049628,85.9375,85.9375,781.7354665597878
session_13.csv,session_13,899,57536,57664,57536,57664,115.072,115.328,clench,1,128,1.0,False,False,26.234969628286922,32.41002220598608,3353.751279831171,41.0,34.0,80.4099814176179,82.03125,74.21875,856.9375720943295
session_13.csv,session_13,900,57600,57728,57600,57728,115.2,115.456,clench,1,128,1.0,False,False,19.046629233992384,23.25677158675307,2473.863227054582,43.0,36.0,83.03690884013636,85.9375,85.9375,436.1242169393964
session_13.csv,session_13,901,57664,57792,57664,57792,115.328,115.584,clench,1,128,1.0,False,False,15.24063114835837,19.840810930404583,2045.8976501340458,45.0,34.0,81.1013459875311,82.03125,66.40625,207.47150965033956
session_13.csv,session_13,902,57728,57856,57728,57856,115.456,115.712,clench,1,128,1.0,False,False,14.020803673536118,17.832121172529714,1705.0819842526391,40.0,27.0,79.38414202854129,74.21875,74.21875,370.0945605873246
session_13.csv,session_13,903,57792,57920,57792,57920,115.584,115.84,clench,1,128,1.0,False,False,17.28535175413856,20.724095712025502,2154.775120937574,40.0,25.0,82.33414453249499,85.9375,89.84375,323.6744079600375
session_13.csv,session_13,904,57856,57984,57856,57984,115.712,115.968,clench,1,128,1.0,False,False,17.924191908599834,21.58919933981806,2396.755226502386,45.0,28.0,79.68197780473021,78.125,74.21875,419.91923772596743
session_13.csv,session_13,905,57920,58048,57920,58048,115.84,116.096,clench,1,128,1.0,False,False,16.02564981506047,19.413254096338132,2197.9301583778442,47.0,37.0,85.38770094011875,89.84375,89.84375,283.13674632794215
session_13.csv,session_13,906,57984,58112,57984,58112,115.968,116.224,clench,1,128,1.0,False,False,13.140544323072117,16.704477780117234,1715.5682331496096,41.0,30.0,85.25626483107982,85.9375,85.9375,176.6825160788906
session_13.csv,session_13,907,58048,58176,58048,58176,116.096,116.352,clench,1,128,1.0,False,False,8.4545707122008,10.81602076629662,1095.9301424980226,40.0,23.0,83.69103559261171,85.9375,85.9375,152.5797259688488
session_13.csv,session_13,908,58112,58240,58112,58240,116.224,116.48,clench,1,128,1.0,False,False,6.090216911718385,8.148182381038511,794.1653152312042,37.0,17.0,86.24050904696084,89.84375,93.75,82.25840219423077
session_13.csv,session_13,909,58176,58304,58176,58304,116.352,116.608,clench,1,128,1.0,False,True,5.101646063097886,7.015592155602712,656.7235463233345,36.0,10.0,83.98732602930119,82.03125,89.84375,8.964821363746923
session_13.csv,session_13,910,58240,58368,58240,58368,116.48,116.736,clench,1,77,0.6015625,True,True,5.545566915054349,6.939902612664449,687.9520281147795,37.0,10.0,78.54730058395346,78.125,78.125,71.76946614507483
session_13.csv,session_13,911,58304,58432,58304,58432,116.608,116.864,relax,0,13,0.1015625,True,True,5.104651204218589,6.461357699552233,620.1764746575898,33.0,9.0,79.40428116418917,78.125,74.21875,24.093605390468085
session_13.csv,session_13,912,58368,58496,58368,58496,116.736,116.992,relax,0,0,0.0,False,False,3.2663465179269906,4.183537582901452,402.60880564788897,26.0,4.0,73.55174655078133,70.3125,70.3125,12.869716546764074
session_13.csv,session_13,913,58432,58560,58432,58560,116.864,117.12,relax,0,0,0.0,False,False,2.991000868954676,3.5924501650005642,372.7050081783316,29.0,4.0,81.24992161701569,78.125,70.3125,15.23819860527497
session_13.csv,session_13,914,58496,58624,58496,58624,116.992,117.248,relax,0,0,0.0,False,False,3.3816714750195436,3.9599598703742265,430.5461464406943,37.0,6.0,80.32217234587549,82.03125,82.03125,13.640336414279995
session_13.csv,session_13,915,58560,58688,58560,58688,117.12,117.376,relax,0,0,0.0,False,False,2.9048241486315245,3.41538113134708,353.89936232817774,32.0,4.0,74.7006800815837,74.21875,74.21875,8.547142969824536
session_13.csv,session_13,916,58624,58752,58624,58752,117.248,117.504,relax,0,0,0.0,False,False,2.2008261312245683,2.7397304153976245,280.3575133172343,24.0,0.0,78.81327679233819,74.21875,74.21875,6.271138740525654
session_13.csv,session_13,917,58688,58816,58688,58816,117.376,117.632,relax,0,0,0.0,False,False,2.5211604872283777,3.138627605482857,315.01862608005536,27.0,1.0,78.06210991155544,78.125,85.9375,11.81032726488524
session_13.csv,session_13,918,58752,58880,58752,58880,117.504,117.76,relax,0,0,0.0,False,False,3.2082660257646483,3.806815221557513,398.896050788333,34.0,3.0,77.75443905362695,74.21875,74.21875,13.509135292544991
session_13.csv,session_13,919,58816,58944,58816,58944,117.632,117.888,relax,0,0,0.0,False,False,5.920395930379506,9.078988178985746,766.2309666794984,34.0,13.0,75.62397320997896,74.21875,78.125,18.866690316531802
session_13.csv,session_13,920,58880,59008,58880,59008,117.76,118.016,relax,0,16,0.125,True,True,14.738419450561683,20.58486225312238,1926.5565793158178,40.0,28.0,80.91253057340273,82.03125,70.3125,293.9387582023376
session_13.csv,session_13,921,58944,59072,58944,59072,117.888,118.144,clench,1,80,0.625,True,True,20.46520683720568,26.199902401234375,2771.4204570977017,44.0,38.0,80.643090104842,78.125,82.03125,601.5911479563227
session_13.csv,session_13,922,59008,59136,59008,59136,118.016,118.272,clench,1,128,1.0,False,True,19.933693527593658,25.48122640131152,2553.4914236311024,39.0,38.0,82.1015076719259,82.03125,82.03125,848.5928716287547
session_13.csv,session_13,923,59072,59200,59072,59200,118.144,118.4,clench,1,128,1.0,False,False,23.79024712561106,29.038874175961443,2922.8987552956933,40.0,32.0,77.03007352279775,78.125,74.21875,649.3421986817806
session_13.csv,session_13,924,59136,59264,59136,59264,118.272,118.528,clench,1,128,1.0,False,False,24.517632028563696,29.202483749577052,3180.980835330493,46.0,37.0,81.86683106383022,82.03125,74.21875,508.4836943251689
session_13.csv,session_13,925,59200,59328,59200,59328,118.4,118.656,clench,1,128,1.0,False,False,25.862540920751716,31.063194660486726,3304.3546305283744,44.0,38.0,74.64277759742465,74.21875,74.21875,836.3704404077507
session_13.csv,session_13,926,59264,59392,59264,59392,118.528,118.784,clench,1,128,1.0,False,False,27.42642094407323,32.09168391467134,3347.0392276202615,39.0,33.0,78.01793822574885,78.125,74.21875,1176.935712023807
session_13.csv,session_13,927,59328,59456,59328,59456,118.656,118.912,clench,1,128,1.0,False,False,17.539315687493744,21.81418051382424,2215.853528448205,39.0,26.0,86.19504663004145,93.75,93.75,379.2796669688339
session_13.csv,session_13,928,59392,59520,59392,59520,118.784,119.04,clench,1,128,1.0,False,False,14.42074308283025,17.812376152289474,1824.237893386607,40.0,26.0,80.38539536268786,82.03125,85.9375,193.96402383925172
session_13.csv,session_13,929,59456,59584,59456,59584,118.912,119.168,clench,1,128,1.0,False,False,20.3888550671572,24.48073151221772,2682.6998268405514,45.0,30.0,83.26818818266295,85.9375,85.9375,791.7145335524852
session_13.csv,session_13,930,59520,59648,59520,59648,119.04,119.296,clench,1,128,1.0,False,False,17.479814389485018,22.18804610483781,2366.013269271234,47.0,30.0,86.78004012795677,89.84375,93.75,304.7183941086894
session_13.csv,session_13,931,59584,59712,59584,59712,119.168,119.424,clench,1,128,1.0,False,False,12.873684957235966,15.467775777577506,1678.0316325672375,44.0,28.0,77.95333188719806,74.21875,70.3125,238.44820015624322
session_13.csv,session_13,932,59648,59776,59648,59776,119.296,119.552,clench,1,128,1.0,False,False,11.438313409352556,13.583923084803946,1404.6896002692715,40.0,24.0,75.76943520266123,74.21875,70.3125,139.1835934784216
session_13.csv,session_13,933,59712,59840,59712,59840,119.424,119.68,clench,1,128,1.0,False,False,10.643065102041884,12.932303090741607,1296.4997585176889,40.0,23.0,75.23649974600728,74.21875,74.21875,168.66867639509283
session_13.csv,session_13,934,59776,59904,59776,59904,119.552,119.808,clench,1,128,1.0,False,False,9.448533867341379,11.93865439907864,1181.4597482414952,39.0,22.0,82.86099234269432,85.9375,93.75,144.98380244178747
session_13.csv,session_13,935,59840,59968,59840,59968,119.68,119.936,clench,1,128,1.0,False,False,5.408876309071615,7.243901573593747,720.9451123693337,42.0,16.0,82.91579753391697,82.03125,74.21875,15.30796395677795
session_13.csv,session_13,936,59904,60032,59904,60032,119.808,120.064,clench,1,108,0.84375,True,True,5.5317123931379095,6.9242023089845866,745.1266178671475,43.0,20.0,80.42309734362702,78.125,74.21875,35.7350982420728
session_13.csv,session_13,937,59968,60096,59968,60096,119.936,120.192,relax,0,44,0.34375,True,True,5.391198196822501,6.77496456724924,698.3952600441271,39.0,14.0,84.30237174482389,85.9375,89.84375,39.29408130492342
session_13.csv,session_13,938,60032,60160,60032,60160,120.064,120.32,relax,0,0,0.0,False,True,3.5041716959870977,4.226718348224788,434.36570539984257,35.0,4.0,78.84882916174028,78.125,74.21875,20.151211606846047
session_13.csv,session_13,939,60096,60224,60096,60224,120.192,120.448,relax,0,0,0.0,False,False,2.8799967642273296,3.5077204696952506,358.01302436530796,29.0,4.0,79.9852869079491,78.125,74.21875,5.707922566358985
session_13.csv,session_13,940,60160,60288,60160,60288,120.32,120.576,relax,0,0,0.0,False,False,3.0587075977227025,3.729670988324996,376.22840365727143,29.0,3.0,77.15578485703435,74.21875,74.21875,13.349046237763323
session_13.csv,session_13,941,60224,60352,60224,60352,120.448,120.704,relax,0,0,0.0,False,False,4.235711337714586,5.1952139262592825,516.5875387300222,34.0,7.0,78.30737656676325,74.21875,70.3125,18.68015837947247
session_13.csv,session_13,942,60288,60416,60288,60416,120.576,120.832,relax,0,0,0.0,False,False,3.8880449596493953,4.91524860060913,470.55260360408477,30.0,8.0,78.32694823195638,74.21875,74.21875,29.411821106037436
session_13.csv,session_13,943,60352,60480,60352,60480,120.704,120.96,relax,0,0,0.0,False,False,2.9461045727912865,3.5337457862061763,369.2014388087414,28.0,4.0,78.32482187272394,74.21875,70.3125,8.605574993094468
session_13.csv,session_13,944,60416,60544,60416,60544,120.832,121.088,relax,0,0,0.0,False,False,2.6876944505222706,3.196064957806508,340.18522374946576,30.0,1.0,81.96976482824073,85.9375,74.21875,8.596368977555453
session_13.csv,session_13,945,60480,60608,60480,60608,120.96,121.216,relax,0,0,0.0,False,False,2.337910625273431,2.8216806223484197,299.67562696183563,27.0,1.0,85.07394972321333,85.9375,85.9375,8.730221288722463
session_13.csv,session_13,946,60544,60672,60544,60672,121.088,121.344,relax,0,0,0.0,False,False,2.073039935315088,2.5728308484436972,259.8219063085784,19.0,0.0,77.1970376117673,74.21875,74.21875,3.4440842090418085
session_13.csv,session_13,947,60608,60736,60608,60736,121.216,121.472,relax,0,0,0.0,False,False,2.014692161867429,2.4393705950861855,244.26508474524746,19.0,0.0,79.4135204841886,78.125,74.21875,5.520203194087942
session_13.csv,session_13,948,60672,60800,60672,60800,121.344,121.6,relax,0,0,0.0,False,False,1.8827882636725315,2.340866666543045,239.69078431600474,20.0,0.0,78.05659972672667,74.21875,74.21875,5.870861223367612
session_13.csv,session_13,949,60736,60864,60736,60864,121.472,121.728,relax,0,0,0.0,False,False,2.357484384847357,3.0132077517655085,301.85830879883633,26.0,0.0,81.74810566305646,82.03125,85.9375,7.5234628035094255
session_13.csv,session_13,950,60800,60928,60800,60928,121.6,121.856,relax,0,0,0.0,False,False,3.0224106391190606,3.6750904114473264,374.8028152362374,30.0,6.0,79.5701077810607,78.125,74.21875,15.297519049139042
session_13.csv,session_13,951,60864,60992,60864,60992,121.728,121.984,relax,0,0,0.0,False,False,2.303394733044744,2.9702921202116572,285.1164833308487,16.0,6.0,76.63875586887134,74.21875,70.3125,7.256074784512821
session_13.csv,session_13,952,60928,61056,60928,61056,121.856,122.112,relax,0,0,0.0,False,False,2.307496760550263,2.9592180022484027,295.31851128556775,19.0,2.0,78.83506781331684,74.21875,74.21875,3.821691237419874
session_13.csv,session_13,953,60992,61120,60992,61120,121.984,122.24,relax,0,0,0.0,False,False,3.327723632234121,4.063476488362284,401.94334016739356,30.0,4.0,76.13740409092713,74.21875,74.21875,14.680116717344754
session_13.csv,session_13,954,61056,61184,61056,61184,122.112,122.368,relax,0,0,0.0,False,False,2.984823633855192,3.716961567459993,358.5158705375129,24.0,2.0,76.24312215268009,74.21875,74.21875,15.084364000949737
session_13.csv,session_13,955,61120,61248,61120,61248,122.24,122.496,relax,0,0,0.0,False,False,2.8403882336260793,3.445338877461418,341.5107730655419,25.0,3.0,76.81252565262201,74.21875,74.21875,5.860701403917146
session_13.csv,session_13,956,61184,61312,61184,61312,122.368,122.624,relax,0,0,0.0,False,False,3.120247176333687,3.749134611559608,374.92732179044526,31.0,4.0,77.89663764341202,78.125,74.21875,18.060757251064906
