source_file,session_id,window_index,start_sample,end_sample_exclusive,downsampled_start_sample,downsampled_end_sample_exclusive,start_time_s,end_time_s,label,label_id,clench_sample_count,clench_fraction,contains_label_transition,intersects_transition_band,mav,rms,wl,zc,ssc,mnf,mdf,pkf,bandpower
session_11.csv,session_11,0,0,128,0,128,0.0,0.256,relax,0,0,0.0,False,False,32.794778222069894,95.02968070080027,1874.4862369983798,23.0,5.0,48.63629046120585,31.25,23.4375,21.901189149900084
session_11.csv,session_11,1,64,192,64,192,0.128,0.384,relax,0,0,0.0,False,False,2.408660601762085,2.9856001934740815,317.712603039157,24.0,3.0,86.93684381362885,89.84375,93.75,6.587500846012721
session_11.csv,session_11,2,128,256,128,256,0.256,0.512,relax,0,0,0.0,False,False,1.7774504450003619,2.1300761931528283,230.75678601642608,12.0,0.0,74.35736822377825,70.3125,66.40625,3.250220529595551
session_11.csv,session_11,3,192,320,192,320,0.384,0.64,relax,0,0,0.0,False,False,1.9656444637226684,2.387889971178438,251.5973018206049,17.0,0.0,81.68818627284762,82.03125,82.03125,5.364772649913444
session_11.csv,session_11,4,256,384,256,384,0.512,0.768,relax,0,0,0.0,False,False,2.4312865970560287,2.982789262805464,332.12883361911804,28.0,1.0,85.93061429700188,89.84375,89.84375,5.921267960196168
session_11.csv,session_11,5,320,448,320,448,0.64,0.896,relax,0,0,0.0,False,False,2.3982924238431877,2.911546038627164,320.5072036172129,26.0,1.0,85.94685756415409,89.84375,97.65625,7.189191267998057
session_11.csv,session_11,6,384,512,384,512,0.768,1.024,relax,0,0,0.0,False,False,2.0938385689991303,2.566849010528959,266.1524269917296,22.0,0.0,78.74763444627595,78.125,82.03125,4.891917908642031
session_11.csv,session_11,7,448,576,448,576,0.896,1.152,relax,0,0,0.0,False,False,2.4741402937823915,3.1075406438622766,324.427242551296,29.0,2.0,84.66372425264176,85.9375,85.9375,7.878250206430555
session_11.csv,session_11,8,512,640,512,640,1.024,1.28,relax,0,0,0.0,False,False,2.7083948909656144,3.4875807357686894,365.6642531822238,32.0,3.0,84.45691353600705,85.9375,97.65625,11.033261171154024
session_11.csv,session_11,9,576,704,576,704,1.152,1.408,relax,0,0,0.0,False,False,2.401628806121904,3.1748139773118713,322.80419018100565,26.0,2.0,81.966628900527,82.03125,85.9375,9.933222251533158
session_11.csv,session_11,10,640,768,640,768,1.28,1.536,relax,0,0,0.0,False,False,2.413262399146457,3.1371499126661395,323.4156769876653,25.0,3.0,83.75992039267405,82.03125,82.03125,2.9357344658677333
session_11.csv,session_11,11,704,832,704,832,1.408,1.664,relax,0,0,0.0,False,False,2.533619540568954,3.336797762516458,346.0217133956494,26.0,2.0,85.87224623109735,89.84375,89.84375,10.36511812898476
session_11.csv,session_11,12,768,896,768,896,1.536,1.792,relax,0,0,0.0,False,False,2.5434502681183107,3.1774872349234027,336.91265560717795,28.0,1.0,85.33595185377014,85.9375,78.125,10.473075919791034
session_11.csv,session_11,13,832,960,832,960,1.664,1.92,relax,0,0,0.0,False,False,2.8778518249339236,3.823073976695215,360.39430100211973,26.0,4.0,80.75637345588633,82.03125,82.03125,17.59927245554046
session_11.csv,session_11,14,896,1024,896,1024,1.792,2.048,relax,0,0,0.0,False,False,2.7701723727844394,3.798909822423701,359.37791583669355,23.0,5.0,77.53144048581258,78.125,82.03125,5.9487187241721164
session_11.csv,session_11,15,960,1088,960,1088,1.92,2.176,relax,0,0,0.0,False,False,2.250168641501146,2.783389271564833,312.6009691043471,28.0,2.0,86.67302094173724,85.9375,89.84375,4.832621409998595
session_11.csv,session_11,16,1024,1152,1024,1152,2.048,2.304,relax,0,0,0.0,False,False,2.05958279144466,2.648789783451842,285.8119056128728,25.0,2.0,87.64224470718587,93.75,97.65625,5.939233465943913
session_11.csv,session_11,17,1088,1216,1088,1216,2.176,2.432,relax,0,0,0.0,False,False,2.205898100771649,2.807333835423454,307.6729863947536,27.0,2.0,85.30483725515946,89.84375,97.65625,4.429449109284355
session_11.csv,session_11,18,1152,1280,1152,1280,2.304,2.56,relax,0,0,0.0,False,False,1.9065281138218966,2.3444905979975164,270.31638859674865,24.0,0.0,88.86622054906869,93.75,97.65625,3.3421290257719045
session_11.csv,session_11,19,1216,1344,1216,1344,2.432,2.688,relax,0,0,0.0,False,True,3.241491499726634,4.94240738947813,441.73871638813307,31.0,5.0,86.63065299885801,89.84375,97.65625,5.211539783584785
session_11.csv,session_11,20,1280,1408,1280,1408,2.56,2.816,relax,0,54,0.421875,True,True,11.370183434356635,17.398040675847078,1427.681361875962,39.0,17.0,81.396355887393,85.9375,89.84375,164.9611528965828
session_11.csv,session_11,21,1344,1472,1344,1472,2.688,2.944,clench,1,118,0.921875,True,True,18.802746686029025,23.702557245511503,2492.521275584193,43.0,34.0,82.11005548225283,78.125,74.21875,522.0454817275986
session_11.csv,session_11,22,1408,1536,1408,1536,2.816,3.072,clench,1,128,1.0,False,False,20.449862841004457,24.148779705611926,2699.246640529157,45.0,41.0,85.35754343007974,85.9375,85.9375,417.30432922649965
session_11.csv,session_11,23,1472,1600,1472,1600,2.944,3.2,clench,1,128,1.0,False,False,21.43161768447707,26.776823969380207,2761.4955200389522,43.0,36.0,82.75488202614854,78.125,78.125,1012.9677444525003
session_11.csv,session_11,24,1536,1664,1536,1664,3.072,3.328,clench,1,128,1.0,False,False,23.913514008934964,29.765443716132147,3028.8033979772504,43.0,37.0,78.74683866002684,74.21875,74.21875,654.425462502289
session_11.csv,session_11,25,1600,1728,1600,1728,3.2,3.456,clench,1,128,1.0,False,False,19.23950398201147,24.03269872154772,2440.257949275478,43.0,30.0,81.23204963413036,82.03125,82.03125,622.075440657028
session_11.csv,session_11,26,1664,1792,1664,1792,3.328,3.584,clench,1,128,1.0,False,False,22.06217003563001,29.50335213415741,2747.9902643425203,43.0,29.0,81.12226222800501,78.125,78.125,1343.1227834834717
session_11.csv,session_11,27,1728,1856,1728,1856,3.456,3.712,clench,1,128,1.0,False,False,36.80252172262166,46.10776726859843,4740.9749895073,44.0,38.0,80.41889984315033,78.125,70.3125,1545.6693709670571
session_11.csv,session_11,28,1792,1920,1792,1920,3.584,3.84,clench,1,128,1.0,False,False,41.18246532903926,49.7062257567619,5365.478793792638,44.0,42.0,84.28633064699227,85.9375,74.21875,1592.7185385200394
session_11.csv,session_11,29,1856,1984,1856,1984,3.712,3.968,clench,1,128,1.0,False,False,42.60298245511985,49.73899410439761,5549.512763406559,44.0,42.0,81.75391157643688,78.125,78.125,2296.620590585964
session_11.csv,session_11,30,1920,2048,1920,2048,3.84,4.096,clench,1,128,1.0,False,False,40.200795515739316,48.16059902692063,5074.842344945244,42.0,35.0,84.25146067615003,82.03125,82.03125,2211.172209027113
session_11.csv,session_11,31,1984,2112,1984,2112,3.968,4.224,clench,1,128,1.0,False,False,42.92076989225676,51.39200705270503,5659.638674511159,44.0,37.0,86.25210166826032,89.84375,97.65625,2157.2579522818855
session_11.csv,session_11,32,2048,2176,2048,2176,4.096,4.352,clench,1,128,1.0,False,False,39.629134071187956,48.327413285949405,5443.980027400615,47.0,43.0,83.21438830386462,85.9375,85.9375,2141.074172564476
session_11.csv,session_11,33,2112,2240,2112,2240,4.224,4.48,clench,1,128,1.0,False,False,32.292063855286784,42.324680792337254,4404.294568387445,47.0,40.0,86.21476852404422,89.84375,89.84375,1796.3747201520398
session_11.csv,session_11,34,2176,2304,2176,2304,4.352,4.608,clench,1,128,1.0,False,False,30.33279693706733,40.264810804353424,4064.1589750451944,42.0,39.0,81.64787190667748,82.03125,78.125,919.2693789099557
session_11.csv,session_11,35,2240,2368,2240,2368,4.48,4.736,clench,1,128,1.0,False,False,30.021213610297174,36.24389859836323,3857.670450260476,41.0,38.0,85.50082749684587,85.9375,85.9375,1613.2787368359648
session_11.csv,session_11,36,2304,2432,2304,2432,4.608,4.864,clench,1,128,1.0,False,False,33.64664669533648,40.073154864341205,4395.334933598736,43.0,41.0,80.33621126307612,74.21875,70.3125,1317.4009116746247
session_11.csv,session_11,37,2368,2496,2368,2496,4.736,4.992,clench,1,128,1.0,False,False,29.74844891659025,36.31615259758513,3919.9848645043826,43.0,37.0,81.27875323964696,82.03125,74.21875,591.2444837227632
session_11.csv,session_11,38,2432,2560,2432,2560,4.864,5.12,clench,1,128,1.0,False,False,40.68213880612052,54.3531340722734,5325.025147432038,43.0,36.0,82.28607292453032,85.9375,89.84375,1479.8207187692485
session_11.csv,session_11,39,2496,2624,2496,2624,4.992,5.248,clench,1,128,1.0,False,False,38.483861161926,52.60873034180327,4961.39107076099,43.0,33.0,82.39361761034152,82.03125,74.21875,3700.089046780771
session_11.csv,session_11,40,2560,2688,2560,2688,5.12,5.376,clench,1,128,1.0,False,False,25.24548832586181,30.654250441572575,3253.5180874655525,44.0,32.0,80.30810318720397,85.9375,85.9375,790.6838095697163
session_11.csv,session_11,41,2624,2752,2624,2752,5.248,5.504,clench,1,128,1.0,False,False,30.962692982763805,37.58466947107557,3996.7448176517873,43.0,38.0,82.78442971892545,85.9375,85.9375,764.3022465702801
session_11.csv,session_11,42,2688,2816,2688,2816,5.376,5.632,clench,1,128,1.0,False,False,21.75060814442552,30.114858116506937,2760.5246435009894,42.0,30.0,75.28814467544521,74.21875,78.125,1059.990758397894
session_11.csv,session_11,43,2752,2880,2752,2880,5.504,5.76,clench,1,99,0.7734375,True,True,14.319138542420038,19.212329406223187,1821.8373233393067,42.0,25.0,83.85998446291904,85.9375,85.9375,224.75755818337439
session_11.csv,session_11,44,2816,2944,2816,2944,5.632,5.888,relax,0,35,0.2734375,True,True,14.42721550984918,20.124662706394247,1868.1214661790912,38.0,24.0,83.93184214828021,85.9375,89.84375,554.9403033289287
session_11.csv,session_11,45,2880,3008,2880,3008,5.76,6.016,relax,0,0,0.0,False,False,6.955686859297698,11.025538123861377,876.2280613603285,36.0,11.0,75.335138086637,74.21875,74.21875,38.168260947434526
session_11.csv,session_11,46,2944,3072,2944,3072,5.888,6.144,relax,0,0,0.0,False,False,3.71265235701007,4.687042694905965,468.303387246229,36.0,3.0,76.79695459349527,74.21875,66.40625,19.1418562352203
session_11.csv,session_11,47,3008,3136,3008,3136,6.016,6.272,relax,0,0,0.0,False,False,3.6237174880643073,4.541785281800244,461.89651506963617,32.0,3.0,78.62477700298915,74.21875,74.21875,23.267983427901484
session_11.csv,session_11,48,3072,3200,3072,3200,6.144,6.4,relax,0,0,0.0,False,False,4.89995502553978,5.917902229434594,609.6094205378529,33.0,12.0,78.69349753951396,74.21875,74.21875,23.133898227377415
session_11.csv,session_11,49,3136,3264,3136,3264,6.272,6.528,relax,0,0,0.0,False,False,4.477720436001659,5.5599353023712705,564.3754629862154,34.0,11.0,82.96985787951229,82.03125,78.125,36.07564506439868
session_11.csv,session_11,50,3200,3328,3200,3328,6.4,6.656,relax,0,0,0.0,False,False,4.723549641597825,6.0401105884463675,629.2982457219039,38.0,11.0,84.7499326534192,85.9375,97.65625,44.81675161445311
session_11.csv,session_11,51,3264,3392,3264,3392,6.528,6.784,relax,0,0,0.0,False,False,4.775852732433294,6.0541786889463705,653.153707543056,42.0,12.0,82.51261569716351,78.125,78.125,15.878241709517328
session_11.csv,session_11,52,3328,3456,3328,3456,6.656,6.912,relax,0,0,0.0,False,False,4.30081766067961,5.463714508949814,581.1257515574075,39.0,12.0,79.73451425752674,82.03125,82.03125,11.885634083249418
session_11.csv,session_11,53,3392,3520,3392,3520,6.784,7.04,relax,0,0,0.0,False,False,3.8905526952180898,5.1944125786412325,527.6380158342807,32.0,13.0,87.9034224782786,89.84375,97.65625,31.667965916808427
session_11.csv,session_11,54,3456,3584,3456,3584,6.912,7.168,relax,0,0,0.0,False,False,2.7896081636319723,3.4510987284150683,385.9660002471145,34.0,6.0,78.72402753325962,78.125,78.125,7.082606760611177
session_11.csv,session_11,55,3520,3648,3520,3648,7.04,7.296,relax,0,0,0.0,False,False,2.5805518362706383,3.284028306394656,352.7359334210904,31.0,4.0,86.07939489629923,89.84375,97.65625,7.434530888260863
session_11.csv,session_11,56,3584,3712,3584,3712,7.168,7.424,relax,0,0,0.0,False,False,2.3662622068252794,3.1032888366383533,321.50543331202255,25.0,1.0,85.98019641440163,85.9375,93.75,2.998657396719647
session_11.csv,session_11,57,3648,3776,3648,3776,7.296,7.552,relax,0,0,0.0,False,False,2.7698433047996014,3.41487405544588,365.32391476518785,28.0,4.0,74.71047704283679,70.3125,70.3125,11.149066986544089
session_11.csv,session_11,58,3712,3840,3712,3840,7.424,7.68,relax,0,0,0.0,False,False,3.0214008718709415,3.8060269403122398,399.1166403689234,30.0,6.0,79.6260599970435,78.125,70.3125,16.42520377305999
session_11.csv,session_11,59,3776,3904,3776,3904,7.552,7.808,relax,0,0,0.0,False,False,3.639893806210413,4.655125542659017,483.26664800879007,32.0,7.0,84.96392930954373,85.9375,85.9375,9.551976687313605
session_11.csv,session_11,60,3840,3968,3840,3968,7.68,7.936,relax,0,0,0.0,False,False,3.3285208235491446,4.322774000794032,441.27322512285525,27.0,7.0,80.94391090528761,78.125,74.21875,14.69519046588224
session_11.csv,session_11,61,3904,4032,3904,4032,7.808,8.064,relax,0,0,0.0,False,False,2.8765772026942065,3.613107973050442,358.5856450913028,24.0,6.0,77.878425569118,78.125,70.3125,7.7377462295821395
session_11.csv,session_11,62,3968,4096,3968,4096,7.936,8.192,relax,0,0,0.0,False,False,2.6989609370746495,3.465310358107776,349.73246925625915,28.0,4.0,74.68656518496101,74.21875,74.21875,8.130497773505587
session_11.csv,session_11,63,4032,4160,4032,4160,8.064,8.32,relax,0,0,0.0,False,False,2.7282671591977996,3.4208727514015655,368.17344406244126,34.0,1.0,85.26972639248496,89.84375,89.84375,11.970275576133073
session_11.csv,session_11,64,4096,4224,4096,4224,8.192,8.448,relax,0,0,0.0,False,False,3.2595091077463874,4.132732785025552,433.3950010237096,36.0,3.0,81.06540495127574,82.03125,82.03125,10.734648405387437
session_11.csv,session_11,65,4160,4288,4160,4288,8.32,8.576,relax,0,0,0.0,False,False,3.2285921671137654,4.0098211276308415,425.6071851436882,38.0,2.0,78.30868389883788,74.21875,74.21875,14.021802190787582
session_11.csv,session_11,66,4224,4352,4224,4352,8.448,8.704,relax,0,0,0.0,False,False,3.8895363628848463,4.656363116127941,511.73395490690814,42.0,2.0,83.47444968791294,82.03125,97.65625,20.416321538620856
session_11.csv,session_11,67,4288,4416,4288,4416,8.576,8.832,relax,0,0,0.0,False,False,3.8927461970584947,4.75143587009555,492.59533206095375,34.0,5.0,79.60772773588458,74.21875,70.3125,18.448628055408868
session_11.csv,session_11,68,4352,4480,4352,4480,8.704,8.96,relax,0,11,0.0859375,True,True,4.306287089210788,5.471037164559099,562.0854277627238,34.0,8.0,83.50917085654696,85.9375,85.9375,18.584214657378325
session_11.csv,session_11,69,4416,4544,4416,4544,8.832,9.088,clench,1,75,0.5859375,True,True,15.143309776820558,24.40725592548293,1872.2666498245844,38.0,24.0,80.42357826872137,78.125,78.125,451.77235527383885
session_11.csv,session_11,70,4480,4608,4480,4608,8.96,9.216,clench,1,128,1.0,False,True,28.70411748502769,37.258982254305835,3764.9552576215133,44.0,39.0,82.5030225336054,82.03125,78.125,1179.0703420546815
session_11.csv,session_11,71,4544,4672,4544,4672,9.088,9.344,clench,1,128,1.0,False,False,37.075923127992425,45.33008541894082,4881.26219682509,45.0,42.0,81.82894984894887,82.03125,82.03125,1852.8012690518913
session_11.csv,session_11,72,4608,4736,4608,4736,9.216,9.472,clench,1,128,1.0,False,False,36.271268910932584,44.31835924694939,4694.250782780175,43.0,37.0,84.29871665053179,85.9375,85.9375,2373.411222705811
session_11.csv,session_11,73,4672,4800,4672,4800,9.344,9.6,clench,1,128,1.0,False,False,29.954649787008556,39.37146877534685,3987.579810380489,47.0,35.0,86.23089984154348,85.9375,85.9375,1666.2896119009813
session_11.csv,session_11,74,4736,4864,4736,4864,9.472,9.728,clench,1,128,1.0,False,False,33.1285541825349,42.43324085732817,4417.550244104428,46.0,37.0,81.61394666528196,82.03125,78.125,1112.601441222142
session_11.csv,session_11,75,4800,4928,4800,4928,9.6,9.856,clench,1,128,1.0,False,False,27.547047226988546,34.82363991763606,3504.7649470367173,42.0,35.0,83.08424526743997,82.03125,97.65625,1125.4749109175204
session_11.csv,session_11,76,4864,4992,4864,4992,9.728,9.984,clench,1,128,1.0,False,False,19.462811807382323,24.481628428157475,2446.249451600058,42.0,38.0,81.12792699938048,82.03125,85.9375,607.3680326847378
session_11.csv,session_11,77,4928,5056,4928,5056,9.856,10.112,clench,1,128,1.0,False,False,16.664817323809658,22.43016863378541,2177.7768483697346,43.0,33.0,80.54871807409268,82.03125,85.9375,386.4635270536423
session_11.csv,session_11,78,4992,5120,4992,5120,9.984,10.24,clench,1,128,1.0,False,False,16.12601085043349,21.959647119838934,2155.9008449349135,43.0,26.0,82.0724984672372,82.03125,89.84375,379.19675728043313
session_11.csv,session_11,79,5056,5184,5056,5184,10.112,10.368,clench,1,128,1.0,False,False,24.024930438795764,31.369173860156337,3173.734065924604,43.0,33.0,83.29131809635506,82.03125,74.21875,454.6293085418992
session_11.csv,session_11,80,5120,5248,5120,5248,10.24,10.496,clench,1,128,1.0,False,False,33.18579887065695,40.12289266988041,4333.688000466716,43.0,39.0,83.5435176555958,85.9375,93.75,1451.3759855700227
session_11.csv,session_11,81,5184,5312,5184,5312,10.368,10.624,clench,1,128,1.0,False,False,30.780804203506648,38.078267658657644,4041.1700049207984,44.0,38.0,84.27006266363585,85.9375,85.9375,1910.6027554039742
session_11.csv,session_11,82,5248,5376,5248,5376,10.496,10.752,clench,1,128,1.0,False,False,15.266070547748058,23.014754909688545,2017.6246060322287,41.0,26.0,81.43301543861777,82.03125,82.03125,239.6756313596035
session_11.csv,session_11,83,5312,5440,5312,5440,10.624,10.88,clench,1,122,0.953125,True,True,6.239731983762418,8.204705378432608,787.1013256078858,35.0,16.0,80.33162635191887,82.03125,85.9375,49.21611555774097
session_11.csv,session_11,84,5376,5504,5376,5504,10.752,11.008,relax,0,58,0.453125,True,True,7.163832374355689,9.873539006822714,961.117913664154,41.0,19.0,87.73963059012098,85.9375,85.9375,129.35448192020908
session_11.csv,session_11,85,5440,5568,5440,5568,10.88,11.136,relax,0,0,0.0,False,True,7.109306909462016,9.969827251456815,936.2751479218957,39.0,20.0,79.62879419999263,78.125,89.84375,51.17454381385585
session_11.csv,session_11,86,5504,5632,5504,5632,11.008,11.264,relax,0,0,0.0,False,False,4.48700447677438,6.192116350722146,560.9645688351742,29.0,11.0,80.77018957845124,78.125,78.125,31.577838681778914
session_11.csv,session_11,87,5568,5696,5568,5696,11.136,11.392,relax,0,0,0.0,False,False,3.99101684768301,5.306636329773033,512.9698804846176,30.0,11.0,83.56026354442739,85.9375,85.9375,23.149470388680914
session_11.csv,session_11,88,5632,5760,5632,5760,11.264,11.52,relax,0,0,0.0,False,False,4.122104508838632,4.971529825438908,540.7521243934392,38.0,11.0,80.11699081597352,78.125,85.9375,12.750522251115878
session_11.csv,session_11,89,5696,5824,5696,5824,11.392,11.648,relax,0,0,0.0,False,False,4.303626563247148,5.164719475448722,566.1537051287471,40.0,11.0,82.12980378177461,82.03125,78.125,18.622127106536173
session_11.csv,session_11,90,5760,5888,5760,5888,11.52,11.776,relax,0,0,0.0,False,False,4.77488150449335,5.761607812902617,608.8759516547309,39.0,12.0,83.47223386412652,82.03125,78.125,32.284577997416605
session_11.csv,session_11,91,5824,5952,5824,5952,11.648,11.904,relax,0,0,0.0,False,False,4.2290058242681345,5.185467689608348,561.2684256218495,39.0,8.0,78.15332705870573,74.21875,74.21875,29.64734745518994
session_11.csv,session_11,92,5888,6016,5888,6016,11.776,12.032,relax,0,0,0.0,False,False,3.127519664634299,3.8444986779584536,433.489272858949,39.0,3.0,86.97165893502503,89.84375,97.65625,9.795359098607397
session_11.csv,session_11,93,5952,6080,5952,6080,11.904,12.16,relax,0,0,0.0,False,False,2.9772319948106887,3.5048952490310548,412.67204660346465,43.0,2.0,89.04805264581302,93.75,97.65625,9.424544954177842
session_11.csv,session_11,94,6016,6144,6016,6144,12.032,12.288,relax,0,0,0.0,False,False,3.382516379041811,4.120072224100861,471.5220836125351,44.0,6.0,86.62586217484424,89.84375,93.75,18.90909544238826
session_11.csv,session_11,95,6080,6208,6080,6208,12.16,12.416,relax,0,0,0.0,False,False,3.486727323376342,4.373311418208659,449.6124500096562,34.0,7.0,84.44668562074334,89.84375,89.84375,13.212717251858464
session_11.csv,session_11,96,6144,6272,6144,6272,12.288,12.544,relax,0,0,0.0,False,False,3.1642418233645797,3.8951707016879027,406.42097662297556,35.0,3.0,79.91175710272425,82.03125,82.03125,17.722101950476922
session_11.csv,session_11,97,6208,6336,6208,6336,12.416,12.672,relax,0,0,0.0,False,True,5.608758100318083,8.16092000229767,736.7924302184996,43.0,7.0,81.13529358487325,82.03125,74.21875,20.825912260636343
session_11.csv,session_11,98,6272,6400,6272,6400,12.544,12.8,relax,0,54,0.421875,True,True,13.477182484410802,18.53189227784576,1719.1837445890558,40.0,21.0,81.9048312813354,82.03125,82.03125,199.39143025113657
session_11.csv,session_11,99,6336,6464,6336,6464,12.672,12.928,clench,1,118,0.921875,True,True,17.702680918699993,21.859686159064903,2241.7188864529526,41.0,31.0,80.19401786316575,78.125,78.125,605.9401997893339
session_11.csv,session_11,100,6400,6528,6400,6528,12.8,13.056,clench,1,128,1.0,False,False,21.52271308784158,25.746841731375202,2881.4873828749,45.0,37.0,88.2401645817406,89.84375,93.75,604.4112321738858
session_11.csv,session_11,101,6464,6592,6464,6592,12.928,13.184,clench,1,128,1.0,False,False,28.46795634325272,34.24564998034582,3814.802223969405,47.0,39.0,84.33618342491481,85.9375,97.65625,931.3763655934266
session_11.csv,session_11,102,6528,6656,6528,6656,13.056,13.312,clench,1,128,1.0,False,False,32.75856284321533,40.191116912528415,4234.474596543372,42.0,36.0,80.28505989889774,74.21875,74.21875,1238.7243001336647
session_11.csv,session_11,103,6592,6720,6592,6720,13.184,13.44,clench,1,128,1.0,False,False,28.261739366991605,36.26364328511925,3691.8378548071,43.0,35.0,82.93184632849254,82.03125,85.9375,1093.7616631177111
session_11.csv,session_11,104,6656,6784,6656,6784,13.312,13.568,clench,1,128,1.0,False,False,22.339701147395388,28.42093588147709,2963.1910257796444,45.0,39.0,77.40030004567356,74.21875,74.21875,448.31032093248643
session_11.csv,session_11,105,6720,6848,6720,6848,13.44,13.696,clench,1,128,1.0,False,False,23.299643865133973,29.395356863804647,3061.8654130213436,47.0,38.0,84.12220080575985,85.9375,89.84375,622.1110640826477
session_11.csv,session_11,106,6784,6912,6784,6912,13.568,13.824,clench,1,128,1.0,False,False,19.572647312766524,25.389625282096823,2614.201542410611,46.0,32.0,84.48007439766846,85.9375,85.9375,481.3277730983352
session_11.csv,session_11,107,6848,6976,6848,6976,13.696,13.952,clench,1,128,1.0,False,False,14.972258590732903,18.192191623883,2013.943862144958,45.0,30.0,79.80824841986961,78.125,66.40625,286.99770182705913
session_11.csv,session_11,108,6912,7040,6912,7040,13.824,14.08,clench,1,128,1.0,False,False,15.717365568084556,19.050410637632247,2041.6381109668066,43.0,29.0,80.72631893847574,78.125,78.125,369.1594178029534
session_11.csv,session_11,109,6976,7104,6976,7104,13.952,14.208,clench,1,128,1.0,False,True,13.683927463369354,17.098752465980727,1717.1072408929444,43.0,23.0,83.39123840879596,82.03125,82.03125,140.17398293519685
session_11.csv,session_11,110,7040,7168,7040,7168,14.08,14.336,clench,1,71,0.5546875,True,True,9.038202228726506,11.148274728252428,1213.1330842810212,46.0,24.0,80.56342464597634,82.03125,85.9375,150.1260236488865
session_11.csv,session_11,111,7104,7232,7104,7232,14.208,14.464,relax,0,7,0.0546875,True,True,5.949176861606092,7.7897240731844555,788.1143428007231,41.0,14.0,81.98483041581333,85.9375,89.84375,32.75491352451961
session_11.csv,session_11,112,7168,7296,7168,7296,14.336,14.592,relax,0,0,0.0,False,False,3.9334615195258174,4.835038569586212,491.133760936416,34.0,8.0,79.50210704821552,78.125,78.125,11.894412506865667
session_11.csv,session_11,113,7232,7360,7232,7360,14.464,14.72,relax,0,0,0.0,False,False,3.802016002034759,4.732024493912986,486.9768018580795,35.0,9.0,84.04484344236499,82.03125,82.03125,27.684526372190604
session_11.csv,session_11,114,7296,7424,7296,7424,14.592,14.848,relax,0,0,0.0,False,False,3.5420406592575953,4.383768257392804,456.7172214445435,34.0,5.0,78.9251959491585,78.125,85.9375,10.731492621129492
session_11.csv,session_11,115,7360,7488,7360,7488,14.72,14.976,relax,0,0,0.0,False,False,4.0664231258149615,4.955213128576017,513.4341716859963,37.0,7.0,86.56583286306886,89.84375,89.84375,17.36056866841139
session_11.csv,session_11,116,7424,7552,7424,7552,14.848,15.104,relax,0,0,0.0,False,False,4.845616808171835,6.124854233480693,611.6901492948757,36.0,14.0,77.20811740450242,74.21875,74.21875,46.33202071994657
session_11.csv,session_11,117,7488,7616,7488,7616,14.976,15.232,relax,0,0,0.0,False,False,4.581593644149737,5.848468074830413,591.4034729089412,35.0,14.0,79.52284849654787,78.125,82.03125,37.774659151916644
session_11.csv,session_11,118,7552,7680,7552,7680,15.104,15.36,relax,0,0,0.0,False,False,4.001439634082086,5.062895299480239,531.3233608771732,35.0,8.0,86.99986112038764,89.84375,97.65625,8.06553892552923
session_11.csv,session_11,119,7616,7744,7616,7744,15.232,15.488,relax,0,0,0.0,False,False,3.3706294176351816,4.327286515602966,448.7843069557688,30.0,6.0,83.29644573897696,85.9375,89.84375,25.021504805166284
session_11.csv,session_11,120,7680,7808,7680,7808,15.36,15.616,relax,0,0,0.0,False,False,2.85536474060803,3.628965513193325,364.0608154239835,27.0,4.0,79.33988168801186,78.125,78.125,6.664489794280132
session_11.csv,session_11,121,7744,7872,7744,7872,15.488,15.744,relax,0,1,0.0078125,True,True,10.324561457298415,16.68506610020527,1340.5563501734878,33.0,20.0,79.83933291270633,78.125,78.125,110.05283864289251
session_11.csv,session_11,122,7808,7936,7808,7936,15.616,15.872,clench,1,65,0.5078125,True,True,18.205527683176626,22.62776933390518,2358.724359999641,42.0,36.0,82.43092537169325,82.03125,78.125,697.3242729995385
session_11.csv,session_11,123,7872,8000,7872,8000,15.744,16.0,clench,1,128,1.0,False,True,20.734311913167012,25.147142359301313,2752.234374807186,44.0,35.0,81.35650446542661,78.125,74.21875,552.383200699042
session_11.csv,session_11,124,7936,8064,7936,8064,15.872,16.128,clench,1,128,1.0,False,False,28.63405146916523,34.51827400369879,3627.88770567737,41.0,34.0,77.02396057052422,78.125,74.21875,1066.7534733233415
session_11.csv,session_11,125,8000,8128,8000,8128,16.0,16.256,clench,1,128,1.0,False,False,27.685343929394875,33.35179118988398,3409.3456374466004,40.0,30.0,80.8984262683981,78.125,78.125,1033.0909430296354
session_11.csv,session_11,126,8064,8192,8064,8192,16.128,16.384,clench,1,128,1.0,False,False,21.779067197101767,26.977938371523045,2873.0276304342146,44.0,33.0,82.83246460231953,82.03125,82.03125,390.101098980178
session_11.csv,session_11,127,8128,8256,8128,8256,16.256,16.512,clench,1,128,1.0,False,False,23.656036255928832,30.198433387198666,3183.918523170868,44.0,38.0,77.85630955102168,74.21875,74.21875,873.2459915631897
session_11.csv,session_11,128,8192,8320,8192,8320,16.384,16.64,clench,1,128,1.0,False,False,23.508506963293527,29.372711217366113,3116.4443804380257,43.0,39.0,83.61349382016988,85.9375,89.84375,516.4601037542103
session_11.csv,session_11,129,8256,8384,8256,8384,16.512,16.768,clench,1,128,1.0,False,False,24.394889136394784,30.45159225891582,3226.9005437211763,46.0,37.0,83.58314538218512,85.9375,93.75,860.3897606128626
session_11.csv,session_11,130,8320,8448,8320,8448,16.64,16.896,clench,1,128,1.0,False,False,27.25306117183829,34.06047817262604,3394.185239255215,42.0,37.0,79.58795184109474,78.125,70.3125,888.5563145781405
session_11.csv,session_11,131,8384,8512,8384,8512,16.768,17.024,clench,1,128,1.0,False,False,29.41074051928123,36.15914867616029,3721.981947077558,40.0,34.0,80.88816598596314,78.125,74.21875,1290.8558290303426
session_11.csv,session_11,132,8448,8576,8448,8576,16.896,17.152,clench,1,128,1.0,False,False,28.678287957884308,36.59448590995015,3803.1888370752977,45.0,37.0,83.07446289206196,85.9375,89.84375,1291.8575727383843
session_11.csv,session_11,133,8512,8640,8512,8640,17.024,17.28,clench,1,128,1.0,False,False,23.019704257105538,30.22450715785148,3008.607442697179,46.0,35.0,85.09738910764648,89.84375,93.75,772.5118931394362
session_11.csv,session_11,134,8576,8704,8576,8704,17.152,17.408,clench,1,128,1.0,False,False,29.594067394965702,38.75310957094677,3699.1716730428293,43.0,31.0,79.30424808349598,78.125,82.03125,1251.1640186986062
session_11.csv,session_11,135,8640,8768,8640,8768,17.28,17.536,clench,1,128,1.0,False,False,36.05333726985602,44.86910772980495,4563.9728508205135,42.0,33.0,83.08031568234404,85.9375,85.9375,2029.2461873818218
session_11.csv,session_11,136,8704,8832,8704,8832,17.408,17.664,clench,1,128,1.0,False,False,28.193325405892963,34.373432763435154,3489.3930328350134,41.0,33.0,82.5069312504693,82.03125,85.9375,1245.0459528574527
session_11.csv,session_11,137,8768,8896,8768,8896,17.536,17.792,clench,1,128,1.0,False,False,28.706761794373847,34.728859526509055,3551.965587080797,40.0,34.0,78.60661508879575,78.125,78.125,1395.4716755007194
session_11.csv,session_11,138,8832,8960,8832,8960,17.664,17.92,clench,1,128,1.0,False,False,31.463657535518003,37.3925779814774,3919.7498449704535,42.0,34.0,85.42094588292898,82.03125,82.03125,992.5447633793368
session_11.csv,session_11,139,8896,9024,8896,9024,17.792,18.048,clench,1,128,1.0,False,False,28.52890337083548,33.55165154349825,3513.0715462826156,40.0,35.0,76.67842141563725,78.125,74.21875,1024.2581807250851
session_11.csv,session_11,140,8960,9088,8960,9088,17.92,18.176,clench,1,128,1.0,False,False,27.253801983533368,32.15420397417084,3538.270228557225,43.0,36.0,83.5074605519297,85.9375,85.9375,844.0019367151087
session_11.csv,session_11,141,9024,9152,9024,9152,18.048,18.304,clench,1,128,1.0,False,False,26.54729326248347,31.6718344251578,3591.3523569112967,46.0,37.0,86.06646686917274,89.84375,93.75,470.78929620681674
session_11.csv,session_11,142,9088,9216,9088,9216,18.176,18.432,clench,1,128,1.0,False,False,23.86357264426165,29.088606755003052,3246.68759310836,46.0,39.0,86.78034786267166,85.9375,82.03125,908.1930338674507
session_11.csv,session_11,143,9152,9280,9152,9280,18.304,18.56,clench,1,128,1.0,False,False,20.24239972103352,24.8622752564832,2736.540005656667,44.0,40.0,81.93167411468531,85.9375,85.9375,640.8972113643291
session_11.csv,session_11,144,9216,9344,9216,9344,18.432,18.688,clench,1,128,1.0,False,False,16.850475686687552,20.67711902244926,2191.3923112765715,43.0,39.0,78.53430595309742,82.03125,82.03125,196.6138326114701
session_11.csv,session_11,145,9280,9408,9280,9408,18.56,18.816,clench,1,128,1.0,False,False,18.645973695833323,22.159142180514074,2340.5475508011104,41.0,34.0,81.77496386132866,82.03125,82.03125,546.2713011195996
session_11.csv,session_11,146,9344,9472,9344,9472,18.688,18.944,clench,1,128,1.0,False,False,30.70875100405319,37.438248419925436,3760.428034812608,39.0,35.0,77.3678061075928,78.125,78.125,1009.0402966191434
session_11.csv,session_11,147,9408,9536,9408,9536,18.816,19.072,clench,1,128,1.0,False,False,37.305839088186886,45.374044070487614,4603.893191613349,40.0,32.0,80.34188149112393,78.125,78.125,1616.0776296394831
session_11.csv,session_11,148,9472,9600,9472,9600,18.944,19.2,clench,1,128,1.0,False,False,44.61364760293312,55.37732300868984,5654.9123079507135,42.0,33.0,81.52624511813912,82.03125,82.03125,2772.051617133772
session_11.csv,session_11,149,9536,9664,9536,9664,19.072,19.328,clench,1,128,1.0,False,False,33.68441049495033,47.524602051661525,4349.533806281384,42.0,32.0,82.3449344584321,82.03125,78.125,2777.4028861819334
session_11.csv,session_11,150,9600,9728,9600,9728,19.2,19.456,clench,1,121,0.9453125,True,True,10.721444660612494,15.652718690349062,1446.1962254862556,37.0,24.0,82.0118550369294,82.03125,82.03125,37.431554860886365
session_11.csv,session_11,151,9664,9792,9664,9792,19.328,19.584,relax,0,57,0.4453125,True,True,8.640578184979535,10.433847758683653,1109.494418796731,39.0,25.0,81.64701686971718,82.03125,82.03125,98.42335712877636
session_11.csv,session_11,152,9728,9856,9728,9856,19.456,19.712,relax,0,0,0.0,False,True,6.763309324215195,8.702603233038275,861.994674396248,39.0,17.0,78.89523765609015,78.125,78.125,91.02741005232109
session_11.csv,session_11,153,9792,9920,9792,9920,19.584,19.84,relax,0,0,0.0,False,False,4.099699660279849,5.276560752371841,548.0705898070352,35.0,9.0,84.6198418359628,82.03125,93.75,24.50710026666688
session_11.csv,session_11,154,9856,9984,9856,9984,19.712,19.968,relax,0,0,0.0,False,False,4.453137393670546,5.889188896672225,582.1090327045064,34.0,9.0,82.11778941762451,82.03125,89.84375,46.71551113687847
session_11.csv,session_11,155,9920,10048,9920,10048,19.84,20.096,relax,0,0,0.0,False,False,3.6112443614611616,4.846078748999422,471.61852703122554,35.0,4.0,78.94527277497625,78.125,78.125,10.702292984450667
session_11.csv,session_11,156,9984,10112,9984,10112,19.968,20.224,relax,0,0,0.0,False,False,3.7701305235583975,5.213931198981987,519.5890005295805,37.0,6.0,88.22122128134683,93.75,97.65625,33.87113019125273
session_11.csv,session_11,157,10048,10176,10048,10176,20.096,20.352,relax,0,0,0.0,False,False,4.522482114693354,5.93376689194542,604.0011528711295,38.0,9.0,84.89932511367998,89.84375,89.84375,12.490350036822852
session_11.csv,session_11,158,10112,10240,10112,10240,20.224,20.48,relax,0,0,0.0,False,False,3.430326412383054,4.250289868744876,428.0128488065511,33.0,4.0,76.90387010652732,78.125,78.125,22.035304195165136
session_11.csv,session_11,159,10176,10304,10176,10304,20.352,20.608,relax,0,0,0.0,False,False,2.5523243896251575,3.0342616385074965,333.5414246189183,34.0,0.0,83.8131203116048,82.03125,82.03125,6.87337515961228
session_11.csv,session_11,160,10240,10368,10240,10368,20.48,20.736,relax,0,0,0.0,False,False,2.076229632163524,2.538948843363982,270.8876741150599,23.0,0.0,82.53554001659106,85.9375,85.9375,5.733823374931627
session_11.csv,session_11,161,10304,10432,10304,10432,20.608,20.864,relax,0,0,0.0,False,False,2.2465664595430663,2.83435688810001,290.7747436908164,21.0,2.0,84.01037526019013,85.9375,89.84375,7.710222665257025
session_11.csv,session_11,162,10368,10496,10368,10496,20.736,20.992,relax,0,0,0.0,False,False,2.8997430823012564,3.866116758804931,398.72158709038376,30.0,5.0,81.89778125362005,85.9375,85.9375,5.796476320376737
session_11.csv,session_11,163,10432,10560,10432,10560,20.864,21.12,relax,0,0,0.0,False,False,2.239846207118192,3.269302785080817,296.890657290616,18.0,3.0,83.34788014541223,82.03125,82.03125,16.499943768793084
session_11.csv,session_11,164,10496,10624,10496,10624,20.992,21.248,relax,0,0,0.0,False,False,1.7750348068286668,2.190570008467674,220.28335529418632,13.0,0.0,79.83238164048075,78.125,70.3125,3.112735113933891
session_11.csv,session_11,165,10560,10688,10560,10688,21.12,21.376,relax,0,0,0.0,False,False,1.8805866371728523,2.3609722918150435,242.7884121738307,16.0,0.0,82.99134806044474,85.9375,85.9375,4.488523134388326
session_11.csv,session_11,166,10624,10752,10624,10752,21.248,21.504,relax,0,0,0.0,False,False,2.2425854216450496,3.1939890913444056,293.7450648031047,17.0,3.0,81.38477500607098,82.03125,89.84375,6.714689404444349
session_11.csv,session_11,167,10688,10816,10688,10816,21.376,21.632,relax,0,0,0.0,False,False,2.7510723814722544,3.673474520085719,375.98889836598005,27.0,6.0,85.44654420860971,89.84375,93.75,10.366324573511468
session_11.csv,session_11,168,10752,10880,10752,10880,21.504,21.76,relax,0,10,0.078125,True,True,4.886673299112752,6.415043125730571,658.0021172005888,40.0,11.0,87.0297342165318,85.9375,85.9375,40.830921645775085
session_11.csv,session_11,169,10816,10944,10816,10944,21.632,21.888,clench,1,74,0.578125,True,True,10.920100636989915,14.183543368656064,1415.806553874982,43.0,23.0,82.49914937329189,82.03125,97.65625,154.54984408986357
session_11.csv,session_11,170,10880,11008,10880,11008,21.76,22.016,clench,1,128,1.0,False,True,19.379585730082628,24.564741496324565,2685.089619954431,44.0,38.0,87.10643752249837,93.75,93.75,276.1143546383995
session_11.csv,session_11,171,10944,11072,10944,11072,21.888,22.144,clench,1,128,1.0,False,False,24.9284645849626,30.252284421040276,3390.928828146951,44.0,38.0,79.7502649498327,74.21875,70.3125,728.2204615491938
session_11.csv,session_11,172,11008,11136,11008,11136,22.016,22.272,clench,1,128,1.0,False,False,22.049294291720393,26.756610958523446,2846.38864718792,44.0,34.0,83.13698417987719,85.9375,85.9375,582.2726689657177
session_11.csv,session_11,173,11072,11200,11072,11200,22.144,22.4,clench,1,128,1.0,False,False,21.761875317056674,26.977592914236116,2827.2888426845466,44.0,35.0,86.18668542544086,85.9375,82.03125,895.8580528315766
session_11.csv,session_11,174,11136,11264,11136,11264,22.272,22.528,clench,1,128,1.0,False,False,20.929647229432188,25.904226259052095,2715.1653662677195,43.0,35.0,85.31648839203818,85.9375,89.84375,485.7924635181686
session_11.csv,session_11,175,11200,11328,11200,11328,22.4,22.656,clench,1,128,1.0,False,False,19.016641130746066,22.80278736921612,2482.5298826005433,43.0,33.0,84.44675978582703,82.03125,78.125,400.3982161755714
session_11.csv,session_11,176,11264,11392,11264,11392,22.528,22.784,clench,1,128,1.0,False,False,19.531298551509565,23.913007682371607,2471.175088642851,41.0,32.0,82.32783859349884,82.03125,82.03125,345.40829204246273
session_11.csv,session_11,177,11328,11456,11328,11456,22.656,22.912,clench,1,128,1.0,False,False,18.705650725691267,23.3673461966448,2265.836591421561,39.0,32.0,75.36654075339884,74.21875,74.21875,837.2274584425127
session_11.csv,session_11,178,11392,11520,11392,11520,22.784,23.04,clench,1,128,1.0,False,False,17.797238051293405,22.469174572591754,2269.237912607128,42.0,31.0,82.7587621748283,85.9375,85.9375,238.0330824501223
session_11.csv,session_11,179,11456,11584,11456,11584,22.912,23.168,clench,1,128,1.0,False,False,16.194545232581458,19.90360602348242,2242.0517031920513,47.0,36.0,81.97271966040624,85.9375,85.9375,301.4648239158998
session_11.csv,session_11,180,11520,11648,11520,11648,23.04,23.296,clench,1,128,1.0,False,False,15.499168766682807,18.797634568190386,2034.4664297657291,45.0,31.0,85.3463402610069,85.9375,97.65625,355.4629096158523
session_11.csv,session_11,181,11584,11712,11584,11712,23.168,23.424,clench,1,128,1.0,False,False,15.272789098119372,18.748760376407645,1973.8063985654167,42.0,28.0,85.01883453165048,85.9375,85.9375,344.78424121236856
session_11.csv,session_11,182,11648,11776,11648,11776,23.296,23.552,clench,1,128,1.0,False,False,12.574115214692466,16.25305016611038,1652.7466979285957,42.0,28.0,76.49248435231534,74.21875,70.3125,127.389140317189
session_11.csv,session_11,183,11712,11840,11712,11840,23.424,23.68,clench,1,128,1.0,False,False,9.218803769055523,11.511866360394654,1183.3495594367675,42.0,26.0,80.74437029761039,82.03125,82.03125,119.6924016630852
session_11.csv,session_11,184,11776,11904,11776,11904,23.552,23.808,clench,1,128,1.0,False,False,9.863057805961208,13.255157232778146,1246.064996596629,39.0,21.0,81.63305953539196,82.03125,82.03125,125.18274879269039
session_11.csv,session_11,185,11840,11968,11840,11968,23.68,23.936,clench,1,128,1.0,False,False,12.587738455938048,18.07169665617113,1645.376833596961,43.0,26.0,80.38294881511489,78.125,70.3125,121.05836444984712
session_11.csv,session_11,186,11904,12032,11904,12032,23.808,24.064,clench,1,128,1.0,False,False,19.304096683439678,26.640102957266365,2638.4843030149145,45.0,35.0,83.66748550350682,82.03125,97.65625,637.5552600510026
session_11.csv,session_11,187,11968,12096,11968,12096,23.936,24.192,clench,1,128,1.0,False,False,24.915296437854934,32.52743448290962,3282.4073289889243,41.0,32.0,81.34564599367587,78.125,70.3125,1486.2146387122625
session_11.csv,session_11,188,12032,12160,12032,12160,24.064,24.32,clench,1,128,1.0,False,False,17.194406884766874,25.110951093753496,2241.07431032116,41.0,24.0,88.72521479128108,89.84375,93.75,288.0248509452562
session_11.csv,session_11,189,12096,12224,12096,12224,24.192,24.448,clench,1,128,1.0,False,True,10.01916795297078,12.897984662961427,1261.4802465328924,38.0,19.0,75.64552915356154,70.3125,70.3125,94.93505116176003
session_11.csv,session_11,190,12160,12288,12160,12288,24.32,24.576,clench,1,66,0.515625,True,True,9.071400475395063,11.60740144187404,1122.4234163055269,39.0,15.0,83.19961538375908,82.03125,78.125,128.84011311066595
session_11.csv,session_11,191,12224,12352,12224,12352,24.448,24.704,relax,0,2,0.015625,True,True,6.142636127934782,7.5311811366508286,766.9570976126865,39.0,8.0,76.91768812143232,74.21875,70.3125,43.89002042230901
session_11.csv,session_11,192,12288,12416,12288,12416,24.576,24.832,relax,0,0,0.0,False,False,4.637323824424089,5.998407728290607,614.8294054348675,36.0,7.0,84.41771343419366,85.9375,74.21875,33.16227377803004
session_11.csv,session_11,193,12352,12480,12352,12480,24.704,24.96,relax,0,0,0.0,False,False,2.88929855092454,3.698296501597372,400.69807502211324,29.0,5.0,86.2620497613208,89.84375,93.75,7.010328566522124
session_11.csv,session_11,194,12416,12544,12416,12544,24.832,25.088,relax,0,0,0.0,False,False,2.7420593877075055,3.455842952928951,355.64753142612244,28.0,3.0,77.59422795675816,78.125,78.125,9.812456930777847
session_11.csv,session_11,195,12480,12608,12480,12608,24.96,25.216,relax,0,0,0.0,False,False,2.7443132809121167,3.3974555941312445,353.6696195631804,32.0,2.0,81.2296597762284,82.03125,82.03125,7.949557825156968
session_11.csv,session_11,196,12544,12672,12544,12672,25.088,25.344,relax,0,0,0.0,False,False,2.9557585984374057,3.5837021618234073,377.6920043400296,33.0,3.0,79.5196346312593,78.125,78.125,9.299088114596215
session_11.csv,session_11,197,12608,12736,12608,12736,25.216,25.472,relax,0,0,0.0,False,False,3.8772617116741097,4.764505752985737,486.23350420894633,33.0,7.0,78.12460946765468,78.125,70.3125,22.28832696651651
session_11.csv,session_11,198,12672,12800,12672,12800,25.344,25.6,relax,0,0,0.0,False,False,3.670419051266931,4.636256519081923,462.7818739602751,30.0,6.0,77.60848520284998,74.21875,70.3125,15.344954867582887
session_11.csv,session_11,199,12736,12864,12736,12864,25.472,25.728,relax,0,0,0.0,False,False,2.6412298407931374,3.2396773231646363,334.5363743464168,26.0,3.0,85.43228188316192,85.9375,78.125,10.34776407430398
session_11.csv,session_11,200,12800,12928,12800,12928,25.6,25.856,relax,0,0,0.0,False,False,2.8881838075744657,3.4408853644292448,360.62409975585524,30.0,3.0,77.94868095670151,78.125,78.125,9.563716966406206
session_11.csv,session_11,201,12864,12992,12864,12992,25.728,25.984,relax,0,0,0.0,False,False,3.2324338396791825,3.80377508452346,402.64322339299565,34.0,3.0,74.23364014778006,74.21875,74.21875,13.87268758764156
session_11.csv,session_11,202,12928,13056,12928,13056,25.856,26.112,relax,0,0,0.0,False,False,2.5613890419369687,3.1690323703286585,345.67872257931003,31.0,2.0,85.19195191888505,89.84375,89.84375,13.16922681437617
session_11.csv,session_11,203,12992,13120,12992,13120,25.984,26.24,relax,0,0,0.0,False,False,3.0334764285108005,3.9778985339314126,383.44480177977414,29.0,1.0,78.63295537179583,74.21875,70.3125,9.35886193234997
session_11.csv,session_11,204,13056,13184,13056,13184,26.112,26.368,relax,0,0,0.0,False,False,3.4725862451115885,4.385086067323422,433.2783391705369,31.0,4.0,77.40489023697046,74.21875,70.3125,16.14862865516912
session_11.csv,session_11,205,13120,13248,13120,13248,26.24,26.496,relax,0,0,0.0,False,False,2.674482673881303,3.330575435757806,351.75154722759544,29.0,5.0,85.2924189242972,89.84375,93.75,11.991810414124144
session_11.csv,session_11,206,13184,13312,13184,13312,26.368,26.624,relax,0,0,0.0,False,False,2.7389957176002273,3.4020732704658334,354.0467399847346,30.0,3.0,79.66222711994712,78.125,74.21875,11.596695946024846
session_11.csv,session_11,207,13248,13376,13248,13376,26.496,26.752,relax,0,0,0.0,False,False,3.632366346756708,4.515224988220755,477.0671966625546,36.0,8.0,81.43527703180474,78.125,70.3125,11.672285794944003
session_11.csv,session_11,208,13312,13440,13312,13440,26.624,26.88,relax,0,36,0.28125,True,True,5.908613842245588,7.467263342335908,809.9335390350917,41.0,18.0,81.76614004993726,82.03125,93.75,36.01083583575423
session_11.csv,session_11,209,13376,13504,13376,13504,26.752,27.008,clench,1,100,0.78125,True,True,9.805969332061801,12.667099108611021,1379.9066726781107,49.0,29.0,83.12138439776972,82.03125,97.65625,61.426006435763156
session_11.csv,session_11,210,13440,13568,13440,13568,26.88,27.136,clench,1,128,1.0,False,False,13.853600911694006,18.211190122348142,1853.3020613772046,46.0,31.0,83.37773209412792,82.03125,82.03125,244.96550568820692
session_11.csv,session_11,211,13504,13632,13504,13632,27.008,27.264,clench,1,128,1.0,False,False,14.518010057468874,18.913030238693736,1877.3969947869662,44.0,28.0,79.29721499854324,78.125,74.21875,269.132084861633
session_11.csv,session_11,212,13568,13696,13568,13696,27.136,27.392,clench,1,128,1.0,False,False,11.870461683629639,15.126452155339535,1562.2626727717102,45.0,26.0,83.89968960298428,82.03125,93.75,224.42648170569578
session_11.csv,session_11,213,13632,13760,13632,13760,27.264,27.52,clench,1,128,1.0,False,False,11.598554121801932,14.681909325054518,1532.7265002274662,45.0,27.0,82.9624897265968,82.03125,82.03125,97.24858820113462
session_11.csv,session_11,214,13696,13824,13696,13824,27.392,27.648,clench,1,128,1.0,False,False,10.852603496999246,13.846427580067305,1393.9097061215934,43.0,25.0,80.24964510717746,78.125,74.21875,224.73604257688731
session_11.csv,session_11,215,13760,13888,13760,13888,27.52,27.776,clench,1,128,1.0,False,False,10.220517013462562,12.273244169235825,1354.2572278841728,44.0,27.0,82.54024290922426,82.03125,82.03125,169.13801673992202
session_11.csv,session_11,216,13824,13952,13824,13952,27.648,27.904,clench,1,128,1.0,False,False,9.296599401564276,11.450130214387617,1273.0916660414034,46.0,27.0,89.71123193591909,93.75,97.65625,87.27144307290382
session_11.csv,session_11,217,13888,14016,13888,14016,27.776,28.032,clench,1,128,1.0,False,False,9.491710054678975,12.132877041095407,1290.2242329373198,46.0,27.0,86.25524473820263,89.84375,93.75,138.36056778160815
session_11.csv,session_11,218,13952,14080,13952,14080,27.904,28.16,clench,1,128,1.0,False,False,13.184940554589692,15.75391913507387,1724.3808307562945,43.0,31.0,84.4450713659189,82.03125,78.125,224.6893563096194
session_11.csv,session_11,219,14016,14144,14016,14144,28.032,28.288,clench,1,128,1.0,False,False,14.02622888235604,16.60290431198877,1773.994552095538,38.0,30.0,79.42527591118962,74.21875,74.21875,190.2054329650896
session_11.csv,session_11,220,14080,14208,14080,14208,28.16,28.416,clench,1,128,1.0,False,False,12.641574800181491,15.613920094473775,1604.2458770619355,38.0,29.0,79.17560910706688,78.125,78.125,210.6807569823653
session_11.csv,session_11,221,14144,14272,14144,14272,28.288,28.544,clench,1,128,1.0,False,False,10.646871618739308,13.40157632344099,1336.0312093621237,38.0,25.0,77.91269024514804,78.125,74.21875,258.3556363473233
session_11.csv,session_11,222,14208,14336,14208,14336,28.416,28.672,clench,1,128,1.0,False,False,19.298719109871733,25.305202709127776,2563.411379069522,43.0,29.0,87.83349382671216,89.84375,93.75,386.2379622103488
session_11.csv,session_11,223,14272,14400,14272,14400,28.544,28.8,clench,1,128,1.0,False,False,24.95878668686396,29.97205369270666,3378.3458650543803,47.0,37.0,79.58486729299386,78.125,78.125,713.7814355968935
session_11.csv,session_11,224,14336,14464,14336,14464,28.672,28.928,clench,1,128,1.0,False,False,26.629243432892302,32.907579585269566,3456.7798386088352,44.0,36.0,84.13708014212612,85.9375,89.84375,722.6421790498401
session_11.csv,session_11,225,14400,14528,14400,14528,28.8,29.056,clench,1,128,1.0,False,False,33.007835756303294,38.71593283673369,4101.771173708554,40.0,37.0,79.31416534855038,74.21875,74.21875,1523.1239477091544
session_11.csv,session_11,226,14464,14592,14464,14592,28.928,29.184,clench,1,128,1.0,False,False,26.995386386650946,32.852761532692114,3443.786145993944,42.0,33.0,80.35186971749006,82.03125,85.9375,1032.764663541296
session_11.csv,session_11,227,14528,14656,14528,14656,29.056,29.312,clench,1,128,1.0,False,False,22.940502701667562,28.98216244200103,3085.47111378604,45.0,33.0,83.65143765645162,85.9375,85.9375,623.6745312996254
session_11.csv,session_11,228,14592,14720,14592,14720,29.184,29.44,clench,1,128,1.0,False,False,30.991717356326554,38.042939363933236,3946.026590507897,42.0,37.0,80.50886610197873,78.125,78.125,1408.2866482133443
session_11.csv,session_11,229,14656,14784,14656,14784,29.312,29.568,clench,1,128,1.0,False,False,29.41491305868374,37.33872813666029,3661.3107881939613,41.0,37.0,79.3862818464616,74.21875,74.21875,1061.6555476716317
session_11.csv,session_11,230,14720,14848,14720,14848,29.44,29.696,clench,1,128,1.0,False,False,23.788122590609202,29.952321778563757,3045.1656980913267,42.0,36.0,80.21682262385221,78.125,70.3125,671.4474904797522
session_11.csv,session_11,231,14784,14912,14784,14912,29.568,29.824,clench,1,128,1.0,False,False,24.345325878589275,29.79433587368027,3017.8432222058163,38.0,32.0,81.65667284575655,82.03125,85.9375,873.5867182391561
session_11.csv,session_11,232,14848,14976,14848,14976,29.696,29.952,clench,1,128,1.0,False,False,24.703745366850683,30.539769652950813,3172.250125324954,41.0,32.0,84.33858993966858,89.84375,93.75,1038.3055824134194
session_11.csv,session_11,233,14912,15040,14912,15040,29.824,30.08,clench,1,128,1.0,False,False,22.64238972493214,29.367542861628785,2964.653990079606,43.0,32.0,79.49648235562006,78.125,78.125,1049.8451670554955
session_11.csv,session_11,234,14976,15104,14976,15104,29.952,30.208,clench,1,128,1.0,False,True,12.721137399675158,19.966003630468148,1606.5397128613686,44.0,21.0,78.42912974648443,74.21875,74.21875,72.21634057181583
session_11.csv,session_11,235,15040,15168,15040,15168,30.08,30.336,clench,1,72,0.5625,True,True,7.1520332652717515,8.800439568808777,927.1716614429704,43.0,18.0,82.13070939998121,82.03125,82.03125,88.20486743126766
session_11.csv,session_11,236,15104,15232,15104,15232,30.208,30.464,relax,0,8,0.0625,True,True,5.94849894355537,7.816361086793502,755.2272780575969,35.0,14.0,77.79266668544997,74.21875,74.21875,21.96279460986846
session_11.csv,session_11,237,15168,15296,15168,15296,30.336,30.592,relax,0,0,0.0,False,False,3.846815257276698,4.756327665854019,533.0013624738189,38.0,11.0,81.14804922125974,78.125,78.125,11.817816208363812
session_11.csv,session_11,238,15232,15360,15232,15360,30.464,30.72,relax,0,0,0.0,False,False,4.025153073259647,4.7624527177058695,524.7511271070449,40.0,8.0,81.47719663827108,78.125,78.125,21.178519931974094
session_11.csv,session_11,239,15296,15424,15296,15424,30.592,30.848,relax,0,0,0.0,False,False,3.996805999729194,4.709400812330886,478.94200042095974,35.0,5.0,77.68812089107861,74.21875,74.21875,23.051790359395504
session_11.csv,session_11,240,15360,15488,15360,15488,30.72,30.976,relax,0,0,0.0,False,False,2.879887200841112,3.6376613388404815,348.0083233413487,24.0,2.0,77.3204337551433,74.21875,74.21875,11.103539902975733
session_11.csv,session_11,241,15424,15552,15424,15552,30.848,31.104,relax,0,0,0.0,False,False,2.855403567513652,3.927692951120929,350.36952542224856,24.0,2.0,81.12206773566234,82.03125,82.03125,8.638200383141418
session_11.csv,session_11,242,15488,15616,15488,15616,30.976,31.232,relax,0,0,0.0,False,False,3.4536342792804087,4.622342226749215,456.4787148715245,35.0,3.0,82.82695822816595,85.9375,85.9375,32.16502918073958
session_11.csv,session_11,243,15552,15680,15552,15680,31.104,31.36,relax,0,0,0.0,False,False,2.6949580280316416,3.5869758512109335,375.3878956251374,35.0,1.0,83.07865403517832,82.03125,97.65625,5.846148688653715
session_11.csv,session_11,244,15616,15744,15616,15744,31.232,31.488,relax,0,0,0.0,False,False,2.7063205015996115,3.259457772009986,379.9734150209475,41.0,5.0,83.76465284903398,78.125,97.65625,5.524021839303243
session_11.csv,session_11,245,15680,15808,15680,15808,31.36,31.616,relax,0,0,0.0,False,False,2.571341175246112,3.10166326718982,345.0294146654519,34.0,4.0,83.47829637538898,85.9375,85.9375,5.885406793022028
session_11.csv,session_11,246,15744,15872,15744,15872,31.488,31.744,relax,0,0,0.0,False,False,3.143700171360102,3.9628465845905407,417.7173189696041,32.0,6.0,81.02679018056004,78.125,70.3125,15.811889968569359
session_11.csv,session_11,247,15808,15936,15808,15936,31.616,31.872,relax,0,0,0.0,False,False,3.14342909804485,4.04220811128689,419.5096191516009,33.0,6.0,87.35827482730592,93.75,93.75,10.181910255835097
session_11.csv,session_11,248,15872,16000,15872,16000,31.744,32.0,relax,0,0,0.0,False,False,2.1240150562400046,2.8109279128433937,291.7480818771213,24.0,3.0,84.73033763784187,85.9375,82.03125,7.883348054492994
session_11.csv,session_11,249,15936,16064,15936,16064,31.872,32.128,relax,0,0,0.0,False,True,9.175851001157106,15.752625576631019,1229.492720204388,35.0,12.0,79.54926210607427,78.125,82.03125,90.30914836180754
session_11.csv,session_11,250,16000,16128,16000,16128,32.0,32.256,relax,0,54,0.421875,True,True,17.345207745664094,21.69590148041843,2216.3474398116623,42.0,29.0,82.99804784771896,85.9375,85.9375,551.9067266369315
session_11.csv,session_11,251,16064,16192,16064,16192,32.128,32.384,clench,1,118,0.921875,True,True,19.22992248766214,22.44823940618557,2397.5819734576453,40.0,33.0,79.94845710889872,78.125,78.125,513.1680779974571
session_11.csv,session_11,252,16128,16256,16128,16256,32.256,32.512,clench,1,128,1.0,False,False,18.498882943668523,23.514699794734582,2390.9136939552845,44.0,32.0,82.99261816324717,78.125,78.125,325.4656150651792
session_11.csv,session_11,253,16192,16320,16192,16320,32.384,32.64,clench,1,128,1.0,False,False,17.584999487234942,23.179063237860984,2402.019612604324,48.0,29.0,83.86967204198591,85.9375,85.9375,424.71973602530755
session_11.csv,session_11,254,16256,16384,16256,16384,32.512,32.768,clench,1,128,1.0,False,False,18.42869788012095,24.160663902304535,2436.268899432692,45.0,27.0,86.53516603284136,89.84375,89.84375,312.05289820617907
session_11.csv,session_11,255,16320,16448,16320,16448,32.64,32.896,clench,1,128,1.0,False,False,17.886983709598113,23.22626550063215,2360.723162647294,46.0,34.0,85.38409065093019,85.9375,89.84375,635.4055297218849
session_11.csv,session_11,256,16384,16512,16384,16512,32.768,33.024,clench,1,128,1.0,False,False,20.727417434680667,26.131963466740157,2717.883514670882,44.0,39.0,79.61453900626064,78.125,74.21875,1031.8793268227002
session_11.csv,session_11,257,16448,16576,16448,16576,32.896,33.152,clench,1,128,1.0,False,False,20.530642300946205,25.701390403519984,2633.7274713162706,41.0,35.0,80.7873514393376,82.03125,78.125,358.9643680001318
session_11.csv,session_11,258,16512,16640,16512,16640,33.024,33.28,clench,1,128,1.0,False,False,17.73246789607856,21.599055767537738,2332.5391921366772,43.0,32.0,83.92160596375095,85.9375,78.125,196.81383800259243
session_11.csv,session_11,259,16576,16704,16576,16704,33.152,33.408,clench,1,128,1.0,False,False,18.51771219968849,22.745494580645172,2423.099900867009,42.0,29.0,88.05096085290117,85.9375,85.9375,507.73545998414727
session_11.csv,session_11,260,16640,16768,16640,16768,33.28,33.536,clench,1,128,1.0,False,False,14.181775279142084,17.725321171366325,1845.277610604013,44.0,28.0,84.34784365124706,85.9375,78.125,363.29309416512865
session_11.csv,session_11,261,16704,16832,16704,16832,33.408,33.664,clench,1,128,1.0,False,False,17.13449694394083,21.996189396967754,2217.0053286072475,46.0,31.0,81.64609816523438,82.03125,82.03125,302.27862850791365
session_11.csv,session_11,262,16768,16896,16768,16896,33.536,33.792,clench,1,128,1.0,False,False,28.942124504739162,34.49994569461706,3607.0621221367524,42.0,33.0,76.63464621848476,78.125,78.125,1379.67987604016
session_11.csv,session_11,263,16832,16960,16832,16960,33.664,33.92,clench,1,128,1.0,False,False,29.577787996226256,36.57132312158382,3768.5418734681793,43.0,32.0,85.12311920779372,85.9375,97.65625,1479.1122473354553
session_11.csv,session_11,264,16896,17024,16896,17024,33.792,34.048,clench,1,128,1.0,False,False,20.046809199178853,27.012627561150193,2617.562463448274,45.0,32.0,78.92669090963027,78.125,70.3125,340.81182011386943
session_11.csv,session_11,265,16960,17088,16960,17088,33.92,34.176,clench,1,119,0.9296875,True,True,11.695363783955539,14.81940025202875,1474.335882082442,43.0,26.0,80.39709872678385,78.125,78.125,131.45813206164615
session_11.csv,session_11,266,17024,17152,17024,17152,34.048,34.304,relax,0,55,0.4296875,True,True,6.403265015442037,8.180644449647803,859.5068628116294,41.0,18.0,82.36129563952004,82.03125,97.65625,30.51082135910245
session_11.csv,session_11,267,17088,17216,17088,17216,34.176,34.432,relax,0,0,0.0,False,True,3.8248972614134367,4.914443414831495,489.15015837208784,33.0,8.0,77.46805587493941,78.125,70.3125,29.086226916225584
session_11.csv,session_11,268,17152,17280,17152,17280,34.304,34.56,relax,0,0,0.0,False,False,3.2278756598332325,4.117381826012815,385.57660335384196,27.0,3.0,75.8911490367719,70.3125,70.3125,10.445580159351126
session_11.csv,session_11,269,17216,17344,17216,17344,34.432,34.688,relax,0,0,0.0,False,False,3.595802149752404,4.574885510005573,452.2640766459832,34.0,4.0,83.91021674580331,82.03125,82.03125,8.228583865166312
session_11.csv,session_11,270,17280,17408,17280,17408,34.56,34.816,relax,0,0,0.0,False,False,4.173434215841588,5.360344315170032,518.7540745223744,37.0,4.0,78.84351437386556,78.125,78.125,45.456456339511845
session_11.csv,session_11,271,17344,17472,17344,17472,34.688,34.944,relax,0,0,0.0,False,False,3.832052941291926,5.054273049379424,473.9921364712071,31.0,4.0,74.73119808699663,74.21875,74.21875,18.03604450767883
session_11.csv,session_11,272,17408,17536,17408,17536,34.816,35.072,relax,0,0,0.0,False,False,3.5962556331394273,4.490921302898794,452.23242612292404,35.0,2.0,77.06332813876976,74.21875,70.3125,16.754506985708296
session_11.csv,session_11,273,17472,17600,17472,17600,34.944,35.2,relax,0,0,0.0,False,False,3.0473833774153816,3.7648517462851845,390.51081319988475,32.0,1.0,82.93678347560015,85.9375,89.84375,9.414893613828406
session_11.csv,session_11,274,17536,17664,17536,17664,35.072,35.328,relax,0,0,0.0,False,False,2.6838759645462638,3.3229090887028874,340.85247958705736,28.0,3.0,86.50310320413286,89.84375,89.84375,7.218193117162838
session_11.csv,session_11,275,17600,17728,17600,17728,35.2,35.456,relax,0,0,0.0,False,False,2.649409488727705,3.338255419144296,338.90487961150745,28.0,5.0,77.54985055635143,74.21875,70.3125,9.104699160513665
session_11.csv,session_11,276,17664,17792,17664,17792,35.328,35.584,relax,0,0,0.0,False,False,4.463385393656084,8.293040563956266,520.8676623007294,27.0,5.0,84.7897642489824,89.84375,89.84375,10.553630520417729
session_11.csv,session_11,277,17728,17856,17728,17856,35.456,35.712,relax,0,27,0.2109375,True,True,14.170468969708178,21.129993468739805,1872.7394304576972,36.0,21.0,77.4071656994441,78.125,82.03125,239.14639502827245
session_11.csv,session_11,278,17792,17920,17792,17920,35.584,35.84,clench,1,91,0.7109375,True,True,20.288677831887867,25.035208232156847,2704.561630648739,44.0,37.0,85.51860384265326,85.9375,85.9375,568.5075813780485
session_11.csv,session_11,279,17856,17984,17856,17984,35.712,35.968,clench,1,128,1.0,False,False,17.53279940729921,20.95884062820397,2295.9434697041706,46.0,37.0,80.55536187294638,78.125,78.125,431.88043702726395
session_11.csv,session_11,280,17920,18048,17920,18048,35.84,36.096,clench,1,128,1.0,False,False,14.94749470921624,18.160337574014903,1940.046100839691,44.0,34.0,80.46585223925248,74.21875,74.21875,271.0934458460521
session_11.csv,session_11,281,17984,18112,17984,18112,35.968,36.224,clench,1,128,1.0,False,False,14.91965831890411,18.29302709634492,1894.875801039686,41.0,27.0,77.98322767257571,74.21875,74.21875,230.2244370788179
session_11.csv,session_11,282,18048,18176,18048,18176,36.096,36.352,clench,1,128,1.0,False,False,13.219949644241137,17.260138227744044,1670.9021111832437,38.0,18.0,82.89484251517833,78.125,74.21875,348.4716683800687
session_11.csv,session_11,283,18112,18240,18112,18240,36.224,36.48,clench,1,128,1.0,False,False,8.321493878377172,11.431944474160115,1122.877416967231,42.0,19.0,82.79102796295506,85.9375,89.84375,57.541618102498354
session_11.csv,session_11,284,18176,18304,18176,18304,36.352,36.608,clench,1,128,1.0,False,False,9.518712701832271,11.922438850236878,1262.0267077921217,45.0,29.0,81.62239626938627,82.03125,82.03125,161.6522266877786
session_11.csv,session_11,285,18240,18368,18240,18368,36.48,36.736,clench,1,128,1.0,False,False,11.310164951292288,14.19302495648069,1490.2830397983748,43.0,26.0,76.45694658003514,74.21875,66.40625,116.66892081161664
session_11.csv,session_11,286,18304,18432,18304,18432,36.608,36.864,clench,1,128,1.0,False,False,9.846273163942481,12.727468005667633,1256.808828123408,41.0,22.0,81.16187254123132,74.21875,74.21875,141.315897121951
session_11.csv,session_11,287,18368,18496,18368,18496,36.736,36.992,clench,1,128,1.0,False,False,12.843707744604167,16.729341023901735,1625.4670444553308,42.0,25.0,82.14032200621165,82.03125,93.75,139.0123740848689
session_11.csv,session_11,288,18432,18560,18432,18560,36.864,37.12,clench,1,128,1.0,False,False,14.89643556948677,18.708287058590347,1878.7823036711056,42.0,28.0,81.84748780879504,82.03125,82.03125,555.4689807343896
session_11.csv,session_11,289,18496,18624,18496,18624,36.992,37.248,clench,1,128,1.0,False,False,12.781882088126242,15.658663922352702,1623.036475795433,41.0,28.0,80.10692395161645,74.21875,70.3125,167.2343797703425
session_11.csv,session_11,290,18560,18688,18560,18688,37.12,37.376,clench,1,128,1.0,False,False,17.10629091561062,21.59719861232048,2304.4620761196766,44.0,32.0,85.48912645045141,85.9375,93.75,628.1449069229138
session_11.csv,session_11,291,18624,18752,18624,18752,37.248,37.504,clench,1,128,1.0,False,False,16.67604875839315,21.341033325885835,2142.927199884378,39.0,28.0,82.45071726490329,82.03125,74.21875,201.224967392126
session_11.csv,session_11,292,18688,18816,18688,18816,37.376,37.632,clench,1,128,1.0,False,False,9.115151425353082,11.736021939945505,1114.6017135626857,38.0,18.0,74.04132404850255,70.3125,70.3125,192.5562493783524
session_11.csv,session_11,293,18752,18880,18752,18880,37.504,37.76,clench,1,112,0.875,True,True,6.996295727041657,8.774246388916957,865.4436978831083,39.0,14.0,79.63428142427976,82.03125,82.03125,38.58385916129712
session_11.csv,session_11,294,18816,18944,18816,18944,37.632,37.888,relax,0,48,0.375,True,True,6.291685717008979,7.663611439717315,800.3112076538398,37.0,16.0,83.62210061277128,82.03125,78.125,65.47962580274387
session_11.csv,session_11,295,18880,19008,18880,19008,37.76,38.016,relax,0,0,0.0,False,True,4.336183627264868,5.5700856073254865,567.1195428628117,36.0,10.0,83.61581066311204,89.84375,93.75,21.958098527983413
session_11.csv,session_11,296,18944,19072,18944,19072,37.888,38.144,relax,0,0,0.0,False,False,2.9524008312182515,3.5266324144719676,400.36221676651667,36.0,3.0,85.08490525992279,82.03125,97.65625,12.438184393902198
session_11.csv,session_11,297,19008,19136,19008,19136,38.016,38.272,relax,0,0,0.0,False,False,2.9251231181558577,3.5520858131710256,398.18531404725,33.0,3.0,80.22027684877001,82.03125,70.3125,8.104308587071133
session_11.csv,session_11,298,19072,19200,19072,19200,38.144,38.4,relax,0,0,0.0,False,False,2.5752563980141367,3.2516801128295985,355.14368940030636,28.0,2.0,87.3771572739947,89.84375,93.75,6.190856582121265
session_11.csv,session_11,299,19136,19264,19136,19264,38.272,38.528,relax,0,0,0.0,False,False,2.876910998796066,3.5713724464868792,376.0126071149625,28.0,7.0,79.42383609109231,78.125,70.3125,8.862017799466209
session_11.csv,session_11,300,19200,19328,19200,19328,38.4,38.656,relax,0,0,0.0,False,False,2.9993651975767177,3.5517693255933014,377.6719886972288,31.0,5.0,80.951197389739,82.03125,89.84375,12.367994018755919
session_11.csv,session_11,301,19264,19392,19264,19392,38.528,38.784,relax,0,0,0.0,False,False,2.721825411304989,3.2432638173422155,352.2937146319392,31.0,3.0,79.83189573813462,78.125,70.3125,7.870287029959933
session_11.csv,session_11,302,19328,19456,19328,19456,38.656,38.912,relax,0,0,0.0,False,False,2.43945134191505,3.098339686309236,325.67504572486064,25.0,6.0,87.99376194621753,89.84375,89.84375,9.729331222127149
session_11.csv,session_11,303,19392,19520,19392,19520,38.784,39.04,relax,0,0,0.0,False,False,2.3675108850946165,3.1258749791864364,302.0761280564885,20.0,2.0,79.57635942681796,78.125,78.125,4.473108074924495
session_11.csv,session_11,304,19456,19584,19456,19584,38.912,39.168,relax,0,0,0.0,False,False,3.024477272953085,3.6623411632271323,373.2954306361786,29.0,2.0,76.85028042171294,74.21875,74.21875,16.359543728601686
session_11.csv,session_11,305,19520,19648,19520,19648,39.04,39.296,relax,0,0,0.0,False,False,2.5323968150641534,3.131357999607505,321.9737358943528,27.0,2.0,77.76951294438707,78.125,78.125,8.493180908578623
session_11.csv,session_11,306,19584,19712,19584,19712,39.168,39.424,relax,0,0,0.0,False,False,2.0479994955653327,2.5887704809942997,258.2976478489078,19.0,0.0,78.08071094423168,74.21875,70.3125,3.6678197354071314
session_11.csv,session_11,307,19648,19776,19648,19776,39.296,39.552,relax,0,0,0.0,False,False,2.27989386206682,2.744283399664627,293.17301174292015,24.0,0.0,81.13278213176348,82.03125,70.3125,8.231105386639449
session_11.csv,session_11,308,19712,19840,19712,19840,39.424,39.68,relax,0,16,0.125,True,True,9.772638080570529,16.803929581593433,1315.1836118656156,37.0,16.0,84.95517689781688,89.84375,93.75,50.151167970449166
session_11.csv,session_11,309,19776,19904,19776,19904,39.552,39.808,clench,1,80,0.625,True,True,14.060149918690625,19.504987989431186,1914.8006031591258,45.0,28.0,84.58857961694522,85.9375,89.84375,563.7457286450993
session_11.csv,session_11,310,19840,19968,19840,19968,39.68,39.936,clench,1,128,1.0,False,True,18.586859540548563,23.990810976942317,2421.5171631202293,42.0,30.0,86.71555399568726,85.9375,85.9375,711.9325534454453
session_11.csv,session_11,311,19904,20032,19904,20032,39.808,40.064,clench,1,128,1.0,False,False,26.31465705427909,31.920383008494053,3356.351425922161,41.0,32.0,78.93353275955175,78.125,78.125,867.6555580844346
session_11.csv,session_11,312,19968,20096,19968,20096,39.936,40.192,clench,1,128,1.0,False,False,24.025263396856737,29.883050007572763,3057.380478591901,40.0,32.0,80.0572819544053,78.125,74.21875,752.2809136017205
session_11.csv,session_11,313,20032,20160,20032,20160,40.064,40.32,clench,1,128,1.0,False,False,16.12986412828343,20.782038852199797,2063.3530684725015,43.0,28.0,84.07259833104702,85.9375,78.125,459.077112904475
session_11.csv,session_11,314,20096,20224,20096,20224,40.192,40.448,clench,1,128,1.0,False,False,14.248971641597532,18.06382694091386,1840.8521107859092,46.0,27.0,85.75718305354984,85.9375,93.75,247.26142062125305
session_11.csv,session_11,315,20160,20288,20160,20288,40.32,40.576,clench,1,128,1.0,False,False,12.784492114674201,16.75157144587151,1669.1304884998542,45.0,29.0,82.46506923673141,85.9375,85.9375,298.5950213887532
session_11.csv,session_11,316,20224,20352,20224,20352,40.448,40.704,clench,1,128,1.0,False,False,8.969274842013691,12.11467632131876,1210.964778071354,43.0,26.0,81.4125412973311,82.03125,85.9375,57.208587818926304
session_11.csv,session_11,317,20288,20416,20288,20416,40.576,40.832,clench,1,128,1.0,False,False,11.799183323316392,15.03150647083724,1519.6004966538944,42.0,31.0,78.23077646589824,78.125,74.21875,309.69521393022666
session_11.csv,session_11,318,20352,20480,20352,20480,40.704,40.96,clench,1,128,1.0,False,False,10.607061738266971,12.991311748421781,1330.51323522674,40.0,26.0,82.14605226240948,85.9375,93.75,153.42081106683358
session_11.csv,session_11,319,20416,20544,20416,20544,40.832,41.088,clench,1,128,1.0,False,False,13.856488665416109,18.14526064771972,1718.86407689947,39.0,25.0,76.67370073757058,74.21875,74.21875,485.2276061951757
session_11.csv,session_11,320,20480,20608,20480,20608,40.96,41.216,clench,1,128,1.0,False,False,18.402366105403814,22.21668920467815,2325.695755598038,42.0,32.0,84.69191327160534,85.9375,85.9375,403.63131081246274
session_11.csv,session_11,321,20544,20672,20544,20672,41.088,41.344,clench,1,128,1.0,False,True,12.406504096484323,16.312610211627543,1638.6677264007112,42.0,25.0,85.86736925990753,89.84375,93.75,194.38744199619936
session_11.csv,session_11,322,20608,20736,20608,20736,41.216,41.472,clench,1,86,0.671875,True,True,7.226607516112707,9.320127712469425,920.5933779975035,42.0,15.0,74.03818103792437,74.21875,74.21875,57.3059021277451
session_11.csv,session_11,323,20672,20800,20672,20800,41.344,41.6,relax,0,22,0.171875,True,True,6.001577257804949,7.471107808655539,729.8933606348453,38.0,9.0,77.12687293687019,74.21875,70.3125,57.15745373908603
session_11.csv,session_11,324,20736,20864,20736,20864,41.472,41.728,relax,0,0,0.0,False,False,3.988447428197781,4.988512367664053,490.1287370722432,33.0,5.0,77.61439656474786,74.21875,74.21875,33.98096971635934
session_11.csv,session_11,325,20800,20928,20800,20928,41.6,41.856,relax,0,0,0.0,False,False,3.496042532567543,4.609451456891432,445.44925490616663,29.0,6.0,83.93466986674608,82.03125,78.125,33.70820938507562
session_11.csv,session_11,326,20864,20992,20864,20992,41.728,41.984,relax,0,0,0.0,False,False,3.433449206470473,4.6849154202979895,429.7379905887402,24.0,5.0,81.12619968649109,82.03125,82.03125,14.861622314915529
session_11.csv,session_11,327,20928,21056,20928,21056,41.856,42.112,relax,0,0,0.0,False,False,3.4116790019028445,4.651513118741469,446.33468934573625,29.0,6.0,84.43210511977652,89.84375,93.75,11.60212824972323
session_11.csv,session_11,328,20992,21120,20992,21120,41.984,42.24,relax,0,0,0.0,False,False,3.9678305932338676,5.465998189274816,538.838100667952,34.0,11.0,84.01296487713881,82.03125,97.65625,40.97602367140561
session_11.csv,session_11,329,21056,21184,21056,21184,42.112,42.368,relax,0,0,0.0,False,False,3.1818987087432573,4.515138281165062,415.309767115304,28.0,5.0,78.15797030401302,74.21875,74.21875,7.980695300816574
session_11.csv,session_11,330,21120,21248,21120,21248,42.24,42.496,relax,0,0,0.0,False,False,3.037446486517619,3.9780791073512183,384.44234896102125,27.0,3.0,78.5246368787466,74.21875,74.21875,11.82166950330432
session_11.csv,session_11,331,21184,21312,21184,21312,42.368,42.624,relax,0,0,0.0,False,False,3.090758358757194,3.9129918651973146,387.89633583742466,28.0,3.0,80.25831123498394,78.125,74.21875,10.252670900161712
session_11.csv,session_11,332,21248,21376,21248,21376,42.496,42.752,relax,0,0,0.0,False,False,2.352136415600496,2.876256786733353,294.57140367097156,24.0,0.0,81.2801969816387,78.125,78.125,9.110867361409188
session_11.csv,session_11,333,21312,21440,21312,21440,42.624,42.88,relax,0,0,0.0,False,False,2.388637429497485,2.960221875519014,306.8540727037089,26.0,0.0,78.63773316312886,78.125,70.3125,7.461373511143201
session_11.csv,session_11,334,21376,21504,21376,21504,42.752,43.008,relax,0,0,0.0,False,False,2.2875638036405785,2.8492190368924333,289.3005855524783,24.0,0.0,76.21768553186122,70.3125,70.3125,6.64265423732097
session_11.csv,session_11,335,21440,21568,21440,21568,42.88,43.136,relax,0,0,0.0,False,False,2.1800548917099194,2.6596853448618996,285.2262931514699,26.0,0.0,83.70222580717106,85.9375,97.65625,5.219042155304276
session_11.csv,session_11,336,21504,21632,21504,21632,43.008,43.264,relax,0,0,0.0,False,True,3.8992030990638087,6.178773396965572,515.6409147359502,29.0,6.0,82.08708903742057,82.03125,93.75,9.096970394266087
session_11.csv,session_11,337,21568,21696,21568,21696,43.136,43.392,relax,0,42,0.328125,True,True,9.668907477051897,13.8904498113415,1242.892338416958,33.0,22.0,81.5647003900076,82.03125,82.03125,160.6486667226733
session_11.csv,session_11,338,21632,21760,21632,21760,43.264,43.52,clench,1,106,0.828125,True,True,16.45084465299741,21.648615607974275,2169.5070479181472,44.0,35.0,80.03349961085878,82.03125,74.21875,237.45911141375646
session_11.csv,session_11,339,21696,21824,21696,21824,43.392,43.648,clench,1,128,1.0,False,False,20.318275812641758,25.63881840972801,2821.3267663704723,46.0,38.0,88.32534157599629,93.75,97.65625,673.130268928168
session_11.csv,session_11,340,21760,21888,21760,21888,43.52,43.776,clench,1,128,1.0,False,False,23.489375001671206,28.370233555951728,3126.6950323567285,44.0,40.0,82.78903155051269,78.125,78.125,710.2241559901687
session_11.csv,session_11,341,21824,21952,21824,21952,43.648,43.904,clench,1,128,1.0,False,False,22.600625482714033,27.008369686657435,2876.1222274133643,41.0,37.0,82.27263607346212,78.125,78.125,505.4580769371448
session_11.csv,session_11,342,21888,22016,21888,22016,43.776,44.032,clench,1,128,1.0,False,False,19.0391636742716,22.186632970459915,2331.190681707622,40.0,34.0,76.24575347392485,74.21875,70.3125,477.055597241603
session_11.csv,session_11,343,21952,22080,21952,22080,43.904,44.16,clench,1,128,1.0,False,False,14.820186488665632,18.408147663599134,1818.7102142545739,43.0,29.0,77.44744057472121,74.21875,70.3125,369.17607103141535
session_11.csv,session_11,344,22016,22144,22016,22144,44.032,44.288,clench,1,128,1.0,False,False,15.553971229053182,19.227562908144083,2013.4230221363928,45.0,30.0,79.27613292651365,82.03125,82.03125,143.6233076074007
session_11.csv,session_11,345,22080,22208,22080,22208,44.16,44.416,clench,1,128,1.0,False,False,15.70288472904093,19.11467367906364,2087.1789941379893,44.0,32.0,79.94084900479801,82.03125,82.03125,490.3082066757241
session_11.csv,session_11,346,22144,22272,22144,22272,44.288,44.544,clench,1,128,1.0,False,False,12.429426714699648,15.740975466904247,1588.043008521544,42.0,26.0,85.70264429938727,85.9375,85.9375,139.1519688807495
session_11.csv,session_11,347,22208,22336,22208,22336,44.416,44.672,clench,1,128,1.0,False,False,14.369771282057435,18.047132352117405,1818.7432143623137,41.0,29.0,79.15350778669948,78.125,74.21875,506.18362399925434
session_11.csv,session_11,348,22272,22400,22272,22400,44.544,44.8,clench,1,128,1.0,False,False,13.054837068413894,16.70752113963064,1727.5929818600978,45.0,34.0,81.49927256646018,78.125,74.21875,141.64172033738927
session_11.csv,session_11,349,22336,22464,22336,22464,44.672,44.928,clench,1,128,1.0,False,False,12.182834516804148,15.180910189313835,1651.7611864420583,46.0,32.0,83.61153697405683,89.84375,74.21875,153.2439589857392
session_11.csv,session_11,350,22400,22528,22400,22528,44.8,45.056,clench,1,128,1.0,False,False,12.547861076434668,15.478809548062138,1661.4169502789682,43.0,30.0,86.58842597240836,89.84375,97.65625,270.3903875765747
session_11.csv,session_11,351,22464,22592,22464,22592,44.928,45.184,clench,1,128,1.0,False,False,11.583303084064177,14.663012959977102,1551.408823772372,43.0,30.0,83.30089453433536,78.125,78.125,127.32401634480567
session_11.csv,session_11,352,22528,22656,22528,22656,45.056,45.312,clench,1,128,1.0,False,False,20.67893330118071,28.917732821365224,2622.837230146193,42.0,33.0,75.6941760279112,74.21875,70.3125,296.59213244535505
session_11.csv,session_11,353,22592,22720,22592,22720,45.184,45.44,clench,1,128,1.0,False,False,20.5586906491759,29.015428584236926,2574.735258829056,41.0,34.0,80.42226241595894,78.125,74.21875,1075.1000677424395
session_11.csv,session_11,354,22656,22784,22656,22784,45.312,45.568,clench,1,128,1.0,False,False,18.057882255678955,22.06596625982144,2342.9041340612093,42.0,35.0,81.28580576105854,82.03125,74.21875,559.0447696883336
session_11.csv,session_11,355,22720,22848,22720,22848,45.44,45.696,clench,1,128,1.0,False,False,22.022491918128605,25.70754480378259,2873.9268778935266,44.0,39.0,83.8560861348688,85.9375,89.84375,454.2871679103868
session_11.csv,session_11,356,22784,22912,22784,22912,45.568,45.824,clench,1,128,1.0,False,False,18.83297517889868,22.93958512074441,2427.640259251435,43.0,33.0,77.08281595033594,78.125,66.40625,537.4785934059499
session_11.csv,session_11,357,22848,22976,22848,22976,45.696,45.952,clench,1,128,1.0,False,False,12.669585750049976,16.27997941670825,1553.92491949746,39.0,26.0,86.59182074585662,89.84375,93.75,201.51286390338868
session_11.csv,session_11,358,22912,23040,22912,23040,45.824,46.08,clench,1,107,0.8359375,True,True,7.234903466949379,9.047980102506562,912.0170050967828,39.0,18.0,79.44798233878286,78.125,78.125,122.20203124634503
session_11.csv,session_11,359,22976,23104,22976,23104,45.952,46.208,relax,0,43,0.3359375,True,True,6.411117906429361,8.199293023884385,864.5729999852678,43.0,16.0,89.50329504470014,89.84375,97.65625,32.416655410101114
session_11.csv,session_11,360,23040,23168,23040,23168,46.08,46.336,relax,0,0,0.0,False,True,5.01352117917489,6.051411412968945,647.6699929302974,39.0,17.0,83.65363985464995,85.9375,85.9375,26.143752631970088
session_11.csv,session_11,361,23104,23232,23104,23232,46.208,46.464,relax,0,0,0.0,False,False,4.0985405477963015,4.881879000728997,516.3090718451377,37.0,11.0,77.92114504392556,74.21875,70.3125,13.397852056097024
session_11.csv,session_11,362,23168,23296,23168,23296,46.336,46.592,relax,0,0,0.0,False,False,3.409108650927223,4.093097441339744,445.8241879553718,32.0,6.0,86.87164372333832,85.9375,85.9375,18.133237836913715
session_11.csv,session_11,363,23232,23360,23232,23360,46.464,46.72,relax,0,0,0.0,False,False,3.4586031071657093,4.247099448302441,462.1082879214381,30.0,8.0,79.2544792265628,74.21875,70.3125,19.007377002761856
session_11.csv,session_11,364,23296,23424,23296,23424,46.592,46.848,relax,0,0,0.0,False,False,3.9202230207156044,4.764530130464164,513.8127408155526,35.0,10.0,83.96597988761269,82.03125,89.84375,14.85226805372863
session_11.csv,session_11,365,23360,23488,23360,23488,46.72,46.976,relax,0,0,0.0,False,False,2.720543341852787,3.7267816608313904,346.80990930725466,23.0,4.0,78.9391591752707,78.125,70.3125,12.174753566517383
session_11.csv,session_11,366,23424,23552,23424,23552,46.848,47.104,relax,0,0,0.0,False,False,2.061093795284431,2.9601851682233997,274.1109865054576,20.0,0.0,83.11181305108673,85.9375,89.84375,1.9570505957555873
session_11.csv,session_11,367,23488,23616,23488,23616,46.976,47.232,relax,0,0,0.0,False,False,2.9819625378870684,3.87687115039688,389.9454323131953,28.0,4.0,81.03380940804597,82.03125,74.21875,17.19087485977507
session_11.csv,session_11,368,23552,23680,23552,23680,47.104,47.36,relax,0,0,0.0,False,False,3.3918449810977513,4.063508455592182,435.6919362152935,33.0,8.0,79.07355717078222,74.21875,74.21875,17.13157063291958
session_11.csv,session_11,369,23616,23744,23616,23744,47.232,47.488,relax,0,0,0.0,False,False,3.550389846227554,4.251250502287062,452.902111360744,34.0,7.0,81.17348676807981,82.03125,70.3125,14.336368227764071
session_11.csv,session_11,370,23680,23808,23680,23808,47.36,47.616,relax,0,0,0.0,False,False,3.318108578327939,4.092924494557163,431.7864466883394,31.0,6.0,85.04685449703457,85.9375,97.65625,17.00037443725345
session_11.csv,session_11,371,23744,23872,23744,23872,47.488,47.744,relax,0,0,0.0,False,False,2.9528573936134377,3.6099740973089753,397.26974068756624,31.0,6.0,80.77568418320836,82.03125,74.21875,8.883004063487308
session_11.csv,session_11,372,23808,23936,23808,23936,47.616,47.872,relax,0,0,0.0,False,False,5.244198470277557,7.912978621250818,685.5724093335565,36.0,7.0,85.03128967416824,82.03125,82.03125,11.039224700519732
session_11.csv,session_11,373,23872,24000,23872,24000,47.744,48.0,relax,0,21,0.1640625,True,True,10.89335459890292,14.2398176771416,1445.1075131927655,42.0,20.0,85.16980482546613,85.9375,85.9375,216.25907909096176
session_11.csv,session_11,374,23936,24064,23936,24064,47.872,48.128,clench,1,85,0.6640625,True,True,18.533561852562315,22.24436837696229,2390.7872426313406,44.0,36.0,80.276411948877,78.125,74.21875,472.64712846577737
session_11.csv,session_11,375,24000,24128,24000,24128,48.0,48.256,clench,1,128,1.0,False,True,27.361274362874667,32.34419782571045,3586.5877946417486,43.0,39.0,80.21326672574271,82.03125,85.9375,892.0921986964946
session_11.csv,session_11,376,24064,24192,24064,24192,48.128,48.384,clench,1,128,1.0,False,False,23.635952918903506,29.646862164751727,3120.2140928801336,42.0,34.0,80.87900106236604,78.125,74.21875,721.6937577767355
session_11.csv,session_11,377,24128,24256,24128,24256,48.256,48.512,clench,1,128,1.0,False,False,17.008626462479132,21.074441862046882,2240.4807462418285,44.0,32.0,85.82788951560552,85.9375,85.9375,197.57231200409893
session_11.csv,session_11,378,24192,24320,24192,24320,48.384,48.64,clench,1,128,1.0,False,False,20.832317068271966,24.68382931971038,2741.3850388962464,45.0,37.0,82.64277267217325,85.9375,85.9375,662.4712344274135
session_11.csv,session_11,379,24256,24384,24256,24384,48.512,48.768,clench,1,128,1.0,False,False,23.003289482568242,27.51645074307733,2950.035580369818,42.0,38.0,83.99122937559639,85.9375,85.9375,970.3635293864978
session_11.csv,session_11,380,24320,24448,24320,24448,48.64,48.896,clench,1,128,1.0,False,False,20.51704445388306,25.71345465248135,2573.087013452405,40.0,32.0,76.34824483715886,78.125,78.125,356.5143156513796
session_11.csv,session_11,381,24384,24512,24384,24512,48.768,49.024,clench,1,128,1.0,False,False,17.111531787073233,22.006656928070406,2207.0724606021217,41.0,28.0,83.28717708630298,85.9375,89.84375,424.5284478611521
session_11.csv,session_11,382,24448,24576,24448,24576,48.896,49.152,clench,1,128,1.0,False,False,18.513038354534572,23.518653942505217,2422.9255655614625,45.0,32.0,80.41537050142375,82.03125,70.3125,382.8737076806966
session_11.csv,session_11,383,24512,24640,24512,24640,49.024,49.28,clench,1,128,1.0,False,False,20.554421635661473,25.582604860049784,2752.5486723391737,45.0,37.0,80.36851932380382,82.03125,78.125,871.1298675585828
session_11.csv,session_11,384,24576,24704,24576,24704,49.152,49.408,clench,1,128,1.0,False,False,28.70472478027198,38.300156886301245,3828.056784970298,45.0,36.0,79.7548292257293,78.125,78.125,574.9329821740245
session_11.csv,session_11,385,24640,24768,24640,24768,49.28,49.536,clench,1,128,1.0,False,False,31.801227775768712,40.3131077927323,4237.538087846705,45.0,32.0,87.16734116581225,89.84375,97.65625,2480.0529988590233
session_11.csv,session_11,386,24704,24832,24704,24832,49.408,49.664,clench,1,128,1.0,False,False,25.74622730196146,30.54469554784346,3376.4031977239274,43.0,29.0,85.12972943679657,85.9375,85.9375,775.404152724464
session_11.csv,session_11,387,24768,24896,24768,24896,49.536,49.792,clench,1,128,1.0,False,False,27.487742362335222,35.82464674187501,3560.416067839551,42.0,32.0,80.75161357392612,82.03125,82.03125,1543.9062270927452
session_11.csv,session_11,388,24832,24960,24832,24960,49.664,49.92,clench,1,128,1.0,False,False,24.101651788259687,32.88453003875939,3096.187399763284,42.0,33.0,80.29854567432841,82.03125,82.03125,553.4744894348988
session_11.csv,session_11,389,24896,25024,24896,25024,49.792,50.048,clench,1,128,1.0,False,False,20.368765215863924,24.67026719034098,2568.955796031373,42.0,32.0,82.78197482745503,85.9375,93.75,607.8347486085643
session_11.csv,session_11,390,24960,25088,24960,25088,49.92,50.176,clench,1,128,1.0,False,False,17.049322326459215,22.140179610021015,2155.377203480277,40.0,25.0,80.90248711369206,82.03125,82.03125,347.71346480694064
session_11.csv,session_11,391,25024,25152,25024,25152,50.048,50.304,clench,1,128,1.0,False,False,22.220831019554183,29.907548043167065,2805.5763689864634,37.0,31.0,78.27516104335905,78.125,78.125,1144.2607348450051
session_11.csv,session_11,392,25088,25216,25088,25216,50.176,50.432,clench,1,128,1.0,False,False,29.308850954398032,35.64050408100669,3690.323533695512,40.0,37.0,81.1856956826317,78.125,74.21875,1055.9234199160396
session_11.csv,session_11,393,25152,25280,25152,25280,50.304,50.56,clench,1,128,1.0,False,False,25.264166687676656,30.628529794851275,3360.1744323041207,44.0,37.0,84.32333132624238,85.9375,97.65625,668.6033877514815
session_11.csv,session_11,394,25216,25344,25216,25344,50.432,50.688,clench,1,128,1.0,False,False,26.107646346062094,32.963939494072086,3465.0377913318166,45.0,39.0,84.970462648317,93.75,93.75,335.6746358542922
session_11.csv,session_11,395,25280,25408,25280,25408,50.56,50.816,clench,1,128,1.0,False,False,24.66875771734412,32.280006847305984,3175.7204279043203,43.0,35.0,80.19036089988201,78.125,74.21875,1561.955102026109
session_11.csv,session_11,396,25344,25472,25344,25472,50.688,50.944,clench,1,128,1.0,False,False,14.152936039056128,20.981510644284562,1860.2547629585522,42.0,26.0,85.53434381509175,85.9375,85.9375,320.6360225326473
session_11.csv,session_11,397,25408,25536,25408,25536,50.816,51.072,clench,1,117,0.9140625,True,True,7.469909554329137,9.958961673362426,1003.3091242705586,42.0,22.0,83.49352533436686,85.9375,85.9375,29.352319212458607
session_11.csv,session_11,398,25472,25600,25472,25600,50.944,51.2,relax,0,53,0.4140625,True,True,7.9071771040580705,9.938829891446359,1061.9837925302863,44.0,22.0,86.03065353548713,89.84375,89.84375,114.32706138883016
session_11.csv,session_11,399,25536,25664,25536,25664,51.072,51.328,relax,0,0,0.0,False,True,5.945268351454798,7.662535541541367,789.9652866358401,40.0,14.0,87.56994643039327,89.84375,82.03125,24.108114359249686
session_11.csv,session_11,400,25600,25728,25600,25728,51.2,51.456,relax,0,0,0.0,False,False,4.582413240711682,5.728433440154846,592.970320668295,36.0,7.0,80.65438491990771,78.125,78.125,24.740408082428495
session_11.csv,session_11,401,25664,25792,25664,25792,51.328,51.584,relax,0,0,0.0,False,False,4.2780028314705145,5.133249669570665,537.6623394576668,35.0,8.0,77.76831543203342,74.21875,70.3125,22.443856512849845
session_11.csv,session_11,402,25728,25856,25728,25856,51.456,51.712,relax,0,0,0.0,False,False,3.6414934532676355,4.332982915590725,455.75126752517167,37.0,7.0,80.54351869575432,82.03125,70.3125,12.13687903390305
session_11.csv,session_11,403,25792,25920,25792,25920,51.584,51.84,relax,0,0,0.0,False,False,2.9110761120893187,3.4612599653370797,374.0980586039602,37.0,2.0,79.39511218593435,78.125,78.125,15.772802019644764
session_11.csv,session_11,404,25856,25984,25856,25984,51.712,51.968,relax,0,0,0.0,False,False,2.79406827131766,3.4805607702263037,364.4655910539109,35.0,1.0,80.16981560954298,78.125,97.65625,4.368833263961052
session_11.csv,session_11,405,25920,26048,25920,26048,51.84,52.096,relax,0,0,0.0,False,False,2.581485682934032,3.2872825341200667,323.9016860691387,25.0,0.0,74.93550344892707,74.21875,70.3125,15.788549523566815
session_11.csv,session_11,406,25984,26112,25984,26112,51.968,52.224,relax,0,0,0.0,False,False,3.001170937220216,3.804717204714735,396.0215722182853,28.0,5.0,80.15982269620268,82.03125,66.40625,11.515513657337943
session_11.csv,session_11,407,26048,26176,26048,26176,52.096,52.352,relax,0,0,0.0,False,False,3.4105899068979193,4.287701996062369,455.81525793178673,35.0,8.0,82.36631402085757,82.03125,97.65625,16.595296991425844
session_11.csv,session_11,408,26112,26240,26112,26240,52.224,52.48,relax,0,0,0.0,False,False,2.812208981095173,3.609343698079971,374.61582767602795,29.0,5.0,79.31917661360131,78.125,66.40625,5.497247627727672
session_11.csv,session_11,409,26176,26304,26176,26304,52.352,52.608,relax,0,0,0.0,False,False,3.479765600549637,4.3238300281849495,456.7520766502548,34.0,6.0,78.10457620839875,74.21875,78.125,15.0123663229356
session_11.csv,session_11,410,26240,26368,26240,26368,52.48,52.736,relax,0,0,0.0,False,False,4.023297500697451,4.811644359362837,517.9941144454631,37.0,7.0,79.76864195411258,78.125,70.3125,17.952331862544906
session_11.csv,session_11,411,26304,26432,26304,26432,52.608,52.864,relax,0,0,0.0,False,False,3.1027360501540837,3.809589697850019,412.0814810638482,33.0,4.0,87.96875355816454,93.75,97.65625,11.981534488393732
session_11.csv,session_11,412,26368,26496,26368,26496,52.736,52.992,relax,0,0,0.0,False,False,3.1215171976825635,3.7183096575106216,409.7809665398738,36.0,3.0,76.38479715923017,74.21875,70.3125,11.79245708064126
session_11.csv,session_11,413,26432,26560,26432,26560,52.864,53.12,relax,0,0,0.0,False,False,2.8892839935020014,3.6791717443856693,384.9559170892454,31.0,3.0,87.44926560692612,89.84375,97.65625,15.548687253664406
session_11.csv,session_11,414,26496,26624,26496,26624,52.992,53.248,relax,0,0,0.0,False,False,2.1948065440810423,2.991497040410505,297.1274623413152,22.0,3.0,85.38655025210949,89.84375,89.84375,1.976701629787398
session_11.csv,session_11,415,26560,26688,26560,26688,53.12,53.376,relax,0,0,0.0,False,False,2.556577402307739,3.2533480537260755,334.5131057458236,28.0,4.0,84.52152050970264,82.03125,93.75,10.503974907854085
session_11.csv,session_11,416,26624,26752,26624,26752,53.248,53.504,relax,0,0,0.0,False,False,2.922169237321322,3.6216235128360625,389.63214679170187,33.0,3.0,82.9161896894419,82.03125,78.125,11.407212041347897
session_11.csv,session_11,417,26688,26816,26688,26816,53.376,53.632,relax,0,0,0.0,False,False,2.421509081974123,3.1428323340500586,337.7156478839686,25.0,1.0,86.70744897592206,89.84375,93.75,10.386045217943652
session_11.csv,session_11,418,26752,26880,26752,26880,53.504,53.76,relax,0,0,0.0,False,True,2.357718322917182,2.9877532291249316,318.57683461815566,25.0,3.0,79.79457495159168,78.125,78.125,4.867994228514199
session_11.csv,session_11,419,26816,26944,26816,26944,53.632,53.888,relax,0,55,0.4296875,True,True,6.706858071382376,9.604769243748365,824.2682827969863,38.0,13.0,72.11454380457761,70.3125,70.3125,52.294330666974396
session_11.csv,session_11,420,26880,27008,26880,27008,53.76,54.016,clench,1,119,0.9296875,True,True,13.447573895351374,16.560575565899047,1735.049803460975,42.0,28.0,83.33322851410973,85.9375,89.84375,216.63763796186282
session_11.csv,session_11,421,26944,27072,26944,27072,53.888,54.144,clench,1,128,1.0,False,False,18.650404466815793,22.040051351554844,2441.3621918469344,44.0,34.0,82.82194999189015,82.03125,82.03125,410.50236026593853
session_11.csv,session_11,422,27008,27136,27008,27136,54.016,54.272,clench,1,128,1.0,False,False,18.969745984196194,22.339640592441597,2448.916528558126,44.0,35.0,78.09831470117017,74.21875,74.21875,463.13802659135575
session_11.csv,session_11,423,27072,27200,27072,27200,54.144,54.4,clench,1,128,1.0,False,False,19.376788444338686,24.394824180491558,2470.8715550993015,44.0,35.0,81.37600271470717,82.03125,85.9375,787.1342639322996
session_11.csv,session_11,424,27136,27264,27136,27264,54.272,54.528,clench,1,128,1.0,False,False,24.64190791793436,31.705819111267736,3130.145506832668,42.0,33.0,80.04588940889107,78.125,74.21875,950.2984232011408
session_11.csv,session_11,425,27200,27328,27200,27328,54.4,54.656,clench,1,128,1.0,False,False,24.500108451046703,30.955460331019335,3107.2212179883004,41.0,32.0,82.50184647158562,82.03125,82.03125,384.474047494554
session_11.csv,session_11,426,27264,27392,27264,27392,54.528,54.784,clench,1,128,1.0,False,False,18.04985875042037,23.27400894973579,2311.349874004839,41.0,30.0,80.50218010707754,82.03125,82.03125,641.9386634218961
session_11.csv,session_11,427,27328,27456,27328,27456,54.656,54.912,clench,1,128,1.0,False,False,16.95253292599034,22.498616243094293,2239.73453745685,39.0,29.0,85.29869682021021,85.9375,89.84375,350.63265963653134
session_11.csv,session_11,428,27392,27520,27392,27520,54.784,55.04,clench,1,128,1.0,False,False,19.814307260232,24.601505049981153,2610.301643331544,41.0,33.0,82.19479227147147,82.03125,82.03125,599.4382264228036
session_11.csv,session_11,429,27456,27584,27456,27584,54.912,55.168,clench,1,128,1.0,False,False,17.75916862668802,21.837325134609035,2209.4028488013364,36.0,30.0,79.20573975591462,82.03125,82.03125,378.7766454233795
session_11.csv,session_11,430,27520,27648,27520,27648,55.04,55.296,clench,1,128,1.0,False,False,22.10198062389857,28.951707305692082,2871.330666798221,37.0,34.0,77.7252980157569,74.21875,74.21875,756.591255349113
session_11.csv,session_11,431,27584,27712,27584,27712,55.168,55.424,clench,1,128,1.0,False,False,26.711737012368033,33.30952641302114,3592.9196071164697,44.0,41.0,83.84692290428396,82.03125,82.03125,714.9145467870528
session_11.csv,session_11,432,27648,27776,27648,27776,55.296,55.552,clench,1,128,1.0,False,False,22.651164235819977,27.748888647200154,2918.9341320935428,43.0,39.0,78.78716470136303,78.125,82.03125,761.2671221782111
session_11.csv,session_11,433,27712,27840,27712,27840,55.424,55.68,clench,1,128,1.0,False,False,17.30059148229842,21.53040561251706,2176.0887578269185,41.0,33.0,78.37867581383092,74.21875,74.21875,340.89089259127246
session_11.csv,session_11,434,27776,27904,27776,27904,55.552,55.808,clench,1,128,1.0,False,False,19.374595569643816,24.91652815429299,2576.106655162477,44.0,32.0,89.93631002820192,93.75,93.75,389.53645044141484
session_11.csv,session_11,435,27840,27968,27840,27968,55.68,55.936,clench,1,128,1.0,False,False,20.5586145512016,25.846871238620768,2769.988049519279,45.0,34.0,86.15813141087284,85.9375,85.9375,626.557788494894
session_11.csv,session_11,436,27904,28032,27904,28032,55.808,56.064,clench,1,128,1.0,False,False,20.058023004146804,24.090847907699533,2550.25455985992,42.0,34.0,79.25069440388246,78.125,78.125,497.476667005556
session_11.csv,session_11,437,27968,28096,27968,28096,55.936,56.192,clench,1,128,1.0,False,False,27.745474994205484,35.708125982406116,3553.1592378879554,44.0,39.0,80.31023598967926,78.125,70.3125,400.7863855128884
session_11.csv,session_11,438,28032,28160,28032,28160,56.064,56.32,clench,1,128,1.0,False,False,29.957324993020904,38.08259986976952,3889.5365080684596,44.0,39.0,80.09025435021,78.125,74.21875,2267.4412590837806
session_11.csv,session_11,439,28096,28224,28096,28224,56.192,56.448,clench,1,128,1.0,False,False,26.154560208852125,30.921478293836298,3342.3890766402255,42.0,33.0,86.91617855987704,85.9375,85.9375,754.6245347083484
session_11.csv,session_11,440,28160,28288,28160,28288,56.32,56.576,clench,1,128,1.0,False,False,15.023759815662268,20.686852662254342,1964.3714524349496,44.0,23.0,77.78327858497717,78.125,74.21875,333.30833453279376
session_11.csv,session_11,441,28224,28352,28224,28352,56.448,56.704,clench,1,124,0.96875,True,True,6.891957154461336,8.838701104872213,901.9295384457099,41.0,15.0,80.35203684329777,82.03125,85.9375,49.98881152356615
session_11.csv,session_11,442,28288,28416,28288,28416,56.576,56.832,relax,0,60,0.46875,True,True,7.043459876098562,8.703122289189004,916.4469162745936,41.0,15.0,86.9964437949302,85.9375,82.03125,79.42995196652399
session_11.csv,session_11,443,28352,28480,28352,28480,56.704,56.96,relax,0,0,0.0,False,True,5.743961013973523,7.020826893777139,775.6782238195219,44.0,13.0,86.00952155050071,85.9375,97.65625,35.644128316098055
session_11.csv,session_11,444,28416,28544,28416,28544,56.832,57.088,relax,0,0,0.0,False,False,4.4267288684289205,5.587846974224654,588.4454480932486,39.0,5.0,82.761506536609,85.9375,89.84375,24.27865942336446
session_11.csv,session_11,445,28480,28608,28480,28608,56.96,57.216,relax,0,0,0.0,False,False,3.569449297810462,4.447701111536321,469.9818415223898,35.0,0.0,84.50415079828753,85.9375,89.84375,24.061300224211642
session_11.csv,session_11,446,28544,28672,28544,28672,57.088,57.344,relax,0,0,0.0,False,False,3.2872977392738827,3.9697772827721254,419.041055697617,33.0,3.0,79.19222978849668,78.125,70.3125,16.425092367324833
session_11.csv,session_11,447,28608,28736,28608,28736,57.216,57.472,relax,0,0,0.0,False,False,3.630419127138233,4.621266231355342,465.4670488173847,34.0,7.0,79.59813278450946,78.125,78.125,20.6520672737334
session_11.csv,session_11,448,28672,28800,28672,28800,57.344,57.6,relax,0,0,0.0,False,False,2.9316331030492373,3.994088955239142,402.1683771122209,31.0,4.0,79.27463897204585,78.125,78.125,3.068073867074003
session_11.csv,session_11,449,28736,28864,28736,28864,57.472,57.728,relax,0,0,0.0,False,False,1.8656477955416815,2.2773925934472685,263.8421678570551,23.0,0.0,82.38256636097786,85.9375,89.84375,6.633156897827706
session_11.csv,session_11,450,28800,28928,28800,28928,57.6,57.856,relax,0,0,0.0,False,False,2.029192720807268,2.568237744891613,273.89865804867213,24.0,1.0,90.11702843350243,93.75,93.75,3.072684731679392
session_11.csv,session_11,451,28864,28992,28864,28992,57.728,57.984,relax,0,0,0.0,False,False,2.5191721088986405,3.102118014188151,325.46032225719375,31.0,1.0,81.85129456451864,78.125,97.65625,9.737867289767227
session_11.csv,session_11,452,28928,29056,28928,29056,57.856,58.112,relax,0,0,0.0,False,False,2.914330492365603,3.5156828919067324,365.9248821932896,32.0,0.0,74.42969527376236,70.3125,70.3125,11.340312290837748
session_11.csv,session_11,453,28992,29120,28992,29120,57.984,58.24,relax,0,0,0.0,False,False,3.1770593439529433,3.8343153517138515,393.24086357464637,28.0,4.0,81.90669513749216,82.03125,85.9375,17.33306088370715
session_11.csv,session_11,454,29056,29184,29056,29184,58.112,58.368,relax,0,0,0.0,False,False,3.524407528626166,4.459987348459598,460.3760595717854,30.0,8.0,80.52321419163793,82.03125,70.3125,9.808543173549502
session_11.csv,session_11,455,29120,29248,29120,29248,58.24,58.496,relax,0,0,0.0,False,False,3.464525836502874,4.499908427331874,460.87251302416576,32.0,5.0,86.89413019042868,89.84375,93.75,20.402768320906844
session_11.csv,session_11,456,29184,29312,29184,29312,58.368,58.624,relax,0,33,0.2578125,True,True,4.235111558191552,5.510843280136859,553.011847136652,36.0,4.0,82.28464224366262,78.125,78.125,27.486211576594616
session_11.csv,session_11,457,29248,29376,29248,29376,58.496,58.752,clench,1,97,0.7578125,True,True,8.479847893367632,12.191304154862038,1145.1967337925958,44.0,14.0,85.08250870521583,85.9375,89.84375,87.6261610252235
session_11.csv,session_11,458,29312,29440,29312,29440,58.624,58.88,clench,1,128,1.0,False,False,10.960447836605956,14.395888913406885,1442.7922446000348,41.0,24.0,83.13996679854161,85.9375,85.9375,196.38682625195463
session_11.csv,session_11,459,29376,29504,29376,29504,58.752,59.008,clench,1,128,1.0,False,False,15.52262009177689,20.025892869834525,1965.2431586340363,39.0,28.0,81.56605522118923,82.03125,82.03125,422.1646000030626
session_11.csv,session_11,460,29440,29568,29440,29568,58.88,59.136,clench,1,128,1.0,False,False,16.65799253953948,20.60290924829979,2086.18374427172,40.0,27.0,83.52634988297547,82.03125,82.03125,458.0318327477757
session_11.csv,session_11,461,29504,29632,29504,29632,59.008,59.264,clench,1,128,1.0,False,False,15.061872544555749,19.20745935885503,1937.3435139832973,42.0,29.0,82.92141638312643,82.03125,82.03125,140.39542965503563
session_11.csv,session_11,462,29568,29696,29568,29696,59.136,59.392,clench,1,128,1.0,False,False,20.780891390043344,25.993856637680576,2660.9698273507565,42.0,34.0,82.20738390323596,78.125,78.125,756.1047807445625
session_11.csv,session_11,463,29632,29760,29632,29760,59.264,59.52,clench,1,128,1.0,False,False,22.695430975600615,26.85600791406387,2873.725956851351,41.0,33.0,83.71352869103666,85.9375,85.9375,645.7647843880607
session_11.csv,session_11,464,29696,29824,29696,29824,59.392,59.648,clench,1,128,1.0,False,False,20.422934974591833,24.263280531724643,2752.161761209866,45.0,35.0,85.63656107244901,89.84375,93.75,667.0933645171688
session_11.csv,session_11,465,29760,29888,29760,29888,59.52,59.776,clench,1,128,1.0,False,False,19.53771454942148,23.575267059739524,2618.6031281854034,46.0,36.0,82.66665926868778,85.9375,89.84375,442.87419788964854
session_11.csv,session_11,466,29824,29952,29824,29952,59.648,59.904,clench,1,128,1.0,False,False,21.15778346637609,25.138820517479655,2617.964495421253,43.0,29.0,83.54456818211702,82.03125,93.75,529.9829106857844
session_11.csv,session_11,467,29888,30016,29888,30016,59.776,60.032,clench,1,128,1.0,False,False,26.476955839565864,32.20633594385044,3213.509687424801,39.0,26.0,75.67989374756674,74.21875,74.21875,1310.6245320032492
session_11.csv,session_11,468,29952,30080,29952,30080,59.904,60.16,clench,1,128,1.0,False,False,24.97600486728212,31.33081558071483,3077.507532317866,42.0,33.0,78.31216197622207,74.21875,74.21875,744.4858695030263
session_11.csv,session_11,469,30016,30144,30016,30144,60.032,60.288,clench,1,128,1.0,False,False,21.749762243688117,26.141024673496883,2853.9276997686484,44.0,39.0,86.2470032205235,85.9375,89.84375,582.0832597383076
session_11.csv,session_11,470,30080,30208,30080,30208,60.16,60.416,clench,1,128,1.0,False,False,21.449209276028782,26.52388658165229,2806.039718728433,42.0,32.0,85.0641361808906,85.9375,89.84375,319.0357511746282
session_11.csv,session_11,471,30144,30272,30144,30272,60.288,60.544,clench,1,128,1.0,False,False,22.01674192639649,28.789608632237517,2756.0805004354024,39.0,24.0,81.35561483768845,82.03125,82.03125,1111.611829956092
session_11.csv,session_11,472,30208,30336,30208,30336,60.416,60.672,clench,1,128,1.0,False,False,18.177929215932366,24.7915311645703,2206.306561735277,39.0,24.0,76.2882784915577,74.21875,74.21875,316.0043690763289
session_11.csv,session_11,473,30272,30400,30272,30400,60.544,60.8,clench,1,128,1.0,False,False,13.504015333127308,16.87085311509564,1745.80598572882,44.0,32.0,82.66241842241799,89.84375,70.3125,226.31123333259723
session_11.csv,session_11,474,30336,30464,30336,30464,60.672,60.928,clench,1,128,1.0,False,False,16.31428360567756,21.138539301134823,2266.1248529240484,48.0,37.0,82.53275184993885,82.03125,78.125,445.8376860887675
session_11.csv,session_11,475,30400,30528,30400,30528,60.8,61.056,clench,1,128,1.0,False,False,11.58291201907975,17.155466871371598,1624.6597453116683,47.0,29.0,90.14995840645153,89.84375,97.65625,223.99841623467177
session_11.csv,session_11,476,30464,30592,30464,30592,60.928,61.184,clench,1,128,1.0,False,True,5.1568569676839555,6.381362091160055,698.8764483262404,41.0,17.0,84.58395582908243,85.9375,89.84375,30.733421208866353
session_11.csv,session_11,477,30528,30656,30528,30656,61.056,61.312,clench,1,74,0.578125,True,True,5.697219869375819,7.299339391449123,721.962407972334,37.0,11.0,78.62918025891024,78.125,78.125,48.28792456861849
session_11.csv,session_11,478,30592,30720,30592,30720,61.184,61.44,relax,0,10,0.078125,True,True,5.738784229970431,7.267058868692995,692.9475125958128,37.0,8.0,78.99538120785738,74.21875,74.21875,43.294846115040755
session_11.csv,session_11,479,30656,30784,30656,30784,61.312,61.568,relax,0,0,0.0,False,False,3.9070988758917755,4.683733381750904,476.3204941690416,33.0,6.0,76.70760382384796,70.3125,70.3125,21.634066786302967
session_11.csv,session_11,480,30720,30848,30720,30848,61.44,61.696,relax,0,0,0.0,False,False,3.802861177756448,4.634343636903018,483.08237002699684,32.0,8.0,82.03602159464444,85.9375,85.9375,18.099430235691724
session_11.csv,session_11,481,30784,30912,30784,30912,61.568,61.824,relax,0,0,0.0,False,False,4.018446077076045,5.002259477995908,512.811751711434,32.0,12.0,82.67540788233404,82.03125,74.21875,14.856475984209517
session_11.csv,session_11,482,30848,30976,30848,30976,61.696,61.952,relax,0,0,0.0,False,False,3.822039790476355,4.768170107015988,462.6235053023471,29.0,7.0,77.20340843430564,74.21875,74.21875,21.81399347158642
session_11.csv,session_11,483,30912,31040,30912,31040,61.824,62.08,relax,0,0,0.0,False,False,2.807509612801871,3.6663932811428697,339.75595082127757,22.0,0.0,74.2827400094649,70.3125,66.40625,12.69629212152399
session_11.csv,session_11,484,30976,31104,30976,31104,61.952,62.208,relax,0,0,0.0,False,False,2.5631063514090204,3.3018384273817767,333.81211216028,25.0,2.0,81.24326559135221,82.03125,82.03125,6.371670650194038
session_11.csv,session_11,485,31040,31168,31040,31168,62.08,62.336,relax,0,0,0.0,False,False,3.0047572861730094,3.7840095250334405,390.4752641319204,29.0,5.0,78.5363545350571,78.125,74.21875,15.48892917478937
session_11.csv,session_11,486,31104,31232,31104,31232,62.208,62.464,relax,0,0,0.0,False,False,2.5044135992359786,3.1948315155272495,318.69073543107356,25.0,3.0,79.9781535285185,78.125,74.21875,5.92525870612028
session_11.csv,session_11,487,31168,31296,31168,31296,62.336,62.592,relax,0,0,0.0,False,False,2.4193520840639033,3.1333128009434463,315.2879253583394,25.0,2.0,76.81744294163856,78.125,82.03125,5.235827989445071
session_11.csv,session_11,488,31232,31360,31232,31360,62.464,62.72,relax,0,0,0.0,False,False,2.5553007408564428,3.367254453809212,345.7446659416745,25.0,5.0,86.58275046382236,85.9375,93.75,14.097645808680499
session_11.csv,session_11,489,31296,31424,31296,31424,62.592,62.848,relax,0,0,0.0,False,False,2.981174714769965,3.888646176940126,394.5270340351751,26.0,5.0,85.08927249042358,85.9375,93.75,13.072074204841106
session_11.csv,session_11,490,31360,31488,31360,31488,62.72,62.976,relax,0,0,0.0,False,False,3.3060900245675553,4.2222228361768845,426.16385755243243,28.0,5.0,82.26766473941825,85.9375,74.21875,8.715097061930937
session_11.csv,session_11,491,31424,31552,31424,31552,62.848,63.104,relax,0,0,0.0,False,False,2.819976275644592,3.619148374679352,361.8904091837138,25.0,5.0,80.87732930169085,82.03125,82.03125,13.993623157765926
session_11.csv,session_11,492,31488,31616,31488,31616,62.976,63.232,relax,0,0,0.0,False,False,3.216167862531046,3.9352158430888036,412.2968210606083,30.0,6.0,78.58081105902556,78.125,70.3125,16.832361673173835
session_11.csv,session_11,493,31552,31680,31552,31680,63.104,63.36,relax,0,0,0.0,False,False,2.873004121392662,3.606842051888827,368.7236345365478,29.0,4.0,85.05892324064888,85.9375,85.9375,9.425947775651274
session_11.csv,session_11,494,31616,31744,31616,31744,63.232,63.488,relax,0,0,0.0,False,False,2.602092602443121,3.3926936265018695,346.0256530066076,27.0,4.0,85.63181794555834,85.9375,85.9375,14.706050174197882
session_11.csv,session_11,495,31680,31808,31680,31808,63.36,63.616,relax,0,0,0.0,False,False,3.0436340595280456,3.9722022892228614,413.83107836369584,33.0,4.0,87.90365899537936,89.84375,97.65625,14.562549452783943
session_11.csv,session_11,496,31744,31872,31744,31872,63.488,63.744,relax,0,0,0.0,False,False,2.9513787866454324,3.8018909615257437,376.38131632328316,32.0,3.0,76.96543071396484,74.21875,74.21875,7.8661900967432805
session_11.csv,session_11,497,31808,31936,31808,31936,63.616,63.872,relax,0,0,0.0,False,False,2.9521180365932826,3.6508067747728288,378.3938593242491,31.0,4.0,83.00335720045946,82.03125,82.03125,13.383003952075644
session_11.csv,session_11,498,31872,32000,31872,32000,63.744,64.0,relax,0,0,0.0,False,False,2.7380558076237076,3.4478958920674008,352.13966313014544,27.0,2.0,85.01256406441784,85.9375,85.9375,10.164119162079263
session_11.csv,session_11,499,31936,32064,31936,32064,63.872,64.128,relax,0,0,0.0,False,False,2.734145905441186,3.353474966805636,356.2424768408591,30.0,0.0,78.39389421922667,78.125,74.21875,13.902582803635875
session_11.csv,session_11,500,32000,32128,32000,32128,64.0,64.256,relax,0,0,0.0,False,False,2.6233900530189835,3.148254256711398,334.72049620893245,28.0,2.0,82.25494207273296,85.9375,89.84375,7.003183997555453
session_11.csv,session_11,501,32064,32192,32064,32192,64.128,64.384,relax,0,0,0.0,False,False,2.7169527754880844,3.188416558943171,363.4638569602122,36.0,4.0,86.00187974119062,93.75,97.65625,6.713855455236392
session_11.csv,session_11,502,32128,32256,32128,32256,64.256,64.512,relax,0,0,0.0,False,False,2.405191933151655,2.9912620652161097,327.51930498779245,29.0,3.0,89.34092005762132,89.84375,93.75,5.9519743359096875
session_11.csv,session_11,503,32192,32320,32192,32320,64.384,64.64,relax,0,30,0.234375,True,True,3.746260134154432,5.368630493403954,451.943254987969,21.0,3.0,78.0212626579415,74.21875,74.21875,20.13276157625996
session_11.csv,session_11,504,32256,32384,32256,32384,64.512,64.768,clench,1,94,0.734375,True,True,7.822270030928598,10.181181713787392,987.7360734861702,39.0,11.0,76.84857373061715,74.21875,70.3125,100.641861622148
session_11.csv,session_11,505,32320,32448,32320,32448,64.64,64.896,clench,1,128,1.0,False,False,11.781356533293735,14.848329664371883,1530.2564080611987,41.0,23.0,82.65544079842076,78.125,97.65625,115.5202422626638
session_11.csv,session_11,506,32384,32512,32384,32512,64.768,65.024,clench,1,128,1.0,False,False,14.4324937632462,17.273466579052283,1852.9202181028284,41.0,31.0,81.71939191409191,82.03125,82.03125,251.6123920444714
session_11.csv,session_11,507,32448,32576,32448,32576,64.896,65.152,clench,1,128,1.0,False,False,15.387915276516475,17.829535876145286,2054.593629940991,44.0,36.0,86.92143992135126,85.9375,85.9375,397.4393340429747
session_11.csv,session_11,508,32512,32640,32512,32640,65.024,65.28,clench,1,128,1.0,False,False,14.068090135009392,16.7345630242397,1892.5682834741792,43.0,35.0,78.25849242185916,74.21875,74.21875,168.73861049090078
session_11.csv,session_11,509,32576,32704,32576,32704,65.152,65.408,clench,1,128,1.0,False,False,20.58466045065225,26.100453564267923,2655.339763316135,42.0,34.0,81.93160720353184,78.125,74.21875,417.2327780159791
session_11.csv,session_11,510,32640,32768,32640,32768,65.28,65.536,clench,1,128,1.0,False,False,23.351122973349753,28.307186621036525,2968.5332138701865,41.0,35.0,81.62278692599698,82.03125,85.9375,784.0948333092007
session_11.csv,session_11,511,32704,32832,32704,32832,65.408,65.664,clench,1,128,1.0,False,False,17.192142378302922,20.85670815139685,2154.8978655981273,40.0,33.0,82.43514091128205,82.03125,78.125,599.2232235271193
session_11.csv,session_11,512,32768,32896,32768,32896,65.536,65.792,clench,1,128,1.0,False,False,16.111716908135318,19.52294438577569,2043.005518329148,41.0,28.0,80.27898651316599,78.125,74.21875,241.00931102014493
session_11.csv,session_11,513,32832,32960,32832,32960,65.664,65.92,clench,1,128,1.0,False,False,12.973529219973866,17.613250904362076,1644.150857901211,37.0,20.0,79.56889202465865,78.125,78.125,219.68826350350238
session_11.csv,session_11,514,32896,33024,32896,33024,65.792,66.048,clench,1,128,1.0,False,False,7.372701604880911,12.058791283669757,966.9050298080982,34.0,17.0,80.6575144891839,82.03125,82.03125,114.9295895279199
session_11.csv,session_11,515,32960,33088,32960,33088,65.92,66.176,clench,1,128,1.0,False,False,10.960870814113305,16.804078081044622,1455.9934094094706,38.0,25.0,82.97011685818642,82.03125,78.125,143.41830863378686
session_11.csv,session_11,516,33024,33152,33024,33152,66.048,66.304,clench,1,128,1.0,False,False,17.05512204110151,22.324985826897674,2231.1725750656196,43.0,36.0,83.69027436665121,82.03125,78.125,831.2811141947083
session_11.csv,session_11,517,33088,33216,33088,33216,66.176,66.432,clench,1,128,1.0,False,False,12.327063913153019,16.602095783389206,1576.3908910195926,45.0,32.0,83.04608173888803,85.9375,89.84375,179.9557163014721
session_11.csv,session_11,518,33152,33280,33152,33280,66.304,66.56,clench,1,128,1.0,False,False,8.119195537315179,9.554626434794947,1067.7721639571942,45.0,24.0,79.85003697864029,82.03125,85.9375,55.330192649686026
session_11.csv,session_11,519,33216,33344,33216,33344,66.432,66.688,clench,1,128,1.0,False,False,10.12107091741102,12.85967661753528,1332.5628281389518,44.0,23.0,86.28618304322784,89.84375,97.65625,145.09594970821294
session_11.csv,session_11,520,33280,33408,33280,33408,66.56,66.816,clench,1,128,1.0,False,False,13.335106334732043,17.326494411736398,1733.7684815892628,43.0,21.0,82.3348343855859,82.03125,82.03125,239.56320968207947
session_11.csv,session_11,521,33344,33472,33344,33472,66.688,66.944,clench,1,128,1.0,False,False,14.423341749381136,19.26785364331983,1834.9600796284135,42.0,23.0,79.17092876743983,78.125,78.125,585.6495137295707
session_11.csv,session_11,522,33408,33536,33408,33536,66.816,67.072,clench,1,128,1.0,False,False,11.769959747598765,16.008357745334774,1498.9586309306965,42.0,28.0,83.52115504608635,82.03125,93.75,180.37406078277846
session_11.csv,session_11,523,33472,33600,33472,33600,66.944,67.2,clench,1,128,1.0,False,False,7.148667154985586,9.27612372923402,939.0213138371171,41.0,19.0,83.55638207007843,85.9375,85.9375,31.26734322457265
session_11.csv,session_11,524,33536,33664,33536,33664,67.072,67.328,clench,1,102,0.796875,True,True,3.9816820654939633,5.002914516611048,500.56091741677665,35.0,5.0,79.71394568317196,82.03125,82.03125,26.63991694001476
session_11.csv,session_11,525,33600,33728,33600,33728,67.2,67.456,relax,0,38,0.296875,True,True,4.27785709581084,5.473416964156918,565.2572845687919,35.0,13.0,79.15530115789682,78.125,89.84375,30.570053695717085
session_11.csv,session_11,526,33664,33792,33664,33792,67.328,67.584,relax,0,0,0.0,False,False,4.524475225721213,5.682367453632136,622.5221426540586,39.0,15.0,84.79707280921674,85.9375,85.9375,21.830545254633662
session_11.csv,session_11,527,33728,33856,33728,33856,67.456,67.712,relax,0,0,0.0,False,False,3.7603891549841064,4.783177225533754,495.6311568691764,32.0,9.0,84.92411543781013,82.03125,97.65625,20.628074608528816
session_11.csv,session_11,528,33792,33920,33792,33920,67.584,67.84,relax,0,0,0.0,False,False,3.0431027904328225,3.864538244929388,404.5584510135177,33.0,3.0,78.99296578263154,74.21875,70.3125,7.5976636517990315
session_11.csv,session_11,529,33856,33984,33856,33984,67.712,67.968,relax,0,0,0.0,False,False,2.9011440981167453,3.4698951657917925,386.69234808488125,34.0,1.0,80.78594515507748,78.125,74.21875,10.01319219570902
session_11.csv,session_11,530,33920,34048,33920,34048,67.84,68.096,relax,0,0,0.0,False,False,2.776124077559629,3.3438695027242304,356.43896657631615,29.0,2.0,78.77845270273146,78.125,78.125,11.689891540302819
session_11.csv,session_11,531,33984,34112,33984,34112,67.968,68.224,relax,0,0,0.0,False,False,3.1566213020383422,4.213530218618071,413.6817771167242,30.0,3.0,79.82035822874495,74.21875,70.3125,17.161946133067158
session_11.csv,session_11,532,34048,34176,34048,34176,68.096,68.352,relax,0,0,0.0,False,False,3.8844820745983757,4.974827056110916,518.8479873529006,36.0,7.0,83.67181989984836,85.9375,82.03125,13.967476249207296
session_11.csv,session_11,533,34112,34240,34112,34240,68.224,68.48,relax,0,0,0.0,False,False,3.0512143217166514,3.9580262714890626,410.042586547826,29.0,8.0,82.32819973191528,85.9375,93.75,8.306804694503747
session_11.csv,session_11,534,34176,34304,34176,34304,68.352,68.608,relax,0,0,0.0,False,False,3.1679686884667237,4.153828027968267,417.84606790161774,28.0,9.0,82.70302999096815,82.03125,82.03125,13.664411692983453
session_11.csv,session_11,535,34240,34368,34240,34368,68.48,68.736,relax,0,0,0.0,False,False,3.5505947712504238,4.565681042652278,466.08405295256046,34.0,9.0,82.31716289893674,85.9375,85.9375,14.04058798352036
session_11.csv,session_11,536,34304,34432,34304,34432,68.608,68.864,relax,0,0,0.0,False,False,3.344889308731413,4.46688453705015,439.43949028986606,34.0,6.0,86.26067037653262,89.84375,89.84375,11.178251229330632
session_11.csv,session_11,537,34368,34496,34368,34496,68.736,68.992,relax,0,0,0.0,False,False,3.073282360824611,4.140039867252657,406.14061487699655,29.0,5.0,81.71645518693697,78.125,93.75,19.99586682262831
session_11.csv,session_11,538,34432,34560,34432,34560,68.864,69.12,relax,0,0,0.0,False,False,2.7970761357598466,3.546639814354004,388.105145539717,31.0,3.0,87.08028559873267,89.84375,93.75,10.867527426212723
session_11.csv,session_11,539,34496,34624,34496,34624,68.992,69.248,relax,0,0,0.0,False,False,2.8353785071172144,3.4793678014851586,386.6277402309503,36.0,2.0,76.98561588677836,74.21875,66.40625,5.803245350311016
session_11.csv,session_11,540,34560,34688,34560,34688,69.12,69.376,relax,0,0,0.0,False,False,3.2417853366829066,4.07540445155775,427.67403465496557,37.0,7.0,83.81640567326734,89.84375,89.84375,8.60440351502903
session_11.csv,session_11,541,34624,34752,34624,34752,69.248,69.504,relax,0,0,0.0,False,False,3.2872406601828787,4.100979064955716,425.07721023453666,33.0,6.0,83.57331773639842,82.03125,82.03125,19.592571332732653
session_11.csv,session_11,542,34688,34816,34688,34816,69.376,69.632,relax,0,0,0.0,False,True,4.295502005348082,5.679756916076216,551.4254242668558,35.0,9.0,80.17739840351582,82.03125,82.03125,13.601345522896926
session_11.csv,session_11,543,34752,34880,34752,34880,69.504,69.76,relax,0,48,0.375,True,True,9.145653826045063,12.182180108203266,1229.1598115935014,41.0,28.0,81.86561423833386,85.9375,70.3125,121.62467792550348
session_11.csv,session_11,544,34816,34944,34816,34944,69.632,69.888,clench,1,112,0.875,True,True,12.159318523741463,14.942975571457668,1608.6408194966386,42.0,34.0,82.15291571925079,82.03125,82.03125,187.81570269766723
session_11.csv,session_11,545,34880,35008,34880,35008,69.76,70.016,clench,1,128,1.0,False,False,12.554369148100854,15.26741125350498,1626.8036326629326,42.0,31.0,83.95809852973365,82.03125,82.03125,215.0959017923018
session_11.csv,session_11,546,34944,35072,34944,35072,69.888,70.144,clench,1,128,1.0,False,False,15.786508270389273,19.189614019897284,1937.4510637352157,41.0,27.0,78.36296749984282,74.21875,74.21875,232.97348724412095
session_11.csv,session_11,547,35008,35136,35008,35136,70.016,70.272,clench,1,128,1.0,False,False,15.660351085328294,19.219900832054073,1924.9662079471018,41.0,24.0,75.25368294139977,74.21875,70.3125,420.2445295824368
session_11.csv,session_11,548,35072,35200,35072,35200,70.144,70.4,clench,1,128,1.0,False,False,13.384654760894303,16.175428573411068,1738.2793602050551,43.0,28.0,84.16587302779334,85.9375,85.9375,190.42632200487344
session_11.csv,session_11,549,35136,35264,35136,35264,70.272,70.528,clench,1,128,1.0,False,False,11.181221761430853,13.554141150664858,1463.4886434933242,42.0,29.0,87.67391108571721,93.75,93.75,156.62762818565355
session_11.csv,session_11,550,35200,35328,35200,35328,70.4,70.656,clench,1,128,1.0,False,False,12.018560578029906,14.959307954278358,1621.81454862298,43.0,34.0,82.02896518439482,78.125,74.21875,100.98145994323237
session_11.csv,session_11,551,35264,35392,35264,35392,70.528,70.784,clench,1,128,1.0,False,False,21.01566695838766,25.48111388434537,2709.2465288946314,44.0,33.0,84.00019757961152,85.9375,78.125,552.2382471290867
session_11.csv,session_11,552,35328,35456,35328,35456,70.656,70.912,clench,1,128,1.0,False,False,21.08001428057781,25.789445634039506,2628.3207936540944,41.0,26.0,78.5733287771598,78.125,82.03125,595.6444085593174
session_11.csv,session_11,553,35392,35520,35392,35520,70.784,71.04,clench,1,128,1.0,False,False,15.658536709966844,19.02805758640806,2059.7381255252244,43.0,32.0,79.00843479639443,78.125,78.125,331.2963475039373
session_11.csv,session_11,554,35456,35584,35456,35584,70.912,71.168,clench,1,128,1.0,False,False,16.81036774988616,20.062393868526375,2232.980546384553,44.0,37.0,82.65426229547244,85.9375,93.75,249.52275960284862
session_11.csv,session_11,555,35520,35648,35520,35648,71.04,71.296,clench,1,128,1.0,False,False,14.817868426564164,18.508880948220476,2002.191503944639,45.0,35.0,83.49774736046935,85.9375,85.9375,295.8195498369368
session_11.csv,session_11,556,35584,35712,35584,35712,71.168,71.424,clench,1,128,1.0,False,False,14.27277257365197,18.744048457054937,1854.280975454582,41.0,28.0,82.35128949881341,82.03125,85.9375,491.689008486678
session_11.csv,session_11,557,35648,35776,35648,35776,71.296,71.552,clench,1,128,1.0,False,False,16.039085265007422,20.053414054437127,2041.9482828795385,40.0,21.0,82.04617084200926,82.03125,89.84375,206.9456515038028
session_11.csv,session_11,558,35712,35840,35712,35840,71.424,71.68,clench,1,128,1.0,False,False,20.161913273133912,25.40789849828408,2616.4713363129113,45.0,32.0,78.9927116509393,78.125,66.40625,250.35734527904495
session_11.csv,session_11,559,35776,35904,35776,35904,71.552,71.808,clench,1,128,1.0,False,False,24.567856336728667,30.160634096144566,3093.812584740638,43.0,34.0,77.67676884590351,78.125,78.125,1277.8731014086457
session_11.csv,session_11,560,35840,35968,35840,35968,71.68,71.936,clench,1,128,1.0,False,False,26.14966259638689,32.03697200704647,3312.719880831734,42.0,34.0,80.83175729391466,78.125,74.21875,698.5995434952333
session_11.csv,session_11,561,35904,36032,35904,36032,71.808,72.064,clench,1,128,1.0,False,False,23.66001768380881,30.452932365170657,3177.1863833419898,45.0,38.0,86.43713688043849,89.84375,89.84375,1269.0796989755977
session_11.csv,session_11,562,35968,36096,35968,36096,71.936,72.192,clench,1,128,1.0,False,False,22.19981987351848,28.735333805172505,3007.675191760216,45.0,39.0,88.69439933792826,89.84375,93.75,595.1346569121209
session_11.csv,session_11,563,36032,36160,36032,36160,72.064,72.32,clench,1,128,1.0,False,False,25.071949289634528,30.07772359606429,3208.761930495122,41.0,38.0,77.96087595228381,74.21875,70.3125,737.9645568856645
session_11.csv,session_11,564,36096,36224,36096,36224,72.192,72.448,clench,1,128,1.0,False,False,26.048062755723333,30.954621099165124,3118.2566183881418,38.0,29.0,80.63965443315332,78.125,78.125,985.5904204077527
session_11.csv,session_11,565,36160,36288,36160,36288,72.32,72.576,clench,1,128,1.0,False,False,23.866658647344163,29.79144151189315,2936.2203118188313,39.0,32.0,76.33782968204721,74.21875,74.21875,729.9726680016613
session_11.csv,session_11,566,36224,36352,36224,36352,72.448,72.704,clench,1,128,1.0,False,False,20.12202862152315,25.355194957827084,2619.689651938149,41.0,33.0,77.52161203424578,74.21875,70.3125,426.5409514602108
session_11.csv,session_11,567,36288,36416,36288,36416,72.576,72.832,clench,1,128,1.0,False,False,17.084360781813533,21.200884470050497,2151.6501785150044,42.0,28.0,81.68040927667937,78.125,78.125,480.57672335794194
session_11.csv,session_11,568,36352,36480,36352,36480,72.704,72.96,clench,1,128,1.0,False,False,16.887377171588827,21.068348704208393,2098.222313302417,42.0,25.0,79.94540564721072,78.125,70.3125,316.52359198176896
session_11.csv,session_11,569,36416,36544,36416,36544,72.832,73.088,clench,1,128,1.0,False,False,18.712130525446643,24.094237920051118,2346.790030789881,42.0,32.0,77.91107413115091,74.21875,70.3125,971.6438130628026
session_11.csv,session_11,570,36480,36608,36480,36608,72.96,73.216,clench,1,128,1.0,False,False,18.411401128575605,23.51054524208089,2270.877093238346,43.0,29.0,82.230684409724,82.03125,97.65625,221.8677366497002
session_11.csv,session_11,571,36544,36672,36544,36672,73.088,73.344,clench,1,128,1.0,False,False,22.810655501505757,27.83723415362456,2782.745384463498,40.0,27.0,78.25987756691082,74.21875,70.3125,1061.7877723529107
session_11.csv,session_11,572,36608,36736,36608,36736,73.216,73.472,clench,1,128,1.0,False,False,22.557004411416433,28.43106298444014,2757.703195021061,40.0,34.0,77.94075646972315,78.125,78.125,430.55546960490403
session_11.csv,session_11,573,36672,36800,36672,36800,73.344,73.6,clench,1,128,1.0,False,False,21.642081299746053,29.295838007374147,2626.012692580748,38.0,29.0,75.00889110171856,74.21875,74.21875,1155.3360989727448
session_11.csv,session_11,574,36736,36864,36736,36864,73.472,73.728,clench,1,128,1.0,False,False,15.390603006294805,24.127949393410542,1875.6918362517881,37.0,17.0,80.72692341487168,78.125,70.3125,275.66257579245524
session_11.csv,session_11,575,36800,36928,36800,36928,73.6,73.856,clench,1,95,0.7421875,True,True,6.499340931225458,7.844681804132428,814.4208082076026,37.0,16.0,79.22364319393672,74.21875,74.21875,47.722579632179546
session_11.csv,session_11,576,36864,36992,36864,36992,73.728,73.984,relax,0,31,0.2421875,True,True,6.508662578321801,7.783580745941226,821.8113946203404,38.0,16.0,82.55234850885971,85.9375,93.75,59.617450029126815
session_11.csv,session_11,577,36928,37056,36928,37056,73.856,74.112,relax,0,0,0.0,False,False,5.069984732940063,6.3391687529588205,673.6028489765582,38.0,8.0,84.17253140248019,85.9375,85.9375,41.01318085557301
session_11.csv,session_11,578,36992,37120,36992,37120,73.984,74.24,relax,0,0,0.0,False,False,3.6641430052199855,4.675370972861546,472.38671323278265,34.0,2.0,77.58476576295011,70.3125,70.3125,20.90044763670162
session_11.csv,session_11,579,37056,37184,37056,37184,74.112,74.368,relax,0,0,0.0,False,False,2.7740527508504176,3.3997253883715395,368.61807741165,32.0,3.0,86.70368317883283,85.9375,82.03125,8.856486693142609
session_11.csv,session_11,580,37120,37248,37120,37248,74.24,74.496,relax,0,0,0.0,False,False,2.7873064787322104,3.441067699342325,381.86188057711513,30.0,4.0,88.558100791805,89.84375,93.75,9.77319550290712
session_11.csv,session_11,581,37184,37312,37184,37312,74.368,74.624,relax,0,0,0.0,False,False,3.191042215189489,4.046629817294743,421.8030549706739,30.0,4.0,79.68649825459305,78.125,78.125,10.917334041693291
session_11.csv,session_11,582,37248,37376,37248,37376,74.496,74.752,relax,0,0,0.0,False,False,2.8552015426661477,3.7775443097431745,368.14967475674007,27.0,3.0,78.40186789522033,74.21875,70.3125,17.40637618079282
session_11.csv,session_11,583,37312,37440,37312,37440,74.624,74.88,relax,0,0,0.0,False,False,2.644191438636745,3.464472366967136,332.2561935878314,24.0,2.0,76.6344871980649,74.21875,70.3125,3.620023581712589
session_11.csv,session_11,584,37376,37504,37376,37504,74.752,75.008,relax,0,0,0.0,False,False,3.173527432439931,4.368856560342061,418.96265328978245,30.0,5.0,79.68359369304834,78.125,78.125,13.77066784358926
session_11.csv,session_11,585,37440,37568,37440,37568,74.88,75.136,relax,0,0,0.0,False,False,3.1628053637955693,4.347601931948199,408.9463678051709,30.0,4.0,82.82741992033677,85.9375,85.9375,24.958037091700355
session_11.csv,session_11,586,37504,37632,37504,37632,75.008,75.264,relax,0,0,0.0,False,False,2.7265662267848576,3.471344319171626,341.2506836721483,28.0,1.0,78.00763825662582,74.21875,74.21875,6.889643858061485
session_11.csv,session_11,587,37568,37696,37568,37696,75.136,75.392,relax,0,0,0.0,False,False,2.519688991425997,3.112532814374026,340.28920307743067,31.0,2.0,82.98398925368494,85.9375,85.9375,5.415782657108684
session_11.csv,session_11,588,37632,37760,37632,37760,75.264,75.52,relax,0,0,0.0,False,False,2.8142908686822787,3.4307419455695904,365.1688312883449,32.0,1.0,80.54080649161419,74.21875,70.3125,13.43904231333654
session_11.csv,session_11,589,37696,37824,37696,37824,75.392,75.648,relax,0,0,0.0,False,False,3.5826608997834244,4.306654656796779,476.0201275484394,40.0,3.0,86.98183926133676,89.84375,93.75,13.840969459905471
session_11.csv,session_11,590,37760,37888,37760,37888,75.52,75.776,relax,0,0,0.0,False,False,3.6231187861424488,4.555138218497042,493.7908296873975,37.0,5.0,85.31052821696994,85.9375,85.9375,12.24991394357327
session_11.csv,session_11,591,37824,37952,37824,37952,75.648,75.904,relax,0,0,0.0,False,False,3.010617596354945,3.9101925288950157,405.8428459925193,31.0,2.0,87.01038818826689,89.84375,89.84375,22.07810242739947
session_11.csv,session_11,592,37888,38016,37888,38016,75.776,76.032,relax,0,0,0.0,False,False,3.1918892002972576,4.013744458669711,419.196603320206,33.0,5.0,84.24970076486728,82.03125,82.03125,7.318378026787901
session_11.csv,session_11,593,37952,38080,37952,38080,75.904,76.16,relax,0,0,0.0,False,False,2.6279720813790313,3.460351652853922,341.0774978461367,26.0,5.0,82.17287400231808,82.03125,82.03125,15.55904084563287
session_11.csv,session_11,594,38016,38144,38016,38144,76.032,76.288,relax,0,0,0.0,False,False,2.5264492845929274,3.083395494818284,320.0013074172481,28.0,2.0,77.13048235870217,78.125,78.125,10.13309390454803
session_11.csv,session_11,595,38080,38208,38080,38208,76.16,76.416,relax,0,0,0.0,False,False,3.3657052960194127,3.9417472100127404,441.729056173751,40.0,4.0,79.65864841677976,78.125,85.9375,12.3413268050741
session_11.csv,session_11,596,38144,38272,38144,38272,76.288,76.544,relax,0,0,0.0,False,False,3.3718910216565456,3.977443373059841,440.25013440678185,38.0,3.0,84.0178937441364,85.9375,93.75,13.917126252085678
session_11.csv,session_11,597,38208,38336,38208,38336,76.416,76.672,relax,0,0,0.0,False,False,4.205248997415667,5.525367789802517,528.6258089251204,34.0,6.0,76.60967588037593,74.21875,74.21875,15.00755380575787
session_11.csv,session_11,598,38272,38400,38272,38400,76.544,76.8,relax,0,27,0.2109375,True,True,8.818267389628272,12.668291482568701,1150.8311936929176,38.0,15.0,83.88000370539176,82.03125,82.03125,92.01769964229159
session_11.csv,session_11,599,38336,38464,38336,38464,76.672,76.928,clench,1,91,0.7109375,True,True,17.108738430972494,21.947415222550852,2250.0511966387976,42.0,33.0,84.85517416752916,89.84375,89.84375,619.5333844624402
session_11.csv,session_11,600,38400,38528,38400,38528,76.8,77.056,clench,1,128,1.0,False,False,20.830976358898962,24.797868408864765,2773.7398315327437,44.0,40.0,84.01658836745831,82.03125,82.03125,467.21109738483585
session_11.csv,session_11,601,38464,38592,38464,38592,76.928,77.184,clench,1,128,1.0,False,False,20.323443923196912,23.687522591157503,2691.636322476196,44.0,39.0,88.32245244486147,93.75,93.75,567.3843492038193
session_11.csv,session_11,602,38528,38656,38528,38656,77.056,77.312,clench,1,128,1.0,False,False,18.449146136210064,21.895257383622877,2401.115601002481,45.0,40.0,80.11973640540063,78.125,78.125,339.4249360482416
session_11.csv,session_11,603,38592,38720,38592,38720,77.184,77.44,clench,1,128,1.0,False,False,16.16518664977809,20.260985913468517,2090.949341818091,43.0,36.0,81.63542984470874,78.125,74.21875,346.8250569303257
session_11.csv,session_11,604,38656,38784,38656,38784,77.312,77.568,clench,1,128,1.0,False,False,14.902773720468677,19.653313003924485,1957.7823935068805,43.0,27.0,84.77611533490294,85.9375,97.65625,303.8997266078164
session_11.csv,session_11,605,38720,38848,38720,38848,77.44,77.696,clench,1,128,1.0,False,False,18.886935334903484,25.17448793447729,2407.5757028612356,42.0,29.0,79.72845615200934,74.21875,70.3125,838.8610052078469
session_11.csv,session_11,606,38784,38912,38784,38912,77.568,77.824,clench,1,128,1.0,False,False,21.579592926630646,26.814130668489746,2735.8309405655323,43.0,33.0,78.75886790931563,74.21875,74.21875,390.8613789922306
session_11.csv,session_11,607,38848,38976,38848,38976,77.696,77.952,clench,1,128,1.0,False,False,20.268576735780943,23.463399120493314,2597.0369921897245,43.0,33.0,84.9106836041276,89.84375,89.84375,571.8399558320973
session_11.csv,session_11,608,38912,39040,38912,39040,77.824,78.08,clench,1,128,1.0,False,False,18.97926177047437,23.12928346356529,2438.8559489826753,44.0,32.0,77.99368125048652,74.21875,70.3125,311.2962562206293
session_11.csv,session_11,609,38976,39104,38976,39104,77.952,78.208,clench,1,128,1.0,False,False,19.838639706702274,25.704171711632632,2637.952301341465,47.0,34.0,78.67684918099275,78.125,82.03125,716.363672794581
session_11.csv,session_11,610,39040,39168,39040,39168,78.08,78.336,clench,1,128,1.0,False,False,22.442297966725345,27.960820331899935,2887.365909291423,45.0,34.0,80.44990141555851,82.03125,85.9375,706.2111010554726
session_11.csv,session_11,611,39104,39232,39104,39232,78.208,78.464,clench,1,128,1.0,False,False,15.95575634816629,21.274146548598047,2024.0973567669241,43.0,31.0,82.82285409110062,82.03125,93.75,512.4747696185301
session_11.csv,session_11,612,39168,39296,39168,39296,78.336,78.592,clench,1,128,1.0,False,False,17.711523656139853,23.89473621601728,2309.428727279523,43.0,26.0,82.23635194685936,82.03125,78.125,600.4329018010386
session_11.csv,session_11,613,39232,39360,39232,39360,78.464,78.72,clench,1,128,1.0,False,False,25.4024821408399,31.09835301186813,3327.1371020975184,43.0,30.0,85.48496392190833,85.9375,89.84375,1120.4549231292478
session_11.csv,session_11,614,39296,39424,39296,39424,78.592,78.848,clench,1,128,1.0,False,False,26.709825971015512,32.94375524879101,3536.454731231239,47.0,40.0,82.62562349428686,85.9375,89.84375,767.1002586626972
session_11.csv,session_11,615,39360,39488,39360,39488,78.72,78.976,clench,1,128,1.0,False,False,26.923737911855575,33.39677903261537,3535.31457779004,46.0,37.0,82.20558535166371,78.125,74.21875,834.4979811401395
session_11.csv,session_11,616,39424,39552,39424,39552,78.848,79.104,clench,1,128,1.0,False,False,26.267732348734892,32.5772980595484,3423.3005094995224,44.0,35.0,83.73190772233865,85.9375,89.84375,607.453063037844
session_11.csv,session_11,617,39488,39616,39488,39616,78.976,79.232,clench,1,128,1.0,False,False,24.287551973856345,29.99518874170548,3355.6856217868926,46.0,38.0,84.24976920078463,82.03125,82.03125,1125.4213768057193
session_11.csv,session_11,618,39552,39680,39552,39680,79.104,79.36,clench,1,128,1.0,False,False,26.50136341331133,35.28778844381222,3440.944217427648,44.0,35.0,77.87627089121227,74.21875,74.21875,588.8869886375827
session_11.csv,session_11,619,39616,39744,39616,39744,79.232,79.488,clench,1,128,1.0,False,False,29.942712992241347,38.91277445112686,3699.802607306494,42.0,34.0,80.08990069728738,82.03125,82.03125,1529.1001982922037
session_11.csv,session_11,620,39680,39808,39680,39808,79.36,79.616,clench,1,128,1.0,False,False,26.508996287996688,33.42878687138791,3388.408148312497,44.0,37.0,80.51477619238273,82.03125,82.03125,1467.002444952601
session_11.csv,session_11,621,39744,39872,39744,39872,79.488,79.744,clench,1,128,1.0,False,False,21.084899913130837,30.211922272201242,2739.9789934053133,43.0,35.0,82.19779319183843,82.03125,85.9375,1101.7952810652907
session_11.csv,session_11,622,39808,39936,39808,39936,79.616,79.872,clench,1,128,1.0,False,False,11.620964559728364,21.325201973987976,1486.3406694879684,39.0,19.0,78.49969159454261,74.21875,70.3125,48.03423641190237
session_11.csv,session_11,623,39872,40000,39872,40000,79.744,80.0,clench,1,106,0.828125,True,True,5.136835981306765,7.32227707316753,649.1834945137321,31.0,10.0,83.7212307213756,85.9375,85.9375,94.94632880324464
session_11.csv,session_11,624,39936,40064,39936,40064,79.872,80.128,relax,0,42,0.328125,True,True,4.643269783776598,6.237725532885142,565.2504250794846,28.0,11.0,74.5856166272348,74.21875,74.21875,34.05301946092151
session_11.csv,session_11,625,40000,40128,40000,40128,80.0,80.256,relax,0,0,0.0,False,True,3.6317227978281386,4.7467950093929,456.26454337401117,30.0,6.0,81.93525650626299,82.03125,78.125,7.206018423427661
session_11.csv,session_11,626,40064,40192,40064,40192,80.128,80.384,relax,0,0,0.0,False,False,3.2091823785578457,4.217663388735749,430.1522318203113,31.0,3.0,82.63957276077765,85.9375,85.9375,13.150975520959726
session_11.csv,session_11,627,40128,40256,40128,40256,80.256,80.512,relax,0,0,0.0,False,False,3.3172292621623827,4.409808469418714,441.82141497582893,29.0,6.0,86.07031196168369,89.84375,93.75,21.91073374711147
session_11.csv,session_11,628,40192,40320,40192,40320,80.384,80.64,relax,0,0,0.0,False,False,3.300810458982136,4.240210979821963,428.85766729977206,31.0,6.0,84.39047698835695,85.9375,85.9375,16.666503932506036
session_11.csv,session_11,629,40256,40384,40256,40384,80.512,80.768,relax,0,0,0.0,False,False,2.725175192827745,3.3846130368121448,343.9797489386623,26.0,2.0,78.53972929284997,78.125,78.125,10.410664136762643
session_11.csv,session_11,630,40320,40448,40320,40448,80.64,80.896,relax,0,0,0.0,False,False,2.4057677439613157,2.9209831075004224,321.18135890661165,28.0,2.0,86.53714558011664,89.84375,97.65625,7.9587729332217005
session_11.csv,session_11,631,40384,40512,40384,40512,80.768,81.024,relax,0,0,0.0,False,False,2.4657378223728434,3.002178688399491,338.7352929971919,33.0,3.0,83.87555575120855,82.03125,82.03125,4.51785774968912
session_11.csv,session_11,632,40448,40576,40448,40576,80.896,81.152,relax,0,0,0.0,False,False,2.6707328295751873,3.298889650731556,376.1447040841639,34.0,3.0,92.68662895561322,93.75,97.65625,12.666238929581658
session_11.csv,session_11,633,40512,40640,40512,40640,81.024,81.28,relax,0,0,0.0,False,False,2.8537573836585244,3.4402384150777188,388.7592219641507,36.0,2.0,81.2969416840173,82.03125,82.03125,6.386967645715667
session_11.csv,session_11,634,40576,40704,40576,40704,81.152,81.408,relax,0,0,0.0,False,False,2.6426973432358407,3.1642396739087038,360.43495943634446,38.0,0.0,84.42975967836855,82.03125,82.03125,5.251044185414402
session_11.csv,session_11,635,40640,40768,40640,40768,81.28,81.536,relax,0,0,0.0,False,False,2.8118301107321146,3.3527335628449633,385.0804075177157,37.0,3.0,82.67224462114599,82.03125,97.65625,8.566103945069926
session_11.csv,session_11,636,40704,40832,40704,40832,81.408,81.664,relax,0,0,0.0,False,False,2.527198434842865,3.153623079784225,332.16979465848794,25.0,5.0,80.46469403218819,78.125,74.21875,9.038777447069009
session_11.csv,session_11,637,40768,40896,40768,40896,81.536,81.792,relax,0,0,0.0,False,False,2.830088186099103,3.921706329318614,374.8671910191043,25.0,5.0,86.83471861131083,85.9375,85.9375,24.13945548634081
session_11.csv,session_11,638,40832,40960,40832,40960,81.664,81.92,relax,0,0,0.0,False,False,3.911893612129811,4.9857061844150214,528.3101164802279,38.0,8.0,81.55379456214386,82.03125,70.3125,9.169720648618947
session_11.csv,session_11,639,40896,41024,40896,41024,81.792,82.048,relax,0,4,0.03125,True,True,6.685968443795402,9.555458768842046,918.6825425170954,44.0,15.0,84.36850667732224,89.84375,93.75,38.63408662510213
session_11.csv,session_11,640,40960,41088,40960,41088,81.92,82.176,clench,1,68,0.53125,True,True,10.755528121391816,13.989997534408522,1436.6060397032497,43.0,24.0,80.86899993838392,78.125,78.125,143.55807227451382
session_11.csv,session_11,641,41024,41152,41024,41152,82.048,82.304,clench,1,128,1.0,False,True,14.19907866033299,17.077566073161478,1787.3848776636041,41.0,25.0,81.2217094031432,82.03125,82.03125,419.6237404451637
session_11.csv,session_11,642,41088,41216,41088,41216,82.176,82.432,clench,1,128,1.0,False,False,11.28071306967211,14.597079453321603,1417.2572845988343,42.0,17.0,79.88686561435368,78.125,78.125,156.24685582065328
session_11.csv,session_11,643,41152,41280,41152,41280,82.304,82.56,clench,1,128,1.0,False,False,8.863921693016696,11.431023925071269,1171.5511348043246,44.0,21.0,81.78781862321186,85.9375,85.9375,84.25632065051218
session_11.csv,session_11,644,41216,41344,41216,41344,82.432,82.688,clench,1,128,1.0,False,False,12.162377883650269,14.751048105840255,1672.3440715320157,45.0,32.0,88.78720941569215,93.75,93.75,216.67659083554526
session_11.csv,session_11,645,41280,41408,41280,41408,82.56,82.816,clench,1,128,1.0,False,False,17.22795925043699,22.334014873446804,2270.7550994377293,44.0,28.0,90.16542432532908,93.75,97.65625,309.3563043652632
session_11.csv,session_11,646,41344,41472,41344,41472,82.688,82.944,clench,1,128,1.0,False,False,18.765098766719767,23.732277486651995,2396.1178574330434,43.0,25.0,80.87375233737006,82.03125,82.03125,800.9110345558863
session_11.csv,session_11,647,41408,41536,41408,41536,82.816,83.072,clench,1,128,1.0,False,False,15.770228278594978,19.851458844119808,1973.9912247447992,41.0,25.0,82.25857297066185,82.03125,70.3125,413.99027763092465
session_11.csv,session_11,648,41472,41600,41472,41600,82.944,83.2,clench,1,128,1.0,False,False,13.727137598204536,17.764036053260927,1761.9074126021137,41.0,25.0,79.47762988599264,78.125,70.3125,219.6867129950495
session_11.csv,session_11,649,41536,41664,41536,41664,83.072,83.328,clench,1,128,1.0,False,False,12.60921663463889,15.573488301024293,1605.0159242796296,43.0,29.0,80.34319289968097,78.125,78.125,126.19969040344226
session_11.csv,session_11,650,41600,41728,41600,41728,83.2,83.456,clench,1,128,1.0,False,False,12.476058151735337,16.299536748509986,1602.9094572820004,42.0,27.0,78.17033730153474,78.125,82.03125,331.9613243593045
session_11.csv,session_11,651,41664,41792,41664,41792,83.328,83.584,clench,1,128,1.0,False,False,11.162946751770843,14.738716512408132,1449.9284059703527,41.0,24.0,83.2443916318622,82.03125,82.03125,111.63699037783395
session_11.csv,session_11,652,41728,41856,41728,41856,83.456,83.712,clench,1,128,1.0,False,False,12.497301513960405,15.712844315670672,1657.975718306156,44.0,25.0,81.81804763344154,82.03125,78.125,136.22257697702312
session_11.csv,session_11,653,41792,41920,41792,41920,83.584,83.84,clench,1,128,1.0,False,False,18.090140588451888,21.906535150489063,2254.977772362511,42.0,26.0,80.84400985229611,82.03125,89.84375,634.8598075922705
session_11.csv,session_11,654,41856,41984,41856,41984,83.712,83.968,clench,1,128,1.0,False,False,19.573068243520545,24.673324269527217,2341.9408026463293,39.0,28.0,79.8970877815824,78.125,74.21875,742.6150301966022
session_11.csv,session_11,655,41920,42048,41920,42048,83.84,84.096,clench,1,128,1.0,False,False,18.769324274661983,25.027821695024784,2343.384643413673,41.0,28.0,80.53542521866237,85.9375,85.9375,532.0575368330059
session_11.csv,session_11,656,41984,42112,41984,42112,83.968,84.224,clench,1,128,1.0,False,False,17.251019130649063,21.934094838004796,2250.9652771928213,43.0,30.0,78.74888088015216,78.125,78.125,227.60730306840372
session_11.csv,session_11,657,42048,42176,42048,42176,84.096,84.352,clench,1,128,1.0,False,False,15.641042825383625,19.72931921615959,2049.0149540502143,42.0,34.0,83.90305151689242,85.9375,93.75,230.35275458484446
session_11.csv,session_11,658,42112,42240,42112,42240,84.224,84.48,clench,1,128,1.0,False,False,18.064671164269612,23.296999729283574,2321.326967925714,41.0,36.0,81.62008737663119,78.125,78.125,360.3977188533832
session_11.csv,session_11,659,42176,42304,42176,42304,84.352,84.608,clench,1,128,1.0,False,False,16.15607078489738,21.68110413984787,2072.0095761983625,43.0,29.0,79.87444972623229,78.125,78.125,826.6774607801173
session_11.csv,session_11,660,42240,42368,42240,42368,84.48,84.736,clench,1,128,1.0,False,False,16.743002968881378,21.5090290582044,2066.407723287526,40.0,26.0,77.17862124068827,74.21875,74.21875,307.6927888103588
session_11.csv,session_11,661,42304,42432,42304,42432,84.608,84.864,clench,1,128,1.0,False,False,18.81260889547979,22.722913863543273,2317.079995907693,40.0,31.0,82.48651697255686,78.125,78.125,431.72449532482113
session_11.csv,session_11,662,42368,42496,42368,42496,84.736,84.992,clench,1,128,1.0,False,False,17.203913676564156,20.97469938012773,2248.888381094234,45.0,38.0,78.74231986244521,78.125,70.3125,563.256221559849
session_11.csv,session_11,663,42432,42560,42432,42560,84.864,85.12,clench,1,128,1.0,False,False,23.505727486482634,29.647231186583298,3133.6654686386983,46.0,42.0,88.72741366949447,93.75,97.65625,352.47043317068716
session_11.csv,session_11,664,42496,42624,42496,42624,84.992,85.248,clench,1,128,1.0,False,False,24.661971410847446,31.309779474485865,3196.0629987697084,43.0,33.0,78.64694829595848,74.21875,74.21875,1301.5999249875133
session_11.csv,session_11,665,42560,42688,42560,42688,85.12,85.376,clench,1,128,1.0,False,False,19.954043803533253,27.35392184734839,2442.3652497405246,41.0,27.0,76.03380078693273,74.21875,74.21875,1174.4024897732563
session_11.csv,session_11,666,42624,42752,42624,42752,85.248,85.504,clench,1,106,0.828125,True,True,14.403914778518915,21.84135469071794,1761.4566042794117,43.0,23.0,80.98037713413405,82.03125,89.84375,83.11514112940897
session_11.csv,session_11,667,42688,42816,42688,42816,85.376,85.632,relax,0,42,0.328125,True,True,6.853540351540957,8.476534615438414,880.271496241873,38.0,17.0,77.80549152732462,74.21875,74.21875,87.65330950219517
session_11.csv,session_11,668,42752,42880,42752,42880,85.504,85.76,relax,0,0,0.0,False,True,4.707608111674329,6.107202900728139,607.9508976248673,35.0,11.0,83.2999011399454,82.03125,70.3125,20.267496619970757
session_11.csv,session_11,669,42816,42944,42816,42944,85.632,85.888,relax,0,0,0.0,False,False,3.2883198013593207,4.2098415940665115,432.2779679909967,34.0,6.0,79.6987288725639,78.125,70.3125,8.31007849979765
session_11.csv,session_11,670,42880,43008,42880,43008,85.76,86.016,relax,0,0,0.0,False,False,2.337551928966021,2.8212514648374505,295.9854026931663,26.0,1.0,77.8834421707237,74.21875,74.21875,10.214285506118626
session_11.csv,session_11,671,42944,43072,42944,43072,85.888,86.144,relax,0,0,0.0,False,False,2.545375093279553,3.1089356318706094,307.01689853761343,24.0,1.0,78.48848392255859,74.21875,70.3125,7.884382698699226
session_11.csv,session_11,672,43008,43136,43008,43136,86.016,86.272,relax,0,0,0.0,False,False,3.017083203112583,3.6268489840164646,360.3898100463008,30.0,1.0,78.42058778783918,74.21875,74.21875,8.743902129859142
session_11.csv,session_11,673,43072,43200,43072,43200,86.144,86.4,relax,0,0,0.0,False,False,2.622264136268061,3.190583222515842,329.8051862766216,30.0,0.0,77.81517196942458,74.21875,74.21875,12.24375774708546
session_11.csv,session_11,674,43136,43264,43136,43264,86.272,86.528,relax,0,0,0.0,False,False,2.2791500889840046,2.7521611576731715,282.6248598175846,23.0,1.0,75.17986249505695,74.21875,70.3125,7.290339567705076
session_11.csv,session_11,675,43200,43328,43200,43328,86.4,86.656,relax,0,0,0.0,False,False,2.3857407312082,2.8553417564658465,288.0369839702089,23.0,2.0,81.97570052895587,82.03125,74.21875,6.592644270546747
session_11.csv,session_11,676,43264,43392,43264,43392,86.528,86.784,relax,0,0,0.0,False,False,2.257617488295354,2.700754800895968,273.0004833336583,21.0,1.0,72.68046506732288,70.3125,70.3125,5.68990542973201
session_11.csv,session_11,677,43328,43456,43328,43456,86.656,86.912,relax,0,0,0.0,False,False,2.681080750890146,3.4466175482080508,333.1042444381012,21.0,4.0,75.45980497604191,70.3125,70.3125,4.373988212522602
session_11.csv,session_11,678,43392,43520,43392,43520,86.784,87.04,relax,0,0,0.0,False,False,2.9594526438429147,3.7326152842513256,389.42620102844774,28.0,7.0,79.50376402419613,78.125,74.21875,14.924161943270413
session_11.csv,session_11,679,43456,43584,43456,43584,86.912,87.168,relax,0,0,0.0,False,True,6.1182606083308935,8.92289556064667,780.2034727752933,39.0,12.0,81.77800998684171,82.03125,78.125,20.40700021722195
session_11.csv,session_11,680,43520,43648,43520,43648,87.04,87.296,relax,0,42,0.328125,True,True,14.043922796035531,19.168982423170537,1835.9802255239338,42.0,24.0,85.52898913870344,89.84375,89.84375,634.0339317396421
session_11.csv,session_11,681,43584,43712,43584,43712,87.168,87.424,clench,1,106,0.828125,True,True,22.954259978825874,27.849372225240923,2974.8767363118104,42.0,31.0,81.62142679170636,82.03125,85.9375,536.3960820523077
session_11.csv,session_11,682,43648,43776,43648,43776,87.296,87.552,clench,1,128,1.0,False,False,24.86936675488834,29.245400730539792,3109.0449678636405,41.0,33.0,80.46077325604948,82.03125,82.03125,968.2751347841183
session_11.csv,session_11,683,43712,43840,43712,43840,87.424,87.68,clench,1,128,1.0,False,False,20.5240945934688,24.80093630104363,2549.132127855331,41.0,31.0,81.53551620594543,82.03125,78.125,322.01227406724485
session_11.csv,session_11,684,43776,43904,43776,43904,87.552,87.808,clench,1,128,1.0,False,False,16.837270504979998,20.72436984776855,2120.8007122368235,41.0,30.0,79.62208271237517,78.125,78.125,458.04718096803816
session_11.csv,session_11,685,43840,43968,43840,43968,87.68,87.936,clench,1,128,1.0,False,False,19.556300321944413,24.779380051036178,2409.003254423971,40.0,29.0,80.5215893827409,82.03125,85.9375,265.01485545829695
session_11.csv,session_11,686,43904,44032,43904,44032,87.808,88.064,clench,1,128,1.0,False,False,28.830343375215335,36.17107715675053,3631.7644929458756,41.0,34.0,78.10014144040535,78.125,78.125,1810.1281315258293
session_11.csv,session_11,687,43968,44096,43968,44096,87.936,88.192,clench,1,128,1.0,False,False,31.321169100134384,39.517905995890786,4046.510444415695,44.0,39.0,83.38481428918003,85.9375,97.65625,1109.3864273712395
session_11.csv,session_11,688,44032,44160,44032,44160,88.064,88.32,clench,1,128,1.0,False,False,29.406071167363816,35.782278672778794,3680.0219049094994,40.0,35.0,78.79296757155487,74.21875,74.21875,1470.5908376467678
session_11.csv,session_11,689,44096,44224,44096,44224,88.192,88.448,clench,1,128,1.0,False,False,33.57456714789329,40.435103789553324,4276.958102540014,40.0,34.0,85.77543645044454,85.9375,93.75,1716.9918724032661
session_11.csv,session_11,690,44160,44288,44160,44288,88.32,88.576,clench,1,128,1.0,False,False,30.987039521271726,38.04875464262775,4109.401472514751,42.0,39.0,80.48527225633946,78.125,78.125,541.662954847937
session_11.csv,session_11,691,44224,44352,44224,44352,88.448,88.704,clench,1,128,1.0,False,False,20.43486223234234,24.496458758831288,2631.4698279384866,42.0,32.0,75.01358870536039,74.21875,74.21875,622.5152467303279
session_11.csv,session_11,692,44288,44416,44288,44416,88.576,88.832,clench,1,128,1.0,False,False,17.042834345946993,20.012569597850888,2204.8366183085263,44.0,31.0,82.15838401343275,78.125,78.125,308.78057036878795
session_11.csv,session_11,693,44352,44480,44352,44480,88.704,88.96,clench,1,128,1.0,False,False,22.937115480619966,26.723362158104063,3022.4412998479183,44.0,38.0,87.06747940201494,89.84375,89.84375,691.9292645865223
session_11.csv,session_11,694,44416,44544,44416,44544,88.832,89.088,clench,1,128,1.0,False,False,24.222381841063424,29.03722183971429,3106.026288791019,43.0,33.0,79.44470375410155,78.125,78.125,957.7684741108038
session_11.csv,session_11,695,44480,44608,44480,44608,88.96,89.216,clench,1,128,1.0,False,False,22.700367566965596,28.824386456186925,2747.982992785522,39.0,33.0,74.35092626167071,70.3125,70.3125,556.7805242133807
session_11.csv,session_11,696,44544,44672,44544,44672,89.088,89.344,clench,1,128,1.0,False,False,23.462063207966086,29.547387189570646,2937.0798018892106,41.0,39.0,79.84319833040593,82.03125,70.3125,811.8229552086261
session_11.csv,session_11,697,44608,44736,44608,44736,89.216,89.472,clench,1,128,1.0,False,False,21.38756399588661,27.148997715984684,2772.5257117628908,44.0,36.0,82.64908600757076,82.03125,85.9375,674.5378560138777
session_11.csv,session_11,698,44672,44800,44672,44800,89.344,89.6,clench,1,128,1.0,False,False,18.990338784629515,24.14394350432432,2410.400859273239,43.0,32.0,79.8611795122178,78.125,78.125,782.9314400524007
session_11.csv,session_11,699,44736,44864,44736,44864,89.472,89.728,clench,1,128,1.0,False,False,17.146022346199683,23.12164693582658,2232.7505215067963,45.0,31.0,83.91364738876038,85.9375,85.9375,171.0436963588796
session_11.csv,session_11,700,44800,44928,44800,44928,89.6,89.856,clench,1,128,1.0,False,False,22.491776604931328,28.756519623514585,2943.9088732779815,46.0,34.0,85.57816881161168,85.9375,89.84375,1304.3337292373803
session_11.csv,session_11,701,44864,44992,44864,44992,89.728,89.984,clench,1,128,1.0,False,False,23.252721371692324,27.66976737904253,2885.7669357025734,41.0,39.0,79.73616698724751,82.03125,85.9375,783.2247609953291
session_11.csv,session_11,702,44928,45056,44928,45056,89.856,90.112,clench,1,128,1.0,False,False,22.19748565503942,26.168951882850216,2682.4273059059697,39.0,33.0,77.96447950711976,78.125,74.21875,530.492214708597
session_11.csv,session_11,703,44992,45120,44992,45120,89.984,90.24,clench,1,128,1.0,False,False,23.04036308081902,26.74014499326464,2887.9565875432063,41.0,33.0,79.9092613564397,78.125,78.125,659.8753827233063
session_11.csv,session_11,704,45056,45184,45056,45184,90.112,90.368,clench,1,128,1.0,False,False,20.168103065785044,23.462811734679295,2568.4428923488745,43.0,34.0,83.52570597868957,85.9375,85.9375,410.7747316582405
session_11.csv,session_11,705,45120,45248,45120,45248,90.24,90.496,clench,1,128,1.0,False,False,17.513551666774188,21.78080348994891,2182.3003196257396,42.0,27.0,79.25806075232882,82.03125,82.03125,541.4910369388201
session_11.csv,session_11,706,45184,45312,45184,45312,90.368,90.624,clench,1,128,1.0,False,False,11.908595890477592,16.36127417289164,1412.4585301603615,38.0,19.0,77.6804029092086,74.21875,70.3125,288.1665635873962
session_11.csv,session_11,707,45248,45376,45248,45376,90.496,90.752,clench,1,128,1.0,False,True,7.684792009315405,10.22101097048747,922.5505862646065,37.0,17.0,73.27148869135972,70.3125,70.3125,25.861315421648026
session_11.csv,session_11,708,45312,45440,45312,45440,90.624,90.88,clench,1,88,0.6875,True,True,7.2246966003208675,9.022673235510254,945.9335204708104,39.0,17.0,86.99494480791103,89.84375,89.84375,96.74907418764685
session_11.csv,session_11,709,45376,45504,45376,45504,90.752,91.008,relax,0,24,0.1875,True,True,5.739505641578958,7.535533482783283,772.5708848672444,43.0,13.0,80.55830744370539,78.125,78.125,32.1326028502394
session_11.csv,session_11,710,45440,45568,45440,45568,90.88,91.136,relax,0,0,0.0,False,False,3.8348517985888675,4.794418145249774,520.8626269430949,42.0,8.0,86.81794895487252,89.84375,97.65625,6.180610600501373
session_11.csv,session_11,711,45504,45632,45504,45632,91.008,91.264,relax,0,0,0.0,False,False,3.5172904616707736,4.651243563759753,478.4890869241058,37.0,4.0,85.41105329405366,85.9375,97.65625,25.546430628802945
session_11.csv,session_11,712,45568,45696,45568,45696,91.136,91.392,relax,0,0,0.0,False,False,3.676937572663597,4.757004864115297,471.17615580991287,34.0,3.0,81.7784231403478,78.125,74.21875,16.38092508776721
session_11.csv,session_11,713,45632,45760,45632,45760,91.264,91.52,relax,0,0,0.0,False,False,3.7426062243981146,4.845803158534829,487.308023187396,36.0,6.0,79.29874543388586,78.125,82.03125,19.002066280806417
session_11.csv,session_11,714,45696,45824,45696,45824,91.392,91.648,relax,0,0,0.0,False,False,2.4363191495889005,3.1994994329143465,331.4955400321887,30.0,3.0,82.94775660190642,82.03125,82.03125,10.131902190445416
session_11.csv,session_11,715,45760,45888,45760,45888,91.52,91.776,relax,0,0,0.0,False,False,2.2761676836676337,2.9350934419352916,309.76027427631414,28.0,2.0,82.40668584769217,78.125,74.21875,6.5727648420422
session_11.csv,session_11,716,45824,45952,45824,45952,91.648,91.904,relax,0,0,0.0,False,False,2.4244635048206016,3.2220480793763597,320.9852456452496,25.0,4.0,76.44037705243267,74.21875,70.3125,6.146475072751976
session_11.csv,session_11,717,45888,46016,45888,46016,91.776,92.032,relax,0,0,0.0,False,False,2.491867136733932,3.171484668321711,334.4863171215725,29.0,3.0,83.11900685679288,82.03125,93.75,5.265946637102342
session_11.csv,session_11,718,45952,46080,45952,46080,91.904,92.16,relax,0,0,0.0,False,False,3.0976856189206945,3.8330456341649044,422.3206586970009,35.0,3.0,83.11702844614729,82.03125,74.21875,8.414691442961209
session_11.csv,session_11,719,46016,46144,46016,46144,92.032,92.288,relax,0,0,0.0,False,False,3.6676324082442706,4.551342896411643,473.53871945340813,33.0,3.0,81.36266928410332,82.03125,78.125,22.33735639317032
session_11.csv,session_11,720,46080,46208,46080,46208,92.16,92.416,relax,0,0,0.0,False,False,3.0767869341301877,3.9937066860756905,379.6445383632173,27.0,1.0,80.95834958155632,82.03125,85.9375,15.849006889419051
session_11.csv,session_11,721,46144,46272,46144,46272,92.288,92.544,relax,0,0,0.0,False,False,2.2189036096072776,2.9442943376565287,278.80153551647095,19.0,3.0,77.23384645941535,74.21875,70.3125,10.681924162227235
session_11.csv,session_11,722,46208,46336,46208,46336,92.416,92.672,relax,0,0,0.0,False,False,3.1675706006941793,4.09580489447797,391.416210125731,27.0,6.0,76.25573146910759,74.21875,74.21875,7.964776504314182
session_11.csv,session_11,723,46272,46400,46272,46400,92.544,92.8,relax,0,0,0.0,False,False,3.4153356181869112,4.194512560930459,438.13485564661653,35.0,4.0,79.50279229328594,78.125,74.21875,17.46394693268329
session_11.csv,session_11,724,46336,46464,46336,46464,92.672,92.928,relax,0,0,0.0,False,False,5.396162157279866,6.9896484837643875,685.9767894430476,39.0,13.0,79.99180544787589,78.125,74.21875,39.323656996240636
session_11.csv,session_11,725,46400,46528,46400,46528,92.8,93.056,relax,0,25,0.1953125,True,True,14.06722871849364,22.84902878183663,1726.9007176245113,38.0,24.0,79.58960526266861,78.125,74.21875,70.87730000057272
session_11.csv,session_11,726,46464,46592,46464,46592,92.928,93.184,clench,1,89,0.6953125,True,True,19.28909206027183,27.333927379441533,2488.258729281919,40.0,30.0,80.22262221300691,78.125,78.125,1319.6032357926176
session_11.csv,session_11,727,46528,46656,46528,46656,93.056,93.312,clench,1,128,1.0,False,True,19.64642985392945,24.80252866675909,2574.3316405496616,44.0,36.0,81.42728784889975,78.125,74.21875,579.6600472143076
session_11.csv,session_11,728,46592,46720,46592,46720,93.184,93.44,clench,1,128,1.0,False,False,18.231062748624247,22.759890094077445,2467.703267457293,46.0,33.0,77.15387416120937,74.21875,70.3125,289.8246634240578
session_11.csv,session_11,729,46656,46784,46656,46784,93.312,93.568,clench,1,128,1.0,False,False,14.089959532272342,18.066979839637376,1945.9531109856766,43.0,31.0,86.53833424935463,89.84375,89.84375,369.7582413036852
session_11.csv,session_11,730,46720,46848,46720,46848,93.44,93.696,clench,1,128,1.0,False,False,11.396425644957784,15.283611107381766,1519.0012237877543,40.0,28.0,80.70306176112419,78.125,97.65625,97.01965394694959
session_11.csv,session_11,731,46784,46912,46784,46912,93.568,93.824,clench,1,128,1.0,False,False,15.344935990846105,20.986299942096817,1987.3856042540478,41.0,28.0,80.49763977262946,78.125,78.125,162.18270063116378
session_11.csv,session_11,732,46848,46976,46848,46976,93.696,93.952,clench,1,128,1.0,False,False,20.112778723980263,25.62459194438722,2615.70660303976,41.0,30.0,81.1582169002944,78.125,78.125,755.9126498355033
session_11.csv,session_11,733,46912,47040,46912,47040,93.824,94.08,clench,1,128,1.0,False,False,18.96557907085923,22.82549505363651,2521.191019513884,42.0,29.0,80.0907193286827,78.125,74.21875,368.28889102916986
session_11.csv,session_11,734,46976,47104,46976,47104,93.952,94.208,clench,1,128,1.0,False,False,17.553248266991297,20.515437230116248,2322.541197947556,43.0,33.0,78.22782948830562,74.21875,74.21875,235.17030003216183
session_11.csv,session_11,735,47040,47168,47040,47168,94.08,94.336,clench,1,128,1.0,False,False,18.444391839202098,22.42335559498255,2352.281844595268,43.0,36.0,79.27908361132317,78.125,78.125,419.93944356625633
session_11.csv,session_11,736,47104,47232,47104,47232,94.208,94.464,clench,1,128,1.0,False,False,21.44528731946754,28.181854154854314,2736.5510767580877,45.0,36.0,84.38755054429046,85.9375,85.9375,685.0903617821726
session_11.csv,session_11,737,47168,47296,47168,47296,94.336,94.592,clench,1,128,1.0,False,False,19.467103432221137,26.156055441101532,2474.4102975202095,45.0,35.0,77.41122195914828,74.21875,74.21875,536.7381785717246
session_11.csv,session_11,738,47232,47360,47232,47360,94.464,94.72,clench,1,128,1.0,False,False,18.73965607835286,23.114792828760443,2352.7568112937224,42.0,30.0,80.23955362103295,78.125,78.125,699.6328148153618
session_11.csv,session_11,739,47296,47424,47296,47424,94.592,94.848,clench,1,128,1.0,False,False,16.26000989908474,20.699692645934753,2053.0098215843163,42.0,31.0,82.8441418366443,82.03125,78.125,379.66078080130586
session_11.csv,session_11,740,47360,47488,47360,47488,94.72,94.976,clench,1,128,1.0,False,False,11.640916961496838,14.077427853650091,1545.917726409305,45.0,34.0,79.31321549885268,78.125,74.21875,162.19912157219827
session_11.csv,session_11,741,47424,47552,47424,47552,94.848,95.104,clench,1,128,1.0,False,False,14.866564525558951,18.643028101292217,1925.508742208988,44.0,33.0,84.99419167943444,85.9375,89.84375,231.27276501144067
session_11.csv,session_11,742,47488,47616,47488,47616,94.976,95.232,clench,1,128,1.0,False,False,15.319175346016042,19.26900095860882,1907.8092471629552,40.0,24.0,79.5261844416669,78.125,78.125,277.7117026909599
session_11.csv,session_11,743,47552,47680,47552,47680,95.104,95.36,clench,1,128,1.0,False,False,18.65057514388228,24.580654483484963,2285.9342885884894,38.0,23.0,79.5608320995321,74.21875,74.21875,659.5085317174419
session_11.csv,session_11,744,47616,47744,47616,47744,95.232,95.488,clench,1,128,1.0,False,False,19.02374408575232,25.500268226312215,2351.459048677377,39.0,30.0,77.4005948603659,70.3125,70.3125,536.7542450881276
session_11.csv,session_11,745,47680,47808,47680,47808,95.36,95.616,clench,1,128,1.0,False,False,13.491876519235346,17.63502534891039,1711.0210831033396,40.0,28.0,83.19932659654171,85.9375,89.84375,209.1800230304114
session_11.csv,session_11,746,47744,47872,47744,47872,95.488,95.744,clench,1,128,1.0,False,False,13.956166935459462,17.448159672272165,1809.362253172243,39.0,26.0,77.66594091928336,74.21875,74.21875,285.7253574190638
session_11.csv,session_11,747,47808,47936,47808,47936,95.616,95.872,clench,1,128,1.0,False,False,14.062279500060521,16.911699377644936,1786.0969966601735,40.0,28.0,81.51343615270382,78.125,78.125,161.8563778961445
session_11.csv,session_11,748,47872,48000,47872,48000,95.744,96.0,clench,1,128,1.0,False,False,15.290310399752439,18.94725846452289,1974.1005322609026,43.0,31.0,82.22437266816031,82.03125,82.03125,200.66629173268956
session_11.csv,session_11,749,47936,48064,47936,48064,95.872,96.128,clench,1,128,1.0,False,False,16.74694718774166,21.27564411825341,2172.252655007848,44.0,30.0,84.35906879792543,82.03125,82.03125,401.5333579571911
session_11.csv,session_11,750,48000,48128,48000,48128,96.0,96.256,clench,1,128,1.0,False,False,14.057076352404783,18.6126686624884,1834.197287672801,43.0,27.0,85.80971422997027,89.84375,89.84375,565.5026520912844
session_11.csv,session_11,751,48064,48192,48064,48192,96.128,96.384,clench,1,128,1.0,False,False,7.8915983574174975,12.140760728837058,1044.3195467708597,39.0,16.0,79.21585315662524,78.125,82.03125,39.59209611216882
session_11.csv,session_11,752,48128,48256,48128,48256,96.256,96.512,clench,1,128,1.0,False,True,4.886351282852581,6.149588149199088,628.5109390260844,38.0,12.0,78.1268463959157,74.21875,66.40625,20.055924577763648
session_11.csv,session_11,753,48192,48320,48192,48320,96.384,96.64,clench,1,66,0.515625,True,True,5.40258925313392,6.743744094140585,717.8594308049268,41.0,15.0,80.42110955830418,82.03125,82.03125,35.99562211747639
session_11.csv,session_11,754,48256,48384,48256,48384,96.512,96.768,relax,0,2,0.015625,True,True,4.88357659693574,6.230327327902427,684.4017438560845,45.0,15.0,81.46470390608272,82.03125,89.84375,29.71611747060973
session_11.csv,session_11,755,48320,48448,48320,48448,96.64,96.896,relax,0,0,0.0,False,False,4.669214872492976,5.984116776165473,656.8393012580239,45.0,14.0,77.01112017598032,78.125,78.125,18.027244709938024
session_11.csv,session_11,756,48384,48512,48384,48512,96.768,97.024,relax,0,0,0.0,False,False,4.167761389109702,5.206756881831157,542.4688395028948,36.0,6.0,80.99930967664302,82.03125,85.9375,15.613551889885409
session_11.csv,session_11,757,48448,48576,48448,48576,96.896,97.152,relax,0,0,0.0,False,False,3.752130286410309,4.593582237157032,504.8596996324111,38.0,5.0,82.46960348623583,82.03125,85.9375,16.01796723591757
session_11.csv,session_11,758,48512,48640,48512,48640,97.024,97.28,relax,0,0,0.0,False,False,4.035247141769851,5.039987356543258,551.9071026602073,40.0,9.0,86.818216881834,85.9375,97.65625,25.98672555830684
session_11.csv,session_11,759,48576,48704,48576,48704,97.152,97.408,relax,0,0,0.0,False,False,4.276862921724372,5.204245536444511,549.4796522617526,37.0,7.0,80.78572661800003,82.03125,70.3125,20.854020635481497
session_11.csv,session_11,760,48640,48768,48640,48768,97.28,97.536,relax,0,0,0.0,False,False,4.095004422698806,5.294651502901961,534.1431211088666,35.0,6.0,85.26178954981796,82.03125,78.125,37.66070469969317
session_11.csv,session_11,761,48704,48832,48704,48832,97.408,97.664,relax,0,0,0.0,False,False,3.4917748695803175,4.697428116092663,465.45716251653175,33.0,5.0,80.24976054900989,78.125,66.40625,6.066140632596988
session_11.csv,session_11,762,48768,48896,48768,48896,97.536,97.792,relax,0,0,0.0,False,False,3.5363914253536803,4.399023975200755,477.27052037352894,36.0,8.0,86.23732654860788,85.9375,93.75,23.55178648965715
session_11.csv,session_11,763,48832,48960,48832,48960,97.664,97.92,relax,0,0,0.0,False,False,3.2341089799444944,4.22093371751619,433.73314314862125,32.0,9.0,82.12811657384162,82.03125,97.65625,12.759893036765245
session_11.csv,session_11,764,48896,49024,48896,49024,97.792,98.048,relax,0,0,0.0,False,False,2.039015363483978,2.589521338387575,266.8774506261468,21.0,2.0,82.84850322714804,85.9375,85.9375,2.7933975666840203
session_11.csv,session_11,765,48960,49088,48960,49088,97.92,98.176,relax,0,0,0.0,False,False,2.0072301249524696,2.4683344112691596,275.0360812921407,25.0,0.0,79.75900103465194,78.125,70.3125,4.514583076258577
session_11.csv,session_11,766,49024,49152,49024,49152,98.048,98.304,relax,0,0,0.0,False,False,2.297246927691373,2.889769042626753,321.3287141647652,34.0,0.0,83.64198844502867,85.9375,85.9375,8.109309470391128
session_11.csv,session_11,767,49088,49216,49088,49216,98.176,98.432,relax,0,0,0.0,False,False,2.239790719318731,3.036120429505521,301.549428936072,25.0,2.0,84.48070445137365,89.84375,89.84375,8.18068743823651
session_11.csv,session_11,768,49152,49280,49152,49280,98.304,98.56,relax,0,21,0.1640625,True,True,7.214539697405323,11.39559901988742,900.8128083042934,28.0,13.0,84.58988321048254,85.9375,93.75,41.15717655179516
session_11.csv,session_11,769,49216,49344,49216,49344,98.432,98.688,clench,1,85,0.6640625,True,True,16.395041699706564,22.418996696065683,2101.7772751127704,42.0,30.0,79.87989496463378,78.125,78.125,888.9788586301252
session_11.csv,session_11,770,49280,49408,49280,49408,98.56,98.816,clench,1,128,1.0,False,True,15.596026483281541,21.478071813175788,2040.649017424092,46.0,36.0,88.88347839218291,93.75,93.75,143.713991695878
session_11.csv,session_11,771,49344,49472,49344,49472,98.688,98.944,clench,1,128,1.0,False,False,13.537139357158523,16.219412544068707,1823.7304624593169,45.0,34.0,85.1122135733038,85.9375,89.84375,269.6260222711467
session_11.csv,session_11,772,49408,49536,49408,49536,98.816,99.072,clench,1,128,1.0,False,False,14.687168042313903,17.737839763156604,1909.0528169591303,43.0,33.0,84.48355228713339,85.9375,89.84375,300.4692989123868
session_11.csv,session_11,773,49472,49600,49472,49600,98.944,99.2,clench,1,128,1.0,False,False,17.090609213836327,21.449527976098864,2306.1000827862263,44.0,35.0,86.25819103080053,85.9375,85.9375,476.2714905414015
session_11.csv,session_11,774,49536,49664,49536,49664,99.072,99.328,clench,1,128,1.0,False,False,17.670484926034604,22.618564506182192,2394.861461417129,45.0,29.0,87.63277695515298,89.84375,93.75,451.6117495789199
session_11.csv,session_11,775,49600,49728,49600,49728,99.2,99.456,clench,1,128,1.0,False,False,12.001844671505498,16.155530815091325,1524.5823888024656,40.0,20.0,80.93798010466416,78.125,74.21875,335.0531753449101
session_11.csv,session_11,776,49664,49792,49664,49792,99.328,99.584,clench,1,128,1.0,False,False,13.519423881382274,17.48719218952116,1686.7704579040442,39.0,21.0,81.69020941458659,74.21875,74.21875,231.0550172280302
session_11.csv,session_11,777,49728,49856,49728,49856,99.456,99.712,clench,1,128,1.0,False,False,13.613074281039603,17.38637135040662,1775.31576724677,43.0,28.0,79.94949214627185,74.21875,74.21875,206.51448687381668
session_11.csv,session_11,778,49792,49920,49792,49920,99.584,99.84,clench,1,128,1.0,False,False,13.411448916695175,16.869997867281278,1725.7702000128133,41.0,32.0,79.91788186935304,82.03125,85.9375,284.2762564188875
session_11.csv,session_11,779,49856,49984,49856,49984,99.712,99.968,clench,1,128,1.0,False,False,14.893746125658495,18.23900044957616,1907.4215831309284,41.0,30.0,79.91062497151876,78.125,78.125,193.376808847769
session_11.csv,session_11,780,49920,50048,49920,50048,99.84,100.096,clench,1,128,1.0,False,False,11.015844727599733,13.474193330306287,1394.260891396384,42.0,23.0,84.39719939898404,89.84375,89.84375,123.59108080657936
session_11.csv,session_11,781,49984,50112,49984,50112,99.968,100.224,clench,1,128,1.0,False,False,9.23501263634183,12.108287677877712,1179.4876606701523,39.0,17.0,77.93182219337339,74.21875,70.3125,158.23805251689924
session_11.csv,session_11,782,50048,50176,50048,50176,100.096,100.352,clench,1,128,1.0,False,False,9.616467418139655,12.524482094102165,1272.7330090020746,38.0,20.0,76.5285581806829,78.125,78.125,91.16871783095782
session_11.csv,session_11,783,50112,50240,50112,50240,100.224,100.48,clench,1,128,1.0,False,False,10.454796419713896,12.400477556437039,1371.9994622810398,42.0,30.0,84.08159783597591,82.03125,89.84375,139.95349341340912
session_11.csv,session_11,784,50176,50304,50176,50304,100.352,100.608,clench,1,128,1.0,False,False,11.565430276680923,13.693331491667628,1498.463366668474,43.0,31.0,83.83033713542737,89.84375,89.84375,116.36079338612826
session_11.csv,session_11,785,50240,50368,50240,50368,100.48,100.736,clench,1,128,1.0,False,False,13.197038635577606,16.25906528139301,1671.9521632899057,41.0,29.0,83.83531768614074,82.03125,82.03125,316.6368309314669
session_11.csv,session_11,786,50304,50432,50304,50432,100.608,100.864,clench,1,128,1.0,False,False,10.385969582056992,14.09943102585911,1310.5489689519593,42.0,27.0,75.47473889611285,74.21875,70.3125,245.0304709753467
session_11.csv,session_11,787,50368,50496,50368,50496,100.736,100.992,clench,1,128,1.0,False,False,7.578870669448436,10.410652874716678,1056.713610608566,47.0,22.0,82.08036123739595,82.03125,85.9375,50.48331187947502
session_11.csv,session_11,788,50432,50560,50432,50560,100.864,101.12,clench,1,128,1.0,False,False,10.024614226554855,13.325755739621151,1348.8225393979274,47.0,25.0,82.98864335206306,85.9375,89.84375,258.43769999538665
session_11.csv,session_11,789,50496,50624,50496,50624,100.992,101.248,clench,1,128,1.0,False,False,9.639833388978303,12.50743946406298,1247.713326303715,46.0,28.0,79.20228421302544,82.03125,82.03125,55.31927207302108
session_11.csv,session_11,790,50560,50688,50560,50688,101.12,101.376,clench,1,128,1.0,False,False,11.423294182800284,14.431457220058515,1441.977508940204,43.0,26.0,78.75825695868775,78.125,78.125,118.29047045552969
session_11.csv,session_11,791,50624,50752,50624,50752,101.248,101.504,clench,1,128,1.0,False,False,10.574684864134333,13.884867666181986,1358.8196172348494,42.0,23.0,81.16924835218215,78.125,78.125,195.20397492868028
session_11.csv,session_11,792,50688,50816,50688,50816,101.376,101.632,clench,1,128,1.0,False,False,5.47855292484008,6.751610429037712,734.3954469755154,44.0,14.0,87.57388019481216,89.84375,89.84375,25.53367191642329
session_11.csv,session_11,793,50752,50880,50752,50880,101.504,101.76,clench,1,128,1.0,False,True,5.229945400136574,6.545745128839976,661.4679759915103,43.0,11.0,78.5797252633616,78.125,82.03125,30.525656586253202
session_11.csv,session_11,794,50816,50944,50816,50944,101.632,101.888,clench,1,85,0.6640625,True,True,6.33668064131845,7.827537286986724,801.1350607203328,39.0,17.0,84.0692152438537,85.9375,89.84375,68.91962196082505
session_11.csv,session_11,795,50880,51008,50880,51008,101.76,102.016,relax,0,21,0.1640625,True,True,5.7930752807129835,6.976384088712279,739.3735345147956,40.0,12.0,74.80749766313089,70.3125,70.3125,49.070362726927904
session_11.csv,session_11,796,50944,51072,50944,51072,101.888,102.144,relax,0,0,0.0,False,False,4.736517964158488,5.563247195466506,599.6669162659878,41.0,8.0,83.78551238767069,85.9375,89.84375,36.916254906290995
session_11.csv,session_11,797,51008,51136,51008,51136,102.016,102.272,relax,0,0,0.0,False,False,4.6595613323879235,5.491171142729748,577.9155151059496,40.0,8.0,80.00275257508231,78.125,78.125,24.205514694475454
session_11.csv,session_11,798,51072,51200,51072,51200,102.144,102.4,relax,0,0,0.0,False,False,3.8788088129207017,4.561828133684137,494.37396460781565,41.0,4.0,84.38405457805715,85.9375,78.125,16.570600970573537
session_11.csv,session_11,799,51136,51264,51136,51264,102.272,102.528,relax,0,0,0.0,False,False,3.0127799116151355,3.4937480092903477,388.21306758031585,36.0,1.0,80.94982738415135,82.03125,82.03125,14.3998133250749
session_11.csv,session_11,800,51200,51328,51200,51328,102.4,102.656,relax,0,0,0.0,False,False,3.3672500876070073,4.125547514312738,460.39849793263,37.0,7.0,84.15427300178871,85.9375,93.75,4.637143146036346
session_11.csv,session_11,801,51264,51392,51264,51392,102.528,102.784,relax,0,0,0.0,False,False,4.06753789577571,4.994747079355145,531.4856875656576,38.0,7.0,85.27425703710468,85.9375,82.03125,24.832147614663292
session_11.csv,session_11,802,51328,51456,51328,51456,102.656,102.912,relax,0,0,0.0,False,False,3.6185291779225066,4.477916163522919,442.4521913378769,37.0,0.0,75.85068051571436,74.21875,70.3125,24.417745266719763
session_11.csv,session_11,803,51392,51520,51392,51520,102.784,103.04,relax,0,0,0.0,False,False,2.441331663985922,2.9803460156775174,312.2548984905724,29.0,0.0,83.2501539399516,85.9375,85.9375,9.477278723446695
session_11.csv,session_11,804,51456,51584,51456,51584,102.912,103.168,relax,0,0,0.0,False,False,2.4299491102629522,2.8836125654593077,296.81626940094145,26.0,0.0,80.86655112849627,74.21875,74.21875,6.658346379430295
session_11.csv,session_11,805,51520,51648,51520,51648,103.04,103.296,relax,0,0,0.0,False,False,2.6594482501726917,3.1432878971283555,321.13501509127275,30.0,0.0,73.5246742889129,70.3125,70.3125,7.42856981100616
session_11.csv,session_11,806,51584,51712,51584,51712,103.168,103.424,relax,0,0,0.0,False,False,2.258660210348534,2.731159271054314,289.2694430119558,26.0,1.0,77.20755268671152,74.21875,70.3125,6.741678988945853
session_11.csv,session_11,807,51648,51776,51648,51776,103.296,103.552,relax,0,0,0.0,False,False,2.2564491794330133,2.6703588265509275,287.0862171224859,23.0,1.0,78.4865405996867,74.21875,70.3125,5.644283778083327
session_11.csv,session_11,808,51712,51840,51712,51840,103.424,103.68,relax,0,0,0.0,False,False,2.5938761741284884,3.0570211927288704,326.20306330316373,29.0,1.0,81.51247036241601,85.9375,85.9375,6.923126982771134
session_11.csv,session_11,809,51776,51904,51776,51904,103.552,103.808,relax,0,0,0.0,False,False,2.8847099971566665,3.483231880241915,360.91730316508915,31.0,1.0,79.38027916156021,78.125,70.3125,11.347216201824741
session_11.csv,session_11,810,51840,51968,51840,51968,103.68,103.936,relax,0,0,0.0,False,False,2.6859179764879135,3.3109297920983876,329.38635731379236,24.0,2.0,80.02359881788799,78.125,74.21875,12.653495977465393
session_11.csv,session_11,811,51904,52032,51904,52032,103.808,104.064,relax,0,0,0.0,False,False,2.4797226078739065,2.961215030479875,320.8655257701374,30.0,2.0,77.40529799988792,70.3125,70.3125,5.420000261698852
session_11.csv,session_11,812,51968,52096,51968,52096,103.936,104.192,relax,0,0,0.0,False,False,2.3711889696732893,2.883341379367244,310.52415592007105,32.0,1.0,82.54102122649107,85.9375,89.84375,8.692373967382936
session_11.csv,session_11,813,52032,52160,52032,52160,104.064,104.32,relax,0,0,0.0,False,False,2.378167061211224,2.853779217706714,293.7569300695201,28.0,1.0,82.92341475488395,82.03125,97.65625,3.961998289970934
session_11.csv,session_11,814,52096,52224,52096,52224,104.192,104.448,relax,0,0,0.0,False,False,2.595250310326705,3.0100226149928733,324.2359550566572,31.0,1.0,74.48484823487728,70.3125,70.3125,8.423930486736943
session_11.csv,session_11,815,52160,52288,52160,52288,104.32,104.576,relax,0,0,0.0,False,False,2.599656843710914,3.1718321333154607,330.32161583049253,29.0,1.0,82.00518138009554,78.125,70.3125,6.01125107601177
session_11.csv,session_11,816,52224,52352,52224,52352,104.448,104.704,relax,0,0,0.0,False,False,2.3085829882755107,2.8696466152681346,318.1034693005339,29.0,0.0,81.79977771356423,74.21875,97.65625,8.860043763274835
session_11.csv,session_11,817,52288,52416,52288,52416,104.576,104.832,relax,0,0,0.0,False,False,2.4890678894556704,3.1623469625772835,335.12870201149167,27.0,4.0,83.97668215799816,82.03125,97.65625,3.895852437037008
session_11.csv,session_11,818,52352,52480,52352,52480,104.704,104.96,relax,0,22,0.171875,True,True,6.363132145103433,8.922987072975266,799.0765816863409,34.0,18.0,84.34080483447488,85.9375,89.84375,31.58145100583827
session_11.csv,session_11,819,52416,52544,52416,52544,104.832,105.088,clench,1,86,0.671875,True,True,15.057045670158324,20.42013815009347,1913.7458748331806,42.0,31.0,82.08791255625775,82.03125,82.03125,408.4360094914465
session_11.csv,session_11,820,52480,52608,52480,52608,104.96,105.216,clench,1,128,1.0,False,True,16.35527805731804,21.61172020459881,2098.3443819131926,41.0,29.0,81.98621531194199,82.03125,82.03125,288.3538852097977
session_11.csv,session_11,821,52544,52672,52544,52672,105.088,105.344,clench,1,128,1.0,False,False,13.629523114606926,17.110837667503993,1839.3884084923166,44.0,32.0,85.35709301397068,85.9375,93.75,220.95111583097773
session_11.csv,session_11,822,52608,52736,52608,52736,105.216,105.472,clench,1,128,1.0,False,False,20.36513332705978,25.236479395170793,2593.4251852134157,44.0,36.0,77.13920139354933,74.21875,74.21875,665.3175260646643
session_11.csv,session_11,823,52672,52800,52672,52800,105.344,105.6,clench,1,128,1.0,False,False,21.369251608364106,26.03827136293751,2743.5560080093055,43.0,38.0,79.5718400486926,78.125,78.125,547.0373594615263
session_11.csv,session_11,824,52736,52864,52736,52864,105.472,105.728,clench,1,128,1.0,False,False,16.870788372190074,20.831630857643397,2256.666509290799,44.0,39.0,84.22029039616525,82.03125,82.03125,430.5718748611914
session_11.csv,session_11,825,52800,52928,52800,52928,105.6,105.856,clench,1,128,1.0,False,False,14.847896427413218,18.899501590947573,1908.1026308977416,42.0,31.0,79.75213886631141,78.125,74.21875,114.95032075852666
session_11.csv,session_11,826,52864,52992,52864,52992,105.728,105.984,clench,1,89,0.6953125,True,True,12.032030972958406,15.395129692823248,1516.6486874759335,42.0,25.0,79.98444558621237,78.125,78.125,399.91787534567555
session_11.csv,session_11,827,52928,53056,52928,53056,105.856,106.112,relax,0,25,0.1953125,True,True,7.257998865689462,10.495388325670564,935.5732575661965,40.0,16.0,78.57681897947398,78.125,70.3125,58.87598211362289
session_11.csv,session_11,828,52992,53120,52992,53120,105.984,106.24,relax,0,0,0.0,False,False,4.425421304507065,5.541567740951211,579.3005823679625,41.0,10.0,83.45161417085004,82.03125,97.65625,24.178451029033628
session_11.csv,session_11,829,53056,53184,53056,53184,106.112,106.368,relax,0,0,0.0,False,False,5.018389574033506,6.131400966670894,643.2313660946941,38.0,14.0,82.96209149052417,82.03125,70.3125,30.192983678437937
session_11.csv,session_11,830,53120,53248,53120,53248,106.24,106.496,relax,0,0,0.0,False,False,4.676507462644417,5.608944877588893,610.0382506179535,40.0,14.0,81.54714701100478,82.03125,82.03125,34.82303993604455
session_11.csv,session_11,831,53184,53312,53184,53312,106.368,106.624,relax,0,0,0.0,False,False,5.118841277620784,6.057196099709979,682.2224244289159,44.0,12.0,82.81714679319002,82.03125,85.9375,22.635875606208504
session_11.csv,session_11,832,53248,53376,53248,53376,106.496,106.752,relax,0,0,0.0,False,False,4.988233935607172,5.832864422324209,664.7356595967796,45.0,15.0,82.91436817284772,85.9375,85.9375,32.1839963770818
session_11.csv,session_11,833,53312,53440,53312,53440,106.624,106.88,relax,0,0,0.0,False,False,5.375358182783508,6.580425090225251,730.2364927588852,43.0,18.0,88.9222434125056,89.84375,85.9375,55.584813935947025
session_11.csv,session_11,834,53376,53504,53376,53504,106.752,107.008,relax,0,0,0.0,False,False,5.039032094386011,6.361198056474565,689.4916470232104,39.0,13.0,85.08363638108435,85.9375,85.9375,18.698472890252372
session_11.csv,session_11,835,53440,53568,53440,53568,106.88,107.136,relax,0,0,0.0,False,False,3.7421670428549003,4.680083788040866,512.6174536053373,39.0,9.0,83.16683434170832,85.9375,89.84375,19.28491829549141
session_11.csv,session_11,836,53504,53632,53504,53632,107.008,107.264,relax,0,0,0.0,False,False,4.073680031009028,5.164426337547152,531.9948051220422,38.0,8.0,83.67722180944058,89.84375,89.84375,20.77590173567884
session_11.csv,session_11,837,53568,53696,53568,53696,107.136,107.392,relax,0,0,0.0,False,False,3.599285067958917,4.6521608346612675,473.5633246641057,37.0,5.0,81.58554042512833,82.03125,85.9375,15.445341890325254
session_11.csv,session_11,838,53632,53760,53632,53760,107.264,107.52,relax,0,0,0.0,False,False,3.0294749091323796,3.831181257428397,421.93159988583477,37.0,5.0,81.18699556733912,78.125,70.3125,12.934659252485895
session_11.csv,session_11,839,53696,53824,53696,53824,107.392,107.648,relax,0,0,0.0,False,False,3.218925575591193,3.9845870211197383,424.0514418915392,32.0,3.0,80.29383317687875,85.9375,85.9375,10.1377176848544
session_11.csv,session_11,840,53760,53888,53760,53888,107.52,107.776,relax,0,0,0.0,False,False,4.388730588171642,6.219171892243018,565.388851154278,29.0,7.0,76.97752105737628,74.21875,74.21875,8.86899349048141
session_11.csv,session_11,841,53824,53952,53824,53952,107.648,107.904,relax,0,33,0.2578125,True,True,13.751345685459757,19.510212232587573,1756.2072132229764,37.0,25.0,85.36476684372545,89.84375,93.75,482.5302295891414
session_11.csv,session_11,842,53888,54016,53888,54016,107.776,108.032,clench,1,97,0.7578125,True,True,17.54954390782633,21.99268324445358,2199.6486984413623,42.0,29.0,75.50994047365782,74.21875,70.3125,361.5107038903751
session_11.csv,session_11,843,53952,54080,53952,54080,107.904,108.16,clench,1,128,1.0,False,False,14.961446386512613,19.588871155404707,1817.7977177330695,39.0,23.0,77.79495295969033,78.125,82.03125,386.61115343108077
session_11.csv,session_11,844,54016,54144,54016,54144,108.032,108.288,clench,1,128,1.0,False,False,19.723244078030618,26.242240162359792,2573.4258487204065,41.0,29.0,83.74739846863372,85.9375,93.75,412.94771773824135
session_11.csv,session_11,845,54080,54208,54080,54208,108.16,108.416,clench,1,128,1.0,False,False,14.83764969801862,21.76457049043984,1956.2785277940409,43.0,26.0,85.38027963029573,85.9375,82.03125,560.7625098456988
session_11.csv,session_11,846,54144,54272,54144,54272,108.288,108.544,clench,1,128,1.0,False,True,8.21770918251203,10.841278648241802,1062.0334321633843,42.0,20.0,81.9238668312637,82.03125,82.03125,39.66056074575665
session_11.csv,session_11,847,54208,54336,54208,54336,108.416,108.672,clench,1,80,0.625,True,True,8.231548985587327,11.544034578812871,1087.451325792753,40.0,20.0,81.10287852463414,82.03125,70.3125,243.61315806270233
session_11.csv,session_11,848,54272,54400,54272,54400,108.544,108.8,relax,0,16,0.125,True,True,4.956988680769468,7.492016257150411,647.0978129399482,39.0,10.0,74.35251585154646,70.3125,70.3125,10.389614824596283
session_11.csv,session_11,849,54336,54464,54336,54464,108.672,108.928,relax,0,0,0.0,False,False,4.775644283456708,6.0027379307760595,635.0429030827561,42.0,12.0,85.40945769462627,89.84375,93.75,40.34209786980311
session_11.csv,session_11,850,54400,54528,54400,54528,108.8,109.056,relax,0,0,0.0,False,False,5.991458282757686,7.192984796216712,771.9772036846067,42.0,9.0,82.84725077671534,82.03125,82.03125,50.56237615237343
session_11.csv,session_11,851,54464,54592,54464,54592,108.928,109.184,relax,0,0,0.0,False,False,5.1836302250052055,6.278384070391982,643.5928236831427,37.0,7.0,79.50360228030183,78.125,78.125,38.97157916229773
session_11.csv,session_11,852,54528,54656,54528,54656,109.056,109.312,relax,0,0,0.0,False,False,4.274449512500945,5.134180832883482,517.9931282668797,35.0,8.0,77.25454691820012,74.21875,70.3125,17.179444174641578
session_11.csv,session_11,853,54592,54720,54592,54720,109.184,109.44,relax,0,0,0.0,False,False,4.396541074888603,5.171627838806674,531.5122175351137,36.0,10.0,77.44848504372192,78.125,78.125,18.390696524356247
session_11.csv,session_11,854,54656,54784,54656,54784,109.312,109.568,relax,0,0,0.0,False,False,3.9790881339175987,4.90103064992807,509.6038509013713,35.0,13.0,80.52190555713256,78.125,78.125,25.339887335702603
session_11.csv,session_11,855,54720,54848,54720,54848,109.44,109.696,relax,0,0,0.0,False,False,3.2337885270874542,4.096054277584309,430.6013278540755,36.0,6.0,84.0712402602337,85.9375,89.84375,22.83568992221773
session_11.csv,session_11,856,54784,54912,54784,54912,109.568,109.824,relax,0,0,0.0,False,False,2.903080044210939,3.7115423127439198,385.69849726674124,35.0,3.0,82.56532459575622,82.03125,74.21875,9.695606444306545
session_11.csv,session_11,857,54848,54976,54848,54976,109.696,109.952,relax,0,23,0.1796875,True,True,13.346381780940977,27.86198954023445,1757.504457819795,35.0,14.0,79.59307285882724,78.125,74.21875,33.72873347640698
session_11.csv,session_11,858,54912,55040,54912,55040,109.824,110.08,clench,1,87,0.6796875,True,True,27.79048680324545,39.390593602197214,3577.7263941409415,39.0,33.0,83.0215136721573,85.9375,89.84375,3079.299952001894
session_11.csv,session_11,859,54976,55104,54976,55104,109.952,110.208,clench,1,128,1.0,False,True,24.339530914582486,31.470124619490164,3007.98079873164,42.0,34.0,82.3411455713254,85.9375,89.84375,509.3896873903689
session_11.csv,session_11,860,55040,55168,55040,55168,110.08,110.336,clench,1,128,1.0,False,False,21.691048979828917,26.097778941385712,2676.00530127249,42.0,30.0,81.16529169756188,78.125,78.125,780.4871378898335
session_11.csv,session_11,861,55104,55232,55104,55232,110.208,110.464,clench,1,128,1.0,False,False,21.924129041453135,26.746104477349867,2710.069265092635,42.0,32.0,78.87753936572939,82.03125,85.9375,694.5745969961451
session_11.csv,session_11,862,55168,55296,55168,55296,110.336,110.592,clench,1,128,1.0,False,True,12.6043450167479,16.714128772456938,1583.9374670956545,42.0,31.0,77.49847208950683,74.21875,78.125,118.31417982391854
session_11.csv,session_11,863,55232,55360,55232,55360,110.464,110.72,clench,1,87,0.6796875,True,True,6.2928115913299125,7.514682356696872,800.269052578716,41.0,19.0,80.98184329812035,82.03125,82.03125,78.98134366799951
session_11.csv,session_11,864,55296,55424,55296,55424,110.592,110.848,relax,0,23,0.1796875,True,True,5.432553089096487,6.689589422620244,687.7743087295935,39.0,11.0,83.98341117150491,85.9375,85.9375,23.01768861480715
session_11.csv,session_11,865,55360,55488,55360,55488,110.72,110.976,relax,0,0,0.0,False,False,4.047976861212501,5.274180909750555,529.7765653121157,31.0,9.0,82.24256784504657,82.03125,82.03125,20.71844536045077
session_11.csv,session_11,866,55424,55552,55424,55552,110.848,111.104,relax,0,0,0.0,False,False,3.6715030747934367,5.085634274753315,481.4143750453542,27.0,10.0,86.27809493259441,89.84375,97.65625,20.206652095373265
session_11.csv,session_11,867,55488,55616,55488,55616,110.976,111.232,relax,0,0,0.0,False,False,3.9621615973296844,5.296257659909702,499.56883569084675,32.0,8.0,78.27899487586426,78.125,74.21875,44.01814883148253
session_11.csv,session_11,868,55552,55680,55552,55680,111.104,111.36,relax,0,0,0.0,False,False,3.533615597120015,4.385164922196687,422.7529694194923,32.0,1.0,76.98853429595748,78.125,82.03125,12.839784777307688
session_11.csv,session_11,869,55616,55744,55616,55744,111.232,111.488,relax,0,0,0.0,False,False,4.036119402119352,5.122726861870251,491.95036568888145,34.0,2.0,79.92340014728778,78.125,74.21875,19.16838343027729
session_11.csv,session_11,870,55680,55808,55680,55808,111.36,111.616,relax,0,0,0.0,False,True,7.474167339654876,9.949300774673898,963.5193842520915,38.0,14.0,81.99160439312362,85.9375,89.84375,83.09412792905476
session_11.csv,session_11,871,55744,55872,55744,55872,111.488,111.744,relax,0,61,0.4765625,True,True,15.925552605961897,20.7264339267874,2124.2328375141064,45.0,32.0,81.93076946992502,82.03125,85.9375,369.9438564493132
session_11.csv,session_11,872,55808,55936,55808,55936,111.616,111.872,clench,1,125,0.9765625,True,True,16.043898506158573,20.858077143749266,2125.321791775574,45.0,32.0,83.32473443257857,82.03125,78.125,390.5269704702779
session_11.csv,session_11,873,55872,56000,55872,56000,111.744,112.0,clench,1,128,1.0,False,False,13.622411374623923,17.407235041815124,1674.9119686689203,40.0,27.0,80.11686598443012,78.125,78.125,143.44016894868432
session_11.csv,session_11,874,55936,56064,55936,56064,111.872,112.128,clench,1,128,1.0,False,False,15.957889683826783,19.438321048319143,1948.1444639279412,40.0,28.0,77.18117845831635,74.21875,74.21875,508.3660132698653
session_11.csv,session_11,875,56000,56128,56000,56128,112.0,112.256,clench,1,128,1.0,False,False,12.849845637378753,15.73227640789927,1581.6973167808128,41.0,24.0,80.33062693651246,82.03125,74.21875,176.3389631775062
session_11.csv,session_11,876,56064,56192,56064,56192,112.128,112.384,clench,1,128,1.0,False,False,11.156419001284203,13.827850107094193,1434.8854523129712,42.0,25.0,82.63838289162452,85.9375,89.84375,171.13523751703104
session_11.csv,session_11,877,56128,56256,56128,56256,112.256,112.512,clench,1,128,1.0,False,False,10.61688701817495,13.139868497862361,1384.6327312249969,42.0,23.0,77.41853505969162,74.21875,74.21875,167.82066620980024
session_11.csv,session_11,878,56192,56320,56192,56320,112.384,112.64,clench,1,128,1.0,False,False,10.8100868105285,13.452534924331003,1315.6935114748853,40.0,20.0,76.64917691614569,74.21875,74.21875,197.6715701214539
session_11.csv,session_11,879,56256,56384,56256,56384,112.512,112.768,clench,1,128,1.0,False,False,13.962887467939208,16.50555953261375,1694.1157382148906,40.0,26.0,83.06294234705322,85.9375,85.9375,247.33102689417754
session_11.csv,session_11,880,56320,56448,56320,56448,112.64,112.896,clench,1,128,1.0,False,False,14.01840563024119,16.545259750734495,1757.4395381388035,42.0,29.0,76.86975977135303,74.21875,70.3125,280.3096302880128
session_11.csv,session_11,881,56384,56512,56384,56512,112.768,113.024,clench,1,128,1.0,False,False,13.257998755675409,15.714745900315457,1641.3095434939446,40.0,28.0,81.15335710077437,78.125,70.3125,163.50344864643037
session_11.csv,session_11,882,56448,56576,56448,56576,112.896,113.152,clench,1,128,1.0,False,False,9.63389775005735,12.349360993083932,1201.7657656903414,41.0,23.0,77.06606625557717,74.21875,74.21875,155.65716681989085
session_11.csv,session_11,883,56512,56640,56512,56640,113.024,113.28,clench,1,102,0.796875,True,True,7.052116858072814,8.925628244763908,911.2695400494515,45.0,20.0,85.16967712501787,85.9375,93.75,91.44841531098632
session_11.csv,session_11,884,56576,56704,56576,56704,113.152,113.408,relax,0,38,0.296875,True,True,7.496501349058693,9.210199492545696,951.8415923239651,43.0,21.0,82.34973229038376,82.03125,82.03125,86.32309661277107
session_11.csv,session_11,885,56640,56768,56640,56768,113.28,113.536,relax,0,0,0.0,False,False,5.7382142001621546,7.056356219322294,726.6159622572376,38.0,11.0,82.41790426682326,85.9375,74.21875,68.68881420068145
session_11.csv,session_11,886,56704,56832,56704,56832,113.408,113.664,relax,0,0,0.0,False,False,4.427752990704392,5.758465980274493,539.6959835830651,32.0,3.0,76.46381672801552,74.21875,70.3125,19.39349855744378
session_11.csv,session_11,887,56768,56896,56768,56896,113.536,113.792,relax,0,0,0.0,False,False,3.7731729242463032,4.642498681923431,472.2409656911907,34.0,4.0,78.20248640735846,78.125,78.125,24.948470213160352
session_11.csv,session_11,888,56832,56960,56832,56960,113.664,113.92,relax,0,0,0.0,False,False,3.437970664100307,4.269435988192617,430.5775881239381,33.0,4.0,81.58979352931159,78.125,78.125,7.001647095041546
session_11.csv,session_11,889,56896,57024,56896,57024,113.792,114.048,relax,0,0,0.0,False,False,3.50952638848793,4.3583279799408885,448.7932268431914,35.0,6.0,77.40514254397061,78.125,78.125,16.006215324077903
session_11.csv,session_11,890,56960,57088,56960,57088,113.92,114.176,relax,0,0,0.0,False,False,3.690796914809936,4.448960737097284,464.5957232089613,35.0,9.0,81.5069044170642,82.03125,66.40625,16.292469549050768
session_11.csv,session_11,891,57024,57152,57024,57152,114.048,114.304,relax,0,0,0.0,False,False,4.223308571883332,5.151741092306572,515.6410265701567,34.0,7.0,79.82371531011712,78.125,78.125,33.563149453771885
session_11.csv,session_11,892,57088,57216,57088,57216,114.176,114.432,relax,0,0,0.0,False,False,3.795210370018843,4.774492583085399,466.14455309551795,32.0,4.0,78.3839009419786,74.21875,70.3125,14.074013586045409
session_11.csv,session_11,893,57152,57280,57152,57280,114.304,114.56,relax,0,0,0.0,False,False,2.914050536857249,3.4621049179987358,373.7728067986385,32.0,3.0,83.0958956766554,82.03125,82.03125,11.566344057969966
session_11.csv,session_11,894,57216,57344,57216,57344,114.432,114.688,relax,0,0,0.0,False,False,3.570176669801662,4.19679023927668,457.8763603239023,37.0,9.0,86.43489147413806,89.84375,89.84375,14.685532707889852
session_11.csv,session_11,895,57280,57408,57280,57408,114.56,114.816,relax,0,0,0.0,False,False,3.127073245740484,3.8932445841746293,411.2802164681916,32.0,8.0,79.99749066760053,78.125,78.125,14.867964841731297
session_11.csv,session_11,896,57344,57472,57344,57472,114.688,114.944,relax,0,0,0.0,False,False,2.1248662002372116,2.5882049263981566,281.82700918387957,22.0,2.0,74.74665138649954,74.21875,74.21875,4.572701713822153
session_11.csv,session_11,897,57408,57536,57408,57536,114.816,115.072,relax,0,0,0.0,False,False,2.299331277446824,2.7351896744769197,301.382143607859,26.0,1.0,80.46113937822756,82.03125,93.75,4.876979530657805
session_11.csv,session_11,898,57472,57600,57472,57600,114.944,115.2,relax,0,19,0.1484375,True,True,7.253625468225307,12.87406844879646,943.0191220574086,39.0,11.0,77.75225689256695,74.21875,74.21875,21.23182011563481
session_11.csv,session_11,899,57536,57664,57536,57664,115.072,115.328,clench,1,83,0.6484375,True,True,15.801673593947008,21.146132428095555,2041.9836135116602,41.0,22.0,81.57393985911865,78.125,78.125,590.0389146029374
session_11.csv,session_11,900,57600,57728,57600,57728,115.2,115.456,clench,1,128,1.0,False,True,20.928366682143995,25.44518596374424,2605.766398615956,40.0,27.0,80.50300898105228,78.125,74.21875,401.9054718929118
session_11.csv,session_11,901,57664,57792,57664,57792,115.328,115.584,clench,1,128,1.0,False,False,16.163484928198013,20.806576935551607,2029.0838524284732,42.0,30.0,80.0606986291205,78.125,82.03125,394.32222904794986
session_11.csv,session_11,902,57728,57856,57728,57856,115.456,115.712,clench,1,128,1.0,False,False,10.516320169360249,12.6835734403498,1436.421065336096,47.0,35.0,85.01497452143201,82.03125,78.125,156.5207319968199
session_11.csv,session_11,903,57792,57920,57792,57920,115.584,115.84,clench,1,128,1.0,False,False,10.300427679640205,12.526169038427021,1430.2205840987353,48.0,35.0,82.45817300025344,82.03125,85.9375,122.39976599434914
session_11.csv,session_11,904,57856,57984,57856,57984,115.712,115.968,clench,1,128,1.0,False,False,9.828922101788613,11.840230027450875,1336.9887371943246,45.0,28.0,85.23015726169996,85.9375,82.03125,87.95546200118068
session_11.csv,session_11,905,57920,58048,57920,58048,115.84,116.096,clench,1,128,1.0,False,False,12.564758025882128,16.328644789466132,1688.4871839040525,45.0,27.0,88.38017693862008,89.84375,93.75,249.69085439064227
session_11.csv,session_11,906,57984,58112,57984,58112,115.968,116.224,clench,1,128,1.0,False,False,14.933638620374047,18.527810367686694,1981.1235565609925,44.0,31.0,85.5984012966653,85.9375,97.65625,261.0106743294258
session_11.csv,session_11,907,58048,58176,58048,58176,116.096,116.352,clench,1,128,1.0,False,False,16.06117415303163,19.328123835659067,2194.4504185097176,44.0,35.0,80.84164721637195,78.125,74.21875,298.747309985191
session_11.csv,session_11,908,58112,58240,58112,58240,116.224,116.48,clench,1,128,1.0,False,False,16.515440007381166,20.776644132306856,2228.6954200167643,43.0,31.0,86.16950453440658,89.84375,97.65625,323.3784464446976
session_11.csv,session_11,909,58176,58304,58176,58304,116.352,116.608,clench,1,128,1.0,False,False,15.966754468891402,21.80949552583353,2092.082360514106,37.0,27.0,82.19617904845015,82.03125,78.125,607.165716636718
session_11.csv,session_11,910,58240,58368,58240,58368,116.48,116.736,clench,1,128,1.0,False,False,11.546026290018142,17.349947996581385,1507.0982234940902,37.0,22.0,85.28491531931166,85.9375,85.9375,95.66655600011087
session_11.csv,session_11,911,58304,58432,58304,58432,116.608,116.864,clench,1,92,0.71875,True,True,7.131160660117394,8.673574516688056,877.0925764209497,36.0,14.0,78.10873376604756,74.21875,74.21875,77.30657303169649
session_11.csv,session_11,912,58368,58496,58368,58496,116.736,116.992,relax,0,28,0.21875,True,True,6.605985646608671,8.208365436228359,835.1389361232648,36.0,12.0,79.03340163748865,78.125,74.21875,47.38353766687587
session_11.csv,session_11,913,58432,58560,58432,58560,116.864,117.12,relax,0,0,0.0,False,False,4.695261344756186,5.8788741630685255,624.5658391377738,40.0,9.0,85.51209101714714,85.9375,85.9375,37.00050903178796
session_11.csv,session_11,914,58496,58624,58496,58624,116.992,117.248,relax,0,0,0.0,False,False,3.351449911593429,4.1552119885651955,450.13663172143015,37.0,5.0,81.5923070076998,78.125,78.125,12.59287424801167
session_11.csv,session_11,915,58560,58688,58560,58688,117.12,117.376,relax,0,0,0.0,False,False,4.243185068638024,5.732224869973912,555.7695146614379,34.0,11.0,87.39361626618704,89.84375,93.75,26.36226531395073
session_11.csv,session_11,916,58624,58752,58624,58752,117.248,117.504,relax,0,0,0.0,False,False,4.343012618065049,5.906221637064873,577.02260236299,31.0,14.0,81.09084822919186,82.03125,89.84375,36.074754129535165
session_11.csv,session_11,917,58688,58816,58688,58816,117.376,117.632,relax,0,0,0.0,False,False,2.9944030711172687,3.9014921139787635,410.2042474312602,29.0,7.0,85.15818732057159,89.84375,93.75,9.830596510449325
session_11.csv,session_11,918,58752,58880,58752,58880,117.504,117.76,relax,0,0,0.0,False,False,3.1719005752848375,4.094241550701515,435.1734142579727,32.0,5.0,89.21952405132133,93.75,97.65625,9.227876359421264
session_11.csv,session_11,919,58816,58944,58816,58944,117.632,117.888,relax,0,0,0.0,False,False,4.884213768443541,7.297976471490892,638.6693247580511,31.0,9.0,80.39597670474758,82.03125,89.84375,15.513156796895808
session_11.csv,session_11,920,58880,59008,58880,59008,117.76,118.016,relax,0,21,0.1640625,True,True,10.298244880282805,13.829810879327072,1270.805578417982,34.0,21.0,78.57850951743085,78.125,78.125,223.88218232512295
session_11.csv,session_11,921,58944,59072,58944,59072,117.888,118.144,clench,1,85,0.6640625,True,True,15.019690643932243,19.719888112209222,1858.159451959888,41.0,27.0,79.16590298423658,78.125,78.125,692.5995569589604
session_11.csv,session_11,922,59008,59136,59008,59136,118.016,118.272,clench,1,128,1.0,False,True,13.758502915082278,18.49002831112665,1704.586317926144,40.0,24.0,74.64990596616323,70.3125,70.3125,102.95646196211626
session_11.csv,session_11,923,59072,59200,59072,59200,118.144,118.4,clench,1,128,1.0,False,False,14.5576667385808,18.04127217737951,1816.987673370427,40.0,22.0,82.37604685794611,82.03125,82.03125,239.33965027084733
session_11.csv,session_11,924,59136,59264,59136,59264,118.272,118.528,clench,1,128,1.0,False,False,13.0230703653224,17.03313930012801,1631.8136976273736,39.0,21.0,82.28786061657829,78.125,78.125,306.2270131411129
session_11.csv,session_11,925,59200,59328,59200,59328,118.4,118.656,clench,1,128,1.0,False,False,6.714296278797498,9.379786173677484,861.2762552940637,36.0,18.0,83.6518393588596,82.03125,82.03125,23.825104690343593
session_11.csv,session_11,926,59264,59392,59264,59392,118.528,118.784,clench,1,99,0.7734375,True,True,7.111182883617476,9.706768976355654,903.9946784458494,39.0,16.0,78.0703925024275,74.21875,70.3125,118.42601587001036
session_11.csv,session_11,927,59328,59456,59328,59456,118.656,118.912,relax,0,35,0.2734375,True,True,7.289882927091773,9.487324714864478,888.5273538474013,41.0,15.0,76.83751744827971,74.21875,70.3125,60.61400080794537
session_11.csv,session_11,928,59392,59520,59392,59520,118.784,119.04,relax,0,0,0.0,False,False,5.12315312658309,6.085466366149863,626.720481838698,36.0,13.0,76.71567486199028,70.3125,70.3125,36.97700874545881
session_11.csv,session_11,929,59456,59584,59456,59584,118.912,119.168,relax,0,0,0.0,False,False,5.57002349196551,6.62309882856375,683.3582930782283,35.0,16.0,74.9888531419902,70.3125,70.3125,29.732152476375596
session_11.csv,session_11,930,59520,59648,59520,59648,119.04,119.296,relax,0,0,0.0,False,False,4.5172264178487875,5.64246934798,565.5843300986006,37.0,12.0,76.81206081993948,74.21875,74.21875,40.631364742678684
session_11.csv,session_11,931,59584,59712,59584,59712,119.168,119.424,relax,0,0,0.0,False,False,3.209288923467713,4.021097930677809,415.72669918110773,37.0,5.0,88.07528462870714,89.84375,85.9375,6.9003528363763476
session_11.csv,session_11,932,59648,59776,59648,59776,119.296,119.552,relax,0,0,0.0,False,False,3.319056807275569,4.04741445031578,427.2251781967211,35.0,7.0,81.05084086695992,82.03125,82.03125,18.638802798554863
session_11.csv,session_11,933,59712,59840,59712,59840,119.424,119.68,relax,0,0,0.0,False,False,3.334691541093541,4.183778172806244,433.980415056692,34.0,5.0,82.02604747660668,82.03125,82.03125,10.406718513387949
session_11.csv,session_11,934,59776,59904,59776,59904,119.552,119.808,relax,0,0,0.0,False,False,2.5312809630374558,3.3970395921371317,330.89772303941254,25.0,2.0,81.86887336545671,82.03125,82.03125,11.955651187277018
session_11.csv,session_11,935,59840,59968,59840,59968,119.68,119.936,relax,0,0,0.0,False,False,2.416260777455504,3.200844825032947,305.89057247016774,21.0,1.0,78.9753438336493,82.03125,82.03125,5.354518752201895
session_11.csv,session_11,936,59904,60032,59904,60032,119.808,120.064,relax,0,0,0.0,False,False,2.5879374373954107,3.3424728026580928,338.11381222874604,26.0,1.0,79.9453889729094,74.21875,70.3125,15.356349614209808
session_11.csv,session_11,937,59968,60096,59968,60096,119.936,120.192,relax,0,0,0.0,False,False,2.795083131612654,3.774596722285217,346.06944227456495,24.0,2.0,73.36026360809183,70.3125,70.3125,4.263203352115458
session_11.csv,session_11,938,60032,60160,60032,60160,120.064,120.32,relax,0,0,0.0,False,False,6.622518245288374,10.280366055221062,835.8905580303976,31.0,11.0,77.57550172139706,74.21875,70.3125,34.22284965377226
session_11.csv,session_11,939,60096,60224,60096,60224,120.192,120.448,relax,0,18,0.140625,True,True,15.258135751711876,20.241777174349597,1941.3795156073616,38.0,27.0,81.34876156622585,82.03125,82.03125,476.72058979381694
session_11.csv,session_11,940,60160,60288,60160,60288,120.32,120.576,clench,1,82,0.640625,True,True,20.238703197050725,25.469825472795925,2549.178927255019,40.0,30.0,79.20767764798946,78.125,70.3125,353.4021478592442
session_11.csv,session_11,941,60224,60352,60224,60352,120.448,120.704,clench,1,128,1.0,False,True,19.601137015194666,25.0864854471803,2403.7961259392787,38.0,26.0,78.26680150603379,74.21875,74.21875,743.0026523638367
session_11.csv,session_11,942,60288,60416,60288,60416,120.576,120.832,clench,1,128,1.0,False,False,16.534668579493086,21.100863610184852,2118.210976106146,38.0,31.0,83.68746698165481,82.03125,78.125,592.610829201688
session_11.csv,session_11,943,60352,60480,60352,60480,120.704,120.96,clench,1,128,1.0,False,False,16.933542299189423,21.0366212298726,2095.118885585641,40.0,27.0,72.12235971304544,66.40625,66.40625,192.71842049309438
session_11.csv,session_11,944,60416,60544,60416,60544,120.832,121.088,clench,1,128,1.0,False,False,18.820671332466176,22.50215191216906,2380.6368298027064,41.0,29.0,77.4746878369404,74.21875,70.3125,619.9757125889997
session_11.csv,session_11,945,60480,60608,60480,60608,120.96,121.216,clench,1,128,1.0,False,False,21.779156977859955,26.421892794176788,2951.829877488851,46.0,38.0,86.48346044414217,82.03125,78.125,385.4916902844258
session_11.csv,session_11,946,60544,60672,60544,60672,121.088,121.344,clench,1,128,1.0,False,False,21.15682081717945,25.819183062914377,2876.2288625390033,47.0,41.0,84.22870553799488,85.9375,85.9375,678.0499816068155
session_11.csv,session_11,947,60608,60736,60608,60736,121.216,121.472,clench,1,128,1.0,False,False,14.651875157806302,18.198473063953998,2048.90166931284,49.0,39.0,90.05755601294928,97.65625,97.65625,159.08480772173334
session_11.csv,session_11,948,60672,60800,60672,60800,121.344,121.6,clench,1,128,1.0,False,False,12.272879555801959,15.446675008073862,1606.2156792969356,45.0,29.0,82.20951241068738,82.03125,74.21875,216.80637790205094
session_11.csv,session_11,949,60736,60864,60736,60864,121.472,121.728,clench,1,128,1.0,False,False,7.310819295942885,9.853839839541616,914.1586701678508,37.0,13.0,82.71627186316164,82.03125,78.125,94.97092701377757
session_11.csv,session_11,950,60800,60928,60800,60928,121.6,121.856,clench,1,123,0.9609375,True,True,5.842398340192503,7.619137130292303,762.084442160179,36.0,11.0,78.85254632680865,78.125,74.21875,35.3055298047388
session_11.csv,session_11,951,60864,60992,60864,60992,121.728,121.984,relax,0,59,0.4609375,True,True,8.369603492389372,9.90502598519361,1067.5136209709053,40.0,23.0,79.10871794282524,82.03125,70.3125,80.81761896402159
session_11.csv,session_11,952,60928,61056,60928,61056,121.856,122.112,relax,0,0,0.0,False,True,7.947401016351766,9.527991008593961,1011.7245856195101,41.0,21.0,78.967587113403,78.125,74.21875,60.15980960841424
session_11.csv,session_11,953,60992,61120,60992,61120,121.984,122.24,relax,0,0,0.0,False,False,6.322872940133214,7.822457667378503,825.5165653804587,41.0,16.0,84.06569762723291,82.03125,93.75,66.66829531930921
session_11.csv,session_11,954,61056,61184,61056,61184,122.112,122.368,relax,0,0,0.0,False,False,4.869479222391455,5.89625848264473,626.0761550940348,40.0,9.0,80.7861885084631,82.03125,82.03125,29.05167108655671
session_11.csv,session_11,955,61120,61248,61120,61248,122.24,122.496,relax,0,0,0.0,False,False,3.8682783545446213,4.950293446795748,489.556613114466,31.0,1.0,77.0376787573063,74.21875,70.3125,19.963587454710755
session_11.csv,session_11,956,61184,61312,61184,61312,122.368,122.624,relax,0,0,0.0,False,False,4.026220848072822,4.9613008183141645,542.2856894954612,33.0,9.0,88.68135359921851,93.75,97.65625,22.851275418098826
session_11.csv,session_11,957,61248,61376,61248,61376,122.496,122.752,relax,0,0,0.0,False,False,3.7861672715167556,4.596597648968332,516.9418921936181,40.0,10.0,77.47992568404344,70.3125,70.3125,10.551721293354861
session_11.csv,session_11,958,61312,61440,61312,61440,122.624,122.88,relax,0,0,0.0,False,False,3.7360189158614805,4.819853003442486,491.43751816057716,39.0,5.0,82.6541341488341,78.125,74.21875,31.694292740341496
session_11.csv,session_11,959,61376,61504,61376,61504,122.752,123.008,relax,0,0,0.0,False,False,4.020190443005678,5.447925614018714,514.2823368402608,30.0,4.0,80.12262743491878,78.125,78.125,24.845358747461084
session_11.csv,session_11,960,61440,61568,61440,61568,122.88,123.136,relax,0,0,0.0,False,False,3.3212395856721884,4.775238112663616,439.88405054951613,26.0,4.0,83.49399801937429,78.125,78.125,4.142344870531327
session_11.csv,session_11,961,61504,61632,61504,61632,123.008,123.264,relax,0,0,0.0,False,False,2.9564597854704937,4.060874560861696,387.9388023379671,25.0,4.0,81.10808636660781,82.03125,70.3125,16.925233179764852
session_11.csv,session_11,962,61568,61696,61568,61696,123.136,123.392,relax,0,0,0.0,False,False,2.9472020402688477,3.6480528729698714,389.9190855186637,29.0,2.0,81.53473855095555,78.125,78.125,12.700861826269078
session_11.csv,session_11,963,61632,61760,61632,61760,123.264,123.52,relax,0,0,0.0,False,False,3.6129810718865283,4.445088145199604,476.6906591975976,32.0,6.0,85.85207670885343,89.84375,93.75,21.452974978842718
session_11.csv,session_11,964,61696,61824,61696,61824,123.392,123.648,relax,0,0,0.0,False,False,3.7330414406483214,4.625377680975994,494.8899476817669,34.0,10.0,80.20878819729593,82.03125,82.03125,10.10374963028841
session_11.csv,session_11,965,61760,61888,61760,61888,123.52,123.776,relax,0,0,0.0,False,False,3.7239061495763233,4.46979546514623,481.7252031360723,38.0,7.0,81.77076659624741,78.125,78.125,14.748058257679356
session_11.csv,session_11,966,61824,61952,61824,61952,123.648,123.904,relax,0,0,0.0,False,False,3.6759280287696097,4.41376187686685,459.28052911758573,36.0,4.0,79.6590875806434,78.125,78.125,19.01528360821075
session_11.csv,session_11,967,61888,62016,61888,62016,123.776,124.032,relax,0,0,0.0,False,False,3.425028472898955,4.2277642183771365,433.93587682636826,33.0,4.0,73.66887214059396,70.3125,70.3125,10.704274104091509
session_11.csv,session_11,968,61952,62080,61952,62080,123.904,124.16,relax,0,0,0.0,False,False,2.924882221797227,3.6626449324210784,374.6864062495481,28.0,1.0,80.26843528907358,78.125,78.125,11.45088999257721
session_11.csv,session_11,969,62016,62144,62016,62144,124.032,124.288,relax,0,0,0.0,False,False,3.0335941664035913,3.8317443971117022,373.4604436679791,26.0,2.0,78.15045161113396,78.125,78.125,12.647192096013317
session_11.csv,session_11,970,62080,62208,62080,62208,124.16,124.416,relax,0,0,0.0,False,False,3.30528743649391,4.12209494378787,426.8997858479129,33.0,4.0,78.40407139370853,74.21875,70.3125,17.60089520616566
