source_file,session_id,window_index,start_sample,end_sample_exclusive,downsampled_start_sample,downsampled_end_sample_exclusive,start_time_s,end_time_s,label,label_id,clench_sample_count,clench_fraction,contains_label_transition,intersects_transition_band,mav,rms,wl,zc,ssc,mnf,mdf,pkf,bandpower
session_14.csv,session_14,0,0,128,0,128,0.0,0.256,relax,0,0,0.0,False,False,32.329006433433534,94.90885299741994,1804.64392419582,16.0,2.0,43.870359354574134,27.34375,23.4375,19.348646150009802
session_14.csv,session_14,1,64,192,64,192,0.128,0.384,relax,0,0,0.0,False,False,2.040796320725269,2.616849048361724,270.94724603983263,20.0,3.0,82.92806343612574,85.9375,93.75,3.470244800336122
session_14.csv,session_14,2,128,256,128,256,0.256,0.512,relax,0,0,0.0,False,False,2.408120912942537,3.0961048729038554,311.63522919620243,25.0,3.0,83.29812726142956,85.9375,89.84375,5.803055991416897
session_14.csv,session_14,3,192,320,192,320,0.384,0.64,relax,0,0,0.0,False,False,3.176118528496133,3.9483930148605073,388.1790326975638,31.0,1.0,79.48930287409733,82.03125,70.3125,17.75224500079858
session_14.csv,session_14,4,256,384,256,384,0.512,0.768,relax,0,0,0.0,False,False,3.2718593751477156,4.030763429319743,404.23926724601745,34.0,1.0,81.36057030295461,82.03125,70.3125,13.77376073039335
session_14.csv,session_14,5,320,448,320,448,0.64,0.896,relax,0,0,0.0,False,False,2.701346616469733,3.38081501442357,332.3955842321002,28.0,0.0,76.84765479672238,70.3125,70.3125,5.984755194774944
session_14.csv,session_14,6,384,512,384,512,0.768,1.024,relax,0,0,0.0,False,False,2.9717365404377425,3.81473407748323,377.05056410327825,33.0,3.0,79.89092751785495,78.125,70.3125,10.844859616069252
session_14.csv,session_14,7,448,576,448,576,0.896,1.152,relax,0,0,0.0,False,False,2.8238358180693313,3.62474179320903,355.66241137640293,28.0,3.0,80.68292112960883,74.21875,74.21875,16.180857334639796
session_14.csv,session_14,8,512,640,512,640,1.024,1.28,relax,0,0,0.0,False,False,2.199229571310868,2.6449170699991216,282.33503079326204,20.0,0.0,79.90238900767952,82.03125,70.3125,4.1967782136454765
session_14.csv,session_14,9,576,704,576,704,1.152,1.408,relax,0,0,0.0,False,False,2.769295301804367,3.6190969720755977,363.13089340578756,25.0,4.0,80.67585343234762,78.125,74.21875,13.123412097057475
session_14.csv,session_14,10,640,768,640,768,1.28,1.536,relax,0,0,0.0,False,False,2.8706492918331756,3.869857740000343,369.97145387264254,23.0,5.0,75.80021275548276,78.125,78.125,5.098304300678429
session_14.csv,session_14,11,704,832,704,832,1.408,1.664,relax,0,0,0.0,False,False,2.089843256361621,2.810574387016794,270.66013636878574,20.0,2.0,78.34903955328068,78.125,82.03125,9.396235641025408
session_14.csv,session_14,12,768,896,768,896,1.536,1.792,relax,0,0,0.0,False,False,2.1218385511759585,2.8258506548116933,275.1181386839321,22.0,2.0,78.66073407738865,78.125,74.21875,3.8018580691926043
session_14.csv,session_14,13,832,960,832,960,1.664,1.92,relax,0,0,0.0,False,False,2.529749695005556,3.2163053802753163,318.80724632738645,23.0,3.0,78.63917781315197,74.21875,74.21875,9.08411348333249
session_14.csv,session_14,14,896,1024,896,1024,1.792,2.048,relax,0,0,0.0,False,False,2.583382074978169,3.082818767241903,324.0282182713797,28.0,1.0,80.37466230892419,82.03125,85.9375,7.968382998855371
session_14.csv,session_14,15,960,1088,960,1088,1.92,2.176,relax,0,0,0.0,False,False,3.192531996288599,4.121550022536418,414.5033688643206,32.0,2.0,83.8147176903403,85.9375,85.9375,19.919978527524226
session_14.csv,session_14,16,1024,1152,1024,1152,2.048,2.304,relax,0,0,0.0,False,False,3.1595860864448317,4.210849717838648,397.8322703814241,26.0,2.0,78.56216506779474,74.21875,74.21875,16.543352192692826
session_14.csv,session_14,17,1088,1216,1088,1216,2.176,2.432,relax,0,0,0.0,False,True,3.5750842842468895,5.0305039802984775,446.86011360648047,23.0,3.0,78.44198135503257,78.125,78.125,7.600172313148252
session_14.csv,session_14,18,1152,1280,1152,1280,2.304,2.56,relax,0,62,0.484375,True,True,11.185728160877911,15.938750656929283,1392.3905478369725,35.0,21.0,78.03288945782317,74.21875,74.21875,169.75685416612384
session_14.csv,session_14,19,1216,1344,1216,1344,2.432,2.688,clench,1,126,0.984375,True,True,19.47930119130791,23.868761742894858,2392.9445141699844,40.0,34.0,77.38959208395444,74.21875,74.21875,507.45654957616995
session_14.csv,session_14,20,1280,1408,1280,1408,2.56,2.816,clench,1,128,1.0,False,False,18.266514801950812,22.566697857040065,2381.0407891139193,43.0,33.0,77.83739303503135,78.125,82.03125,373.5633645702256
session_14.csv,session_14,21,1344,1472,1344,1472,2.688,2.944,clench,1,128,1.0,False,False,17.632188861976687,21.961109944702404,2351.216271856779,44.0,32.0,87.93759231401826,93.75,93.75,504.54119274753816
session_14.csv,session_14,22,1408,1536,1408,1536,2.816,3.072,clench,1,128,1.0,False,False,19.87410046550371,24.145783836269715,2524.07067752316,42.0,31.0,77.50519457632974,74.21875,74.21875,531.1087294343098
session_14.csv,session_14,23,1472,1600,1472,1600,2.944,3.2,clench,1,128,1.0,False,False,23.633291613725657,31.541076944328516,2998.243824734486,42.0,31.0,84.27891682026387,82.03125,82.03125,342.4083657047622
session_14.csv,session_14,24,1536,1664,1536,1664,3.072,3.328,clench,1,128,1.0,False,False,27.988995021781562,36.74829502470961,3519.955524502767,40.0,31.0,78.69344165567529,78.125,78.125,1498.2217572033312
session_14.csv,session_14,25,1600,1728,1600,1728,3.2,3.456,clench,1,128,1.0,False,False,23.466015693613826,29.622075108242704,2925.6901338153675,40.0,27.0,79.8811258245418,78.125,78.125,1091.8856620371903
session_14.csv,session_14,26,1664,1792,1664,1792,3.328,3.584,clench,1,128,1.0,False,False,18.983659176687716,23.581704285419267,2459.570855816582,43.0,27.0,87.1923440675794,89.84375,89.84375,418.3349558294847
session_14.csv,session_14,27,1728,1856,1728,1856,3.456,3.712,clench,1,128,1.0,False,False,19.754385008735923,25.688660185634248,2638.9898331199397,45.0,38.0,85.21028139023164,85.9375,85.9375,331.94303695344047
session_14.csv,session_14,28,1792,1920,1792,1920,3.584,3.84,clench,1,128,1.0,False,False,28.11055239062783,36.06963171991087,3727.1561708577738,45.0,42.0,82.07222459470012,78.125,70.3125,1336.8970186750282
session_14.csv,session_14,29,1856,1984,1856,1984,3.712,3.968,clench,1,128,1.0,False,False,27.880396715041776,34.95185021917977,3637.996596624448,44.0,39.0,86.56041660052469,85.9375,89.84375,1212.336443773432
session_14.csv,session_14,30,1920,2048,1920,2048,3.84,4.096,clench,1,128,1.0,False,False,22.057810078339877,26.013688411181842,2737.0017165121417,42.0,33.0,79.29170646069235,78.125,70.3125,586.4838624907959
session_14.csv,session_14,31,1984,2112,1984,2112,3.968,4.224,clench,1,128,1.0,False,False,19.339831077639765,24.60895798575854,2336.972801685064,40.0,26.0,73.3881679724063,70.3125,70.3125,715.7100706689852
session_14.csv,session_14,32,2048,2176,2048,2176,4.096,4.352,clench,1,128,1.0,False,False,15.718306498812527,20.355136395840844,2044.9607001417717,43.0,30.0,87.61558886326816,89.84375,85.9375,220.43728951391222
session_14.csv,session_14,33,2112,2240,2112,2240,4.224,4.48,clench,1,128,1.0,False,False,15.455144382371843,19.076215298142646,2029.3951955446976,44.0,32.0,83.85334444823934,85.9375,93.75,381.00207440407326
session_14.csv,session_14,34,2176,2304,2176,2304,4.352,4.608,clench,1,128,1.0,False,False,14.34066159602219,19.214574283937207,1875.5041729680474,44.0,27.0,79.97508565540964,78.125,66.40625,127.94238652922829
session_14.csv,session_14,35,2240,2368,2240,2368,4.48,4.736,clench,1,128,1.0,False,False,14.393918349130317,19.33903671142143,1946.7836270569233,47.0,30.0,83.32666605654437,82.03125,97.65625,467.6087701654666
session_14.csv,session_14,36,2304,2432,2304,2432,4.608,4.864,clench,1,128,1.0,False,False,16.88075173848424,20.856656689715773,2223.8228617368413,44.0,32.0,83.67305678701034,85.9375,89.84375,232.97244359616107
session_14.csv,session_14,37,2368,2496,2368,2496,4.736,4.992,clench,1,128,1.0,False,False,22.33660893533515,26.367469177295025,2854.256841923034,42.0,33.0,83.1164549967182,82.03125,82.03125,932.2141234056993
session_14.csv,session_14,38,2432,2560,2432,2560,4.864,5.12,clench,1,128,1.0,False,False,15.894344133503838,21.293289214078158,2030.2021105450135,43.0,30.0,80.93000987398723,78.125,78.125,260.55049970823137
session_14.csv,session_14,39,2496,2624,2496,2624,4.992,5.248,clench,1,122,0.953125,True,True,7.706021302141696,10.012415810717858,1000.1817886102403,40.0,19.0,76.9091448452206,70.3125,70.3125,47.06580820796974
session_14.csv,session_14,40,2560,2688,2560,2688,5.12,5.376,relax,0,58,0.453125,True,True,8.235842234566398,10.47441707243028,1015.1245288428787,36.0,12.0,78.712943079162,82.03125,82.03125,130.97184801109213
session_14.csv,session_14,41,2624,2752,2624,2752,5.248,5.504,relax,0,0,0.0,False,True,6.246961309872256,7.7989580883742216,795.112005781519,41.0,8.0,79.58841587612893,78.125,89.84375,39.2764768284976
session_14.csv,session_14,42,2688,2816,2688,2816,5.376,5.632,relax,0,0,0.0,False,False,4.112352822547621,4.990733997959286,515.8558424833409,39.0,4.0,80.62151286439476,78.125,70.3125,18.5774871037963
session_14.csv,session_14,43,2752,2880,2752,2880,5.504,5.76,relax,0,0,0.0,False,False,4.018777396519958,4.835819803766615,504.97710184004984,40.0,3.0,78.00755890687871,78.125,78.125,29.86634828779983
session_14.csv,session_14,44,2816,2944,2816,2944,5.632,5.888,relax,0,0,0.0,False,False,3.4227324527373924,4.231324505787826,441.44224454721575,35.0,2.0,80.823368042589,78.125,70.3125,12.189894384956483
session_14.csv,session_14,45,2880,3008,2880,3008,5.76,6.016,relax,0,0,0.0,False,False,3.56400133132066,4.5736683614609746,469.729771969118,34.0,7.0,81.21474815398655,78.125,78.125,19.625979929409233
session_14.csv,session_14,46,2944,3072,2944,3072,5.888,6.144,relax,0,0,0.0,False,False,3.4428274894575077,4.4524623396757335,453.65489966209907,32.0,8.0,88.55430783206064,93.75,97.65625,12.851327370698987
session_14.csv,session_14,47,3008,3136,3008,3136,6.016,6.272,relax,0,0,0.0,False,False,3.022735600905974,3.939019142181865,383.86962448209715,28.0,5.0,76.32661072437536,74.21875,70.3125,12.130418366601683
session_14.csv,session_14,48,3072,3200,3072,3200,6.144,6.4,relax,0,0,0.0,False,False,3.061902846335829,3.9495175360873693,409.8629079660526,30.0,6.0,85.64692315133178,85.9375,97.65625,13.973680902402588
session_14.csv,session_14,49,3136,3264,3136,3264,6.272,6.528,relax,0,0,0.0,False,False,2.9494799259006355,3.6597058065968096,396.2563646246839,32.0,3.0,83.18936998093372,82.03125,97.65625,12.786581502809446
session_14.csv,session_14,50,3200,3328,3200,3328,6.4,6.656,relax,0,0,0.0,False,False,3.273240441388036,4.114330337881036,416.1036709107094,34.0,2.0,78.05620893533363,74.21875,70.3125,12.838628494426464
session_14.csv,session_14,51,3264,3392,3264,3392,6.528,6.784,relax,0,0,0.0,False,False,3.050587402596782,3.786656730940283,387.3829218596094,35.0,3.0,81.87594320961661,82.03125,93.75,8.229919066018374
session_14.csv,session_14,52,3328,3456,3328,3456,6.656,6.912,relax,0,12,0.09375,True,True,2.559116900405268,3.1393602541819035,350.59707522697454,31.0,5.0,83.09420143590863,82.03125,85.9375,9.391965167067514
session_14.csv,session_14,53,3392,3520,3392,3520,6.784,7.04,clench,1,76,0.59375,True,True,14.16910233390928,28.28069745921467,1770.7499940188936,34.0,17.0,78.9031236127816,85.9375,85.9375,43.99340159099763
session_14.csv,session_14,54,3456,3584,3456,3584,6.912,7.168,clench,1,128,1.0,False,True,20.364312507836026,30.82057188816629,2560.942623017382,42.0,29.0,81.7906176552755,82.03125,82.03125,1793.5873772938903
session_14.csv,session_14,55,3520,3648,3520,3648,7.04,7.296,clench,1,128,1.0,False,False,11.547591386021072,14.745758264212858,1462.271670626621,39.0,23.0,77.80697841541048,78.125,70.3125,250.33640847039646
session_14.csv,session_14,56,3584,3712,3584,3712,7.168,7.424,clench,1,128,1.0,False,False,11.908572077439036,15.383228803809011,1535.279338473503,40.0,26.0,88.05547772013536,89.84375,93.75,149.71319920602824
session_14.csv,session_14,57,3648,3776,3648,3776,7.296,7.552,clench,1,128,1.0,False,False,16.073306679290894,19.6825918397576,2110.8656952553083,45.0,31.0,79.93193185287141,78.125,70.3125,251.75639557715462
session_14.csv,session_14,58,3712,3840,3712,3840,7.424,7.68,clench,1,128,1.0,False,False,16.455889680727307,20.14528952961677,2214.265441998264,47.0,36.0,84.16593683540016,82.03125,82.03125,426.5386791019868
session_14.csv,session_14,59,3776,3904,3776,3904,7.552,7.808,clench,1,128,1.0,False,False,14.156393417257682,17.674478094613207,1896.586892137183,47.0,34.0,86.26145835616128,89.84375,93.75,197.33599065816003
session_14.csv,session_14,60,3840,3968,3840,3968,7.68,7.936,clench,1,128,1.0,False,False,15.965506591339683,19.84079971552335,1976.7334659587223,41.0,31.0,79.95431195186141,78.125,78.125,469.4893790742011
session_14.csv,session_14,61,3904,4032,3904,4032,7.808,8.064,clench,1,128,1.0,False,False,20.959793437289548,26.87721644945876,2624.7243813918276,38.0,31.0,77.5540674023994,78.125,66.40625,329.2577884691644
session_14.csv,session_14,62,3968,4096,3968,4096,7.936,8.192,clench,1,128,1.0,False,False,22.576318722440497,28.91978026589564,2925.7108195457295,40.0,34.0,85.45747649052848,85.9375,85.9375,1391.6964433180033
session_14.csv,session_14,63,4032,4160,4032,4160,8.064,8.32,clench,1,128,1.0,False,False,18.97072630838871,23.380144765092336,2356.8103057131316,41.0,31.0,80.91156698048485,82.03125,74.21875,255.18391458320926
session_14.csv,session_14,64,4096,4224,4096,4224,8.192,8.448,clench,1,128,1.0,False,False,15.734189737412843,19.141586310619843,1958.0760079015638,38.0,27.0,80.56679054679188,78.125,74.21875,430.7523022496722
session_14.csv,session_14,65,4160,4288,4160,4288,8.32,8.576,clench,1,128,1.0,False,False,16.435487386628978,19.945251190903935,2072.236861747232,39.0,28.0,79.48152642828762,82.03125,66.40625,320.3233250404373
session_14.csv,session_14,66,4224,4352,4224,4352,8.448,8.704,clench,1,128,1.0,False,False,15.59962608450153,18.633830070875916,1988.478586857334,42.0,33.0,79.17080179236743,82.03125,85.9375,309.703409556158
session_14.csv,session_14,67,4288,4416,4288,4416,8.576,8.832,clench,1,128,1.0,False,False,14.521930038758306,17.535828340402247,1858.7726337229,42.0,34.0,84.6617759460736,85.9375,89.84375,255.13760740801422
session_14.csv,session_14,68,4352,4480,4352,4480,8.704,8.96,clench,1,128,1.0,False,False,18.462314567092854,23.24186204404531,2419.42722982009,42.0,36.0,76.17710433475955,74.21875,70.3125,311.38725650476096
session_14.csv,session_14,69,4416,4544,4416,4544,8.832,9.088,clench,1,128,1.0,False,False,23.0042339544156,27.852512851661547,2908.704559935135,41.0,35.0,76.80336155770307,74.21875,74.21875,766.2265723911747
session_14.csv,session_14,70,4480,4608,4480,4608,8.96,9.216,clench,1,128,1.0,False,False,26.738050248467978,31.699554739946432,3319.5162170017375,41.0,35.0,83.50434973268663,82.03125,82.03125,750.8854109055118
session_14.csv,session_14,71,4544,4672,4544,4672,9.088,9.344,clench,1,128,1.0,False,False,24.874567403963134,30.133451664294988,3134.3353705319487,41.0,33.0,77.76884182436507,78.125,78.125,985.3038457299124
session_14.csv,session_14,72,4608,4736,4608,4736,9.216,9.472,clench,1,128,1.0,False,False,16.809180303334642,21.325067600453906,2201.3719942479056,42.0,30.0,83.9447165216888,82.03125,97.65625,350.16495285025394
session_14.csv,session_14,73,4672,4800,4672,4800,9.344,9.6,clench,1,128,1.0,False,True,11.655755758033255,16.46209916680424,1517.3927054669457,41.0,21.0,79.95748694015258,78.125,74.21875,308.7900702979428
session_14.csv,session_14,74,4736,4864,4736,4864,9.472,9.728,clench,1,87,0.6796875,True,True,8.333361611177798,12.366102425037074,1019.8312131249957,41.0,14.0,80.45162399152768,78.125,78.125,28.209515766290806
session_14.csv,session_14,75,4800,4928,4800,4928,9.6,9.856,relax,0,23,0.1796875,True,True,7.2474077381079836,9.47253334619158,932.2057190074047,42.0,17.0,77.83446106249909,78.125,74.21875,166.58334962444917
session_14.csv,session_14,76,4864,4992,4864,4992,9.728,9.984,relax,0,0,0.0,False,False,5.989345152359815,7.890078089904939,728.4188059617434,35.0,14.0,85.26051696830504,89.84375,89.84375,14.893754294436546
session_14.csv,session_14,77,4928,5056,4928,5056,9.856,10.112,relax,0,0,0.0,False,False,5.776087633204266,7.19030575094358,706.2351910986513,34.0,15.0,76.18229621009372,70.3125,70.3125,43.737937016262705
session_14.csv,session_14,78,4992,5120,4992,5120,9.984,10.24,relax,0,0,0.0,False,False,5.822901374760212,7.046258874061695,716.042971222495,36.0,16.0,78.31549546065789,78.125,74.21875,60.486935657874895
session_14.csv,session_14,79,5056,5184,5056,5184,10.112,10.368,relax,0,0,0.0,False,False,4.065106451384966,5.001557181299435,502.9846945396075,32.0,8.0,81.10757815273239,78.125,78.125,27.246725343032242
session_14.csv,session_14,80,5120,5248,5120,5248,10.24,10.496,relax,0,0,0.0,False,False,3.3542697824197028,4.265123892397942,418.66210715507395,28.0,2.0,80.17995766629784,78.125,70.3125,13.003023639144162
session_14.csv,session_14,81,5184,5312,5184,5312,10.368,10.624,relax,0,0,0.0,False,False,3.703991152679796,4.804742730265132,453.38904623029407,29.0,4.0,79.84835726304578,82.03125,85.9375,37.11569199799841
session_14.csv,session_14,82,5248,5376,5248,5376,10.496,10.752,relax,0,0,0.0,False,False,3.284537651773716,4.2867473924434885,391.1472841967342,29.0,3.0,74.6083268549366,70.3125,70.3125,12.920864478666081
session_14.csv,session_14,83,5312,5440,5312,5440,10.624,10.88,relax,0,0,0.0,False,False,2.2374330770978403,2.8102159487712277,288.9581416240353,22.0,1.0,82.02568212695783,85.9375,89.84375,4.894601585231036
session_14.csv,session_14,84,5376,5504,5376,5504,10.752,11.008,relax,0,0,0.0,False,False,2.2628275362213106,2.816914355473226,313.16565371487,25.0,1.0,83.39175294902017,85.9375,89.84375,8.085356700629687
session_14.csv,session_14,85,5440,5568,5440,5568,10.88,11.136,relax,0,0,0.0,False,False,2.7165107578729684,3.348004080149078,361.5919728832821,31.0,5.0,84.45024356617431,85.9375,93.75,12.372857401239724
session_14.csv,session_14,86,5504,5632,5504,5632,11.008,11.264,relax,0,0,0.0,False,False,2.6675482321201676,3.4130964603608898,343.5060873920406,25.0,8.0,81.92203223479065,85.9375,89.84375,4.040180823863449
session_14.csv,session_14,87,5568,5696,5568,5696,11.136,11.392,relax,0,0,0.0,False,False,3.2848003774469916,4.280809149094735,411.44827261308205,29.0,4.0,80.22869755265131,78.125,78.125,13.054592889251333
session_14.csv,session_14,88,5632,5760,5632,5760,11.264,11.52,relax,0,0,0.0,False,False,3.8468475048018416,4.74142821597619,512.9931256045369,39.0,5.0,79.89166006529685,78.125,78.125,23.617495790325705
session_14.csv,session_14,89,5696,5824,5696,5824,11.392,11.648,relax,0,0,0.0,False,False,2.868226070954079,3.5900804565583595,403.93245700736725,33.0,4.0,82.33156557114137,85.9375,85.9375,6.777998770191102
session_14.csv,session_14,90,5760,5888,5760,5888,11.52,11.776,relax,0,0,0.0,False,False,2.8178866627554466,3.986590673970128,352.84334902025205,24.0,2.0,83.63969894718295,82.03125,97.65625,7.106225382533244
session_14.csv,session_14,91,5824,5952,5824,5952,11.648,11.904,relax,0,12,0.09375,True,True,17.925605964584072,29.37636269857059,2388.2423772496095,35.0,21.0,83.38444957950792,82.03125,74.21875,297.2779086878805
session_14.csv,session_14,92,5888,6016,5888,6016,11.776,12.032,clench,1,76,0.59375,True,True,28.93371603092052,37.10815037585166,3886.6025899113993,46.0,36.0,86.56646783062274,89.84375,97.65625,1181.6742615668004
session_14.csv,session_14,93,5952,6080,5952,6080,11.904,12.16,clench,1,128,1.0,False,True,29.522294795419672,37.40722573742151,3815.4915339556323,43.0,36.0,81.02330633235275,78.125,78.125,1914.0566543935759
session_14.csv,session_14,94,6016,6144,6016,6144,12.032,12.288,clench,1,128,1.0,False,False,39.615856021337265,49.30548833093407,5140.824943804908,43.0,39.0,86.50643726090826,89.84375,89.84375,2317.9362255537076
session_14.csv,session_14,95,6080,6208,6080,6208,12.16,12.416,clench,1,128,1.0,False,False,40.89562504616259,49.83950156980669,5373.905095892301,43.0,41.0,81.75604099997358,82.03125,82.03125,2609.080134062207
session_14.csv,session_14,96,6144,6272,6144,6272,12.288,12.544,clench,1,128,1.0,False,False,26.729998213642013,35.3906381378981,3457.159002990403,43.0,32.0,86.76543864192327,89.84375,85.9375,732.4132103852465
session_14.csv,session_14,97,6208,6336,6208,6336,12.416,12.672,clench,1,128,1.0,False,False,23.76470789091963,32.20437440401233,3020.962617991433,42.0,30.0,74.70892645986768,74.21875,70.3125,1146.1888730661776
session_14.csv,session_14,98,6272,6400,6272,6400,12.544,12.8,clench,1,128,1.0,False,False,28.892543296081406,35.69870025077093,3712.2294860838347,42.0,35.0,83.30666437377572,82.03125,82.03125,1068.2821430069705
session_14.csv,session_14,99,6336,6464,6336,6464,12.672,12.928,clench,1,128,1.0,False,False,32.8885422963174,40.43864018790823,4310.84389717833,43.0,36.0,81.86820167748168,82.03125,78.125,1242.7562090944782
session_14.csv,session_14,100,6400,6528,6400,6528,12.8,13.056,clench,1,128,1.0,False,False,29.093973954981024,36.80517541566219,3816.718902907775,44.0,40.0,81.1495043820922,82.03125,82.03125,1118.6184200599305
session_14.csv,session_14,101,6464,6592,6464,6592,12.928,13.184,clench,1,128,1.0,False,False,29.278412892062583,39.62481314528735,3891.706346176403,44.0,37.0,82.29733489607804,82.03125,85.9375,1002.9019548431024
session_14.csv,session_14,102,6528,6656,6528,6656,13.056,13.312,clench,1,128,1.0,False,False,29.24132766231398,39.89491234934427,3717.7021791943916,40.0,29.0,84.72242026525022,85.9375,85.9375,1937.7053304248652
session_14.csv,session_14,103,6592,6720,6592,6720,13.184,13.44,clench,1,128,1.0,False,False,12.366027977847967,17.949684933135206,1548.5847786237073,40.0,20.0,73.69928757346328,74.21875,70.3125,140.66844799377492
session_14.csv,session_14,104,6656,6784,6656,6784,13.312,13.568,clench,1,115,0.8984375,True,True,7.52447431024673,9.335018877772677,997.0284337844898,42.0,22.0,83.58462503766984,85.9375,85.9375,93.2804331446186
session_14.csv,session_14,105,6720,6848,6720,6848,13.44,13.696,relax,0,51,0.3984375,True,True,8.746205130435177,10.42603227262947,1104.1023017386738,42.0,16.0,78.65585367861101,78.125,78.125,120.04902729294467
session_14.csv,session_14,106,6784,6912,6784,6912,13.568,13.824,relax,0,0,0.0,False,True,4.966165754712518,6.654956983106448,599.4325705224571,33.0,3.0,83.09858539426872,85.9375,89.84375,30.57909549988372
session_14.csv,session_14,107,6848,6976,6848,6976,13.696,13.952,relax,0,0,0.0,False,False,3.212215382888524,4.040566614169376,422.8158912900317,33.0,4.0,85.35680160878262,85.9375,85.9375,18.234373843469093
session_14.csv,session_14,108,6912,7040,6912,7040,13.824,14.08,relax,0,0,0.0,False,False,4.22083563169249,5.316315213263724,560.2116808393903,37.0,11.0,83.16968131207594,82.03125,82.03125,26.449184509936828
session_14.csv,session_14,109,6976,7104,6976,7104,13.952,14.208,relax,0,0,0.0,False,False,3.5962425383286174,4.766997882426851,452.54994941673647,27.0,7.0,80.96635290135782,85.9375,85.9375,10.681141650925928
session_14.csv,session_14,110,7040,7168,7040,7168,14.08,14.336,relax,0,0,0.0,False,False,2.4047328247271667,3.092620475573567,303.6691962831096,25.0,0.0,79.1954751256525,74.21875,70.3125,11.388583045856054
session_14.csv,session_14,111,7104,7232,7104,7232,14.208,14.464,relax,0,0,0.0,False,False,2.4599651463257057,2.9962810960623427,318.2687317997662,27.0,1.0,82.32784188159596,82.03125,74.21875,6.266468743567862
session_14.csv,session_14,112,7168,7296,7168,7296,14.336,14.592,relax,0,0,0.0,False,False,2.459509405474222,3.1118324243015003,309.00384431539544,23.0,1.0,78.14024601537376,74.21875,70.3125,9.30255587302005
session_14.csv,session_14,113,7232,7360,7232,7360,14.464,14.72,relax,0,0,0.0,False,False,2.3093723747244317,3.153923792588878,290.84718653150435,21.0,0.0,80.25160241218535,82.03125,82.03125,4.234050057020383
session_14.csv,session_14,114,7296,7424,7296,7424,14.592,14.848,relax,0,0,0.0,False,False,2.47632719759004,3.3584667378631825,304.969722877718,20.0,1.0,78.68926939180776,74.21875,70.3125,10.778894433842398
session_14.csv,session_14,115,7360,7488,7360,7488,14.72,14.976,relax,0,0,0.0,False,False,3.352993187670392,4.288888352057369,396.8837374964636,25.0,2.0,75.64506961714517,74.21875,70.3125,19.219042996732504
session_14.csv,session_14,116,7424,7552,7424,7552,14.848,15.104,relax,0,0,0.0,False,False,3.1557789134842062,4.041217962516483,376.9456290286985,27.0,1.0,78.57129155222356,78.125,74.21875,19.644000489954397
session_14.csv,session_14,117,7488,7616,7488,7616,14.976,15.232,relax,0,0,0.0,False,False,2.263636096192492,2.7562777849248112,272.62836347052223,22.0,0.0,78.0936897843806,78.125,78.125,7.17650928340597
session_14.csv,session_14,118,7552,7680,7552,7680,15.104,15.36,relax,0,0,0.0,False,False,1.9444259726878421,2.302001956639423,237.8079628732371,15.0,0.0,73.37282349813256,70.3125,70.3125,5.068169463269429
session_14.csv,session_14,119,7616,7744,7616,7744,15.232,15.488,relax,0,0,0.0,False,False,1.649569716770249,2.0234879044697163,215.1989032810484,12.0,0.0,76.67359155683332,78.125,66.40625,2.3329993407034024
session_14.csv,session_14,120,7680,7808,7680,7808,15.36,15.616,relax,0,0,0.0,False,False,1.6546149268398684,2.0966622786328477,212.39985228236412,12.0,0.0,76.1364395978629,70.3125,70.3125,4.530960082703269
session_14.csv,session_14,121,7744,7872,7744,7872,15.488,15.744,relax,0,0,0.0,False,False,1.8505744222755256,2.3059858350229887,243.048246323032,19.0,0.0,78.55358935239173,78.125,78.125,5.552254624920737
session_14.csv,session_14,122,7808,7936,7808,7936,15.616,15.872,relax,0,0,0.0,False,False,2.01901079294492,2.612873052450942,268.1876713815192,22.0,1.0,84.43981689528786,85.9375,93.75,2.775115407324583
session_14.csv,session_14,123,7872,8000,7872,8000,15.744,16.0,relax,0,0,0.0,False,False,1.7789447342781157,2.338870807303008,231.64257642963958,15.0,1.0,86.70807484575937,89.84375,97.65625,8.014765149790152
session_14.csv,session_14,124,7936,8064,7936,8064,15.872,16.128,relax,0,0,0.0,False,False,1.7222330154764478,2.088639806754742,213.2745577923123,14.0,0.0,76.62604193340175,74.21875,66.40625,5.183204730008341
session_14.csv,session_14,125,8000,8128,8000,8128,16.0,16.256,relax,0,0,0.0,False,False,2.3480777127197454,2.8917334380065363,294.4022626332762,23.0,4.0,79.56020037162197,78.125,74.21875,5.0614823176128105
session_14.csv,session_14,126,8064,8192,8064,8192,16.128,16.384,relax,0,0,0.0,False,False,2.3264736274250293,2.8391547103911248,292.0381395288664,23.0,4.0,77.19855513621779,70.3125,70.3125,7.014076641153914
session_14.csv,session_14,127,8128,8256,8128,8256,16.256,16.512,relax,0,12,0.09375,True,True,3.7478204123365257,6.050473908011865,474.30423374228417,29.0,6.0,84.92653469755092,85.9375,89.84375,8.757196923515554
session_14.csv,session_14,128,8192,8320,8192,8320,16.384,16.64,clench,1,76,0.59375,True,True,15.834142182001191,24.05784631293155,2136.0245124042085,42.0,25.0,89.70958789907505,89.84375,89.84375,452.075880069624
session_14.csv,session_14,129,8256,8384,8256,8384,16.512,16.768,clench,1,128,1.0,False,True,22.26003407440515,27.535534403672667,2924.7175266034965,44.0,37.0,84.27286552725036,85.9375,85.9375,527.1352437883141
session_14.csv,session_14,130,8320,8448,8320,8448,16.64,16.896,clench,1,128,1.0,False,False,16.722973794277493,19.949372722739156,2094.6952434173536,41.0,36.0,76.99169019065505,78.125,74.21875,319.0622090982341
session_14.csv,session_14,131,8384,8512,8384,8512,16.768,17.024,clench,1,128,1.0,False,False,16.717875683402255,20.94628050231614,2240.090122509733,46.0,40.0,81.31579242232968,78.125,78.125,421.1876848480218
session_14.csv,session_14,132,8448,8576,8448,8576,16.896,17.152,clench,1,128,1.0,False,False,20.66952246447899,25.180518287084283,2732.1634166921035,44.0,37.0,80.98261391762755,82.03125,82.03125,751.0638558503343
session_14.csv,session_14,133,8512,8640,8512,8640,17.024,17.28,clench,1,128,1.0,False,False,18.282185893957063,22.77342923209911,2314.8178002629893,41.0,30.0,85.29232764672744,89.84375,89.84375,341.0765525376114
session_14.csv,session_14,134,8576,8704,8576,8704,17.152,17.408,clench,1,128,1.0,False,False,13.863269510379292,17.52971576277599,1801.1276292598095,42.0,31.0,80.00874615204023,78.125,78.125,307.67011966579594
session_14.csv,session_14,135,8640,8768,8640,8768,17.28,17.536,clench,1,128,1.0,False,False,13.052063442879213,16.26911551393696,1590.3290343542442,39.0,29.0,77.74063365406307,78.125,78.125,183.81484501358707
session_14.csv,session_14,136,8704,8832,8704,8832,17.408,17.664,clench,1,128,1.0,False,False,11.6723506648504,14.282470852321397,1449.2361389366215,39.0,28.0,85.09823113618592,82.03125,78.125,265.06806852152
session_14.csv,session_14,137,8768,8896,8768,8896,17.536,17.792,clench,1,128,1.0,False,False,10.081575064355157,13.028471809859083,1290.9082339515767,38.0,27.0,77.49474819287283,78.125,78.125,66.71140971994235
session_14.csv,session_14,138,8832,8960,8832,8960,17.664,17.92,clench,1,128,1.0,False,False,11.097315307583578,13.917500167033683,1411.4779063273181,37.0,26.0,79.71777524569526,78.125,78.125,146.6035157336089
session_14.csv,session_14,139,8896,9024,8896,9024,17.792,18.048,clench,1,128,1.0,False,False,10.742492303970291,13.506577965509695,1332.429988413569,39.0,22.0,76.69661436924616,74.21875,74.21875,169.90057605277826
session_14.csv,session_14,140,8960,9088,8960,9088,17.92,18.176,clench,1,128,1.0,False,False,7.855930656093146,10.2502197013404,1000.8848431508825,40.0,16.0,80.72243025822527,78.125,78.125,167.85040498500095
session_14.csv,session_14,141,9024,9152,9024,9152,18.048,18.304,clench,1,128,1.0,False,False,6.252703351019001,8.976182134611227,826.4894473390503,38.0,12.0,84.12816107257567,85.9375,93.75,14.49672989700107
session_14.csv,session_14,142,9088,9216,9088,9216,18.176,18.432,clench,1,128,1.0,False,False,5.794092991103129,8.143528489922815,758.3342417376272,36.0,13.0,87.46713626214434,85.9375,85.9375,73.81117595624399
session_14.csv,session_14,143,9152,9280,9152,9280,18.304,18.56,clench,1,128,1.0,False,False,8.326976526022998,11.862964438420375,1043.3476064304145,36.0,14.0,79.42382672367386,82.03125,85.9375,194.5208971779727
session_14.csv,session_14,144,9216,9344,9216,9344,18.432,18.688,clench,1,99,0.7734375,True,True,9.440875495155183,12.726684074518204,1146.5234087089298,34.0,16.0,76.39317197937666,74.21875,78.125,106.45800767380507
session_14.csv,session_14,145,9280,9408,9280,9408,18.56,18.816,relax,0,35,0.2734375,True,True,6.301798675712713,8.481207968423709,776.7003504094474,35.0,15.0,78.1982980233453,78.125,70.3125,52.86691996335294
session_14.csv,session_14,146,9344,9472,9344,9472,18.688,18.944,relax,0,0,0.0,False,False,3.253973076885882,4.102354182839214,447.3456077240928,42.0,7.0,86.73861455968007,89.84375,93.75,11.60575228263514
session_14.csv,session_14,147,9408,9536,9408,9536,18.816,19.072,relax,0,0,0.0,False,False,3.317707207870831,4.117236772602389,453.69762539359783,41.0,6.0,83.16277331234394,85.9375,74.21875,11.905462976679825
session_14.csv,session_14,148,9472,9600,9472,9600,18.944,19.2,relax,0,0,0.0,False,False,3.257963351416282,4.018889561064165,438.69865750694044,36.0,6.0,90.18989697594175,93.75,97.65625,16.711399987230994
session_14.csv,session_14,149,9536,9664,9536,9664,19.072,19.328,relax,0,0,0.0,False,False,2.824410253151779,3.4312698442184693,372.3632284849898,32.0,4.0,76.87419818252434,70.3125,66.40625,11.220703791778924
session_14.csv,session_14,150,9600,9728,9600,9728,19.2,19.456,relax,0,0,0.0,False,False,2.943718756385312,3.62107283421087,358.61008417431276,27.0,1.0,73.42202234314378,70.3125,70.3125,8.655352302259198
session_14.csv,session_14,151,9664,9792,9664,9792,19.328,19.584,relax,0,0,0.0,False,False,3.2015549761233695,3.9616164841585153,410.7742010455752,30.0,2.0,77.61268906452493,74.21875,74.21875,18.26042019287839
session_14.csv,session_14,152,9728,9856,9728,9856,19.456,19.712,relax,0,0,0.0,False,False,3.1141860440832936,3.9137267356051875,417.01529648433893,30.0,4.0,81.84735554536438,85.9375,89.84375,9.74797924568594
session_14.csv,session_14,153,9792,9920,9792,9920,19.584,19.84,relax,0,0,0.0,False,False,2.7804830902690663,3.433439092122217,378.6344624748218,29.0,4.0,80.82331959684598,78.125,93.75,8.91483914101525
session_14.csv,session_14,154,9856,9984,9856,9984,19.712,19.968,relax,0,0,0.0,False,False,3.844226763518499,4.648603683364877,539.6412828252174,39.0,10.0,83.73043235014812,82.03125,97.65625,9.42767592031736
session_14.csv,session_14,155,9920,10048,9920,10048,19.84,20.096,relax,0,0,0.0,False,False,4.931815543032829,5.6937346946462135,654.3039444685575,41.0,14.0,80.74345070837423,78.125,74.21875,31.360226981032767
session_14.csv,session_14,156,9984,10112,9984,10112,19.968,20.224,relax,0,0,0.0,False,False,3.6716359051108443,4.505088774433253,487.8473414790526,33.0,6.0,87.56809298013839,89.84375,93.75,21.1957180513331
session_14.csv,session_14,157,10048,10176,10048,10176,20.096,20.352,relax,0,0,0.0,False,False,2.743191267994888,3.4300463348708647,362.3880035809731,28.0,1.0,77.01027768206123,74.21875,82.03125,8.701463134609915
session_14.csv,session_14,158,10112,10240,10112,10240,20.224,20.48,relax,0,0,0.0,False,False,2.9229614455402926,3.676576991601136,367.8428597621287,30.0,2.0,83.76746778005662,82.03125,97.65625,11.319784072355123
session_14.csv,session_14,159,10176,10304,10176,10304,20.352,20.608,relax,0,0,0.0,False,False,2.6587656282908734,3.302796753304871,329.55692649119806,28.0,2.0,77.56410724046907,74.21875,74.21875,14.55790526743625
session_14.csv,session_14,160,10240,10368,10240,10368,20.48,20.736,relax,0,0,0.0,False,False,3.035361475139834,3.703024484563806,386.2025822331665,30.0,4.0,85.22651548738372,89.84375,78.125,8.185994137658886
session_14.csv,session_14,161,10304,10432,10304,10432,20.608,20.864,relax,0,0,0.0,False,False,2.996227515884123,3.6733409645229727,405.6554820190271,32.0,5.0,85.56988524704049,85.9375,93.75,13.766106684001405
session_14.csv,session_14,162,10368,10496,10368,10496,20.736,20.992,relax,0,0,0.0,False,False,2.2833326344784837,2.821916797032252,312.4880480770455,25.0,3.0,81.54889042623735,82.03125,82.03125,5.600935732463693
session_14.csv,session_14,163,10432,10560,10432,10560,20.864,21.12,relax,0,37,0.2890625,True,True,6.452516618680688,12.001176484588546,857.7139665631476,29.0,10.0,80.85521776097274,82.03125,89.84375,10.257480403521644
session_14.csv,session_14,164,10496,10624,10496,10624,20.992,21.248,clench,1,101,0.7890625,True,True,27.440346790313434,37.62205719137316,3621.379287438221,40.0,31.0,82.86991144333881,82.03125,82.03125,1607.064334021845
session_14.csv,session_14,165,10560,10688,10560,10688,21.12,21.376,clench,1,128,1.0,False,False,30.730015569560017,39.13522853619521,3998.2382700701187,45.0,38.0,85.10333483988941,89.84375,89.84375,1412.2656851575991
session_14.csv,session_14,166,10624,10752,10624,10752,21.248,21.504,clench,1,128,1.0,False,False,16.864941330530826,21.453385836513878,2153.5038838270266,41.0,33.0,81.56528519379842,82.03125,82.03125,193.6680590420695
session_14.csv,session_14,167,10688,10816,10688,10816,21.376,21.632,clench,1,128,1.0,False,False,18.29439379480998,21.74291364292348,2345.404467850011,41.0,32.0,84.66156162538114,85.9375,85.9375,518.8811120585658
session_14.csv,session_14,168,10752,10880,10752,10880,21.504,21.76,clench,1,128,1.0,False,False,19.44102334457496,23.695950000253642,2560.721027400626,44.0,32.0,85.91579912307917,89.84375,93.75,421.77480612600016
session_14.csv,session_14,169,10816,10944,10816,10944,21.632,21.888,clench,1,128,1.0,False,False,22.670150091897902,28.60466016154646,2950.2392347118657,45.0,32.0,81.68782838075995,82.03125,82.03125,831.8025576573868
session_14.csv,session_14,170,10880,11008,10880,11008,21.76,22.016,clench,1,128,1.0,False,False,26.3103092171791,33.406797705568046,3493.435452186929,46.0,36.0,86.98713478805037,89.84375,93.75,870.5483280794584
session_14.csv,session_14,171,10944,11072,10944,11072,21.888,22.144,clench,1,128,1.0,False,False,28.08765316109336,35.69262714884664,3624.0532665331284,44.0,36.0,85.14091467562451,85.9375,78.125,644.0225920261291
session_14.csv,session_14,172,11008,11136,11008,11136,22.016,22.272,clench,1,128,1.0,False,False,29.601487918707853,36.18869197881994,3830.7158649068306,41.0,39.0,81.01283954279471,78.125,78.125,1541.2051713055616
session_14.csv,session_14,173,11072,11200,11072,11200,22.144,22.4,clench,1,128,1.0,False,False,26.38212720472045,32.84852117476805,3459.446856302062,41.0,38.0,83.49443463177852,82.03125,78.125,1103.7170894707347
session_14.csv,session_14,174,11136,11264,11136,11264,22.272,22.528,clench,1,128,1.0,False,False,18.362454542719632,24.313502431937895,2335.413647690303,42.0,28.0,78.91608721217834,78.125,74.21875,183.9169570955016
session_14.csv,session_14,175,11200,11328,11200,11328,22.4,22.656,clench,1,103,0.8046875,True,True,10.60313439155644,13.70058974481908,1394.4384609292651,47.0,26.0,82.73904320152202,82.03125,85.9375,275.46653935175533
session_14.csv,session_14,176,11264,11392,11264,11392,22.528,22.784,relax,0,39,0.3046875,True,True,6.25399670069826,8.062077739755196,842.4466569334882,41.0,21.0,78.19833579701364,78.125,82.03125,62.023731844584674
session_14.csv,session_14,177,11328,11456,11328,11456,22.656,22.912,relax,0,0,0.0,False,True,4.224946004396396,5.278499139917232,545.9076257855457,34.0,12.0,81.14917711850073,78.125,74.21875,12.961898314738482
session_14.csv,session_14,178,11392,11520,11392,11520,22.784,23.04,relax,0,0,0.0,False,False,5.075072003766844,6.216867334525199,666.475651003145,39.0,13.0,82.83144830980216,82.03125,82.03125,37.58221973225766
session_14.csv,session_14,179,11456,11584,11456,11584,22.912,23.168,relax,0,0,0.0,False,False,5.135937336037035,6.335362979658142,690.731652817574,41.0,15.0,82.54456418656746,82.03125,78.125,40.76115216874427
session_14.csv,session_14,180,11520,11648,11520,11648,23.04,23.296,relax,0,0,0.0,False,False,3.8961040882207714,4.882803353146018,520.6346195638512,37.0,9.0,82.58131461277964,85.9375,70.3125,14.61870490862568
session_14.csv,session_14,181,11584,11712,11584,11712,23.168,23.424,relax,0,0,0.0,False,False,2.5977239047331464,3.547403432117086,336.36285280709455,23.0,3.0,73.70928279174264,70.3125,70.3125,6.225005072541844
session_14.csv,session_14,182,11648,11776,11648,11776,23.296,23.552,relax,0,0,0.0,False,False,2.7749309756772735,4.051110645835965,380.8342174667903,25.0,2.0,85.65337088718184,85.9375,82.03125,23.72758623987057
session_14.csv,session_14,183,11712,11840,11712,11840,23.424,23.68,relax,0,0,0.0,False,False,3.232250272462016,4.254178412199132,436.40671517871885,35.0,2.0,83.80725194768708,85.9375,97.65625,5.384622857273268
session_14.csv,session_14,184,11776,11904,11776,11904,23.552,23.808,relax,0,22,0.171875,True,True,12.717968513557466,20.281132475162526,1594.2751688556928,38.0,15.0,74.10917733812676,74.21875,74.21875,158.1209632835573
session_14.csv,session_14,185,11840,11968,11840,11968,23.68,23.936,clench,1,86,0.671875,True,True,39.79873972013211,49.90171902824403,5053.08842371052,41.0,35.0,86.06004178087285,85.9375,85.9375,2963.371932451576
session_14.csv,session_14,186,11904,12032,11904,12032,23.808,24.064,clench,1,128,1.0,False,True,45.52153873928159,53.657548982860376,5882.363319452821,43.0,38.0,83.91095666536869,85.9375,85.9375,2574.642205356224
session_14.csv,session_14,187,11968,12096,11968,12096,23.936,24.192,clench,1,128,1.0,False,False,31.27459471103043,36.388737344035974,4046.0118879242104,44.0,38.0,86.55617391417753,85.9375,93.75,1196.7092220086536
session_14.csv,session_14,188,12032,12160,12032,12160,24.064,24.32,clench,1,128,1.0,False,False,25.34983411392128,29.78532433362424,3266.2508106959513,44.0,39.0,81.21765772477116,78.125,78.125,730.4840584902817
session_14.csv,session_14,189,12096,12224,12096,12224,24.192,24.448,clench,1,128,1.0,False,False,20.60976158447886,24.702696570952018,2677.640602273148,43.0,39.0,84.70660205032317,85.9375,89.84375,709.6705129659775
session_14.csv,session_14,190,12160,12288,12160,12288,24.32,24.576,clench,1,128,1.0,False,False,14.959429530039234,18.42377494508986,2034.4957933268297,45.0,37.0,79.90933305413829,78.125,74.21875,139.62436360038657
session_14.csv,session_14,191,12224,12352,12224,12352,24.448,24.704,clench,1,128,1.0,False,False,14.53929409896893,19.379813607215567,1915.8400361963588,42.0,31.0,81.65814804567046,82.03125,97.65625,230.9696070778513
session_14.csv,session_14,192,12288,12416,12288,12416,24.576,24.832,clench,1,128,1.0,False,False,14.408331295657261,19.105330680219545,1804.1901947477531,40.0,26.0,77.8328758500054,78.125,82.03125,418.1346700475066
session_14.csv,session_14,193,12352,12480,12352,12480,24.704,24.96,clench,1,128,1.0,False,False,11.456584581750281,14.286924576167035,1446.9598212266737,42.0,29.0,75.6258416747792,74.21875,74.21875,282.54535494119375
session_14.csv,session_14,194,12416,12544,12416,12544,24.832,25.088,clench,1,128,1.0,False,False,14.822212055255356,18.893841988840954,1910.660474409177,43.0,27.0,79.07321332740766,78.125,78.125,104.71890798209915
session_14.csv,session_14,195,12480,12608,12480,12608,24.96,25.216,clench,1,128,1.0,False,False,15.571676323076966,19.13485097616071,2016.0463877577436,43.0,28.0,84.80342192991776,85.9375,89.84375,474.80979136944023
session_14.csv,session_14,196,12544,12672,12544,12672,25.088,25.344,clench,1,128,1.0,False,False,15.184155930132846,18.69145238363047,1995.8257267619929,44.0,30.0,86.9072576152354,85.9375,85.9375,277.86822046705345
session_14.csv,session_14,197,12608,12736,12608,12736,25.216,25.472,clench,1,128,1.0,False,False,17.1570727621527,20.758542637911194,2218.896943705544,42.0,28.0,83.3459055143836,82.03125,85.9375,325.41115499117876
session_14.csv,session_14,198,12672,12800,12672,12800,25.344,25.6,clench,1,128,1.0,False,False,18.73046550513422,22.893912163094395,2401.1423407562406,43.0,29.0,81.26938463798976,82.03125,82.03125,549.507660699517
session_14.csv,session_14,199,12736,12864,12736,12864,25.472,25.728,clench,1,128,1.0,False,False,22.123174207854213,27.824795713303573,2862.2371381087482,44.0,36.0,81.25396682347969,82.03125,89.84375,833.4632716394051
session_14.csv,session_14,200,12800,12928,12800,12928,25.6,25.856,clench,1,128,1.0,False,False,19.87679552997752,25.551794582052597,2556.1242247178798,43.0,29.0,89.31128064088712,89.84375,89.84375,763.9188029284991
session_14.csv,session_14,201,12864,12992,12864,12992,25.728,25.984,clench,1,128,1.0,False,False,11.266998328297948,14.849842511607635,1421.7812351377318,41.0,21.0,78.52433377696592,78.125,78.125,122.8867487844873
session_14.csv,session_14,202,12928,13056,12928,13056,25.856,26.112,clench,1,106,0.828125,True,True,8.93582504355252,10.533652742749911,1111.5588621429993,39.0,26.0,81.42855870039516,82.03125,85.9375,110.35048374745361
session_14.csv,session_14,203,12992,13120,12992,13120,25.984,26.24,relax,0,42,0.328125,True,True,7.809776489443147,9.730498651274806,976.7736762018684,39.0,17.0,76.39840851382603,74.21875,74.21875,72.20162105742563
session_14.csv,session_14,204,13056,13184,13056,13184,26.112,26.368,relax,0,0,0.0,False,True,4.191000794850027,5.439653040869244,542.4389349971204,35.0,3.0,80.68049307661306,78.125,78.125,16.382649056086063
session_14.csv,session_14,205,13120,13248,13120,13248,26.24,26.496,relax,0,0,0.0,False,False,3.5998778756569854,4.5965690824424525,478.1084546366882,32.0,7.0,81.2623942454471,78.125,78.125,21.25695434131756
session_14.csv,session_14,206,13184,13312,13184,13312,26.368,26.624,relax,0,0,0.0,False,False,4.602217339097588,5.676724396476326,572.6695518276126,36.0,15.0,84.0441290168714,85.9375,97.65625,19.391636409989868
session_14.csv,session_14,207,13248,13376,13248,13376,26.496,26.752,relax,0,0,0.0,False,False,4.742885983869045,5.933602043129029,595.8223539595314,39.0,11.0,79.06213960226627,78.125,74.21875,50.12357967427039
session_14.csv,session_14,208,13312,13440,13312,13440,26.624,26.88,relax,0,0,0.0,False,False,3.563441608243587,4.679563531153149,465.85188390018754,30.0,8.0,83.7932010605036,82.03125,82.03125,19.966181829188002
session_14.csv,session_14,209,13376,13504,13376,13504,26.752,27.008,relax,0,0,0.0,False,False,4.038497039732398,5.022942689335961,530.336268573261,33.0,11.0,83.84635390823053,85.9375,85.9375,20.09129052452749
session_14.csv,session_14,210,13440,13568,13440,13568,26.88,27.136,relax,0,0,0.0,False,False,3.9879246467644345,4.8830442953531845,543.4026068683906,40.0,11.0,84.24867095558766,82.03125,78.125,14.13589100145792
session_14.csv,session_14,211,13504,13632,13504,13632,27.008,27.264,relax,0,0,0.0,False,False,3.719096895643407,4.436328139242596,534.098872906683,45.0,12.0,89.56531700980067,93.75,97.65625,11.078911156754131
session_14.csv,session_14,212,13568,13696,13568,13696,27.136,27.392,relax,0,0,0.0,False,False,4.412046523035051,5.360494885532448,592.9026057287118,40.0,11.0,82.80744963330913,82.03125,78.125,30.171848604541385
session_14.csv,session_14,213,13632,13760,13632,13760,27.264,27.52,relax,0,0,0.0,False,False,3.635150248582197,4.922973716195156,470.34892726520866,30.0,7.0,79.08451060358328,74.21875,66.40625,13.472431804570848
session_14.csv,session_14,214,13696,13824,13696,13824,27.392,27.648,relax,0,0,0.0,False,False,3.218648490719467,4.258430257105814,431.5812331273038,34.0,5.0,80.74070984009164,82.03125,85.9375,9.42640394267402
session_14.csv,session_14,215,13760,13888,13760,13888,27.52,27.776,relax,0,0,0.0,False,False,11.165373382345784,18.722010104752215,1452.3331991238379,39.0,15.0,83.3355670274261,82.03125,97.65625,58.66382987224614
session_14.csv,session_14,216,13824,13952,13824,13952,27.648,27.904,relax,0,16,0.125,True,True,23.049162973449185,30.377024609648185,3023.691795936533,43.0,35.0,84.41255335621703,85.9375,85.9375,1626.4813873179257
session_14.csv,session_14,217,13888,14016,13888,14016,27.776,28.032,clench,1,80,0.625,True,True,26.01146011248251,32.43575127341788,3470.318372705295,46.0,41.0,84.98533151127135,82.03125,82.03125,853.6229004205268
session_14.csv,session_14,218,13952,14080,13952,14080,27.904,28.16,clench,1,128,1.0,False,True,20.052084552809838,25.49390598802863,2706.5460048080704,47.0,39.0,82.5336169700507,82.03125,85.9375,364.1157934543901
session_14.csv,session_14,219,14016,14144,14016,14144,28.032,28.288,clench,1,128,1.0,False,False,12.95120414430934,16.77298016310653,1692.6846402454075,42.0,26.0,80.83403849142846,78.125,97.65625,75.5485339983591
session_14.csv,session_14,220,14080,14208,14080,14208,28.16,28.416,clench,1,128,1.0,False,False,10.432634786020014,13.214426653756218,1351.3736452896874,41.0,25.0,84.05834482568496,85.9375,89.84375,210.7199794738467
session_14.csv,session_14,221,14144,14272,14144,14272,28.288,28.544,clench,1,128,1.0,False,False,12.120206663332976,14.426808404402276,1491.279726886034,40.0,32.0,76.57239703441904,74.21875,66.40625,146.15464487234124
session_14.csv,session_14,222,14208,14336,14208,14336,28.416,28.672,clench,1,128,1.0,False,False,15.380554079857006,18.057425319421167,1883.7324251480711,39.0,31.0,79.32385593854221,78.125,82.03125,328.43092646634966
session_14.csv,session_14,223,14272,14400,14272,14400,28.544,28.8,clench,1,128,1.0,False,False,18.160529887059848,21.36341377060803,2286.888017317152,41.0,31.0,80.32081870018206,82.03125,78.125,560.7279611578593
session_14.csv,session_14,224,14336,14464,14336,14464,28.672,28.928,clench,1,128,1.0,False,False,14.157908369914077,18.095869367131424,1833.8558231290535,43.0,32.0,78.60719447160709,78.125,74.21875,167.23679451875591
session_14.csv,session_14,225,14400,14528,14400,14528,28.8,29.056,clench,1,128,1.0,False,False,9.127626593383475,11.482521611910318,1227.812744376503,44.0,33.0,88.09462640403216,89.84375,93.75,127.8199980368395
session_14.csv,session_14,226,14464,14592,14464,14592,28.928,29.184,clench,1,128,1.0,False,False,13.064642653700087,16.116565944869784,1699.0180671279163,42.0,35.0,81.13378402842852,82.03125,82.03125,260.2103652501043
session_14.csv,session_14,227,14528,14656,14528,14656,29.056,29.312,clench,1,128,1.0,False,False,15.014652085880101,18.1022207282811,1923.9718275098949,42.0,34.0,85.25554317570383,82.03125,82.03125,257.44577167991133
session_14.csv,session_14,228,14592,14720,14592,14720,29.184,29.44,clench,1,128,1.0,False,False,13.11342568059905,16.2013415607868,1711.645429667944,41.0,34.0,81.09803012549517,82.03125,93.75,186.21216636741858
session_14.csv,session_14,229,14656,14784,14656,14784,29.312,29.568,clench,1,128,1.0,False,False,11.550500635790009,14.5942125693727,1508.7568059906066,42.0,27.0,85.70529048816172,85.9375,93.75,168.34761629957524
session_14.csv,session_14,230,14720,14848,14720,14848,29.44,29.696,clench,1,128,1.0,False,False,10.45697506939955,13.49678270864245,1350.8610948946366,42.0,22.0,83.92791596059047,85.9375,85.9375,207.6867221199598
session_14.csv,session_14,231,14784,14912,14784,14912,29.568,29.824,clench,1,128,1.0,False,False,15.491390777772313,19.483213265301167,1949.1518793443497,41.0,29.0,78.36364757899997,78.125,78.125,362.3665074983696
session_14.csv,session_14,232,14848,14976,14848,14976,29.696,29.952,clench,1,128,1.0,False,False,15.878701747670934,20.139190845487022,1970.03512861136,41.0,28.0,81.47211550641988,78.125,89.84375,371.74634688737297
session_14.csv,session_14,233,14912,15040,14912,15040,29.824,30.08,clench,1,128,1.0,False,True,10.814840524143623,14.686986495066497,1364.7870217644727,40.0,21.0,79.40245828162047,74.21875,74.21875,116.7402784345582
session_14.csv,session_14,234,14976,15104,14976,15104,29.952,30.208,clench,1,83,0.6484375,True,True,9.092493598834618,12.222774431802073,1168.5758990384693,39.0,21.0,81.30502634493723,82.03125,82.03125,139.58520628202487
session_14.csv,session_14,235,15040,15168,15040,15168,30.08,30.336,relax,0,19,0.1484375,True,True,6.853101438270313,9.06896063139432,891.1069716271332,38.0,16.0,83.8151122999475,82.03125,78.125,73.76023863256718
session_14.csv,session_14,236,15104,15232,15104,15232,30.208,30.464,relax,0,0,0.0,False,False,5.007184917993728,6.666238591696007,613.8574223550623,33.0,8.0,82.87603028195724,82.03125,78.125,27.27749035578156
session_14.csv,session_14,237,15168,15296,15168,15296,30.336,30.592,relax,0,0,0.0,False,False,3.9272562744582986,5.006141669381624,512.0150023288835,34.0,6.0,77.34831087047813,74.21875,70.3125,21.278286923748773
session_14.csv,session_14,238,15232,15360,15232,15360,30.464,30.72,relax,0,0,0.0,False,False,4.544896584219444,5.6844831265632125,593.439610316872,37.0,14.0,81.89922941206291,78.125,97.65625,17.476980173118164
session_14.csv,session_14,239,15296,15424,15296,15424,30.592,30.848,relax,0,0,0.0,False,False,4.8811942670242425,5.895146694700781,631.4850258379435,39.0,15.0,82.70884431779703,78.125,74.21875,37.99977095278299
session_14.csv,session_14,240,15360,15488,15360,15488,30.72,30.976,relax,0,0,0.0,False,False,3.6832940086668824,4.5599317555545404,485.259844263672,32.0,7.0,84.2499740951149,82.03125,82.03125,18.352074139392922
session_14.csv,session_14,241,15424,15552,15424,15552,30.848,31.104,relax,0,0,0.0,False,False,3.064433060679069,3.8809352215527713,396.8028864102473,27.0,5.0,78.24783501646336,78.125,78.125,12.178414833478564
session_14.csv,session_14,242,15488,15616,15488,15616,30.976,31.232,relax,0,0,0.0,False,False,3.1397918322398413,3.801867456392513,394.7083079220548,34.0,2.0,78.49881601990286,74.21875,74.21875,9.500488666145024
session_14.csv,session_14,243,15552,15680,15552,15680,31.104,31.36,relax,0,0,0.0,False,False,3.8409866894491085,4.868949059952438,493.77420155391826,38.0,1.0,80.98971604117376,85.9375,85.9375,16.39226054988174
session_14.csv,session_14,244,15616,15744,15616,15744,31.232,31.488,relax,0,0,0.0,False,False,4.894148606300819,5.961367666977786,652.196277824741,41.0,11.0,85.9208481492732,89.84375,89.84375,35.42139725239323
session_14.csv,session_14,245,15680,15808,15680,15808,31.36,31.616,relax,0,0,0.0,False,False,4.503001712802448,5.433764592164364,599.9462638009973,38.0,12.0,86.30643023917585,89.84375,93.75,27.641524058115706
session_14.csv,session_14,246,15744,15872,15744,15872,31.488,31.744,relax,0,0,0.0,False,False,3.342984682251159,4.132067058637326,439.3986218858913,32.0,6.0,86.29642238291918,85.9375,97.65625,13.58819882445263
session_14.csv,session_14,247,15808,15936,15808,15936,31.616,31.872,relax,0,0,0.0,False,False,3.227487569198426,3.947654322574392,404.9744071714566,31.0,5.0,74.9469500534503,70.3125,70.3125,12.215751921976265
session_14.csv,session_14,248,15872,16000,15872,16000,31.744,32.0,relax,0,0,0.0,False,False,3.5335007302254073,4.397979614213729,459.3098706789823,35.0,1.0,81.95507173917403,85.9375,89.84375,18.892374680672674
session_14.csv,session_14,249,15936,16064,15936,16064,31.872,32.128,relax,0,0,0.0,False,False,3.4895222905603136,4.381097466180911,443.2918130899419,32.0,2.0,80.59164344997664,82.03125,70.3125,16.351272470189855
session_14.csv,session_14,250,16000,16128,16000,16128,32.0,32.256,relax,0,0,0.0,False,False,2.7298433365200276,3.4080792862700973,342.8639995767443,26.0,2.0,79.4995916601653,78.125,74.21875,11.399730081242627
session_14.csv,session_14,251,16064,16192,16064,16192,32.128,32.384,relax,0,0,0.0,False,False,2.014812569479223,2.455062569097533,256.49566748838777,20.0,0.0,78.71390827063017,74.21875,70.3125,4.160548127427873
session_14.csv,session_14,252,16128,16256,16128,16256,32.256,32.512,relax,0,0,0.0,False,False,2.3286609079476515,2.9634487804967256,305.6320019544588,22.0,2.0,81.3012787182216,85.9375,85.9375,5.7260170280604745
session_14.csv,session_14,253,16192,16320,16192,16320,32.384,32.64,relax,0,0,0.0,False,False,3.4445660410272234,4.287408445321177,442.64565739999534,32.0,5.0,82.35736576647393,85.9375,97.65625,13.586078371736273
session_14.csv,session_14,254,16256,16384,16256,16384,32.512,32.768,relax,0,3,0.0234375,True,True,5.854926757620082,7.652013057443168,728.3999484221795,38.0,13.0,83.22270458456205,82.03125,82.03125,31.46786165759214
session_14.csv,session_14,255,16320,16448,16320,16448,32.64,32.896,clench,1,67,0.5234375,True,True,15.803877239699506,23.460514568069012,1989.0274081482612,41.0,25.0,80.99342350508789,82.03125,82.03125,640.4425350534215
session_14.csv,session_14,256,16384,16512,16384,16512,32.768,33.024,clench,1,128,1.0,False,True,26.36918963410828,33.49158992616468,3240.2794258803406,40.0,33.0,79.5357110064083,78.125,82.03125,555.4308807856057
session_14.csv,session_14,257,16448,16576,16448,16576,32.896,33.152,clench,1,128,1.0,False,False,28.278138446820368,33.79255235368097,3440.6562809509346,39.0,37.0,76.11504396760003,74.21875,70.3125,1217.8218991996646
session_14.csv,session_14,258,16512,16640,16512,16640,33.024,33.28,clench,1,128,1.0,False,False,21.67212977758722,26.778058228179603,2765.1459891146596,41.0,35.0,82.05734119016084,82.03125,78.125,834.7855474958008
session_14.csv,session_14,259,16576,16704,16576,16704,33.152,33.408,clench,1,128,1.0,False,False,17.417674973709605,21.476932156548006,2235.4219982153154,41.0,28.0,82.79604295109021,82.03125,82.03125,546.79380164175
session_14.csv,session_14,260,16640,16768,16640,16768,33.28,33.536,clench,1,128,1.0,False,False,16.336389256887355,20.133126800289002,2095.070417248011,44.0,28.0,79.05790093541108,78.125,78.125,317.26304302008447
session_14.csv,session_14,261,16704,16832,16704,16832,33.408,33.664,clench,1,128,1.0,False,False,16.451341820080284,20.251919817790657,2149.673427452322,45.0,37.0,84.25163055537803,85.9375,85.9375,561.7856619161844
session_14.csv,session_14,262,16768,16896,16768,16896,33.536,33.792,clench,1,128,1.0,False,False,16.954295526004767,20.640248407135804,2088.370559144858,39.0,32.0,74.6886762580023,74.21875,70.3125,318.9135336748637
session_14.csv,session_14,263,16832,16960,16832,16960,33.664,33.92,clench,1,128,1.0,False,False,15.950494909190603,19.68045686203692,1983.5319455508752,40.0,32.0,76.68076632169647,70.3125,70.3125,158.33918484535576
session_14.csv,session_14,264,16896,17024,16896,17024,33.792,34.048,clench,1,128,1.0,False,False,18.184831856298665,21.80864695569819,2405.1450202203905,45.0,33.0,81.48072831344612,82.03125,85.9375,604.0598719066508
session_14.csv,session_14,265,16960,17088,16960,17088,33.92,34.176,clench,1,128,1.0,False,False,16.63297732693599,19.7204231706304,2198.807774504643,45.0,32.0,85.64410995251667,89.84375,89.84375,365.5522769623704
session_14.csv,session_14,266,17024,17152,17024,17152,34.048,34.304,clench,1,128,1.0,False,False,14.715493759530553,18.071193779797674,1879.7563672036308,41.0,28.0,79.7174381684969,78.125,70.3125,335.8833331697556
session_14.csv,session_14,267,17088,17216,17088,17216,34.176,34.432,clench,1,128,1.0,False,False,11.085376372771574,15.21458277464513,1390.470518783347,38.0,20.0,81.40247200635162,78.125,74.21875,201.014137148901
session_14.csv,session_14,268,17152,17280,17152,17280,34.304,34.56,clench,1,114,0.890625,True,True,9.076236427036342,11.835788289192386,1155.3756683323477,40.0,23.0,80.57533058854733,82.03125,85.9375,67.04995955157838
session_14.csv,session_14,269,17216,17344,17216,17344,34.432,34.688,relax,0,50,0.390625,True,True,8.872701155546439,11.02374593866363,1137.7675697924399,44.0,24.0,81.15769068495975,78.125,78.125,133.9213474759018
session_14.csv,session_14,270,17280,17408,17280,17408,34.56,34.816,relax,0,0,0.0,False,True,5.895757510742554,7.527637606259237,787.6150189660865,42.0,18.0,83.12450566084807,85.9375,93.75,29.190747998957786
session_14.csv,session_14,271,17344,17472,17344,17472,34.688,34.944,relax,0,0,0.0,False,False,4.698372804348949,6.050026034772792,608.5776201780027,35.0,14.0,84.04584408072272,85.9375,85.9375,62.869530681122235
session_14.csv,session_14,272,17408,17536,17408,17536,34.816,35.072,relax,0,0,0.0,False,False,3.6857152984100097,4.640187696278898,478.04469852963996,32.0,7.0,76.06838437726019,74.21875,74.21875,10.954886320611454
session_14.csv,session_14,273,17472,17600,17472,17600,34.944,35.2,relax,0,0,0.0,False,False,4.406157855407628,5.941187234260409,587.1528974568173,33.0,6.0,86.67472775605741,89.84375,89.84375,35.441204875115595
session_14.csv,session_14,274,17536,17664,17536,17664,35.072,35.328,relax,0,0,0.0,False,False,5.1040889352134675,6.587083261556867,648.9146088774706,36.0,11.0,83.01306322810015,85.9375,74.21875,25.23282294860332
session_14.csv,session_14,275,17600,17728,17600,17728,35.2,35.456,relax,0,0,0.0,False,False,3.87582152857794,4.838044642959738,470.9127879728302,35.0,6.0,78.15770733281168,78.125,74.21875,36.80670408994412
session_14.csv,session_14,276,17664,17792,17664,17792,35.328,35.584,relax,0,0,0.0,False,False,3.273433023416528,4.03712402606256,410.8056391791397,32.0,4.0,80.6927654546816,82.03125,70.3125,9.767753551286473
session_14.csv,session_14,277,17728,17856,17728,17856,35.456,35.712,relax,0,0,0.0,False,False,3.124280403704782,3.972263064091676,419.0066879502051,35.0,5.0,84.89018949247938,89.84375,93.75,23.330845076244888
session_14.csv,session_14,278,17792,17920,17792,17920,35.584,35.84,relax,0,11,0.0859375,True,True,6.915359117959449,10.64049308937513,945.7324602391819,42.0,13.0,86.41820933750672,89.84375,89.84375,50.128969179041015
session_14.csv,session_14,279,17856,17984,17856,17984,35.712,35.968,clench,1,75,0.5859375,True,True,14.207422108504641,18.037816959819168,1817.578794490329,42.0,28.0,81.15093809868154,78.125,74.21875,346.5500277835631
session_14.csv,session_14,280,17920,18048,17920,18048,35.84,36.096,clench,1,128,1.0,False,True,14.880199459204544,18.101157135604385,1860.123815471366,41.0,28.0,83.62803760413689,82.03125,82.03125,354.3583486827736
session_14.csv,session_14,281,17984,18112,17984,18112,35.968,36.224,clench,1,128,1.0,False,False,13.281671949133047,15.671382583023432,1803.222916459214,45.0,30.0,79.064367210707,74.21875,70.3125,146.93632448357613
session_14.csv,session_14,282,18048,18176,18048,18176,36.096,36.352,clench,1,128,1.0,False,False,11.001405391938137,13.368761777902336,1534.688976463195,47.0,35.0,85.86860219155628,89.84375,97.65625,97.08496431809534
session_14.csv,session_14,283,18112,18240,18112,18240,36.224,36.48,clench,1,128,1.0,False,False,8.836903080584403,10.804604497303268,1201.8155653983963,44.0,31.0,82.31155742134943,82.03125,93.75,58.894760961017134
session_14.csv,session_14,284,18176,18304,18176,18304,36.352,36.608,clench,1,128,1.0,False,False,10.897552348728095,13.157318913939173,1414.44696077742,43.0,32.0,82.21756962078223,82.03125,78.125,138.85359075172755
session_14.csv,session_14,285,18240,18368,18240,18368,36.48,36.736,clench,1,128,1.0,False,False,12.212995573679066,14.994543176767863,1590.3363404902743,44.0,32.0,81.82814476956742,82.03125,78.125,311.1578240829425
session_14.csv,session_14,286,18304,18432,18304,18432,36.608,36.864,clench,1,128,1.0,False,False,11.0068334326844,14.287889645538282,1420.3782338823403,40.0,23.0,80.21040043377089,74.21875,93.75,186.71838633032812
session_14.csv,session_14,287,18368,18496,18368,18496,36.736,36.992,clench,1,128,1.0,False,False,11.88750905861307,14.888482341358573,1518.966627464467,41.0,24.0,80.12302794026965,78.125,74.21875,107.19990392617309
session_14.csv,session_14,288,18432,18560,18432,18560,36.864,37.12,clench,1,128,1.0,False,False,13.115237486908551,16.027330635879313,1677.8896421824847,44.0,32.0,79.97434324386013,82.03125,85.9375,185.60560758213813
session_14.csv,session_14,289,18496,18624,18496,18624,36.992,37.248,clench,1,128,1.0,False,False,11.533819265650205,15.0839983821039,1534.4366288049052,40.0,27.0,83.16055752885234,85.9375,82.03125,216.128831054687
session_14.csv,session_14,290,18560,18688,18560,18688,37.12,37.376,clench,1,128,1.0,False,False,11.868768617060205,15.12638215208559,1564.7549948926612,39.0,27.0,87.27940234586704,89.84375,93.75,303.80148786840675
session_14.csv,session_14,291,18624,18752,18624,18752,37.248,37.504,clench,1,128,1.0,False,False,11.45665433896772,14.068392164447452,1485.6021769825852,43.0,28.0,74.25353028719967,74.21875,74.21875,83.58874280277207
session_14.csv,session_14,292,18688,18816,18688,18816,37.376,37.632,clench,1,128,1.0,False,True,8.391495328706677,10.715989627203836,1031.327294839094,41.0,22.0,74.76764724273791,74.21875,70.3125,78.24342835753423
session_14.csv,session_14,293,18752,18880,18752,18880,37.504,37.76,clench,1,66,0.515625,True,True,7.316001222497328,8.80557388256831,920.3750365535614,42.0,20.0,80.98413808846355,82.03125,78.125,92.12249657811707
session_14.csv,session_14,294,18816,18944,18816,18944,37.632,37.888,relax,0,2,0.015625,True,True,6.813022435058655,8.29855609064063,886.7891354108948,43.0,15.0,81.03689026425049,82.03125,70.3125,61.24130757294591
session_14.csv,session_14,295,18880,19008,18880,19008,37.76,38.016,relax,0,0,0.0,False,False,5.083494779825597,6.23073230745484,647.7262118535307,40.0,13.0,83.71985371541925,85.9375,74.21875,42.508216565435504
session_14.csv,session_14,296,18944,19072,18944,19072,37.888,38.144,relax,0,0,0.0,False,False,3.94865248199348,4.853610985142244,508.26405885198733,35.0,9.0,78.56001641828666,74.21875,74.21875,18.69306916884141
session_14.csv,session_14,297,19008,19136,19008,19136,38.016,38.272,relax,0,0,0.0,False,False,3.114335982906394,3.944669950441168,403.54182645295816,31.0,4.0,80.60287955519048,82.03125,82.03125,9.544593791483997
session_14.csv,session_14,298,19072,19200,19072,19200,38.144,38.4,relax,0,0,0.0,False,False,3.5043839934316123,4.722711277085151,464.9672526305909,28.0,6.0,79.51225856075146,82.03125,70.3125,10.128655797031582
session_14.csv,session_14,299,19136,19264,19136,19264,38.272,38.528,relax,0,0,0.0,False,False,3.650375065142235,4.650082915536554,467.6774516926597,31.0,7.0,84.98896091981355,85.9375,97.65625,22.16475130221017
session_14.csv,session_14,300,19200,19328,19200,19328,38.4,38.656,relax,0,0,0.0,False,False,3.669737343139561,4.32192549446372,464.3064184219917,38.0,6.0,76.20698079729323,70.3125,66.40625,15.6980852119179
session_14.csv,session_14,301,19264,19392,19264,19392,38.528,38.784,relax,0,0,0.0,False,False,3.67624352677582,4.558357726124976,492.20648917942515,42.0,6.0,82.77072248470584,85.9375,93.75,17.022478124577216
session_14.csv,session_14,302,19328,19456,19328,19456,38.656,38.912,relax,0,30,0.234375,True,True,14.97004340622587,24.145964165257496,1912.5250650596677,43.0,19.0,78.99329311080112,78.125,85.9375,209.5767499933386
session_14.csv,session_14,303,19392,19520,19392,19520,38.784,39.04,clench,1,94,0.734375,True,True,25.501868270494313,31.99002676574595,3252.3791344511883,44.0,34.0,83.35275643173864,85.9375,85.9375,1324.1253988128258
session_14.csv,session_14,304,19456,19584,19456,19584,38.912,39.168,clench,1,128,1.0,False,False,26.57139435311648,31.304067559910273,3415.544197228635,43.0,36.0,82.19960266207639,82.03125,82.03125,896.9475820248091
session_14.csv,session_14,305,19520,19648,19520,19648,39.04,39.296,clench,1,128,1.0,False,False,24.3903440739154,28.29048403274321,3084.7568015388883,42.0,35.0,80.65147320616767,78.125,78.125,862.1565393175551
session_14.csv,session_14,306,19584,19712,19584,19712,39.168,39.424,clench,1,128,1.0,False,False,21.07255717533946,25.374657693545,2691.4357862448614,43.0,34.0,80.31289338734652,74.21875,70.3125,432.5054388763176
session_14.csv,session_14,307,19648,19776,19648,19776,39.296,39.552,clench,1,128,1.0,False,False,19.487445676137533,24.332841502783538,2494.2233068162764,43.0,32.0,81.10849293839316,78.125,78.125,595.3714220803029
session_14.csv,session_14,308,19712,19840,19712,19840,39.424,39.68,clench,1,128,1.0,False,False,15.351538858714818,19.96057039838059,1961.8812098373623,42.0,29.0,80.60899301964334,82.03125,82.03125,476.3478822416647
session_14.csv,session_14,309,19776,19904,19776,19904,39.552,39.808,clench,1,128,1.0,False,False,13.582769964784248,17.802740321659517,1714.219980763779,43.0,27.0,83.42910463056657,82.03125,97.65625,140.23243781242812
session_14.csv,session_14,310,19840,19968,19840,19968,39.68,39.936,clench,1,128,1.0,False,False,12.922478890327227,16.193417490535836,1575.5983974070182,39.0,27.0,76.6897813057723,70.3125,70.3125,351.15986775433703
session_14.csv,session_14,311,19904,20032,19904,20032,39.808,40.064,clench,1,128,1.0,False,False,15.867069742957684,20.51481328056409,1848.8352216198555,36.0,25.0,78.37786000922272,74.21875,70.3125,455.8353766007615
session_14.csv,session_14,312,19968,20096,19968,20096,39.936,40.192,clench,1,128,1.0,False,False,15.472614384978813,19.72798678989214,1956.6220767851373,42.0,31.0,77.65492707050169,74.21875,70.3125,273.97804885220955
session_14.csv,session_14,313,20032,20160,20032,20160,40.064,40.32,clench,1,128,1.0,False,False,14.58862675683637,18.552110492648367,1990.0405785798957,47.0,34.0,79.13960666170581,78.125,74.21875,300.3658100555419
session_14.csv,session_14,314,20096,20224,20096,20224,40.192,40.448,clench,1,128,1.0,False,False,15.424403657555999,19.39662488762488,2063.8411586317343,46.0,35.0,84.43386769004175,85.9375,89.84375,290.5705057413837
session_14.csv,session_14,315,20160,20288,20160,20288,40.32,40.576,clench,1,128,1.0,False,False,12.583028215400542,14.860571222094034,1702.7842842682544,48.0,40.0,86.4112764642137,85.9375,85.9375,263.98037548615537
session_14.csv,session_14,316,20224,20352,20224,20352,40.448,40.704,clench,1,128,1.0,False,False,12.028710494833916,14.868547333799677,1735.0503421448886,53.0,39.0,83.08585399379923,85.9375,93.75,126.05250918152647
session_14.csv,session_14,317,20288,20416,20288,20416,40.576,40.832,clench,1,128,1.0,False,False,15.13066746548607,19.240207998003157,1975.3142685265148,44.0,34.0,79.45125753214172,78.125,74.21875,293.04431139123284
session_14.csv,session_14,318,20352,20480,20352,20480,40.704,40.96,clench,1,128,1.0,False,False,16.86606367142717,20.41514198414036,2069.3984519802625,38.0,27.0,76.0886705313962,74.21875,70.3125,329.2094675237688
session_14.csv,session_14,319,20416,20544,20416,20544,40.832,41.088,clench,1,128,1.0,False,False,11.818782187239663,14.948206814016434,1445.796490523616,39.0,20.0,83.08290794374061,85.9375,85.9375,169.53660658650108
session_14.csv,session_14,320,20480,20608,20480,20608,40.96,41.216,clench,1,128,1.0,False,True,7.362077411444311,9.464555131755302,902.3833612247392,37.0,14.0,76.71042248200087,74.21875,74.21875,51.93810100781224
session_14.csv,session_14,321,20544,20672,20544,20672,41.088,41.344,clench,1,82,0.640625,True,True,8.495757307272514,10.553991876667839,1046.5252537226604,40.0,18.0,76.90688075435848,78.125,78.125,143.4840242075548
session_14.csv,session_14,322,20608,20736,20608,20736,41.216,41.472,relax,0,18,0.140625,True,True,7.515293559665361,9.447505739393547,933.4540830941604,42.0,20.0,78.03746022261073,82.03125,85.9375,56.30163422790456
session_14.csv,session_14,323,20672,20800,20672,20800,41.344,41.6,relax,0,0,0.0,False,False,3.6437241719841325,4.553029950562581,481.32402943012517,37.0,9.0,83.30163235059764,82.03125,97.65625,13.144182927634658
session_14.csv,session_14,324,20736,20864,20736,20864,41.472,41.728,relax,0,0,0.0,False,False,2.6792122042041795,3.2576648342994177,368.91511414841045,33.0,4.0,87.04750367442432,89.84375,97.65625,8.422819065197515
session_14.csv,session_14,325,20800,20928,20800,20928,41.6,41.856,relax,0,0,0.0,False,False,2.62393740027197,3.141387034695675,360.0573981874294,32.0,2.0,86.8969600172662,89.84375,89.84375,7.488560176917959
session_14.csv,session_14,326,20864,20992,20864,20992,41.728,41.984,relax,0,0,0.0,False,False,2.478711842357992,3.0025492370098696,323.27910895863727,26.0,0.0,83.82635466505373,82.03125,78.125,4.893812098563833
session_14.csv,session_14,327,20928,21056,20928,21056,41.856,42.112,relax,0,0,0.0,False,False,3.1637278996998406,3.814838619324463,407.86631041962596,31.0,3.0,80.81959116597417,82.03125,82.03125,18.983128488059627
session_14.csv,session_14,328,20992,21120,20992,21120,41.984,42.24,relax,0,0,0.0,False,False,3.9423185406494694,4.686862890388535,495.3631761909048,35.0,6.0,82.34022347525247,78.125,78.125,16.63017039161018
session_14.csv,session_14,329,21056,21184,21056,21184,42.112,42.368,relax,0,0,0.0,False,False,3.591344340093091,4.427958633983315,447.0873243042554,31.0,6.0,81.84527744506971,78.125,74.21875,21.545846999285057
session_14.csv,session_14,330,21120,21248,21120,21248,42.24,42.496,relax,0,0,0.0,False,False,2.831864333519394,3.536354240425906,372.7853253513839,32.0,3.0,80.33933721543094,74.21875,70.3125,10.634786187370308
session_14.csv,session_14,331,21184,21312,21184,21312,42.368,42.624,relax,0,18,0.140625,True,True,8.86187479823015,13.670359025398897,1147.035407819555,37.0,17.0,83.68839048452475,85.9375,85.9375,109.78904806777928
session_14.csv,session_14,332,21248,21376,21248,21376,42.496,42.752,clench,1,82,0.640625,True,True,18.834047924793573,24.837876972082274,2375.4425285988955,39.0,29.0,79.10499546540609,74.21875,74.21875,667.627000824585
session_14.csv,session_14,333,21312,21440,21312,21440,42.624,42.88,clench,1,128,1.0,False,True,21.632708164549747,26.90343188175514,2789.0347730981166,42.0,33.0,82.82714219156819,85.9375,85.9375,422.66048027399586
session_14.csv,session_14,334,21376,21504,21376,21504,42.752,43.008,clench,1,128,1.0,False,False,18.844719565638634,22.205906931854805,2517.990695458214,46.0,36.0,85.28808900365921,82.03125,82.03125,512.0513663707912
session_14.csv,session_14,335,21440,21568,21440,21568,42.88,43.136,clench,1,128,1.0,False,False,13.545187973947641,16.918509206621607,1746.1944229817336,44.0,25.0,83.57696315143966,85.9375,70.3125,179.72823106020616
session_14.csv,session_14,336,21504,21632,21504,21632,43.008,43.264,clench,1,128,1.0,False,False,13.508674675459043,17.58184388489751,1703.4108997528906,41.0,24.0,79.82389494734264,78.125,78.125,394.56642034078357
session_14.csv,session_14,337,21568,21696,21568,21696,43.136,43.392,clench,1,128,1.0,False,False,17.011512817403595,21.31937182801571,2160.4702161457462,42.0,31.0,80.56409216855337,82.03125,82.03125,422.67139370075114
session_14.csv,session_14,338,21632,21760,21632,21760,43.264,43.52,clench,1,128,1.0,False,False,17.767688212960113,21.444867788965837,2260.2975221036377,41.0,32.0,87.45005412712393,89.84375,93.75,324.46015746374627
session_14.csv,session_14,339,21696,21824,21696,21824,43.392,43.648,clench,1,128,1.0,False,False,16.382966912710987,19.810818077491007,2038.9897936127795,40.0,27.0,75.99487568090998,74.21875,74.21875,316.2358793410939
session_14.csv,session_14,340,21760,21888,21760,21888,43.52,43.776,clench,1,128,1.0,False,False,15.086628118511554,18.13371843471499,1941.691907591316,42.0,32.0,81.20324833839497,82.03125,82.03125,251.73636582987507
session_14.csv,session_14,341,21824,21952,21824,21952,43.648,43.904,clench,1,128,1.0,False,False,14.797268413517926,18.056240385713878,1954.1819073156828,46.0,35.0,81.7292974726366,82.03125,85.9375,427.1498932037104
session_14.csv,session_14,342,21888,22016,21888,22016,43.776,44.032,clench,1,128,1.0,False,False,12.306768256582345,15.54794685491952,1596.7931953896523,43.0,22.0,81.9367771817781,85.9375,82.03125,126.15979962919045
session_14.csv,session_14,343,21952,22080,21952,22080,43.904,44.16,clench,1,128,1.0,False,False,11.782366886475204,14.648291999606691,1459.5249233510403,41.0,20.0,75.94167166943907,74.21875,70.3125,218.72015133703167
session_14.csv,session_14,344,22016,22144,22016,22144,44.032,44.288,clench,1,128,1.0,False,False,16.232625281397997,20.31844496135398,2051.1908580053605,41.0,28.0,81.39448339375403,82.03125,82.03125,267.49736519055256
session_14.csv,session_14,345,22080,22208,22080,22208,44.16,44.416,clench,1,128,1.0,False,False,21.228188424991743,26.037352831173774,2647.873003934977,41.0,29.0,83.84684280040254,82.03125,82.03125,636.7315568138463
session_14.csv,session_14,346,22144,22272,22144,22272,44.288,44.544,clench,1,128,1.0,False,False,23.357749688493712,28.03677804951651,2944.810277468976,42.0,28.0,82.46996278903823,85.9375,85.9375,823.6245708259595
session_14.csv,session_14,347,22208,22336,22208,22336,44.416,44.672,clench,1,128,1.0,False,False,23.7398652527355,28.40038723164881,2972.5929623144893,40.0,28.0,76.02888064550386,70.3125,70.3125,589.7625946181275
session_14.csv,session_14,348,22272,22400,22272,22400,44.544,44.8,clench,1,128,1.0,False,False,20.110620205469935,25.07442368970388,2455.289571424582,39.0,30.0,76.65835046260793,74.21875,70.3125,722.7243581648346
session_14.csv,session_14,349,22336,22464,22336,22464,44.672,44.928,clench,1,128,1.0,False,False,22.542915026204913,31.155185758185702,2848.19704934079,40.0,33.0,87.71559081186194,85.9375,85.9375,843.2426241063862
session_14.csv,session_14,350,22400,22528,22400,22528,44.8,45.056,clench,1,128,1.0,False,False,28.551411046780206,36.928902572569136,3743.054418382186,40.0,38.0,82.71321523157582,82.03125,93.75,848.5952371636484
session_14.csv,session_14,351,22464,22592,22464,22592,44.928,45.184,clench,1,128,1.0,False,False,26.08926425604296,31.679496374865217,3434.932560292417,43.0,40.0,86.58229420622449,93.75,93.75,792.1676558236555
session_14.csv,session_14,352,22528,22656,22528,22656,45.056,45.312,clench,1,128,1.0,False,False,20.107048336854906,25.172945132957928,2601.5504491774295,43.0,35.0,78.52721592179437,74.21875,74.21875,577.2886359547182
session_14.csv,session_14,353,22592,22720,22592,22720,45.184,45.44,clench,1,128,1.0,False,False,23.554969873930908,28.908598385537374,2946.6511480559375,42.0,32.0,76.22880227384363,74.21875,74.21875,704.5760919701984
session_14.csv,session_14,354,22656,22784,22656,22784,45.312,45.568,clench,1,128,1.0,False,False,25.991949190627224,30.0725396873816,3209.133212681227,40.0,32.0,84.4800875011253,85.9375,85.9375,1087.6599765165445
session_14.csv,session_14,355,22720,22848,22720,22848,45.44,45.696,clench,1,128,1.0,False,False,17.40648574107383,20.654451782396713,2239.7572313728183,43.0,32.0,77.20994267210881,78.125,78.125,339.42339552838394
session_14.csv,session_14,356,22784,22912,22784,22912,45.568,45.824,clench,1,128,1.0,False,False,13.675874746843249,16.715024887621478,1736.27577286986,42.0,31.0,78.21406992542653,74.21875,74.21875,329.0800934581899
session_14.csv,session_14,357,22848,22976,22848,22976,45.696,45.952,clench,1,128,1.0,False,False,10.635597084209197,13.987559856184241,1334.3829730147681,41.0,25.0,81.85157354428168,78.125,97.65625,88.20600603481324
session_14.csv,session_14,358,22912,23040,22912,23040,45.824,46.08,clench,1,92,0.71875,True,True,6.6282613436480675,8.027447026531872,879.4098288717173,42.0,24.0,83.15573785585634,82.03125,82.03125,55.78067634770944
session_14.csv,session_14,359,22976,23104,22976,23104,45.952,46.208,relax,0,28,0.21875,True,True,6.2082400169252425,7.35642379168633,829.8848633217048,44.0,22.0,83.4685844368488,82.03125,74.21875,50.088238575001895
session_14.csv,session_14,360,23040,23168,23040,23168,46.08,46.336,relax,0,0,0.0,False,False,5.616041911389965,6.8896347094293136,744.1202497749796,43.0,19.0,85.9412607661309,89.84375,89.84375,53.91838728710051
session_14.csv,session_14,361,23104,23232,23104,23232,46.208,46.464,relax,0,0,0.0,False,False,4.627054462066259,5.88119662365339,607.5167625819186,38.0,15.0,84.88267798527926,82.03125,78.125,21.08488742876187
session_14.csv,session_14,362,23168,23296,23168,23296,46.336,46.592,relax,0,0,0.0,False,False,3.4096279268890815,4.417955715954428,452.82221146451127,31.0,6.0,83.6487968557993,85.9375,93.75,11.022199140862597
session_14.csv,session_14,363,23232,23360,23232,23360,46.464,46.72,relax,0,0,0.0,False,False,3.8565405628335867,4.952357821989167,504.4991285704457,32.0,9.0,80.13536843516808,74.21875,74.21875,19.00234146691594
session_14.csv,session_14,364,23296,23424,23296,23424,46.592,46.848,relax,0,0,0.0,False,False,3.8872090683266656,5.0393658168585285,518.2841003289352,34.0,10.0,84.71391188124537,89.84375,89.84375,32.07696276926249
session_14.csv,session_14,365,23360,23488,23360,23488,46.72,46.976,relax,0,0,0.0,False,False,2.6347119446091414,3.3660891647830438,353.33212241682213,30.0,1.0,77.33432954147945,74.21875,66.40625,6.622027448098976
session_14.csv,session_14,366,23424,23552,23424,23552,46.848,47.104,relax,0,0,0.0,False,False,2.8286356414510925,3.672771585251465,368.85393619633135,28.0,3.0,83.80142233958783,85.9375,85.9375,9.004594541263101
session_14.csv,session_14,367,23488,23616,23488,23616,46.976,47.232,relax,0,0,0.0,False,False,2.4872216309392448,3.331516135624318,318.82979822732784,21.0,3.0,77.4755199557873,74.21875,74.21875,10.978983149560637
session_14.csv,session_14,368,23552,23680,23552,23680,47.104,47.36,relax,0,0,0.0,False,False,2.1155762530598956,2.639073525926532,265.7176090351543,21.0,1.0,84.6217124463438,89.84375,89.84375,4.810511336572765
session_14.csv,session_14,369,23616,23744,23616,23744,47.232,47.488,relax,0,0,0.0,False,False,2.1999935218499296,2.7510423941276265,283.7365615790044,24.0,2.0,75.76105191301222,74.21875,70.3125,7.342474396686036
session_14.csv,session_14,370,23680,23808,23680,23808,47.36,47.616,relax,0,0,0.0,False,False,2.2882232347681537,2.7816110653772914,286.61922826299383,23.0,2.0,84.6085974752321,85.9375,89.84375,7.542911168187632
session_14.csv,session_14,371,23744,23872,23744,23872,47.488,47.744,relax,0,0,0.0,False,False,2.4151943788733874,2.934189342940073,307.32053715461825,24.0,3.0,74.3629014550748,70.3125,66.40625,4.8182327829197416
session_14.csv,session_14,372,23808,23936,23808,23936,47.616,47.872,relax,0,0,0.0,False,False,2.4218889555538547,2.9912230755198093,324.78966953966096,26.0,3.0,85.28585827886268,85.9375,85.9375,8.012355850122365
session_14.csv,session_14,373,23872,24000,23872,24000,47.744,48.0,relax,0,0,0.0,False,False,2.2198839869723423,2.7152140915530842,294.1162920755331,27.0,1.0,78.24169614323557,70.3125,70.3125,7.568188728809232
session_14.csv,session_14,374,23936,24064,23936,24064,47.872,48.128,relax,0,0,0.0,False,False,2.247519960524648,2.83731380523034,282.17895186879014,22.0,0.0,81.44921113063153,78.125,97.65625,6.171995076453262
session_14.csv,session_14,375,24000,24128,24000,24128,48.0,48.256,relax,0,0,0.0,False,False,3.066201024263626,4.118650107526958,399.6923449077924,23.0,6.0,85.4714102802077,89.84375,93.75,16.706027770147845
session_14.csv,session_14,376,24064,24192,24064,24192,48.128,48.384,relax,0,0,0.0,False,False,2.771484759815335,3.8096431077169646,364.5675355891418,23.0,6.0,82.32167211190269,85.9375,85.9375,4.771171435689069
session_14.csv,session_14,377,24128,24256,24128,24256,48.256,48.512,relax,0,0,0.0,False,False,2.4065633712754133,2.916845505824139,291.1197221343615,25.0,0.0,72.78262235600404,70.3125,70.3125,7.1615225144724475
session_14.csv,session_14,378,24192,24320,24192,24320,48.384,48.64,relax,0,0,0.0,False,False,2.6638744302171746,3.3475607297208003,324.9549902406916,27.0,0.0,75.5506048281134,74.21875,66.40625,10.316769677066857
session_14.csv,session_14,379,24256,24384,24256,24384,48.512,48.768,relax,0,0,0.0,False,False,2.443219393761649,3.1916032392289826,317.0804391932252,26.0,1.0,80.34653346483447,82.03125,82.03125,13.284286782466062
session_14.csv,session_14,380,24320,24448,24320,24448,48.64,48.896,relax,0,0,0.0,False,False,2.6800598381451417,3.4766376348321075,353.10243089666835,27.0,5.0,86.0089797108488,89.84375,93.75,8.820109442065139
session_14.csv,session_14,381,24384,24512,24384,24512,48.768,49.024,relax,0,0,0.0,False,False,3.154233625729767,4.12059718913187,409.1241541859389,28.0,5.0,81.96657869850844,78.125,74.21875,23.262430085237053
session_14.csv,session_14,382,24448,24576,24448,24576,48.896,49.152,relax,0,0,0.0,False,False,2.8137362316534054,3.648306116643298,375.75042033948955,27.0,3.0,84.62458869732176,85.9375,89.84375,5.373034868753637
session_14.csv,session_14,383,24512,24640,24512,24640,49.024,49.28,relax,0,0,0.0,False,False,2.509411535305044,3.0175113704672465,326.6035613187587,27.0,4.0,83.22336510850275,82.03125,97.65625,6.742901267880008
session_14.csv,session_14,384,24576,24704,24576,24704,49.152,49.408,relax,0,0,0.0,False,False,2.692916086598653,3.2210796007749676,340.98780482163386,30.0,3.0,75.37992423944816,74.21875,74.21875,7.136311877104057
session_14.csv,session_14,385,24640,24768,24640,24768,49.28,49.536,relax,0,0,0.0,False,False,2.4010089592870543,2.888841402079407,306.61919235829805,25.0,1.0,78.39619467755433,74.21875,70.3125,9.139631734925997
session_14.csv,session_14,386,24704,24832,24704,24832,49.408,49.664,relax,0,0,0.0,False,False,2.5009284102575684,2.954960192950267,325.2541246735177,28.0,1.0,86.91884362836453,89.84375,93.75,7.22356338289776
session_14.csv,session_14,387,24768,24896,24768,24896,49.536,49.792,relax,0,0,0.0,False,False,2.651174696101065,3.1811565636024755,353.13533920863915,31.0,2.0,78.9147476005577,78.125,74.21875,8.345725078637095
session_14.csv,session_14,388,24832,24960,24832,24960,49.664,49.92,relax,0,0,0.0,False,False,2.3471252505531757,2.896685877644903,311.2840453652934,27.0,1.0,83.96534784339175,85.9375,85.9375,4.161198596455498
session_14.csv,session_14,389,24896,25024,24896,25024,49.792,50.048,relax,0,6,0.046875,True,True,4.733337316858107,7.0375714757713705,567.802694725497,32.0,4.0,78.80833209639216,74.21875,70.3125,18.185868284800843
session_14.csv,session_14,390,24960,25088,24960,25088,49.92,50.176,clench,1,70,0.546875,True,True,19.128418543825696,30.979959293824475,2444.8789304260026,40.0,21.0,79.99468856639253,78.125,74.21875,1256.4803029294014
session_14.csv,session_14,391,25024,25152,25024,25152,50.048,50.304,clench,1,128,1.0,False,True,27.72165044991023,36.81622584568495,3626.4259817572274,44.0,35.0,79.61066273104508,82.03125,74.21875,422.8224877184306
session_14.csv,session_14,392,25088,25216,25088,25216,50.176,50.432,clench,1,128,1.0,False,False,19.4457412484388,24.633298009978187,2577.1511546260513,43.0,30.0,87.68171725866048,89.84375,89.84375,614.0752175254854
session_14.csv,session_14,393,25152,25280,25152,25280,50.304,50.56,clench,1,128,1.0,False,False,15.919853306440116,19.829523897873024,2017.9388574230898,39.0,28.0,74.98215521516381,74.21875,74.21875,397.01194168797747
session_14.csv,session_14,394,25216,25344,25216,25344,50.432,50.688,clench,1,128,1.0,False,False,12.060821133561987,16.33613247719414,1556.8790697926033,38.0,23.0,84.07416721848111,85.9375,85.9375,130.35130510460448
session_14.csv,session_14,395,25280,25408,25280,25408,50.56,50.816,clench,1,112,0.875,True,True,9.073136864066646,11.616042791204599,1122.7105994603849,38.0,17.0,78.47258087782913,78.125,78.125,114.57949795719618
session_14.csv,session_14,396,25344,25472,25344,25472,50.688,50.944,relax,0,48,0.375,True,True,7.783670605686926,10.394111301586035,935.3798894227983,37.0,16.0,75.35586353002351,74.21875,70.3125,82.7936647335886
session_14.csv,session_14,397,25408,25536,25408,25536,50.816,51.072,relax,0,0,0.0,False,True,3.6340344446321096,4.403775027286121,452.54513496704305,32.0,7.0,79.31148271403104,78.125,74.21875,18.888204689258774
session_14.csv,session_14,398,25472,25600,25472,25600,50.944,51.2,relax,0,0,0.0,False,False,3.2289633358505867,3.950343631937561,404.35844909235834,30.0,4.0,78.94929471965962,78.125,70.3125,14.026151464127919
session_14.csv,session_14,399,25536,25664,25536,25664,51.072,51.328,relax,0,0,0.0,False,False,3.4064997889527007,4.122204230301976,446.48847211969655,36.0,5.0,82.65210093381013,85.9375,93.75,13.534636674158252
session_14.csv,session_14,400,25600,25728,25600,25728,51.2,51.456,relax,0,0,0.0,False,False,2.9239088900668015,3.554031096421423,387.52414988378314,37.0,2.0,82.26099962466363,78.125,74.21875,11.200644501354901
session_14.csv,session_14,401,25664,25792,25664,25792,51.328,51.584,relax,0,0,0.0,False,False,2.5149027917887414,3.06967001524515,325.191515898141,30.0,2.0,83.78000191401925,85.9375,93.75,8.160099502765078
session_14.csv,session_14,402,25728,25856,25728,25856,51.456,51.712,relax,0,0,0.0,False,False,2.761447309093173,3.3677957408220673,331.56616486128087,27.0,2.0,76.66133084809225,74.21875,70.3125,10.370888610090633
session_14.csv,session_14,403,25792,25920,25792,25920,51.584,51.84,relax,0,0,0.0,False,True,5.0636183885598545,7.6315539037326765,623.8517238072617,30.0,8.0,74.54023953960613,70.3125,70.3125,12.766030475296576
session_14.csv,session_14,404,25856,25984,25856,25984,51.712,51.968,relax,0,49,0.3828125,True,True,21.003881671964937,31.429343228286847,2641.4097608371726,37.0,25.0,78.58655586058782,78.125,78.125,1139.3366406380185
session_14.csv,session_14,405,25920,26048,25920,26048,51.84,52.096,clench,1,113,0.8828125,True,True,25.226423685106745,33.754028205607185,3235.6087585949726,44.0,37.0,80.47507177241623,82.03125,82.03125,813.745252101191
session_14.csv,session_14,406,25984,26112,25984,26112,51.968,52.224,clench,1,128,1.0,False,False,16.427253427067242,20.074584591313524,2207.7221258310774,47.0,39.0,84.71238037459459,85.9375,85.9375,303.6870066973068
session_14.csv,session_14,407,26048,26176,26048,26176,52.096,52.352,clench,1,128,1.0,False,False,25.59979337674349,31.71440858616076,3330.4821333813434,44.0,40.0,80.74772410791715,78.125,70.3125,754.2439675863299
session_14.csv,session_14,408,26112,26240,26112,26240,52.224,52.48,clench,1,128,1.0,False,False,33.49824710398444,40.76984961280349,4328.827121416309,42.0,40.0,81.14527653388178,82.03125,85.9375,2052.7039368895353
session_14.csv,session_14,409,26176,26304,26176,26304,52.352,52.608,clench,1,128,1.0,False,True,23.689935800771224,31.641566470095814,2949.914732884602,40.0,31.0,82.06244273965717,82.03125,78.125,822.6277770388831
session_14.csv,session_14,410,26240,26368,26240,26368,52.48,52.736,clench,1,71,0.5546875,True,True,11.908557724234369,14.465720202841647,1448.5316307632718,40.0,27.0,76.24577369514415,78.125,78.125,269.429590889322
session_14.csv,session_14,411,26304,26432,26304,26432,52.608,52.864,relax,0,7,0.0546875,True,True,6.4763475797937495,8.659200699461655,840.1472869298607,38.0,20.0,84.35069810172105,82.03125,82.03125,60.8644777243811
session_14.csv,session_14,412,26368,26496,26368,26496,52.736,52.992,relax,0,0,0.0,False,False,3.4086189112733276,4.2775946051206155,445.58113887105276,35.0,6.0,82.7434955032506,78.125,97.65625,12.681467207486184
session_14.csv,session_14,413,26432,26560,26432,26560,52.864,53.12,relax,0,0,0.0,False,False,3.51332966075245,4.329818849560664,426.85603979898576,31.0,9.0,77.01529218650053,74.21875,70.3125,25.813501077608976
session_14.csv,session_14,414,26496,26624,26496,26624,52.992,53.248,relax,0,0,0.0,False,False,3.836688244805008,5.025303124856882,473.00804331435654,33.0,6.0,73.4624560348122,70.3125,70.3125,6.044756713264982
session_14.csv,session_14,415,26560,26688,26560,26688,53.12,53.376,relax,0,2,0.015625,True,True,5.407051945817348,6.792694241316852,667.1394315690794,39.0,8.0,74.307534233784,70.3125,70.3125,64.97141489516721
session_14.csv,session_14,416,26624,26752,26624,26752,53.248,53.504,clench,1,66,0.515625,True,True,22.646968127434057,33.70638632418952,2816.5062639046773,40.0,26.0,76.7433144890007,74.21875,70.3125,608.2643912088114
session_14.csv,session_14,417,26688,26816,26688,26816,53.376,53.632,clench,1,128,1.0,False,True,30.35048680995904,38.3002208154206,3946.3058763044673,44.0,37.0,84.38321884042833,85.9375,89.84375,1584.3177766831304
session_14.csv,session_14,418,26752,26880,26752,26880,53.504,53.76,clench,1,128,1.0,False,False,25.579194222317426,30.757881868594918,3361.6672632362042,45.0,38.0,79.8322623767736,82.03125,70.3125,607.6109965798998
session_14.csv,session_14,419,26816,26944,26816,26944,53.632,53.888,clench,1,128,1.0,False,False,18.929320576797302,25.976506353481074,2441.4715967438233,40.0,25.0,79.51685920951196,78.125,78.125,769.6562668703094
session_14.csv,session_14,420,26880,27008,26880,27008,53.76,54.016,clench,1,128,1.0,False,True,10.117116682529101,14.006896715481076,1249.6626872759452,37.0,15.0,83.58415419225612,85.9375,85.9375,104.42045407918215
session_14.csv,session_14,421,26944,27072,26944,27072,53.888,54.144,clench,1,72,0.5625,True,True,8.309030813269324,11.13516013745125,1024.6937554496292,40.0,11.0,76.37583486291243,74.21875,74.21875,85.17572018562247
session_14.csv,session_14,422,27008,27136,27008,27136,54.016,54.272,relax,0,8,0.0625,True,True,5.657988485242281,6.820068571767582,729.2166143592067,41.0,12.0,81.18911071594006,82.03125,82.03125,51.89538345735354
session_14.csv,session_14,423,27072,27200,27072,27200,54.144,54.4,relax,0,0,0.0,False,False,5.5298934761774,6.696675429307177,715.6687023269235,41.0,13.0,81.70351781599754,82.03125,97.65625,28.878373826171092
session_14.csv,session_14,424,27136,27264,27136,27264,54.272,54.528,relax,0,0,0.0,False,False,5.318788511980718,6.255925316719982,675.5470498852816,41.0,12.0,85.72711398568704,89.84375,89.84375,45.79057038836169
session_14.csv,session_14,425,27200,27328,27200,27328,54.4,54.656,relax,0,0,0.0,False,False,4.820327819450761,5.715368238830513,617.4324057917205,42.0,7.0,79.32711034911976,82.03125,82.03125,20.837081269887687
session_14.csv,session_14,426,27264,27392,27264,27392,54.528,54.784,relax,0,0,0.0,False,False,3.3152282387179532,4.0826915254654095,413.44417616647524,33.0,0.0,79.1493977337437,70.3125,70.3125,17.66770442997783
session_14.csv,session_14,427,27328,27456,27328,27456,54.656,54.912,relax,0,0,0.0,False,False,2.7627037617275603,3.328318366935332,339.0133041474205,29.0,1.0,82.28685099624225,85.9375,70.3125,8.197172267873473
session_14.csv,session_14,428,27392,27520,27392,27520,54.784,55.04,relax,0,0,0.0,False,False,2.6702636079343494,3.190866966003175,333.24364872663034,28.0,1.0,76.61955673688091,78.125,78.125,10.240280560197522
session_14.csv,session_14,429,27456,27584,27456,27584,54.912,55.168,relax,0,5,0.0390625,True,True,5.919777876801711,10.588726729179054,776.2651604634925,28.0,12.0,84.94578189826306,89.84375,97.65625,9.131193092956568
session_14.csv,session_14,430,27520,27648,27520,27648,55.04,55.296,clench,1,69,0.5390625,True,True,19.479476226612213,26.776226674295394,2514.080574391017,38.0,32.0,78.34518269414416,78.125,78.125,889.5409269672859
session_14.csv,session_14,431,27584,27712,27584,27712,55.168,55.424,clench,1,128,1.0,False,True,28.594486269622283,34.327706380551874,3776.216168677171,45.0,38.0,83.02983744963876,85.9375,89.84375,681.0682927436632
session_14.csv,session_14,432,27648,27776,27648,27776,55.296,55.552,clench,1,128,1.0,False,False,30.417644749923213,36.65902919783984,3952.502845301301,43.0,36.0,85.3085100592843,82.03125,97.65625,1557.1625174756737
session_14.csv,session_14,433,27712,27840,27712,27840,55.424,55.68,clench,1,128,1.0,False,False,34.996432078565775,41.810992944618725,4261.8461361334175,39.0,34.0,77.59581446275064,74.21875,74.21875,1513.2564678210235
session_14.csv,session_14,434,27776,27904,27776,27904,55.552,55.808,clench,1,128,1.0,False,False,28.284604293290435,35.44182778978478,3478.6424488551265,41.0,36.0,80.30127445615952,78.125,74.21875,850.9832388217877
session_14.csv,session_14,435,27840,27968,27840,27968,55.68,55.936,clench,1,128,1.0,False,False,15.766158209768193,20.023846993712752,2094.694488616694,45.0,32.0,83.59936384709265,85.9375,85.9375,377.58525094483826
session_14.csv,session_14,436,27904,28032,27904,28032,55.808,56.064,clench,1,128,1.0,False,False,17.560236268383804,23.61737805160112,2276.4748205589513,44.0,28.0,80.48146931255413,82.03125,70.3125,305.34243669413183
session_14.csv,session_14,437,27968,28096,27968,28096,55.936,56.192,clench,1,128,1.0,False,False,23.55476109941207,28.52743065087457,3040.5895888308064,43.0,35.0,84.2364049360682,85.9375,85.9375,1017.0985704170541
session_14.csv,session_14,438,28032,28160,28032,28160,56.064,56.32,clench,1,128,1.0,False,False,18.777522059028527,22.818663550906155,2471.243594093932,43.0,37.0,80.37767492478558,78.125,78.125,319.54745348946506
session_14.csv,session_14,439,28096,28224,28096,28224,56.192,56.448,clench,1,128,1.0,False,False,11.492255906074238,14.40462690523815,1632.6293987208114,47.0,36.0,81.6836509066073,85.9375,70.3125,153.67414438462237
session_14.csv,session_14,440,28160,28288,28160,28288,56.32,56.576,clench,1,128,1.0,False,False,12.261091179062198,15.466440164674461,1749.457212165894,50.0,33.0,89.42121678202132,89.84375,97.65625,219.66241067467587
session_14.csv,session_14,441,28224,28352,28224,28352,56.448,56.704,clench,1,128,1.0,False,False,14.243480804529487,18.21479444623711,1841.478410965311,41.0,25.0,80.3524749669358,78.125,74.21875,348.16002389376933
session_14.csv,session_14,442,28288,28416,28288,28416,56.576,56.832,clench,1,128,1.0,False,False,12.695647774400054,16.1371335457188,1556.402175545134,38.0,25.0,81.12767422292161,82.03125,82.03125,155.43735277838275
session_14.csv,session_14,443,28352,28480,28352,28480,56.704,56.96,clench,1,128,1.0,False,True,11.238873339072775,13.551185668812888,1420.4508638729164,41.0,24.0,79.80749999917467,78.125,74.21875,161.49910780215865
session_14.csv,session_14,444,28416,28544,28416,28544,56.832,57.088,clench,1,74,0.578125,True,True,8.150342267623838,10.098893060456135,1024.6681472848775,40.0,19.0,80.69566482033639,82.03125,82.03125,89.96302184100945
session_14.csv,session_14,445,28480,28608,28480,28608,56.96,57.216,relax,0,10,0.078125,True,True,4.9343280406087855,6.06526735320359,613.18121089956,35.0,12.0,79.68929685444833,74.21875,70.3125,18.271658072044904
session_14.csv,session_14,446,28544,28672,28544,28672,57.088,57.344,relax,0,0,0.0,False,False,3.2871207587084283,4.179952722656019,399.88653017181264,26.0,5.0,74.32477072774297,70.3125,70.3125,19.825384578504607
session_14.csv,session_14,447,28608,28736,28608,28736,57.216,57.472,relax,0,0,0.0,False,False,2.735622284496526,3.516156335128968,340.46855530766857,23.0,3.0,81.88435182036298,82.03125,78.125,9.135835059788581
session_14.csv,session_14,448,28672,28800,28672,28800,57.344,57.6,relax,0,0,0.0,False,False,2.8101837202962505,3.54613192471913,381.1462443627727,33.0,1.0,79.69768279069463,78.125,74.21875,15.91981347934992
session_14.csv,session_14,449,28736,28864,28736,28864,57.472,57.728,relax,0,0,0.0,False,False,2.625021780483971,3.2839357739515647,372.5969598584717,33.0,2.0,85.9267773216206,89.84375,89.84375,5.579163378207631
session_14.csv,session_14,450,28800,28928,28800,28928,57.6,57.856,relax,0,0,0.0,False,False,2.721143054903856,3.365981250640573,374.817299809863,33.0,2.0,87.08119302722228,93.75,97.65625,8.569095903276907
session_14.csv,session_14,451,28864,28992,28864,28992,57.728,57.984,relax,0,0,0.0,False,False,2.973409458702693,3.595911036421867,410.9968850938898,38.0,1.0,86.38459324734082,89.84375,93.75,17.550944079487664
session_14.csv,session_14,452,28928,29056,28928,29056,57.856,58.112,relax,0,0,0.0,False,False,2.865295904600072,3.68989408348968,390.9884130799428,33.0,1.0,84.84085644548226,82.03125,97.65625,7.574451385517654
session_14.csv,session_14,453,28992,29120,28992,29120,57.984,58.24,relax,0,0,0.0,False,False,2.999648465066718,3.868405361956034,389.26365036098605,31.0,1.0,78.55554353955269,78.125,66.40625,15.19283644663548
session_14.csv,session_14,454,29056,29184,29056,29184,58.112,58.368,relax,0,0,0.0,False,False,3.3784649972576117,4.235248837195485,434.2756994956427,31.0,6.0,82.61547672963852,85.9375,89.84375,6.59133403687157
session_14.csv,session_14,455,29120,29248,29120,29248,58.24,58.496,relax,0,19,0.1484375,True,True,13.994462964206184,22.033666207190105,1729.775669075874,37.0,21.0,79.60313766188015,78.125,85.9375,225.26422585495592
session_14.csv,session_14,456,29184,29312,29184,29312,58.368,58.624,clench,1,83,0.6484375,True,True,21.98308667827266,28.162049091263313,2792.9705647298924,42.0,32.0,80.36410761436898,78.125,78.125,994.2814774907083
session_14.csv,session_14,457,29248,29376,29248,29376,58.496,58.752,clench,1,128,1.0,False,True,23.40891236965706,28.89676145602292,2958.853044806028,41.0,34.0,82.68334939218516,82.03125,74.21875,527.2241168738245
session_14.csv,session_14,458,29312,29440,29312,29440,58.624,58.88,clench,1,128,1.0,False,False,23.89604562136309,28.432668129947892,2983.953427706356,41.0,39.0,77.8336348528895,74.21875,70.3125,920.9341085202897
session_14.csv,session_14,459,29376,29504,29376,29504,58.752,59.008,clench,1,128,1.0,False,False,18.20501872401022,23.380326185789936,2288.990388553316,42.0,30.0,77.95219264526017,74.21875,74.21875,284.8668934439923
session_14.csv,session_14,460,29440,29568,29440,29568,58.88,59.136,clench,1,128,1.0,False,False,16.968192724023464,23.12707238641878,2058.0235592207214,41.0,23.0,78.38638302792306,82.03125,82.03125,500.2181006059806
session_14.csv,session_14,461,29504,29632,29504,29632,59.008,59.264,clench,1,128,1.0,False,False,26.67535290392985,34.56383280352492,3230.433502799129,39.0,29.0,75.92251307742995,74.21875,74.21875,1194.8330361071867
session_14.csv,session_14,462,29568,29696,29568,29696,59.136,59.392,clench,1,128,1.0,False,False,27.45760762862712,34.879832864447664,3388.850080938513,40.0,30.0,83.09890572059196,82.03125,85.9375,1179.8306559754249
session_14.csv,session_14,463,29632,29760,29632,29760,59.264,59.52,clench,1,128,1.0,False,False,18.20799572419502,22.47346316142697,2250.5443037034984,41.0,31.0,80.28871625194984,82.03125,70.3125,374.1952481966551
session_14.csv,session_14,464,29696,29824,29696,29824,59.392,59.648,clench,1,128,1.0,False,False,16.14578997439757,19.34832576680264,2102.3335548215036,44.0,35.0,81.30122006837058,82.03125,70.3125,242.13141149681593
session_14.csv,session_14,465,29760,29888,29760,29888,59.52,59.776,clench,1,128,1.0,False,False,17.61494613557279,21.56957027585381,2359.323431972041,45.0,35.0,83.07528470339668,85.9375,89.84375,568.5004403261707
session_14.csv,session_14,466,29824,29952,29824,29952,59.648,59.904,clench,1,128,1.0,False,False,19.6289610936099,24.081241057464894,2508.762736045219,43.0,32.0,80.27352445921797,78.125,78.125,414.3936658882237
session_14.csv,session_14,467,29888,30016,29888,30016,59.776,60.032,clench,1,128,1.0,False,False,14.304034426290428,18.62915780716488,1797.7623179663597,43.0,28.0,81.80142397642027,82.03125,85.9375,196.49995654459087
session_14.csv,session_14,468,29952,30080,29952,30080,59.904,60.16,clench,1,128,1.0,False,False,10.448333395135819,12.979364622220727,1355.9841568750219,46.0,29.0,82.10656043813728,82.03125,78.125,144.32520354080074
session_14.csv,session_14,469,30016,30144,30016,30144,60.032,60.288,clench,1,128,1.0,False,False,12.40538603897247,15.796660114194166,1565.1229233973145,42.0,25.0,78.81641082930345,82.03125,82.03125,220.64640966360042
session_14.csv,session_14,470,30080,30208,30080,30208,60.16,60.416,clench,1,128,1.0,False,False,18.017840663765003,22.34100785003723,2249.370519837199,40.0,26.0,81.67609578016479,82.03125,82.03125,396.40434043080256
session_14.csv,session_14,471,30144,30272,30144,30272,60.288,60.544,clench,1,128,1.0,False,False,17.900293537801055,21.736794464331812,2348.5825113451674,45.0,32.0,86.3908509850901,85.9375,85.9375,493.8854530358709
session_14.csv,session_14,472,30208,30336,30208,30336,60.416,60.672,clench,1,128,1.0,False,False,11.933501793315594,14.130567742872719,1656.6805344127295,46.0,35.0,82.10208869998283,82.03125,82.03125,149.6063700586082
session_14.csv,session_14,473,30272,30400,30272,30400,60.544,60.8,clench,1,128,1.0,False,False,12.446656707920884,14.319217202571524,1687.8878948290264,44.0,37.0,86.18635845047466,89.84375,89.84375,168.2932717971495
session_14.csv,session_14,474,30336,30464,30336,30464,60.672,60.928,clench,1,128,1.0,False,False,14.898164611335956,17.31524777463909,1898.3587011637442,42.0,28.0,84.38010603556,85.9375,82.03125,210.95216415060943
session_14.csv,session_14,475,30400,30528,30400,30528,60.8,61.056,clench,1,128,1.0,False,False,14.542174215933853,17.80869401766922,1888.6526001632528,43.0,28.0,80.18189248240776,78.125,93.75,306.9212332873996
session_14.csv,session_14,476,30464,30592,30464,30592,60.928,61.184,clench,1,128,1.0,False,False,13.752077065763455,17.829259233844265,1782.4073181881392,42.0,28.0,83.98204210123639,85.9375,89.84375,171.15514904813827
session_14.csv,session_14,477,30528,30656,30528,30656,61.056,61.312,clench,1,128,1.0,False,False,16.456298172756064,21.11824996075076,2033.6600692862526,40.0,25.0,78.323387765458,74.21875,70.3125,529.2333082558742
session_14.csv,session_14,478,30592,30720,30592,30720,61.184,61.44,clench,1,128,1.0,False,False,17.78226959000265,21.442068482478167,2180.8717101928023,40.0,29.0,79.71037259068493,74.21875,74.21875,354.0687380380303
session_14.csv,session_14,479,30656,30784,30656,30784,61.312,61.568,clench,1,128,1.0,False,False,19.54058812050939,23.076479133318905,2467.9970137935325,40.0,31.0,81.15952917522428,78.125,78.125,396.0213523066281
session_14.csv,session_14,480,30720,30848,30720,30848,61.44,61.696,clench,1,128,1.0,False,False,17.521768667443165,21.770083645821245,2347.193712606502,45.0,32.0,84.79103816489597,82.03125,97.65625,497.2309953972995
session_14.csv,session_14,481,30784,30912,30784,30912,61.568,61.824,clench,1,105,0.8203125,True,True,10.11832354881956,13.098928619445433,1344.6652672696225,42.0,26.0,81.95801029679897,82.03125,74.21875,109.97735801169358
session_14.csv,session_14,482,30848,30976,30848,30976,61.696,61.952,relax,0,41,0.3203125,True,True,6.508867266435241,7.883693743754749,836.425397813131,41.0,21.0,82.00673353367692,82.03125,97.65625,39.00333324276343
session_14.csv,session_14,483,30912,31040,30912,31040,61.824,62.08,relax,0,0,0.0,False,True,6.427201216550817,7.747749581736951,864.3333498506116,44.0,23.0,82.04505534675158,82.03125,93.75,46.13915258827188
session_14.csv,session_14,484,30976,31104,30976,31104,61.952,62.208,relax,0,0,0.0,False,False,7.2507503637011315,8.736068918080782,934.6758334901293,43.0,18.0,86.57484723938693,89.84375,89.84375,71.41678891573991
session_14.csv,session_14,485,31040,31168,31040,31168,62.08,62.336,relax,0,0,0.0,False,False,5.722998715621852,7.211888723328926,722.4795651611765,40.0,11.0,79.54670806321785,78.125,74.21875,54.90127219947391
session_14.csv,session_14,486,31104,31232,31104,31232,62.208,62.464,relax,0,0,0.0,False,False,3.708368550688868,4.423073502182585,468.7940100163579,39.0,8.0,80.97287355211057,78.125,74.21875,18.43572806176093
session_14.csv,session_14,487,31168,31296,31168,31296,62.336,62.592,relax,0,0,0.0,False,False,3.3913761184421922,4.223771820488712,441.6506533537164,35.0,6.0,85.22155691219467,89.84375,93.75,17.317275442048434
session_14.csv,session_14,488,31232,31360,31232,31360,62.464,62.72,relax,0,0,0.0,False,False,3.5412369543339697,4.336465748908178,443.3448732666333,31.0,5.0,80.25952861393598,82.03125,82.03125,18.59572577602067
session_14.csv,session_14,489,31296,31424,31296,31424,62.592,62.848,relax,0,0,0.0,False,False,4.697530229284796,5.767646932245083,603.360097664379,37.0,13.0,82.82672470516526,78.125,78.125,26.545233273609647
session_14.csv,session_14,490,31360,31488,31360,31488,62.72,62.976,relax,0,0,0.0,False,False,4.359016751140234,5.539938234797406,581.2327074841986,36.0,13.0,88.20039945681069,89.84375,93.75,25.04603817949383
session_14.csv,session_14,491,31424,31552,31424,31552,62.848,63.104,relax,0,0,0.0,False,False,2.7666128437960014,3.345197914487579,356.2236069566859,28.0,3.0,78.82568980732464,78.125,78.125,9.397993474372903
session_14.csv,session_14,492,31488,31616,31488,31616,62.976,63.232,relax,0,0,0.0,False,False,2.749361914998425,3.391442569302733,377.1543634937134,31.0,2.0,82.41134390578588,82.03125,74.21875,6.397788107965634
session_14.csv,session_14,493,31552,31680,31552,31680,63.104,63.36,relax,0,0,0.0,False,False,2.817079360715744,3.465080927747836,363.76684559080866,30.0,2.0,81.37730713744972,85.9375,89.84375,9.40624167611593
session_14.csv,session_14,494,31616,31744,31616,31744,63.232,63.488,relax,0,0,0.0,False,False,2.6174371460887214,3.225520450757117,312.39086805154034,26.0,0.0,76.4918280567399,74.21875,70.3125,13.337095307555831
session_14.csv,session_14,495,31680,31808,31680,31808,63.36,63.616,relax,0,0,0.0,False,False,2.6378734389901295,3.186615205360852,327.159638114327,26.0,2.0,79.88922833192314,82.03125,82.03125,5.779434675135447
session_14.csv,session_14,496,31744,31872,31744,31872,63.488,63.744,relax,0,0,0.0,False,False,2.624655547415429,3.1202519084021043,356.127907961941,32.0,2.0,81.07147199730467,82.03125,82.03125,6.456744520475671
session_14.csv,session_14,497,31808,31936,31808,31936,63.616,63.872,relax,0,0,0.0,False,False,2.55578253940807,3.2136532581052712,340.7044638010984,30.0,1.0,83.13546588744026,85.9375,85.9375,7.140851918649374
session_14.csv,session_14,498,31872,32000,31872,32000,63.744,64.0,relax,0,0,0.0,False,True,5.223026622626144,7.920429481920261,628.0975718167039,30.0,9.0,74.4416145799729,70.3125,70.3125,14.832921341528195
session_14.csv,session_14,499,31936,32064,31936,32064,63.872,64.128,relax,0,60,0.46875,True,True,17.756715146305964,27.334435070427574,2279.7192718226233,38.0,23.0,83.91192890612493,85.9375,89.84375,477.7162807225616
session_14.csv,session_14,500,32000,32128,32000,32128,64.0,64.256,clench,1,124,0.96875,True,True,24.499766988750526,32.24555323718491,3100.604286466168,40.0,30.0,83.86208247840162,82.03125,82.03125,718.8911430755177
session_14.csv,session_14,501,32064,32192,32064,32192,64.128,64.384,clench,1,128,1.0,False,False,19.37736992796,24.851320165055704,2414.266853760869,41.0,31.0,77.74264448807696,74.21875,74.21875,560.0432060046663
session_14.csv,session_14,502,32128,32256,32128,32256,64.256,64.512,clench,1,128,1.0,False,False,16.16956180480498,20.693642650629176,2113.4344408897005,44.0,29.0,80.29550136916572,82.03125,82.03125,600.2110287124584
session_14.csv,session_14,503,32192,32320,32192,32320,64.384,64.64,clench,1,128,1.0,False,False,14.408229313822854,17.466190427137203,1882.7437814211785,42.0,28.0,83.01048768426952,85.9375,89.84375,244.87075302512116
session_14.csv,session_14,504,32256,32384,32256,32384,64.512,64.768,clench,1,128,1.0,False,False,15.219250362771177,19.88004245358451,2037.1139154730718,41.0,28.0,87.07891156438902,85.9375,85.9375,303.53979342066435
session_14.csv,session_14,505,32320,32448,32320,32448,64.64,64.896,clench,1,128,1.0,False,False,15.956010619485781,20.569865062266516,2138.1796136197754,43.0,27.0,85.56941374708775,85.9375,85.9375,293.50073951355415
session_14.csv,session_14,506,32384,32512,32384,32512,64.768,65.024,clench,1,128,1.0,False,False,14.43344668524411,17.87525888927547,1950.2690057398872,45.0,29.0,91.63715805714904,93.75,93.75,442.09586581863135
session_14.csv,session_14,507,32448,32576,32448,32576,64.896,65.152,clench,1,128,1.0,False,False,11.291130210223969,14.531777437936002,1480.5812321166313,43.0,26.0,83.53027582152951,82.03125,85.9375,190.80942469861122
session_14.csv,session_14,508,32512,32640,32512,32640,65.024,65.28,clench,1,128,1.0,False,False,9.497950394178847,11.995992669628988,1255.6542164586035,41.0,26.0,83.15403729571258,82.03125,93.75,154.02869031822348
session_14.csv,session_14,509,32576,32704,32576,32704,65.152,65.408,clench,1,128,1.0,False,False,9.087194745951294,11.515112465151546,1251.9055277840253,44.0,27.0,85.84304369276552,89.84375,97.65625,89.24613068708321
session_14.csv,session_14,510,32640,32768,32640,32768,65.28,65.536,clench,1,128,1.0,False,False,6.116296874352417,8.03292094180962,810.4695227826777,41.0,16.0,83.49479464015079,85.9375,85.9375,40.0339337280335
session_14.csv,session_14,511,32704,32832,32704,32832,65.408,65.664,clench,1,128,1.0,False,False,5.380369938094169,6.523033996536092,681.7812225386201,38.0,13.0,77.91366743246236,74.21875,74.21875,27.453628862900484
session_14.csv,session_14,512,32768,32896,32768,32896,65.536,65.792,clench,1,91,0.7109375,True,True,6.114375507127065,7.17269359448398,772.7687953926146,41.0,19.0,79.91571685058587,82.03125,85.9375,58.73335217821814
session_14.csv,session_14,513,32832,32960,32832,32960,65.664,65.92,relax,0,27,0.2109375,True,True,4.867770718495295,5.855038178177533,629.216728215823,40.0,15.0,86.71801964965752,89.84375,93.75,25.91158400253452
session_14.csv,session_14,514,32896,33024,32896,33024,65.792,66.048,relax,0,0,0.0,False,False,4.101508293633491,5.001531796799868,524.0152377671582,37.0,10.0,77.54591675475316,74.21875,74.21875,22.24829711879823
session_14.csv,session_14,515,32960,33088,32960,33088,65.92,66.176,relax,0,0,0.0,False,False,4.192502668053657,5.612275341598188,548.961486928631,39.0,9.0,85.60680934495386,89.84375,93.75,13.593730039047673
session_14.csv,session_14,516,33024,33152,33024,33152,66.048,66.304,relax,0,0,0.0,False,False,3.538860498593902,5.046486903649907,467.3804663012801,36.0,6.0,85.51209669948379,85.9375,93.75,33.39248288270958
session_14.csv,session_14,517,33088,33216,33088,33216,66.176,66.432,relax,0,0,0.0,False,False,3.0114118994309154,3.885695280505865,398.597927613725,36.0,2.0,77.7601670412303,78.125,78.125,7.0751726777615165
session_14.csv,session_14,518,33152,33280,33152,33280,66.304,66.56,relax,0,0,0.0,False,False,3.499005164930429,4.338515450402307,467.4748914988468,41.0,3.0,83.16421140542379,85.9375,85.9375,25.589968290043263
session_14.csv,session_14,519,33216,33344,33216,33344,66.432,66.688,relax,0,0,0.0,False,False,3.2065059028983107,3.85658254102959,403.31299035270933,32.0,3.0,84.16055655199504,85.9375,93.75,10.880476637185348
session_14.csv,session_14,520,33280,33408,33280,33408,66.56,66.816,relax,0,0,0.0,False,False,3.34723616309922,4.3252445317726975,419.8042491933236,28.0,2.0,78.70276867072664,78.125,70.3125,13.308967755282762
session_14.csv,session_14,521,33344,33472,33344,33472,66.688,66.944,relax,0,0,0.0,False,False,3.167570257566892,4.289231639001971,413.52163941547906,27.0,2.0,76.65628366994225,78.125,78.125,10.534631576602758
session_14.csv,session_14,522,33408,33536,33408,33536,66.816,67.072,relax,0,0,0.0,False,False,2.3303643565804553,3.1355310167669126,315.7369278412548,22.0,2.0,78.34348482173556,74.21875,70.3125,8.6051887992535
session_14.csv,session_14,523,33472,33600,33472,33600,66.944,67.2,relax,0,0,0.0,False,False,2.5624857574434623,3.364518133779033,343.10947017351816,26.0,3.0,84.20691078705245,85.9375,89.84375,6.552927987059021
session_14.csv,session_14,524,33536,33664,33536,33664,67.072,67.328,relax,0,0,0.0,False,False,2.754322331550986,3.4884714453054473,351.8623813028847,27.0,2.0,77.86383873069342,78.125,70.3125,13.89429387237519
session_14.csv,session_14,525,33600,33728,33600,33728,67.2,67.456,relax,0,0,0.0,False,False,2.194733716213869,2.740715323630182,292.1250860553379,26.0,1.0,76.45126099981543,70.3125,70.3125,4.168155183860226
session_14.csv,session_14,526,33664,33792,33664,33792,67.328,67.584,relax,0,0,0.0,False,False,1.8177845218631692,2.3336618940324927,237.0854877663063,17.0,2.0,83.7652236456779,85.9375,97.65625,4.120618172248489
session_14.csv,session_14,527,33728,33856,33728,33856,67.456,67.712,relax,0,7,0.0546875,True,True,3.219901888536298,4.877756541386546,432.3867270593897,24.0,6.0,82.9039953769349,82.03125,97.65625,7.195784159708151
session_14.csv,session_14,528,33792,33920,33792,33920,67.584,67.84,clench,1,71,0.5546875,True,True,13.684451487358952,20.329277435659638,1758.533313475038,37.0,24.0,80.94395565071993,78.125,78.125,282.75301373802824
session_14.csv,session_14,529,33856,33984,33856,33984,67.712,67.968,clench,1,128,1.0,False,True,20.11940058742602,25.856469823005902,2594.955128646451,42.0,36.0,83.04780424892427,85.9375,85.9375,622.418974628437
session_14.csv,session_14,530,33920,34048,33920,34048,67.84,68.096,clench,1,128,1.0,False,False,17.38454136015888,22.58306752336409,2313.0393146970596,43.0,32.0,85.29256507481581,85.9375,93.75,581.8677223164447
session_14.csv,session_14,531,33984,34112,33984,34112,67.968,68.224,clench,1,128,1.0,False,False,16.66680644090257,20.416107845216995,2113.9417333786546,42.0,35.0,81.71611860500889,82.03125,74.21875,316.77592926478525
session_14.csv,session_14,532,34048,34176,34048,34176,68.096,68.352,clench,1,128,1.0,False,False,16.33138501644425,19.844800966899626,1993.4180751873719,41.0,27.0,77.91092412055043,74.21875,74.21875,270.89574375135896
session_14.csv,session_14,533,34112,34240,34112,34240,68.224,68.48,clench,1,128,1.0,False,False,16.111099356794547,19.935357982476415,1974.5501485455648,40.0,22.0,77.11657832470448,74.21875,82.03125,258.4898020972543
session_14.csv,session_14,534,34176,34304,34176,34304,68.352,68.608,clench,1,128,1.0,False,False,16.302061922294925,20.322547023803608,2061.166590382649,42.0,30.0,81.4949157980103,82.03125,85.9375,485.04518513385955
session_14.csv,session_14,535,34240,34368,34240,34368,68.48,68.736,clench,1,128,1.0,False,False,14.286551688872969,18.472365988286537,1798.0191693778547,43.0,30.0,82.93762847177686,85.9375,93.75,263.20867252997624
session_14.csv,session_14,536,34304,34432,34304,34432,68.608,68.864,clench,1,128,1.0,False,False,16.05601827208156,20.199495969660262,2052.9988994144383,43.0,32.0,76.86635291059932,74.21875,74.21875,493.0054665277404
session_14.csv,session_14,537,34368,34496,34368,34496,68.736,68.992,clench,1,128,1.0,False,False,14.571520442827143,19.00751471080889,1858.7547033031103,41.0,32.0,82.85428290292599,82.03125,82.03125,197.89316429106952
session_14.csv,session_14,538,34432,34560,34432,34560,68.864,69.12,clench,1,128,1.0,False,False,13.471863446701429,17.641921902373316,1729.0044521283046,39.0,30.0,81.93502103442285,82.03125,78.125,292.4429179224332
session_14.csv,session_14,539,34496,34624,34496,34624,68.992,69.248,clench,1,128,1.0,False,False,17.02724584489419,20.820421643846586,2155.6328149669175,40.0,33.0,83.43264461424317,82.03125,82.03125,551.1844889744531
session_14.csv,session_14,540,34560,34688,34560,34688,69.12,69.376,clench,1,128,1.0,False,False,17.9464886304239,23.20169621429186,2305.025449401953,43.0,32.0,80.03361151365284,82.03125,82.03125,379.6630612172237
session_14.csv,session_14,541,34624,34752,34624,34752,69.248,69.504,clench,1,128,1.0,False,False,17.180728868430705,22.488016527217802,2236.747744859178,44.0,29.0,82.15326926939528,82.03125,74.21875,500.10073633396814
session_14.csv,session_14,542,34688,34816,34688,34816,69.376,69.632,clench,1,128,1.0,False,False,12.132093229080773,15.773366025732598,1553.217222056051,41.0,23.0,82.72818240402331,85.9375,85.9375,255.3967007152347
session_14.csv,session_14,543,34752,34880,34752,34880,69.504,69.76,clench,1,128,1.0,False,False,7.7859158043061845,10.712881219369491,993.705274185921,37.0,16.0,83.42062757309512,82.03125,82.03125,37.88589807567762
session_14.csv,session_14,544,34816,34944,34816,34944,69.632,69.888,clench,1,91,0.7109375,True,True,8.785627880541263,10.966711519014755,1098.5586943587202,38.0,22.0,80.49242299986958,78.125,78.125,141.36757067063775
session_14.csv,session_14,545,34880,35008,34880,35008,69.76,70.016,relax,0,27,0.2109375,True,True,7.9899776080121345,10.4152381523997,987.085704687559,37.0,17.0,80.92426841535165,78.125,78.125,72.38608089082933
session_14.csv,session_14,546,34944,35072,34944,35072,69.888,70.144,relax,0,0,0.0,False,False,3.7665852862852063,4.803017721584078,483.96224209215063,36.0,3.0,79.1531475967941,78.125,78.125,32.66935153202583
session_14.csv,session_14,547,35008,35136,35008,35136,70.016,70.272,relax,0,0,0.0,False,False,3.2872801542311407,4.287532969352932,414.73162962420236,33.0,2.0,76.1483793972269,70.3125,70.3125,12.7066402463137
session_14.csv,session_14,548,35072,35200,35072,35200,70.144,70.4,relax,0,0,0.0,False,False,2.8357359646435265,3.5542888349043764,367.653589595355,32.0,4.0,82.3038524199788,82.03125,97.65625,8.12504208098801
session_14.csv,session_14,549,35136,35264,35136,35264,70.272,70.528,relax,0,0,0.0,False,False,3.155922772888503,3.840914481308198,400.4889181266416,33.0,6.0,78.29664643914474,74.21875,70.3125,10.483287149278867
session_14.csv,session_14,550,35200,35328,35200,35328,70.4,70.656,relax,0,0,0.0,False,False,2.638779608053561,3.404204874011322,337.2109770847519,24.0,3.0,76.06590722675094,78.125,78.125,10.94973352897902
session_14.csv,session_14,551,35264,35392,35264,35392,70.528,70.784,relax,0,0,0.0,False,False,2.1802377637171553,2.748634969104067,305.67142887092587,22.0,3.0,90.81266367584101,93.75,97.65625,8.985484987480529
session_14.csv,session_14,552,35328,35456,35328,35456,70.656,70.912,relax,0,0,0.0,False,False,2.6058146867084817,3.2706065746184985,350.73338254570876,27.0,4.0,86.74888817418086,89.84375,89.84375,9.449300089102387
session_14.csv,session_14,553,35392,35520,35392,35520,70.784,71.04,relax,0,0,0.0,False,False,2.2174899568853608,2.8025450855088,292.35166787316007,25.0,1.0,84.41888418820626,82.03125,97.65625,4.810940329921934
session_14.csv,session_14,554,35456,35584,35456,35584,70.912,71.168,relax,0,0,0.0,False,False,1.694393519620264,2.103868061202211,211.41829316007602,16.0,0.0,76.47476890670306,70.3125,70.3125,2.3399411852699767
session_14.csv,session_14,555,35520,35648,35520,35648,71.04,71.296,relax,0,0,0.0,False,False,1.912724347215132,2.6156726342084036,233.6604377148368,15.0,2.0,74.98577895771736,70.3125,70.3125,4.851556822317294
session_14.csv,session_14,556,35584,35712,35584,35712,71.168,71.424,relax,0,21,0.1640625,True,True,3.376190229648733,5.487484359716712,431.89560844297534,21.0,7.0,77.15542152960951,78.125,70.3125,4.4838843208881425
session_14.csv,session_14,557,35648,35776,35648,35776,71.296,71.552,clench,1,85,0.6640625,True,True,16.602252571260273,24.44413245903989,2158.277102080847,34.0,24.0,84.12263900183889,82.03125,82.03125,524.254936445009
session_14.csv,session_14,558,35712,35840,35712,35840,71.424,71.68,clench,1,128,1.0,False,True,22.666987992579152,28.39828818979961,2991.2771922882985,46.0,39.0,80.34657839161407,82.03125,85.9375,558.251467439067
session_14.csv,session_14,559,35776,35904,35776,35904,71.552,71.808,clench,1,128,1.0,False,False,15.27413589354343,19.59477840385542,2009.9982030207195,45.0,37.0,82.71552620793771,82.03125,82.03125,580.5129792144288
session_14.csv,session_14,560,35840,35968,35840,35968,71.68,71.936,clench,1,128,1.0,False,False,11.704069337279204,14.663116557633545,1484.9300347490882,44.0,22.0,80.64627235031227,78.125,78.125,135.0894020530691
session_14.csv,session_14,561,35904,36032,35904,36032,71.808,72.064,clench,1,128,1.0,False,False,12.325320853266293,15.982447098474267,1644.2181444900589,46.0,25.0,85.8229403889719,93.75,97.65625,170.290396170432
session_14.csv,session_14,562,35968,36096,35968,36096,71.936,72.192,clench,1,128,1.0,False,False,13.411511265525718,17.23421934559951,1728.8861240184806,42.0,29.0,80.66728562551572,74.21875,74.21875,292.7159067953843
session_14.csv,session_14,563,36032,36160,36032,36160,72.064,72.32,clench,1,128,1.0,False,False,11.445097135162296,13.957211406532029,1378.143576874427,39.0,24.0,73.40369361947822,74.21875,74.21875,129.3643223803787
session_14.csv,session_14,564,36096,36224,36096,36224,72.192,72.448,clench,1,128,1.0,False,False,11.372549821860002,13.394830622765273,1503.3256093332357,45.0,32.0,84.45400811997565,89.84375,89.84375,142.3643926119816
session_14.csv,session_14,565,36160,36288,36160,36288,72.32,72.576,clench,1,128,1.0,False,False,9.87437634533763,12.368955982576395,1326.9501310456722,44.0,28.0,82.56913215548613,85.9375,70.3125,100.94800181625892
session_14.csv,session_14,566,36224,36352,36224,36352,72.448,72.704,clench,1,128,1.0,False,False,8.52117244647419,11.069394383364648,1085.3813857718667,41.0,16.0,81.39219403399333,78.125,70.3125,81.04733210389891
session_14.csv,session_14,567,36288,36416,36288,36416,72.576,72.832,clench,1,128,1.0,False,False,10.297691656481627,12.902649117332734,1297.909998749966,41.0,18.0,77.87995491443831,78.125,78.125,157.11982543110963
session_14.csv,session_14,568,36352,36480,36352,36480,72.704,72.96,clench,1,128,1.0,False,False,12.392203503013128,16.082706220017226,1501.7730526938371,39.0,14.0,74.65773607945552,74.21875,70.3125,148.16503601676496
session_14.csv,session_14,569,36416,36544,36416,36544,72.832,73.088,clench,1,128,1.0,False,False,11.880469246180585,15.910094305904687,1463.426425233903,40.0,17.0,80.9584837596109,82.03125,74.21875,339.55826111342003
session_14.csv,session_14,570,36480,36608,36480,36608,72.96,73.216,clench,1,128,1.0,False,False,9.18514533349996,12.184844849643946,1178.374550112168,41.0,19.0,84.77242518338318,85.9375,85.9375,211.6372854461808
session_14.csv,session_14,571,36544,36672,36544,36672,73.088,73.344,clench,1,128,1.0,False,False,5.056707846351888,7.3292925559847575,666.3719883231842,35.0,8.0,80.44346685061035,78.125,74.21875,35.96622250860098
session_14.csv,session_14,572,36608,36736,36608,36736,73.216,73.472,clench,1,128,1.0,False,False,4.799307789909902,6.909260727225072,596.1611983992757,33.0,4.0,81.41714655652312,78.125,97.65625,19.501766959367053
session_14.csv,session_14,573,36672,36800,36672,36800,73.344,73.6,clench,1,93,0.7265625,True,True,7.526576397343464,9.456210233589044,961.4389722524186,42.0,16.0,79.85987484562749,78.125,74.21875,121.05538683654233
session_14.csv,session_14,574,36736,36864,36736,36864,73.472,73.728,relax,0,29,0.2265625,True,True,6.233948797466284,7.796103639442483,819.2178615577312,42.0,18.0,86.38870097130054,85.9375,82.03125,26.287876355754584
session_14.csv,session_14,575,36800,36928,36800,36928,73.6,73.856,relax,0,0,0.0,False,False,3.725357346138586,4.504034475542628,485.3373239411966,39.0,7.0,78.38323765854125,78.125,82.03125,20.891654792413465
session_14.csv,session_14,576,36864,36992,36864,36992,73.728,73.984,relax,0,0,0.0,False,False,3.0092845427998736,3.5889372811425195,386.06042781750705,34.0,4.0,76.24921780460886,74.21875,70.3125,10.283388893564121
session_14.csv,session_14,577,36928,37056,36928,37056,73.856,74.112,relax,0,0,0.0,False,False,3.4586461603211234,4.202172349897069,434.02132945777225,33.0,4.0,82.48981271388058,85.9375,93.75,18.0158191115465
session_14.csv,session_14,578,36992,37120,36992,37120,73.984,74.24,relax,0,0,0.0,False,False,3.547039555950847,4.332880357964319,447.38903293425017,34.0,4.0,78.10640248606028,78.125,70.3125,17.085087097481694
session_14.csv,session_14,579,37056,37184,37056,37184,74.112,74.368,relax,0,0,0.0,False,False,3.014284167277218,3.8413446347617834,388.46294714627084,29.0,5.0,74.97330255230507,70.3125,66.40625,6.645935328904397
session_14.csv,session_14,580,37120,37248,37120,37248,74.24,74.496,relax,0,0,0.0,False,False,2.728385804812546,3.6048182856645554,347.310461330302,24.0,2.0,83.4546100200651,82.03125,97.65625,16.71768165878347
session_14.csv,session_14,581,37184,37312,37184,37312,74.368,74.624,relax,0,0,0.0,False,False,2.433232639773016,3.176361262212749,308.67300585989665,20.0,0.0,79.34863282859024,74.21875,70.3125,8.853205102204688
session_14.csv,session_14,582,37248,37376,37248,37376,74.496,74.752,relax,0,0,0.0,False,False,1.9885814505441974,2.5562860626546904,266.4636915354138,20.0,0.0,77.75880112689072,78.125,82.03125,4.737306070183464
session_14.csv,session_14,583,37312,37440,37312,37440,74.624,74.88,relax,0,0,0.0,False,False,1.5191382874630053,1.9228802270282437,209.7904663560097,16.0,1.0,83.60587214563918,89.84375,93.75,3.5815339028219766
session_14.csv,session_14,584,37376,37504,37376,37504,74.752,75.008,relax,0,0,0.0,False,False,2.2346668501303704,2.9804725967103223,318.1450543112277,26.0,4.0,81.68235068962818,78.125,93.75,4.669140928084021
session_14.csv,session_14,585,37440,37568,37440,37568,74.88,75.136,relax,0,0,0.0,False,False,2.416196717874084,3.110847431682811,332.16415271889844,26.0,4.0,90.07157867846574,93.75,97.65625,7.624685153618589
session_14.csv,session_14,586,37504,37632,37504,37632,75.008,75.264,relax,0,0,0.0,False,False,2.2170866497153003,2.9874647468514173,281.66940149978143,17.0,2.0,75.23045420416182,74.21875,74.21875,4.440187525556839
session_14.csv,session_14,587,37568,37696,37568,37696,75.136,75.392,relax,0,0,0.0,False,False,2.8547233661419966,3.6681912429424526,358.642552397666,24.0,5.0,80.82491084989545,74.21875,74.21875,20.90902044842294
session_14.csv,session_14,588,37632,37760,37632,37760,75.264,75.52,relax,0,0,0.0,False,False,2.900417242009712,3.495455999977056,363.7107098238322,31.0,4.0,81.39821072125521,82.03125,78.125,7.040014832916003
session_14.csv,session_14,589,37696,37824,37696,37824,75.392,75.648,relax,0,0,0.0,False,False,3.476291637032835,4.378602869609553,453.22662110519514,35.0,6.0,79.53890684425332,78.125,78.125,12.084330913586738
session_14.csv,session_14,590,37760,37888,37760,37888,75.52,75.776,relax,0,0,0.0,False,False,3.5212478997394783,4.474215429078531,469.2111016347503,35.0,6.0,79.9529509353014,78.125,78.125,12.764591862449862
session_14.csv,session_14,591,37824,37952,37824,37952,75.648,75.904,relax,0,0,0.0,False,False,2.7819375381236178,3.4100858691225175,368.702042150558,29.0,3.0,83.56856340275385,89.84375,93.75,13.903901057143482
session_14.csv,session_14,592,37888,38016,37888,38016,75.776,76.032,relax,0,0,0.0,False,False,2.464658070169407,3.0349666979407273,307.6660341854972,25.0,1.0,78.92621521879562,78.125,66.40625,5.594305307913215
session_14.csv,session_14,593,37952,38080,37952,38080,75.904,76.16,relax,0,0,0.0,False,False,2.865748113894255,4.036991419882902,374.03158816652206,29.0,1.0,81.50105769827678,82.03125,85.9375,8.15858920480881
session_14.csv,session_14,594,38016,38144,38016,38144,76.032,76.288,relax,0,35,0.2734375,True,True,16.154877819292427,24.52352717663043,2105.479288605159,37.0,21.0,85.19627946317492,85.9375,85.9375,652.2074057241953
session_14.csv,session_14,595,38080,38208,38080,38208,76.16,76.416,clench,1,99,0.7734375,True,True,21.301175879848998,26.77288927534706,2768.2483292612737,44.0,39.0,80.08097554998446,82.03125,82.03125,539.0333702697592
session_14.csv,session_14,596,38144,38272,38144,38272,76.288,76.544,clench,1,128,1.0,False,False,14.835255934741866,18.247903143161608,1957.1379017426657,43.0,34.0,84.98431467084752,82.03125,82.03125,270.1209798241232
session_14.csv,session_14,597,38208,38336,38208,38336,76.416,76.672,clench,1,128,1.0,False,False,17.17406876943211,21.965485371481506,2285.8738519324384,41.0,32.0,88.79711983072967,89.84375,93.75,443.9881115198402
session_14.csv,session_14,598,38272,38400,38272,38400,76.544,76.8,clench,1,128,1.0,False,False,19.45392424132142,23.75902269105209,2599.6521599190073,44.0,37.0,86.33538412381829,89.84375,93.75,622.6903965008736
session_14.csv,session_14,599,38336,38464,38336,38464,76.672,76.928,clench,1,128,1.0,False,False,21.170673692720236,25.205042247112967,2837.389715700414,45.0,37.0,84.31950875020289,82.03125,78.125,704.4386181837646
session_14.csv,session_14,600,38400,38528,38400,38528,76.8,77.056,clench,1,128,1.0,False,False,22.761242129773482,27.571409443840466,3079.8236881346043,44.0,34.0,84.0288276583945,85.9375,82.03125,707.1502682585569
session_14.csv,session_14,601,38464,38592,38464,38592,76.928,77.184,clench,1,128,1.0,False,False,22.798543940368187,28.350233567002853,3068.3825997809868,46.0,34.0,82.53921965173178,82.03125,74.21875,690.4266502117601
session_14.csv,session_14,602,38528,38656,38528,38656,77.056,77.312,clench,1,128,1.0,False,False,18.755247649086833,24.46705571974771,2496.6319690119094,44.0,31.0,86.83548079884467,89.84375,97.65625,202.32846516444872
session_14.csv,session_14,603,38592,38720,38592,38720,77.184,77.44,clench,1,128,1.0,False,False,13.263112457293271,17.439925929921152,1747.2622347317904,43.0,31.0,81.25128505262576,82.03125,82.03125,361.3681745617865
session_14.csv,session_14,604,38656,38784,38656,38784,77.312,77.568,clench,1,128,1.0,False,False,13.864238688421905,16.97597843518677,1714.9825930870836,42.0,31.0,76.64409918372363,70.3125,70.3125,276.381600035
session_14.csv,session_14,605,38720,38848,38720,38848,77.44,77.696,clench,1,128,1.0,False,False,18.390975249083116,21.892861944972584,2363.8975412265054,42.0,31.0,82.45838373174377,78.125,78.125,284.2168148840058
session_14.csv,session_14,606,38784,38912,38784,38912,77.568,77.824,clench,1,128,1.0,False,False,19.47050735111298,23.52234452552924,2502.0473467042666,44.0,32.0,86.4385672361446,89.84375,89.84375,477.42822267793747
session_14.csv,session_14,607,38848,38976,38848,38976,77.696,77.952,clench,1,128,1.0,False,False,17.512428610230607,21.874503278105074,2198.2573016882434,42.0,26.0,75.89688491705095,74.21875,74.21875,481.80930260767747
session_14.csv,session_14,608,38912,39040,38912,39040,77.824,78.08,clench,1,128,1.0,False,False,15.552927983060322,19.5218060501176,1991.3507293944674,41.0,26.0,85.85575945426443,89.84375,93.75,373.91980675594874
session_14.csv,session_14,609,38976,39104,38976,39104,77.952,78.208,clench,1,128,1.0,False,False,12.617590675309561,16.126939731858823,1607.6289000841562,42.0,26.0,79.67818196307763,74.21875,70.3125,352.0015752589949
session_14.csv,session_14,610,39040,39168,39040,39168,78.08,78.336,clench,1,128,1.0,False,False,8.088421721588132,11.046880522943413,990.4011009696147,38.0,16.0,77.79186884987888,74.21875,70.3125,47.479541218133626
session_14.csv,session_14,611,39104,39232,39104,39232,78.208,78.464,clench,1,100,0.78125,True,True,6.942238879732416,8.581421543488538,906.6836581961079,39.0,16.0,76.10953608513573,74.21875,70.3125,68.560953570609
session_14.csv,session_14,612,39168,39296,39168,39296,78.336,78.592,relax,0,36,0.28125,True,True,5.99305329450397,7.491347346329803,787.2023414157884,42.0,15.0,84.17346748775468,85.9375,85.9375,55.82944425551191
session_14.csv,session_14,613,39232,39360,39232,39360,78.464,78.72,relax,0,0,0.0,False,False,4.4105392293908885,5.271368570336613,588.6628083076148,41.0,12.0,84.81520553447226,85.9375,82.03125,20.285548255960308
session_14.csv,session_14,614,39296,39424,39296,39424,78.592,78.848,relax,0,0,0.0,False,False,4.127819732846242,4.975576483024184,553.7608933714183,37.0,10.0,84.01523322272827,82.03125,78.125,14.518516593892237
session_14.csv,session_14,615,39360,39488,39360,39488,78.72,78.976,relax,0,0,0.0,False,False,3.763505000923476,4.625194331129913,499.7234974595674,32.0,10.0,81.40569226954715,74.21875,97.65625,16.384724782708535
session_14.csv,session_14,616,39424,39552,39424,39552,78.848,79.104,relax,0,0,0.0,False,False,3.830755927431669,4.622356826308086,491.00677407769444,33.0,8.0,84.97905666524235,82.03125,82.03125,23.401170777655164
session_14.csv,session_14,617,39488,39616,39488,39616,78.976,79.232,relax,0,0,0.0,False,False,3.3110577603266114,3.953655500975576,416.2141244540212,31.0,2.0,77.72719523448902,78.125,78.125,16.001781580125176
session_14.csv,session_14,618,39552,39680,39552,39680,79.104,79.36,relax,0,0,0.0,False,False,2.4085509009514254,3.063707552636934,307.12660337574255,23.0,0.0,81.22725080219756,85.9375,93.75,5.228956180390971
session_14.csv,session_14,619,39616,39744,39616,39744,79.232,79.488,relax,0,0,0.0,False,False,2.4312512031557327,3.007664167771859,320.20314138834146,26.0,1.0,85.60213702240101,89.84375,97.65625,10.265138387726244
session_14.csv,session_14,620,39680,39808,39680,39808,79.36,79.616,relax,0,0,0.0,False,False,2.7254437427501514,3.2980116915196276,364.2268374266321,32.0,2.0,78.63722469874651,78.125,70.3125,6.519078877449403
session_14.csv,session_14,621,39744,39872,39744,39872,79.488,79.744,relax,0,0,0.0,False,False,2.543051372507338,3.115268153927296,324.4627602966989,27.0,1.0,79.36188873147283,82.03125,70.3125,7.277441125511497
session_14.csv,session_14,622,39808,39936,39808,39936,79.616,79.872,relax,0,0,0.0,False,False,2.27673047622769,2.8303011311020905,271.7409090805679,19.0,0.0,75.86689515039994,74.21875,70.3125,6.376989896508343
session_14.csv,session_14,623,39872,40000,39872,40000,79.744,80.0,relax,0,15,0.1171875,True,True,6.824340584986812,11.677040103330908,886.0902393686082,28.0,11.0,80.55628391625643,82.03125,78.125,29.7754579702149
session_14.csv,session_14,624,39936,40064,39936,40064,79.872,80.128,clench,1,79,0.6171875,True,True,18.482946435040333,25.923967810452115,2279.099250534867,41.0,24.0,77.56423351259633,78.125,85.9375,376.71580858853594
session_14.csv,session_14,625,40000,40128,40000,40128,80.0,80.256,clench,1,128,1.0,False,True,23.368383949977925,29.81389816065611,2956.5305379004535,42.0,31.0,78.34055817728661,78.125,74.21875,1068.1162163873853
session_14.csv,session_14,626,40064,40192,40064,40192,80.128,80.384,clench,1,128,1.0,False,False,22.27679653455577,27.998963046176698,2931.182992747495,44.0,35.0,83.54141448340657,82.03125,93.75,455.32300188428604
session_14.csv,session_14,627,40128,40256,40128,40256,80.256,80.512,clench,1,128,1.0,False,False,21.94342175190981,28.15663304146394,2855.804753509841,43.0,34.0,83.92869508881455,82.03125,82.03125,1007.9005776270637
session_14.csv,session_14,628,40192,40320,40192,40320,80.384,80.64,clench,1,128,1.0,False,False,17.239406778071015,22.608062280420096,2139.9908599828386,40.0,28.0,74.84513840223232,70.3125,70.3125,505.060283743337
session_14.csv,session_14,629,40256,40384,40256,40384,80.512,80.768,clench,1,128,1.0,False,False,11.510474942468644,14.659263425773402,1397.2473376592634,40.0,23.0,78.25019773304403,78.125,70.3125,133.89674944027178
session_14.csv,session_14,630,40320,40448,40320,40448,80.64,80.896,clench,1,128,1.0,False,True,6.500937778594814,8.617929929884003,823.9912391276532,36.0,12.0,80.79637257813381,78.125,78.125,52.73890694963
session_14.csv,session_14,631,40384,40512,40384,40512,80.768,81.024,clench,1,81,0.6328125,True,True,4.0207553989620965,5.225004482601052,510.9479645074899,31.0,3.0,76.93966198511578,74.21875,74.21875,21.496831018726994
session_14.csv,session_14,632,40448,40576,40448,40576,80.896,81.152,relax,0,17,0.1328125,True,True,4.452598846591747,5.570766964366825,581.5265786536993,36.0,6.0,76.94919421919498,74.21875,74.21875,21.88154277017093
session_14.csv,session_14,633,40512,40640,40512,40640,81.024,81.28,relax,0,0,0.0,False,False,3.9114810134523,4.813286703152851,519.7617029628374,37.0,5.0,83.79358448419117,85.9375,89.84375,28.89305244966158
session_14.csv,session_14,634,40576,40704,40576,40704,81.152,81.408,relax,0,0,0.0,False,False,4.236341156988693,5.15739376009963,538.7137000370121,36.0,9.0,82.46290338581856,82.03125,89.84375,27.954224363051527
session_14.csv,session_14,635,40640,40768,40640,40768,81.28,81.536,relax,0,0,0.0,False,False,4.491453151994453,5.361370799523234,587.3616810362307,39.0,10.0,81.88916410444108,82.03125,85.9375,22.594642247446554
session_14.csv,session_14,636,40704,40832,40704,40832,81.408,81.664,relax,0,0,0.0,False,True,3.505677640556546,4.133022249376732,445.7791095578957,33.0,4.0,82.50162628848528,85.9375,85.9375,11.636745811032196
session_14.csv,session_14,637,40768,40896,40768,40896,81.536,81.792,relax,0,56,0.4375,True,True,6.957692715354157,9.836027157267498,864.2399378782026,35.0,14.0,79.8940835995508,82.03125,85.9375,55.184197543312735
session_14.csv,session_14,638,40832,40960,40832,40960,81.664,81.92,clench,1,120,0.9375,True,True,20.34449261580953,28.76130549528966,2525.9089200324593,40.0,28.0,75.18668276719008,74.21875,74.21875,1385.8504943734333
session_14.csv,session_14,639,40896,41024,40896,41024,81.792,82.048,clench,1,128,1.0,False,False,25.611432675301437,33.16568794578386,3218.7961760189805,42.0,36.0,86.98456804549738,89.84375,89.84375,882.6541351150283
session_14.csv,session_14,640,40960,41088,40960,41088,81.92,82.176,clench,1,128,1.0,False,False,21.257655562294552,27.21219186092117,2755.8221182972475,42.0,35.0,81.77330025389998,78.125,70.3125,577.7346005761658
session_14.csv,session_14,641,41024,41152,41024,41152,82.048,82.304,clench,1,128,1.0,False,False,26.701224762130185,33.769974035118146,3486.2942070777963,42.0,38.0,84.3185554060006,85.9375,85.9375,511.50217604357164
session_14.csv,session_14,642,41088,41216,41088,41216,82.176,82.432,clench,1,128,1.0,False,False,29.80578992135385,37.20116460335737,3846.171858289429,43.0,40.0,80.08426625031527,78.125,74.21875,2233.02173279104
session_14.csv,session_14,643,41152,41280,41152,41280,82.304,82.56,clench,1,128,1.0,False,False,21.405609633639045,28.200487801959536,2645.4772053545216,40.0,30.0,84.08620739354852,82.03125,82.03125,382.94427759121686
session_14.csv,session_14,644,41216,41344,41216,41344,82.432,82.688,clench,1,128,1.0,False,False,14.455626765256431,17.460622814305786,1844.1275053265801,42.0,25.0,82.99221449842334,82.03125,82.03125,366.07707094100374
session_14.csv,session_14,645,41280,41408,41280,41408,82.56,82.816,clench,1,128,1.0,False,False,11.124324384335964,13.878645192217695,1407.2342573290816,42.0,24.0,83.11677842379187,82.03125,82.03125,189.77979811343067
session_14.csv,session_14,646,41344,41472,41344,41472,82.688,82.944,clench,1,103,0.8046875,True,True,9.521368238454572,12.006909748649536,1192.8574901313254,42.0,24.0,82.47406362307973,85.9375,89.84375,162.41446504321434
session_14.csv,session_14,647,41408,41536,41408,41536,82.816,83.072,relax,0,39,0.3046875,True,True,8.137752595064988,10.454324008223303,1035.2975115713834,41.0,20.0,81.37098745752999,85.9375,89.84375,70.15490806131416
session_14.csv,session_14,648,41472,41600,41472,41600,82.944,83.2,relax,0,0,0.0,False,True,4.616218898057448,5.918367869491801,626.1690669529355,36.0,13.0,82.67118842190953,82.03125,78.125,37.15765532346085
session_14.csv,session_14,649,41536,41664,41536,41664,83.072,83.328,relax,0,0,0.0,False,False,3.214886286715399,4.085093956359522,421.28265758568,26.0,9.0,83.17248717904528,82.03125,89.84375,10.216217044241116
session_14.csv,session_14,650,41600,41728,41600,41728,83.2,83.456,relax,0,0,0.0,False,False,3.9012457331820958,5.197947506638457,485.5735945611949,26.0,11.0,80.40748333664142,82.03125,85.9375,35.40551502767011
session_14.csv,session_14,651,41664,41792,41664,41792,83.328,83.584,relax,0,0,0.0,False,False,4.025847139807142,5.236026880796752,512.0221730180506,31.0,10.0,78.03623725797748,74.21875,74.21875,15.703853837578663
session_14.csv,session_14,652,41728,41856,41728,41856,83.456,83.712,relax,0,0,0.0,False,False,3.1689710332204317,3.9010862924364864,407.2588090205593,29.0,4.0,80.14665518811093,82.03125,82.03125,12.174864846835934
session_14.csv,session_14,653,41792,41920,41792,41920,83.584,83.84,relax,0,0,0.0,False,False,3.3332721101681733,4.070042949657012,428.6229258241606,32.0,3.0,83.65956800435798,82.03125,97.65625,11.570557726996567
session_14.csv,session_14,654,41856,41984,41856,41984,83.712,83.968,relax,0,27,0.2109375,True,True,13.104033539361485,19.965898502529384,1609.5969588798512,39.0,18.0,79.01506589572183,74.21875,74.21875,116.57375362793128
session_14.csv,session_14,655,41920,42048,41920,42048,83.84,84.096,clench,1,91,0.7109375,True,True,28.103052248087103,35.52108311785069,3564.378844404254,43.0,37.0,79.65820501730511,78.125,74.21875,1296.1745457733289
session_14.csv,session_14,656,41984,42112,41984,42112,83.968,84.224,clench,1,128,1.0,False,False,28.440719268624786,35.739925992720785,3690.589965438699,43.0,38.0,82.96933559918944,82.03125,82.03125,1211.3672993446428
session_14.csv,session_14,657,42048,42176,42048,42176,84.096,84.352,clench,1,128,1.0,False,False,21.287153405475095,25.534238340812788,2714.6803225462004,44.0,37.0,81.56427518449547,78.125,78.125,535.8786009386898
session_14.csv,session_14,658,42112,42240,42112,42240,84.224,84.48,clench,1,128,1.0,False,False,21.784901653639874,26.436161388956837,2745.376759267504,41.0,35.0,85.03145528173886,82.03125,78.125,867.6008737196398
session_14.csv,session_14,659,42176,42304,42176,42304,84.352,84.608,clench,1,128,1.0,False,False,17.867176495948687,23.877407727499314,2252.4072842856676,38.0,24.0,77.38951870816469,74.21875,74.21875,444.78122388853205
session_14.csv,session_14,660,42240,42368,42240,42368,84.48,84.736,clench,1,128,1.0,False,False,11.280413696906628,15.457479165078508,1510.5487299306137,43.0,21.0,79.07122181786792,78.125,82.03125,54.76510745817737
session_14.csv,session_14,661,42304,42432,42304,42432,84.608,84.864,clench,1,128,1.0,False,False,11.789393014763206,15.755382178092223,1510.3480895361508,41.0,26.0,81.88633835856889,78.125,78.125,427.22262053736904
session_14.csv,session_14,662,42368,42496,42368,42496,84.736,84.992,clench,1,128,1.0,False,False,8.716741555659073,12.162289557297916,1090.1693444655161,36.0,21.0,81.32007145848495,82.03125,74.21875,54.50908987046241
session_14.csv,session_14,663,42432,42560,42432,42560,84.864,85.12,clench,1,128,1.0,False,False,7.0899149658864005,8.933973012591286,952.1112403806362,39.0,23.0,87.48972891272096,89.84375,93.75,80.17228015077335
session_14.csv,session_14,664,42496,42624,42496,42624,84.992,85.248,clench,1,128,1.0,False,False,6.856780872190819,8.911246128815664,895.3832731219082,39.0,15.0,78.28181438377455,78.125,78.125,65.63289116050593
session_14.csv,session_14,665,42560,42688,42560,42688,85.12,85.376,clench,1,128,1.0,False,False,6.088408906229245,8.054956821107377,762.9091066794579,37.0,6.0,79.5997152867396,78.125,74.21875,20.04187364039478
session_14.csv,session_14,666,42624,42752,42624,42752,85.248,85.504,clench,1,98,0.765625,True,True,7.532212854771395,9.015123080088767,926.792845376216,38.0,14.0,78.34538446942572,78.125,78.125,107.03096804423521
session_14.csv,session_14,667,42688,42816,42688,42816,85.376,85.632,relax,0,34,0.265625,True,True,5.591371763179389,6.91842758468151,703.5696085933481,39.0,10.0,77.62915042024979,74.21875,70.3125,39.251454774721545
session_14.csv,session_14,668,42752,42880,42752,42880,85.504,85.76,relax,0,0,0.0,False,False,3.3799266798149166,4.320564668478863,448.323497669851,35.0,4.0,85.58989846916336,85.9375,82.03125,16.534532162775303
session_14.csv,session_14,669,42816,42944,42816,42944,85.632,85.888,relax,0,0,0.0,False,False,2.9385317421414836,3.532183395993467,391.76008767636256,34.0,4.0,85.44009440980342,89.84375,97.65625,11.245234293082195
session_14.csv,session_14,670,42880,43008,42880,43008,85.76,86.016,relax,0,0,0.0,False,False,3.0985563427671163,3.7217877894630247,393.3802685956157,31.0,2.0,77.73253716011779,70.3125,66.40625,9.529974883854008
session_14.csv,session_14,671,42944,43072,42944,43072,85.888,86.144,relax,0,0,0.0,False,False,2.717507057198641,3.3711611647159136,350.3071734618952,30.0,0.0,76.16320227751963,74.21875,66.40625,7.321825369332846
session_14.csv,session_14,672,43008,43136,43008,43136,86.016,86.272,relax,0,0,0.0,False,False,2.773805840037962,3.6275068933961525,356.70451280602185,28.0,3.0,83.02245328389954,85.9375,89.84375,6.342425829818278
session_14.csv,session_14,673,43072,43200,43072,43200,86.144,86.4,relax,0,0,0.0,False,False,2.589993537653501,3.487194937635433,325.4833164237318,20.0,3.0,79.53124159813088,78.125,78.125,16.603030593627015
session_14.csv,session_14,674,43136,43264,43136,43264,86.272,86.528,relax,0,0,0.0,False,False,2.440178485522204,3.200989311432151,311.1209541883642,20.0,3.0,84.49980685501805,85.9375,82.03125,12.963234176571737
session_14.csv,session_14,675,43200,43328,43200,43328,86.4,86.656,relax,0,0,0.0,False,False,3.1448383535953326,4.035240523716841,401.32503607519766,28.0,5.0,79.9898008793034,78.125,78.125,13.29788504741752
session_14.csv,session_14,676,43264,43392,43264,43392,86.528,86.784,relax,0,0,0.0,False,False,2.848790037758114,3.6567918837066844,368.1102381510209,28.0,3.0,80.83300835823088,78.125,66.40625,9.376652903513817
session_14.csv,session_14,677,43328,43456,43328,43456,86.656,86.912,relax,0,0,0.0,False,False,2.4872139523069867,3.1540178847191234,338.6135837093891,27.0,4.0,78.00688899407291,74.21875,74.21875,11.2743437706581
session_14.csv,session_14,678,43392,43520,43392,43520,86.784,87.04,relax,0,0,0.0,False,False,2.4781746256886885,3.2088570307169046,341.83646417669024,28.0,5.0,92.06913146844362,93.75,93.75,9.524418425151701
session_14.csv,session_14,679,43456,43584,43456,43584,86.912,87.168,relax,0,0,0.0,False,False,2.4721903244385572,3.178855781281841,326.5081854415764,25.0,3.0,79.70037112776059,78.125,70.3125,8.949163573766308
session_14.csv,session_14,680,43520,43648,43520,43648,87.04,87.296,relax,0,0,0.0,False,False,2.5218031772606597,3.1021315604728112,322.9108111511616,27.0,0.0,84.08708424183389,85.9375,85.9375,9.277562733111834
session_14.csv,session_14,681,43584,43712,43584,43712,87.168,87.424,relax,0,0,0.0,False,False,2.345892964599048,2.830046643692357,314.5089441636886,30.0,0.0,78.61442868567552,74.21875,70.3125,7.434116598287948
session_14.csv,session_14,682,43648,43776,43648,43776,87.296,87.552,relax,0,0,0.0,False,False,2.5286571921559577,3.1044865398707113,340.8287544825972,30.0,2.0,82.53986983265062,85.9375,85.9375,8.61379164292733
session_14.csv,session_14,683,43712,43840,43712,43840,87.424,87.68,relax,0,0,0.0,False,False,2.176335782701128,2.807676257685234,283.3005455678708,18.0,2.0,78.31141084345275,82.03125,85.9375,4.7799915640684
session_14.csv,session_14,684,43776,43904,43776,43904,87.552,87.808,relax,0,34,0.265625,True,True,9.110805894179641,17.339842807437297,1110.725213361091,21.0,10.0,79.68938554749322,82.03125,82.03125,43.73215659031183
session_14.csv,session_14,685,43840,43968,43840,43968,87.68,87.936,clench,1,98,0.765625,True,True,25.20411866057585,33.99274574612587,3106.2648872423315,37.0,25.0,77.01021890150207,78.125,78.125,890.5257075347694
session_14.csv,session_14,686,43904,44032,43904,44032,87.808,88.064,clench,1,128,1.0,False,False,34.86359753272271,43.799997298354064,4433.156391359726,41.0,29.0,84.03939602143546,82.03125,82.03125,1884.704893076298
session_14.csv,session_14,687,43968,44096,43968,44096,87.936,88.192,clench,1,128,1.0,False,False,26.544887493015104,36.02695490094427,3418.738885077537,41.0,29.0,86.32118091732636,89.84375,93.75,1555.343568139683
session_14.csv,session_14,688,44032,44160,44032,44160,88.064,88.32,clench,1,128,1.0,False,False,20.40153866812774,26.62705115757288,2592.7562207466767,41.0,30.0,80.80598664136136,78.125,78.125,973.2789149815362
session_14.csv,session_14,689,44096,44224,44096,44224,88.192,88.448,clench,1,128,1.0,False,False,24.486781948866174,30.545694218054802,3108.2385028552053,43.0,31.0,83.21244398601527,85.9375,89.84375,461.9392399774663
session_14.csv,session_14,690,44160,44288,44160,44288,88.32,88.576,clench,1,128,1.0,False,False,20.962216724014358,25.91764163668303,2757.294362479668,43.0,34.0,78.73902048392253,78.125,78.125,671.6029729012564
session_14.csv,session_14,691,44224,44352,44224,44352,88.448,88.704,clench,1,128,1.0,False,False,21.326217186680992,28.27628366198514,2863.8106805399457,45.0,38.0,81.596631214764,78.125,89.84375,447.6148968358673
session_14.csv,session_14,692,44288,44416,44288,44416,88.576,88.832,clench,1,128,1.0,False,False,21.39240411743014,28.163277085842942,2831.919030361204,42.0,37.0,82.23869539021211,82.03125,85.9375,850.9100467794693
session_14.csv,session_14,693,44352,44480,44352,44480,88.704,88.96,clench,1,128,1.0,False,False,12.202058825262094,15.66881047767509,1569.6194999393474,39.0,27.0,82.48221845870526,85.9375,85.9375,141.66357376699918
session_14.csv,session_14,694,44416,44544,44416,44544,88.832,89.088,clench,1,95,0.7421875,True,True,8.279679802424823,9.874565421075987,1063.0827625867983,43.0,21.0,78.38257398982948,74.21875,74.21875,55.475784394111436
session_14.csv,session_14,695,44480,44608,44480,44608,88.96,89.216,relax,0,31,0.2421875,True,True,7.586255085296172,9.289017784627626,973.7888965887083,41.0,18.0,79.01136748383581,78.125,85.9375,82.90721709700696
session_14.csv,session_14,696,44544,44672,44544,44672,89.088,89.344,relax,0,0,0.0,False,False,5.092656506930254,6.438335612747824,682.1383480810492,42.0,11.0,85.86965003905482,89.84375,93.75,35.88272173621126
session_14.csv,session_14,697,44608,44736,44608,44736,89.216,89.472,relax,0,0,0.0,False,False,3.5274866333674852,4.3508004501517945,486.7033593019064,38.0,6.0,82.93765204778586,82.03125,78.125,12.057161233736672
session_14.csv,session_14,698,44672,44800,44672,44800,89.344,89.6,relax,0,0,0.0,False,False,3.116513592438735,3.741732728612352,398.04351243840665,34.0,2.0,79.57765717294747,82.03125,82.03125,15.626001753899718
session_14.csv,session_14,699,44736,44864,44736,44864,89.472,89.728,relax,0,0,0.0,False,False,3.5084154369567235,4.369236705335376,447.96557339132596,33.0,6.0,80.71210636565738,78.125,78.125,9.73451681707567
session_14.csv,session_14,700,44800,44928,44800,44928,89.6,89.856,relax,0,0,0.0,False,False,3.654841223306935,4.516049800601307,456.6995052055705,33.0,6.0,76.02906238699916,78.125,70.3125,20.503191508700453
session_14.csv,session_14,701,44864,44992,44864,44992,89.728,89.984,relax,0,0,0.0,False,False,2.9846256884686415,3.682355606104438,360.0925245995405,26.0,4.0,77.62481768989994,74.21875,70.3125,11.347174674894031
session_14.csv,session_14,702,44928,45056,44928,45056,89.856,90.112,relax,0,0,0.0,False,False,2.328722762500627,2.9804635358616256,279.1431407520148,18.0,2.0,76.4610098265183,78.125,70.3125,3.8877766620451895
session_14.csv,session_14,703,44992,45120,44992,45120,89.984,90.24,relax,0,0,0.0,False,True,3.1323822915265103,4.18305267860694,393.9584469695326,28.0,4.0,80.99652653388004,85.9375,85.9375,15.670088264826614
session_14.csv,session_14,704,45056,45184,45056,45184,90.112,90.368,relax,0,48,0.375,True,True,13.909396791857034,23.01630317562479,1726.0690526638687,37.0,18.0,83.06511034301369,85.9375,85.9375,328.04538195157653
session_14.csv,session_14,705,45120,45248,45120,45248,90.24,90.496,clench,1,112,0.875,True,True,19.53062800373443,26.69621437600475,2488.809895622275,40.0,29.0,79.97884165756791,78.125,85.9375,924.6437722865754
session_14.csv,session_14,706,45184,45312,45184,45312,90.368,90.624,clench,1,128,1.0,False,False,16.013334468290488,19.883631641225353,2046.7050054729793,42.0,26.0,83.56653417163363,82.03125,82.03125,338.8908457839172
session_14.csv,session_14,707,45248,45376,45248,45376,90.496,90.752,clench,1,128,1.0,False,False,15.728449060755313,18.58189566541311,1970.796356591899,40.0,27.0,76.30515440133445,70.3125,70.3125,288.43532295588454
session_14.csv,session_14,708,45312,45440,45312,45440,90.624,90.88,clench,1,128,1.0,False,False,16.537922032898898,19.41406112050369,2049.8033192563325,40.0,31.0,81.43293947594714,82.03125,74.21875,392.00572720174114
session_14.csv,session_14,709,45376,45504,45376,45504,90.752,91.008,clench,1,128,1.0,False,False,15.258444001797887,18.980136691651428,1909.165568883924,40.0,27.0,82.4938003797371,82.03125,78.125,208.07777758703529
session_14.csv,session_14,710,45440,45568,45440,45568,90.88,91.136,clench,1,128,1.0,False,False,15.384910818846537,20.089517040410122,1965.3091197306092,41.0,28.0,80.93164283366396,82.03125,82.03125,492.3710849332518
session_14.csv,session_14,711,45504,45632,45504,45632,91.008,91.264,clench,1,128,1.0,False,False,12.793342712366913,17.692969624301142,1706.8530389929028,44.0,28.0,78.85140220055467,74.21875,74.21875,172.5136436842449
session_14.csv,session_14,712,45568,45696,45568,45696,91.136,91.392,clench,1,128,1.0,False,False,7.196419045445474,8.861095343992297,947.2436721695075,40.0,16.0,79.04270271334097,74.21875,70.3125,70.78446798660248
session_14.csv,session_14,713,45632,45760,45632,45760,91.264,91.52,clench,1,128,1.0,False,False,5.5695329821205055,7.191220157541634,674.4160038898103,35.0,7.0,76.60101902351816,74.21875,74.21875,28.766962418530287
session_14.csv,session_14,714,45696,45824,45696,45824,91.392,91.648,clench,1,120,0.9375,True,True,3.765180747955986,4.9749917709990585,495.44594702252505,33.0,8.0,77.21517944971414,74.21875,74.21875,39.047089949331195
session_14.csv,session_14,715,45760,45888,45760,45888,91.52,91.776,relax,0,56,0.4375,True,True,3.701887386174784,4.782378882661244,511.36313950156284,39.0,7.0,83.77657800701829,85.9375,85.9375,5.407395397409275
session_14.csv,session_14,716,45824,45952,45824,45952,91.648,91.904,relax,0,0,0.0,False,True,4.694217409740943,5.9662500023779,607.0462667108732,38.0,10.0,81.9946010564331,78.125,74.21875,39.5854945496852
session_14.csv,session_14,717,45888,46016,45888,46016,91.776,92.032,relax,0,0,0.0,False,False,3.9211768276409718,5.382557134236622,487.8647984474434,26.0,7.0,78.61252958465495,78.125,74.21875,30.126482059845557
session_14.csv,session_14,718,45952,46080,45952,46080,91.904,92.16,relax,0,0,0.0,False,False,2.572016588925856,3.564715678097701,342.0746625959621,23.0,2.0,80.93524654307127,78.125,89.84375,13.001788305033392
session_14.csv,session_14,719,46016,46144,46016,46144,92.032,92.288,relax,0,0,0.0,False,False,3.1720686161580467,4.275890703828533,403.707672480714,26.0,2.0,77.53655472178426,78.125,78.125,16.494071894606655
session_14.csv,session_14,720,46080,46208,46080,46208,92.16,92.416,relax,0,0,0.0,False,False,3.361814507863353,4.230342617768344,430.7084314527758,32.0,4.0,82.70695036602098,82.03125,93.75,12.288039639604186
session_14.csv,session_14,721,46144,46272,46144,46272,92.288,92.544,relax,0,0,0.0,False,True,4.075405086649259,4.997122455860159,530.4286836731454,40.0,7.0,85.19537650726092,85.9375,78.125,13.452028711072561
session_14.csv,session_14,722,46208,46336,46208,46336,92.416,92.672,relax,0,59,0.4609375,True,True,12.860359133729425,19.016557639007004,1627.8569550367974,42.0,22.0,81.29713436706326,82.03125,82.03125,141.14587862053847
session_14.csv,session_14,723,46272,46400,46272,46400,92.544,92.8,clench,1,123,0.9609375,True,True,20.760205517762397,25.52135848238037,2623.8327677018437,40.0,35.0,80.40197840214685,82.03125,70.3125,879.0287363718145
session_14.csv,session_14,724,46336,46464,46336,46464,92.672,92.928,clench,1,128,1.0,False,False,20.854429786460223,25.003744156190155,2719.887627001768,42.0,33.0,82.17546391302812,78.125,78.125,429.05076459906485
session_14.csv,session_14,725,46400,46528,46400,46528,92.8,93.056,clench,1,128,1.0,False,False,19.063656077014905,22.965731986788157,2484.9097748022796,42.0,36.0,87.7161890243164,89.84375,85.9375,434.7106911834976
session_14.csv,session_14,726,46464,46592,46464,46592,92.928,93.184,clench,1,128,1.0,False,False,17.551707632840426,21.555854864379224,2268.9740144761895,41.0,30.0,78.04449594805301,74.21875,74.21875,357.86052192911643
session_14.csv,session_14,727,46528,46656,46528,46656,93.056,93.312,clench,1,128,1.0,False,False,15.570502059907692,19.44260025356246,1994.716986415178,41.0,27.0,86.61663876504988,89.84375,89.84375,428.379002685382
session_14.csv,session_14,728,46592,46720,46592,46720,93.184,93.44,clench,1,128,1.0,False,False,13.487463522906555,16.346834712596134,1761.5340103325548,42.0,29.0,78.41760875268818,74.21875,74.21875,223.12548559267697
session_14.csv,session_14,729,46656,46784,46656,46784,93.312,93.568,clench,1,128,1.0,False,False,12.051872412818721,14.869015117115174,1597.2332990060354,41.0,26.0,81.74925449418717,82.03125,82.03125,143.94268183228218
session_14.csv,session_14,730,46720,46848,46720,46848,93.44,93.696,clench,1,128,1.0,False,False,10.818130930279196,13.145780260228733,1365.774207130697,39.0,21.0,79.22276517120848,74.21875,74.21875,144.00262478936122
session_14.csv,session_14,731,46784,46912,46784,46912,93.568,93.824,clench,1,128,1.0,False,False,8.680261667511713,11.068817629266304,1066.8621757240362,38.0,16.0,83.65518592503481,85.9375,78.125,120.2100883220242
session_14.csv,session_14,732,46848,46976,46848,46976,93.696,93.952,clench,1,128,1.0,False,True,5.7772543383713115,7.4477726159243645,725.0080531812176,35.0,13.0,75.50149519690571,74.21875,74.21875,20.691028114088223
session_14.csv,session_14,733,46912,47040,46912,47040,93.824,94.08,clench,1,77,0.6015625,True,True,8.313165076243315,11.11830889026065,1060.9475853734486,37.0,17.0,83.09973998241072,82.03125,97.65625,146.90231873124685
session_14.csv,session_14,734,46976,47104,46976,47104,93.952,94.208,relax,0,13,0.1015625,True,True,6.898981048323882,9.978169237595203,880.841823857181,39.0,15.0,78.2305599132158,74.21875,74.21875,39.45942834130286
session_14.csv,session_14,735,47040,47168,47040,47168,94.08,94.336,relax,0,0,0.0,False,False,3.3240856887797845,4.123814912713165,446.21940111087383,37.0,10.0,85.90395606242289,85.9375,85.9375,10.023788373439638
session_14.csv,session_14,736,47104,47232,47104,47232,94.208,94.464,relax,0,0,0.0,False,False,3.3732677055914726,4.12643024134987,444.0225157825878,35.0,8.0,85.11279378269941,85.9375,89.84375,23.167942136834043
session_14.csv,session_14,737,47168,47296,47168,47296,94.336,94.592,relax,0,0,0.0,False,False,3.029420438352515,3.55875920918071,378.0472423295057,35.0,3.0,73.08392115495359,70.3125,70.3125,9.047151537538836
session_14.csv,session_14,738,47232,47360,47232,47360,94.464,94.72,relax,0,0,0.0,False,True,2.8672322339099665,3.3802126211387344,350.51262842652056,30.0,4.0,82.47284062004765,82.03125,70.3125,10.994654692522497
session_14.csv,session_14,739,47296,47424,47296,47424,94.592,94.848,relax,0,44,0.34375,True,True,8.183724788062172,12.332044868119764,1020.7499770783911,33.0,15.0,80.2212662388956,82.03125,82.03125,45.46868546182204
session_14.csv,session_14,740,47360,47488,47360,47488,94.72,94.976,clench,1,108,0.84375,True,True,18.813714438449097,23.121922080811203,2386.566235437964,41.0,33.0,79.25289088676925,82.03125,70.3125,613.5569928429024
session_14.csv,session_14,741,47424,47552,47424,47552,94.848,95.104,clench,1,128,1.0,False,False,22.55330308839767,26.67077287441499,2969.361677174539,44.0,40.0,82.63090142902149,82.03125,74.21875,541.6941645255799
session_14.csv,session_14,742,47488,47616,47488,47616,94.976,95.232,clench,1,128,1.0,False,False,21.04513746574627,25.635646253975693,2744.811257572353,44.0,38.0,79.96976305424873,82.03125,82.03125,423.8694183684982
session_14.csv,session_14,743,47552,47680,47552,47680,95.104,95.36,clench,1,128,1.0,False,False,20.949886150899435,25.50049909090505,2605.0129910136716,42.0,33.0,81.42471439705888,82.03125,74.21875,704.3355952474475
session_14.csv,session_14,744,47616,47744,47616,47744,95.232,95.488,clench,1,128,1.0,False,False,22.51305401928969,27.306088711136336,2817.953572999486,44.0,33.0,74.40996942443213,74.21875,74.21875,919.8906946850781
session_14.csv,session_14,745,47680,47808,47680,47808,95.36,95.616,clench,1,128,1.0,False,False,26.014564550192603,31.300366132300706,3342.0466464109504,44.0,36.0,84.17907563588972,85.9375,85.9375,731.962633183758
session_14.csv,session_14,746,47744,47872,47744,47872,95.488,95.744,clench,1,128,1.0,False,False,27.260618741997185,33.27783667845382,3467.733391753306,43.0,35.0,85.81487576925987,85.9375,78.125,783.0671753418438
session_14.csv,session_14,747,47808,47936,47808,47936,95.616,95.872,clench,1,128,1.0,False,False,25.5933560698355,32.062945311547836,3289.776523466192,42.0,35.0,80.63500788602933,82.03125,82.03125,1248.7346218703892
session_14.csv,session_14,748,47872,48000,47872,48000,95.744,96.0,clench,1,128,1.0,False,False,19.86387439018365,25.94749295665285,2491.578092862128,41.0,30.0,73.00212725766754,70.3125,70.3125,926.8008301919781
session_14.csv,session_14,749,47936,48064,47936,48064,95.872,96.128,clench,1,128,1.0,False,True,11.412113708835346,15.693530796988247,1346.3976444785199,42.0,21.0,80.19835585402964,82.03125,70.3125,96.939079467994
session_14.csv,session_14,750,48000,48128,48000,48128,96.0,96.256,clench,1,85,0.6640625,True,True,6.252342997966514,7.792559151219077,777.7302218802095,40.0,13.0,85.05390058091909,85.9375,85.9375,62.82527724505319
session_14.csv,session_14,751,48064,48192,48064,48192,96.128,96.384,relax,0,21,0.1640625,True,True,4.002308381117834,5.002664018388991,503.55501807559574,32.0,6.0,80.35797094900065,78.125,74.21875,15.51745954174603
session_14.csv,session_14,752,48128,48256,48128,48256,96.256,96.512,relax,0,0,0.0,False,False,3.668226052875399,4.458303320839394,484.88850639471764,36.0,8.0,85.94880775890479,89.84375,97.65625,16.713327227916526
session_14.csv,session_14,753,48192,48320,48192,48320,96.384,96.64,relax,0,0,0.0,False,False,3.6545072507875123,4.2546333138575685,485.7084265204427,38.0,11.0,78.88817397055386,78.125,66.40625,14.36509120913861
session_14.csv,session_14,754,48256,48384,48256,48384,96.512,96.768,relax,0,0,0.0,False,False,2.8205002904373453,3.469881769751172,369.18625807138665,30.0,8.0,76.95159196233413,70.3125,70.3125,8.445380228494283
session_14.csv,session_14,755,48320,48448,48320,48448,96.64,96.896,relax,0,0,0.0,False,True,2.7595854448999715,3.46846827886871,358.3194585337951,28.0,7.0,77.22519306545702,70.3125,66.40625,7.110113083566445
session_14.csv,session_14,756,48384,48512,48384,48512,96.768,97.024,relax,0,52,0.40625,True,True,14.033214612872264,23.571757301498003,1950.3001215988374,38.0,26.0,81.00064282583472,85.9375,89.84375,190.11944029520208
session_14.csv,session_14,757,48448,48576,48448,48576,96.896,97.152,clench,1,116,0.90625,True,True,25.0460095153843,32.62988017781458,3418.6366220572804,45.0,38.0,87.5055506228922,89.84375,97.65625,1484.3008643684916
session_14.csv,session_14,758,48512,48640,48512,48640,97.024,97.28,clench,1,128,1.0,False,False,24.880248269685648,31.068243681003292,3193.4894337850565,44.0,33.0,80.2678586459007,78.125,70.3125,930.597397830547
session_14.csv,session_14,759,48576,48704,48576,48704,97.152,97.408,clench,1,128,1.0,False,False,24.550727577059927,30.169179315310668,3166.700355348075,45.0,33.0,85.27710737181005,85.9375,85.9375,516.4214249616421
session_14.csv,session_14,760,48640,48768,48640,48768,97.28,97.536,clench,1,128,1.0,False,False,19.575740385538765,24.668455256372553,2537.156429602055,44.0,33.0,82.80970916155528,85.9375,89.84375,681.0812015348547
session_14.csv,session_14,761,48704,48832,48704,48832,97.408,97.664,clench,1,128,1.0,False,False,14.730432461154312,17.648114185907545,1811.4629650373486,41.0,27.0,77.28234465911682,78.125,66.40625,189.92355338465705
session_14.csv,session_14,762,48768,48896,48768,48896,97.536,97.792,clench,1,128,1.0,False,False,15.813878310422472,19.146975863167533,1988.6387422965113,43.0,31.0,79.5569296121664,78.125,85.9375,371.6219355769522
session_14.csv,session_14,763,48832,48960,48832,48960,97.664,97.92,clench,1,128,1.0,False,False,19.833776819916146,24.47789758634762,2566.9337831766634,44.0,34.0,82.74161797588505,82.03125,78.125,893.0055678796583
session_14.csv,session_14,764,48896,49024,48896,49024,97.792,98.048,clench,1,128,1.0,False,False,20.06421447192621,25.26608520436801,2498.225740305523,40.0,25.0,78.51394470016534,74.21875,74.21875,521.2481820993823
session_14.csv,session_14,765,48960,49088,48960,49088,97.92,98.176,clench,1,128,1.0,False,False,17.887537287033332,22.102852135003868,2211.9011506487177,40.0,23.0,80.06382880853675,78.125,70.3125,235.64109463425632
session_14.csv,session_14,766,49024,49152,49024,49152,98.048,98.304,clench,1,128,1.0,False,False,16.6467020061418,20.376640751582176,2073.050661874535,41.0,25.0,77.65782554040598,78.125,78.125,464.94817959475154
session_14.csv,session_14,767,49088,49216,49088,49216,98.176,98.432,clench,1,128,1.0,False,False,13.054591110971355,15.968530043021984,1635.4452641018793,42.0,26.0,77.13100501830418,74.21875,74.21875,289.4800425685825
session_14.csv,session_14,768,49152,49280,49152,49280,98.304,98.56,clench,1,128,1.0,False,False,9.553846098949958,11.245813191752342,1235.7284373794269,44.0,30.0,83.28360924155525,85.9375,93.75,121.86158348870462
session_14.csv,session_14,769,49216,49344,49216,49344,98.432,98.688,clench,1,128,1.0,False,False,7.044935185232963,8.451631327630327,965.7844766999324,45.0,27.0,88.3742020184252,89.84375,93.75,65.10057424853989
session_14.csv,session_14,770,49280,49408,49280,49408,98.56,98.816,clench,1,128,1.0,False,False,8.751096650282166,11.345191842836451,1143.736079515913,43.0,22.0,78.87645922443916,78.125,78.125,106.01140535794927
session_14.csv,session_14,771,49344,49472,49344,49472,98.688,98.944,clench,1,128,1.0,False,False,8.490755210541462,11.300058004521079,1063.0108086474625,37.0,14.0,80.05015350322665,78.125,78.125,76.7634363791811
session_14.csv,session_14,772,49408,49536,49408,49536,98.816,99.072,clench,1,117,0.9140625,True,True,9.038734162844547,11.59688733995607,1114.787922762518,36.0,20.0,79.1198232014171,78.125,78.125,205.8592237931575
session_14.csv,session_14,773,49472,49600,49472,49600,98.944,99.2,relax,0,53,0.4140625,True,True,8.12765808607715,10.767217383596039,1003.6863086835784,39.0,21.0,82.86716671777504,82.03125,82.03125,77.64122232077624
session_14.csv,session_14,774,49536,49664,49536,49664,99.072,99.328,relax,0,0,0.0,False,True,3.739494172211998,4.65101645523469,495.60566489578434,37.0,12.0,78.1629539857811,70.3125,66.40625,12.282836401756322
session_14.csv,session_14,775,49600,49728,49600,49728,99.2,99.456,relax,0,0,0.0,False,False,3.2423327000153144,4.116269310566603,430.64088610350325,31.0,10.0,89.30646254796403,89.84375,89.84375,17.469497822380383
session_14.csv,session_14,776,49664,49792,49664,49792,99.328,99.584,relax,0,0,0.0,False,False,2.6734593352525913,3.397505557544431,343.5723952543159,28.0,3.0,81.45802783684388,82.03125,74.21875,10.056012882874949
session_14.csv,session_14,777,49728,49856,49728,49856,99.456,99.712,relax,0,0,0.0,False,False,2.667066653125545,3.3285094538068427,354.47453163350747,32.0,3.0,90.11051879828285,89.84375,89.84375,14.089974313483653
session_14.csv,session_14,778,49792,49920,49792,49920,99.584,99.84,relax,0,0,0.0,False,False,2.721472324835828,3.4546428925624424,361.07295777182526,26.0,6.0,83.3193441512302,85.9375,78.125,6.199793866858994
session_14.csv,session_14,779,49856,49984,49856,49984,99.712,99.968,relax,0,0,0.0,False,False,3.066772722743244,4.044943531723249,405.897268329644,23.0,7.0,87.93783756802392,89.84375,97.65625,22.266621760526824
session_14.csv,session_14,780,49920,50048,49920,50048,99.84,100.096,relax,0,0,0.0,False,False,3.4615382347361052,4.378631774023164,451.6707389397426,31.0,4.0,82.45215580980654,82.03125,82.03125,11.273067163892813
session_14.csv,session_14,781,49984,50112,49984,50112,99.968,100.224,relax,0,0,0.0,False,False,2.5607179424507844,3.2128926219129297,328.5783445030447,28.0,0.0,79.67680618356779,78.125,78.125,7.732369607859079
session_14.csv,session_14,782,50048,50176,50048,50176,100.096,100.352,relax,0,0,0.0,False,False,2.0648818537104052,2.5743658709481796,277.9625074405077,22.0,3.0,84.9500191055436,82.03125,78.125,6.867276654538692
session_14.csv,session_14,783,50112,50240,50112,50240,100.224,100.48,relax,0,0,0.0,False,False,2.136475263833389,2.7134396910676295,281.597496885141,20.0,3.0,85.57767118008985,89.84375,89.84375,3.7921029802461126
session_14.csv,session_14,784,50176,50304,50176,50304,100.352,100.608,relax,0,0,0.0,False,False,1.9609475690961924,2.4761120718646454,258.9370308289608,17.0,0.0,82.17916315050898,78.125,97.65625,7.867550992882301
session_14.csv,session_14,785,50240,50368,50240,50368,100.48,100.736,relax,0,0,0.0,False,False,2.2594070804045137,2.7414190062294383,291.68777426805934,22.0,0.0,80.50699328653863,74.21875,74.21875,4.775413209213881
session_14.csv,session_14,786,50304,50432,50304,50432,100.608,100.864,relax,0,0,0.0,False,False,2.3278932951981472,2.86347387227039,310.3360190266467,26.0,0.0,84.0357505771719,85.9375,85.9375,7.455273199877826
session_14.csv,session_14,787,50368,50496,50368,50496,100.736,100.992,relax,0,0,0.0,False,False,1.9816786525406167,2.487922974564833,268.1046830407587,20.0,0.0,86.10090778350073,89.84375,97.65625,3.517299922621795
session_14.csv,session_14,788,50432,50560,50432,50560,100.864,101.12,relax,0,0,0.0,False,False,1.843465786826413,2.2639095426958926,236.8754036232349,14.0,0.0,80.0322395239918,82.03125,70.3125,6.34079259457726
session_14.csv,session_14,789,50496,50624,50496,50624,100.992,101.248,relax,0,0,0.0,False,False,2.0216169852396018,2.5098040341068226,252.24634332448306,18.0,2.0,80.65499158211009,82.03125,82.03125,7.1319894413742455
session_14.csv,session_14,790,50560,50688,50560,50688,101.12,101.376,relax,0,0,0.0,False,False,2.1698138647326903,2.728351487296049,275.9659771111179,21.0,2.0,78.23630158759393,78.125,70.3125,5.4539154587939995
session_14.csv,session_14,791,50624,50752,50624,50752,101.248,101.504,relax,0,27,0.2109375,True,True,7.017942798340387,13.1701400698301,857.1272640468684,31.0,11.0,81.32741377482714,82.03125,82.03125,22.469300756895844
session_14.csv,session_14,792,50688,50816,50688,50816,101.376,101.632,clench,1,91,0.7109375,True,True,21.728161502921406,29.120031956264583,2676.382688254,42.0,29.0,78.3058621996385,78.125,74.21875,1240.298434930692
session_14.csv,session_14,793,50752,50880,50752,50880,101.504,101.76,clench,1,128,1.0,False,False,24.054841413578377,29.6771486349776,3118.0072206289888,45.0,39.0,81.64327741998964,82.03125,85.9375,694.4981839334637
session_14.csv,session_14,794,50816,50944,50816,50944,101.632,101.888,clench,1,128,1.0,False,False,19.43964360825494,24.56151055832094,2602.7367041467733,47.0,39.0,77.85498969487195,78.125,74.21875,499.90292664259005
session_14.csv,session_14,795,50880,51008,50880,51008,101.76,102.016,clench,1,128,1.0,False,False,20.556514569585566,25.030718518810495,2555.613471208165,42.0,35.0,80.2624328462717,82.03125,74.21875,376.25045176800757
session_14.csv,session_14,796,50944,51072,50944,51072,101.888,102.144,clench,1,128,1.0,False,False,18.98226699825876,21.74736246288032,2337.247815900167,41.0,34.0,78.36009791259406,78.125,78.125,633.9137709897192
session_14.csv,session_14,797,51008,51136,51008,51136,102.016,102.272,clench,1,128,1.0,False,False,15.07742122139426,18.333641401985265,1936.8381909899706,43.0,32.0,88.37024570207997,89.84375,89.84375,225.51500389554283
session_14.csv,session_14,798,51072,51200,51072,51200,102.144,102.4,clench,1,128,1.0,False,False,11.176556897593114,13.07390818891147,1477.732071790668,44.0,30.0,78.96542752242948,78.125,70.3125,146.082014537728
session_14.csv,session_14,799,51136,51264,51136,51264,102.272,102.528,clench,1,128,1.0,False,False,11.001229030513308,12.94077211895297,1404.9890003226592,42.0,30.0,81.32203567880774,78.125,78.125,159.7929982653921
session_14.csv,session_14,800,51200,51328,51200,51328,102.4,102.656,clench,1,128,1.0,False,False,10.233833777973832,12.63955231282142,1313.4808015546314,42.0,24.0,83.94546944424133,82.03125,82.03125,137.1615520876617
session_14.csv,session_14,801,51264,51392,51264,51392,102.528,102.784,clench,1,128,1.0,False,False,9.299554113195523,11.245468195235171,1249.3487091345094,46.0,27.0,85.0160582827461,85.9375,89.84375,107.57321561753689
session_14.csv,session_14,802,51328,51456,51328,51456,102.656,102.912,clench,1,128,1.0,False,False,8.574054176154409,10.061892892988757,1081.886803092508,43.0,23.0,79.39500342958856,74.21875,74.21875,126.87960084658043
session_14.csv,session_14,803,51392,51520,51392,51520,102.784,103.04,clench,1,128,1.0,False,False,6.39310865321272,7.899704857333831,766.668554593796,38.0,14.0,77.73378561268058,78.125,78.125,34.59793497699363
session_14.csv,session_14,804,51456,51584,51456,51584,102.912,103.168,clench,1,128,1.0,False,False,6.0272840131206245,7.4979608277930145,789.0623606547191,41.0,17.0,87.42671513539227,89.84375,93.75,49.70057398506362
session_14.csv,session_14,805,51520,51648,51520,51648,103.04,103.296,clench,1,105,0.8203125,True,True,7.131958841916971,8.652495063435294,881.187071026366,39.0,15.0,76.00098207347382,74.21875,74.21875,70.39769223051066
session_14.csv,session_14,806,51584,51712,51584,51712,103.168,103.424,relax,0,41,0.3203125,True,True,4.812525205053307,6.207150214962885,582.8092675751302,33.0,8.0,75.96377151889295,74.21875,74.21875,31.58041634227756
session_14.csv,session_14,807,51648,51776,51648,51776,103.296,103.552,relax,0,0,0.0,False,True,3.218754667545549,4.105450425523019,412.5842009467008,30.0,4.0,79.63694854097443,78.125,78.125,13.009779149356378
session_14.csv,session_14,808,51712,51840,51712,51840,103.424,103.68,relax,0,0,0.0,False,False,2.9678083887545155,3.8323003254098316,367.3616214378725,30.0,1.0,80.50517193530125,82.03125,82.03125,13.46367156403872
session_14.csv,session_14,809,51776,51904,51776,51904,103.552,103.808,relax,0,0,0.0,False,False,2.733381257093548,3.332314926390945,347.3294215361309,32.0,2.0,82.04599174733363,82.03125,82.03125,11.766571091734384
session_14.csv,session_14,810,51840,51968,51840,51968,103.68,103.936,relax,0,0,0.0,False,False,2.857068154002336,3.5583762029529384,375.5071779059407,31.0,2.0,84.619135048629,85.9375,93.75,14.690098001543593
session_14.csv,session_14,811,51904,52032,51904,52032,103.808,104.064,relax,0,0,0.0,False,False,2.210793416765366,2.8835753919610845,292.5900876900612,24.0,0.0,81.36927880460034,78.125,74.21875,5.901383921450641
session_14.csv,session_14,812,51968,52096,51968,52096,103.936,104.192,relax,0,0,0.0,False,False,2.634612446254894,3.3187936100364026,357.3789390395825,33.0,6.0,89.7369264958955,93.75,97.65625,6.828651174067231
session_14.csv,session_14,813,52032,52160,52032,52160,104.064,104.32,relax,0,0,0.0,False,False,2.6991845946537554,3.3472289223039673,359.5834777012933,28.0,6.0,83.53085051837495,85.9375,93.75,13.267818076773302
session_14.csv,session_14,814,52096,52224,52096,52224,104.192,104.448,relax,0,0,0.0,False,False,3.1246123220053637,4.771397120936702,412.00454880527025,22.0,3.0,78.14241929818849,74.21875,70.3125,6.196318941882549
session_14.csv,session_14,815,52160,52288,52160,52288,104.32,104.576,relax,0,0,0.0,False,False,4.379521796350376,5.884700010946306,600.5069686173806,36.0,10.0,84.5163876499162,89.84375,93.75,46.24600981569458
session_14.csv,session_14,816,52224,52352,52224,52352,104.448,104.704,relax,0,31,0.2421875,True,True,13.950498041999364,22.26599412559759,1821.2569187024683,44.0,20.0,80.0844695142735,82.03125,82.03125,175.64255686211547
session_14.csv,session_14,817,52288,52416,52288,52416,104.576,104.832,clench,1,95,0.7421875,True,True,24.727321467693596,31.66620711823062,3202.9306065308424,44.0,28.0,82.93260826451026,82.03125,78.125,1144.608733575879
session_14.csv,session_14,818,52352,52480,52352,52480,104.704,104.96,clench,1,128,1.0,False,False,24.175955324440263,29.306363476566744,3147.928582083312,44.0,35.0,81.53390977455553,78.125,78.125,774.4632698541304
session_14.csv,session_14,819,52416,52544,52416,52544,104.832,105.088,clench,1,128,1.0,False,False,20.058389058721342,23.532548836084082,2615.5636363327985,44.0,32.0,82.75157199044156,89.84375,89.84375,393.6295034285341
session_14.csv,session_14,820,52480,52608,52480,52608,104.96,105.216,clench,1,128,1.0,False,False,19.52605172285412,23.58663512256481,2457.2340617396217,42.0,31.0,81.98071975224558,82.03125,82.03125,548.7415795091805
session_14.csv,session_14,821,52544,52672,52544,52672,105.088,105.344,clench,1,128,1.0,False,False,16.159799756244563,20.825226103113867,2078.8752891480385,45.0,30.0,78.45838298957572,78.125,74.21875,360.72733065391424
session_14.csv,session_14,822,52608,52736,52608,52736,105.216,105.472,clench,1,128,1.0,False,False,17.827076895192732,23.954507411889615,2401.3687440995923,45.0,33.0,84.97970552997906,85.9375,78.125,388.7611000759349
session_14.csv,session_14,823,52672,52800,52672,52800,105.344,105.6,clench,1,128,1.0,False,False,23.645165358215475,29.21132743134193,3270.7169073969617,47.0,39.0,88.47076088883193,89.84375,85.9375,609.8270596176009
session_14.csv,session_14,824,52736,52864,52736,52864,105.472,105.728,clench,1,128,1.0,False,False,28.661662211401055,36.524439839109206,3781.2624016788236,46.0,38.0,82.59462854724548,85.9375,85.9375,770.7480480458793
session_14.csv,session_14,825,52800,52928,52800,52928,105.6,105.856,clench,1,128,1.0,False,True,21.6944776146424,32.07668461846183,2785.0228399560847,41.0,25.0,82.80388912897878,85.9375,70.3125,1467.6486446557813
session_14.csv,session_14,826,52864,52992,52864,52992,105.728,105.984,clench,1,74,0.578125,True,True,9.401315094329771,11.992975457567843,1122.146999199373,37.0,18.0,72.06368420504978,70.3125,70.3125,73.21441948845869
session_14.csv,session_14,827,52928,53056,52928,53056,105.856,106.112,relax,0,10,0.078125,True,True,7.068288653784791,9.405170518263281,888.0898452668541,38.0,15.0,80.90686326602187,78.125,78.125,91.15660145382809
session_14.csv,session_14,828,52992,53120,52992,53120,105.984,106.24,relax,0,0,0.0,False,False,4.151712278401283,5.062782395876319,540.4291412301415,41.0,7.0,80.82621729130454,78.125,78.125,17.843342482234196
session_14.csv,session_14,829,53056,53184,53056,53184,106.112,106.368,relax,0,0,0.0,False,False,3.6588719718719895,4.472053597279712,458.2641148249759,32.0,7.0,78.06832190576962,82.03125,85.9375,23.174153569363188
session_14.csv,session_14,830,53120,53248,53120,53248,106.24,106.496,relax,0,0,0.0,False,False,3.3386934023131287,4.141005399832975,401.19629315185,29.0,4.0,77.73745743140567,74.21875,70.3125,17.93053183475189
session_14.csv,session_14,831,53184,53312,53184,53312,106.368,106.624,relax,0,0,0.0,False,False,3.5698403940719157,4.5240273879880135,450.1016758859712,34.0,5.0,84.86903544725149,89.84375,89.84375,13.840944997632315
session_14.csv,session_14,832,53248,53376,53248,53376,106.496,106.752,relax,0,0,0.0,False,False,3.491171828850373,4.51881422511151,462.03462557243415,34.0,10.0,84.73984051211347,85.9375,93.75,23.878329285155285
session_14.csv,session_14,833,53312,53440,53312,53440,106.624,106.88,relax,0,0,0.0,False,False,3.1013232980673573,3.933801076100393,399.26269786022704,34.0,5.0,80.27715927334494,82.03125,82.03125,9.754125937896939
session_14.csv,session_14,834,53376,53504,53376,53504,106.752,107.008,relax,0,0,0.0,False,False,2.3853631271371976,3.0320462364363334,308.7867227594154,24.0,0.0,81.98527965128254,82.03125,93.75,7.251826821135552
session_14.csv,session_14,835,53440,53568,53440,53568,106.88,107.136,relax,0,0,0.0,False,False,2.622763126426837,3.3530728269696604,351.13282634693246,24.0,3.0,86.9994077684881,89.84375,97.65625,5.754938589762585
session_14.csv,session_14,836,53504,53632,53504,53632,107.008,107.264,relax,0,0,0.0,False,False,2.6891100119795013,3.3493573842438793,342.57831227069005,24.0,3.0,82.87759411317921,78.125,78.125,11.916832227117329
session_14.csv,session_14,837,53568,53696,53568,53696,107.136,107.392,relax,0,0,0.0,False,False,1.7026747214994016,2.196193539443673,206.332363435586,12.0,0.0,75.924062281776,74.21875,70.3125,5.438626460392759
session_14.csv,session_14,838,53632,53760,53632,53760,107.264,107.52,relax,0,0,0.0,False,True,7.498294160293371,12.886266660836297,861.5325469953249,18.0,10.0,73.45904322549856,74.21875,74.21875,46.686300446083635
session_14.csv,session_14,839,53696,53824,53696,53824,107.392,107.648,relax,0,61,0.4765625,True,True,15.636039338330884,20.27746017547674,1952.5908332743898,38.0,24.0,77.60867283520699,74.21875,74.21875,382.09032991734136
session_14.csv,session_14,840,53760,53888,53760,53888,107.52,107.776,clench,1,125,0.9765625,True,True,22.749032797654742,29.63081774047442,2988.165151850788,42.0,31.0,84.1024790089041,85.9375,85.9375,424.84050761042766
session_14.csv,session_14,841,53824,53952,53824,53952,107.648,107.904,clench,1,128,1.0,False,False,26.656908638928815,33.9203108210594,3439.103291591002,43.0,29.0,87.10863147864112,89.84375,89.84375,1709.6773354324596
session_14.csv,session_14,842,53888,54016,53888,54016,107.776,108.032,clench,1,128,1.0,False,False,25.487995676750852,32.473898318595644,3229.0974285243665,41.0,29.0,78.96411186976427,82.03125,82.03125,979.9747154176188
session_14.csv,session_14,843,53952,54080,53952,54080,107.904,108.16,clench,1,128,1.0,False,False,29.324306247950986,37.08622223756033,3825.241722348327,44.0,39.0,84.15543716578121,82.03125,82.03125,1967.7446846188311
session_14.csv,session_14,844,54016,54144,54016,54144,108.032,108.288,clench,1,128,1.0,False,False,31.345751622256124,39.62882752167895,4080.87270396212,47.0,39.0,84.24306993168926,85.9375,97.65625,563.0815103899084
session_14.csv,session_14,845,54080,54208,54080,54208,108.16,108.416,clench,1,128,1.0,False,False,32.06625175526937,39.14250543290581,4125.728338835411,44.0,37.0,78.88680420988325,78.125,78.125,2114.8487192304224
session_14.csv,session_14,846,54144,54272,54144,54272,108.288,108.544,clench,1,128,1.0,False,False,27.779892004671623,34.036457523325254,3553.0105581860175,44.0,34.0,80.98344785422537,82.03125,82.03125,903.6034633275161
session_14.csv,session_14,847,54208,54336,54208,54336,108.416,108.672,clench,1,128,1.0,False,False,20.319401824580012,24.526635916428784,2577.2678350884235,44.0,28.0,76.59097503276304,74.21875,74.21875,330.6531630844479
session_14.csv,session_14,848,54272,54400,54272,54400,108.544,108.8,clench,1,128,1.0,False,False,25.16732647544227,30.43838664649706,3176.4419710007787,42.0,35.0,84.11116209403322,85.9375,89.84375,1043.0785654071053
session_14.csv,session_14,849,54336,54464,54336,54464,108.672,108.928,clench,1,128,1.0,False,False,26.98623447079513,32.21097277613174,3441.572815153717,42.0,39.0,82.58984395369995,82.03125,89.84375,907.084897609307
session_14.csv,session_14,850,54400,54528,54400,54528,108.8,109.056,clench,1,128,1.0,False,False,14.048688530217785,19.389652147268954,1770.9549116416272,41.0,23.0,80.38674291034847,78.125,89.84375,280.64039064546586
session_14.csv,session_14,851,54464,54592,54464,54592,108.928,109.184,clench,1,128,1.0,False,True,6.0865377745098055,7.882805468899725,811.9704007140278,44.0,17.0,82.26732801802832,78.125,74.21875,41.2527170313498
session_14.csv,session_14,852,54528,54656,54528,54656,109.056,109.312,clench,1,75,0.5859375,True,True,6.909787303353457,8.855121712421761,917.1271070544069,42.0,20.0,78.80339199979929,78.125,82.03125,106.35152407858439
session_14.csv,session_14,853,54592,54720,54592,54720,109.184,109.44,relax,0,11,0.0859375,True,True,6.020218345437175,7.48789271861775,797.7245830284586,41.0,20.0,80.4232977277227,82.03125,85.9375,37.56019553303585
session_14.csv,session_14,854,54656,54784,54656,54784,109.312,109.568,relax,0,0,0.0,False,False,4.695888350150439,5.584766097133805,609.7271102440342,39.0,15.0,83.05034401741139,82.03125,82.03125,23.93647753221247
session_14.csv,session_14,855,54720,54848,54720,54848,109.44,109.696,relax,0,0,0.0,False,False,3.7335592064018384,4.490234903529712,490.639856734143,37.0,8.0,81.263438405779,85.9375,74.21875,14.557185464770992
session_14.csv,session_14,856,54784,54912,54784,54912,109.568,109.824,relax,0,0,0.0,False,False,3.1110725210194365,3.956483088211057,421.51726531049553,33.0,5.0,84.95698722280355,85.9375,78.125,8.678098777540395
session_14.csv,session_14,857,54848,54976,54848,54976,109.696,109.952,relax,0,0,0.0,False,False,2.899421087165611,3.8259778389861627,392.31174045448176,31.0,5.0,79.09523183572922,78.125,70.3125,13.623296555016505
session_14.csv,session_14,858,54912,55040,54912,55040,109.824,110.08,relax,0,0,0.0,False,False,2.577158264503886,3.227992144331004,352.00475367761317,33.0,5.0,78.08611712158748,74.21875,74.21875,3.978419660325006
session_14.csv,session_14,859,54976,55104,54976,55104,109.952,110.208,relax,0,0,0.0,False,False,2.429751988251212,2.8876093919207912,329.0435997160788,32.0,2.0,81.02754873137977,78.125,78.125,7.3525521387779875
session_14.csv,session_14,860,55040,55168,55040,55168,110.08,110.336,relax,0,0,0.0,False,False,2.4747642192692014,2.975136792866006,340.19648248252724,32.0,2.0,86.44302233272896,85.9375,93.75,5.287993652132613
session_14.csv,session_14,861,55104,55232,55104,55232,110.208,110.464,relax,0,0,0.0,False,False,2.524684213960761,3.0945684918816627,334.9506665455781,32.0,1.0,77.18234533893185,70.3125,66.40625,5.8469944306452675
session_14.csv,session_14,862,55168,55296,55168,55296,110.336,110.592,relax,0,0,0.0,False,False,2.4292393438260387,3.091408623893312,328.0001070082826,31.0,1.0,83.76789395073311,85.9375,97.65625,4.997037139149952
session_14.csv,session_14,863,55232,55360,55232,55360,110.464,110.72,relax,0,0,0.0,False,False,2.95501055368888,3.7187239100221676,398.5374167967043,35.0,4.0,90.05329530231053,93.75,97.65625,7.576240430329417
session_14.csv,session_14,864,55296,55424,55296,55424,110.592,110.848,relax,0,26,0.203125,True,True,10.666127623642739,15.895810126010584,1448.4637091653262,45.0,20.0,86.50696680259793,85.9375,89.84375,172.2554938965018
session_14.csv,session_14,865,55360,55488,55360,55488,110.72,110.976,clench,1,90,0.703125,True,True,15.588061066443007,19.91553533656319,2094.1834602486188,45.0,31.0,86.45847958797941,85.9375,85.9375,370.20691538831227
session_14.csv,session_14,866,55424,55552,55424,55552,110.848,111.104,clench,1,128,1.0,False,False,18.24859036916818,23.617050080163548,2363.807336525438,43.0,30.0,84.6019156770579,85.9375,82.03125,316.4672604659099
session_14.csv,session_14,867,55488,55616,55488,55616,110.976,111.232,clench,1,128,1.0,False,False,18.101955066276936,23.07545362879942,2401.746333190533,46.0,33.0,84.48122156804874,85.9375,93.75,732.2976058107878
session_14.csv,session_14,868,55552,55680,55552,55680,111.104,111.36,clench,1,128,1.0,False,False,14.893527682450348,18.38366796924596,1930.2735755405686,45.0,30.0,81.70918258525388,78.125,78.125,395.9922016026328
session_14.csv,session_14,869,55616,55744,55616,55744,111.232,111.488,clench,1,128,1.0,False,False,15.030505754178428,18.909695584037646,1870.634974752326,43.0,29.0,80.27949376133046,78.125,74.21875,207.9870052325265
session_14.csv,session_14,870,55680,55808,55680,55808,111.36,111.616,clench,1,128,1.0,False,False,16.68182135554528,21.225685859384612,2164.9285810302445,46.0,34.0,80.15542262857944,78.125,82.03125,431.84279713652444
session_14.csv,session_14,871,55744,55872,55744,55872,111.488,111.744,clench,1,128,1.0,False,False,18.840002246127646,23.094484995998535,2564.396991200123,48.0,42.0,86.77959636815233,89.84375,97.65625,736.0649316083683
session_14.csv,session_14,872,55808,55936,55808,55936,111.616,111.872,clench,1,128,1.0,False,False,15.914172805752546,18.98279573923215,2143.885747929472,46.0,36.0,84.3620442239686,85.9375,85.9375,276.4924191961444
session_14.csv,session_14,873,55872,56000,55872,56000,111.744,112.0,clench,1,128,1.0,False,False,16.205379829730326,19.80897599821778,1975.7494073898358,40.0,29.0,76.42226554962777,78.125,78.125,452.2265516818752
session_14.csv,session_14,874,55936,56064,55936,56064,111.872,112.128,clench,1,128,1.0,False,False,15.525799877236388,19.308355078435874,1938.440669748814,42.0,32.0,80.27063583877148,74.21875,74.21875,218.665304507402
session_14.csv,session_14,875,56000,56128,56000,56128,112.0,112.256,clench,1,128,1.0,False,False,14.389570230236096,17.314555326765884,1891.100032749169,44.0,27.0,82.77280613538036,82.03125,78.125,246.43809778174654
session_14.csv,session_14,876,56064,56192,56064,56192,112.128,112.384,clench,1,128,1.0,False,False,14.073714756817036,17.15639244329378,1818.302142469926,40.0,26.0,84.03309192023393,85.9375,78.125,292.91446554238007
session_14.csv,session_14,877,56128,56256,56128,56256,112.256,112.512,clench,1,128,1.0,False,False,12.223388435619643,16.372313351489964,1594.3295038023866,39.0,28.0,82.61506928364824,78.125,74.21875,121.83231723025686
session_14.csv,session_14,878,56192,56320,56192,56320,112.384,112.64,clench,1,128,1.0,False,False,14.432882776155719,18.974373940002977,1902.5344260371255,42.0,29.0,84.05967732067656,85.9375,85.9375,467.80711021301386
session_14.csv,session_14,879,56256,56384,56256,56384,112.512,112.768,clench,1,128,1.0,False,True,10.033228876448492,14.370136830268363,1302.162375426622,40.0,18.0,83.95014903226496,85.9375,85.9375,137.1270722645537
session_14.csv,session_14,880,56320,56448,56320,56448,112.64,112.896,clench,1,75,0.5859375,True,True,6.150843423232749,8.150298756549084,778.4444060183488,38.0,12.0,80.72057244647613,78.125,74.21875,26.71916408369195
session_14.csv,session_14,881,56384,56512,56384,56512,112.768,113.024,relax,0,11,0.0859375,True,True,6.720971391895416,8.669112736068225,883.6129184115214,40.0,19.0,82.51914552343717,82.03125,74.21875,100.29745570029522
session_14.csv,session_14,882,56448,56576,56448,56576,112.896,113.152,relax,0,0,0.0,False,False,5.563703824399273,6.661764688096634,699.916897338934,39.0,15.0,79.44002988728715,74.21875,74.21875,42.79277816798848
session_14.csv,session_14,883,56512,56640,56512,56640,113.024,113.28,relax,0,0,0.0,False,False,4.624783100184118,5.68234523575761,581.4147048757601,38.0,10.0,76.23902441988845,74.21875,74.21875,19.81944001824151
session_14.csv,session_14,884,56576,56704,56576,56704,113.152,113.408,relax,0,0,0.0,False,False,2.7799951565412586,3.497636336143584,387.27152511134943,32.0,5.0,89.03517002435069,93.75,97.65625,12.801885058352632
session_14.csv,session_14,885,56640,56768,56640,56768,113.28,113.536,relax,0,0,0.0,False,False,3.0791220201760714,3.7719009471143776,412.4764858575662,36.0,4.0,82.89591939541424,82.03125,82.03125,10.525105477305408
session_14.csv,session_14,886,56704,56832,56704,56832,113.408,113.664,relax,0,0,0.0,False,False,3.3157482344772102,3.9284037777567593,453.1654810743205,43.0,3.0,84.96067707754554,89.84375,93.75,10.38755261616576
session_14.csv,session_14,887,56768,56896,56768,56896,113.536,113.792,relax,0,0,0.0,False,False,3.196852909963094,3.7916706070796535,444.15692883061547,41.0,6.0,89.75028323247835,89.84375,89.84375,9.689951082824063
session_14.csv,session_14,888,56832,56960,56832,56960,113.664,113.92,relax,0,0,0.0,False,False,3.114596442427083,3.7401701427150944,416.34201601969335,37.0,6.0,84.23265987208411,85.9375,89.84375,7.2767199662096225
session_14.csv,session_14,889,56896,57024,56896,57024,113.792,114.048,relax,0,0,0.0,False,False,3.5134098466896218,4.352547631633252,460.6876467853175,36.0,6.0,78.12012412026901,74.21875,74.21875,14.630762975462291
session_14.csv,session_14,890,56960,57088,56960,57088,113.92,114.176,relax,0,0,0.0,False,False,3.418239604654006,4.2803202119693315,452.92792206234446,35.0,5.0,84.06223706624401,82.03125,82.03125,13.392882083195737
session_14.csv,session_14,891,57024,57152,57024,57152,114.048,114.304,relax,0,0,0.0,False,False,2.414876038302694,3.047743918733724,311.8815800817299,28.0,0.0,79.57567024653919,78.125,89.84375,7.438272070371451
session_14.csv,session_14,892,57088,57216,57088,57216,114.176,114.432,relax,0,0,0.0,False,False,2.54213136284631,3.2757193348302125,338.5072434571231,29.0,3.0,86.05571047383447,85.9375,85.9375,10.399629737532067
session_14.csv,session_14,893,57152,57280,57152,57280,114.304,114.56,relax,0,0,0.0,False,True,2.3928269226061163,3.1162374696590103,321.62721347007414,23.0,3.0,79.79044919574139,82.03125,82.03125,7.752942404523441
session_14.csv,session_14,894,57216,57344,57216,57344,114.432,114.688,relax,0,41,0.3203125,True,True,16.80650402594465,30.859553140824783,2016.1328285032534,27.0,15.0,82.72639482373285,82.03125,82.03125,147.18655078689474
session_14.csv,session_14,895,57280,57408,57280,57408,114.56,114.816,clench,1,105,0.8203125,True,True,27.448194505118877,37.203954577765714,3453.8560995898806,41.0,32.0,80.61726850788057,82.03125,82.03125,2478.183502404258
session_14.csv,session_14,896,57344,57472,57344,57472,114.688,114.944,clench,1,128,1.0,False,False,21.906858277237987,27.69577394917001,2819.7915906543976,42.0,31.0,78.54160411933223,78.125,74.21875,418.62592031982825
session_14.csv,session_14,897,57408,57536,57408,57536,114.816,115.072,clench,1,128,1.0,False,False,26.961017678108583,33.01495874633655,3491.3156633877097,42.0,33.0,89.2467140448929,89.84375,85.9375,1263.1858648788786
session_14.csv,session_14,898,57472,57600,57472,57600,114.944,115.2,clench,1,128,1.0,False,False,31.703605510250206,39.07558631692726,4006.1099306152237,42.0,36.0,80.30887068226019,78.125,82.03125,1097.0369529603815
session_14.csv,session_14,899,57536,57664,57536,57664,115.072,115.328,clench,1,128,1.0,False,False,25.313671344767705,33.11007818898343,3383.602602277845,45.0,38.0,86.48291548347945,89.84375,89.84375,1750.6462230652655
session_14.csv,session_14,900,57600,57728,57600,57728,115.2,115.456,clench,1,128,1.0,False,False,24.637661620930853,30.88474294207089,3354.050588661432,46.0,38.0,83.33643681162765,85.9375,93.75,414.6663083378757
session_14.csv,session_14,901,57664,57792,57664,57792,115.328,115.584,clench,1,128,1.0,False,False,26.72461181030305,33.43743291075374,3452.554393229865,43.0,34.0,82.23979280162257,85.9375,89.84375,1234.174835897512
session_14.csv,session_14,902,57728,57856,57728,57856,115.456,115.712,clench,1,128,1.0,False,False,25.606257772665778,32.83117141601697,3255.84897404299,41.0,32.0,78.81631606439473,82.03125,74.21875,679.3570954536789
session_14.csv,session_14,903,57792,57920,57792,57920,115.584,115.84,clench,1,128,1.0,False,False,25.365407875640898,32.59359269084456,3266.7919417539497,43.0,34.0,83.6951984696907,85.9375,89.84375,1319.19268587895
session_14.csv,session_14,904,57856,57984,57856,57984,115.712,115.968,clench,1,128,1.0,False,False,26.170933218892465,33.07578562871774,3405.015122615035,43.0,37.0,81.13828943238164,82.03125,85.9375,560.3358880271874
session_14.csv,session_14,905,57920,58048,57920,58048,115.84,116.096,clench,1,128,1.0,False,False,23.946210816943776,30.43616009268273,3076.7409210928417,43.0,32.0,82.82743406604446,85.9375,85.9375,1008.6410682557814
session_14.csv,session_14,906,57984,58112,57984,58112,115.968,116.224,clench,1,128,1.0,False,False,31.9314916447339,49.53078167107502,4052.46466607095,42.0,32.0,85.01887541891313,82.03125,74.21875,660.3627393037705
session_14.csv,session_14,907,58048,58176,58048,58176,116.096,116.352,clench,1,128,1.0,False,False,30.40906124047863,48.910378230693986,3944.630741864704,42.0,34.0,81.4585274640154,78.125,78.125,3431.86129951099
session_14.csv,session_14,908,58112,58240,58112,58240,116.224,116.48,clench,1,128,1.0,False,True,10.751027196573993,16.263131625503682,1357.9618442244919,39.0,18.0,80.71374996300622,78.125,89.84375,59.787034082009654
session_14.csv,session_14,909,58176,58304,58176,58304,116.352,116.608,clench,1,87,0.6796875,True,True,6.285064585012415,8.177046049089858,811.6605994722676,39.0,13.0,78.33359629185506,74.21875,74.21875,65.37998939499938
session_14.csv,session_14,910,58240,58368,58240,58368,116.48,116.736,relax,0,23,0.1796875,True,True,5.982782408298562,8.05869637050017,785.5753715681994,39.0,14.0,84.16697742299563,89.84375,93.75,64.6676540308568
session_14.csv,session_14,911,58304,58432,58304,58432,116.608,116.864,relax,0,0,0.0,False,False,4.404648579519394,5.9918650758485255,581.7443510287137,36.0,10.0,83.68508254492613,85.9375,85.9375,17.12195376306428
session_14.csv,session_14,912,58368,58496,58368,58496,116.736,116.992,relax,0,0,0.0,False,False,3.901165356104517,5.349075378510289,530.7363263750572,36.0,8.0,81.77200256289754,82.03125,82.03125,16.629537421511102
session_14.csv,session_14,913,58432,58560,58432,58560,116.864,117.12,relax,0,0,0.0,False,False,2.8822355517006306,3.8882399498202194,385.49428520682727,28.0,4.0,84.49196242598973,82.03125,78.125,16.228353401780033
session_14.csv,session_14,914,58496,58624,58496,58624,116.992,117.248,relax,0,0,0.0,False,False,2.5439047014037275,3.43317859805234,325.4719400615854,24.0,2.0,81.07888764510214,78.125,78.125,5.545847507484711
session_14.csv,session_14,915,58560,58688,58560,58688,117.12,117.376,relax,0,0,0.0,False,False,2.0583838025460865,2.6568020342075953,251.7395620245328,17.0,0.0,80.53698604349098,78.125,78.125,6.50278090196098
session_14.csv,session_14,916,58624,58752,58624,58752,117.248,117.504,relax,0,0,0.0,False,False,2.3688597769014175,2.9935681231392377,311.03407666156784,26.0,1.0,86.13950654730895,89.84375,89.84375,8.036509846735575
session_14.csv,session_14,917,58688,58816,58688,58816,117.376,117.632,relax,0,0,0.0,False,True,3.1560919843970696,3.8472739923909933,424.87777326390005,36.0,5.0,84.15839426190023,89.84375,93.75,7.462327653420109
session_14.csv,session_14,918,58752,58880,58752,58880,117.504,117.76,relax,0,54,0.421875,True,True,13.081935974906049,21.123927180522795,1665.7896405499412,36.0,25.0,81.40129259314315,78.125,97.65625,146.68999547739008
session_14.csv,session_14,919,58816,58944,58816,58944,117.632,117.888,clench,1,118,0.921875,True,True,23.166501804743792,28.6443425648238,2995.6022475261766,44.0,38.0,80.9661081295154,82.03125,85.9375,957.5316133325738
session_14.csv,session_14,920,58880,59008,58880,59008,117.76,118.016,clench,1,128,1.0,False,False,18.327938505889747,22.591579742098652,2352.6242433520492,44.0,34.0,81.65537941503696,82.03125,85.9375,560.559353629493
session_14.csv,session_14,921,58944,59072,58944,59072,117.888,118.144,clench,1,128,1.0,False,False,12.887410368779276,15.611995919403386,1683.671866928431,44.0,34.0,80.84962800638225,82.03125,85.9375,210.56457654435584
session_14.csv,session_14,922,59008,59136,59008,59136,118.016,118.272,clench,1,128,1.0,False,False,12.559937193012678,16.850493605892247,1644.7163594552703,42.0,29.0,81.33112242564277,85.9375,93.75,102.42018176470074
session_14.csv,session_14,923,59072,59200,59072,59200,118.144,118.4,clench,1,128,1.0,False,False,17.20167515183974,23.038945900611417,2241.105916723993,40.0,29.0,83.4788876027524,82.03125,85.9375,619.1331962702241
session_14.csv,session_14,924,59136,59264,59136,59264,118.272,118.528,clench,1,128,1.0,False,False,19.932659876575407,25.305132031820204,2540.416460573392,39.0,30.0,82.42701699376833,82.03125,82.03125,746.3257591058667
session_14.csv,session_14,925,59200,59328,59200,59328,118.4,118.656,clench,1,128,1.0,False,False,18.963479932847417,23.796467569790376,2422.0207022569834,40.0,30.0,81.16419703272311,82.03125,82.03125,298.4890197181625
session_14.csv,session_14,926,59264,59392,59264,59392,118.528,118.784,clench,1,128,1.0,False,False,17.647370912341295,21.09433738663553,2228.047923703658,40.0,31.0,81.09929859871706,78.125,78.125,420.19600841497686
session_14.csv,session_14,927,59328,59456,59328,59456,118.656,118.912,clench,1,128,1.0,False,False,16.61510948325833,20.67380948704192,2069.6863849268952,40.0,29.0,79.24930596049668,82.03125,82.03125,394.29639260963336
session_14.csv,session_14,928,59392,59520,59392,59520,118.784,119.04,clench,1,128,1.0,False,False,16.186137245485103,20.828730333434894,1968.0280017031944,39.0,22.0,77.46991619350021,78.125,70.3125,357.2384094145829
session_14.csv,session_14,929,59456,59584,59456,59584,118.912,119.168,clench,1,128,1.0,False,False,13.891061502747222,16.927393401794752,1701.523820282402,40.0,23.0,78.35447364273328,82.03125,70.3125,193.62027580745584
session_14.csv,session_14,930,59520,59648,59520,59648,119.04,119.296,clench,1,128,1.0,False,False,15.286603144268987,18.537136754326884,1999.0110488868595,43.0,32.0,83.49910279858564,85.9375,85.9375,246.76187161130298
session_14.csv,session_14,931,59584,59712,59584,59712,119.168,119.424,clench,1,128,1.0,False,False,14.90932296859662,18.542995038282058,1936.5640004045695,44.0,32.0,81.10796230148718,82.03125,82.03125,351.48463311026325
session_14.csv,session_14,932,59648,59776,59648,59776,119.296,119.552,clench,1,128,1.0,False,False,12.079847175605888,16.341960028472982,1523.27664791758,39.0,23.0,79.96943419315637,78.125,74.21875,378.41764644520373
session_14.csv,session_14,933,59712,59840,59712,59840,119.424,119.68,clench,1,128,1.0,False,False,7.144628160604487,12.288919810535651,931.179557833685,30.0,10.0,82.38246000068824,85.9375,89.84375,44.787170371282556
session_14.csv,session_14,934,59776,59904,59776,59904,119.552,119.808,clench,1,128,1.0,False,False,4.348459557202015,6.652167955894965,594.5638475227371,33.0,9.0,82.80252499666074,82.03125,78.125,50.32301526519634
session_14.csv,session_14,935,59840,59968,59840,59968,119.68,119.936,clench,1,118,0.921875,True,True,6.646214945993506,8.608829762519507,871.060971470113,41.0,20.0,83.7622111904368,82.03125,82.03125,54.98408686379276
session_14.csv,session_14,936,59904,60032,59904,60032,119.808,120.064,relax,0,54,0.421875,True,True,5.275236190940439,6.736527569359923,658.5896969569546,38.0,15.0,80.03395527756103,78.125,74.21875,46.8525141810651
session_14.csv,session_14,937,59968,60096,59968,60096,119.936,120.192,relax,0,0,0.0,False,True,3.807347334521399,4.475202438941093,468.37309161775624,37.0,8.0,78.19062621922221,74.21875,70.3125,22.09353085108737
session_14.csv,session_14,938,60032,60160,60032,60160,120.064,120.32,relax,0,0,0.0,False,False,3.6627182939648577,4.468286354665768,456.57384730902766,32.0,6.0,79.49393176419694,78.125,78.125,20.40170262897394
session_14.csv,session_14,939,60096,60224,60096,60224,120.192,120.448,relax,0,0,0.0,False,False,2.6830560392644953,3.4388121854163636,341.11202143865546,30.0,0.0,82.9896049991117,85.9375,97.65625,9.133270791615582
session_14.csv,session_14,940,60160,60288,60160,60288,120.32,120.576,relax,0,0,0.0,False,False,2.5093860843349667,3.156021433379831,325.90430367581064,29.0,0.0,82.91898092569065,82.03125,82.03125,9.810762764211374
session_14.csv,session_14,941,60224,60352,60224,60352,120.448,120.704,relax,0,0,0.0,False,False,2.808046935976055,3.59889885939147,361.27494183336296,27.0,2.0,79.7230299818877,78.125,78.125,6.143212935149332
session_14.csv,session_14,942,60288,60416,60288,60416,120.576,120.832,relax,0,0,0.0,False,False,2.7146318487701926,3.449966269820925,365.41902639011585,33.0,4.0,83.55963919818933,82.03125,93.75,11.55022551200092
session_14.csv,session_14,943,60352,60480,60352,60480,120.704,120.96,relax,0,0,0.0,False,False,2.5954838316148994,3.1398699202070457,344.1699465559403,33.0,3.0,83.2119240194924,85.9375,89.84375,7.416949397797379
session_14.csv,session_14,944,60416,60544,60416,60544,120.832,121.088,relax,0,0,0.0,False,False,2.7378049752342593,3.4374567491072003,344.0291234358273,27.0,2.0,79.6157879919044,82.03125,70.3125,9.011428669271256
session_14.csv,session_14,945,60480,60608,60480,60608,120.96,121.216,relax,0,0,0.0,False,False,2.6522887052445103,3.410196419211933,326.9393810046331,25.0,1.0,78.09613240585473,78.125,70.3125,10.212442485201967
session_14.csv,session_14,946,60544,60672,60544,60672,121.088,121.344,relax,0,0,0.0,False,False,3.034418222779281,3.684920171437431,397.1360426076551,33.0,4.0,81.70431643039437,82.03125,82.03125,15.439196078370594
session_14.csv,session_14,947,60608,60736,60608,60736,121.216,121.472,relax,0,0,0.0,False,False,3.927396631742096,4.6481868039748155,523.2221802279967,38.0,12.0,87.2112770137547,89.84375,89.84375,24.9627897476929
session_14.csv,session_14,948,60672,60800,60672,60800,121.344,121.6,relax,0,0,0.0,False,False,3.196628580786437,4.074899279938234,415.8236712358687,27.0,12.0,78.04425339369405,74.21875,70.3125,9.856253294652063
session_14.csv,session_14,949,60736,60864,60736,60864,121.472,121.728,relax,0,0,0.0,False,False,2.2042524243476853,2.758195382585069,267.07211763204873,19.0,2.0,76.61215552914732,70.3125,70.3125,6.337128282197654
session_14.csv,session_14,950,60800,60928,60800,60928,121.6,121.856,relax,0,0,0.0,False,False,2.7747377955053896,3.3960912683978304,351.8445593041836,27.0,4.0,79.29022379810614,74.21875,74.21875,10.83582067697275
session_14.csv,session_14,951,60864,60992,60864,60992,121.728,121.984,relax,0,0,0.0,False,False,3.020820011870228,3.5649166037278697,389.21103562401777,33.0,5.0,83.07127689305803,85.9375,85.9375,12.031260358740395
session_14.csv,session_14,952,60928,61056,60928,61056,121.856,122.112,relax,0,0,0.0,False,False,2.561554581038185,3.027556231608142,312.9785333471199,28.0,1.0,77.47136336971639,70.3125,70.3125,8.0949600449986
session_14.csv,session_14,953,60992,61120,60992,61120,121.984,122.24,relax,0,0,0.0,False,False,2.5979155424013953,3.078877742257549,326.75367162610075,29.0,1.0,77.77605646839504,78.125,70.3125,7.576434124708881
session_14.csv,session_14,954,61056,61184,61056,61184,122.112,122.368,relax,0,0,0.0,False,False,2.635132747045011,3.1157765688415426,329.3652295920032,30.0,1.0,79.89170119928922,78.125,78.125,9.004945226203468
session_14.csv,session_14,955,61120,61248,61120,61248,122.24,122.496,relax,0,0,0.0,False,False,2.898770529357365,3.67718864505585,354.8995939187448,28.0,4.0,72.36366392904473,70.3125,70.3125,8.159460687636502
session_14.csv,session_14,956,61184,61312,61184,61312,122.368,122.624,relax,0,0,0.0,False,False,3.1756940162560916,4.053852909022205,409.1348441254071,30.0,6.0,82.71895776011394,85.9375,85.9375,13.055421317699736
session_14.csv,session_14,957,61248,61376,61248,61376,122.496,122.752,relax,0,0,0.0,False,False,3.0001041490433975,3.7261533958521733,387.02270818598697,30.0,3.0,77.61770763261552,74.21875,70.3125,14.383025929872671
session_14.csv,session_14,958,61312,61440,61312,61440,122.624,122.88,relax,0,0,0.0,False,False,2.9449579409832545,3.5653944435312472,370.4905888657612,31.0,3.0,75.7218018993586,74.21875,70.3125,7.981558811226643
session_14.csv,session_14,959,61376,61504,61376,61504,122.752,123.008,relax,0,0,0.0,False,False,2.5727226851880927,3.136339607709192,346.8946828819833,28.0,2.0,86.4026317292371,85.9375,93.75,11.36747567076421
session_14.csv,session_14,960,61440,61568,61440,61568,122.88,123.136,relax,0,0,0.0,False,False,2.280105737869601,2.9431568285629033,313.2954593433858,19.0,2.0,83.68253804603461,85.9375,89.84375,5.834916987113079
session_14.csv,session_14,961,61504,61632,61504,61632,123.008,123.264,relax,0,0,0.0,False,False,2.1164106165826055,2.864126038223742,286.07120056218855,18.0,3.0,80.18858674693497,82.03125,82.03125,4.466460223180286
session_14.csv,session_14,962,61568,61696,61568,61696,123.136,123.392,relax,0,0,0.0,False,False,1.9622803029659153,2.608814260994737,259.0830479606399,18.0,1.0,83.96716543942657,85.9375,85.9375,3.0475707619674774
session_14.csv,session_14,963,61632,61760,61632,61760,123.264,123.52,relax,0,0,0.0,False,False,2.4576530690129577,3.026966888222959,324.69491747175675,28.0,2.0,78.66001508826537,74.21875,74.21875,10.327027717941018
session_14.csv,session_14,964,61696,61824,61696,61824,123.392,123.648,relax,0,0,0.0,False,False,2.475080739957054,2.944402990302392,327.7063885851526,30.0,2.0,87.52663555165427,89.84375,89.84375,5.570458930645178
session_14.csv,session_14,965,61760,61888,61760,61888,123.52,123.776,relax,0,0,0.0,False,False,2.3049823350832535,2.75933435359182,302.05008084589565,27.0,0.0,83.73948505069616,85.9375,85.9375,6.220648874198558
session_14.csv,session_14,966,61824,61952,61824,61952,123.648,123.904,relax,0,0,0.0,False,False,2.2083227738527382,2.7406254356709585,292.3214430187011,25.0,0.0,85.18400824205999,89.84375,89.84375,9.127719855188671
session_14.csv,session_14,967,61888,62016,61888,62016,123.776,124.032,relax,0,0,0.0,False,False,2.0432986054707687,2.5913711670836563,265.6937895173098,20.0,1.0,76.96347886731795,70.3125,70.3125,3.559341420402841
