source_file,session_id,window_index,start_sample,end_sample_exclusive,downsampled_start_sample,downsampled_end_sample_exclusive,start_time_s,end_time_s,label,label_id,clench_sample_count,clench_fraction,contains_label_transition,intersects_transition_band,mav,rms,wl,zc,ssc,mnf,mdf,pkf,bandpower
session_15.csv,session_15,0,0,128,0,64,0.0,0.256,relax,0,0,0.0,False,False,33.016398935864586,90.05130670404013,2046.2218615347017,26.0,23.0,46.901545542194945,31.25,23.4375,119.91064661013223
session_15.csv,session_15,1,64,192,32,96,0.128,0.384,relax,0,0,0.0,False,False,1.8869559198230967,2.4591854461262317,201.9726629413804,24.0,14.0,81.7096724845112,85.9375,89.84375,4.096034205430498
session_15.csv,session_15,2,128,256,64,128,0.256,0.512,relax,0,0,0.0,False,False,1.5339316768216769,1.9122046633839742,168.08892847518626,22.0,12.0,87.50215257241442,89.84375,89.84375,3.1697891502882882
session_15.csv,session_15,3,192,320,96,160,0.384,0.64,relax,0,0,0.0,False,False,1.4441363917253065,1.7692859182036746,151.8707118894363,20.0,7.0,75.87832038801272,74.21875,74.21875,3.302939215091836
session_15.csv,session_15,4,256,384,128,192,0.512,0.768,relax,0,0,0.0,False,False,1.590997019584869,1.9860571920820709,173.97472608240867,24.0,13.0,76.2016431469046,78.125,78.125,2.9366863480359306
session_15.csv,session_15,5,320,448,160,224,0.64,0.896,relax,0,0,0.0,False,False,1.9997558447200692,2.4889608696914545,223.79083345590652,30.0,21.0,87.2761609430407,93.75,97.65625,6.919128548076287
session_15.csv,session_15,6,384,512,192,256,0.768,1.024,relax,0,0,0.0,False,False,2.5325442003507153,3.329565147745422,270.81937013563845,30.0,20.0,79.81001606639273,78.125,78.125,10.333146466557633
session_15.csv,session_15,7,448,576,224,288,0.896,1.152,relax,0,0,0.0,False,False,2.6410803980864435,3.540740578703617,275.9904501661578,28.0,15.0,77.65385043752724,74.21875,74.21875,6.46415579771527
session_15.csv,session_15,8,512,640,256,320,1.024,1.28,relax,0,0,0.0,False,False,2.2364151471696294,2.8491651652919625,247.62616400815327,30.0,15.0,81.18689313728314,82.03125,85.9375,9.808607036871678
session_15.csv,session_15,9,576,704,288,352,1.152,1.408,relax,0,0,0.0,False,False,1.9268968469698258,2.3970788458630414,211.90144556014783,28.0,14.0,79.26951100996591,82.03125,66.40625,4.54872101486306
session_15.csv,session_15,10,640,768,320,384,1.28,1.536,relax,0,0,0.0,False,False,1.4056055982562912,1.8915627074309296,150.9946857341271,17.0,8.0,80.07910680101392,78.125,97.65625,1.7687965885900259
session_15.csv,session_15,11,704,832,352,416,1.408,1.664,relax,0,24,0.1875,True,True,3.0393036284668264,5.12881708349077,330.2568431471508,19.0,13.0,75.1919067664878,74.21875,66.40625,6.043561554028787
session_15.csv,session_15,12,768,896,384,448,1.536,1.792,clench,1,88,0.6875,True,True,11.774754102771684,16.18008241143782,1279.361376641297,37.0,34.0,84.30080343338328,85.9375,89.84375,332.9263667182525
session_15.csv,session_15,13,832,960,416,480,1.664,1.92,clench,1,128,1.0,False,True,16.368376174951955,19.640651799652655,1770.5645212812249,44.0,43.0,85.70949276768627,89.84375,93.75,236.11763523888428
session_15.csv,session_15,14,896,1024,448,512,1.792,2.048,clench,1,128,1.0,False,False,15.488301032034618,18.984182729850755,1607.2472466811607,42.0,38.0,80.45568542457758,78.125,70.3125,301.4986262421283
session_15.csv,session_15,15,960,1088,480,544,1.92,2.176,clench,1,128,1.0,False,False,12.65016964889498,16.768640223694966,1342.186032752922,38.0,34.0,82.03116865882045,82.03125,78.125,443.32434780007014
session_15.csv,session_15,16,1024,1152,512,576,2.048,2.304,clench,1,128,1.0,False,False,9.97478054393374,13.175658630197628,1117.6562046479078,41.0,39.0,84.48275829762099,93.75,93.75,144.47088100192022
session_15.csv,session_15,17,1088,1216,544,608,2.176,2.432,clench,1,128,1.0,False,False,9.95796878575246,12.828838616573845,1131.5020492455035,41.0,38.0,83.82011067251324,82.03125,78.125,201.26901593328355
session_15.csv,session_15,18,1152,1280,576,640,2.304,2.56,clench,1,128,1.0,False,False,13.225978248125017,17.32778740853948,1475.0564358769109,38.0,35.0,78.41142523527895,78.125,78.125,293.6754171645666
session_15.csv,session_15,19,1216,1344,608,672,2.432,2.688,clench,1,128,1.0,False,False,14.97876085076923,18.47658801732141,1646.7478851307358,39.0,36.0,84.00400038770256,82.03125,82.03125,351.62201198214944
session_15.csv,session_15,20,1280,1408,640,704,2.56,2.816,clench,1,128,1.0,False,False,11.217708381362153,13.372744021687224,1185.3371190137927,40.0,36.0,76.17171416308612,74.21875,70.3125,136.8617745847751
session_15.csv,session_15,21,1344,1472,672,736,2.688,2.944,clench,1,128,1.0,False,False,10.624339150342355,13.043933551333723,1162.1798439213935,40.0,37.0,80.40354492067716,78.125,74.21875,163.25343023838
session_15.csv,session_15,22,1408,1536,704,768,2.816,3.072,clench,1,128,1.0,False,False,10.838821508652124,13.61483971158397,1187.4800955185242,39.0,35.0,81.7423129149268,82.03125,85.9375,97.23869854190485
session_15.csv,session_15,23,1472,1600,736,800,2.944,3.2,clench,1,128,1.0,False,False,10.064762297376541,12.739591256820075,1097.1892416670833,41.0,35.0,77.96134844949756,78.125,74.21875,155.5646913199143
session_15.csv,session_15,24,1536,1664,768,832,3.072,3.328,clench,1,128,1.0,False,False,12.636351901042914,16.05364533341428,1333.1146157722105,40.0,33.0,79.16630365957464,78.125,74.21875,154.49665138173603
session_15.csv,session_15,25,1600,1728,800,864,3.2,3.456,clench,1,128,1.0,False,False,15.140306845118698,18.261743258953654,1577.9868366114238,39.0,31.0,78.93399541137772,78.125,74.21875,442.04905360977216
session_15.csv,session_15,26,1664,1792,832,896,3.328,3.584,clench,1,128,1.0,False,False,13.810409422637097,16.52226859718087,1380.0728439825753,38.0,28.0,81.15605339090487,78.125,78.125,328.23089324520646
session_15.csv,session_15,27,1728,1856,864,928,3.456,3.712,clench,1,128,1.0,False,False,17.728461912612335,22.307657294697922,1862.1494713117704,38.0,32.0,79.16823760130633,82.03125,82.03125,360.89947999016283
session_15.csv,session_15,28,1792,1920,896,960,3.584,3.84,clench,1,128,1.0,False,False,17.805651078905175,22.64590428775064,1892.5824662331347,37.0,37.0,84.74837834735968,85.9375,85.9375,439.20138795105464
session_15.csv,session_15,29,1856,1984,928,992,3.712,3.968,clench,1,128,1.0,False,False,21.540984910145866,26.971326375930282,2311.4327990870115,40.0,39.0,84.48807511999246,85.9375,85.9375,578.902722595961
session_15.csv,session_15,30,1920,2048,960,1024,3.84,4.096,clench,1,128,1.0,False,False,22.827845877767995,28.021889204168204,2468.9183190135814,44.0,39.0,84.11830174905383,82.03125,82.03125,1001.6386050864426
session_15.csv,session_15,31,1984,2112,992,1056,3.968,4.224,clench,1,128,1.0,False,False,15.480614699141924,18.557466529844174,1667.0607221495434,42.0,37.0,79.19788380912016,78.125,82.03125,219.64366483771303
session_15.csv,session_15,32,2048,2176,1024,1088,4.096,4.352,clench,1,128,1.0,False,False,16.51138381712182,19.76949893771124,1798.4169442827315,42.0,41.0,80.73223217390515,82.03125,85.9375,435.20177806802707
session_15.csv,session_15,33,2112,2240,1056,1120,4.224,4.48,clench,1,128,1.0,False,False,18.347056330572418,22.0790117687257,2067.1438631870583,46.0,44.0,86.68974926786757,89.84375,93.75,296.73084401057525
session_15.csv,session_15,34,2176,2304,1088,1152,4.352,4.608,clench,1,128,1.0,False,False,19.38876191140679,23.376572648437175,2158.8459567898103,42.0,38.0,88.23877159490716,89.84375,89.84375,573.5949139818888
session_15.csv,session_15,35,2240,2368,1120,1184,4.48,4.736,clench,1,128,1.0,False,False,17.629761414959262,21.646340983480332,1884.0768860596522,41.0,35.0,82.18202459154047,82.03125,82.03125,584.9004467930735
session_15.csv,session_15,36,2304,2432,1152,1216,4.608,4.864,clench,1,128,1.0,False,False,14.060619550557693,17.77003283792722,1458.9980208429681,43.0,36.0,77.95638278336756,74.21875,70.3125,359.3309429020963
session_15.csv,session_15,37,2368,2496,1184,1248,4.736,4.992,clench,1,128,1.0,False,False,9.328101722783355,13.268622549877973,976.4910150802632,44.0,36.0,81.27713625055993,78.125,78.125,63.76185417476432
session_15.csv,session_15,38,2432,2560,1216,1280,4.864,5.12,clench,1,97,0.7578125,True,True,5.8235940805360435,7.411936251478179,628.3216177606037,42.0,32.0,82.55180557954529,82.03125,82.03125,95.16362095262929
session_15.csv,session_15,39,2496,2624,1248,1312,4.992,5.248,relax,0,33,0.2578125,True,True,5.389154752219044,6.85897388605779,582.9289629277433,41.0,32.0,82.01679877650419,85.9375,85.9375,20.732333248680057
session_15.csv,session_15,40,2560,2688,1280,1344,5.12,5.376,relax,0,0,0.0,False,False,3.9855914467460076,4.918512112462813,467.6945572803592,42.0,35.0,85.62747121405829,85.9375,85.9375,22.893773544154676
session_15.csv,session_15,41,2624,2752,1312,1376,5.248,5.504,relax,0,0,0.0,False,False,2.8125999002067408,3.506688970266393,313.5715152272334,39.0,25.0,84.36926980688072,85.9375,85.9375,10.794317102661456
session_15.csv,session_15,42,2688,2816,1344,1408,5.376,5.632,relax,0,0,0.0,False,False,2.6673305383271533,3.1390569334891016,287.3322069146193,39.0,22.0,79.88789042223293,78.125,78.125,8.710754005333667
session_15.csv,session_15,43,2752,2880,1376,1440,5.504,5.76,relax,0,0,0.0,False,False,3.838499640558587,4.652606654917993,416.67719631178204,41.0,27.0,84.93747165047816,85.9375,97.65625,16.67095808688844
session_15.csv,session_15,44,2816,2944,1408,1472,5.632,5.888,relax,0,0,0.0,False,False,3.4660351701448224,4.355294394452816,372.6593620501163,38.0,25.0,78.63916833401908,78.125,78.125,21.39085500260151
session_15.csv,session_15,45,2880,3008,1440,1504,5.76,6.016,relax,0,0,0.0,False,False,2.2570533261002352,2.6634414294092017,232.08060113371573,32.0,17.0,78.79262387700584,78.125,70.3125,6.095010980689261
session_15.csv,session_15,46,2944,3072,1472,1536,5.888,6.144,relax,0,0,0.0,False,False,2.7589770733681007,3.438400061701016,296.56399465454774,33.0,21.0,83.64045342405828,89.84375,89.84375,12.776549428456994
session_15.csv,session_15,47,3008,3136,1504,1568,6.016,6.272,relax,0,0,0.0,False,False,3.0321577935189055,3.7278607463367224,346.35818717453185,39.0,28.0,78.6007952351621,78.125,85.9375,8.705516506418833
session_15.csv,session_15,48,3072,3200,1536,1600,6.144,6.4,relax,0,0,0.0,False,False,2.864138067045445,3.4636044210020085,326.68123662112964,37.0,28.0,82.38680301079039,78.125,78.125,10.541226827540171
session_15.csv,session_15,49,3136,3264,1568,1632,6.272,6.528,relax,0,0,0.0,False,False,2.4195672996112645,3.0098833370456233,270.41609614554585,32.0,22.0,81.64867716758724,82.03125,85.9375,9.050019246442405
session_15.csv,session_15,50,3200,3328,1600,1664,6.4,6.656,relax,0,0,0.0,False,False,1.931931390088379,2.411880714514286,202.67733656225843,26.0,10.0,76.94296716528213,74.21875,74.21875,4.2540784322831255
session_15.csv,session_15,51,3264,3392,1632,1696,6.528,6.784,relax,0,0,0.0,False,False,1.828514003646509,2.2285657450662075,197.30936207733282,23.0,11.0,77.68886023515137,78.125,74.21875,4.70189966099634
session_15.csv,session_15,52,3328,3456,1664,1728,6.656,6.912,relax,0,0,0.0,False,False,2.736950712201402,3.8863038235733653,296.8443315292915,28.0,19.0,84.66819344328373,85.9375,85.9375,4.969025247411987
session_15.csv,session_15,53,3392,3520,1696,1760,6.784,7.04,relax,0,37,0.2890625,True,True,12.629776690875289,20.459119161633335,1420.0944608968516,37.0,32.0,83.64807193354793,85.9375,85.9375,157.85956922826776
session_15.csv,session_15,54,3456,3584,1728,1792,6.912,7.168,clench,1,101,0.7890625,True,True,23.422933260887763,29.05493577170393,2606.6121878343647,43.0,39.0,83.97535638748211,85.9375,89.84375,979.0683814751827
session_15.csv,session_15,55,3520,3648,1760,1824,7.04,7.296,clench,1,128,1.0,False,False,21.565312521046266,25.61151003143029,2299.184323768822,42.0,37.0,84.66217908569381,85.9375,85.9375,880.6148131868292
session_15.csv,session_15,56,3584,3712,1792,1856,7.168,7.424,clench,1,128,1.0,False,False,19.145370532335907,23.00748678036146,1919.4693450320717,38.0,33.0,76.44073183017446,74.21875,70.3125,356.98094693759515
session_15.csv,session_15,57,3648,3776,1824,1888,7.296,7.552,clench,1,128,1.0,False,False,16.91565843541043,21.67446973972969,1765.9969447238739,38.0,34.0,81.49095316441912,82.03125,85.9375,394.4249235235177
session_15.csv,session_15,58,3712,3840,1856,1920,7.424,7.68,clench,1,128,1.0,False,False,12.749634046348298,16.324416388361904,1451.7969952912522,40.0,37.0,84.66289977030631,82.03125,74.21875,347.9508993259669
session_15.csv,session_15,59,3776,3904,1888,1952,7.552,7.808,clench,1,128,1.0,False,False,14.746391325147265,18.55008169599309,1694.9568072731063,44.0,42.0,82.096692481303,85.9375,89.84375,268.77368721726054
session_15.csv,session_15,60,3840,3968,1920,1984,7.68,7.936,clench,1,128,1.0,False,False,15.842256563847418,19.59380375041311,1747.7105448386772,42.0,39.0,85.00913546063859,89.84375,97.65625,434.23982754348185
session_15.csv,session_15,61,3904,4032,1952,2016,7.808,8.064,clench,1,128,1.0,False,False,15.3057776082563,19.241023271832397,1562.9107284371164,37.0,33.0,78.02557303539422,78.125,70.3125,185.28790843758875
session_15.csv,session_15,62,3968,4096,1984,2048,7.936,8.192,clench,1,128,1.0,False,False,17.120714609045148,22.70720929830899,1936.3242727130782,40.0,37.0,81.04635379396527,78.125,78.125,898.5086420293183
session_15.csv,session_15,63,4032,4160,2016,2080,8.064,8.32,clench,1,128,1.0,False,False,21.195536850342563,27.820565902674808,2274.010497241137,39.0,35.0,80.56231598077011,82.03125,74.21875,484.8240847895409
session_15.csv,session_15,64,4096,4224,2048,2112,8.192,8.448,clench,1,128,1.0,False,False,20.315379982403137,26.1470888399524,2093.6337929082824,34.0,33.0,76.94071467494557,74.21875,70.3125,572.7366894387599
session_15.csv,session_15,65,4160,4288,2080,2144,8.32,8.576,clench,1,128,1.0,False,False,16.788246095526375,20.251856860899487,1768.766380823506,37.0,35.0,72.7823755984726,70.3125,70.3125,294.91497189242784
session_15.csv,session_15,66,4224,4352,2112,2176,8.448,8.704,clench,1,128,1.0,False,False,17.772912668891806,21.316828684508156,1842.1234537780356,38.0,34.0,80.7023014160259,78.125,78.125,373.45386053032706
session_15.csv,session_15,67,4288,4416,2144,2208,8.576,8.832,clench,1,128,1.0,False,False,18.952229800174386,22.475773132455192,2082.651691386576,42.0,39.0,83.79287711619004,82.03125,78.125,553.7147395352417
session_15.csv,session_15,68,4352,4480,2176,2240,8.704,8.96,clench,1,128,1.0,False,False,15.718971879220213,18.671558907749972,1710.4911626564328,43.0,41.0,88.25542237219243,93.75,93.75,327.4811249280506
session_15.csv,session_15,69,4416,4544,2208,2272,8.832,9.088,clench,1,128,1.0,False,False,7.838434956703697,10.268273859894906,862.5763373093242,39.0,34.0,77.09333733371191,78.125,78.125,113.40722996913584
session_15.csv,session_15,70,4480,4608,2240,2304,8.96,9.216,clench,1,95,0.7421875,True,True,4.985295134015176,6.700136112462266,522.0035865462138,37.0,26.0,84.23896247329631,85.9375,89.84375,30.741255251876765
session_15.csv,session_15,71,4544,4672,2272,2336,9.088,9.344,relax,0,31,0.2421875,True,True,5.21653425546118,6.722350329037053,574.645140299892,43.0,31.0,78.08992238585158,74.21875,85.9375,54.794363530853474
session_15.csv,session_15,72,4608,4736,2304,2368,9.216,9.472,relax,0,0,0.0,False,False,3.4975362649810062,4.412638872389075,383.45875589750756,38.0,26.0,85.22789495071237,89.84375,89.84375,17.635681732461478
session_15.csv,session_15,73,4672,4800,2336,2400,9.344,9.6,relax,0,0,0.0,False,False,3.1162960772616133,4.280254779212528,335.51819730565285,32.0,21.0,83.12641198098838,85.9375,85.9375,22.413808060418855
session_15.csv,session_15,74,4736,4864,2368,2432,9.472,9.728,relax,0,0,0.0,False,False,2.9506323481633654,4.123363696083172,325.5202185641049,32.0,19.0,81.61133165267728,82.03125,82.03125,6.80153862926528
session_15.csv,session_15,75,4800,4928,2400,2464,9.6,9.856,relax,0,0,0.0,False,False,2.485239184723609,3.1394603294617514,289.77687791435756,35.0,23.0,84.4096815866436,85.9375,85.9375,9.725896052997523
session_15.csv,session_15,76,4864,4992,2432,2496,9.728,9.984,relax,0,0,0.0,False,False,2.4083451769410593,3.1354845846691792,280.65069098367474,33.0,23.0,83.94815256483726,85.9375,82.03125,6.941669127743797
session_15.csv,session_15,77,4928,5056,2464,2528,9.856,10.112,relax,0,0,0.0,False,False,2.167524444510812,2.832497253406499,247.11733193258954,31.0,17.0,86.01275029432294,93.75,97.65625,10.827715142525927
session_15.csv,session_15,78,4992,5120,2496,2560,9.984,10.24,relax,0,0,0.0,False,False,1.9815197452520557,2.566536985205591,218.7692669959688,27.0,13.0,77.15795158354484,78.125,74.21875,3.9657235518461493
session_15.csv,session_15,79,5056,5184,2528,2592,10.112,10.368,relax,0,0,0.0,False,False,2.5111379277940507,3.3730104263925167,269.46070493937475,27.0,16.0,80.1104974446724,78.125,89.84375,5.9333596169143386
session_15.csv,session_15,80,5120,5248,2560,2624,10.24,10.496,relax,0,0,0.0,False,False,2.710430157571509,3.4809824817790624,292.7170259274705,34.0,22.0,80.3580563873413,74.21875,70.3125,16.460220536394015
session_15.csv,session_15,81,5184,5312,2592,2656,10.368,10.624,relax,0,0,0.0,False,False,2.197259150293523,2.630547677636548,224.71981735723344,32.0,17.0,85.4886798712815,89.84375,93.75,5.571213732199501
session_15.csv,session_15,82,5248,5376,2624,2688,10.496,10.752,relax,0,0,0.0,False,False,2.3642659894949465,2.9132230728167046,253.3520748260384,32.0,18.0,81.90896363475396,85.9375,89.84375,8.789203388666069
session_15.csv,session_15,83,5312,5440,2656,2720,10.624,10.88,relax,0,0,0.0,False,False,2.65816676630183,3.429560645746404,296.52238111392677,36.0,22.0,82.89763967511905,82.03125,97.65625,12.5172376436813
session_15.csv,session_15,84,5376,5504,2688,2752,10.752,11.008,relax,0,0,0.0,False,False,2.594442446533046,3.28639249086306,280.03210905802865,35.0,22.0,82.31443976923367,78.125,78.125,8.164053185410767
session_15.csv,session_15,85,5440,5568,2720,2784,10.88,11.136,relax,0,0,0.0,False,False,2.490469089914484,2.95028298241109,265.75838382875884,36.0,21.0,81.00075958889113,78.125,70.3125,8.651999493976472
session_15.csv,session_15,86,5504,5632,2752,2816,11.008,11.264,relax,0,0,0.0,False,False,2.5560172879649796,3.060675700649376,270.7766685266284,36.0,20.0,82.6683858877214,89.84375,89.84375,6.553676134273384
session_15.csv,session_15,87,5568,5696,2784,2848,11.136,11.392,relax,0,0,0.0,False,False,2.5762826198965003,3.1378684976412905,284.5450569753019,35.0,20.0,85.41141306516282,89.84375,89.84375,6.803563134898024
session_15.csv,session_15,88,5632,5760,2816,2880,11.264,11.52,relax,0,0,0.0,False,False,2.315604134595656,2.873843675468684,252.6316874419799,32.0,16.0,83.25818325096415,78.125,74.21875,8.491029348138152
session_15.csv,session_15,89,5696,5824,2848,2912,11.392,11.648,relax,0,0,0.0,False,False,2.3027974356030327,2.901733385183564,251.1533548051957,33.0,20.0,82.00845605941079,78.125,97.65625,8.18904113473195
session_15.csv,session_15,90,5760,5888,2880,2944,11.52,11.776,relax,0,29,0.2265625,True,True,5.008254289946756,6.692803156749603,548.7805797221641,40.0,31.0,84.46305104572303,85.9375,97.65625,28.666773291592488
session_15.csv,session_15,91,5824,5952,2912,2976,11.648,11.904,clench,1,93,0.7265625,True,True,13.413343208975713,18.10441038099763,1462.5740508948352,41.0,35.0,85.61601666707698,82.03125,82.03125,402.60030574953373
session_15.csv,session_15,92,5888,6016,2944,3008,11.776,12.032,clench,1,128,1.0,False,False,20.047705525080524,25.232640514424936,2236.40214223279,41.0,39.0,82.21120332779934,78.125,78.125,505.2930010666268
session_15.csv,session_15,93,5952,6080,2976,3040,11.904,12.16,clench,1,128,1.0,False,False,23.994263141333093,29.97553397537883,2642.4905881008294,45.0,42.0,86.44206953036132,89.84375,93.75,1056.3956184121485
session_15.csv,session_15,94,6016,6144,3008,3072,12.032,12.288,clench,1,128,1.0,False,False,25.0635906908934,29.689446339528164,2751.982590429025,46.0,42.0,86.52730662301693,89.84375,89.84375,794.79404231605
session_15.csv,session_15,95,6080,6208,3040,3104,12.16,12.416,clench,1,128,1.0,False,False,21.254637075088134,24.789098678738537,2300.6688978480947,43.0,41.0,83.14874001803514,85.9375,85.9375,672.3334164178192
session_15.csv,session_15,96,6144,6272,3072,3136,12.288,12.544,clench,1,128,1.0,False,False,17.310887978091454,20.800378274981366,1875.4597075529582,43.0,39.0,83.24452286362548,82.03125,89.84375,302.3904849089073
session_15.csv,session_15,97,6208,6336,3104,3168,12.416,12.672,clench,1,128,1.0,False,False,15.111474336533412,17.33044298286209,1654.3917856971923,41.0,38.0,84.9692782380168,85.9375,85.9375,344.147088434657
session_15.csv,session_15,98,6272,6400,3136,3200,12.544,12.8,clench,1,128,1.0,False,False,11.677285880684328,14.073451202586881,1219.537739789794,38.0,33.0,76.70521685762714,74.21875,70.3125,189.91539468556365
session_15.csv,session_15,99,6336,6464,3168,3232,12.672,12.928,clench,1,128,1.0,False,False,8.059284913407083,9.445541618078638,843.6508419793788,39.0,33.0,76.75803740102037,74.21875,74.21875,78.27248515056627
session_15.csv,session_15,100,6400,6528,3200,3264,12.8,13.056,clench,1,128,1.0,False,False,7.389786830283737,8.854250523788135,804.2805550006373,42.0,35.0,83.67045659939308,82.03125,78.125,78.00083590923337
session_15.csv,session_15,101,6464,6592,3232,3296,12.928,13.184,clench,1,128,1.0,False,False,6.59692135802914,8.76597429887565,749.7035256529444,43.0,36.0,83.45338040160698,78.125,78.125,41.51480650888967
session_15.csv,session_15,102,6528,6656,3264,3328,13.056,13.312,clench,1,128,1.0,False,False,9.808489504311382,12.671142816158794,1090.7475047560145,42.0,37.0,81.60850169329467,82.03125,82.03125,181.7024113215809
session_15.csv,session_15,103,6592,6720,3296,3360,13.184,13.44,clench,1,128,1.0,False,False,13.443080552083718,15.763719311770707,1470.5735764878802,43.0,39.0,80.84600404470224,78.125,78.125,222.20379067614908
session_15.csv,session_15,104,6656,6784,3328,3392,13.312,13.568,clench,1,128,1.0,False,False,10.81916950722283,13.248466218156976,1210.2591110523465,44.0,39.0,88.8366379075342,93.75,97.65625,162.1769093314171
session_15.csv,session_15,105,6720,6848,3360,3424,13.44,13.696,clench,1,128,1.0,False,False,10.304601410385335,12.467496464417462,1198.7598612497466,43.0,40.0,86.85509468078483,89.84375,89.84375,153.47723197492851
session_15.csv,session_15,106,6784,6912,3392,3456,13.568,13.824,clench,1,128,1.0,False,False,11.1633289634152,13.626540333022474,1230.6280328812147,40.0,36.0,85.69182134780398,89.84375,89.84375,99.73824473157013
session_15.csv,session_15,107,6848,6976,3424,3488,13.696,13.952,clench,1,128,1.0,False,False,9.055993005217477,11.973142244242247,917.801196235261,35.0,27.0,76.5643031185946,74.21875,74.21875,223.60844997849352
session_15.csv,session_15,108,6912,7040,3456,3520,13.824,14.08,clench,1,128,1.0,False,True,7.800669265062459,10.097970023187392,814.1483137277029,37.0,28.0,77.3005665616735,74.21875,70.3125,63.88285136594411
session_15.csv,session_15,109,6976,7104,3488,3552,13.952,14.208,clench,1,74,0.578125,True,True,4.537198665453081,6.257222544211389,478.29889785238356,33.0,24.0,80.05887980694524,78.125,74.21875,53.86785744538044
session_15.csv,session_15,110,7040,7168,3520,3584,14.08,14.336,relax,0,10,0.078125,True,True,2.929688112805848,3.700118900028547,312.2213877996324,31.0,18.0,83.30579817165166,82.03125,78.125,11.503253231250204
session_15.csv,session_15,111,7104,7232,3552,3616,14.208,14.464,relax,0,0,0.0,False,False,4.378501172193728,5.3421139010210785,461.55499862716255,35.0,23.0,76.18636099662956,74.21875,70.3125,19.336997625707234
session_15.csv,session_15,112,7168,7296,3584,3648,14.336,14.592,relax,0,0,0.0,False,False,4.300972559781051,5.260584670040782,456.17950093937566,37.0,27.0,78.48306685389869,78.125,78.125,34.19027449079541
session_15.csv,session_15,113,7232,7360,3616,3680,14.464,14.72,relax,0,0,0.0,False,False,3.0008731967332816,3.608453976560687,323.6772376519002,38.0,24.0,84.40263103867014,85.9375,89.84375,12.673459297148053
session_15.csv,session_15,114,7296,7424,3648,3712,14.592,14.848,relax,0,0,0.0,False,False,2.991791755679039,3.8459011628510718,323.9406748222577,36.0,22.0,80.65384451642176,82.03125,82.03125,6.072055726707503
session_15.csv,session_15,115,7360,7488,3680,3744,14.72,14.976,relax,0,0,0.0,False,False,3.435480677199436,4.404830544027524,361.55012149477886,35.0,21.0,84.03124877772046,85.9375,85.9375,26.05740684188268
session_15.csv,session_15,116,7424,7552,3712,3776,14.848,15.104,relax,0,0,0.0,False,False,3.141877469432991,3.8843246467706054,347.74104367994863,38.0,25.0,84.87867784710589,85.9375,97.65625,18.035315548786976
session_15.csv,session_15,117,7488,7616,3744,3808,14.976,15.232,relax,0,0,0.0,False,False,2.7114205589956333,3.263986609320404,297.79293587587864,38.0,26.0,82.25399801878791,82.03125,82.03125,8.683402407700799
session_15.csv,session_15,118,7552,7680,3776,3840,15.104,15.36,relax,0,0,0.0,False,False,2.5448577001533366,3.091919739756739,286.75109773619357,37.0,24.0,84.92235003792739,89.84375,89.84375,9.288958892984674
session_15.csv,session_15,119,7616,7744,3808,3872,15.232,15.488,relax,0,0,0.0,False,False,2.379534013298425,2.9869667833304843,262.4583354262255,31.0,17.0,83.52606545006358,85.9375,82.03125,9.126010627539303
session_15.csv,session_15,120,7680,7808,3840,3904,15.36,15.616,relax,0,0,0.0,False,False,2.0728238270758603,2.54384399065992,232.22959764954115,30.0,15.0,87.68018171295589,89.84375,89.84375,4.845105427705863
session_15.csv,session_15,121,7744,7872,3872,3936,15.488,15.744,relax,0,0,0.0,False,False,2.3567061254703168,2.887508327652673,258.8530046325966,33.0,20.0,81.69059629482183,82.03125,82.03125,10.839777388503633
session_15.csv,session_15,122,7808,7936,3904,3968,15.616,15.872,relax,0,0,0.0,False,False,2.2856022974111503,2.881375637037651,257.85341908458287,33.0,20.0,83.69423066968528,85.9375,85.9375,5.057195185858343
session_15.csv,session_15,123,7872,8000,3936,4000,15.744,16.0,relax,0,0,0.0,False,False,2.1848594881759618,2.861240149347841,241.32274731298685,31.0,18.0,85.46824551958876,89.84375,89.84375,8.977265652042965
session_15.csv,session_15,124,7936,8064,3968,4032,15.872,16.128,relax,0,0,0.0,False,True,8.24798261045414,11.924776359189691,867.0355684539788,36.0,28.0,80.93823406756036,78.125,78.125,83.63347792642627
session_15.csv,session_15,125,8000,8128,4000,4064,16.0,16.256,relax,0,43,0.3359375,True,True,13.955641704220087,16.68260772974641,1545.4420572835704,42.0,39.0,84.51073469278586,85.9375,85.9375,410.4560688531773
session_15.csv,session_15,126,8064,8192,4032,4096,16.128,16.384,clench,1,107,0.8359375,True,True,19.247229147965733,24.186150933070472,2143.833801693885,42.0,40.0,83.73661730872276,82.03125,82.03125,634.0124557983469
session_15.csv,session_15,127,8128,8256,4064,4128,16.256,16.512,clench,1,128,1.0,False,False,20.285612051309933,24.775387257604862,2216.857045503708,44.0,40.0,84.09826755652117,85.9375,89.84375,438.8956514848774
session_15.csv,session_15,128,8192,8320,4096,4160,16.384,16.64,clench,1,128,1.0,False,False,18.021152280211652,20.689547266499833,1910.7814990930462,42.0,37.0,83.50138157676774,82.03125,82.03125,365.37620004853744
session_15.csv,session_15,129,8256,8384,4128,4192,16.512,16.768,clench,1,128,1.0,False,False,20.873542688289795,24.751458062654383,2212.7380113587956,41.0,39.0,79.38476073670506,82.03125,82.03125,800.7811000529193
session_15.csv,session_15,130,8320,8448,4160,4224,16.64,16.896,clench,1,128,1.0,False,False,23.21927651128124,27.35821470948533,2458.92224399871,42.0,39.0,82.07139256552676,82.03125,82.03125,514.6599757173731
session_15.csv,session_15,131,8384,8512,4192,4256,16.768,17.024,clench,1,128,1.0,False,False,25.506922964690126,29.970683359532064,2781.935542141367,42.0,36.0,84.26205679285783,82.03125,82.03125,672.5426837981728
session_15.csv,session_15,132,8448,8576,4224,4288,16.896,17.152,clench,1,128,1.0,False,False,25.58564909502264,33.36652429161674,2751.8733212252373,41.0,36.0,83.45432440428922,82.03125,82.03125,888.4820360243223
session_15.csv,session_15,133,8512,8640,4256,4320,17.024,17.28,clench,1,128,1.0,False,False,23.161603803615726,30.12033951558943,2447.121802730773,41.0,36.0,77.50600397118845,74.21875,70.3125,1459.0669827144673
session_15.csv,session_15,134,8576,8704,4288,4352,17.152,17.408,clench,1,128,1.0,False,False,17.535400567435417,20.777085722208316,1875.11892626716,43.0,38.0,79.96343512349402,78.125,78.125,460.241469279345
session_15.csv,session_15,135,8640,8768,4320,4384,17.28,17.536,clench,1,128,1.0,False,False,12.923375986964214,15.274915553575312,1450.8116199777908,45.0,41.0,88.02037298742322,93.75,93.75,212.19219255624475
session_15.csv,session_15,136,8704,8832,4352,4416,17.408,17.664,clench,1,128,1.0,False,False,15.523796021816885,18.716515382134034,1725.3138278902252,43.0,41.0,82.73070024369791,82.03125,74.21875,390.6587493594676
session_15.csv,session_15,137,8768,8896,4384,4448,17.536,17.792,clench,1,128,1.0,False,False,23.613098301883483,28.104618002449275,2512.321829778408,41.0,38.0,79.28534444627176,74.21875,74.21875,658.2518671686498
session_15.csv,session_15,138,8832,8960,4416,4480,17.664,17.92,clench,1,128,1.0,False,False,18.232601792413718,24.659654182816677,1922.1240016708184,41.0,36.0,81.26984204187727,82.03125,82.03125,648.0752760433238
session_15.csv,session_15,139,8896,9024,4448,4512,17.792,18.048,clench,1,128,1.0,False,False,14.017169971572764,21.896368755427993,1493.0639205338155,41.0,34.0,77.05796823939501,82.03125,85.9375,68.99702149280104
session_15.csv,session_15,140,8960,9088,4480,4544,17.92,18.176,clench,1,128,1.0,False,False,20.241110315035314,28.27320993786358,2138.6908355228725,39.0,33.0,83.68424805600766,82.03125,82.03125,1694.1512912740807
session_15.csv,session_15,141,9024,9152,4512,4576,18.048,18.304,clench,1,128,1.0,False,False,13.763072256479358,21.019774812913358,1354.4682235125367,38.0,32.0,77.46085249200762,74.21875,70.3125,171.54044751376063
session_15.csv,session_15,142,9088,9216,4544,4608,18.176,18.432,clench,1,128,1.0,False,True,5.8876196401641465,8.295724937899116,634.9686527649923,39.0,30.0,76.88718920426837,74.21875,74.21875,19.68446026813291
session_15.csv,session_15,143,9152,9280,4576,4640,18.304,18.56,clench,1,73,0.5703125,True,True,4.789177628399088,5.705160419736642,518.5795849394226,39.0,31.0,85.61999841042403,85.9375,93.75,38.60079668976226
session_15.csv,session_15,144,9216,9344,4608,4672,18.432,18.688,relax,0,9,0.0703125,True,True,5.452411567379119,6.7390373410268465,583.7751053125833,37.0,31.0,80.88608928788858,82.03125,82.03125,34.93338573465762
session_15.csv,session_15,145,9280,9408,4640,4704,18.56,18.816,relax,0,0,0.0,False,False,4.817596504841184,6.0727704161079,509.18108381251335,40.0,27.0,77.1804759553752,78.125,78.125,40.42080451721843
session_15.csv,session_15,146,9344,9472,4672,4736,18.688,18.944,relax,0,0,0.0,False,False,3.153793579193867,3.7779955857359013,333.5455550049622,38.0,21.0,82.78384248955945,89.84375,89.84375,15.573489811196307
session_15.csv,session_15,147,9408,9536,4704,4768,18.816,19.072,relax,0,0,0.0,False,False,3.391238481779574,4.343091721481502,362.6981567942678,33.0,20.0,79.55359073218409,78.125,74.21875,22.368779290533023
session_15.csv,session_15,148,9472,9600,4736,4800,18.944,19.2,relax,0,0,0.0,False,False,3.5273905506861434,4.498193623148337,376.49266213938165,34.0,23.0,82.65046056532137,82.03125,74.21875,22.09513133455528
session_15.csv,session_15,149,9536,9664,4768,4832,19.072,19.328,relax,0,0,0.0,False,False,3.1258716887804905,3.9960627436526597,326.9478957457642,35.0,20.0,76.70577141041154,74.21875,74.21875,13.469215079753628
session_15.csv,session_15,150,9600,9728,4800,4864,19.2,19.456,relax,0,0,0.0,False,False,3.2109648864043487,4.205151334545517,349.91850349787126,34.0,21.0,80.60097769363175,78.125,78.125,23.003520044509898
session_15.csv,session_15,151,9664,9792,4832,4896,19.328,19.584,relax,0,0,0.0,False,False,2.680585231076744,3.4417747842528703,281.71498724991824,30.0,18.0,78.375306450393,78.125,66.40625,12.100116578593642
session_15.csv,session_15,152,9728,9856,4864,4928,19.456,19.712,relax,0,0,0.0,False,False,2.72652023303263,3.4944824388208366,278.8088566962614,34.0,18.0,83.77896765854602,85.9375,89.84375,6.715573912559497
session_15.csv,session_15,153,9792,9920,4896,4960,19.584,19.84,relax,0,0,0.0,False,False,3.0216650246389234,3.8307223019877625,326.7573006505561,36.0,23.0,81.22303554567789,82.03125,85.9375,21.57486171379315
session_15.csv,session_15,154,9856,9984,4928,4992,19.712,19.968,relax,0,0,0.0,False,False,2.7802223518377955,3.408148259035613,307.34789155005444,35.0,25.0,77.26485398876262,74.21875,70.3125,12.725374223812453
session_15.csv,session_15,155,9920,10048,4960,5024,19.84,20.096,relax,0,0,0.0,False,False,2.835250724708099,3.350067411512589,306.031973479729,39.0,23.0,82.02218494790968,78.125,74.21875,10.477999961775282
session_15.csv,session_15,156,9984,10112,4992,5056,19.968,20.224,relax,0,0,0.0,False,False,3.7625243353854003,4.7154547263795115,406.54476057338144,37.0,23.0,82.89484985041788,82.03125,82.03125,23.005557278406815
session_15.csv,session_15,157,10048,10176,5024,5088,20.096,20.352,relax,0,7,0.0546875,True,True,7.547209816995842,9.423361812473326,826.8443105548665,39.0,33.0,83.23934903045337,82.03125,82.03125,60.04779482532201
session_15.csv,session_15,158,10112,10240,5056,5120,20.224,20.48,clench,1,71,0.5546875,True,True,11.102240266332586,13.296258434467292,1157.0843757158377,42.0,33.0,82.50180691340479,82.03125,82.03125,181.2115563602007
session_15.csv,session_15,159,10176,10304,5088,5152,20.352,20.608,clench,1,128,1.0,False,True,11.71792543481469,14.03450579190663,1232.5957982365692,42.0,38.0,79.24336381110801,82.03125,82.03125,148.3958341124403
session_15.csv,session_15,160,10240,10368,5120,5184,20.48,20.736,clench,1,128,1.0,False,False,16.84115103136,20.37536260628647,1764.568118197841,40.0,38.0,75.08952033916546,74.21875,74.21875,499.5024332354859
session_15.csv,session_15,161,10304,10432,5152,5216,20.608,20.864,clench,1,128,1.0,False,False,19.654813558647795,23.04815352938695,2103.8211371395228,42.0,39.0,82.95963641591793,85.9375,89.84375,466.80344162139204
session_15.csv,session_15,162,10368,10496,5184,5248,20.736,20.992,clench,1,128,1.0,False,False,16.992002916661612,20.051760783929698,1809.9774337221822,43.0,40.0,84.68290593698252,82.03125,82.03125,223.42280230794825
session_15.csv,session_15,163,10432,10560,5216,5280,20.864,21.12,clench,1,128,1.0,False,False,18.154836506929335,21.526652002937517,1945.5168818528084,42.0,36.0,77.1105862387613,78.125,78.125,541.7087569634159
session_15.csv,session_15,164,10496,10624,5248,5312,20.992,21.248,clench,1,128,1.0,False,False,18.33844756724295,21.790145251676485,1907.40415837395,41.0,34.0,82.78481219781166,82.03125,93.75,560.4548275190514
session_15.csv,session_15,165,10560,10688,5280,5344,21.12,21.376,clench,1,128,1.0,False,False,17.80702962660017,22.12267705454389,1983.5098973163495,42.0,40.0,84.47608651852015,85.9375,89.84375,537.7819465130501
session_15.csv,session_15,166,10624,10752,5312,5376,21.248,21.504,clench,1,128,1.0,False,False,20.010564926869584,24.255235781401357,2315.365179509228,45.0,42.0,85.7462467735672,89.84375,89.84375,389.7684631540997
session_15.csv,session_15,167,10688,10816,5344,5408,21.376,21.632,clench,1,128,1.0,False,False,18.305580720082094,22.062766632463493,2007.485081573484,43.0,39.0,85.01001169183527,89.84375,89.84375,474.61211172058995
session_15.csv,session_15,168,10752,10880,5376,5440,21.504,21.76,clench,1,128,1.0,False,False,16.301752896393864,20.31563584792787,1742.8971035606262,40.0,38.0,80.6727564143455,78.125,78.125,538.0784464718029
session_15.csv,session_15,169,10816,10944,5408,5472,21.632,21.888,clench,1,128,1.0,False,False,17.42425401833578,21.311850527314437,1944.4084529527577,40.0,39.0,84.3365872403949,82.03125,82.03125,352.9860731880106
session_15.csv,session_15,170,10880,11008,5440,5504,21.76,22.016,clench,1,128,1.0,False,False,18.39142923660399,23.297963044931556,2027.2617669001343,40.0,38.0,80.20938903506645,78.125,74.21875,528.4773461750158
session_15.csv,session_15,171,10944,11072,5472,5536,21.888,22.144,clench,1,128,1.0,False,False,16.653644738008126,21.65052558068462,1779.9000863416256,40.0,35.0,79.2133878389773,82.03125,82.03125,230.45490525643444
session_15.csv,session_15,172,11008,11136,5504,5568,22.016,22.272,clench,1,128,1.0,False,False,13.547435474981263,16.419996529991344,1489.8787266990537,42.0,38.0,78.841774219802,78.125,78.125,286.2780159895106
session_15.csv,session_15,173,11072,11200,5536,5600,22.144,22.4,clench,1,128,1.0,False,False,16.492209178434,19.445951904991727,1777.89313418334,43.0,40.0,86.66684358792237,89.84375,93.75,288.69820558287853
session_15.csv,session_15,174,11136,11264,5568,5632,22.272,22.528,clench,1,128,1.0,False,False,18.370260102354095,21.740309661282986,1960.0122945756416,41.0,38.0,81.65480976227663,82.03125,74.21875,593.7504360649721
session_15.csv,session_15,175,11200,11328,5600,5664,22.4,22.656,clench,1,128,1.0,False,False,11.495744074879996,15.55602724387703,1212.6582993314094,40.0,33.0,81.05040246165302,82.03125,85.9375,150.35893483076492
session_15.csv,session_15,176,11264,11392,5632,5696,22.528,22.784,clench,1,92,0.71875,True,True,4.875431063892043,6.16235149930503,517.8797091114322,38.0,27.0,82.47086507714785,82.03125,97.65625,18.064741298644705
session_15.csv,session_15,177,11328,11456,5664,5728,22.656,22.912,relax,0,28,0.21875,True,True,4.110115550077651,5.07029377076386,448.7192000819828,36.0,26.0,85.07224299151346,85.9375,89.84375,20.085817731257187
session_15.csv,session_15,178,11392,11520,5696,5760,22.784,23.04,relax,0,0,0.0,False,False,4.44440684924335,5.428399729881428,488.8325420253391,38.0,31.0,82.52262219078796,85.9375,85.9375,35.57899037797667
session_15.csv,session_15,179,11456,11584,5728,5792,22.912,23.168,relax,0,0,0.0,False,False,3.8408534455617973,4.956206558828304,423.49010202016103,33.0,25.0,78.85672031247798,78.125,74.21875,33.57393316085149
session_15.csv,session_15,180,11520,11648,5760,5824,23.04,23.296,relax,0,0,0.0,False,False,2.6282535971256897,3.6263506844290627,267.66438245435285,29.0,14.0,82.34285662403397,82.03125,89.84375,4.153470425694252
session_15.csv,session_15,181,11584,11712,5792,5856,23.168,23.424,relax,0,0,0.0,False,False,1.8340188090698404,2.171215128807284,192.843982464184,28.0,12.0,78.11774431412147,78.125,66.40625,4.870344178897353
session_15.csv,session_15,182,11648,11776,5824,5888,23.296,23.552,relax,0,0,0.0,False,False,1.832219012703549,2.2999987445454253,190.9700848289868,23.0,9.0,73.98141337657131,74.21875,66.40625,3.0222858321252115
session_15.csv,session_15,183,11712,11840,5856,5920,23.424,23.68,relax,0,0,0.0,False,False,2.540588659550905,3.0535294386935226,257.97621681516586,30.0,16.0,79.28304569457704,78.125,82.03125,12.142149890002432
session_15.csv,session_15,184,11776,11904,5888,5952,23.552,23.808,relax,0,0,0.0,False,False,2.7875447373138886,3.1974399953707997,293.52186657146405,38.0,22.0,76.5132093630362,74.21875,70.3125,10.608276047815293
session_15.csv,session_15,185,11840,11968,5920,5984,23.68,23.936,relax,0,0,0.0,False,False,2.4984989353663223,2.8698473052147557,254.53920931621735,35.0,18.0,83.93748370661275,85.9375,89.84375,7.149175417990651
session_15.csv,session_15,186,11904,12032,5952,6016,23.808,24.064,relax,0,0,0.0,False,False,2.7712638357825687,3.215879840675131,287.4354990332788,35.0,19.0,85.4816797405068,89.84375,89.84375,10.540033032169923
session_15.csv,session_15,187,11968,12096,5984,6048,23.936,24.192,relax,0,0,0.0,False,False,2.4891097791677645,2.9793320753308965,265.40054422762125,34.0,19.0,82.39490669422503,78.125,93.75,9.023253245382666
session_15.csv,session_15,188,12032,12160,6016,6080,24.064,24.32,relax,0,0,0.0,False,False,1.902686969269486,2.2585789621307693,205.3817145538692,31.0,17.0,83.50365873127024,85.9375,93.75,4.635978164503894
session_15.csv,session_15,189,12096,12224,6048,6112,24.192,24.448,relax,0,0,0.0,False,False,2.0356968500638493,2.627811537174381,226.57157128907494,30.0,20.0,85.56610156864997,89.84375,97.65625,3.4443688463894984
session_15.csv,session_15,190,12160,12288,6080,6144,24.32,24.576,relax,0,0,0.0,False,False,2.289155883816789,2.861013313583987,241.98961460631418,32.0,19.0,79.71908766984973,74.21875,74.21875,9.963832338457866
session_15.csv,session_15,191,12224,12352,6112,6176,24.448,24.704,relax,0,0,0.0,False,False,2.487114897118021,2.9491937485989257,260.43952687452133,34.0,18.0,79.41138327815446,74.21875,70.3125,8.083972737860663
session_15.csv,session_15,192,12288,12416,6144,6208,24.576,24.832,relax,0,0,0.0,False,False,1.8763576056793463,2.4467622767482067,203.30390440533216,22.0,13.0,82.19895332167896,82.03125,93.75,6.55869809459428
session_15.csv,session_15,193,12352,12480,6176,6240,24.704,24.96,relax,0,0,0.0,False,False,1.1087128441442289,1.377655821351369,117.81583173099666,12.0,4.0,78.42227560827722,78.125,70.3125,1.5927540125360322
session_15.csv,session_15,194,12416,12544,6208,6272,24.832,25.088,relax,0,0,0.0,False,False,1.6876194006342056,2.148936532225048,175.230354911838,20.0,7.0,81.91509315570218,82.03125,97.65625,2.7176918777824923
session_15.csv,session_15,195,12480,12608,6240,6304,24.96,25.216,relax,0,0,0.0,False,False,2.023119780006067,2.5076784946053103,209.92044427686403,24.0,9.0,74.2158419654844,70.3125,70.3125,8.525924564750534
session_15.csv,session_15,196,12544,12672,6272,6336,25.088,25.344,relax,0,0,0.0,False,False,1.5199266983746829,1.9369742617992614,159.069089307605,17.0,6.0,77.64929574171906,78.125,66.40625,2.6449622097697825
session_15.csv,session_15,197,12608,12736,6304,6368,25.216,25.472,relax,0,0,0.0,False,True,2.2522946079315114,3.5719624340240332,239.68460866011173,20.0,12.0,73.50892287143488,70.3125,66.40625,2.8157589172273836
session_15.csv,session_15,198,12672,12800,6336,6400,25.344,25.6,relax,0,54,0.421875,True,True,10.72490668748033,17.95852420668905,1082.9232993240148,32.0,26.0,75.32538377933491,70.3125,70.3125,73.76316775840652
session_15.csv,session_15,199,12736,12864,6368,6432,25.472,25.728,clench,1,118,0.921875,True,True,20.24271215119353,26.10843374127394,2197.411948332079,40.0,36.0,82.75877343111453,82.03125,74.21875,1009.7395238545465
session_15.csv,session_15,200,12800,12928,6400,6464,25.6,25.856,clench,1,128,1.0,False,False,17.96276350386743,22.637919673040493,2001.649383034928,43.0,39.0,81.67275291668207,78.125,78.125,517.1773328716133
session_15.csv,session_15,201,12864,12992,6432,6496,25.728,25.984,clench,1,128,1.0,False,False,16.472238970630126,19.709716684133326,1809.0393198262786,44.0,40.0,83.23814513333197,82.03125,74.21875,432.7584322759428
session_15.csv,session_15,202,12928,13056,6464,6528,25.856,26.112,clench,1,128,1.0,False,False,14.8429968722378,18.674103188674923,1604.3486178813496,41.0,37.0,79.3483160871829,78.125,78.125,168.67321434412588
session_15.csv,session_15,203,12992,13120,6496,6560,25.984,26.24,clench,1,128,1.0,False,False,10.507258334688927,13.379663162175413,1132.0185489163164,40.0,34.0,85.7227359905727,85.9375,78.125,273.39300319248287
session_15.csv,session_15,204,13056,13184,6528,6592,26.112,26.368,clench,1,128,1.0,False,False,10.140929051328815,12.532478008896677,1028.1843155552651,36.0,29.0,75.99436355438941,74.21875,74.21875,131.15879276660044
session_15.csv,session_15,205,13120,13248,6560,6624,26.24,26.496,clench,1,128,1.0,False,False,8.709525961088989,11.307317352969681,940.2714066414886,38.0,35.0,84.54116979741872,89.84375,89.84375,183.93263130624499
session_15.csv,session_15,206,13184,13312,6592,6656,26.368,26.624,clench,1,128,1.0,False,False,8.069512141546783,9.813444849966274,872.3531970596421,42.0,40.0,80.62402567222209,74.21875,74.21875,58.250713195534914
session_15.csv,session_15,207,13248,13376,6624,6688,26.496,26.752,clench,1,128,1.0,False,False,10.627608065093618,12.376796920825234,1142.8773000564136,43.0,41.0,79.90883360484928,78.125,74.21875,171.77660181223794
session_15.csv,session_15,208,13312,13440,6656,6720,26.624,26.88,clench,1,128,1.0,False,False,15.828878010950833,19.34265413551636,1683.55687425659,43.0,40.0,87.1298382302884,89.84375,93.75,246.04965462548972
session_15.csv,session_15,209,13376,13504,6688,6752,26.752,27.008,clench,1,128,1.0,False,False,21.571585361666486,25.706700893057356,2299.5975668736496,42.0,40.0,84.18474776606179,85.9375,85.9375,732.125414158631
session_15.csv,session_15,210,13440,13568,6720,6784,26.88,27.136,clench,1,128,1.0,False,False,18.18774225293624,22.437523518486252,1958.2380799818966,41.0,38.0,83.09477037440774,78.125,78.125,531.4375610775693
session_15.csv,session_15,211,13504,13632,6752,6816,27.008,27.264,clench,1,128,1.0,False,False,14.643701872916465,18.055029608102735,1632.2550382965105,42.0,40.0,79.28133247699704,78.125,78.125,426.762341169139
session_15.csv,session_15,212,13568,13696,6784,6848,27.136,27.392,clench,1,128,1.0,False,False,16.56944162070326,19.884614465449392,1770.0774275224735,41.0,40.0,80.74574481688084,78.125,78.125,345.9056331948414
session_15.csv,session_15,213,13632,13760,6816,6880,27.264,27.52,clench,1,128,1.0,False,False,16.43769636940423,19.544604404108913,1756.0329920883717,41.0,39.0,83.1385810916375,85.9375,89.84375,451.67701640452606
session_15.csv,session_15,214,13696,13824,6848,6912,27.392,27.648,clench,1,128,1.0,False,False,15.44456634112733,18.402589102114735,1642.1015050593376,42.0,38.0,79.0238286955726,74.21875,74.21875,244.92364489873884
session_15.csv,session_15,215,13760,13888,6880,6944,27.52,27.776,clench,1,128,1.0,False,False,16.14381807105542,19.393364514007327,1719.0489504129312,39.0,37.0,78.798583652404,78.125,82.03125,430.51223466324524
session_15.csv,session_15,216,13824,13952,6912,6976,27.648,27.904,clench,1,128,1.0,False,False,12.95083043761296,16.775744985179028,1382.8615441493394,38.0,38.0,75.99560444274032,74.21875,66.40625,235.34445597322912
session_15.csv,session_15,217,13888,14016,6944,7008,27.776,28.032,clench,1,128,1.0,False,False,7.61020430130292,9.32553940295988,830.2730897796863,41.0,36.0,79.83281481223298,82.03125,85.9375,123.08943871502738
session_15.csv,session_15,218,13952,14080,6976,7040,27.904,28.16,clench,1,125,0.9765625,True,True,6.692480199797387,8.152849266471181,686.4099280192543,41.0,32.0,86.81531962472259,85.9375,93.75,44.85302828883246
session_15.csv,session_15,219,14016,14144,7008,7072,28.032,28.288,relax,0,61,0.4765625,True,True,6.223841502452322,7.410475419463793,645.4937472956117,40.0,31.0,79.71232588806424,78.125,78.125,77.73935761383576
session_15.csv,session_15,220,14080,14208,7040,7104,28.16,28.416,relax,0,0,0.0,False,True,6.2222175189588524,7.406835041773472,650.8822203377803,39.0,30.0,77.98548517628915,78.125,78.125,34.67164923894135
session_15.csv,session_15,221,14144,14272,7072,7136,28.288,28.544,relax,0,0,0.0,False,False,5.217467891261132,6.186208211449455,551.6537816168283,41.0,28.0,83.79194545333512,82.03125,82.03125,34.23398121039151
session_15.csv,session_15,222,14208,14336,7104,7168,28.416,28.672,relax,0,0,0.0,False,False,4.633221646209296,5.478619728504795,530.0527387002428,44.0,34.0,87.01465947717105,89.84375,89.84375,44.90069286051644
session_15.csv,session_15,223,14272,14400,7136,7200,28.544,28.8,relax,0,0,0.0,False,False,3.3039086144017653,4.2056042768801865,366.5116474153761,36.0,23.0,82.44471111815149,82.03125,85.9375,10.565373843534218
session_15.csv,session_15,224,14336,14464,7168,7232,28.672,28.928,relax,0,0,0.0,False,False,1.7452798158936247,2.1244978923099374,191.77558673463557,26.0,12.0,83.02616545698199,85.9375,85.9375,3.493487191771954
session_15.csv,session_15,225,14400,14528,7200,7264,28.8,29.056,relax,0,0,0.0,False,False,2.1905563002460404,2.8573939455066073,241.00340812950293,28.0,16.0,84.19091136321286,85.9375,89.84375,9.674015136885115
session_15.csv,session_15,226,14464,14592,7232,7296,28.928,29.184,relax,0,0,0.0,False,False,2.459072018888392,3.0735816703947307,264.795175887826,32.0,17.0,81.08088363795935,82.03125,89.84375,7.186818644374046
session_15.csv,session_15,227,14528,14656,7264,7328,29.056,29.312,relax,0,0,0.0,False,False,2.505155424353715,3.0681769283125795,269.4035415934153,33.0,18.0,82.45036167538245,82.03125,78.125,4.619457654429015
session_15.csv,session_15,228,14592,14720,7296,7360,29.184,29.44,relax,0,0,0.0,False,False,3.139726017576247,3.7712082650400363,343.33878977145326,36.0,25.0,82.10120731294666,82.03125,82.03125,13.76966338553363
session_15.csv,session_15,229,14656,14784,7328,7392,29.312,29.568,relax,0,0,0.0,False,False,2.7260939188539925,3.313835280286186,302.3764909935568,36.0,23.0,83.05912172508998,82.03125,78.125,10.896133948013395
session_15.csv,session_15,230,14720,14848,7360,7424,29.44,29.696,relax,0,0,0.0,False,False,2.095213917697147,2.515461984245481,226.0950689768442,31.0,14.0,86.12312709931946,85.9375,85.9375,7.033352019014807
session_15.csv,session_15,231,14784,14912,7392,7456,29.568,29.824,relax,0,0,0.0,False,False,1.9170642550725707,2.357678123134532,206.029292413455,26.0,11.0,80.00562706606034,78.125,70.3125,6.020219626276166
session_15.csv,session_15,232,14848,14976,7424,7488,29.696,29.952,relax,0,0,0.0,False,False,2.005949906895027,2.5258157106219556,216.1171933182075,29.0,14.0,76.74106044755167,74.21875,85.9375,4.042933272649088
session_15.csv,session_15,233,14912,15040,7456,7520,29.824,30.08,relax,0,0,0.0,False,False,2.470374696001809,3.109102235881112,254.96320557698132,30.0,14.0,75.00035752625499,74.21875,74.21875,11.95337561489811
session_15.csv,session_15,234,14976,15104,7488,7552,29.952,30.208,relax,0,0,0.0,False,False,3.093506149129083,3.9076025607354135,328.5569782092179,32.0,18.0,80.38004806886514,78.125,78.125,14.716951009844063
session_15.csv,session_15,235,15040,15168,7520,7584,30.08,30.336,relax,0,0,0.0,False,False,3.0044407466870053,3.887452846550289,333.2734641071985,36.0,24.0,82.19493858685337,82.03125,97.65625,12.55869100878768
session_15.csv,session_15,236,15104,15232,7552,7616,30.208,30.464,relax,0,0,0.0,False,False,2.4643111466201537,3.2072190073129474,273.14006439899254,32.0,19.0,81.4433321626431,78.125,78.125,9.276268616570556
session_15.csv,session_15,237,15168,15296,7584,7648,30.336,30.592,relax,0,0,0.0,False,False,1.957284784840297,2.542277535255208,214.3392963015974,28.0,15.0,82.65191410626986,82.03125,74.21875,3.5156921124293556
session_15.csv,session_15,238,15232,15360,7616,7680,30.464,30.72,relax,0,0,0.0,False,False,1.910256544628112,2.403222260799744,214.35122314832967,29.0,16.0,84.15202843507296,89.84375,89.84375,4.975585670904559
session_15.csv,session_15,239,15296,15424,7648,7712,30.592,30.848,relax,0,0,0.0,False,False,2.3509276885504606,3.260620812173509,269.0392766666574,27.0,17.0,86.31824602492257,93.75,93.75,3.2383429727745985
session_15.csv,session_15,240,15360,15488,7680,7744,30.72,30.976,relax,0,0,0.0,False,False,3.2880297197591295,4.5460834491519355,370.8058984445783,28.0,22.0,86.74863263416158,85.9375,82.03125,18.559823650676233
session_15.csv,session_15,241,15424,15552,7712,7776,30.848,31.104,relax,0,0,0.0,False,True,12.427893708396608,17.878916456207758,1318.6723832542593,38.0,34.0,78.6014648949537,78.125,78.125,285.39156552761733
session_15.csv,session_15,242,15488,15616,7744,7808,30.976,31.232,relax,0,42,0.328125,True,True,23.05428130866654,28.108541213380434,2554.67508068987,44.0,41.0,84.2143881854805,85.9375,97.65625,500.76654077367533
session_15.csv,session_15,243,15552,15680,7776,7840,31.104,31.36,clench,1,106,0.828125,True,True,20.459660961067947,25.535673504234097,2289.4380995064353,45.0,42.0,81.68688981828677,82.03125,82.03125,584.9934099423863
session_15.csv,session_15,244,15616,15744,7808,7872,31.232,31.488,clench,1,128,1.0,False,False,14.95169566436343,18.877875696880572,1647.4700619217829,40.0,37.0,85.47689387918955,85.9375,85.9375,511.5610353028236
session_15.csv,session_15,245,15680,15808,7840,7904,31.36,31.616,clench,1,128,1.0,False,False,13.153695343807597,17.18920198303911,1466.9754962381908,39.0,36.0,84.66293495895509,82.03125,82.03125,123.39539583562234
session_15.csv,session_15,246,15744,15872,7872,7936,31.488,31.744,clench,1,128,1.0,False,False,13.191205913464518,15.897222409331368,1401.9698920095418,41.0,32.0,82.69017606101457,82.03125,78.125,235.07737856285283
session_15.csv,session_15,247,15808,15936,7904,7968,31.616,31.872,clench,1,128,1.0,False,False,15.968959855716307,19.778972949726754,1692.575719243878,41.0,34.0,80.30525938049574,82.03125,82.03125,251.891289243188
session_15.csv,session_15,248,15872,16000,7936,8000,31.744,32.0,clench,1,128,1.0,False,False,15.915485135664127,20.322810417963463,1720.8947663176493,40.0,35.0,85.32214796980588,89.84375,89.84375,582.2195607130316
session_15.csv,session_15,249,15936,16064,7968,8032,31.872,32.128,clench,1,128,1.0,False,False,16.248652630492412,20.175926236962574,1738.721727745386,39.0,34.0,82.91907946416364,82.03125,82.03125,364.7011502609082
session_15.csv,session_15,250,16000,16128,8000,8064,32.0,32.256,clench,1,128,1.0,False,False,21.87039711071732,26.94161885803302,2292.8521335929286,38.0,35.0,79.07554504435711,78.125,74.21875,749.4121748399681
session_15.csv,session_15,251,16064,16192,8032,8096,32.128,32.384,clench,1,128,1.0,False,False,20.58499872177607,26.138550217843363,2200.9474901426483,39.0,34.0,81.62697937540622,78.125,74.21875,431.29600238144957
session_15.csv,session_15,252,16128,16256,8064,8128,32.256,32.512,clench,1,128,1.0,False,False,21.23089768704969,26.421880026385043,2250.7228045630263,39.0,33.0,78.08770358960078,74.21875,74.21875,790.5753217970099
session_15.csv,session_15,253,16192,16320,8096,8160,32.384,32.64,clench,1,128,1.0,False,False,21.037121018284452,26.114482583541143,2248.22368833375,39.0,37.0,82.22613496201694,78.125,74.21875,567.0130581791071
session_15.csv,session_15,254,16256,16384,8128,8192,32.512,32.768,clench,1,128,1.0,False,False,14.276235434700409,18.9790854208194,1638.641859132201,42.0,38.0,85.7981074326342,85.9375,85.9375,529.6423668947259
session_15.csv,session_15,255,16320,16448,8160,8224,32.64,32.896,clench,1,128,1.0,False,False,14.524789902888166,18.82426031793682,1596.6433097386582,42.0,37.0,81.59894557051734,78.125,74.21875,223.37305614481488
session_15.csv,session_15,256,16384,16512,8192,8256,32.768,33.024,clench,1,128,1.0,False,False,13.61863886743626,16.20538061160562,1446.522157027316,43.0,36.0,81.51727020790054,82.03125,78.125,236.30720689982618
session_15.csv,session_15,257,16448,16576,8224,8288,32.896,33.152,clench,1,128,1.0,False,False,12.738390034605064,14.823850178614105,1410.4796996335429,44.0,37.0,85.90855810494558,85.9375,85.9375,180.92949805009775
session_15.csv,session_15,258,16512,16640,8256,8320,33.024,33.28,clench,1,128,1.0,False,False,12.434579201523341,15.12454830155463,1390.9565027290716,42.0,40.0,82.91714315057476,82.03125,89.84375,169.2286790947317
session_15.csv,session_15,259,16576,16704,8288,8352,33.152,33.408,clench,1,128,1.0,False,False,11.293467460077437,14.11888470841651,1181.412021684961,38.0,37.0,77.2934744984597,78.125,70.3125,200.60119637839148
session_15.csv,session_15,260,16640,16768,8320,8384,33.28,33.536,clench,1,128,1.0,False,False,10.772992815108747,13.358057982298757,1138.6292022637049,40.0,39.0,81.21170795853821,82.03125,66.40625,137.62815444330184
session_15.csv,session_15,261,16704,16832,8352,8416,33.408,33.664,clench,1,128,1.0,False,False,14.088215567797569,19.07692625815368,1510.01912726966,38.0,40.0,77.29048220144423,78.125,74.21875,653.5948424415603
session_15.csv,session_15,262,16768,16896,8384,8448,33.536,33.792,clench,1,128,1.0,False,False,16.69541178439046,21.808239672920262,1783.4829683148503,38.0,37.0,77.67235036614595,74.21875,74.21875,280.65145884138127
session_15.csv,session_15,263,16832,16960,8416,8480,33.664,33.92,clench,1,128,1.0,False,False,19.32789240346862,25.709757725712166,2079.929522776742,41.0,39.0,82.19580390143001,82.03125,82.03125,1114.7539459993818
session_15.csv,session_15,264,16896,17024,8448,8512,33.792,34.048,clench,1,115,0.8984375,True,True,15.601684404717998,22.79890945784075,1665.683781527822,39.0,34.0,80.3266260958259,82.03125,85.9375,159.61771693867456
session_15.csv,session_15,265,16960,17088,8480,8544,33.92,34.176,relax,0,51,0.3984375,True,True,6.719045150461245,8.48667096452154,726.244900633981,37.0,29.0,78.05836451409733,78.125,70.3125,72.22366797453851
session_15.csv,session_15,266,17024,17152,8512,8576,34.048,34.304,relax,0,0,0.0,False,True,3.7466582876267704,5.284371777087045,404.62514501074577,26.0,19.0,80.60501389962208,82.03125,93.75,21.313220339142003
session_15.csv,session_15,267,17088,17216,8544,8608,34.176,34.432,relax,0,0,0.0,False,False,2.940630105490339,4.138409231343922,312.22183386194365,25.0,17.0,80.5885881204692,78.125,74.21875,29.646178204696017
session_15.csv,session_15,268,17152,17280,8576,8640,34.304,34.56,relax,0,0,0.0,False,False,4.6539972479557505,5.848894297629488,489.4508480573459,37.0,25.0,81.03763300809725,82.03125,70.3125,22.543633361257232
session_15.csv,session_15,269,17216,17344,8608,8672,34.432,34.688,relax,0,0,0.0,False,False,4.159176597247527,5.114127329973819,446.1009044075394,41.0,25.0,84.77938006879216,89.84375,89.84375,20.806210483581637
session_15.csv,session_15,270,17280,17408,8640,8704,34.56,34.816,relax,0,0,0.0,False,False,3.1669678456225303,3.6997219429096955,345.2587242290947,41.0,25.0,78.63131367633125,78.125,78.125,13.732910454514203
session_15.csv,session_15,271,17344,17472,8672,8736,34.688,34.944,relax,0,0,0.0,False,False,3.0678843296360707,3.7670965708797306,349.3072214867371,38.0,26.0,82.57747428105023,85.9375,66.40625,7.154913934849328
session_15.csv,session_15,272,17408,17536,8704,8768,34.816,35.072,relax,0,0,0.0,False,False,2.568535614984026,3.2994312278927245,292.1143746230755,31.0,21.0,83.38812671519574,82.03125,85.9375,10.190475693962856
session_15.csv,session_15,273,17472,17600,8736,8800,34.944,35.2,relax,0,0,0.0,False,False,2.3933512578061262,2.9671168565856454,253.14498182360128,30.0,18.0,77.85141360523022,74.21875,70.3125,13.53758538274759
session_15.csv,session_15,274,17536,17664,8768,8832,35.072,35.328,relax,0,0,0.0,False,False,2.474738548123611,2.9906877438130284,265.9561014696531,34.0,18.0,80.9442469178191,82.03125,82.03125,4.66628049651858
session_15.csv,session_15,275,17600,17728,8800,8864,35.2,35.456,relax,0,0,0.0,False,False,2.483979309446073,2.9913566944100913,274.11672141025497,34.0,17.0,80.24029516581096,78.125,78.125,9.389191104436962
session_15.csv,session_15,276,17664,17792,8832,8896,35.328,35.584,relax,0,0,0.0,False,False,2.9254492915585395,3.5023674786486887,317.4219204817933,38.0,21.0,84.70345566910144,78.125,78.125,12.7574169199908
session_15.csv,session_15,277,17728,17856,8864,8928,35.456,35.712,relax,0,0,0.0,False,False,2.6586707349948657,3.2647006513663017,287.1149170941122,35.0,18.0,78.04875283379201,74.21875,74.21875,9.328277405651576
session_15.csv,session_15,278,17792,17920,8896,8960,35.584,35.84,relax,0,0,0.0,False,False,2.104904425901857,2.5433309922289506,226.1554281745081,31.0,16.0,81.36956988667247,78.125,74.21875,5.116145976598622
session_15.csv,session_15,279,17856,17984,8928,8992,35.712,35.968,relax,0,0,0.0,False,False,2.0996726875490515,2.5327923495483007,226.42770598758807,29.0,15.0,83.64644533590071,89.84375,89.84375,4.484126318493832
session_15.csv,session_15,280,17920,18048,8960,9024,35.84,36.096,relax,0,0,0.0,False,False,2.082888500893141,2.514220678610444,227.07912716891246,31.0,17.0,79.99893798731921,78.125,78.125,6.789565945103563
session_15.csv,session_15,281,17984,18112,8992,9056,35.968,36.224,relax,0,0,0.0,False,False,2.2801160343197013,2.7244209607180134,255.3326621941562,35.0,21.0,86.03255334320045,93.75,97.65625,7.3450976561094485
session_15.csv,session_15,282,18048,18176,9024,9088,36.096,36.352,relax,0,0,0.0,False,False,2.455924701946908,2.974739001464957,258.669073293923,33.0,17.0,81.8019120365207,82.03125,82.03125,5.8923893973825106
session_15.csv,session_15,283,18112,18240,9056,9120,36.224,36.48,relax,0,0,0.0,False,False,2.2279428361325153,2.759069212654847,239.52401455314384,32.0,19.0,74.56977324164056,74.21875,74.21875,7.35138884249891
session_15.csv,session_15,284,18176,18304,9088,9152,36.352,36.608,relax,0,0,0.0,False,False,1.6367788643549734,2.105802079452701,187.74016019488644,26.0,17.0,85.60601198223068,85.9375,85.9375,6.081101637153924
session_15.csv,session_15,285,18240,18368,9120,9184,36.48,36.736,relax,0,0,0.0,False,False,1.3259094096967559,1.6409947272032595,147.98918406610824,22.0,11.0,86.62025858276073,85.9375,82.03125,1.9850844579779523
session_15.csv,session_15,286,18304,18432,9152,9216,36.608,36.864,relax,0,23,0.1796875,True,True,2.931893186801241,4.346741155312652,289.0275153004904,32.0,17.0,74.32502935932085,70.3125,70.3125,8.141375024243734
session_15.csv,session_15,287,18368,18496,9184,9248,36.736,36.992,clench,1,87,0.6796875,True,True,7.771584762075121,10.607058713856095,767.5543327705839,36.0,26.0,75.39916230297143,74.21875,74.21875,77.61529799534665
session_15.csv,session_15,288,18432,18560,9216,9280,36.864,37.12,clench,1,128,1.0,False,True,14.423416435195154,17.38150644491912,1516.9222226289785,41.0,37.0,84.86675011531212,93.75,93.75,318.8398189813448
session_15.csv,session_15,289,18496,18624,9248,9312,36.992,37.248,clench,1,128,1.0,False,False,16.19739720060261,19.969585995536416,1766.3564325199916,44.0,39.0,86.22596690659446,89.84375,89.84375,540.1991096159346
session_15.csv,session_15,290,18560,18688,9280,9344,37.12,37.376,clench,1,128,1.0,False,False,13.719011378010121,17.611120317627083,1537.280715043651,42.0,40.0,79.92945664583557,78.125,78.125,210.8525323564646
session_15.csv,session_15,291,18624,18752,9312,9376,37.248,37.504,clench,1,128,1.0,False,False,18.32395730071191,22.953784167423997,2009.44216306737,43.0,41.0,81.4548099234976,78.125,78.125,544.8195024436754
session_15.csv,session_15,292,18688,18816,9344,9408,37.376,37.632,clench,1,128,1.0,False,False,20.049861012195425,24.95866067609135,2185.169266980362,41.0,38.0,87.091383278868,85.9375,85.9375,392.28233629456986
session_15.csv,session_15,293,18752,18880,9376,9440,37.504,37.76,clench,1,128,1.0,False,False,16.44769990422389,20.34026075237524,1809.0014673878832,41.0,37.0,83.58549566647042,82.03125,78.125,361.4896289480233
session_15.csv,session_15,294,18816,18944,9408,9472,37.632,37.888,clench,1,128,1.0,False,False,15.194432151325163,18.441352902203704,1671.7263452216905,42.0,40.0,83.31976971964342,82.03125,82.03125,349.01406594395513
session_15.csv,session_15,295,18880,19008,9440,9504,37.76,38.016,clench,1,128,1.0,False,False,13.358248555345513,16.79653590575613,1480.6231483599709,42.0,39.0,81.23796811464466,78.125,74.21875,223.5311999618335
session_15.csv,session_15,296,18944,19072,9472,9536,37.888,38.144,clench,1,128,1.0,False,False,14.861904312329127,19.176037345078573,1632.2777886590848,40.0,35.0,81.75445234225404,82.03125,74.21875,201.28042174282993
session_15.csv,session_15,297,19008,19136,9504,9568,38.016,38.272,clench,1,128,1.0,False,False,17.174490618939323,21.073239719117456,1860.567671491597,41.0,36.0,83.07877757736058,82.03125,82.03125,399.4723643277935
session_15.csv,session_15,298,19072,19200,9536,9600,38.144,38.4,clench,1,128,1.0,False,False,15.55306025919624,18.97715706849725,1698.9470102686246,45.0,40.0,84.75997970681506,89.84375,89.84375,422.99236083498437
session_15.csv,session_15,299,19136,19264,9568,9632,38.272,38.528,clench,1,128,1.0,False,False,14.370634441431365,17.742733172354775,1633.472795618211,45.0,42.0,81.4589456887571,82.03125,82.03125,377.6162989795224
session_15.csv,session_15,300,19200,19328,9600,9664,38.4,38.656,clench,1,128,1.0,False,False,13.677046667167598,17.357776820243746,1444.968177264031,40.0,35.0,80.45027166912463,82.03125,82.03125,192.90404931458195
session_15.csv,session_15,301,19264,19392,9632,9696,38.528,38.784,clench,1,128,1.0,False,False,16.571572392112625,20.730342713999363,1686.5248057283588,38.0,33.0,78.07477181853336,74.21875,74.21875,307.0537891150472
session_15.csv,session_15,302,19328,19456,9664,9728,38.656,38.912,clench,1,128,1.0,False,False,15.308754376288668,19.47596944998012,1629.0537721616472,40.0,37.0,80.79531277614966,82.03125,82.03125,466.60633645218866
session_15.csv,session_15,303,19392,19520,9696,9760,38.784,39.04,clench,1,128,1.0,False,False,11.357213123652643,14.590089379489038,1191.896905602482,40.0,36.0,81.81220168914132,82.03125,82.03125,234.20439346880562
session_15.csv,session_15,304,19456,19584,9728,9792,38.912,39.168,clench,1,128,1.0,False,False,11.165793966692807,14.434307310524074,1187.0147369950853,37.0,32.0,81.23916062635766,82.03125,82.03125,194.9131286534936
session_15.csv,session_15,305,19520,19648,9760,9824,39.04,39.296,clench,1,128,1.0,False,False,7.393606089445601,10.285241195186707,779.0662455474837,34.0,29.0,80.65948774030828,78.125,70.3125,18.89618987606586
session_15.csv,session_15,306,19584,19712,9792,9856,39.168,39.424,clench,1,93,0.7265625,True,True,6.301028647020706,8.147938727849018,660.6160114010036,36.0,29.0,77.37693125390022,78.125,74.21875,113.40389902566099
session_15.csv,session_15,307,19648,19776,9824,9888,39.296,39.552,relax,0,29,0.2265625,True,True,5.448409984266331,6.874121161059523,587.0898740421636,42.0,29.0,82.38491050695104,82.03125,85.9375,50.11127679930116
session_15.csv,session_15,308,19712,19840,9856,9920,39.424,39.68,relax,0,0,0.0,False,False,3.2367236359872247,4.17564394783079,342.3576729561793,39.0,21.0,78.74549214650042,78.125,78.125,7.826525953168864
session_15.csv,session_15,309,19776,19904,9888,9952,39.552,39.808,relax,0,0,0.0,False,False,2.970743991520254,3.7196858423657506,329.83848726081357,38.0,23.0,85.101305791685,82.03125,78.125,9.595507291263855
session_15.csv,session_15,310,19840,19968,9920,9984,39.68,39.936,relax,0,0,0.0,False,False,3.6419313477207815,4.573636312716405,406.80338467730064,39.0,27.0,87.45113810637098,89.84375,97.65625,25.393569889700824
session_15.csv,session_15,311,19904,20032,9952,10016,39.808,40.064,relax,0,0,0.0,False,False,3.115583753707157,4.030860932817105,323.3841438045993,29.0,18.0,75.414790801479,70.3125,66.40625,5.809017760642875
session_15.csv,session_15,312,19968,20096,9984,10048,39.936,40.192,relax,0,0,0.0,False,False,3.274900012075415,4.066981835208229,355.6985834947347,33.0,24.0,82.63222627195306,82.03125,97.65625,16.630640039742538
session_15.csv,session_15,313,20032,20160,10016,10080,40.064,40.32,relax,0,0,0.0,False,False,3.4740989541994463,4.492424249256074,377.87043684472525,34.0,26.0,78.2134138080723,78.125,78.125,30.75526336867371
session_15.csv,session_15,314,20096,20224,10048,10112,40.192,40.448,relax,0,0,0.0,False,False,2.078186384604132,3.0966263185597076,220.75645965458355,24.0,12.0,79.42473887046688,82.03125,82.03125,1.8289271533407645
session_15.csv,session_15,315,20160,20288,10080,10144,40.32,40.576,relax,0,0,0.0,False,False,2.418508784084403,3.0404572747516916,253.25715987579363,30.0,15.0,82.80876649844706,85.9375,85.9375,11.494139669248149
session_15.csv,session_15,316,20224,20352,10112,10176,40.448,40.704,relax,0,0,0.0,False,False,3.17697131553366,3.6693640142061548,334.6373526472152,39.0,20.0,80.26938933007315,78.125,78.125,13.585909045407798
session_15.csv,session_15,317,20288,20416,10144,10208,40.576,40.832,relax,0,0,0.0,False,False,2.540586914333475,2.965914221099129,270.16784348395214,40.0,21.0,82.8592303355545,82.03125,82.03125,7.165604785628438
session_15.csv,session_15,318,20352,20480,10176,10240,40.704,40.96,relax,0,0,0.0,False,False,2.3794534564079353,2.773613426066582,255.03977785774265,38.0,21.0,82.72802914043693,82.03125,78.125,7.5031006115421
session_15.csv,session_15,319,20416,20544,10208,10272,40.832,41.088,relax,0,0,0.0,False,False,2.9358498350857163,3.4514566692013964,317.7722890928676,39.0,24.0,83.20263278068194,85.9375,85.9375,14.028828745518325
session_15.csv,session_15,320,20480,20608,10240,10304,40.96,41.216,relax,0,0,0.0,False,False,2.7472984811500574,3.3317792907437935,300.00605216474577,35.0,21.0,84.06518385136258,78.125,78.125,8.33546794996993
session_15.csv,session_15,321,20544,20672,10272,10336,41.088,41.344,relax,0,0,0.0,False,False,2.0938669372976393,2.7315892428736746,228.11700750306522,23.0,13.0,79.97083783961047,78.125,78.125,11.000887265009753
session_15.csv,session_15,322,20608,20736,10304,10368,41.216,41.472,relax,0,0,0.0,False,False,1.9890878441867257,2.5742891927627705,218.39177295428985,24.0,13.0,82.8114517637748,85.9375,85.9375,5.349020022017649
session_15.csv,session_15,323,20672,20800,10336,10400,41.344,41.6,relax,0,0,0.0,False,False,2.2419877177892866,2.686365828953273,243.14931109861902,33.0,18.0,79.4217689175107,82.03125,82.03125,6.2051896011384455
session_15.csv,session_15,324,20736,20864,10368,10432,41.472,41.728,relax,0,0,0.0,False,False,3.140813762334136,4.056962076158968,332.33627149321126,36.0,22.0,82.59492248598286,82.03125,85.9375,23.60366390599476
session_15.csv,session_15,325,20800,20928,10400,10464,41.6,41.856,relax,0,0,0.0,False,False,3.065007036414306,4.099784775273783,317.0745238723784,29.0,17.0,77.21827581927022,78.125,82.03125,12.736777508214429
session_15.csv,session_15,326,20864,20992,10432,10496,41.728,41.984,relax,0,0,0.0,False,False,2.442461387279355,3.0858348961567192,259.978100451812,28.0,16.0,78.2640677420917,82.03125,85.9375,3.350534313000452
session_15.csv,session_15,327,20928,21056,10464,10528,41.856,42.112,relax,0,0,0.0,False,False,2.7495591956574277,3.3310584141119173,308.29888659239214,38.0,23.0,91.43732085943914,93.75,93.75,16.229944180060183
session_15.csv,session_15,328,20992,21120,10496,10560,41.984,42.24,relax,0,0,0.0,False,False,2.543093079515211,3.1848333740847927,282.54273043300026,34.0,21.0,76.97677441632707,78.125,78.125,5.8662853725375115
session_15.csv,session_15,329,21056,21184,10528,10592,42.112,42.368,relax,0,0,0.0,False,False,2.3222444643542106,2.789310783733422,250.48440478039396,33.0,19.0,79.96912722779192,82.03125,82.03125,8.840461493358921
session_15.csv,session_15,330,21120,21248,10560,10624,42.24,42.496,relax,0,0,0.0,False,True,5.695346397863777,8.312734320239166,587.6527512559918,41.0,29.0,83.85324150190388,85.9375,85.9375,20.495591376551143
session_15.csv,session_15,331,21184,21312,10592,10656,42.368,42.624,relax,0,56,0.4375,True,True,18.173173350031114,26.160329364923726,2082.461988798056,41.0,38.0,81.24464314399657,82.03125,78.125,450.00243173564894
session_15.csv,session_15,332,21248,21376,10624,10688,42.496,42.752,clench,1,120,0.9375,True,True,20.90951517322102,27.87878301041654,2441.0980407585935,43.0,37.0,84.93917006799634,85.9375,85.9375,929.4790698078865
session_15.csv,session_15,333,21312,21440,10656,10720,42.624,42.88,clench,1,128,1.0,False,False,13.782130239647898,16.712840618814024,1564.3246360957933,45.0,41.0,87.04736925904231,89.84375,97.65625,203.36570894541472
session_15.csv,session_15,334,21376,21504,10688,10752,42.752,43.008,clench,1,128,1.0,False,False,13.502076858419187,16.50153968152117,1489.4013195042007,45.0,41.0,86.75722752558357,89.84375,89.84375,222.60653837537333
session_15.csv,session_15,335,21440,21568,10720,10784,42.88,43.136,clench,1,128,1.0,False,False,21.08672282548479,25.98966220113749,2320.923954475974,43.0,37.0,85.55454482898617,85.9375,85.9375,640.7697627769106
session_15.csv,session_15,336,21504,21632,10752,10816,43.008,43.264,clench,1,128,1.0,False,False,25.791738035969686,31.171501747798146,2942.6436009772406,42.0,39.0,85.34761260968132,89.84375,89.84375,849.2161288297668
session_15.csv,session_15,337,21568,21696,10784,10848,43.136,43.392,clench,1,128,1.0,False,False,21.449500839946083,26.73209877112794,2369.484892959917,41.0,38.0,81.41594332749169,82.03125,82.03125,716.2258333697008
session_15.csv,session_15,338,21632,21760,10816,10880,43.264,43.52,clench,1,128,1.0,False,False,15.707814359401834,19.10093191168264,1735.4918598878473,42.0,40.0,82.64923405809935,82.03125,78.125,249.1840446186995
session_15.csv,session_15,339,21696,21824,10848,10912,43.392,43.648,clench,1,128,1.0,False,False,11.485165833401686,13.963784118698953,1212.4210517422243,37.0,35.0,83.68777208110596,85.9375,89.84375,176.13925489300294
session_15.csv,session_15,340,21760,21888,10880,10944,43.52,43.776,clench,1,128,1.0,False,False,14.235909111320177,18.432474914093763,1525.8232211098398,37.0,35.0,81.59692151707075,78.125,78.125,520.6597516686164
session_15.csv,session_15,341,21824,21952,10912,10976,43.648,43.904,clench,1,128,1.0,False,False,15.11758473445459,18.77903546406462,1685.3756863835004,44.0,41.0,82.93663867939004,78.125,97.65625,192.3583487378114
session_15.csv,session_15,342,21888,22016,10944,11008,43.776,44.032,clench,1,128,1.0,False,False,10.763986775780118,12.751050800110823,1181.3967482985192,41.0,37.0,86.58879631493562,89.84375,93.75,174.4704628398246
session_15.csv,session_15,343,21952,22080,10976,11040,43.904,44.16,clench,1,128,1.0,False,False,11.390388008410902,14.39480343390838,1152.8788073354965,38.0,33.0,75.27280444891248,70.3125,70.3125,134.1929550139735
session_15.csv,session_15,344,22016,22144,11008,11072,44.032,44.288,clench,1,128,1.0,False,False,12.421361965762824,15.627630636089705,1303.994568512932,38.0,33.0,78.08167977253072,78.125,78.125,327.7306987111984
session_15.csv,session_15,345,22080,22208,11040,11104,44.16,44.416,clench,1,128,1.0,False,False,11.059326847130075,13.708691456759457,1183.8526368438097,39.0,31.0,84.5445243713171,85.9375,85.9375,262.1638262579849
session_15.csv,session_15,346,22144,22272,11072,11136,44.288,44.544,clench,1,128,1.0,False,False,8.081771542932497,10.923040336577477,889.1297360860607,41.0,32.0,84.77886242174364,85.9375,82.03125,137.32329675822098
session_15.csv,session_15,347,22208,22336,11104,11168,44.416,44.672,clench,1,128,1.0,False,True,5.8303547174596995,7.83049411002521,635.1451378919103,40.0,31.0,83.41126739206014,89.84375,89.84375,18.011770116584742
session_15.csv,session_15,348,22272,22400,11136,11200,44.544,44.8,clench,1,70,0.546875,True,True,6.838517243067666,8.353507551475825,751.632563780675,40.0,29.0,82.89205633205438,82.03125,82.03125,99.78155436153263
session_15.csv,session_15,349,22336,22464,11168,11232,44.672,44.928,relax,0,6,0.046875,True,True,5.378166182978345,6.543109511860264,585.2270776940056,41.0,30.0,85.30490687286193,85.9375,85.9375,40.56834874983338
session_15.csv,session_15,350,22400,22528,11200,11264,44.8,45.056,relax,0,0,0.0,False,False,3.529228790512302,4.536408889500156,385.67946510359235,37.0,25.0,81.41833216884133,82.03125,89.84375,20.309828609772822
session_15.csv,session_15,351,22464,22592,11232,11296,44.928,45.184,relax,0,0,0.0,False,False,3.407348717648496,4.209659171556357,360.26257590915014,35.0,21.0,79.42817752748765,85.9375,85.9375,18.3119885331263
session_15.csv,session_15,352,22528,22656,11264,11328,45.056,45.312,relax,0,0,0.0,False,False,3.506321278318561,4.222817935966999,361.88465912467734,35.0,19.0,75.43928014613022,70.3125,70.3125,12.7818881475637
session_15.csv,session_15,353,22592,22720,11296,11360,45.184,45.44,relax,0,0,0.0,False,False,2.742891824228405,3.3498737171381063,300.15643352875577,32.0,21.0,83.24351533310093,85.9375,78.125,8.755214656025442
session_15.csv,session_15,354,22656,22784,11328,11392,45.312,45.568,relax,0,0,0.0,False,False,2.7969602934632793,3.5197872266264367,313.41984618619995,33.0,25.0,79.61923511759872,82.03125,70.3125,10.600121415356103
session_15.csv,session_15,355,22720,22848,11360,11424,45.44,45.696,relax,0,0,0.0,False,False,3.4614182534838243,4.1935805717287025,376.8864308530895,37.0,27.0,79.78746884353042,78.125,89.84375,17.634788544272798
session_15.csv,session_15,356,22784,22912,11392,11456,45.568,45.824,relax,0,0,0.0,False,False,3.1788165967319397,3.8685657149453574,343.59529085533944,36.0,23.0,81.93813439867579,85.9375,85.9375,13.912574450768327
session_15.csv,session_15,357,22848,22976,11424,11488,45.696,45.952,relax,0,0,0.0,False,False,2.251922723654825,2.868903225885838,242.5151866305315,29.0,17.0,78.5377972475234,74.21875,70.3125,6.454913060395416
session_15.csv,session_15,358,22912,23040,11456,11520,45.824,46.08,relax,0,0,0.0,False,False,2.137965870850498,2.644786246975124,226.8634589993426,30.0,18.0,82.7021068358345,82.03125,97.65625,6.9548204210685975
session_15.csv,session_15,359,22976,23104,11488,11552,45.952,46.208,relax,0,0,0.0,False,False,3.556534227073297,4.411367638421258,393.37733611052613,40.0,29.0,85.11559946755796,85.9375,97.65625,21.280843527080606
session_15.csv,session_15,360,23040,23168,11520,11584,46.08,46.336,relax,0,0,0.0,False,False,3.6989334404229544,4.550047424820481,394.61427011013586,39.0,25.0,84.73059592068869,85.9375,89.84375,14.964367637735522
session_15.csv,session_15,361,23104,23232,11552,11616,46.208,46.464,relax,0,26,0.203125,True,True,6.126073329925915,8.760702587588753,648.47290694639,37.0,25.0,85.6073858564157,89.84375,89.84375,63.433838145563875
session_15.csv,session_15,362,23168,23296,11584,11648,46.336,46.592,clench,1,90,0.703125,True,True,11.22329830435704,14.045170880369861,1258.352134411135,41.0,39.0,80.14295490927226,85.9375,85.9375,231.6539108514162
session_15.csv,session_15,363,23232,23360,11616,11680,46.464,46.72,clench,1,128,1.0,False,False,15.404024942603753,19.158431886773986,1697.7182554412998,42.0,41.0,86.45051595685686,89.84375,93.75,427.589581669608
session_15.csv,session_15,364,23296,23424,11648,11712,46.592,46.848,clench,1,128,1.0,False,False,15.143920068708567,18.729843894441554,1725.021334154974,45.0,43.0,85.52394838163205,89.84375,97.65625,152.01931659423926
session_15.csv,session_15,365,23360,23488,11680,11744,46.72,46.976,clench,1,128,1.0,False,False,18.92265997108462,24.979118610047,2081.5792262743385,42.0,42.0,83.02192770397959,82.03125,93.75,418.07901846497606
session_15.csv,session_15,366,23424,23552,11712,11776,46.848,47.104,clench,1,128,1.0,False,False,19.541497505317054,26.763786662612215,2061.2200285100944,41.0,38.0,80.84196087030253,82.03125,82.03125,1174.4412339174487
session_15.csv,session_15,367,23488,23616,11744,11808,46.976,47.232,clench,1,128,1.0,False,False,11.619394919459063,16.521484456812484,1263.5692578825435,47.0,40.0,89.97331400601985,93.75,93.75,127.04379442720715
session_15.csv,session_15,368,23552,23680,11776,11840,47.104,47.36,clench,1,97,0.7578125,True,True,10.334491582350534,12.456014021757825,1132.7832576701926,43.0,38.0,80.91999629751717,78.125,78.125,111.60899886204471
session_15.csv,session_15,369,23616,23744,11808,11872,47.232,47.488,relax,0,33,0.2578125,True,True,8.157673677301995,10.234222961706045,848.3755747976275,37.0,29.0,72.85739237035895,70.3125,70.3125,99.44713128081807
session_15.csv,session_15,370,23680,23808,11840,11904,47.36,47.616,relax,0,0,0.0,False,False,4.603190783628549,5.675844075912738,479.5130457920574,38.0,22.0,82.31357914078473,82.03125,93.75,25.815671959709928
session_15.csv,session_15,371,23744,23872,11872,11936,47.488,47.744,relax,0,0,0.0,False,False,3.7926231202941274,4.684258522250395,402.3011962662089,38.0,24.0,85.03490684801397,85.9375,89.84375,17.60384114758597
session_15.csv,session_15,372,23808,23936,11904,11968,47.616,47.872,relax,0,0,0.0,False,False,3.2690664584656535,4.110781598322714,362.54698394353704,36.0,24.0,82.28257011594123,85.9375,89.84375,15.139317281661318
session_15.csv,session_15,373,23872,24000,11936,12000,47.744,48.0,relax,0,0,0.0,False,False,3.626366952323856,4.529630422697373,405.2907168483138,37.0,26.0,82.22783295554497,82.03125,82.03125,20.362273571919353
session_15.csv,session_15,374,23936,24064,11968,12032,47.872,48.128,relax,0,0,0.0,False,False,3.868712782956867,4.81583344644546,447.4772828097975,39.0,31.0,89.15553140456876,93.75,93.75,29.514044600526052
session_15.csv,session_15,375,24000,24128,12000,12064,48.0,48.256,relax,0,37,0.2890625,True,True,10.122038763991728,14.987129225300729,1062.5126801103374,40.0,32.0,81.04554371931847,82.03125,85.9375,141.74872999995054
session_15.csv,session_15,376,24064,24192,12032,12096,48.128,48.384,clench,1,101,0.7890625,True,True,18.3634454675705,22.494392943433237,2033.9357995176636,44.0,39.0,78.87717608951228,74.21875,74.21875,464.50670794730166
session_15.csv,session_15,377,24128,24256,12064,12128,48.256,48.512,clench,1,128,1.0,False,False,18.611992242794564,23.376738209005964,2147.0731177411135,44.0,42.0,87.75404766708922,93.75,97.65625,647.6279617801611
session_15.csv,session_15,378,24192,24320,12096,12160,48.384,48.64,clench,1,128,1.0,False,False,12.091211246542041,17.307096411993196,1361.317315749998,38.0,33.0,81.32862171800062,78.125,97.65625,192.04532896761356
session_15.csv,session_15,379,24256,24384,12128,12192,48.512,48.768,clench,1,105,0.8203125,True,True,6.8907238335175,8.997169078474956,665.2747912514762,37.0,24.0,77.40963819696209,78.125,74.21875,29.125503025599066
session_15.csv,session_15,380,24320,24448,12160,12224,48.64,48.896,relax,0,41,0.3203125,True,True,7.913642345695261,10.23461042101433,846.0271535510301,42.0,33.0,80.6571897382135,82.03125,85.9375,167.70651347303473
session_15.csv,session_15,381,24384,24512,12192,12256,48.768,49.024,relax,0,0,0.0,False,True,6.5248821086500755,8.922166037420375,717.409628642696,42.0,34.0,84.53258459952421,85.9375,82.03125,35.874422216587725
session_15.csv,session_15,382,24448,24576,12224,12288,48.896,49.152,relax,0,0,0.0,False,False,4.373211525829687,5.217113393335266,469.3687062100626,40.0,28.0,80.68836334464567,82.03125,66.40625,23.397906729103916
session_15.csv,session_15,383,24512,24640,12256,12320,49.024,49.28,relax,0,0,0.0,False,False,4.538728909102153,5.5902524753796055,498.02230802218037,39.0,32.0,85.52324772335392,89.84375,89.84375,43.33883998000191
session_15.csv,session_15,384,24576,24704,12288,12352,49.152,49.408,relax,0,0,0.0,False,False,3.4159027426985844,4.547333433236397,366.00471384354506,36.0,26.0,83.62809189820956,89.84375,93.75,13.077873341479062
session_15.csv,session_15,385,24640,24768,12320,12384,49.28,49.536,relax,0,0,0.0,False,False,2.628984814093994,3.268414314547508,275.08047564221675,35.0,18.0,81.63228727898363,82.03125,82.03125,7.894100110387837
session_15.csv,session_15,386,24704,24832,12352,12416,49.408,49.664,relax,0,0,0.0,False,False,3.4541563507761435,4.178576910806502,363.3626558369746,37.0,23.0,75.53924035787429,74.21875,74.21875,16.017970413662617
session_15.csv,session_15,387,24768,24896,12384,12448,49.536,49.792,relax,0,0,0.0,False,False,3.8470419813119126,4.637647060690915,403.7047490830236,36.0,26.0,78.02921979126788,74.21875,70.3125,20.667729988057825
session_15.csv,session_15,388,24832,24960,12416,12480,49.664,49.92,relax,0,0,0.0,False,False,4.163643425642766,5.048186020232913,442.70912125730587,38.0,24.0,82.93740442649717,85.9375,85.9375,35.14283351887062
session_15.csv,session_15,389,24896,25024,12448,12512,49.792,50.048,relax,0,0,0.0,False,False,3.644011498937391,4.5253145303776865,391.3970937098707,39.0,25.0,85.2692863832254,89.84375,89.84375,10.24767547323563
session_15.csv,session_15,390,24960,25088,12480,12544,49.92,50.176,relax,0,0,0.0,False,False,2.469004558830741,3.1698412642280607,285.29095041568564,34.0,22.0,86.77573668781837,85.9375,85.9375,6.251727022134624
session_15.csv,session_15,391,25024,25152,12512,12576,50.048,50.304,relax,0,0,0.0,False,False,2.3633976906319605,3.0656024758851417,270.9273697316773,32.0,21.0,84.04004720396257,82.03125,82.03125,9.934851239118577
session_15.csv,session_15,392,25088,25216,12544,12608,50.176,50.432,relax,0,0,0.0,False,True,4.097679231988056,6.1303352094525625,419.8818888819394,35.0,23.0,83.40558868067782,78.125,78.125,6.947384747810844
session_15.csv,session_15,393,25152,25280,12576,12640,50.304,50.56,relax,0,64,0.5,True,True,19.154100255768036,28.895429547556486,2056.9117003285146,39.0,32.0,74.78201752398074,74.21875,74.21875,345.18585445586456
session_15.csv,session_15,394,25216,25344,12608,12672,50.432,50.688,clench,1,128,1.0,False,True,31.820783492870977,38.687136275845,3380.6673755689035,40.0,36.0,84.5289110250487,85.9375,85.9375,2580.658638751733
session_15.csv,session_15,395,25280,25408,12640,12704,50.56,50.816,clench,1,128,1.0,False,False,27.718730524224576,33.89729789312467,2854.8027160739844,39.0,36.0,78.85757308306036,74.21875,70.3125,511.78190322672225
session_15.csv,session_15,396,25344,25472,12672,12736,50.688,50.944,clench,1,128,1.0,False,False,30.40694856455673,38.59739120122593,3177.132158490961,39.0,39.0,82.95366215777507,78.125,78.125,1795.2027936999104
session_15.csv,session_15,397,25408,25536,12704,12768,50.816,51.072,clench,1,128,1.0,False,True,25.68285542333126,36.059042031172574,2758.3980154583055,41.0,36.0,81.13159223655433,82.03125,89.84375,1347.3707555367184
session_15.csv,session_15,398,25472,25600,12736,12800,50.944,51.2,clench,1,67,0.5234375,True,True,10.333854487120465,17.044172083517314,1019.612674764853,37.0,30.0,80.04803175300333,78.125,78.125,102.69143542784748
session_15.csv,session_15,399,25536,25664,12768,12832,51.072,51.328,relax,0,3,0.0234375,True,True,5.027637347035093,6.246863575490927,548.9857595879981,37.0,30.0,82.10885985925474,78.125,74.21875,31.905753008910466
session_15.csv,session_15,400,25600,25728,12800,12864,51.2,51.456,relax,0,0,0.0,False,False,4.377072306175651,5.202304620496277,479.15666313902267,37.0,30.0,74.43783299139426,70.3125,70.3125,26.990447775505796
session_15.csv,session_15,401,25664,25792,12832,12896,51.328,51.584,relax,0,0,0.0,False,False,4.389910574570738,5.191837114995314,457.68479060528324,40.0,29.0,79.33761879449217,82.03125,82.03125,18.594328128304745
session_15.csv,session_15,402,25728,25856,12864,12928,51.456,51.712,relax,0,0,0.0,False,False,3.234534943428545,4.073319461394838,345.86520079280706,38.0,25.0,83.15944712723393,85.9375,89.84375,17.56140749394197
session_15.csv,session_15,403,25792,25920,12896,12960,51.584,51.84,relax,0,0,0.0,False,False,2.6025991927348864,3.1697160977995553,277.10111322067365,32.0,19.0,80.38194728877158,82.03125,85.9375,10.798493750352153
session_15.csv,session_15,404,25856,25984,12928,12992,51.712,51.968,relax,0,0,0.0,False,False,3.3963846040158767,4.0590973429411585,361.4018540670152,35.0,21.0,79.34093915423391,78.125,70.3125,18.156943569555246
session_15.csv,session_15,405,25920,26048,12960,13024,51.84,52.096,relax,0,11,0.0859375,True,True,9.356302998028251,13.944612972966272,1017.2436911844527,40.0,32.0,80.05286188164239,82.03125,89.84375,103.0331156469514
session_15.csv,session_15,406,25984,26112,12992,13056,51.968,52.224,clench,1,75,0.5859375,True,True,20.187929202511533,26.41316397580314,2263.049181255579,43.0,42.0,85.56736294648799,85.9375,85.9375,878.0071286118969
session_15.csv,session_15,407,26048,26176,13024,13088,52.096,52.352,clench,1,128,1.0,False,True,20.73867300542154,26.324544054933977,2354.3242279861047,44.0,41.0,85.80127637412683,82.03125,97.65625,414.76160775290816
session_15.csv,session_15,408,26112,26240,13056,13120,52.224,52.48,clench,1,128,1.0,False,False,18.96639535669249,23.059663767914937,2082.815190799359,41.0,39.0,82.40565489309333,82.03125,82.03125,507.2497335454035
session_15.csv,session_15,409,26176,26304,13088,13152,52.352,52.608,clench,1,128,1.0,False,False,24.32396782983338,29.42051454397749,2554.1972657944093,39.0,36.0,80.57372498214038,78.125,78.125,715.976058372129
session_15.csv,session_15,410,26240,26368,13120,13184,52.48,52.736,clench,1,128,1.0,False,False,19.534825061249276,25.37559851506993,2120.827704799264,40.0,38.0,79.66028381163252,78.125,78.125,748.1353090956344
session_15.csv,session_15,411,26304,26432,13152,13216,52.608,52.864,clench,1,128,1.0,False,False,14.722720779096214,18.009491362736462,1525.8549581655268,39.0,37.0,79.70323577879321,78.125,78.125,366.9133613862611
session_15.csv,session_15,412,26368,26496,13184,13248,52.736,52.992,clench,1,128,1.0,False,False,12.50433558165064,15.583604376631671,1294.123701591006,41.0,34.0,76.53773673090794,74.21875,74.21875,253.2068890841205
session_15.csv,session_15,413,26432,26560,13216,13280,52.864,53.12,clench,1,128,1.0,False,False,9.260252883059486,11.418399995206125,977.303932593201,41.0,34.0,80.33390285596433,78.125,74.21875,114.8914444172783
session_15.csv,session_15,414,26496,26624,13248,13312,52.992,53.248,clench,1,128,1.0,False,False,11.172981095271371,13.614884717556386,1239.8829570520109,41.0,39.0,81.05468521898119,85.9375,85.9375,216.04452399898636
session_15.csv,session_15,415,26560,26688,13280,13344,53.12,53.376,clench,1,128,1.0,False,False,10.058591653476082,12.246211747380869,1117.9555254758097,42.0,36.0,81.1196740619171,82.03125,82.03125,114.60521842484209
session_15.csv,session_15,416,26624,26752,13312,13376,53.248,53.504,clench,1,128,1.0,False,False,8.398762832319246,10.023978055825534,852.6912250377645,39.0,31.0,80.68092944526369,82.03125,82.03125,99.61508858215967
session_15.csv,session_15,417,26688,26816,13344,13408,53.376,53.632,clench,1,128,1.0,False,False,7.804714738870814,9.716942293174156,846.777496847116,40.0,32.0,76.97937971236819,78.125,74.21875,147.2002890243217
session_15.csv,session_15,418,26752,26880,13376,13440,53.504,53.76,clench,1,128,1.0,False,False,6.099083771834219,7.9620664678725594,668.0714858754269,37.0,30.0,85.7403288956563,89.84375,89.84375,28.987346633879064
session_15.csv,session_15,419,26816,26944,13408,13472,53.632,53.888,clench,1,128,1.0,False,True,7.28609955598973,9.768925449615232,836.768069368121,38.0,32.0,83.13808792298393,85.9375,85.9375,158.2548627752031
session_15.csv,session_15,420,26880,27008,13440,13504,53.76,54.016,clench,1,84,0.65625,True,True,6.902177039403252,9.663906373494669,794.0754940141082,39.0,30.0,85.53970572898032,89.84375,93.75,83.98670013700466
session_15.csv,session_15,421,26944,27072,13472,13536,53.888,54.144,relax,0,20,0.15625,True,True,3.70891311518578,5.737750625738496,443.30057835871816,35.0,25.0,85.69201732379716,85.9375,97.65625,25.9893517150686
session_15.csv,session_15,422,27008,27136,13504,13568,54.016,54.272,relax,0,0,0.0,False,False,2.6912833080269554,3.9737629873836817,299.5838048007534,27.0,17.0,80.76513546033966,78.125,93.75,3.9137160921537304
session_15.csv,session_15,423,27072,27200,13536,13600,54.144,54.4,relax,0,0,0.0,False,False,2.8219163820910818,3.708234737635463,309.62286436224633,29.0,18.0,79.99724789903462,74.21875,66.40625,17.40863545232725
session_15.csv,session_15,424,27136,27264,13568,13632,54.272,54.528,relax,0,0,0.0,False,False,3.081951268656062,3.8494016263092763,325.8310624162159,32.0,18.0,81.57685504512173,78.125,97.65625,12.129793285752411
session_15.csv,session_15,425,27200,27328,13600,13664,54.4,54.656,relax,0,0,0.0,False,False,2.1494212789213947,2.727915865548644,226.10769685145496,26.0,13.0,80.3705910178368,82.03125,85.9375,8.875393172642742
session_15.csv,session_15,426,27264,27392,13632,13696,54.528,54.784,relax,0,0,0.0,False,False,1.540938434415955,2.0133873345175957,168.87630480714623,21.0,9.0,81.89348256846071,82.03125,70.3125,4.000997283604575
session_15.csv,session_15,427,27328,27456,13664,13728,54.656,54.912,relax,0,0,0.0,False,False,2.1339945848069526,2.690086475227468,223.9407642304744,27.0,12.0,82.432676217509,85.9375,85.9375,5.205859376183701
session_15.csv,session_15,428,27392,27520,13696,13760,54.784,55.04,relax,0,0,0.0,False,False,2.8903157340293486,3.4799241728038264,316.5958664209694,37.0,21.0,85.40859738444196,85.9375,97.65625,12.474045880801029
session_15.csv,session_15,429,27456,27584,13728,13792,54.912,55.168,relax,0,0,0.0,False,False,2.7141242883986267,3.3820315728939025,299.30670176468254,36.0,22.0,80.1154287899384,82.03125,82.03125,11.68378741326494
session_15.csv,session_15,430,27520,27648,13760,13824,55.04,55.296,relax,0,0,0.0,False,True,6.247871555230595,9.087374245455893,651.2495960089329,38.0,28.0,84.02184030373203,82.03125,82.03125,24.583506217073374
session_15.csv,session_15,431,27584,27712,13792,13856,55.168,55.424,relax,0,57,0.4453125,True,True,15.716009906321045,21.516599974569274,1792.6747264842481,41.0,37.0,81.37796066158083,82.03125,82.03125,285.3468203580713
session_15.csv,session_15,432,27648,27776,13824,13888,55.296,55.552,clench,1,121,0.9453125,True,True,16.52213549277519,22.68973162383165,1906.4469791165461,41.0,37.0,83.17057368308438,82.03125,82.03125,696.6587858663039
session_15.csv,session_15,433,27712,27840,13856,13920,55.424,55.68,clench,1,128,1.0,False,False,15.21354793626203,19.790024150582195,1725.0952868371933,45.0,42.0,84.42539292418103,85.9375,78.125,253.0495947909359
session_15.csv,session_15,434,27776,27904,13888,13952,55.552,55.808,clench,1,128,1.0,False,False,25.82505720421588,31.35503170960846,2831.888720426568,43.0,42.0,83.31113530477191,85.9375,89.84375,1278.251393343796
session_15.csv,session_15,435,27840,27968,13920,13984,55.68,55.936,clench,1,128,1.0,False,False,25.40212066501096,32.17795252642745,2846.585521636719,42.0,42.0,84.2508308964263,89.84375,89.84375,1024.463809266644
session_15.csv,session_15,436,27904,28032,13952,14016,55.808,56.064,clench,1,128,1.0,False,False,13.607761975110396,19.82317970645805,1568.053276100545,44.0,37.0,85.17428508857016,85.9375,89.84375,236.03293663140943
session_15.csv,session_15,437,27968,28096,13984,14048,55.936,56.192,clench,1,128,1.0,False,False,8.748174540256326,11.40885370071473,924.7111439127536,42.0,32.0,80.8363771594642,82.03125,74.21875,48.5991706161438
session_15.csv,session_15,438,28032,28160,14016,14080,56.064,56.32,clench,1,128,1.0,False,False,7.719617445942257,9.883214484784162,805.3364695765795,42.0,33.0,81.76892715909554,82.03125,82.03125,99.19422905242106
session_15.csv,session_15,439,28096,28224,14048,14112,56.192,56.448,clench,1,90,0.703125,True,True,6.912058553837372,9.017071679969341,731.1320164641398,40.0,30.0,79.24600628350576,74.21875,70.3125,133.94168999981636
session_15.csv,session_15,440,28160,28288,14080,14144,56.32,56.576,relax,0,26,0.203125,True,True,6.042059992980923,7.633384118341358,614.4707930073814,36.0,25.0,76.66553184698029,78.125,74.21875,46.75570057564279
session_15.csv,session_15,441,28224,28352,14112,14176,56.448,56.704,relax,0,0,0.0,False,False,4.708946291682761,5.803631056369841,468.2256252983764,37.0,21.0,77.59778115264409,74.21875,70.3125,27.532699744581414
session_15.csv,session_15,442,28288,28416,14144,14208,56.576,56.832,relax,0,0,0.0,False,False,3.914873656592484,4.64951865012109,428.52116509118173,40.0,26.0,83.8963007820475,85.9375,85.9375,23.764161963727805
session_15.csv,session_15,443,28352,28480,14176,14240,56.704,56.96,relax,0,0,0.0,False,False,3.5309762727561367,4.501377197070592,407.62740273542295,37.0,29.0,83.44008730388408,82.03125,93.75,11.859588182478754
session_15.csv,session_15,444,28416,28544,14208,14272,56.832,57.088,relax,0,0,0.0,False,False,2.6743217704684668,3.6071878531176935,304.65329661754595,32.0,22.0,80.49714390522719,78.125,78.125,16.485196047756695
session_15.csv,session_15,445,28480,28608,14240,14304,56.96,57.216,relax,0,0,0.0,False,False,2.1207597912004776,2.6992249639218513,230.46240100890523,27.0,14.0,79.05860673339454,78.125,82.03125,8.00564476341118
session_15.csv,session_15,446,28544,28672,14272,14336,57.088,57.344,relax,0,36,0.28125,True,True,3.7817753999412185,5.244600461360448,408.7571847194594,31.0,23.0,81.4760817190148,85.9375,85.9375,17.95076850224678
session_15.csv,session_15,447,28608,28736,14304,14368,57.216,57.472,clench,1,100,0.78125,True,True,11.556680435814286,15.316156027103498,1237.219338388754,39.0,38.0,81.11437050325618,82.03125,82.03125,211.85253589518035
session_15.csv,session_15,448,28672,28800,14336,14400,57.344,57.6,clench,1,128,1.0,False,False,20.502129153923114,24.28321293716498,2160.05998599962,39.0,38.0,77.66920554022975,74.21875,74.21875,376.2716445868314
session_15.csv,session_15,449,28736,28864,14368,14432,57.472,57.728,clench,1,128,1.0,False,False,21.416711194584884,25.968534220693765,2349.6441096465237,42.0,40.0,85.86990142043392,85.9375,85.9375,816.6118230800174
session_15.csv,session_15,450,28800,28928,14400,14464,57.6,57.856,clench,1,128,1.0,False,False,18.309434766894235,22.440523894253356,2012.3999042142327,43.0,39.0,83.64761783028511,85.9375,85.9375,314.71893419916603
session_15.csv,session_15,451,28864,28992,14432,14496,57.728,57.984,clench,1,128,1.0,False,False,17.769336057538375,20.88716499823524,1879.952732805641,41.0,38.0,80.82038941611579,82.03125,74.21875,561.2951610914588
session_15.csv,session_15,452,28928,29056,14464,14528,57.856,58.112,clench,1,128,1.0,False,False,16.152800678050156,18.8027562641481,1678.3768692193898,41.0,38.0,79.02795395573087,74.21875,70.3125,275.04788629741466
session_15.csv,session_15,453,28992,29120,14496,14560,57.984,58.24,clench,1,128,1.0,False,False,12.885941692118427,14.80538383647991,1414.9329861075005,44.0,38.0,80.01165479418586,82.03125,82.03125,182.5937047708959
session_15.csv,session_15,454,29056,29184,14528,14592,58.112,58.368,clench,1,128,1.0,False,False,13.731846834718663,16.399982850988543,1525.8982405670822,43.0,38.0,86.04245674004669,85.9375,85.9375,174.22767058602145
session_15.csv,session_15,455,29120,29248,14560,14624,58.24,58.496,clench,1,128,1.0,False,False,14.894219402571428,18.30142634003942,1650.8374377951923,41.0,38.0,81.89238555124533,82.03125,82.03125,558.7675803528493
session_15.csv,session_15,456,29184,29312,14592,14656,58.368,58.624,clench,1,128,1.0,False,False,10.54554759900015,13.934776562886382,1124.2347981186992,39.0,35.0,80.4221923515442,85.9375,66.40625,117.1228249660988
session_15.csv,session_15,457,29248,29376,14624,14688,58.496,58.752,clench,1,128,1.0,False,False,9.859182271164617,13.001947694511323,1045.6555835372878,41.0,36.0,80.43765133959702,78.125,70.3125,57.605875393377026
session_15.csv,session_15,458,29312,29440,14656,14720,58.624,58.88,clench,1,128,1.0,False,False,12.996419591928188,15.999527573178893,1417.8255965181077,42.0,38.0,76.3965859538039,74.21875,74.21875,392.64771001343433
session_15.csv,session_15,459,29376,29504,14688,14752,58.752,59.008,clench,1,128,1.0,False,False,11.62247016712624,14.106737570579302,1254.4895482769036,43.0,37.0,83.58526437304285,85.9375,85.9375,113.37790407700717
session_15.csv,session_15,460,29440,29568,14720,14784,58.88,59.136,clench,1,128,1.0,False,False,10.78644290694001,12.858774947404827,1138.3586525349192,42.0,34.0,85.07823932205422,85.9375,78.125,205.1808993264969
session_15.csv,session_15,461,29504,29632,14752,14816,59.008,59.264,clench,1,128,1.0,False,False,11.282229949914566,13.069735433778648,1168.4917125665663,40.0,32.0,79.1525005730451,78.125,70.3125,125.29590436832305
session_15.csv,session_15,462,29568,29696,14784,14848,59.136,59.392,clench,1,128,1.0,False,False,12.443640250336637,14.961667050218228,1283.7687860642075,39.0,32.0,76.66216259742373,78.125,78.125,243.3789580987155
session_15.csv,session_15,463,29632,29760,14816,14880,59.264,59.52,clench,1,128,1.0,False,False,12.186649199956108,14.776846921306985,1259.0661597894193,40.0,29.0,79.14870884247294,74.21875,74.21875,157.90391210279788
session_15.csv,session_15,464,29696,29824,14848,14912,59.392,59.648,clench,1,128,1.0,False,False,10.090551178826853,12.330987912840152,1066.1816001051695,42.0,35.0,79.21862749331066,82.03125,85.9375,205.13017838776736
session_15.csv,session_15,465,29760,29888,14880,14944,59.52,59.776,clench,1,128,1.0,False,False,10.399695374659805,12.397751534699616,1115.895043587429,44.0,36.0,86.81528868154345,85.9375,85.9375,153.1494811405964
session_15.csv,session_15,466,29824,29952,14912,14976,59.648,59.904,clench,1,128,1.0,False,False,12.068106144031631,14.445193537420465,1325.7855947412531,43.0,37.0,86.74135807205512,85.9375,89.84375,200.98323832247618
session_15.csv,session_15,467,29888,30016,14944,15008,59.776,60.032,clench,1,128,1.0,False,False,9.78737669122119,12.55853650243043,1092.6617594603001,44.0,38.0,81.44331836475432,78.125,78.125,91.84191971124021
session_15.csv,session_15,468,29952,30080,14976,15040,59.904,60.16,clench,1,128,1.0,False,False,8.81181774529189,11.014105891630038,943.4494642506381,44.0,36.0,82.53640535238586,85.9375,89.84375,81.2676271518899
session_15.csv,session_15,469,30016,30144,15008,15072,60.032,60.288,clench,1,128,1.0,False,False,10.095169243598662,12.587531767977596,1069.6759713853005,40.0,34.0,78.63360398440541,74.21875,74.21875,234.5835522569078
session_15.csv,session_15,470,30080,30208,15040,15104,60.16,60.416,clench,1,128,1.0,False,False,7.302779537283315,9.484818568700389,772.1165044615832,38.0,26.0,81.2240986269578,78.125,89.84375,52.3441595991439
session_15.csv,session_15,471,30144,30272,15072,15136,60.288,60.544,clench,1,128,1.0,False,False,8.681499953009737,11.07443247435592,906.9087592437255,38.0,27.0,86.71683811287701,89.84375,93.75,114.77117753579893
session_15.csv,session_15,472,30208,30336,15104,15168,60.416,60.672,clench,1,128,1.0,False,False,9.952170096118031,12.084315132461114,1064.7132082362152,40.0,32.0,75.91037697450298,74.21875,74.21875,211.8901200293981
session_15.csv,session_15,473,30272,30400,15136,15200,60.544,60.8,clench,1,128,1.0,False,True,9.063278591463726,10.908953564941742,914.9645872051407,39.0,30.0,79.81601853937744,78.125,78.125,60.09219184595625
session_15.csv,session_15,474,30336,30464,15168,15232,60.672,60.928,clench,1,83,0.6484375,True,True,9.324562146384942,11.744554490639768,995.9837557466827,38.0,35.0,77.42710348785414,78.125,78.125,149.80043381650873
session_15.csv,session_15,475,30400,30528,15200,15264,60.8,61.056,relax,0,19,0.1484375,True,True,5.948316694328264,8.721287287194263,656.4551479265269,39.0,32.0,81.2256006426189,82.03125,78.125,56.69412004174949
session_15.csv,session_15,476,30464,30592,15232,15296,60.928,61.184,relax,0,0,0.0,False,False,4.17925609323574,5.822081131484383,453.4277276921696,40.0,28.0,84.28717841785733,85.9375,85.9375,57.12994277551295
session_15.csv,session_15,477,30528,30656,15264,15328,61.056,61.312,relax,0,0,0.0,False,False,4.245196355355761,5.988275885062546,457.096503148133,36.0,26.0,82.63216299764483,82.03125,78.125,16.317884476550716
session_15.csv,session_15,478,30592,30720,15296,15360,61.184,61.44,relax,0,0,0.0,False,False,2.9006333366749404,3.8477893093675926,310.4422644270114,34.0,20.0,79.94475357061738,78.125,74.21875,12.483361815681764
session_15.csv,session_15,479,30656,30784,15328,15392,61.312,61.568,relax,0,0,0.0,False,False,1.8263385653407558,2.297224251054893,193.25822465084588,26.0,13.0,85.0179272384606,85.9375,85.9375,3.960551967808215
session_15.csv,session_15,480,30720,30848,15360,15424,61.44,61.696,relax,0,0,0.0,False,False,2.13976728573543,2.8948896595943254,220.02268044571582,24.0,11.0,81.15894049633488,82.03125,85.9375,4.989955849927486
session_15.csv,session_15,481,30784,30912,15392,15456,61.568,61.824,relax,0,0,0.0,False,False,2.696071198829592,3.347476721785554,295.30393780975163,33.0,21.0,83.59206356307142,85.9375,89.84375,9.996137489001631
session_15.csv,session_15,482,30848,30976,15424,15488,61.696,61.952,relax,0,0,0.0,False,False,2.214908960352023,2.7294193806369824,256.6512463893817,33.0,21.0,90.69026025194084,93.75,93.75,11.201956735840456
session_15.csv,session_15,483,30912,31040,15456,15520,61.824,62.08,relax,0,0,0.0,False,False,3.231344879959849,4.05532483988873,359.0505773870152,36.0,24.0,82.37093311206905,82.03125,85.9375,15.30227452318129
session_15.csv,session_15,484,30976,31104,15488,15552,61.952,62.208,relax,0,0,0.0,False,False,3.277843256510538,4.038069267306981,362.8335448783855,35.0,25.0,80.58630110885822,82.03125,82.03125,15.018555099526054
session_15.csv,session_15,485,31040,31168,15520,15584,62.08,62.336,relax,0,0,0.0,False,False,2.4379295329125807,2.9990107884210677,262.3036756325255,30.0,17.0,81.88126214764216,82.03125,78.125,6.861966474613366
session_15.csv,session_15,486,31104,31232,15552,15616,62.208,62.464,relax,0,0,0.0,False,False,2.4989293084425865,3.231532811368011,263.3171526666051,26.0,15.0,78.50797401097297,74.21875,70.3125,14.99443296180748
session_15.csv,session_15,487,31168,31296,15584,15648,62.336,62.592,relax,0,0,0.0,False,False,2.008737851392059,2.695866684150706,214.7029158688847,24.0,13.0,83.04137630000672,82.03125,78.125,3.086082404064334
session_15.csv,session_15,488,31232,31360,15616,15680,62.464,62.72,relax,0,0,0.0,False,False,2.179830180214274,2.6731286517939,232.4697729984657,31.0,18.0,80.73496060911475,78.125,78.125,7.902398250300154
session_15.csv,session_15,489,31296,31424,15648,15712,62.592,62.848,relax,0,0,0.0,False,False,2.813577621302191,3.366527966347763,300.4845353715315,38.0,22.0,85.24930879613213,89.84375,89.84375,9.008418421938298
session_15.csv,session_15,490,31360,31488,15680,15744,62.72,62.976,relax,0,0,0.0,False,False,3.019059681948971,3.594925899514529,324.96024205313967,39.0,22.0,78.6503076035654,78.125,70.3125,12.038847601557192
session_15.csv,session_15,491,31424,31552,15712,15776,62.848,63.104,relax,0,0,0.0,False,False,2.7513950424271956,3.4829491439687805,299.97493268214015,33.0,21.0,81.01234782074698,82.03125,85.9375,19.682500469758065
session_15.csv,session_15,492,31488,31616,15744,15808,62.976,63.232,relax,0,0,0.0,False,False,2.110391332134351,2.8393604478646384,219.66901620092392,25.0,14.0,80.63224633423292,78.125,97.65625,5.394050582004388
session_15.csv,session_15,493,31552,31680,15776,15840,63.104,63.36,relax,0,0,0.0,False,False,1.9565760347668237,2.456708237214976,215.02670458403077,27.0,15.0,81.7895380990792,82.03125,82.03125,6.058734792838473
session_15.csv,session_15,494,31616,31744,15808,15872,63.232,63.488,relax,0,0,0.0,False,False,2.3553442040258674,2.8556719242256903,257.44953538316753,33.0,16.0,84.50101885340047,85.9375,97.65625,7.5200943397621325
session_15.csv,session_15,495,31680,31808,15840,15904,63.36,63.616,relax,0,0,0.0,False,False,2.1058533855724053,2.495863309474502,218.61157545358802,31.0,12.0,74.92529844797168,74.21875,70.3125,6.356612282976801
session_15.csv,session_15,496,31744,31872,15872,15936,63.488,63.744,relax,0,0,0.0,False,False,2.060523325604571,2.584982347347473,218.33542541690693,29.0,12.0,79.6199458592371,78.125,85.9375,4.9408056321025535
session_15.csv,session_15,497,31808,31936,15904,15968,63.616,63.872,relax,0,0,0.0,False,False,2.476926539227119,3.153866858811558,266.7186190982323,29.0,15.0,82.17487041068811,82.03125,89.84375,9.56553312490408
session_15.csv,session_15,498,31872,32000,15936,16000,63.744,64.0,relax,0,0,0.0,False,False,2.082868099998519,2.7228957374407416,218.7528556453676,23.0,12.0,78.4619278826983,78.125,70.3125,4.74337759059796
session_15.csv,session_15,499,31936,32064,15968,16032,63.872,64.128,relax,0,0,0.0,False,False,2.4419439762659847,3.157619880151782,277.1426116406451,30.0,20.0,82.1112617680848,82.03125,82.03125,8.184796442605917
session_15.csv,session_15,500,32000,32128,16000,16064,64.0,64.256,relax,0,0,0.0,False,False,2.5689199593815077,3.1829236460761394,283.13327366209916,36.0,22.0,85.73165110787885,85.9375,89.84375,10.725064992025048
session_15.csv,session_15,501,32064,32192,16032,16096,64.128,64.384,relax,0,0,0.0,False,False,2.0972513234940404,2.5374481698479006,234.50322006374523,37.0,22.0,82.43275805826448,82.03125,97.65625,7.101538573227445
session_15.csv,session_15,502,32128,32256,16064,16128,64.256,64.512,relax,0,0,0.0,False,False,2.0826700616515317,2.637550028131431,229.94880516338253,30.0,18.0,81.2885913799755,82.03125,97.65625,6.883723378712508
session_15.csv,session_15,503,32192,32320,16096,16160,64.384,64.64,relax,0,0,0.0,False,False,1.9640511788737522,2.536292966952571,205.6559930911369,24.0,12.0,78.87881400054943,74.21875,70.3125,4.156978109652408
session_15.csv,session_15,504,32256,32384,16128,16192,64.512,64.768,relax,0,0,0.0,False,False,2.0715478468944895,2.543561125582216,219.35162273466517,29.0,14.0,82.9428389364274,85.9375,97.65625,5.354561918524814
session_15.csv,session_15,505,32320,32448,16160,16224,64.64,64.896,relax,0,0,0.0,False,False,1.8473902958835393,2.2113612280347956,197.79004469538862,27.0,11.0,79.61105143736438,78.125,78.125,5.911318659349975
session_15.csv,session_15,506,32384,32512,16192,16256,64.768,65.024,relax,0,0,0.0,False,False,2.216033868967957,2.8499318741715074,240.985889489866,28.0,15.0,87.98434954090322,89.84375,93.75,7.717083968707849
session_15.csv,session_15,507,32448,32576,16224,16288,64.896,65.152,relax,0,24,0.1875,True,True,8.998487829502652,13.587953454221276,893.9986821067928,36.0,26.0,76.92290391629265,74.21875,70.3125,113.7896341292904
session_15.csv,session_15,508,32512,32640,16256,16320,65.024,65.28,clench,1,88,0.6875,True,True,22.9968730074583,27.99391793556666,2426.8240701041664,43.0,36.0,81.70078474764033,82.03125,82.03125,993.9065447669392
session_15.csv,session_15,509,32576,32704,16288,16352,65.152,65.408,clench,1,128,1.0,False,True,22.576325386015228,28.168333165459938,2407.3308364552254,41.0,34.0,84.60787685752229,85.9375,89.84375,602.9532630100468
session_15.csv,session_15,510,32640,32768,16320,16384,65.28,65.536,clench,1,128,1.0,False,False,21.235177231189397,26.538933618157,2432.1572100478816,41.0,37.0,88.62126034042188,89.84375,93.75,775.1817234937786
session_15.csv,session_15,511,32704,32832,16352,16416,65.408,65.664,clench,1,128,1.0,False,False,23.733135040788348,28.110781545578334,2614.349700624772,42.0,38.0,82.26919739223958,82.03125,82.03125,849.0420503464663
session_15.csv,session_15,512,32768,32896,16384,16448,65.536,65.792,clench,1,128,1.0,False,False,17.36498970875845,21.4689774043951,1790.0090401783286,39.0,33.0,80.7002242691709,82.03125,93.75,206.03064206422187
session_15.csv,session_15,513,32832,32960,16416,16480,65.664,65.92,clench,1,128,1.0,False,False,13.670779491570082,16.94074948725952,1445.610085297251,39.0,35.0,84.73019539147424,85.9375,82.03125,397.21201646559194
session_15.csv,session_15,514,32896,33024,16448,16512,65.792,66.048,clench,1,128,1.0,False,False,13.099826887726481,16.139121423959775,1393.3783793026769,43.0,38.0,81.35112329394448,78.125,74.21875,388.4685075262859
session_15.csv,session_15,515,32960,33088,16480,16544,65.92,66.176,clench,1,128,1.0,False,False,13.71618438001327,17.279348098234344,1474.8017899967779,44.0,43.0,85.18854286707747,85.9375,89.84375,84.89188814499938
session_15.csv,session_15,516,33024,33152,16512,16576,66.048,66.304,clench,1,128,1.0,False,False,12.538195119611164,16.009766844707787,1364.0481638120677,41.0,37.0,88.4350718427417,89.84375,89.84375,451.0270073364139
session_15.csv,session_15,517,33088,33216,16544,16608,66.176,66.432,clench,1,128,1.0,False,False,11.24725944331177,14.275868433875006,1164.538146550307,39.0,33.0,75.8856648912442,70.3125,66.40625,174.70919177872867
session_15.csv,session_15,518,33152,33280,16576,16640,66.304,66.56,clench,1,128,1.0,False,False,10.504099004902612,13.134319718175151,1086.473720395313,40.0,33.0,84.00593339956728,85.9375,85.9375,114.76410581901341
session_15.csv,session_15,519,33216,33344,16608,16672,66.432,66.688,clench,1,128,1.0,False,False,11.083865432758738,13.667761756875096,1181.4310152954254,43.0,34.0,82.5198700139743,85.9375,89.84375,296.91077372099915
session_15.csv,session_15,520,33280,33408,16640,16704,66.56,66.816,clench,1,128,1.0,False,False,12.013045978917038,14.462846332305087,1247.0193430037964,42.0,38.0,79.29497823423425,74.21875,74.21875,118.6103668862073
session_15.csv,session_15,521,33344,33472,16672,16736,66.688,66.944,clench,1,128,1.0,False,False,14.330298074843348,17.405758626328875,1571.731069918557,42.0,41.0,81.58268831969501,85.9375,85.9375,352.25698923951745
session_15.csv,session_15,522,33408,33536,16704,16768,66.816,67.072,clench,1,128,1.0,False,False,16.413369678727506,20.223805490648687,1809.3756220173511,39.0,39.0,81.26798954057935,82.03125,82.03125,427.2089459490438
session_15.csv,session_15,523,33472,33600,16736,16800,66.944,67.2,clench,1,128,1.0,False,False,13.019381315677094,16.655275581646208,1401.6724427473425,39.0,37.0,73.45678264070898,70.3125,66.40625,170.75672328079938
session_15.csv,session_15,524,33536,33664,16768,16832,67.072,67.328,clench,1,128,1.0,False,False,15.278554650233168,20.72622652148121,1635.6173099344433,44.0,40.0,83.7761614081133,89.84375,97.65625,108.78279263863655
session_15.csv,session_15,525,33600,33728,16800,16864,67.2,67.456,clench,1,128,1.0,False,False,25.934199958004474,31.719713602003687,2818.1238016668267,43.0,39.0,80.15490343066361,82.03125,82.03125,1427.5602584499957
session_15.csv,session_15,526,33664,33792,16832,16896,67.328,67.584,clench,1,128,1.0,False,False,29.23984050175436,34.821137330909444,3312.008619388242,41.0,40.0,82.36454975175724,82.03125,78.125,1072.3006026900036
session_15.csv,session_15,527,33728,33856,16864,16928,67.456,67.712,clench,1,128,1.0,False,False,22.58110297853706,28.266098950262126,2548.9845831096754,41.0,40.0,82.62939153157251,78.125,78.125,688.3407635814795
session_15.csv,session_15,528,33792,33920,16896,16960,67.584,67.84,clench,1,128,1.0,False,False,18.856783699984476,22.04876081591565,2001.511813605035,43.0,40.0,79.9994124965754,78.125,74.21875,441.7493142032163
session_15.csv,session_15,529,33856,33984,16928,16992,67.712,67.968,clench,1,128,1.0,False,False,17.584153165024386,21.116594834998438,1886.7521979249013,44.0,41.0,86.05954067746369,85.9375,85.9375,659.22720711734
session_15.csv,session_15,530,33920,34048,16960,17024,67.84,68.096,clench,1,128,1.0,False,False,18.252295470260798,22.81173447471721,1849.102036927717,41.0,36.0,82.8486798060785,82.03125,78.125,228.803191536295
session_15.csv,session_15,531,33984,34112,16992,17056,67.968,68.224,clench,1,128,1.0,False,False,23.561606383485234,27.40889882705035,2452.693083312241,40.0,37.0,79.30644192919797,78.125,78.125,974.2081865205953
session_15.csv,session_15,532,34048,34176,17024,17088,68.096,68.352,clench,1,128,1.0,False,False,23.89394150032156,28.457622784433006,2577.262127397848,41.0,38.0,86.09840075192007,85.9375,85.9375,574.0969146393805
session_15.csv,session_15,533,34112,34240,17056,17120,68.224,68.48,clench,1,128,1.0,False,False,20.679616858867437,25.886776826092138,2280.2952694020714,42.0,37.0,80.65873721441666,82.03125,74.21875,728.2168533943878
session_15.csv,session_15,534,34176,34304,17088,17152,68.352,68.608,clench,1,128,1.0,False,False,18.29902146860153,21.996144758358383,1939.158189521011,42.0,39.0,80.12794520988568,82.03125,85.9375,346.1294040926295
session_15.csv,session_15,535,34240,34368,17120,17184,68.48,68.736,clench,1,128,1.0,False,False,21.539278204101983,26.8634536504361,2273.3265906285105,39.0,36.0,77.96254827598413,74.21875,74.21875,787.353751943009
session_15.csv,session_15,536,34304,34432,17152,17216,68.608,68.864,clench,1,128,1.0,False,False,18.671834194596215,24.512466056797425,1921.1477845216432,39.0,33.0,77.71693085319166,78.125,70.3125,494.11349789352533
session_15.csv,session_15,537,34368,34496,17184,17248,68.736,68.992,clench,1,111,0.8671875,True,True,10.304360140991058,12.163102529294452,1122.7403210407606,42.0,35.0,83.28601316972454,85.9375,85.9375,119.79251775276191
session_15.csv,session_15,538,34432,34560,17216,17280,68.864,69.12,relax,0,47,0.3671875,True,True,6.336697930464448,8.440748396301883,699.3167928860087,38.0,27.0,84.182439952595,85.9375,85.9375,79.76379258617142
session_15.csv,session_15,539,34496,34624,17248,17312,68.992,69.248,relax,0,0,0.0,False,True,4.08399990512977,5.106966426605844,435.6877951722968,35.0,23.0,85.72471706555511,89.84375,89.84375,38.74163576625206
session_15.csv,session_15,540,34560,34688,17280,17344,69.12,69.376,relax,0,0,0.0,False,False,3.7107246468836372,4.765698133062371,399.5093107175757,32.0,23.0,79.11136625475048,82.03125,82.03125,16.21370223574896
session_15.csv,session_15,541,34624,34752,17312,17376,69.248,69.504,relax,0,0,0.0,False,False,2.5589766889900405,3.2163497578639735,265.39903674440853,28.0,17.0,76.84189071292403,78.125,82.03125,10.185037838161133
session_15.csv,session_15,542,34688,34816,17344,17408,69.376,69.632,relax,0,0,0.0,False,False,2.556380324126426,3.210582381379236,263.56809017372467,27.0,16.0,79.07018013177829,82.03125,85.9375,4.847676647391555
session_15.csv,session_15,543,34752,34880,17376,17440,69.504,69.76,relax,0,0,0.0,False,False,2.7106760883816046,3.478744175695278,293.7185365894778,28.0,18.0,79.49038519933247,78.125,74.21875,16.899231406245814
session_15.csv,session_15,544,34816,34944,17408,17472,69.632,69.888,relax,0,0,0.0,False,False,2.655437751639808,3.2996126204945027,278.2137424748881,32.0,18.0,74.57581432905947,78.125,78.125,8.949436804351175
session_15.csv,session_15,545,34880,35008,17440,17504,69.76,70.016,relax,0,0,0.0,False,False,3.0399820553272017,3.882494715891195,336.4943291404872,37.0,25.0,81.21926581401264,85.9375,85.9375,9.4430977896391
session_15.csv,session_15,546,34944,35072,17472,17536,69.888,70.144,relax,0,0,0.0,False,False,2.924713950899733,3.715635159318897,328.59961127277194,40.0,29.0,81.40245908788162,82.03125,89.84375,13.933525037766673
session_15.csv,session_15,547,35008,35136,17504,17568,70.016,70.272,relax,0,0,0.0,False,False,2.6229520646303186,3.222226936264134,270.67413550067624,37.0,18.0,79.89989127364731,82.03125,89.84375,7.3045798445486465
session_15.csv,session_15,548,35072,35200,17536,17600,70.144,70.4,relax,0,0,0.0,False,False,2.4665088554042285,3.1195931037621154,248.5051011257481,32.0,15.0,80.4861355729173,82.03125,82.03125,13.360807775133333
session_15.csv,session_15,549,35136,35264,17568,17632,70.272,70.528,relax,0,0,0.0,False,True,4.28810629746976,6.740592280153901,459.89715622287423,37.0,27.0,83.44915155542229,85.9375,93.75,17.95704392848169
session_15.csv,session_15,550,35200,35328,17600,17664,70.4,70.656,relax,0,58,0.453125,True,True,16.697012642579754,24.280887432830923,1794.630092757223,40.0,36.0,83.9749206710811,85.9375,89.84375,760.0372184714284
session_15.csv,session_15,551,35264,35392,17632,17696,70.528,70.784,clench,1,122,0.953125,True,True,24.55469773623713,29.724958824195422,2537.566468456593,39.0,36.0,77.65321609455313,74.21875,74.21875,612.9271553891009
session_15.csv,session_15,552,35328,35456,17664,17728,70.656,70.912,clench,1,128,1.0,False,False,21.608181177904797,25.59844036284993,2316.2599105073423,40.0,38.0,82.46409307668081,82.03125,85.9375,589.03431351318
session_15.csv,session_15,553,35392,35520,17696,17760,70.784,71.04,clench,1,128,1.0,False,False,21.487004180375735,25.510768062623686,2277.506884711343,40.0,38.0,80.70129048390844,78.125,78.125,534.886497994782
session_15.csv,session_15,554,35456,35584,17728,17792,70.912,71.168,clench,1,128,1.0,False,False,15.81604913825975,19.887919422002042,1651.4231944406927,39.0,35.0,75.8250344633097,74.21875,74.21875,427.26405306809977
session_15.csv,session_15,555,35520,35648,17760,17824,71.04,71.296,clench,1,128,1.0,False,False,7.529463180588239,9.593559905912414,803.2931289486964,35.0,27.0,78.23799054749959,82.03125,85.9375,92.61912627274246
session_15.csv,session_15,556,35584,35712,17792,17856,71.168,71.424,clench,1,128,1.0,False,False,6.249416304777741,8.381454395843162,691.2531680462283,36.0,25.0,80.9663042675968,82.03125,82.03125,28.863668592942794
session_15.csv,session_15,557,35648,35776,17824,17888,71.296,71.552,clench,1,114,0.890625,True,True,7.091406297794418,8.913417001787677,757.5125409746321,43.0,30.0,79.61025370552535,82.03125,85.9375,109.65819305171624
session_15.csv,session_15,558,35712,35840,17856,17920,71.424,71.68,relax,0,50,0.390625,True,True,5.483587023717258,7.139550305197227,605.1320390042598,43.0,32.0,86.41290406618427,89.84375,89.84375,43.84926853364455
session_15.csv,session_15,559,35776,35904,17888,17952,71.552,71.808,relax,0,0,0.0,False,True,3.043307659351039,4.1335222402582215,344.15201300240005,34.0,22.0,83.0161397203061,82.03125,82.03125,8.188124995687543
session_15.csv,session_15,560,35840,35968,17920,17984,71.68,71.936,relax,0,0,0.0,False,False,2.7864752169540257,3.508888789333561,305.94685371705395,35.0,21.0,81.28662752582453,82.03125,82.03125,8.375961172943631
session_15.csv,session_15,561,35904,36032,17952,18016,71.808,72.064,relax,0,0,0.0,False,False,3.1993107288250404,3.8861891379372207,358.9360563813101,40.0,28.0,84.48544925627932,85.9375,89.84375,17.2787796766084
session_15.csv,session_15,562,35968,36096,17984,18048,71.936,72.192,relax,0,0,0.0,False,False,2.991930720684438,3.6525144298200525,327.8440861416676,37.0,23.0,87.7271852224551,89.84375,89.84375,8.39723199268886
session_15.csv,session_15,563,36032,36160,18016,18080,72.064,72.32,relax,0,0,0.0,False,False,3.083646306653119,3.7757171926351605,337.31833883384456,36.0,23.0,80.65977337654361,78.125,74.21875,20.313917966080346
session_15.csv,session_15,564,36096,36224,18048,18112,72.192,72.448,relax,0,0,0.0,False,False,2.9041651489629334,3.5757832058153363,317.6839727524863,35.0,24.0,84.73860173839404,85.9375,89.84375,14.74198322161132
session_15.csv,session_15,565,36160,36288,18080,18144,72.32,72.576,relax,0,0,0.0,False,False,3.4535603166584585,4.5464346161601865,389.11119404972925,37.0,27.0,89.70739214818536,93.75,97.65625,16.34039548415072
session_15.csv,session_15,566,36224,36352,18112,18176,72.448,72.704,relax,0,0,0.0,False,True,6.452022605637734,9.142918004909708,701.9096796669978,41.0,33.0,84.89644500580164,85.9375,89.84375,17.20265235702882
session_15.csv,session_15,567,36288,36416,18144,18208,72.576,72.832,relax,0,47,0.3671875,True,True,19.304770283444427,26.384502517982526,2126.461058475696,42.0,38.0,80.59950294933257,78.125,74.21875,527.2689964187463
session_15.csv,session_15,568,36352,36480,18176,18240,72.704,72.96,clench,1,111,0.8671875,True,True,25.830517196001246,30.9476916937741,2815.9335755385746,40.0,40.0,86.66423996497667,85.9375,89.84375,1037.958143770353
session_15.csv,session_15,569,36416,36544,18208,18272,72.832,73.088,clench,1,128,1.0,False,False,22.389302753117285,26.059360029962555,2296.6196326737395,38.0,36.0,78.67499509256787,74.21875,70.3125,597.1467029581219
session_15.csv,session_15,570,36480,36608,18240,18304,72.96,73.216,clench,1,128,1.0,False,False,25.80960774634697,30.228895541000362,2705.5702299639593,40.0,36.0,78.23482862862849,74.21875,74.21875,677.8048938150627
session_15.csv,session_15,571,36544,36672,18272,18336,73.088,73.344,clench,1,128,1.0,False,False,24.244902411827002,29.15116269195726,2646.0393304428767,41.0,39.0,84.1150141257805,85.9375,85.9375,1168.2100016470552
session_15.csv,session_15,572,36608,36736,18304,18368,73.216,73.472,clench,1,128,1.0,False,False,14.745440906722123,18.77390269153687,1580.430684638864,37.0,35.0,80.94623171533593,78.125,78.125,216.44858192783983
session_15.csv,session_15,573,36672,36800,18336,18400,73.344,73.6,clench,1,128,1.0,False,False,13.802397941731872,17.239513664194234,1486.5094830376756,37.0,35.0,78.33563265167432,78.125,82.03125,329.8269091524689
session_15.csv,session_15,574,36736,36864,18368,18432,73.472,73.728,clench,1,128,1.0,False,False,16.198258502768752,19.511197657726573,1748.2462173916722,40.0,37.0,78.62262298012251,74.21875,70.3125,348.5750499729597
session_15.csv,session_15,575,36800,36928,18400,18464,73.6,73.856,clench,1,128,1.0,False,False,13.619482014500376,16.46325354449475,1448.4341888093747,37.0,35.0,83.13224694389162,89.84375,89.84375,187.33766845265865
session_15.csv,session_15,576,36864,36992,18432,18496,73.728,73.984,clench,1,128,1.0,False,False,9.82567087101293,12.393370803360035,1085.9177146549175,39.0,34.0,83.15855751159091,85.9375,85.9375,184.01955801309535
session_15.csv,session_15,577,36928,37056,18464,18528,73.856,74.112,clench,1,128,1.0,False,False,9.32733542472904,11.675020581975678,1014.7388415004303,41.0,35.0,83.04877336241331,85.9375,85.9375,100.52871240664864
session_15.csv,session_15,578,36992,37120,18496,18560,73.984,74.24,clench,1,128,1.0,False,False,8.582859265853719,11.237115160967063,949.7089495747317,42.0,34.0,84.85300112273904,82.03125,78.125,130.4118682223845
session_15.csv,session_15,579,37056,37184,18528,18592,74.112,74.368,clench,1,128,1.0,False,False,5.140638763241987,6.680435346728016,544.4290958425336,39.0,26.0,78.94602102743298,78.125,82.03125,22.223729398806327
session_15.csv,session_15,580,37120,37248,18560,18624,74.24,74.496,clench,1,119,0.9296875,True,True,5.8418879916269635,7.635974952361622,624.7096097506576,36.0,25.0,80.67702026281617,82.03125,82.03125,61.52878815413861
session_15.csv,session_15,581,37184,37312,18592,18656,74.368,74.624,relax,0,55,0.4296875,True,True,5.4261115194755405,7.054867934334328,582.429580549005,38.0,27.0,81.39515328023622,78.125,78.125,29.957853024146125
session_15.csv,session_15,582,37248,37376,18624,18688,74.496,74.752,relax,0,0,0.0,False,True,3.0894561554811757,3.977634715193704,330.12470118532866,35.0,23.0,78.10134742328526,78.125,74.21875,20.8169662167103
session_15.csv,session_15,583,37312,37440,18656,18720,74.624,74.88,relax,0,0,0.0,False,False,1.9295433556603434,2.5687737562841053,200.1765776261691,22.0,11.0,73.32936343733952,70.3125,62.5,3.7718251026644865
session_15.csv,session_15,584,37376,37504,18688,18752,74.752,75.008,relax,0,0,0.0,False,False,2.7372418030463392,4.003746460618911,287.16034768026634,24.0,14.0,78.87288506608495,78.125,70.3125,31.542377180257485
session_15.csv,session_15,585,37440,37568,18720,18784,74.88,75.136,relax,0,0,0.0,False,False,3.2724696003317706,4.352629880544783,342.5069213041552,30.0,19.0,80.19116987468799,78.125,78.125,8.607418798613422
session_15.csv,session_15,586,37504,37632,18752,18816,75.008,75.264,relax,0,0,0.0,False,False,2.3079690024638033,3.0655487236639147,256.27184825521255,25.0,15.0,83.25071022515856,85.9375,85.9375,16.117832008108184
session_15.csv,session_15,587,37568,37696,18784,18848,75.136,75.392,relax,0,0,0.0,False,False,2.4785004850258234,3.176826729698656,263.2990456277112,28.0,17.0,77.51354258388899,78.125,85.9375,4.28580859906381
session_15.csv,session_15,588,37632,37760,18816,18880,75.264,75.52,relax,0,0,0.0,False,False,2.6046349663628154,3.1918101621052624,278.7613833669331,32.0,20.0,80.36094117025564,82.03125,82.03125,14.077064197002736
session_15.csv,session_15,589,37696,37824,18848,18912,75.392,75.648,relax,0,0,0.0,False,False,1.7228465429856779,2.320858667773659,180.61747529630438,19.0,11.0,78.69725754575074,82.03125,66.40625,2.608804781631225
session_15.csv,session_15,590,37760,37888,18880,18944,75.52,75.776,relax,0,0,0.0,False,True,4.8137661590135465,7.33260865573844,508.2218055893675,26.0,20.0,81.17498474627689,82.03125,82.03125,27.492973314875215
session_15.csv,session_15,591,37824,37952,18912,18976,75.648,75.904,relax,0,43,0.3359375,True,True,11.701872679880648,14.395280117679826,1247.9170471410312,42.0,35.0,81.36727658495445,85.9375,85.9375,235.43832546617344
session_15.csv,session_15,592,37888,38016,18944,19008,75.776,76.032,clench,1,107,0.8359375,True,True,16.758314531498034,19.811208299470554,1845.490169766355,44.0,37.0,82.16660088741537,85.9375,85.9375,335.12485515402227
session_15.csv,session_15,593,37952,38080,18976,19040,75.904,76.16,clench,1,128,1.0,False,False,17.47438067337137,20.73600467582466,1962.9506885714857,44.0,41.0,87.73625579643027,93.75,93.75,444.61760338941315
session_15.csv,session_15,594,38016,38144,19008,19072,76.032,76.288,clench,1,128,1.0,False,False,17.054220711176065,20.445468106610214,1971.6392856995085,45.0,42.0,86.78645832727625,85.9375,97.65625,428.8733587378346
session_15.csv,session_15,595,38080,38208,19040,19104,76.16,76.416,clench,1,128,1.0,False,False,17.467423770808818,22.118915667351235,1939.595673524618,44.0,42.0,87.65090344744587,93.75,97.65625,233.47308521498707
session_15.csv,session_15,596,38144,38272,19072,19136,76.288,76.544,clench,1,128,1.0,False,False,16.272512180904524,20.414473389444833,1727.9851468966615,43.0,38.0,82.26104792225355,82.03125,82.03125,495.8995135829515
session_15.csv,session_15,597,38208,38336,19104,19168,76.416,76.672,clench,1,128,1.0,False,False,12.296507737191455,14.702467173187335,1321.008365828254,44.0,34.0,82.93905642443075,82.03125,85.9375,166.24994099510678
session_15.csv,session_15,598,38272,38400,19136,19200,76.544,76.8,clench,1,128,1.0,False,False,11.001222709261015,13.193198768411708,1175.5495911068372,42.0,35.0,82.67080062896791,82.03125,82.03125,127.43114598606705
session_15.csv,session_15,599,38336,38464,19168,19232,76.672,76.928,clench,1,128,1.0,False,False,16.050041957746792,20.494215068460992,1753.2446113409137,40.0,39.0,80.17519557913398,74.21875,70.3125,257.57282179657057
session_15.csv,session_15,600,38400,38528,19200,19264,76.8,77.056,clench,1,128,1.0,False,False,18.568654922919475,23.40548778428501,2068.2325096266513,41.0,40.0,85.51114438874171,89.84375,89.84375,396.7812617122205
session_15.csv,session_15,601,38464,38592,19232,19296,76.928,77.184,clench,1,128,1.0,False,False,18.074543965343985,21.549244295657342,1986.6681427534415,41.0,39.0,79.63764988566878,78.125,82.03125,664.3059264091239
session_15.csv,session_15,602,38528,38656,19264,19328,77.056,77.312,clench,1,128,1.0,False,False,20.145484453502895,23.527031944188128,2163.6518250965487,41.0,39.0,76.5014367645682,74.21875,70.3125,393.6866534751603
session_15.csv,session_15,603,38592,38720,19296,19360,77.184,77.44,clench,1,128,1.0,False,False,21.378111878495993,25.496287458046446,2421.1446000807705,44.0,42.0,85.93027240294437,85.9375,85.9375,544.3053683040897
session_15.csv,session_15,604,38656,38784,19328,19392,77.312,77.568,clench,1,128,1.0,False,False,17.729757549751184,21.50319185184202,1923.5994054823605,45.0,40.0,85.82337588805203,85.9375,89.84375,559.5932800018792
session_15.csv,session_15,605,38720,38848,19360,19424,77.44,77.696,clench,1,128,1.0,False,False,15.0093008785986,17.625802728736044,1596.80360649862,44.0,40.0,83.65561988127232,82.03125,82.03125,275.09947364929826
session_15.csv,session_15,606,38784,38912,19392,19456,77.568,77.824,clench,1,128,1.0,False,False,14.224985910927007,17.47158173159492,1485.4252469976514,38.0,36.0,78.39755089477052,74.21875,70.3125,443.7625919380413
session_15.csv,session_15,607,38848,38976,19424,19488,77.696,77.952,clench,1,128,1.0,False,False,12.436340406563986,15.566888242600719,1236.3980742329688,37.0,30.0,76.5917643898384,74.21875,70.3125,149.56957631636638
session_15.csv,session_15,608,38912,39040,19456,19520,77.824,78.08,clench,1,128,1.0,False,False,15.585057325966591,19.025155160211128,1669.7028041838414,41.0,34.0,80.06184333027227,82.03125,82.03125,430.12192382380414
session_15.csv,session_15,609,38976,39104,19488,19552,77.952,78.208,clench,1,128,1.0,False,False,18.61068940134404,21.959823748245014,1976.6596653991107,43.0,39.0,78.25056932618457,74.21875,74.21875,509.5828723451201
session_15.csv,session_15,610,39040,39168,19520,19584,78.08,78.336,clench,1,128,1.0,False,False,18.65590111130594,22.10518891886057,2002.8789239574514,43.0,40.0,83.16661269205244,85.9375,93.75,445.7778304272364
session_15.csv,session_15,611,39104,39232,19552,19616,78.208,78.464,clench,1,128,1.0,False,False,18.333728151341344,23.19985624284397,1980.9388290886093,38.0,36.0,79.66553552114972,78.125,70.3125,571.3197785807989
session_15.csv,session_15,612,39168,39296,19584,19648,78.336,78.592,clench,1,128,1.0,False,False,19.104178285160586,24.343377527474686,2108.12711959774,38.0,34.0,78.00916734692056,74.21875,74.21875,617.3088027898654
session_15.csv,session_15,613,39232,39360,19616,19680,78.464,78.72,clench,1,128,1.0,False,False,17.59404350307723,21.68441172184426,1896.4603573507075,40.0,35.0,79.326882071865,78.125,78.125,454.21931590262153
session_15.csv,session_15,614,39296,39424,19648,19712,78.592,78.848,clench,1,128,1.0,False,False,12.740054775106078,15.572754000782384,1378.4874305909843,39.0,37.0,80.37077199531448,85.9375,70.3125,300.6797840778815
session_15.csv,session_15,615,39360,39488,19680,19744,78.72,78.976,clench,1,128,1.0,False,False,13.915918754205101,17.037006870813507,1477.3853993540827,39.0,37.0,82.42633244200428,82.03125,82.03125,337.7223968040262
session_15.csv,session_15,616,39424,39552,19712,19776,78.848,79.104,clench,1,128,1.0,False,False,11.273814545576867,15.178142873820185,1249.1180642717109,45.0,39.0,87.82758827546554,89.84375,89.84375,115.71694345243218
session_15.csv,session_15,617,39488,39616,19744,19808,78.976,79.232,clench,1,128,1.0,False,False,4.842036123730564,6.194829336462892,564.2521625726798,42.0,36.0,86.63013915986807,89.84375,97.65625,19.751350077672445
session_15.csv,session_15,618,39552,39680,19776,19840,79.104,79.36,clench,1,128,1.0,False,True,4.284186931482748,5.2307191477065595,463.6535240525657,38.0,28.0,80.06345743043045,78.125,70.3125,29.357933895285342
session_15.csv,session_15,619,39616,39744,19808,19872,79.232,79.488,clench,1,67,0.5234375,True,True,4.056767982027788,4.937438029480381,436.93353271808354,38.0,28.0,78.48116372850181,74.21875,74.21875,21.518959619596423
session_15.csv,session_15,620,39680,39808,19840,19904,79.36,79.616,relax,0,3,0.0234375,True,True,2.7617430822980635,3.411406593741923,286.8105134167438,33.0,19.0,81.09500739534549,85.9375,85.9375,11.236258636197832
session_15.csv,session_15,621,39744,39872,19872,19936,79.488,79.744,relax,0,0,0.0,False,False,2.5731993500845074,3.1921673241619084,279.12332251868924,34.0,19.0,78.71634600451361,78.125,78.125,10.757767550433709
session_15.csv,session_15,622,39808,39936,19904,19968,79.616,79.872,relax,0,0,0.0,False,False,2.9108085268736996,3.6628674452266163,313.23861000780397,35.0,23.0,77.71632611732774,78.125,78.125,13.806257050105371
session_15.csv,session_15,623,39872,40000,19936,20000,79.744,80.0,relax,0,0,0.0,False,False,3.2160916332425327,4.019895286732806,334.6129655769526,33.0,19.0,80.18605615148111,82.03125,74.21875,13.560328287748579
session_15.csv,session_15,624,39936,40064,19968,20032,79.872,80.128,relax,0,0,0.0,False,False,2.7968155087955737,3.570172802091658,294.1721675237206,30.0,16.0,80.92966890305395,82.03125,85.9375,9.573895354066275
session_15.csv,session_15,625,40000,40128,20000,20064,80.0,80.256,relax,0,0,0.0,False,False,1.9001061050527281,2.3986277777740184,201.22394376260016,27.0,14.0,76.75965808764339,78.125,78.125,4.545556769894352
session_15.csv,session_15,626,40064,40192,20032,20096,80.128,80.384,relax,0,0,0.0,False,False,2.5734600417090534,3.1167593518747023,273.75906530503687,33.0,20.0,79.93144460784973,78.125,78.125,10.317020819839001
session_15.csv,session_15,627,40128,40256,20064,20128,80.256,80.512,relax,0,0,0.0,False,False,3.6921842916759866,4.380713335105656,412.1580444171255,40.0,29.0,86.40071366662711,85.9375,85.9375,18.07808707568707
session_15.csv,session_15,628,40192,40320,20096,20160,80.384,80.64,relax,0,0,0.0,False,False,3.7220603415807023,4.643680644031662,425.3282476762256,41.0,28.0,82.6466642691037,82.03125,85.9375,20.46966622224402
session_15.csv,session_15,629,40256,40384,20128,20192,80.512,80.768,relax,0,0,0.0,False,False,2.8700297566432917,3.726697656011395,312.30689251802846,34.0,19.0,80.98934926959676,82.03125,82.03125,9.369393374365563
session_15.csv,session_15,630,40320,40448,20160,20224,80.64,80.896,relax,0,0,0.0,False,False,2.1654828807181787,2.7064373599939646,232.16564647865897,27.0,15.0,77.08774625619124,74.21875,74.21875,4.594435555498085
session_15.csv,session_15,631,40384,40512,20192,20256,80.768,81.024,relax,0,0,0.0,False,False,2.4756587516399664,2.998866281097799,259.96410235212846,30.0,16.0,79.04855769510223,78.125,82.03125,9.747016944712596
session_15.csv,session_15,632,40448,40576,20224,20288,80.896,81.152,relax,0,0,0.0,False,False,2.8343656951622633,3.3874934257625977,302.6231030197245,37.0,21.0,82.47799696780258,78.125,78.125,9.817067208620713
session_15.csv,session_15,633,40512,40640,20256,20320,81.024,81.28,relax,0,0,0.0,False,False,2.469199136999679,3.075461557152205,275.78196879918954,34.0,21.0,83.84314576040244,85.9375,85.9375,10.259664872682963
session_15.csv,session_15,634,40576,40704,20288,20352,81.152,81.408,relax,0,0,0.0,False,False,1.944169339939085,2.4373707024458606,206.76701774119334,22.0,12.0,77.55533919806874,78.125,78.125,2.9413637080628035
session_15.csv,session_15,635,40640,40768,20320,20384,81.28,81.536,relax,0,0,0.0,False,False,2.014755516148826,2.5680594580686518,222.3617777836072,24.0,13.0,84.60726299506501,82.03125,82.03125,9.255901830810412
session_15.csv,session_15,636,40704,40832,20352,20416,81.408,81.664,relax,0,0,0.0,False,False,2.1809201475050797,2.7592775684058153,244.56946475597726,32.0,18.0,81.50391216600714,74.21875,97.65625,4.98483598937869
session_15.csv,session_15,637,40768,40896,20384,20448,81.536,81.792,relax,0,0,0.0,False,False,1.9910254336310582,2.5558588410500627,222.82236413115402,31.0,17.0,80.46731905002925,78.125,78.125,5.914742591761436
session_15.csv,session_15,638,40832,40960,20416,20480,81.664,81.92,relax,0,0,0.0,False,False,2.27269108596127,2.8275749249047473,244.08424803759834,31.0,17.0,79.833130440037,82.03125,82.03125,6.875864776602708
session_15.csv,session_15,639,40896,41024,20448,20512,81.792,82.048,relax,0,0,0.0,False,False,2.1325836550912918,2.5686790726946813,225.16485160797313,32.0,16.0,82.34967733099862,85.9375,85.9375,5.212946729781584
session_15.csv,session_15,640,40960,41088,20480,20544,81.92,82.176,relax,0,0,0.0,False,False,1.9711323941569003,2.389874984128554,207.07826547795867,30.0,14.0,80.88622982920303,78.125,74.21875,3.208752569123739
session_15.csv,session_15,641,41024,41152,20512,20576,82.048,82.304,relax,0,0,0.0,False,False,2.466712274419499,2.980806888967504,262.5080361059078,34.0,17.0,84.74641182297913,85.9375,89.84375,11.262494609005287
session_15.csv,session_15,642,41088,41216,20544,20608,82.176,82.432,relax,0,0,0.0,False,False,2.6262067137971377,3.1301469509147055,279.86843870902135,37.0,19.0,82.95874747643258,85.9375,85.9375,13.214843939931665
session_15.csv,session_15,643,41152,41280,20576,20640,82.304,82.56,relax,0,0,0.0,False,False,1.874382540913516,2.3760397721036277,193.08668517963247,26.0,10.0,80.78283343984859,89.84375,93.75,3.607813345576182
session_15.csv,session_15,644,41216,41344,20608,20672,82.432,82.688,relax,0,0,0.0,False,False,1.28923390410417,1.6601238372132883,138.59531342068263,18.0,7.0,78.11005772293028,74.21875,74.21875,1.7474807890630912
session_15.csv,session_15,645,41280,41408,20640,20704,82.56,82.816,relax,0,0,0.0,False,False,1.4102334053212078,1.7705571530919633,154.39917462784496,21.0,10.0,85.62522996713989,85.9375,97.65625,3.2661199524476388
session_15.csv,session_15,646,41344,41472,20672,20736,82.688,82.944,relax,0,0,0.0,False,False,1.5899039577411722,1.8072625330295966,169.93910332205314,28.0,13.0,82.65390523056304,82.03125,78.125,2.978593368060799
session_15.csv,session_15,647,41408,41536,20704,20768,82.816,83.072,relax,0,0,0.0,False,False,1.8727936673429775,2.2411451180068678,200.93661644496257,33.0,19.0,87.1988160245525,89.84375,89.84375,4.697635073853985
session_15.csv,session_15,648,41472,41600,20736,20800,82.944,83.2,relax,0,0,0.0,False,False,1.9220164909580004,2.3341111598764663,214.87242609574602,32.0,20.0,83.57704539882619,89.84375,93.75,6.915455017371186
session_15.csv,session_15,649,41536,41664,20768,20832,83.072,83.328,relax,0,0,0.0,False,False,1.6585335955617153,2.0395144475380036,182.06751999213023,25.0,11.0,82.07000595322249,82.03125,93.75,2.288463847234549
session_15.csv,session_15,650,41600,41728,20800,20864,83.2,83.456,relax,0,0,0.0,False,False,1.7228511737156262,2.1264023348103644,186.4068512741835,25.0,10.0,79.95536157599054,85.9375,89.84375,5.411314583675383
session_15.csv,session_15,651,41664,41792,20832,20896,83.328,83.584,relax,0,0,0.0,False,False,1.4696700090096009,1.8053508614828544,153.7324293314485,20.0,8.0,86.88225609171697,93.75,93.75,2.739357396189904
session_15.csv,session_15,652,41728,41856,20864,20928,83.456,83.712,relax,0,0,0.0,False,False,1.414767487619886,1.7301805917922228,146.08410497041805,18.0,7.0,83.93143404399774,85.9375,89.84375,4.3691067259666685
session_15.csv,session_15,653,41792,41920,20896,20960,83.584,83.84,relax,0,0,0.0,False,False,1.5717342754637016,1.9045018328707144,168.32274362060136,23.0,11.0,79.20255760900655,74.21875,74.21875,1.7776874403730811
session_15.csv,session_15,654,41856,41984,20928,20992,83.712,83.968,relax,0,0,0.0,False,True,3.9687144419059255,6.265906591497703,422.94936434998516,31.0,18.0,79.80099111573597,78.125,74.21875,9.857558546103077
session_15.csv,session_15,655,41920,42048,20960,21024,83.84,84.096,relax,0,61,0.4765625,True,True,16.243595182803325,22.6030093197841,1665.7198694839024,39.0,31.0,78.62023447432723,74.21875,70.3125,337.29393760543115
session_15.csv,session_15,656,41984,42112,20992,21056,83.968,84.224,clench,1,125,0.9765625,True,True,21.14998551962595,26.208449096069632,2247.9996750203054,41.0,36.0,80.01458119327154,78.125,78.125,828.6295613641557
session_15.csv,session_15,657,42048,42176,21024,21088,84.096,84.352,clench,1,128,1.0,False,False,16.36499846909318,20.976647653891785,1812.2712235921806,42.0,37.0,81.21336631124055,82.03125,85.9375,464.09080736074793
session_15.csv,session_15,658,42112,42240,21056,21120,84.224,84.48,clench,1,128,1.0,False,False,14.704093843907085,18.707649502142154,1603.152541535676,44.0,39.0,81.79065579683285,82.03125,78.125,370.5057089398291
session_15.csv,session_15,659,42176,42304,21088,21152,84.352,84.608,clench,1,128,1.0,False,False,13.764210677779712,17.01821861584481,1510.6238088520483,43.0,40.0,84.15154811736534,85.9375,89.84375,302.87273061525485
session_15.csv,session_15,660,42240,42368,21120,21184,84.48,84.736,clench,1,128,1.0,False,False,14.928583168343076,18.320256766262627,1570.3260231681102,40.0,36.0,77.04898150343226,78.125,70.3125,167.74832730232296
session_15.csv,session_15,661,42304,42432,21152,21216,84.608,84.864,clench,1,128,1.0,False,False,12.690129959620513,15.477536965150959,1320.9616263727987,41.0,33.0,77.28323709675759,78.125,78.125,279.81155594798656
session_15.csv,session_15,662,42368,42496,21184,21248,84.736,84.992,clench,1,128,1.0,False,False,9.822837120983303,11.821913355368691,1054.6523099670706,42.0,33.0,75.82206612800289,74.21875,74.21875,206.58727043010722
session_15.csv,session_15,663,42432,42560,21216,21280,84.864,85.12,clench,1,128,1.0,False,False,12.626455107502508,15.406200047125743,1353.4602103941284,42.0,37.0,81.78349729866832,82.03125,74.21875,192.61309644811735
session_15.csv,session_15,664,42496,42624,21248,21312,84.992,85.248,clench,1,128,1.0,False,False,14.19358475029475,17.03031199010201,1517.4721439440077,41.0,39.0,78.62785457843195,78.125,74.21875,322.9053291430193
session_15.csv,session_15,665,42560,42688,21280,21344,85.12,85.376,clench,1,102,0.796875,True,True,9.133208433928152,12.057434553590621,992.4369123591146,41.0,39.0,78.67870395365433,82.03125,85.9375,77.7173026352252
session_15.csv,session_15,666,42624,42752,21312,21376,85.248,85.504,relax,0,38,0.296875,True,True,6.1237140812545245,7.213192280111662,645.4740664086393,41.0,34.0,76.00811240791239,74.21875,74.21875,53.691116566235294
session_15.csv,session_15,667,42688,42816,21344,21408,85.376,85.632,relax,0,0,0.0,False,False,5.442627517594611,6.723417228060401,572.2765154393417,37.0,29.0,83.23561161635607,85.9375,89.84375,47.80988930355089
session_15.csv,session_15,668,42752,42880,21376,21440,85.504,85.76,relax,0,0,0.0,False,False,3.693544893801831,4.859347042367726,410.85058832938626,37.0,26.0,79.34437324436966,82.03125,66.40625,8.948872400039603
session_15.csv,session_15,669,42816,42944,21408,21472,85.632,85.888,relax,0,0,0.0,False,False,2.7417577900427164,3.4278998439975528,317.7476081164521,39.0,26.0,88.39280574664328,89.84375,89.84375,16.417721781385914
session_15.csv,session_15,670,42880,43008,21440,21504,85.76,86.016,relax,0,0,0.0,False,False,1.9607994680146226,2.487223663690046,215.1770193315909,30.0,16.0,83.48924737149929,85.9375,89.84375,5.299690015261934
session_15.csv,session_15,671,42944,43072,21472,21536,85.888,86.144,relax,0,0,0.0,False,False,2.3438772018819467,2.916649990926691,249.5007624185595,30.0,16.0,78.97956666206048,78.125,70.3125,7.1785221845471
session_15.csv,session_15,672,43008,43136,21504,21568,86.016,86.272,relax,0,0,0.0,False,False,2.8688832188223787,3.439968608271362,310.83064592805346,36.0,21.0,86.56677066898413,89.84375,89.84375,13.233361640728566
session_15.csv,session_15,673,43072,43200,21536,21600,86.144,86.4,relax,0,0,0.0,False,False,2.4649190874645,3.0123382194056703,275.1249472159679,35.0,21.0,83.83634125677725,85.9375,97.65625,7.456182618758691
session_15.csv,session_15,674,43136,43264,21568,21632,86.272,86.528,relax,0,0,0.0,False,False,2.0276517674201884,2.4511100601653903,220.30954590111915,33.0,19.0,87.3841565379725,93.75,93.75,5.1707990464169
session_15.csv,session_15,675,43200,43328,21600,21664,86.4,86.656,relax,0,10,0.078125,True,True,4.88777272677633,10.864434563993765,481.50089519851394,37.0,23.0,85.2655624151558,85.9375,93.75,5.490991719262779
session_15.csv,session_15,676,43264,43392,21632,21696,86.528,86.784,clench,1,74,0.578125,True,True,22.023265294419538,31.83565827067113,2277.6425869595273,38.0,30.0,74.77647900816189,74.21875,74.21875,1318.1400192983735
session_15.csv,session_15,677,43328,43456,21664,21728,86.656,86.912,clench,1,128,1.0,False,True,26.863354826732742,33.6497405071872,2762.038073678267,39.0,35.0,77.2453151835085,74.21875,74.21875,1102.798322829939
session_15.csv,session_15,678,43392,43520,21696,21760,86.784,87.04,clench,1,128,1.0,False,False,15.251431359632978,18.811491983702766,1579.4204675745773,38.0,36.0,81.155982997689,82.03125,78.125,214.69332053331675
session_15.csv,session_15,679,43456,43584,21728,21792,86.912,87.168,clench,1,128,1.0,False,False,12.205260469224307,14.65788119459028,1342.6276327882465,39.0,39.0,79.118177292395,78.125,74.21875,272.39394926750396
session_15.csv,session_15,680,43520,43648,21760,21824,87.04,87.296,clench,1,128,1.0,False,False,12.23046010214925,14.904620048250571,1385.8569629191431,41.0,40.0,81.03030857386506,82.03125,82.03125,233.85875408844794
session_15.csv,session_15,681,43584,43712,21792,21856,87.168,87.424,clench,1,128,1.0,False,False,12.500989043187495,15.474851058746172,1362.8172824501833,39.0,38.0,80.79623985628669,78.125,74.21875,257.20746441981214
session_15.csv,session_15,682,43648,43776,21824,21888,87.296,87.552,clench,1,128,1.0,False,False,10.39307295872845,12.996345227660129,1123.8107433746648,40.0,35.0,77.08454068922417,78.125,78.125,168.5996348289209
session_15.csv,session_15,683,43712,43840,21856,21920,87.424,87.68,clench,1,128,1.0,False,False,11.227249043116231,13.699615392124368,1212.9464885987825,41.0,35.0,80.43370372725701,78.125,78.125,124.07297593578056
session_15.csv,session_15,684,43776,43904,21888,21952,87.552,87.808,clench,1,128,1.0,False,False,16.305871637114045,19.262284489737002,1738.8201525259815,40.0,37.0,82.50005596360687,85.9375,85.9375,356.2562271524203
session_15.csv,session_15,685,43840,43968,21920,21984,87.68,87.936,clench,1,128,1.0,False,False,17.682921821635748,20.383559756267662,1911.6387780795071,43.0,39.0,83.12328926125336,78.125,97.65625,479.28390004934704
session_15.csv,session_15,686,43904,44032,21952,22016,87.808,88.064,clench,1,128,1.0,False,False,13.53681135461493,16.03862341473782,1463.13655727535,43.0,39.0,84.8540798841504,85.9375,85.9375,215.0485874157767
session_15.csv,session_15,687,43968,44096,21984,22048,87.936,88.192,clench,1,128,1.0,False,False,10.523074779435492,12.891859701923595,1127.21877705211,40.0,36.0,79.94876251071426,78.125,78.125,133.12511209546216
session_15.csv,session_15,688,44032,44160,22016,22080,88.064,88.32,clench,1,128,1.0,False,False,8.45830966096311,10.885397257682586,876.3971737735849,40.0,31.0,81.46663660948933,82.03125,74.21875,68.42321180159774
session_15.csv,session_15,689,44096,44224,22048,22112,88.192,88.448,clench,1,96,0.75,True,True,7.421976874437933,9.037400667188008,765.7558894453556,40.0,31.0,76.3256309330074,74.21875,74.21875,97.44823117289874
session_15.csv,session_15,690,44160,44288,22080,22144,88.32,88.576,relax,0,32,0.25,True,True,6.317761598303833,7.85740456336193,649.6021454969253,39.0,27.0,79.3290391290693,78.125,74.21875,77.03800444393642
session_15.csv,session_15,691,44224,44352,22112,22176,88.448,88.704,relax,0,0,0.0,False,False,3.5394554455804945,4.3230202569854566,364.68307801880155,39.0,21.0,78.2113553873047,82.03125,82.03125,11.418366341167054
session_15.csv,session_15,692,44288,44416,22144,22208,88.576,88.832,relax,0,0,0.0,False,False,2.5059438476996276,2.907610867416108,256.2352938945855,35.0,17.0,76.82531826583445,78.125,82.03125,5.204016803403758
session_15.csv,session_15,693,44352,44480,22176,22240,88.704,88.96,relax,0,0,0.0,False,False,2.415743565036137,2.818885837838315,258.5515234015496,34.0,18.0,88.97668466856464,93.75,93.75,8.134328004606243
session_15.csv,session_15,694,44416,44544,22208,22272,88.832,89.088,relax,0,0,0.0,False,False,2.217124381706419,2.6206619504268263,249.76883968110212,36.0,21.0,77.57627703966153,74.21875,74.21875,6.197359296846974
session_15.csv,session_15,695,44480,44608,22240,22304,88.96,89.216,relax,0,0,0.0,False,False,2.483053705577781,3.0728676584704755,278.15696550729314,35.0,22.0,86.33720423150537,85.9375,82.03125,11.91828982615667
session_15.csv,session_15,696,44544,44672,22272,22336,89.088,89.344,relax,0,0,0.0,False,False,3.2046158777461278,3.7881349951866468,355.47063343713836,39.0,26.0,87.55134550181411,89.84375,93.75,6.530287680177531
session_15.csv,session_15,697,44608,44736,22304,22368,89.216,89.472,relax,0,0,0.0,False,False,2.99221001026788,3.543907259165151,329.84487817023825,37.0,24.0,85.83103032355952,82.03125,82.03125,14.718190163562664
session_15.csv,session_15,698,44672,44800,22336,22400,89.344,89.6,relax,0,0,0.0,False,False,2.3947201507213913,2.857805344089571,258.51107857735207,35.0,18.0,84.84066887111298,89.84375,93.75,8.549414722284277
session_15.csv,session_15,699,44736,44864,22368,22432,89.472,89.728,relax,0,0,0.0,False,False,2.976589538948919,3.6527140912662355,312.6509528381115,38.0,20.0,81.84223921317408,78.125,74.21875,12.3982711968642
session_15.csv,session_15,700,44800,44928,22400,22464,89.6,89.856,relax,0,0,0.0,False,False,3.3251361167287428,4.057096316702637,358.73331644136124,39.0,25.0,80.4874488033955,78.125,78.125,17.192711143534673
session_15.csv,session_15,701,44864,44992,22432,22496,89.728,89.984,relax,0,0,0.0,False,True,4.649341772024533,7.365473295725446,477.23363178021845,35.0,22.0,78.183335872706,74.21875,70.3125,12.302701797256733
session_15.csv,session_15,702,44928,45056,22464,22528,89.856,90.112,relax,0,58,0.453125,True,True,22.272999600141333,32.12917024178966,2287.6277719967743,39.0,30.0,79.76506261869255,78.125,78.125,600.9370827907584
session_15.csv,session_15,703,44992,45120,22496,22560,89.984,90.24,clench,1,122,0.953125,True,True,30.2846794950845,36.46434327647612,3181.4716429308664,41.0,37.0,87.00298783505933,89.84375,89.84375,1712.6850635694846
session_15.csv,session_15,704,45056,45184,22528,22592,90.112,90.368,clench,1,128,1.0,False,False,21.36845592757942,25.704217683724973,2193.9539718020787,39.0,34.0,79.2022440801312,78.125,66.40625,473.4011507030629
session_15.csv,session_15,705,45120,45248,22560,22624,90.24,90.496,clench,1,128,1.0,False,False,17.704853656311617,23.562781983203884,1951.077287167977,38.0,35.0,80.99725234979603,82.03125,70.3125,914.9736489508142
session_15.csv,session_15,706,45184,45312,22592,22656,90.368,90.624,clench,1,128,1.0,False,False,19.339696085006196,25.831996604941004,2045.242904924945,38.0,36.0,82.50961170034368,82.03125,82.03125,795.002907241991
session_15.csv,session_15,707,45248,45376,22624,22688,90.496,90.752,clench,1,128,1.0,False,False,21.913903916357754,26.654910446272996,2404.1061328311853,42.0,39.0,82.50157250819073,82.03125,93.75,419.4688956545014
session_15.csv,session_15,708,45312,45440,22656,22720,90.624,90.88,clench,1,128,1.0,False,False,23.134640695118406,27.234037582233,2584.856784443685,44.0,42.0,82.74211574987349,82.03125,82.03125,571.5125637255197
session_15.csv,session_15,709,45376,45504,22688,22752,90.752,91.008,clench,1,128,1.0,False,False,23.001093343469186,27.977825056711335,2580.5697286071536,41.0,40.0,87.17939459711287,89.84375,89.84375,1064.5944663125194
session_15.csv,session_15,710,45440,45568,22720,22784,90.88,91.136,clench,1,128,1.0,False,False,18.93507643999004,24.463314643434078,2070.941730274242,42.0,39.0,84.991237608173,85.9375,89.84375,233.16212964071198
session_15.csv,session_15,711,45504,45632,22752,22816,91.008,91.264,clench,1,128,1.0,False,False,17.140117218544333,21.682529667367767,1948.6888337183009,44.0,42.0,87.54711805852476,93.75,93.75,440.3855493227575
session_15.csv,session_15,712,45568,45696,22784,22848,91.136,91.392,clench,1,128,1.0,False,False,14.760708006782373,18.020560540720677,1643.9113675874964,41.0,37.0,82.94782620837607,82.03125,78.125,296.2072823954369
session_15.csv,session_15,713,45632,45760,22816,22880,91.264,91.52,clench,1,128,1.0,False,False,16.402236626606616,20.433180935373763,1742.3016524043946,42.0,36.0,84.68902822013528,85.9375,93.75,467.287166189057
session_15.csv,session_15,714,45696,45824,22848,22912,91.392,91.648,clench,1,128,1.0,False,False,16.211821963777894,20.128241213328717,1713.3292417254056,41.0,36.0,82.25633492919435,82.03125,85.9375,384.09954711623465
session_15.csv,session_15,715,45760,45888,22880,22944,91.52,91.776,clench,1,128,1.0,False,False,9.333994989045282,11.911720926575667,1005.8236841979497,40.0,34.0,85.4250447097954,85.9375,85.9375,123.12732251096206
session_15.csv,session_15,716,45824,45952,22912,22976,91.648,91.904,clench,1,108,0.84375,True,True,6.007363107418696,6.9764050960091595,648.7884802824685,41.0,33.0,79.50497499430293,78.125,70.3125,40.428421698672786
session_15.csv,session_15,717,45888,46016,22944,23008,91.776,92.032,relax,0,44,0.34375,True,True,5.718967873474449,6.663415458482629,612.7599655901187,41.0,32.0,80.21614909521116,82.03125,78.125,46.22847943621588
session_15.csv,session_15,718,45952,46080,22976,23040,91.904,92.16,relax,0,0,0.0,False,True,4.9928298053233,6.109254047488009,564.7381253108764,41.0,33.0,82.856424596681,85.9375,85.9375,32.59286546009784
session_15.csv,session_15,719,46016,46144,23008,23072,92.032,92.288,relax,0,0,0.0,False,False,4.367742584619112,5.546897891172721,488.1919193672764,39.0,29.0,84.20215550584979,85.9375,85.9375,35.79381562497463
session_15.csv,session_15,720,46080,46208,23040,23104,92.16,92.416,relax,0,0,0.0,False,False,2.987976726836207,4.129415535056606,327.7606702465247,32.0,18.0,87.21564452794253,89.84375,97.65625,10.384136622953719
session_15.csv,session_15,721,46144,46272,23072,23136,92.288,92.544,relax,0,0,0.0,False,False,2.358724292580915,3.0364099304797962,250.33673539564936,27.0,15.0,77.23233221847947,78.125,74.21875,9.240601263484258
session_15.csv,session_15,722,46208,46336,23104,23168,92.416,92.672,relax,0,0,0.0,False,False,2.6927383717142956,3.416858629355551,292.8620060660388,31.0,21.0,79.17885145333136,78.125,70.3125,6.15575258570792
session_15.csv,session_15,723,46272,46400,23136,23200,92.544,92.8,relax,0,0,0.0,False,False,3.349287266330295,4.345901168970769,377.5582158730531,33.0,26.0,80.10508117498718,78.125,78.125,15.698205564797586
session_15.csv,session_15,724,46336,46464,23168,23232,92.672,92.928,relax,0,0,0.0,False,False,3.6978511975293973,4.675066955462998,411.88175137389806,36.0,25.0,79.31391123897866,78.125,74.21875,30.049518934589234
session_15.csv,session_15,725,46400,46528,23200,23264,92.8,93.056,relax,0,11,0.0859375,True,True,3.7508102944071187,5.646691803172436,393.4600972623378,34.0,21.0,86.32707822586993,85.9375,85.9375,7.200189872926821
session_15.csv,session_15,726,46464,46592,23232,23296,92.928,93.184,clench,1,75,0.5859375,True,True,10.42061808624762,15.184443677396022,1080.658214624851,34.0,24.0,75.14469672434407,70.3125,70.3125,203.98454868317546
session_15.csv,session_15,727,46528,46656,23264,23328,93.056,93.312,clench,1,128,1.0,False,True,18.052460316268736,21.885677128709908,1917.564042882596,39.0,34.0,79.85591897777552,78.125,78.125,518.8766299798999
session_15.csv,session_15,728,46592,46720,23296,23360,93.184,93.44,clench,1,128,1.0,False,False,16.23704420375914,20.52923784410039,1710.606267839351,40.0,32.0,80.63280662091069,74.21875,74.21875,350.8826546615748
session_15.csv,session_15,729,46656,46784,23328,23392,93.312,93.568,clench,1,128,1.0,False,False,18.041090310579925,22.932288537157593,1868.1726576815427,39.0,31.0,79.23913341213634,78.125,82.03125,664.7495831352404
session_15.csv,session_15,730,46720,46848,23360,23424,93.44,93.696,clench,1,128,1.0,False,False,20.101044682728407,24.00706332627676,2215.659399769762,44.0,43.0,83.46005299093244,85.9375,97.65625,522.5637247262571
session_15.csv,session_15,731,46784,46912,23392,23456,93.568,93.824,clench,1,128,1.0,False,False,17.619044508762645,21.196113185140398,1935.8845675515133,44.0,40.0,81.6180954674508,85.9375,85.9375,319.70059666502596
session_15.csv,session_15,732,46848,46976,23424,23488,93.696,93.952,clench,1,128,1.0,False,False,14.84424576203596,18.657384189443235,1551.9374193222561,39.0,30.0,82.99239648959345,82.03125,82.03125,368.54724394022537
session_15.csv,session_15,733,46912,47040,23456,23520,93.824,94.08,clench,1,128,1.0,False,False,12.237478220924377,14.737376833224753,1290.6255839887451,39.0,31.0,80.39124046526105,82.03125,85.9375,234.45785661077142
session_15.csv,session_15,734,46976,47104,23488,23552,93.952,94.208,clench,1,128,1.0,False,False,12.457657692087878,15.874064111077569,1371.1084305497047,39.0,35.0,85.49798266143758,85.9375,97.65625,145.01950924971078
session_15.csv,session_15,735,47040,47168,23520,23584,94.08,94.336,clench,1,128,1.0,False,False,14.098501012167407,18.27300173962194,1563.8175051098929,36.0,36.0,79.94355332262282,74.21875,70.3125,331.6386568061073
session_15.csv,session_15,736,47104,47232,23552,23616,94.208,94.464,clench,1,128,1.0,False,False,13.65503760568901,17.51924176957008,1480.3291510083159,38.0,36.0,76.223292325126,74.21875,74.21875,285.1994686019636
session_15.csv,session_15,737,47168,47296,23584,23648,94.336,94.592,clench,1,128,1.0,False,False,11.083363784602668,14.406949996777891,1193.4894186898691,41.0,38.0,82.27413153452552,82.03125,82.03125,232.7186227292002
session_15.csv,session_15,738,47232,47360,23616,23680,94.464,94.72,clench,1,128,1.0,False,False,16.032655288466362,22.054736294198257,1799.0587097714001,42.0,39.0,83.75356340550948,85.9375,85.9375,270.51517845675465
session_15.csv,session_15,739,47296,47424,23648,23712,94.592,94.848,clench,1,128,1.0,False,False,14.697331070165585,20.957149310236574,1678.8407857396933,44.0,39.0,86.91938041637341,89.84375,93.75,530.0809334994602
session_15.csv,session_15,740,47360,47488,23680,23744,94.72,94.976,clench,1,128,1.0,False,False,8.515251221270224,10.557760673849428,900.9312887478952,42.0,36.0,81.11001683780384,78.125,78.125,149.80979643390737
session_15.csv,session_15,741,47424,47552,23712,23776,94.848,95.104,clench,1,128,1.0,False,False,7.933048750456678,9.99210808285648,859.0197602731987,40.0,35.0,79.86332101394235,78.125,74.21875,92.40600485332287
session_15.csv,session_15,742,47488,47616,23744,23808,94.976,95.232,clench,1,128,1.0,False,False,6.259893307332469,7.891769540851088,679.5466980506927,40.0,33.0,83.4049993902143,82.03125,78.125,29.0781696343071
session_15.csv,session_15,743,47552,47680,23776,23840,95.104,95.36,clench,1,128,1.0,False,False,8.379250974684258,11.351279170651239,905.7817135120441,43.0,36.0,82.93731475111353,82.03125,78.125,130.80069282112504
session_15.csv,session_15,744,47616,47744,23808,23872,95.232,95.488,clench,1,109,0.8515625,True,True,7.994260425831088,11.0293939669754,863.8392667676519,43.0,34.0,87.15926705730232,89.84375,93.75,73.93739395960552
session_15.csv,session_15,745,47680,47808,23840,23904,95.36,95.616,relax,0,45,0.3515625,True,True,3.0722799455831478,3.8687333902964687,332.7547669609557,34.0,21.0,80.02832474022793,78.125,78.125,9.630764516666627
session_15.csv,session_15,746,47744,47872,23872,23936,95.488,95.744,relax,0,0,0.0,False,True,1.510636752701487,1.9557800379226713,164.64736593987004,22.0,11.0,79.76794132692444,78.125,78.125,4.298219014249188
session_15.csv,session_15,747,47808,47936,23904,23968,95.616,95.872,relax,0,0,0.0,False,False,1.8698832860868915,2.3840594239539357,200.19494951695054,25.0,12.0,80.95022955908823,78.125,97.65625,4.363448338749231
session_15.csv,session_15,748,47872,48000,23936,24000,95.744,96.0,relax,0,0,0.0,False,False,1.9251066784756448,2.483682598033066,208.18128169418188,26.0,14.0,80.28820596709798,78.125,78.125,5.15278102166058
session_15.csv,session_15,749,47936,48064,23968,24032,95.872,96.128,relax,0,0,0.0,False,False,2.1116986245541405,2.7321968148625415,228.73787241980466,27.0,15.0,84.72830323592393,85.9375,93.75,10.235612050380515
session_15.csv,session_15,750,48000,48128,24000,24064,96.0,96.256,relax,0,0,0.0,False,False,2.36345289258868,2.889410766319104,255.55278193006438,31.0,16.0,85.70173248136328,85.9375,93.75,8.219076947393814
session_15.csv,session_15,751,48064,48192,24032,24096,96.128,96.384,relax,0,0,0.0,False,False,2.0780833979131805,2.5697150897914707,224.3630078472607,27.0,14.0,79.68097879288489,82.03125,82.03125,5.82481785654558
session_15.csv,session_15,752,48128,48256,24064,24128,96.256,96.512,relax,0,0,0.0,False,False,2.09558937252267,2.5873250738981715,224.4714659319755,28.0,15.0,75.1063701071975,74.21875,70.3125,5.42180885677877
session_15.csv,session_15,753,48192,48320,24096,24160,96.384,96.64,relax,0,0,0.0,False,False,2.0737436841252883,2.689163408753755,225.41489659696325,28.0,14.0,86.8946880206385,89.84375,93.75,11.581707903739167
session_15.csv,session_15,754,48256,48384,24128,24192,96.512,96.768,relax,0,0,0.0,False,False,1.7836661291972584,2.4477710160005777,200.0530758334836,23.0,11.0,86.05015381126609,89.84375,89.84375,2.6114334584739716
session_15.csv,session_15,755,48320,48448,24160,24224,96.64,96.896,relax,0,0,0.0,False,True,4.827029429193564,8.412745270075257,544.4951478308993,30.0,19.0,78.47509022651484,78.125,78.125,12.017399530827964
session_15.csv,session_15,756,48384,48512,24192,24256,96.768,97.024,relax,0,52,0.40625,True,True,10.521131057615456,14.53473410057097,1140.2492902445786,36.0,30.0,82.08057024915873,82.03125,82.03125,333.14443751696064
session_15.csv,session_15,757,48448,48576,24224,24288,96.896,97.152,clench,1,116,0.90625,True,True,13.469850837086133,16.89488938579687,1390.0689424063535,36.0,31.0,76.84743266981397,74.21875,74.21875,282.32404890098127
session_15.csv,session_15,758,48512,48640,24256,24320,97.024,97.28,clench,1,128,1.0,False,False,14.480711087584211,17.809498880262012,1567.211589520875,43.0,37.0,81.12908496916324,82.03125,82.03125,244.25689513488672
session_15.csv,session_15,759,48576,48704,24288,24352,97.152,97.408,clench,1,128,1.0,False,False,14.690898995674065,18.524009172124096,1653.577305164787,44.0,37.0,86.68691747609442,82.03125,82.03125,220.610176201216
session_15.csv,session_15,760,48640,48768,24320,24384,97.28,97.536,clench,1,128,1.0,False,False,16.14145286121885,19.39451970475271,1725.4041755931491,41.0,36.0,85.04579617778886,85.9375,89.84375,546.0237165306969
session_15.csv,session_15,761,48704,48832,24352,24416,97.408,97.664,clench,1,128,1.0,False,False,16.609204530828976,20.45556457325132,1765.0748081247962,39.0,38.0,78.84872843883673,74.21875,70.3125,447.51062890744583
session_15.csv,session_15,762,48768,48896,24384,24448,97.536,97.792,clench,1,128,1.0,False,False,12.232467808248746,16.833906332056422,1317.818731079229,38.0,33.0,83.77564582281809,82.03125,82.03125,285.8914632924024
session_15.csv,session_15,763,48832,48960,24416,24480,97.664,97.92,clench,1,128,1.0,False,False,9.007722984257327,12.619129184925793,962.3207775242814,39.0,31.0,87.08946702399787,89.84375,93.75,39.658786687041605
session_15.csv,session_15,764,48896,49024,24448,24512,97.792,98.048,clench,1,128,1.0,False,False,12.656326921095896,16.663522399371708,1346.6523563219323,41.0,34.0,81.98069271915497,82.03125,82.03125,358.64941005553413
session_15.csv,session_15,765,48960,49088,24480,24544,97.92,98.176,clench,1,128,1.0,False,False,12.32359303924935,15.614888198685396,1281.8815986198574,41.0,33.0,79.71931501631926,78.125,78.125,181.34083719219774
session_15.csv,session_15,766,49024,49152,24512,24576,98.048,98.304,clench,1,128,1.0,False,False,9.205334504001037,11.517097689363046,983.6635166713293,39.0,29.0,82.09601990453143,82.03125,85.9375,206.93153150038606
session_15.csv,session_15,767,49088,49216,24544,24608,98.176,98.432,clench,1,128,1.0,False,False,10.481246466976662,12.554813985652972,1163.2318147542828,43.0,35.0,83.93481018553638,85.9375,93.75,140.8806347464526
session_15.csv,session_15,768,49152,49280,24576,24640,98.304,98.56,clench,1,128,1.0,False,False,12.6210234530772,15.392138211980736,1400.2255740903383,43.0,41.0,85.84981003711269,85.9375,85.9375,128.77077140007736
session_15.csv,session_15,769,49216,49344,24608,24672,98.432,98.688,clench,1,128,1.0,False,False,14.056751343247246,17.301060751081028,1576.3452175834188,41.0,42.0,80.99251609022069,85.9375,85.9375,457.02889089045436
session_15.csv,session_15,770,49280,49408,24640,24704,98.56,98.816,clench,1,128,1.0,False,False,13.254055798098303,16.536218836653436,1445.5889601206181,41.0,39.0,80.31481801220873,82.03125,82.03125,153.98402544630386
session_15.csv,session_15,771,49344,49472,24672,24736,98.688,98.944,clench,1,128,1.0,False,False,12.654409563658678,16.767335623304486,1366.8468339232832,42.0,37.0,78.97822973937257,82.03125,82.03125,180.42142210423413
session_15.csv,session_15,772,49408,49536,24704,24768,98.816,99.072,clench,1,128,1.0,False,False,16.454251534102795,21.056191130611012,1847.831605698553,42.0,40.0,81.4816415525733,82.03125,74.21875,623.9681875625683
session_15.csv,session_15,773,49472,49600,24736,24800,98.944,99.2,clench,1,128,1.0,False,False,16.888668955866677,20.8123720990332,1947.1466110425704,46.0,44.0,85.12147815434219,85.9375,85.9375,432.8659456038077
session_15.csv,session_15,774,49536,49664,24768,24832,99.072,99.328,clench,1,128,1.0,False,False,10.917316548016482,13.952465928543766,1207.8590492009932,42.0,37.0,83.97130696132072,85.9375,89.84375,178.78102863718922
session_15.csv,session_15,775,49600,49728,24800,24864,99.2,99.456,clench,1,128,1.0,False,False,12.46911468196093,16.346545020572137,1275.7500048010693,37.0,29.0,77.2067081608007,74.21875,74.21875,138.83471303784103
session_15.csv,session_15,776,49664,49792,24832,24896,99.328,99.584,clench,1,128,1.0,False,False,17.053094681845458,20.88418987785431,1775.2545005017398,40.0,33.0,81.37597166668527,82.03125,85.9375,470.10227445552493
session_15.csv,session_15,777,49728,49856,24864,24928,99.456,99.712,clench,1,128,1.0,False,False,18.619115916279405,22.95843665395841,1985.1606955625,42.0,37.0,84.31014692678967,85.9375,89.84375,507.61576642692205
session_15.csv,session_15,778,49792,49920,24896,24960,99.584,99.84,clench,1,128,1.0,False,False,18.0061357489868,22.19060433185505,1936.0333479674903,42.0,39.0,81.95111476536685,82.03125,85.9375,377.6113842646261
session_15.csv,session_15,779,49856,49984,24928,24992,99.712,99.968,clench,1,128,1.0,False,False,13.012847851587614,16.10357762553307,1390.757322909893,42.0,37.0,83.97196280687658,82.03125,78.125,253.7393611786498
session_15.csv,session_15,780,49920,50048,24960,25024,99.84,100.096,clench,1,128,1.0,False,False,11.67794381192398,14.005956192704177,1251.3471809280402,41.0,38.0,82.37531116801644,82.03125,82.03125,172.7435231842268
session_15.csv,session_15,781,49984,50112,24992,25056,99.968,100.224,clench,1,128,1.0,False,False,14.529043095647825,17.98232528546525,1541.0863816066046,40.0,39.0,77.42046659447294,74.21875,70.3125,285.60896549133486
session_15.csv,session_15,782,50048,50176,25024,25088,100.096,100.352,clench,1,128,1.0,False,False,14.735857641089575,18.842859797681008,1616.6145139488901,41.0,38.0,81.62418181817443,82.03125,85.9375,332.8331508518293
session_15.csv,session_15,783,50112,50240,25056,25120,100.224,100.48,clench,1,128,1.0,False,False,13.936678916084933,18.033678539511072,1513.5069163224812,42.0,40.0,81.76408398200931,82.03125,82.03125,245.4349865231675
session_15.csv,session_15,784,50176,50304,25088,25152,100.352,100.608,clench,1,128,1.0,False,False,14.419892673596717,18.3353872009879,1518.1480310138522,45.0,44.0,82.19614890018678,85.9375,89.84375,254.22234939533317
session_15.csv,session_15,785,50240,50368,25120,25184,100.48,100.736,clench,1,128,1.0,False,False,12.18966356003937,15.485617798269967,1294.0617230452233,46.0,41.0,83.73206795669513,82.03125,78.125,185.20915272736704
session_15.csv,session_15,786,50304,50432,25152,25216,100.608,100.864,clench,1,128,1.0,False,False,6.648127665523129,8.986026850048631,731.53689890112,42.0,31.0,84.31536890718321,82.03125,97.65625,59.354317287915634
session_15.csv,session_15,787,50368,50496,25184,25248,100.736,100.992,clench,1,128,1.0,False,False,5.219846321510003,6.625543546800186,584.193367488278,39.0,29.0,85.6840159869141,85.9375,85.9375,46.80026713894837
session_15.csv,session_15,788,50432,50560,25216,25280,100.864,101.12,clench,1,106,0.828125,True,True,7.667884622382465,9.344802996198183,859.0945950130435,42.0,36.0,80.69995823550045,82.03125,85.9375,57.82853387063296
session_15.csv,session_15,789,50496,50624,25248,25312,100.992,101.248,relax,0,42,0.328125,True,True,6.170854796792129,8.081172416023403,672.6724388260214,40.0,30.0,86.7646588264301,85.9375,85.9375,78.66669560489599
session_15.csv,session_15,790,50560,50688,25280,25344,101.12,101.376,relax,0,0,0.0,False,True,2.7268830502873813,3.6940662390911507,294.082805970076,34.0,19.0,86.60487169610435,89.84375,97.65625,6.3509132091747995
session_15.csv,session_15,791,50624,50752,25312,25376,101.248,101.504,relax,0,0,0.0,False,False,1.7660641554475296,2.233359734198643,196.17005623262327,26.0,13.0,79.25875363837959,78.125,78.125,1.851182428432186
session_15.csv,session_15,792,50688,50816,25344,25408,101.376,101.632,relax,0,0,0.0,False,False,2.2805637310812155,3.150619565010161,257.3513571230955,27.0,18.0,82.94147027929546,85.9375,70.3125,9.011145186871763
session_15.csv,session_15,793,50752,50880,25376,25440,101.504,101.76,relax,0,0,0.0,False,False,2.679482063917219,3.4616129718079987,292.3482626309051,32.0,22.0,78.59622394672076,78.125,70.3125,16.069013451310102
session_15.csv,session_15,794,50816,50944,25408,25472,101.632,101.888,relax,0,0,0.0,False,False,2.449403617633422,2.9474007505365853,255.62095754591644,30.0,15.0,78.95102895984859,78.125,70.3125,7.01416940839389
session_15.csv,session_15,795,50880,51008,25440,25504,101.76,102.016,relax,0,0,0.0,False,False,2.084035130556706,2.5561726152230833,222.21942257951125,28.0,13.0,86.10227345588218,89.84375,93.75,5.067680589250173
session_15.csv,session_15,796,50944,51072,25472,25536,101.888,102.144,relax,0,0,0.0,False,False,1.8252984460382276,2.2231928447266687,194.48342950538034,26.0,11.0,78.76731518829732,82.03125,82.03125,7.050421361923663
session_15.csv,session_15,797,51008,51136,25504,25568,102.016,102.272,relax,0,0,0.0,False,False,2.000336801833335,2.3850335448476625,210.6237187860051,30.0,11.0,80.0515853789991,82.03125,82.03125,4.627287936158716
session_15.csv,session_15,798,51072,51200,25536,25600,102.144,102.4,relax,0,0,0.0,False,False,2.219559189724654,2.6143392997697883,242.24690460508583,37.0,18.0,83.47598760778185,85.9375,89.84375,7.429844255242288
session_15.csv,session_15,799,51136,51264,25568,25632,102.272,102.528,relax,0,0,0.0,False,False,2.4789193458129173,2.8977654080134463,264.1068181652889,39.0,21.0,86.91205092631574,89.84375,93.75,9.83767827793151
session_15.csv,session_15,800,51200,51328,25600,25664,102.4,102.656,relax,0,0,0.0,False,False,2.203275332359905,2.682443026359318,232.34043240194714,32.0,13.0,77.90057761597137,78.125,74.21875,4.5303588512592805
session_15.csv,session_15,801,51264,51392,25632,25696,102.528,102.784,relax,0,0,0.0,False,False,1.7774081751679232,2.1941464333893137,191.87997369828852,26.0,8.0,79.78581938882895,82.03125,85.9375,5.55722643518205
session_15.csv,session_15,802,51328,51456,25664,25728,102.656,102.912,relax,0,0,0.0,False,False,1.5285511029943977,1.8926154065095508,167.6735628803786,22.0,8.0,82.63038819319516,85.9375,89.84375,2.518367162860188
session_15.csv,session_15,803,51392,51520,25696,25760,102.784,103.04,relax,0,0,0.0,False,False,2.1831336911911503,3.112251368592843,232.4361450354141,26.0,13.0,85.28278135838539,85.9375,85.9375,17.108457742550417
session_15.csv,session_15,804,51456,51584,25728,25792,102.912,103.168,relax,0,0,0.0,False,False,2.8282404137722095,3.6634091179623374,298.74325565035963,34.0,18.0,81.11558002087567,82.03125,85.9375,3.9420039528409028
session_15.csv,session_15,805,51520,51648,25760,25824,103.04,103.296,relax,0,0,0.0,False,False,2.3179688956374727,2.7897560124743093,253.98184338950537,34.0,18.0,86.20904714704564,89.84375,93.75,8.922668143223445
session_15.csv,session_15,806,51584,51712,25792,25856,103.168,103.424,relax,0,0,0.0,False,False,1.9901220606816172,2.3394681684774317,222.34640843836385,33.0,18.0,86.08031317089832,85.9375,85.9375,4.815519216238424
session_15.csv,session_15,807,51648,51776,25824,25888,103.296,103.552,relax,0,0,0.0,False,False,1.5765821048410122,1.9862170895238056,166.48764878637778,22.0,11.0,79.94947153812419,78.125,82.03125,5.312922366367355
session_15.csv,session_15,808,51712,51840,25856,25920,103.424,103.68,relax,0,0,0.0,False,False,1.306489061976893,1.6826214577656866,132.55310104361948,13.0,5.0,77.0780580666045,70.3125,66.40625,1.281532648088401
session_15.csv,session_15,809,51776,51904,25888,25952,103.552,103.808,relax,0,0,0.0,False,False,2.231066131471303,2.7730125982729663,233.85353863209556,29.0,15.0,81.162093014493,82.03125,85.9375,9.324728168077487
session_15.csv,session_15,810,51840,51968,25920,25984,103.68,103.936,relax,0,0,0.0,False,False,2.4842507721540734,2.9298106065069427,261.49723817241465,37.0,20.0,82.20110436804096,82.03125,82.03125,7.054241572874901
session_15.csv,session_15,811,51904,52032,25952,26016,103.808,104.064,relax,0,0,0.0,False,False,2.806364173843747,3.8121159205155486,311.4921315624629,33.0,20.0,82.32483286996131,85.9375,85.9375,5.956554678456914
session_15.csv,session_15,812,51968,52096,25984,26048,103.936,104.192,relax,0,0,0.0,False,False,3.0385269321757304,4.180925996876485,320.6747470306655,26.0,17.0,81.8918289440914,82.03125,78.125,16.888195423453165
session_15.csv,session_15,813,52032,52160,26016,26080,104.064,104.32,relax,0,25,0.1953125,True,True,8.363517599537381,12.448454571755166,865.9535231461605,31.0,23.0,77.81105658694517,74.21875,70.3125,154.9481751290972
session_15.csv,session_15,814,52096,52224,26048,26112,104.192,104.448,clench,1,89,0.6953125,True,True,16.676113240500538,20.444717642948685,1793.8055304061272,41.0,37.0,82.05613344017752,89.84375,93.75,356.11982319806833
session_15.csv,session_15,815,52160,52288,26080,26144,104.32,104.576,clench,1,128,1.0,False,True,21.53681255940958,25.854026792197057,2246.5236047368785,41.0,36.0,80.29096294362218,82.03125,85.9375,802.9871881994168
session_15.csv,session_15,816,52224,52352,26112,26176,104.448,104.704,clench,1,128,1.0,False,False,19.990241489074755,23.924274148988253,2120.8750884952415,40.0,36.0,85.71923176965531,85.9375,82.03125,452.1126450885778
session_15.csv,session_15,817,52288,52416,26144,26208,104.576,104.832,clench,1,128,1.0,False,False,15.373273870158778,18.602653883644678,1719.1810310366598,41.0,40.0,78.38587565269528,78.125,74.21875,325.8615763417087
session_15.csv,session_15,818,52352,52480,26176,26240,104.704,104.96,clench,1,128,1.0,False,False,11.91000572163094,15.199666758782758,1288.6824208936157,41.0,38.0,80.63734609402462,78.125,74.21875,182.96602987972668
session_15.csv,session_15,819,52416,52544,26208,26272,104.832,105.088,clench,1,128,1.0,False,False,10.754131863190345,13.425836137234025,1143.4519100728185,39.0,32.0,81.28801371762695,82.03125,82.03125,112.68828555741881
session_15.csv,session_15,820,52480,52608,26240,26304,104.96,105.216,clench,1,128,1.0,False,False,13.536301537424608,16.793602747611967,1519.7187340782464,41.0,36.0,80.10007919871178,78.125,74.21875,266.9187714666506
session_15.csv,session_15,821,52544,52672,26272,26336,105.088,105.344,clench,1,128,1.0,False,False,12.654111547143673,16.17054416303528,1421.0887854832301,44.0,41.0,84.27961882239475,82.03125,78.125,419.61693497644353
session_15.csv,session_15,822,52608,52736,26304,26368,105.216,105.472,clench,1,128,1.0,False,False,11.035123679859069,13.91917379321817,1201.5738985700925,44.0,39.0,80.05451395886257,82.03125,82.03125,172.30414801475
session_15.csv,session_15,823,52672,52800,26336,26400,105.344,105.6,clench,1,128,1.0,False,False,9.96415704894274,12.78324822215459,1061.3159402499832,38.0,32.0,80.92287245023952,78.125,93.75,183.16268041998822
session_15.csv,session_15,824,52736,52864,26368,26432,105.472,105.728,clench,1,128,1.0,False,False,8.71398301979052,11.256960829409461,949.655312810169,40.0,33.0,88.0871903860796,89.84375,97.65625,86.44511307458721
session_15.csv,session_15,825,52800,52928,26400,26464,105.6,105.856,clench,1,128,1.0,False,False,8.641699663930414,10.13251652296186,915.0127897108207,41.0,34.0,79.78929585357149,78.125,85.9375,84.16161780646524
session_15.csv,session_15,826,52864,52992,26432,26496,105.728,105.984,clench,1,128,1.0,False,False,9.529311689769347,11.3036100601531,1001.9325428959538,40.0,34.0,78.99236586491128,78.125,78.125,143.48034558804562
session_15.csv,session_15,827,52928,53056,26464,26528,105.856,106.112,clench,1,128,1.0,False,False,8.736884228571318,10.700919806399062,942.7313321088587,40.0,37.0,80.86670583451225,82.03125,70.3125,85.11044264833058
session_15.csv,session_15,828,52992,53120,26496,26560,105.984,106.24,clench,1,128,1.0,False,False,9.075786147071124,10.964431947622339,947.7795139637052,38.0,33.0,79.05537913542491,78.125,74.21875,116.81075049096022
session_15.csv,session_15,829,53056,53184,26528,26592,106.112,106.368,clench,1,114,0.890625,True,True,9.97836086805798,11.825272956716915,1011.552706042315,39.0,32.0,77.88672116323484,74.21875,74.21875,126.72697755748075
session_15.csv,session_15,830,53120,53248,26560,26624,106.24,106.496,relax,0,50,0.390625,True,True,6.277872043624448,8.093525275761639,653.7917733574562,37.0,28.0,82.5531399386314,82.03125,78.125,68.48847866049874
session_15.csv,session_15,831,53184,53312,26592,26656,106.368,106.624,relax,0,0,0.0,False,True,4.1524387615106955,5.042711626643383,453.88617334416335,41.0,29.0,88.79721370819676,93.75,97.65625,29.672391271230076
session_15.csv,session_15,832,53248,53376,26624,26688,106.496,106.752,relax,0,0,0.0,False,False,3.8251576939587153,4.705791071403574,424.92371543096044,40.0,28.0,80.66630311298123,78.125,78.125,18.84796895431341
session_15.csv,session_15,833,53312,53440,26656,26720,106.624,106.88,relax,0,0,0.0,False,False,3.2373194192120245,3.979483540230077,352.0591806788286,36.0,24.0,86.0346112071781,85.9375,89.84375,11.041942153492993
session_15.csv,session_15,834,53376,53504,26688,26752,106.752,107.008,relax,0,0,0.0,False,False,3.354753953951306,4.256098803171538,384.10649130070016,37.0,29.0,79.98427962276165,78.125,70.3125,20.96463364387426
session_15.csv,session_15,835,53440,53568,26720,26784,106.88,107.136,relax,0,15,0.1171875,True,True,6.249383571698434,9.066832650919784,702.2739710399385,35.0,30.0,77.44817452645556,74.21875,70.3125,22.4216824573255
session_15.csv,session_15,836,53504,53632,26752,26816,107.008,107.264,clench,1,79,0.6171875,True,True,20.90478427309606,31.083958382405193,2247.0660168053287,42.0,37.0,81.19392194290451,82.03125,78.125,1440.7593881525781
session_15.csv,session_15,837,53568,53696,26784,26848,107.136,107.392,clench,1,128,1.0,False,True,24.824937996231437,33.21512557373844,2681.2380950610695,44.0,42.0,83.22976271331618,85.9375,89.84375,488.2685907536079
session_15.csv,session_15,838,53632,53760,26816,26880,107.264,107.52,clench,1,128,1.0,False,False,15.23268540487992,19.35091661029239,1709.4718399630513,41.0,38.0,81.71348499483737,82.03125,70.3125,277.00988289946315
session_15.csv,session_15,839,53696,53824,26848,26912,107.392,107.648,clench,1,128,1.0,False,False,13.26694352474404,16.928410918008346,1506.2298216272677,41.0,39.0,84.19508658448414,85.9375,85.9375,444.7271341060573
session_15.csv,session_15,840,53760,53888,26880,26944,107.52,107.776,clench,1,128,1.0,False,False,13.738930867720047,16.572668710607974,1498.5223109629726,40.0,40.0,82.76832329165572,82.03125,89.84375,215.51494107519596
session_15.csv,session_15,841,53824,53952,26912,26976,107.648,107.904,clench,1,128,1.0,False,False,12.535009024499992,15.23023697086393,1340.4623467373299,37.0,32.0,76.87393918007596,74.21875,74.21875,239.6661934432589
session_15.csv,session_15,842,53888,54016,26944,27008,107.776,108.032,clench,1,128,1.0,False,False,12.995570563890354,15.50674524135968,1344.9228662250607,39.0,33.0,81.74388736575962,85.9375,74.21875,191.99257968434577
session_15.csv,session_15,843,53952,54080,26976,27040,107.904,108.16,clench,1,128,1.0,False,False,13.117945590134028,16.891406367880673,1457.562843906486,41.0,37.0,80.32936357732447,78.125,78.125,310.4923760386099
session_15.csv,session_15,844,54016,54144,27008,27072,108.032,108.288,clench,1,128,1.0,False,False,11.805088300427592,15.804328221697176,1351.869841360226,40.0,34.0,85.34039293739905,93.75,93.75,157.20594120336207
session_15.csv,session_15,845,54080,54208,27040,27104,108.16,108.416,clench,1,128,1.0,False,False,12.261558794833443,15.011551808348907,1400.3718436237018,43.0,40.0,88.30531806371721,93.75,97.65625,198.20418766070668
session_15.csv,session_15,846,54144,54272,27072,27136,108.288,108.544,clench,1,128,1.0,False,False,11.865020165524097,14.756121978420564,1359.7216679912738,43.0,40.0,83.69508413928766,85.9375,85.9375,166.1504086480742
session_15.csv,session_15,847,54208,54336,27104,27168,108.416,108.672,clench,1,128,1.0,False,False,10.670163766866434,13.372158479564254,1149.0876186934581,39.0,30.0,80.80062237458128,78.125,74.21875,162.9487937613593
session_15.csv,session_15,848,54272,54400,27136,27200,108.544,108.8,clench,1,128,1.0,False,False,7.6215110763034195,9.370092579705645,795.3427388180022,40.0,31.0,77.75616205000995,78.125,74.21875,86.85867154797037
session_15.csv,session_15,849,54336,54464,27168,27232,108.672,108.928,clench,1,128,1.0,False,False,4.849370967564028,6.52573872857866,526.7980308032365,35.0,27.0,83.69270606145139,85.9375,85.9375,15.97948939555364
session_15.csv,session_15,850,54400,54528,27200,27264,108.8,109.056,clench,1,128,1.0,False,False,6.686610500710545,8.903303755467238,729.7739928508145,36.0,31.0,82.60323162993483,85.9375,85.9375,66.73440758990641
session_15.csv,session_15,851,54464,54592,27232,27296,108.928,109.184,clench,1,128,1.0,False,True,7.949337746074246,9.62637239872562,873.2328978496371,43.0,36.0,78.1590644406858,78.125,78.125,86.55287956441545
session_15.csv,session_15,852,54528,54656,27264,27328,109.056,109.312,clench,1,82,0.640625,True,True,4.725240081186721,6.12259237101598,528.8366775441552,38.0,26.0,85.16063547701093,85.9375,85.9375,38.18849267486906
session_15.csv,session_15,853,54592,54720,27296,27360,109.184,109.44,relax,0,18,0.140625,True,True,2.6812570059732503,3.632392798441085,282.43343606423434,30.0,18.0,76.55487775753669,78.125,70.3125,6.281880723778966
session_15.csv,session_15,854,54656,54784,27328,27392,109.312,109.568,relax,0,0,0.0,False,False,3.483709657387988,4.4234873192721,376.2693499100567,36.0,23.0,82.56577483401944,85.9375,85.9375,14.584895419744873
session_15.csv,session_15,855,54720,54848,27360,27424,109.44,109.696,relax,0,0,0.0,False,False,3.6129015637028288,4.584185087915316,394.30006685830125,35.0,22.0,80.48167544031249,82.03125,82.03125,27.938991398718734
session_15.csv,session_15,856,54784,54912,27392,27456,109.568,109.824,relax,0,0,0.0,False,False,2.3895394767481917,3.259976354869764,273.4269468093279,27.0,17.0,89.47125397524144,93.75,97.65625,11.252998851390663
session_15.csv,session_15,857,54848,54976,27424,27488,109.696,109.952,relax,0,0,0.0,False,False,2.1518470204559463,2.948083038156622,240.38508470704397,25.0,14.0,82.98919196641295,82.03125,82.03125,4.295639208651064
session_15.csv,session_15,858,54912,55040,27456,27520,109.824,110.08,relax,0,0,0.0,False,False,2.598605541519643,3.2595380128199833,280.5491375911285,33.0,19.0,83.04592829129516,82.03125,82.03125,9.575552848750094
session_15.csv,session_15,859,54976,55104,27488,27552,109.952,110.208,relax,0,0,0.0,False,False,2.794459306377751,3.347047313579936,298.60207983575054,37.0,23.0,82.74514710162957,82.03125,82.03125,11.38545328935714
session_15.csv,session_15,860,55040,55168,27520,27584,110.08,110.336,relax,0,0,0.0,False,False,2.7181349769380105,3.3141465606746934,288.6958184101083,36.0,21.0,82.43808543545416,78.125,74.21875,11.47263644532449
session_15.csv,session_15,861,55104,55232,27552,27616,110.208,110.464,relax,0,0,0.0,False,False,3.2260920070567725,5.035629322466944,318.2361852844912,33.0,19.0,83.50350210532733,85.9375,93.75,5.124145121905301
session_15.csv,session_15,862,55168,55296,27584,27648,110.336,110.592,relax,0,27,0.2109375,True,True,15.167787592583057,22.55587945085186,1647.7854457374144,35.0,29.0,78.05673685770608,78.125,78.125,510.4682376859141
session_15.csv,session_15,863,55232,55360,27616,27680,110.464,110.72,clench,1,91,0.7109375,True,True,22.946201895835646,27.701141071925584,2497.274282528367,39.0,39.0,79.67350546664521,78.125,74.21875,896.5727884001252
session_15.csv,session_15,864,55296,55424,27648,27712,110.592,110.848,clench,1,128,1.0,False,False,16.828536296094935,21.189079467186577,1738.2148260327772,40.0,35.0,80.38979058342409,78.125,70.3125,226.9860516571922
session_15.csv,session_15,865,55360,55488,27680,27744,110.72,110.976,clench,1,128,1.0,False,False,14.758374999668856,17.99196086357858,1608.5651893618083,42.0,35.0,80.13353611394405,78.125,89.84375,354.22980823673134
session_15.csv,session_15,866,55424,55552,27712,27776,110.848,111.104,clench,1,109,0.8515625,True,True,11.376704931149025,14.098165738171474,1231.3108439601237,43.0,34.0,84.97219051272857,85.9375,85.9375,130.7619613398572
session_15.csv,session_15,867,55488,55616,27744,27808,110.976,111.232,relax,0,45,0.3515625,True,True,7.737595583681905,9.446547625732826,781.5676199963502,38.0,27.0,74.53409971340704,74.21875,74.21875,120.05441378950178
session_15.csv,session_15,868,55552,55680,27776,27840,111.104,111.36,relax,0,0,0.0,False,True,6.116775604579473,7.679255482950219,642.8954946884622,38.0,29.0,77.11262832032892,74.21875,74.21875,41.46576545227503
session_15.csv,session_15,869,55616,55744,27808,27872,111.232,111.488,relax,0,0,0.0,False,False,4.124113976399526,5.218087110218023,472.8968835120124,41.0,33.0,84.65115185541235,85.9375,97.65625,22.369200338209723
session_15.csv,session_15,870,55680,55808,27840,27904,111.36,111.616,relax,0,0,0.0,False,False,3.410527406328222,4.219206448204407,395.25592710392283,40.0,30.0,88.57285467205422,93.75,93.75,20.101050564569697
session_15.csv,session_15,871,55744,55872,27872,27936,111.488,111.744,relax,0,0,0.0,False,False,3.4152091452993947,4.073854909035782,381.0980199576566,39.0,26.0,81.53194615020422,82.03125,78.125,18.01819229468834
session_15.csv,session_15,872,55808,55936,27904,27968,111.616,111.872,relax,0,0,0.0,False,False,3.3247548985315083,3.973182303740875,359.77279135632625,37.0,21.0,82.93915972400936,82.03125,89.84375,10.86080059623241
session_15.csv,session_15,873,55872,56000,27936,28000,111.744,112.0,relax,0,0,0.0,False,False,2.184653161870263,2.842713376754326,239.04327577183759,27.0,14.0,84.00234946982495,85.9375,85.9375,9.565458412019028
session_15.csv,session_15,874,55936,56064,27968,28032,111.872,112.128,relax,0,3,0.0234375,True,True,7.686306158241314,13.32252363444703,800.17824123812,30.0,20.0,79.57882978797726,78.125,74.21875,124.71388762646704
session_15.csv,session_15,875,56000,56128,28000,28064,112.0,112.256,clench,1,67,0.5234375,True,True,15.789062453126476,19.27883389708917,1676.1033609901685,41.0,34.0,80.94492796298361,82.03125,82.03125,402.31683352723803
session_15.csv,session_15,876,56064,56192,28032,28096,112.128,112.384,clench,1,128,1.0,False,True,17.769196480599224,20.445083693824042,1859.679885156717,40.0,37.0,80.05160528007339,82.03125,82.03125,513.3905533257049
session_15.csv,session_15,877,56128,56256,28064,28128,112.256,112.512,clench,1,128,1.0,False,False,16.15417891478875,19.46387915111237,1624.817029370575,38.0,33.0,75.20096564838605,74.21875,74.21875,246.23688783213993
session_15.csv,session_15,878,56192,56320,28096,28160,112.384,112.64,clench,1,128,1.0,False,False,14.410259362478344,17.263377180515242,1538.120341480926,41.0,35.0,77.23435493097712,74.21875,74.21875,225.44957858781189
session_15.csv,session_15,879,56256,56384,28128,28192,112.512,112.768,clench,1,128,1.0,False,False,11.58873352163725,13.945686181373189,1248.4624590767141,44.0,41.0,88.29700610772659,89.84375,93.75,235.01469042361967
session_15.csv,session_15,880,56320,56448,28160,28224,112.64,112.896,clench,1,128,1.0,False,False,10.014689137706846,11.99301967133761,1088.4820562604327,44.0,40.0,86.88822318317581,93.75,97.65625,135.05002263074385
session_15.csv,session_15,881,56384,56512,28192,28256,112.768,113.024,clench,1,128,1.0,False,False,9.44179768298608,11.953753008171038,1022.9878645981959,41.0,35.0,85.74045816717604,85.9375,85.9375,168.95362902066384
session_15.csv,session_15,882,56448,56576,28224,28288,112.896,113.152,clench,1,128,1.0,False,False,7.548351201767803,9.602452284734017,807.5360031086998,40.0,31.0,77.99930872935558,74.21875,74.21875,44.89770116705595
session_15.csv,session_15,883,56512,56640,28256,28320,113.024,113.28,clench,1,99,0.7734375,True,True,7.088985309339438,8.472965240752336,782.9569901434085,42.0,33.0,89.48917818158336,93.75,97.65625,65.8640509391448
session_15.csv,session_15,884,56576,56704,28288,28352,113.152,113.408,relax,0,35,0.2734375,True,True,4.765028975124604,6.1723900257852575,531.5119482150262,39.0,29.0,84.03066177520087,85.9375,85.9375,33.78450471435655
session_15.csv,session_15,885,56640,56768,28320,28384,113.28,113.536,relax,0,0,0.0,False,False,3.0901693308824543,3.919111616994344,350.42378105096924,36.0,24.0,80.46755977928693,82.03125,97.65625,6.856989608354198
session_15.csv,session_15,886,56704,56832,28352,28416,113.408,113.664,relax,0,0,0.0,False,False,3.20667046887473,4.0566269743008005,371.29126910914664,37.0,27.0,88.21085766438624,89.84375,97.65625,13.835486568726326
session_15.csv,session_15,887,56768,56896,28384,28448,113.536,113.792,relax,0,0,0.0,False,False,2.8882691585369917,3.484143940783693,337.68376617614786,41.0,28.0,86.83923085762608,93.75,97.65625,12.094231420307892
session_15.csv,session_15,888,56832,56960,28416,28480,113.664,113.92,relax,0,0,0.0,False,False,2.5616713699014015,3.0800312168075052,291.1021962303428,39.0,24.0,85.36179932994308,85.9375,89.84375,6.791052028673424
session_15.csv,session_15,889,56896,57024,28448,28512,113.792,114.048,relax,0,0,0.0,False,False,2.2564143245316264,2.890680415473218,255.42964706256672,30.0,19.0,83.04033031911882,85.9375,89.84375,9.14338820934342
session_15.csv,session_15,890,56960,57088,28480,28544,113.92,114.176,relax,0,0,0.0,False,False,2.199018040982784,2.7328770302149015,235.5388992001787,29.0,14.0,77.51090100477383,78.125,66.40625,5.840313988451928
session_15.csv,session_15,891,57024,57152,28512,28576,114.048,114.304,relax,0,0,0.0,False,False,2.0766531336134624,2.4954197216631795,229.94824831490726,34.0,19.0,87.18848493029846,93.75,93.75,6.455060041326402
session_15.csv,session_15,892,57088,57216,28544,28608,114.176,114.432,relax,0,0,0.0,False,False,2.200589856489639,2.638152927230193,243.12059726742567,36.0,21.0,84.27680742079417,85.9375,85.9375,7.792626222397255
session_15.csv,session_15,893,57152,57280,28576,28640,114.304,114.56,relax,0,0,0.0,False,False,2.1260754775799766,2.5775802820352016,226.54474918096355,33.0,16.0,81.51386271419744,82.03125,97.65625,3.7563685437541143
session_15.csv,session_15,894,57216,57344,28608,28672,114.432,114.688,relax,0,0,0.0,False,False,1.8527017306563027,2.3012799850206624,201.85984597739576,28.0,13.0,77.50563893063254,78.125,78.125,4.431164859113181
session_15.csv,session_15,895,57280,57408,28640,28704,114.56,114.816,relax,0,0,0.0,False,False,2.025839336648562,2.501264260381711,222.61487325163165,29.0,15.0,83.14515600618937,85.9375,85.9375,6.821971342157461
session_15.csv,session_15,896,57344,57472,28672,28736,114.688,114.944,relax,0,0,0.0,False,False,1.7158856200575867,2.163443303754776,181.96159091059792,23.0,9.0,84.66881845614296,85.9375,89.84375,5.110120861675499
session_15.csv,session_15,897,57408,57536,28704,28768,114.816,115.072,relax,0,0,0.0,False,True,2.0047291852316222,2.678488582144967,211.21227462647104,26.0,12.0,78.58423152364587,78.125,85.9375,4.299851480802259
session_15.csv,session_15,898,57472,57600,28736,28800,114.944,115.2,relax,0,42,0.328125,True,True,9.933530398900663,15.519360917970376,1036.2243425203333,37.0,27.0,77.58661359892423,78.125,78.125,88.25008742627153
session_15.csv,session_15,899,57536,57664,28768,28832,115.072,115.328,clench,1,106,0.828125,True,True,21.799639141410502,26.442492261218025,2331.4030077326115,41.0,37.0,79.507574010523,82.03125,82.03125,743.1089387242079
session_15.csv,session_15,900,57600,57728,28800,28864,115.2,115.456,clench,1,128,1.0,False,False,21.482258145877047,26.118257053961347,2300.8608410196157,43.0,39.0,85.21961366805695,85.9375,74.21875,631.104526073667
session_15.csv,session_15,901,57664,57792,28832,28896,115.328,115.584,clench,1,128,1.0,False,False,16.906990692820745,20.590782330392194,1704.580142428869,41.0,37.0,78.04600175613213,74.21875,74.21875,511.49868632861984
session_15.csv,session_15,902,57728,57856,28864,28928,115.456,115.712,clench,1,128,1.0,False,False,18.113163316317923,21.252235476131784,1902.2461920112169,42.0,40.0,80.99226451790389,78.125,74.21875,486.77788562747605
session_15.csv,session_15,903,57792,57920,28896,28960,115.584,115.84,clench,1,128,1.0,False,False,19.320504473922373,23.83178752698572,2096.91759670053,42.0,38.0,83.44293604846618,85.9375,85.9375,886.5163929411814
session_15.csv,session_15,904,57856,57984,28928,28992,115.712,115.968,clench,1,128,1.0,False,False,17.838133506003462,23.155481224282443,1957.5581235803663,41.0,39.0,82.85060931433144,82.03125,85.9375,329.3880368711629
session_15.csv,session_15,905,57920,58048,28960,29024,115.84,116.096,clench,1,128,1.0,False,False,14.9665541070352,19.587997906183986,1706.0295441052137,42.0,41.0,82.73556376630727,82.03125,85.9375,337.2294116139907
session_15.csv,session_15,906,57984,58112,28992,29056,115.968,116.224,clench,1,128,1.0,False,False,19.69962381349287,25.313655716461756,2105.305343582945,41.0,39.0,80.27337598503837,82.03125,82.03125,1113.228468875326
session_15.csv,session_15,907,58048,58176,29024,29088,116.096,116.352,clench,1,128,1.0,False,False,21.35915751602809,26.417604729107644,2241.7261460139616,41.0,38.0,79.73266139882355,78.125,78.125,341.8197336179392
session_15.csv,session_15,908,58112,58240,29056,29120,116.224,116.48,clench,1,128,1.0,False,False,16.37545760911599,21.30595691837159,1833.8668464639024,39.0,35.0,83.74957404403108,85.9375,85.9375,725.2891507484333
session_15.csv,session_15,909,58176,58304,29088,29152,116.352,116.608,clench,1,128,1.0,False,False,14.750156910155773,19.398501984647396,1596.1660340051085,39.0,36.0,79.42904644500771,70.3125,70.3125,184.7268741155433
session_15.csv,session_15,910,58240,58368,29120,29184,116.48,116.736,clench,1,128,1.0,False,False,18.913017310801415,24.311675801094268,2070.525985073789,41.0,39.0,81.54384395666199,82.03125,78.125,885.6734450163887
session_15.csv,session_15,911,58304,58432,29152,29216,116.608,116.864,clench,1,128,1.0,False,False,18.192941744847584,23.30686929812204,1990.10996057152,42.0,39.0,83.10801669853623,82.03125,85.9375,288.8072000021269
session_15.csv,session_15,912,58368,58496,29184,29248,116.736,116.992,clench,1,128,1.0,False,False,10.120588513464677,11.997405743932422,1090.4793497022608,41.0,36.0,80.1496589631671,78.125,82.03125,131.58097156643157
session_15.csv,session_15,913,58432,58560,29216,29280,116.864,117.12,clench,1,128,1.0,False,False,9.645207636656462,11.292674476935995,1029.3262464045076,41.0,33.0,83.77294071556449,85.9375,85.9375,79.66818304700614
session_15.csv,session_15,914,58496,58624,29248,29312,116.992,117.248,clench,1,128,1.0,False,False,10.777673020743201,12.231214122709272,1123.776634276657,41.0,34.0,83.29569908665577,85.9375,85.9375,162.8668107930983
session_15.csv,session_15,915,58560,58688,29280,29344,117.12,117.376,clench,1,128,1.0,False,False,9.927891318998107,12.089437208356838,1052.7054134459981,43.0,37.0,83.2843381494641,82.03125,78.125,121.70769369655808
session_15.csv,session_15,916,58624,58752,29312,29376,117.248,117.504,clench,1,128,1.0,False,False,8.522212056175956,11.157602677575396,953.9213592670856,44.0,37.0,84.56130137761572,82.03125,82.03125,168.3733007539351
session_15.csv,session_15,917,58688,58816,29344,29408,117.376,117.632,clench,1,128,1.0,False,False,9.265131845506016,11.961127253217027,992.1001596562329,41.0,31.0,81.93064205486745,82.03125,82.03125,94.99919491586188
session_15.csv,session_15,918,58752,58880,29376,29440,117.504,117.76,clench,1,128,1.0,False,False,11.601225691968581,14.543309537767657,1268.0398028655934,40.0,37.0,80.33080605318926,78.125,70.3125,129.48371199483466
session_15.csv,session_15,919,58816,58944,29408,29472,117.632,117.888,clench,1,128,1.0,False,False,12.728304483005783,15.552302194726161,1406.8663872621187,42.0,40.0,82.84251973670858,82.03125,78.125,212.720340238711
session_15.csv,session_15,920,58880,59008,29440,29504,117.76,118.016,clench,1,128,1.0,False,False,11.956063670103328,14.746814966767783,1345.94495655577,41.0,35.0,79.23678805221176,78.125,78.125,307.2748305076709
session_15.csv,session_15,921,58944,59072,29472,29536,117.888,118.144,clench,1,128,1.0,False,False,8.369875413219216,10.925536617940594,971.603781705176,42.0,35.0,83.31469984333735,82.03125,82.03125,105.07715437979871
session_15.csv,session_15,922,59008,59136,29504,29568,118.016,118.272,clench,1,128,1.0,False,False,5.924990740692055,7.4731500549809144,656.792566534446,40.0,31.0,81.41881898153655,82.03125,74.21875,36.66783972389526
session_15.csv,session_15,923,59072,59200,29536,29600,118.144,118.4,clench,1,97,0.7578125,True,True,5.415466825483289,6.668905250060366,576.1245128557522,41.0,29.0,80.95464141024841,78.125,74.21875,30.39734629840414
session_15.csv,session_15,924,59136,59264,29568,29632,118.272,118.528,relax,0,33,0.2578125,True,True,6.636245635376239,8.18868453853395,714.2038729330301,42.0,34.0,78.55741980752859,74.21875,70.3125,66.33030401064678
session_15.csv,session_15,925,59200,59328,29600,29664,118.4,118.656,relax,0,0,0.0,False,False,6.449015544537403,8.118095740190114,675.4571757241763,37.0,29.0,77.59048171513419,74.21875,70.3125,80.79286357718135
session_15.csv,session_15,926,59264,59392,29632,29696,118.528,118.784,relax,0,0,0.0,False,False,3.780239648262736,4.998747728404856,405.18101339747165,36.0,27.0,78.60329924425187,74.21875,70.3125,11.46545147777597
session_15.csv,session_15,927,59328,59456,29664,29728,118.656,118.912,relax,0,0,0.0,False,False,2.6248086467112643,3.2986047552356497,303.1497855842214,37.0,27.0,85.66084297330107,85.9375,85.9375,5.102142672226328
session_15.csv,session_15,928,59392,59520,29696,29760,118.784,119.04,relax,0,0,0.0,False,False,2.124021075675431,2.7530675799482496,235.0062851636185,28.0,16.0,88.60490138203417,93.75,93.75,6.147417662380604
session_15.csv,session_15,929,59456,59584,29728,29792,118.912,119.168,relax,0,0,0.0,False,False,1.833904925471598,2.275977374892456,201.09827103804452,24.0,11.0,75.76130974796156,74.21875,70.3125,7.832569171338595
session_15.csv,session_15,930,59520,59648,29760,29824,119.04,119.296,relax,0,0,0.0,False,False,1.9330636806978359,2.3976498851111105,199.49317426383067,23.0,11.0,77.70974155453175,78.125,66.40625,4.933083427330225
session_15.csv,session_15,931,59584,59712,29792,29856,119.168,119.424,relax,0,0,0.0,False,False,1.9982421512575974,2.4842472333921215,207.12039895230086,25.0,12.0,81.17342038489289,82.03125,82.03125,4.491315790803959
session_15.csv,session_15,932,59648,59776,29824,29888,119.296,119.552,relax,0,0,0.0,False,False,1.9663152603912861,2.37723095344955,208.91141769899957,30.0,15.0,79.13235207752017,78.125,78.125,7.281880701149473
session_15.csv,session_15,933,59712,59840,29856,29920,119.424,119.68,relax,0,0,0.0,False,False,1.8960338590437256,2.2885471146586016,204.37034368760504,29.0,14.0,85.74284092230862,85.9375,97.65625,3.3967706919117764
session_15.csv,session_15,934,59776,59904,29888,29952,119.552,119.808,relax,0,0,0.0,False,False,1.9453962832703926,2.3747607139960025,211.21450635907817,27.0,13.0,79.92179966283732,82.03125,85.9375,6.112232191989789
session_15.csv,session_15,935,59840,59968,29920,29984,119.68,119.936,relax,0,0,0.0,False,False,1.8855182129042913,2.3633251641774606,206.29941916786993,28.0,16.0,81.8606956977375,85.9375,85.9375,6.35252515446647
session_15.csv,session_15,936,59904,60032,29952,30016,119.808,120.064,relax,0,0,0.0,False,False,1.5417759979987888,1.9671625284551746,167.09977223965095,24.0,12.0,87.63787735609323,89.84375,97.65625,3.0420727376835957
session_15.csv,session_15,937,59968,60096,29984,30048,119.936,120.192,relax,0,0,0.0,False,False,1.5082343970548386,1.9846598776272806,158.50780479197456,18.0,7.0,80.07798935339115,82.03125,82.03125,5.36929296778561
session_15.csv,session_15,938,60032,60160,30016,30080,120.064,120.32,relax,0,11,0.0859375,True,True,5.230280619718426,7.376031109324832,549.5484526215205,32.0,24.0,79.19511358817796,82.03125,85.9375,24.703419288615972
session_15.csv,session_15,939,60096,60224,30048,30112,120.192,120.448,clench,1,75,0.5859375,True,True,23.414108305769698,35.03477611999399,2516.9557258576947,42.0,39.0,78.4318598525157,78.125,82.03125,1928.1570418287347
session_15.csv,session_15,940,60160,60288,30080,30144,120.32,120.576,clench,1,128,1.0,False,True,31.690013187091566,40.381029832147995,3397.8993546168804,41.0,38.0,83.79280860095632,85.9375,85.9375,609.3296381393781
session_15.csv,session_15,941,60224,60352,30112,30176,120.448,120.704,clench,1,128,1.0,False,False,20.019862800024562,25.4723823830277,2167.496761884425,42.0,37.0,77.01221100735026,74.21875,74.21875,1036.6460225955336
session_15.csv,session_15,942,60288,60416,30144,30208,120.576,120.832,clench,1,128,1.0,False,False,13.192376050167432,17.968087588364234,1454.4843944371755,43.0,36.0,80.58733838430994,74.21875,74.21875,128.42315658024884
session_15.csv,session_15,943,60352,60480,30176,30240,120.704,120.96,clench,1,128,1.0,False,False,15.016789380878727,19.008951450191837,1777.2096360261603,44.0,40.0,85.54795316033197,85.9375,85.9375,417.08408921681524
session_15.csv,session_15,944,60416,60544,30208,30272,120.832,121.088,clench,1,128,1.0,False,False,19.755888923898617,23.915386615535738,2224.849849380166,42.0,43.0,83.0534455417044,85.9375,85.9375,513.8842775945953
session_15.csv,session_15,945,60480,60608,30240,30304,120.96,121.216,clench,1,128,1.0,False,False,15.152610028048137,20.51080671654705,1660.0182134808585,39.0,35.0,80.40179474214973,78.125,78.125,629.38001936938
session_15.csv,session_15,946,60544,60672,30272,30336,121.088,121.344,clench,1,122,0.953125,True,True,7.904211723118156,10.56455465934655,791.2774292341961,37.0,28.0,78.00840564954977,78.125,82.03125,43.067581479424305
session_15.csv,session_15,947,60608,60736,30304,30368,121.216,121.472,relax,0,58,0.453125,True,True,5.800825991979716,7.363129170333171,621.2267613715883,38.0,30.0,78.57413811553363,78.125,74.21875,77.41976657524609
session_15.csv,session_15,948,60672,60800,30336,30400,121.344,121.6,relax,0,0,0.0,False,True,4.146774065908829,5.713645468828682,453.33186681180484,35.0,23.0,81.69319785844036,82.03125,85.9375,21.216779942409687
session_15.csv,session_15,949,60736,60864,30368,30432,121.472,121.728,relax,0,0,0.0,False,False,2.3401639595059054,3.2167088151498096,254.51582962986757,26.0,15.0,75.34445494279886,74.21875,66.40625,3.3601705769356194
session_15.csv,session_15,950,60800,60928,30400,30464,121.6,121.856,relax,0,0,0.0,False,False,1.6317969721109473,2.1408977622286427,187.3053223357115,24.0,15.0,84.02898470364808,85.9375,97.65625,6.115015079207684
session_15.csv,session_15,951,60864,60992,30432,30496,121.728,121.984,relax,0,0,0.0,False,False,1.7645271990357654,2.285939648407934,193.3922875766987,27.0,16.0,82.06275249235169,82.03125,82.03125,1.644302279404815
session_15.csv,session_15,952,60928,61056,30464,30528,121.856,122.112,relax,0,0,0.0,False,False,1.9692761012043025,2.414496621114385,213.6686769445599,30.0,17.0,80.56415441517042,78.125,74.21875,6.72321576362506
session_15.csv,session_15,953,60992,61120,30496,30560,121.984,122.24,relax,0,0,0.0,False,False,2.421308990816872,2.937835110042267,268.7143667218436,35.0,22.0,83.47709839432218,82.03125,82.03125,6.432688250851456
session_15.csv,session_15,954,61056,61184,30528,30592,122.112,122.368,relax,0,0,0.0,False,False,2.5582524443675423,3.010632883674497,278.9940408608406,36.0,22.0,79.59910155740783,82.03125,82.03125,6.701928483127601
session_15.csv,session_15,955,61120,61248,30560,30624,122.24,122.496,relax,0,0,0.0,False,False,1.8802204750189182,2.271725054187421,188.9400497317181,24.0,11.0,78.57787138576262,78.125,78.125,5.086838133315368
session_15.csv,session_15,956,61184,61312,30592,30656,122.368,122.624,relax,0,0,0.0,False,False,1.710138852193063,2.2546762852880584,180.726236853677,21.0,11.0,82.69093731846408,78.125,93.75,4.397176048738971
session_15.csv,session_15,957,61248,61376,30624,30688,122.496,122.752,relax,0,0,0.0,False,False,2.352629734918422,2.867417027763584,258.00478057055943,34.0,21.0,82.01709119100487,82.03125,78.125,6.781147246465629
session_15.csv,session_15,958,61312,61440,30656,30720,122.624,122.88,relax,0,0,0.0,False,False,2.540050752530168,2.9629338726699146,283.35162310594956,40.0,24.0,84.79435637433679,89.84375,89.84375,8.416246022576724
session_15.csv,session_15,959,61376,61504,30688,30752,122.752,123.008,relax,0,0,0.0,False,False,2.3421016878073355,2.8117464940523575,263.93144647130066,40.0,24.0,84.52379338331374,82.03125,97.65625,5.550972089445736
session_15.csv,session_15,960,61440,61568,30720,30784,122.88,123.136,relax,0,0,0.0,False,False,2.3755022388883424,2.87721117944986,259.13519484583503,36.0,20.0,80.66115864752464,78.125,89.84375,8.170846003619008
session_15.csv,session_15,961,61504,61632,30752,30816,123.008,123.264,relax,0,0,0.0,False,False,2.911499190859165,3.4676159575389796,310.3551427128085,34.0,17.0,82.01854764924225,82.03125,82.03125,9.629733913632426
session_15.csv,session_15,962,61568,61696,30784,30848,123.136,123.392,relax,0,0,0.0,False,False,2.725338924296573,3.267471271078529,298.51481422935007,36.0,20.0,81.58220843525693,82.03125,89.84375,10.947890944891828
session_15.csv,session_15,963,61632,61760,30816,30880,123.264,123.52,relax,0,0,0.0,False,False,2.12002922572223,2.639299378308404,236.35906327162704,30.0,14.0,81.17850402975091,82.03125,82.03125,4.064003938457467
session_15.csv,session_15,964,61696,61824,30848,30912,123.392,123.648,relax,0,0,0.0,False,False,2.2616966011287776,3.0248183554455,252.64535268689454,27.0,13.0,83.11989943831087,85.9375,82.03125,14.542957943074976
session_15.csv,session_15,965,61760,61888,30880,30944,123.52,123.776,relax,0,0,0.0,False,False,2.2736606684126306,2.8976604369036547,229.68751766281088,29.0,14.0,78.29480303781048,74.21875,66.40625,7.6324616678559165
session_15.csv,session_15,966,61824,61952,30912,30976,123.648,123.904,relax,0,0,0.0,False,False,2.1106745533360267,2.437862277496814,223.99370657686717,36.0,18.0,87.55486375113196,89.84375,93.75,5.092032957411221
session_15.csv,session_15,967,61888,62016,30944,31008,123.776,124.032,relax,0,0,0.0,False,False,1.9403988481409113,2.4091421514479654,213.56694296721147,31.0,17.0,82.26533507571936,85.9375,85.9375,6.485277245723857
session_15.csv,session_15,968,61952,62080,30976,31040,123.904,124.16,relax,0,0,0.0,False,False,1.7005190533060177,2.2004054224290948,184.2762134789084,23.0,13.0,81.1253756759279,85.9375,85.9375,2.9890604403821395
session_15.csv,session_15,969,62016,62144,31008,31072,124.032,124.288,relax,0,0,0.0,False,False,2.1342703060518335,2.6609717124058614,225.66605117481964,28.0,16.0,80.05259973610215,82.03125,82.03125,6.055391188258048
session_15.csv,session_15,970,62080,62208,31040,31104,124.16,124.416,relax,0,0,0.0,False,False,2.3047239084708675,2.814585035988342,250.94410175536976,30.0,18.0,82.51365117315014,82.03125,85.9375,9.369464473594618
