source_file,session_id,window_index,start_sample,end_sample_exclusive,downsampled_start_sample,downsampled_end_sample_exclusive,start_time_s,end_time_s,label,label_id,clench_sample_count,clench_fraction,contains_label_transition,intersects_transition_band,mav,rms,wl,zc,ssc,mnf,mdf,pkf,bandpower
session_9.csv,session_9,0,0,128,0,128,0.0,0.256,relax,0,0,0.0,False,False,32.62480016159594,95.36593462007296,1867.8960428436926,23.0,3.0,46.346897697741255,27.34375,23.4375,20.209332699832466
session_9.csv,session_9,1,64,192,64,192,0.128,0.384,relax,0,0,0.0,False,False,1.6792538342673344,2.049834263090946,229.29754942610612,17.0,0.0,85.76880797009048,89.84375,93.75,5.186411981514781
session_9.csv,session_9,2,128,256,128,256,0.256,0.512,relax,0,0,0.0,False,False,1.8810393823091562,2.438448764894024,254.96159418061518,20.0,1.0,86.56168234513164,89.84375,89.84375,2.612206672734133
session_9.csv,session_9,3,192,320,192,320,0.384,0.64,relax,0,0,0.0,False,False,1.8877809469569868,2.441712010535604,250.53973472572636,15.0,1.0,84.39661683594794,85.9375,82.03125,6.689874032421744
session_9.csv,session_9,4,256,384,256,384,0.512,0.768,relax,0,0,0.0,False,False,1.805927709894684,2.1869045371821643,225.22556427377197,12.0,0.0,81.51982933406708,82.03125,74.21875,4.204467540838984
session_9.csv,session_9,5,320,448,320,448,0.64,0.896,relax,0,0,0.0,False,False,1.9728199654275675,2.41156113535636,260.08449952298497,20.0,0.0,79.76429990942216,78.125,78.125,5.906864163373944
session_9.csv,session_9,6,384,512,384,512,0.768,1.024,relax,0,0,0.0,False,False,1.9024633287259292,2.3908341812820435,268.86183501211485,27.0,0.0,89.95376957782321,93.75,93.75,4.614100596977783
session_9.csv,session_9,7,448,576,448,576,0.896,1.152,relax,0,0,0.0,False,False,1.6218835609312947,2.0567138103544713,222.0855735916963,23.0,0.0,77.36622568109678,78.125,78.125,2.923213852883856
session_9.csv,session_9,8,512,640,512,640,1.024,1.28,relax,0,0,0.0,False,False,1.8186120598971085,2.3315075638882905,244.48594633711434,21.0,0.0,85.69878826787583,89.84375,97.65625,2.098177901444641
session_9.csv,session_9,9,576,704,576,704,1.152,1.408,relax,0,0,0.0,False,False,2.6284669658982693,3.2305146671014757,339.8079691629474,29.0,2.0,82.15663515266459,85.9375,85.9375,14.975456759523931
session_9.csv,session_9,10,640,768,640,768,1.28,1.536,relax,0,0,0.0,False,False,2.3861991512235594,2.990008660140412,308.8383710542962,26.0,2.0,82.32737290156795,82.03125,78.125,4.6755680985736205
session_9.csv,session_9,11,704,832,704,832,1.408,1.664,relax,0,0,0.0,False,False,1.7453562511286238,2.1303607140367946,235.95525474710325,18.0,0.0,79.65565127187905,78.125,70.3125,4.750546461726778
session_9.csv,session_9,12,768,896,768,896,1.536,1.792,relax,0,0,0.0,False,True,2.806538727754341,4.086375346201109,369.9158724231055,23.0,4.0,80.69644163585757,82.03125,70.3125,3.918904326255527
session_9.csv,session_9,13,832,960,832,960,1.664,1.92,relax,0,49,0.3828125,True,True,15.246091619315056,22.770917803175518,2115.498108074224,39.0,23.0,87.13497833078753,85.9375,97.65625,580.4970076405554
session_9.csv,session_9,14,896,1024,896,1024,1.792,2.048,clench,1,113,0.8828125,True,True,25.862295381745895,30.66043421048726,3509.1135126030454,46.0,40.0,86.94029236598088,89.84375,89.84375,709.893064978379
session_9.csv,session_9,15,960,1088,960,1088,1.92,2.176,clench,1,128,1.0,False,False,19.6831588652732,23.938921523464735,2547.3232539522833,42.0,35.0,81.48576072040045,78.125,74.21875,546.0704366416159
session_9.csv,session_9,16,1024,1152,1024,1152,2.048,2.304,clench,1,128,1.0,False,False,13.4660242349061,15.891620450687984,1659.8845213019822,37.0,29.0,76.81634532259814,74.21875,74.21875,216.54343552188928
session_9.csv,session_9,17,1088,1216,1088,1216,2.176,2.432,clench,1,128,1.0,False,False,16.865871442624083,21.005610458678948,2154.3121649813975,40.0,33.0,81.3700198022433,82.03125,85.9375,326.0366839448656
session_9.csv,session_9,18,1152,1280,1152,1280,2.304,2.56,clench,1,128,1.0,False,False,19.15568969488428,23.09591095929591,2517.888350151874,44.0,36.0,85.74554202603862,85.9375,89.84375,602.1422932324384
session_9.csv,session_9,19,1216,1344,1216,1344,2.432,2.688,clench,1,128,1.0,False,False,21.09617618860107,24.831385078101828,2660.01669883457,42.0,34.0,79.62857995614537,82.03125,82.03125,432.93363839119525
session_9.csv,session_9,20,1280,1408,1280,1408,2.56,2.816,clench,1,128,1.0,False,False,22.582904003362582,26.872827186245665,2773.9858335353983,42.0,31.0,77.08113787656649,74.21875,74.21875,715.5016432407431
session_9.csv,session_9,21,1344,1472,1344,1472,2.688,2.944,clench,1,128,1.0,False,False,15.268111060946737,19.88508828110854,1971.3346624240844,46.0,27.0,80.40388181858269,82.03125,82.03125,386.1792804834808
session_9.csv,session_9,22,1408,1536,1408,1536,2.816,3.072,clench,1,128,1.0,False,False,14.992912127886934,19.121180217781486,2010.5990160925219,46.0,28.0,81.999600410434,82.03125,82.03125,288.97545285888646
session_9.csv,session_9,23,1472,1600,1472,1600,2.944,3.2,clench,1,128,1.0,False,False,21.753283801192264,27.021026800458767,2914.416355048369,45.0,31.0,88.82638293759423,89.84375,93.75,872.482276022224
session_9.csv,session_9,24,1536,1664,1536,1664,3.072,3.328,clench,1,128,1.0,False,False,20.850535967615894,25.93062979360173,2731.230027554493,44.0,33.0,86.96875435163714,89.84375,89.84375,515.9654385320098
session_9.csv,session_9,25,1600,1728,1600,1728,3.2,3.456,clench,1,128,1.0,False,False,14.326303780314023,18.084639650544464,1780.2049892281038,41.0,32.0,78.63630877732636,74.21875,74.21875,397.67583567339807
session_9.csv,session_9,26,1664,1792,1664,1792,3.328,3.584,clench,1,128,1.0,False,False,14.499055823864436,19.111931130924457,1832.8250058746637,40.0,26.0,82.18013497829685,78.125,78.125,265.02950294041193
session_9.csv,session_9,27,1728,1856,1728,1856,3.456,3.712,clench,1,128,1.0,False,False,16.13864683684894,20.81042644634007,2037.489897283816,40.0,29.0,77.36788269786257,74.21875,74.21875,494.38312537589127
session_9.csv,session_9,28,1792,1920,1792,1920,3.584,3.84,clench,1,128,1.0,False,False,12.145685057583341,15.624240789469303,1535.8104612118632,43.0,28.0,78.90368511290413,78.125,74.21875,177.3328547750302
session_9.csv,session_9,29,1856,1984,1856,1984,3.712,3.968,clench,1,128,1.0,False,False,13.46842280449987,16.889183116191436,1714.4815194661765,43.0,28.0,83.91799637733878,85.9375,85.9375,261.82658626702437
session_9.csv,session_9,30,1920,2048,1920,2048,3.84,4.096,clench,1,128,1.0,False,False,16.258737651641162,19.856894494606795,2101.7073197807945,43.0,34.0,81.5082626024971,82.03125,78.125,493.7882662462012
session_9.csv,session_9,31,1984,2112,1984,2112,3.968,4.224,clench,1,128,1.0,False,False,12.218640127416215,15.385403885175965,1594.214306563008,43.0,27.0,79.22754381468505,74.21875,74.21875,142.59791859762106
session_9.csv,session_9,32,2048,2176,2048,2176,4.096,4.352,clench,1,128,1.0,False,False,9.858321904557737,11.757490675959344,1265.7021425786934,42.0,21.0,84.55220856820112,85.9375,82.03125,107.58093390045866
session_9.csv,session_9,33,2112,2240,2112,2240,4.224,4.48,clench,1,128,1.0,False,False,9.73472408086522,11.891368939202064,1274.7940339295415,44.0,22.0,82.82488449781414,82.03125,78.125,149.12186434638681
session_9.csv,session_9,34,2176,2304,2176,2304,4.352,4.608,clench,1,128,1.0,False,True,6.531673441060285,8.430902869065555,874.9073863362623,44.0,19.0,83.5503319362555,85.9375,89.84375,34.07412210782284
session_9.csv,session_9,35,2240,2368,2240,2368,4.48,4.736,clench,1,70,0.546875,True,True,4.291012289992168,5.324474660623528,551.0601494660086,36.0,10.0,80.3297423150547,82.03125,82.03125,46.13291439239643
session_9.csv,session_9,36,2304,2432,2304,2432,4.608,4.864,relax,0,6,0.046875,True,True,3.2542322773093257,4.385088930304942,413.95766577895324,29.0,5.0,82.34881566770382,82.03125,93.75,5.234814678237603
session_9.csv,session_9,37,2368,2496,2368,2496,4.736,4.992,relax,0,0,0.0,False,False,2.6326566993037064,3.32851803250757,352.36105373498424,31.0,3.0,83.70738452436832,82.03125,74.21875,16.59562111439052
session_9.csv,session_9,38,2432,2560,2432,2560,4.864,5.12,relax,0,0,0.0,False,False,2.0374739645850903,2.547477057274963,270.0558455366224,22.0,0.0,81.39226287193874,82.03125,78.125,5.888449388370831
session_9.csv,session_9,39,2496,2624,2496,2624,4.992,5.248,relax,0,0,0.0,False,False,1.8569102528628294,2.250003519827242,243.41734315807355,22.0,0.0,77.75559871154499,78.125,78.125,4.126938300330294
session_9.csv,session_9,40,2560,2688,2560,2688,5.12,5.376,relax,0,0,0.0,False,False,2.9239991054937624,3.639710966981515,379.11482646942125,33.0,2.0,79.53979156664998,82.03125,82.03125,9.327523369144545
session_9.csv,session_9,41,2624,2752,2624,2752,5.248,5.504,relax,0,0,0.0,False,False,3.175107223396001,3.879749797586402,402.3383284016991,32.0,3.0,83.7139981036246,85.9375,89.84375,16.852430979806247
session_9.csv,session_9,42,2688,2816,2688,2816,5.376,5.632,relax,0,0,0.0,False,False,2.7523053540838864,3.2426158619911654,356.71223559519024,33.0,2.0,84.82960429245942,89.84375,89.84375,9.957078014938928
session_9.csv,session_9,43,2752,2880,2752,2880,5.504,5.76,relax,0,0,0.0,False,False,2.46190876882251,3.014075326278098,334.3987037144167,30.0,2.0,84.59474153894523,89.84375,97.65625,6.204583861984126
session_9.csv,session_9,44,2816,2944,2816,2944,5.632,5.888,relax,0,0,0.0,False,False,2.728911997314321,3.4169913466589286,361.01158396377105,28.0,4.0,82.1948880260016,85.9375,93.75,7.63154409282409
session_9.csv,session_9,45,2880,3008,2880,3008,5.76,6.016,relax,0,37,0.2890625,True,True,7.806846307751978,11.618493238059154,1084.328047190349,37.0,19.0,84.3616030243941,82.03125,82.03125,59.8438483004684
session_9.csv,session_9,46,2944,3072,2944,3072,5.888,6.144,clench,1,101,0.7890625,True,True,16.44965629320687,21.17242339812261,2166.504919665623,43.0,34.0,78.71005564929267,82.03125,70.3125,450.94089743169565
session_9.csv,session_9,47,3008,3136,3008,3136,6.016,6.272,clench,1,128,1.0,False,False,18.19292173890554,22.552875100528066,2374.5654090190037,39.0,38.0,79.01993265968797,78.125,82.03125,356.4386664728576
session_9.csv,session_9,48,3072,3200,3072,3200,6.144,6.4,clench,1,128,1.0,False,False,19.245598946165618,23.508260154036268,2561.9270596561087,42.0,35.0,81.18176943506975,78.125,74.21875,548.8692664810393
session_9.csv,session_9,49,3136,3264,3136,3264,6.272,6.528,clench,1,128,1.0,False,False,20.668110081479664,24.742677765257707,2843.810627436082,48.0,37.0,86.60092890945609,89.84375,89.84375,495.65207875319044
session_9.csv,session_9,50,3200,3328,3200,3328,6.4,6.656,clench,1,128,1.0,False,False,16.79219289654522,20.51161564206661,2279.9485429698793,47.0,32.0,83.04333215305006,85.9375,85.9375,199.58871905510114
session_9.csv,session_9,51,3264,3392,3264,3392,6.528,6.784,clench,1,128,1.0,False,False,14.200960905354622,17.820759154733476,1832.8129610992905,44.0,32.0,84.39507846648682,85.9375,85.9375,274.7354297035748
session_9.csv,session_9,52,3328,3456,3328,3456,6.656,6.912,clench,1,128,1.0,False,False,15.508531464196276,18.93200913322214,2005.3593591446163,45.0,37.0,83.43029726886562,82.03125,78.125,518.0862882323596
session_9.csv,session_9,53,3392,3520,3392,3520,6.784,7.04,clench,1,128,1.0,False,False,16.72619640474138,19.59807621755577,2190.7671764482307,45.0,36.0,86.9467903334366,89.84375,89.84375,419.5552508003065
session_9.csv,session_9,54,3456,3584,3456,3584,6.912,7.168,clench,1,128,1.0,False,False,13.905530953073328,16.835479463876755,1856.3440847570364,44.0,33.0,83.65292306082911,82.03125,82.03125,256.7364384122398
session_9.csv,session_9,55,3520,3648,3520,3648,7.04,7.296,clench,1,118,0.921875,True,True,8.128723481681195,11.446920603251744,1039.12305293474,35.0,18.0,82.16017076444231,78.125,78.125,76.09955914562184
session_9.csv,session_9,56,3584,3712,3584,3712,7.168,7.424,relax,0,54,0.421875,True,True,3.827397662633521,5.105747803996964,473.05828823753416,30.0,5.0,86.2063922477172,89.84375,97.65625,13.016794608890281
session_9.csv,session_9,57,3648,3776,3648,3776,7.296,7.552,relax,0,0,0.0,False,True,3.4342885343100678,4.323629216392476,470.8117981878423,36.0,6.0,79.03929444374036,78.125,70.3125,18.917805145138587
session_9.csv,session_9,58,3712,3840,3712,3840,7.424,7.68,relax,0,0,0.0,False,False,3.480283072246051,4.232075774777641,480.28169716254945,38.0,6.0,76.37696421115282,74.21875,70.3125,12.04362436828634
session_9.csv,session_9,59,3776,3904,3776,3904,7.552,7.808,relax,0,0,0.0,False,False,3.788678175867168,4.633581045142661,480.18257495676266,34.0,8.0,81.70159370018105,82.03125,82.03125,23.20413905881373
session_9.csv,session_9,60,3840,3968,3840,3968,7.68,7.936,relax,0,0,0.0,False,False,4.763867652034642,5.918964516506245,608.0483674857484,38.0,12.0,76.94082362200521,78.125,82.03125,36.14957148042399
session_9.csv,session_9,61,3904,4032,3904,4032,7.808,8.064,relax,0,0,0.0,False,False,4.138365201152035,5.311424499996523,528.0330211909733,35.0,7.0,83.11187790785768,82.03125,74.21875,11.270740295854809
session_9.csv,session_9,62,3968,4096,3968,4096,7.936,8.192,relax,0,0,0.0,False,False,3.2246402133511136,3.953585769835256,418.85054610190036,33.0,4.0,79.57390197437972,74.21875,70.3125,12.17690496765063
session_9.csv,session_9,63,4032,4160,4032,4160,8.064,8.32,relax,0,0,0.0,False,False,3.284478511647289,3.981797847588203,415.2597910874118,34.0,4.0,83.20152377025116,85.9375,85.9375,15.535941503446209
session_9.csv,session_9,64,4096,4224,4096,4224,8.192,8.448,relax,0,0,0.0,False,False,3.1483571630077245,3.9024542385674366,407.89001710058244,32.0,4.0,81.5703450866618,78.125,78.125,14.9453332023326
session_9.csv,session_9,65,4160,4288,4160,4288,8.32,8.576,relax,0,0,0.0,False,False,3.0538798883885487,4.001173501355647,410.21704059679905,27.0,6.0,82.20219335820956,78.125,74.21875,17.30121166821584
session_9.csv,session_9,66,4224,4352,4224,4352,8.448,8.704,relax,0,0,0.0,False,False,2.7173873280922667,3.693504555545758,362.1208629377195,26.0,3.0,83.89394394541588,85.9375,89.84375,12.774615413731324
session_9.csv,session_9,67,4288,4416,4288,4416,8.576,8.832,relax,0,0,0.0,False,False,2.992944812115102,4.158786372787793,411.38431174884624,32.0,4.0,83.46524165317284,82.03125,85.9375,13.503446917695133
session_9.csv,session_9,68,4352,4480,4352,4480,8.704,8.96,relax,0,0,0.0,False,False,3.0344537805883673,4.06013181660115,418.5330766024447,33.0,8.0,85.10578845385214,85.9375,85.9375,8.883088868439696
session_9.csv,session_9,69,4416,4544,4416,4544,8.832,9.088,relax,0,0,0.0,False,False,2.688876835085453,3.2565002119214297,360.60991245301295,34.0,5.0,83.85951072862049,85.9375,97.65625,8.23875976547572
session_9.csv,session_9,70,4480,4608,4480,4608,8.96,9.216,relax,0,0,0.0,False,False,3.4190580236017665,4.312044741741488,455.10574168263054,39.0,8.0,85.30073999474754,89.84375,78.125,24.499907787487146
session_9.csv,session_9,71,4544,4672,4544,4672,9.088,9.344,relax,0,0,0.0,False,True,4.108183124610801,5.500010832536321,567.5725523175435,37.0,11.0,88.09080585506852,89.84375,89.84375,17.24770796656578
session_9.csv,session_9,72,4608,4736,4608,4736,9.216,9.472,relax,0,48,0.375,True,True,17.918225109808027,27.662849865397316,2289.9845669468814,36.0,21.0,80.8906850129526,82.03125,78.125,883.1852723579061
session_9.csv,session_9,73,4672,4800,4672,4800,9.344,9.6,clench,1,112,0.875,True,True,26.971747712679907,32.87245485081184,3360.736718753505,40.0,34.0,77.53096323990121,74.21875,74.21875,779.7899334697958
session_9.csv,session_9,74,4736,4864,4736,4864,9.472,9.728,clench,1,128,1.0,False,False,16.63182855637723,20.678244382493524,2105.831768551353,42.0,30.0,81.65552109154179,82.03125,82.03125,360.7457433069463
session_9.csv,session_9,75,4800,4928,4800,4928,9.6,9.856,clench,1,128,1.0,False,False,11.548959391013746,14.01244300005552,1507.9816005863763,43.0,26.0,78.09006217350797,74.21875,85.9375,64.74776062660762
session_9.csv,session_9,76,4864,4992,4864,4992,9.728,9.984,clench,1,128,1.0,False,False,14.496788196386902,17.404289274900805,1806.4987851968008,43.0,28.0,79.26607463730997,78.125,78.125,235.8177205479265
session_9.csv,session_9,77,4928,5056,4928,5056,9.856,10.112,clench,1,128,1.0,False,False,13.573720375163058,16.809411144833728,1651.701262464639,40.0,26.0,77.38990496332255,74.21875,74.21875,359.83150497730765
session_9.csv,session_9,78,4992,5120,4992,5120,9.984,10.24,clench,1,97,0.7578125,True,True,8.348565551013138,10.724296086656189,1039.454666685179,39.0,18.0,79.34777946331073,78.125,74.21875,88.93734218141756
session_9.csv,session_9,79,5056,5184,5056,5184,10.112,10.368,relax,0,33,0.2578125,True,True,5.115022812648787,6.8370047914744,644.940623034304,34.0,10.0,80.31782578857478,78.125,82.03125,27.893749627134493
session_9.csv,session_9,80,5120,5248,5120,5248,10.24,10.496,relax,0,0,0.0,False,False,3.225142477769479,4.225816512167703,425.37804956550565,29.0,6.0,84.47676440988306,89.84375,93.75,11.674004118335533
session_9.csv,session_9,81,5184,5312,5184,5312,10.368,10.624,relax,0,0,0.0,False,False,2.289811757333352,2.805704865617109,310.13038532237556,23.0,3.0,83.49268765637417,85.9375,89.84375,4.612664712365728
session_9.csv,session_9,82,5248,5376,5248,5376,10.496,10.752,relax,0,0,0.0,False,False,2.332044358738548,3.070021314089283,298.1132621815217,25.0,0.0,87.91052022927654,89.84375,89.84375,6.810629671118027
session_9.csv,session_9,83,5312,5440,5312,5440,10.624,10.88,relax,0,0,0.0,False,False,2.5861658801554572,3.3591569511014945,322.56722215555897,27.0,0.0,77.25849573364478,78.125,74.21875,14.743392457370085
session_9.csv,session_9,84,5376,5504,5376,5504,10.752,11.008,relax,0,0,0.0,False,False,2.0324257853578773,2.5271609831705755,267.1553687214148,21.0,0.0,79.45907218267807,82.03125,82.03125,6.039384556099039
session_9.csv,session_9,85,5440,5568,5440,5568,10.88,11.136,relax,0,0,0.0,False,False,2.270845862243638,3.0429532098311993,309.75553994104666,26.0,1.0,88.12317712808365,89.84375,89.84375,5.227828445910592
session_9.csv,session_9,86,5504,5632,5504,5632,11.008,11.264,relax,0,0,0.0,False,False,2.661368753104126,3.552608357980232,357.6976689256056,25.0,4.0,83.26917038274887,85.9375,97.65625,14.99855481609864
session_9.csv,session_9,87,5568,5696,5568,5696,11.136,11.392,relax,0,0,0.0,False,False,2.366473765182117,3.1603353996461108,307.69948911035783,19.0,5.0,87.31694985440087,89.84375,93.75,12.79849885192236
session_9.csv,session_9,88,5632,5760,5632,5760,11.264,11.52,relax,0,0,0.0,False,False,2.914805210696966,3.8935136726448625,374.7360894124364,24.0,5.0,81.17748757523015,82.03125,89.84375,6.860989514158061
session_9.csv,session_9,89,5696,5824,5696,5824,11.392,11.648,relax,0,0,0.0,False,False,3.315710769620744,4.191671042419593,428.15227393356975,29.0,6.0,80.73875551066426,82.03125,85.9375,21.179136208832382
session_9.csv,session_9,90,5760,5888,5760,5888,11.52,11.776,relax,0,0,0.0,False,False,2.7119126385552494,3.326746701500917,351.540159265865,28.0,4.0,77.64293794487979,78.125,78.125,8.848661202335714
session_9.csv,session_9,91,5824,5952,5824,5952,11.648,11.904,relax,0,0,0.0,False,False,2.5251573607183113,3.0938718949556887,332.665896095534,30.0,3.0,79.70615283869157,78.125,89.84375,6.889914967414736
session_9.csv,session_9,92,5888,6016,5888,6016,11.776,12.032,relax,0,0,0.0,False,False,2.5874196852611204,3.240574591062117,334.0808941933285,28.0,3.0,80.16566874940456,78.125,78.125,5.090404717146338
session_9.csv,session_9,93,5952,6080,5952,6080,11.904,12.16,relax,0,0,0.0,False,False,2.609079287052353,3.2429124456302025,326.90132835907036,25.0,3.0,79.09539198811213,78.125,82.03125,9.616320755061054
session_9.csv,session_9,94,6016,6144,6016,6144,12.032,12.288,relax,0,0,0.0,False,False,2.494765012758071,3.0615229985245436,317.1071924705187,24.0,2.0,79.89121615992006,82.03125,82.03125,13.223207391448103
session_9.csv,session_9,95,6080,6208,6080,6208,12.16,12.416,relax,0,0,0.0,False,False,4.313832040659068,6.750176683904658,560.627216614031,32.0,8.0,82.75473956791588,82.03125,93.75,8.41146616164678
session_9.csv,session_9,96,6144,6272,6144,6272,12.288,12.544,relax,0,16,0.125,True,True,17.77631507868451,25.51147578409652,2200.885412794327,41.0,22.0,79.85195256814295,78.125,74.21875,700.0418160476648
session_9.csv,session_9,97,6208,6336,6208,6336,12.416,12.672,clench,1,80,0.625,True,True,30.56670596010178,36.47448225556525,3814.2330076313333,40.0,31.0,80.74249055935167,78.125,78.125,857.1599084482729
session_9.csv,session_9,98,6272,6400,6272,6400,12.544,12.8,clench,1,128,1.0,False,True,30.663934318633906,36.19686728900071,3979.721554197039,43.0,37.0,81.09509596659314,78.125,78.125,1723.770393490691
session_9.csv,session_9,99,6336,6464,6336,6464,12.672,12.928,clench,1,128,1.0,False,False,22.18902234998352,28.117999064012356,2896.7001567897814,42.0,30.0,81.88247284941039,82.03125,82.03125,633.0947240796761
session_9.csv,session_9,100,6400,6528,6400,6528,12.8,13.056,clench,1,128,1.0,False,False,15.525885767578846,19.970492451704875,1981.3714989391437,41.0,28.0,81.59505300635395,82.03125,70.3125,174.48733225928035
session_9.csv,session_9,101,6464,6592,6464,6592,12.928,13.184,clench,1,128,1.0,False,False,14.464757921452525,18.150075077691145,1849.8510516589904,41.0,30.0,78.86970963205553,74.21875,74.21875,430.07101047298926
session_9.csv,session_9,102,6528,6656,6528,6656,13.056,13.312,clench,1,128,1.0,False,False,13.65761450553833,16.902282028473685,1798.4861218771357,45.0,30.0,84.16962330168526,82.03125,78.125,227.8395674750946
session_9.csv,session_9,103,6592,6720,6592,6720,13.184,13.44,clench,1,128,1.0,False,False,12.063726379283217,15.26327051022931,1613.3566963960893,46.0,30.0,85.5501207307486,89.84375,89.84375,239.9772750856905
session_9.csv,session_9,104,6656,6784,6656,6784,13.312,13.568,clench,1,128,1.0,False,False,11.972520407315654,16.472533876893127,1545.9452420489692,41.0,21.0,80.26565045159718,82.03125,85.9375,293.76062905405365
session_9.csv,session_9,105,6720,6848,6720,6848,13.44,13.696,clench,1,128,1.0,False,False,13.622155619108423,17.660825957478682,1713.7730367895033,39.0,24.0,78.94172037373644,78.125,74.21875,137.66680367330946
session_9.csv,session_9,106,6784,6912,6784,6912,13.568,13.824,clench,1,128,1.0,False,False,11.842141885246797,14.160506610742477,1593.3554547369672,45.0,35.0,84.64741395013417,89.84375,97.65625,210.4968111783419
session_9.csv,session_9,107,6848,6976,6848,6976,13.696,13.952,clench,1,128,1.0,False,False,9.664559839286673,11.907174266720718,1328.1772786530046,42.0,31.0,86.16765927716304,93.75,93.75,70.58064520927685
session_9.csv,session_9,108,6912,7040,6912,7040,13.824,14.08,clench,1,128,1.0,False,False,11.565863081407915,14.055105241002668,1505.680112940846,40.0,26.0,84.7699984223506,85.9375,85.9375,201.04037416108346
session_9.csv,session_9,109,6976,7104,6976,7104,13.952,14.208,clench,1,128,1.0,False,False,12.065846321582042,14.475027162151248,1546.2592456700454,43.0,27.0,81.34789280745633,82.03125,78.125,185.9784262468849
session_9.csv,session_9,110,7040,7168,7040,7168,14.08,14.336,clench,1,128,1.0,False,False,8.199054139525254,10.409283344924939,1057.8194627251814,41.0,22.0,77.43529558742532,74.21875,70.3125,100.61780108077488
session_9.csv,session_9,111,7104,7232,7104,7232,14.208,14.464,clench,1,128,1.0,False,False,8.19986802552337,10.32572746008986,1042.1138289042567,38.0,20.0,80.23280064328003,78.125,78.125,83.06264097440707
session_9.csv,session_9,112,7168,7296,7168,7296,14.336,14.592,clench,1,128,1.0,False,False,10.680607893249542,13.140163483890529,1433.8738130036159,43.0,27.0,86.77339874431956,93.75,93.75,182.71306333336517
session_9.csv,session_9,113,7232,7360,7232,7360,14.464,14.72,clench,1,128,1.0,False,False,10.452581205353974,12.785899270543027,1363.556599464384,44.0,23.0,83.50878077137234,89.84375,97.65625,108.28245605093124
session_9.csv,session_9,114,7296,7424,7296,7424,14.592,14.848,clench,1,128,1.0,False,False,5.626211909365308,8.105000099220437,691.9032282394795,32.0,6.0,77.56678549836448,78.125,74.21875,72.73392160920879
session_9.csv,session_9,115,7360,7488,7360,7488,14.72,14.976,clench,1,96,0.75,True,True,3.823675163621754,4.992112247608145,483.6889277776537,32.0,6.0,79.40128613431494,70.3125,70.3125,25.294902552439144
session_9.csv,session_9,116,7424,7552,7424,7552,14.848,15.104,relax,0,32,0.25,True,True,4.654918749990878,5.56573063453661,585.610487780162,40.0,7.0,83.18473729163668,85.9375,85.9375,27.27686752039757
session_9.csv,session_9,117,7488,7616,7488,7616,14.976,15.232,relax,0,0,0.0,False,False,3.052523050111481,3.731962188735106,412.3241332481098,34.0,3.0,79.19010135659042,78.125,74.21875,8.693816070979437
session_9.csv,session_9,118,7552,7680,7552,7680,15.104,15.36,relax,0,0,0.0,False,False,2.3846626792140437,2.958615347071172,337.0982904376509,30.0,2.0,82.32798490480316,89.84375,93.75,3.7870544744779564
session_9.csv,session_9,119,7616,7744,7616,7744,15.232,15.488,relax,0,0,0.0,False,False,2.125185105926417,2.643359048517855,279.03099222698154,21.0,0.0,78.84481954796208,78.125,66.40625,8.47440165822622
session_9.csv,session_9,120,7680,7808,7680,7808,15.36,15.616,relax,0,0,0.0,False,False,2.043946285038502,2.5864599128507666,266.41621989928467,20.0,1.0,80.65935835575334,82.03125,85.9375,3.59271473774949
session_9.csv,session_9,121,7744,7872,7744,7872,15.488,15.744,relax,0,0,0.0,False,False,2.0244126504523194,2.5402059877957344,274.8157797338728,25.0,1.0,80.35515813964454,82.03125,78.125,3.674144846541943
session_9.csv,session_9,122,7808,7936,7808,7936,15.616,15.872,relax,0,0,0.0,False,False,2.154956047429402,2.8014557219396163,279.02308444216067,24.0,0.0,80.2506121594198,78.125,78.125,4.323505050495408
session_9.csv,session_9,123,7872,8000,7872,8000,15.744,16.0,relax,0,0,0.0,False,False,2.8644883449742817,3.535014569536967,374.7103540705242,33.0,1.0,78.41810763183487,78.125,78.125,9.675870493808137
session_9.csv,session_9,124,7936,8064,7936,8064,15.872,16.128,relax,0,1,0.0078125,True,True,8.54188912329727,16.53381166470666,1143.3748506777451,39.0,9.0,82.52421116919788,85.9375,93.75,20.12868090040483
session_9.csv,session_9,125,8000,8128,8000,8128,16.0,16.256,clench,1,65,0.5078125,True,True,16.056786377940888,23.200989063135815,2106.5543152350147,41.0,23.0,84.99662492994521,85.9375,89.84375,833.7919956466461
session_9.csv,session_9,126,8064,8192,8064,8192,16.128,16.384,clench,1,128,1.0,False,True,17.20144219813215,21.403188685186528,2237.288955065226,43.0,29.0,80.38443691690517,78.125,78.125,255.93529642518914
session_9.csv,session_9,127,8128,8256,8128,8256,16.256,16.512,clench,1,128,1.0,False,False,18.388681688908,22.10541435146693,2540.1431315609925,46.0,38.0,85.75105848645276,85.9375,82.03125,490.7272499802451
session_9.csv,session_9,128,8192,8320,8192,8320,16.384,16.64,clench,1,128,1.0,False,False,17.969794193339837,22.120866564267033,2359.0862748302916,40.0,34.0,83.8223499280106,82.03125,93.75,451.7166808958214
session_9.csv,session_9,129,8256,8384,8256,8384,16.512,16.768,clench,1,128,1.0,False,False,12.251393570923323,15.808050388091768,1517.877179783472,39.0,27.0,77.08921508164485,74.21875,70.3125,92.74141111565031
session_9.csv,session_9,130,8320,8448,8320,8448,16.64,16.896,clench,1,128,1.0,False,False,10.564059493859485,13.271563841800154,1368.219309776097,43.0,27.0,83.93839026867236,82.03125,97.65625,188.06252542745278
session_9.csv,session_9,131,8384,8512,8384,8512,16.768,17.024,clench,1,128,1.0,False,False,11.93010591917218,15.135551453731154,1473.0958999590448,41.0,25.0,80.39177957217632,74.21875,74.21875,255.7059868090109
session_9.csv,session_9,132,8448,8576,8448,8576,16.896,17.152,clench,1,128,1.0,False,False,12.288826112179663,15.004405205358324,1580.3112144151528,43.0,29.0,84.2978489719757,85.9375,78.125,150.97983704379666
session_9.csv,session_9,133,8512,8640,8512,8640,17.024,17.28,clench,1,128,1.0,False,False,12.49221652487637,15.013485923791432,1600.7539858725067,40.0,28.0,83.08691371326564,82.03125,82.03125,186.24890582808834
session_9.csv,session_9,134,8576,8704,8576,8704,17.152,17.408,clench,1,128,1.0,False,False,9.946559903302632,12.892918435030444,1258.26943093952,38.0,22.0,81.16469155580037,85.9375,85.9375,185.41746905552205
session_9.csv,session_9,135,8640,8768,8640,8768,17.28,17.536,clench,1,128,1.0,False,False,7.225695035513265,9.232418538800383,969.8412606699089,40.0,22.0,81.32669790806357,82.03125,82.03125,63.092253877691725
session_9.csv,session_9,136,8704,8832,8704,8832,17.408,17.664,clench,1,102,0.796875,True,True,5.211130881809093,6.659009130843626,684.533811848545,37.0,14.0,81.28209676396965,82.03125,82.03125,41.75691899712729
session_9.csv,session_9,137,8768,8896,8768,8896,17.536,17.792,relax,0,38,0.296875,True,True,4.082396440599022,4.810010075188914,498.08820812458043,35.0,8.0,78.91987195147517,78.125,78.125,24.021989197517183
session_9.csv,session_9,138,8832,8960,8832,8960,17.664,17.92,relax,0,0,0.0,False,False,4.468496242912179,5.541253400422868,554.6291474858849,32.0,12.0,83.26503089356895,82.03125,78.125,30.56933504554678
session_9.csv,session_9,139,8896,9024,8896,9024,17.792,18.048,relax,0,0,0.0,False,False,3.6982447409242827,4.763218957184868,491.2090740284001,35.0,9.0,79.21516861818407,78.125,82.03125,17.010818105647285
session_9.csv,session_9,140,8960,9088,8960,9088,17.92,18.176,relax,0,0,0.0,False,False,2.6622730296404056,3.219769399480066,368.38641070030747,33.0,3.0,89.96910236843797,93.75,97.65625,8.116521415053104
session_9.csv,session_9,141,9024,9152,9024,9152,18.048,18.304,relax,0,0,0.0,False,False,2.841125015511932,3.530621050380291,371.06703132277664,30.0,3.0,81.88417386337144,82.03125,82.03125,16.84697379879884
session_9.csv,session_9,142,9088,9216,9088,9216,18.176,18.432,relax,0,0,0.0,False,False,2.737211439397706,3.3666164383933963,363.70748094192595,32.0,4.0,84.99833994663236,85.9375,89.84375,6.096853346582093
session_9.csv,session_9,143,9152,9280,9152,9280,18.304,18.56,relax,0,0,0.0,False,False,2.375956790520262,2.9386103332109026,325.1716699137131,28.0,2.0,85.30778207658167,89.84375,89.84375,7.967920365103169
session_9.csv,session_9,144,9216,9344,9216,9344,18.432,18.688,relax,0,0,0.0,False,False,2.6729321163127633,3.399180981974558,356.75182162901433,30.0,1.0,80.65066797659725,78.125,74.21875,9.817367624059344
session_9.csv,session_9,145,9280,9408,9280,9408,18.56,18.816,relax,0,0,0.0,False,False,2.430917228800565,3.0918453512280304,324.21237432143016,27.0,0.0,84.87377748281425,85.9375,78.125,5.995761295486735
session_9.csv,session_9,146,9344,9472,9344,9472,18.688,18.944,relax,0,0,0.0,False,False,2.8516464353498483,3.481213065050633,372.0107003694487,33.0,1.0,84.0380789723339,85.9375,89.84375,9.787062850178161
session_9.csv,session_9,147,9408,9536,9408,9536,18.816,19.072,relax,0,0,0.0,False,False,3.687171567386657,4.49315583907797,462.637229556076,38.0,3.0,78.54155109685117,78.125,78.125,16.44548786314295
session_9.csv,session_9,148,9472,9600,9472,9600,18.944,19.2,relax,0,37,0.2890625,True,True,8.479165123093477,13.008408338119393,1148.9209338301198,42.0,16.0,85.88922745229016,89.84375,78.125,97.60608385734167
session_9.csv,session_9,149,9536,9664,9536,9664,19.072,19.328,clench,1,101,0.7890625,True,True,18.715448852726393,24.70407888127944,2499.5907088639046,46.0,32.0,85.64793353611198,85.9375,97.65625,374.15203853854155
session_9.csv,session_9,150,9600,9728,9600,9728,19.2,19.456,clench,1,128,1.0,False,False,24.127649395868207,29.43098797271409,3010.6584942535605,41.0,31.0,80.45735157239628,78.125,74.21875,782.7774059065868
session_9.csv,session_9,151,9664,9792,9664,9792,19.328,19.584,clench,1,128,1.0,False,False,24.099369314802207,29.478360511383297,3016.448925915469,40.0,27.0,82.22018452666715,82.03125,85.9375,1202.9638928522452
session_9.csv,session_9,152,9728,9856,9728,9856,19.456,19.712,clench,1,128,1.0,False,False,20.291574576329403,25.39892394481108,2619.323347379357,43.0,31.0,82.44877358759763,85.9375,85.9375,234.62005015671903
session_9.csv,session_9,153,9792,9920,9792,9920,19.584,19.84,clench,1,128,1.0,False,False,16.306035208460038,20.19190024620534,2084.984687874339,41.0,32.0,84.91256897664151,85.9375,82.03125,428.31834730832617
session_9.csv,session_9,154,9856,9984,9856,9984,19.712,19.968,clench,1,128,1.0,False,False,17.48455068550279,21.851059341879562,2204.236282982848,42.0,35.0,76.60625239969734,78.125,82.03125,340.3458894422393
session_9.csv,session_9,155,9920,10048,9920,10048,19.84,20.096,clench,1,128,1.0,False,False,17.9044267039953,21.986544773235362,2275.042676721686,44.0,35.0,81.02100848717969,82.03125,74.21875,386.64301280543634
session_9.csv,session_9,156,9984,10112,9984,10112,19.968,20.224,clench,1,128,1.0,False,False,13.625005099546371,17.35609487495474,1689.151588307142,39.0,28.0,76.56883915695082,74.21875,70.3125,381.5149319271808
session_9.csv,session_9,157,10048,10176,10048,10176,20.096,20.352,clench,1,128,1.0,False,False,11.228001579510236,13.71117537047275,1428.45879388198,39.0,26.0,81.71867696353564,85.9375,93.75,167.1694510659325
session_9.csv,session_9,158,10112,10240,10112,10240,20.224,20.48,clench,1,128,1.0,False,False,14.118738547072342,16.63680971313802,1802.7487217023818,43.0,29.0,78.7246050196908,78.125,78.125,213.9335059525379
session_9.csv,session_9,159,10176,10304,10176,10304,20.352,20.608,clench,1,128,1.0,False,False,15.09738677577672,17.877031095600582,1888.5815575672518,41.0,33.0,84.23343195598947,85.9375,85.9375,389.0473578081243
session_9.csv,session_9,160,10240,10368,10240,10368,20.48,20.736,clench,1,128,1.0,False,False,9.375360579405996,13.01486363549784,1227.6771293089023,41.0,25.0,77.45305020883315,82.03125,82.03125,70.47930862481185
session_9.csv,session_9,161,10304,10432,10304,10432,20.608,20.864,clench,1,128,1.0,False,True,5.676481961409628,7.964206530798466,785.7311624733562,37.0,13.0,87.70815633867119,89.84375,89.84375,71.52007356416699
session_9.csv,session_9,162,10368,10496,10368,10496,20.736,20.992,clench,1,88,0.6875,True,True,5.764653186990946,7.964965712185106,768.6875906107218,37.0,10.0,76.62860188159567,70.3125,66.40625,30.49622468448699
session_9.csv,session_9,163,10432,10560,10432,10560,20.864,21.12,relax,0,24,0.1875,True,True,3.843100792217828,4.728291419017159,495.3165207483553,37.0,7.0,86.92866196447027,89.84375,93.75,13.3603258968699
session_9.csv,session_9,164,10496,10624,10496,10624,20.992,21.248,relax,0,0,0.0,False,False,3.576067407483065,4.284239101137697,473.26133540562137,37.0,5.0,84.57490732121201,89.84375,93.75,18.830332683157664
session_9.csv,session_9,165,10560,10688,10560,10688,21.12,21.376,relax,0,0,0.0,False,False,4.566091077161874,5.6642127709917585,596.8546579481939,40.0,4.0,81.82267822292805,85.9375,89.84375,36.050648528632685
session_9.csv,session_9,166,10624,10752,10624,10752,21.248,21.504,relax,0,0,0.0,False,False,4.411529465978863,5.525949409637672,547.5148625448782,37.0,6.0,79.60964593504475,78.125,78.125,26.442648751971966
session_9.csv,session_9,167,10688,10816,10688,10816,21.376,21.632,relax,0,0,0.0,False,False,3.3633001546521735,4.190215803872899,425.3115805943347,31.0,7.0,78.92767592622222,78.125,70.3125,11.067638074017768
session_9.csv,session_9,168,10752,10880,10752,10880,21.504,21.76,relax,0,0,0.0,False,False,3.234993685936579,4.1170984977099865,407.45997713763154,25.0,6.0,79.09008355606301,78.125,82.03125,11.605157163312422
session_9.csv,session_9,169,10816,10944,10816,10944,21.632,21.888,relax,0,0,0.0,False,False,3.7361109048439465,4.500912416611476,461.11317098414975,31.0,7.0,75.87477983903801,78.125,82.03125,17.39163326191529
session_9.csv,session_9,170,10880,11008,10880,11008,21.76,22.016,relax,0,0,0.0,False,False,4.2135130276087045,4.967057058604231,514.0860005529757,37.0,9.0,77.0500080133976,78.125,78.125,16.460745687706012
session_9.csv,session_9,171,10944,11072,10944,11072,21.888,22.144,relax,0,24,0.1875,True,True,12.020418267547981,18.277043921614204,1555.5093165091064,40.0,22.0,84.54153799172553,85.9375,89.84375,259.88483220488007
session_9.csv,session_9,172,11008,11136,11008,11136,22.016,22.272,clench,1,88,0.6875,True,True,17.022290772895744,21.729105718140207,2223.6997116573802,44.0,30.0,80.31994700517726,78.125,74.21875,381.8438391273256
session_9.csv,session_9,173,11072,11200,11072,11200,22.144,22.4,clench,1,128,1.0,False,True,15.855669229914405,19.538843324821666,2138.800014868382,44.0,32.0,86.38947679984875,85.9375,82.03125,468.6734857412602
session_9.csv,session_9,174,11136,11264,11136,11264,22.272,22.528,clench,1,128,1.0,False,False,15.078248218030788,18.72214835998299,2022.4761364292253,45.0,30.0,83.02167181754474,82.03125,82.03125,196.6642298420478
session_9.csv,session_9,175,11200,11328,11200,11328,22.4,22.656,clench,1,128,1.0,False,False,14.49128058120294,19.282258411573597,1865.5669702352393,42.0,24.0,81.51332066439943,82.03125,82.03125,333.92216514517577
session_9.csv,session_9,176,11264,11392,11264,11392,22.528,22.784,clench,1,128,1.0,False,False,14.63790410370737,19.478915180082513,1880.781580048022,41.0,25.0,79.39384500298071,74.21875,74.21875,346.179921808969
session_9.csv,session_9,177,11328,11456,11328,11456,22.656,22.912,clench,1,128,1.0,False,False,17.12060882471891,21.03612900220825,2257.651512098921,45.0,33.0,85.1048341283995,85.9375,85.9375,416.0247305817709
session_9.csv,session_9,178,11392,11520,11392,11520,22.784,23.04,clench,1,128,1.0,False,False,18.370305969021295,21.802928250812244,2403.9632285102452,44.0,36.0,81.87912025561347,82.03125,82.03125,498.556003184993
session_9.csv,session_9,179,11456,11584,11456,11584,22.912,23.168,clench,1,128,1.0,False,False,12.53192223435616,15.4561905308118,1630.7669109467301,44.0,30.0,81.77145873856787,82.03125,82.03125,151.95394817530376
session_9.csv,session_9,180,11520,11648,11520,11648,23.04,23.296,clench,1,128,1.0,False,False,9.241223123109005,11.525423833806977,1245.98964610852,46.0,29.0,81.11572773912717,78.125,78.125,143.00878313163958
session_9.csv,session_9,181,11584,11712,11584,11712,23.168,23.424,clench,1,128,1.0,False,False,7.496893972847079,8.962664148716753,991.4408590974625,43.0,22.0,85.94009323318632,85.9375,97.65625,40.483082976864594
session_9.csv,session_9,182,11648,11776,11648,11776,23.296,23.552,clench,1,113,0.8828125,True,True,6.122246984436732,7.369314750451742,779.3716630104559,39.0,16.0,72.4205110775521,70.3125,70.3125,50.64221224340508
session_9.csv,session_9,183,11712,11840,11712,11840,23.424,23.68,relax,0,49,0.3828125,True,True,4.451744520266792,5.877093711030842,554.234252202841,31.0,9.0,85.14419292333957,85.9375,85.9375,21.469794587010345
session_9.csv,session_9,184,11776,11904,11776,11904,23.552,23.808,relax,0,0,0.0,False,True,3.1767759385045844,4.279776038330582,389.8045032250769,25.0,1.0,79.05997867082583,78.125,74.21875,24.265730729067727
session_9.csv,session_9,185,11840,11968,11840,11968,23.68,23.936,relax,0,0,0.0,False,False,3.4952055706251217,4.661086884065189,432.97235838170525,26.0,3.0,78.37040596702742,74.21875,74.21875,10.49187645985143
session_9.csv,session_9,186,11904,12032,11904,12032,23.808,24.064,relax,0,0,0.0,False,False,2.7811749777644827,3.617598433114137,359.9730950077153,26.0,3.0,78.06531508712405,78.125,82.03125,11.30669224955946
session_9.csv,session_9,187,11968,12096,11968,12096,23.936,24.192,relax,0,0,0.0,False,False,2.2525399287946373,2.788575094490372,295.1030178092908,25.0,0.0,82.52534865178635,82.03125,82.03125,5.216123320916639
session_9.csv,session_9,188,12032,12160,12032,12160,24.064,24.32,relax,0,0,0.0,False,False,2.886991560355134,3.5676246227114135,386.8060971698761,31.0,5.0,82.54289693499243,78.125,78.125,4.807629920330476
session_9.csv,session_9,189,12096,12224,12096,12224,24.192,24.448,relax,0,0,0.0,False,False,3.343988182112441,4.17421714495882,456.08551889165824,35.0,8.0,87.76585736876753,89.84375,93.75,17.401864014906398
session_9.csv,session_9,190,12160,12288,12160,12288,24.32,24.576,relax,0,0,0.0,False,False,3.123366157053817,4.121888235214812,406.3971590383808,28.0,5.0,83.02918914325542,82.03125,82.03125,21.900040024344907
session_9.csv,session_9,191,12224,12352,12224,12352,24.448,24.704,relax,0,13,0.1015625,True,True,11.652597130323036,17.452463019470354,1461.8249490098306,33.0,16.0,77.70175099827934,78.125,78.125,162.33056616560333
session_9.csv,session_9,192,12288,12416,12288,12416,24.576,24.832,clench,1,77,0.6015625,True,True,17.291128693068337,21.35249803886958,2215.513336430415,44.0,29.0,79.99418345366536,82.03125,82.03125,606.6569095697907
session_9.csv,session_9,193,12352,12480,12352,12480,24.704,24.96,clench,1,128,1.0,False,True,14.179733205470383,17.07604646487917,1905.2680432487655,47.0,32.0,92.31016627525956,97.65625,97.65625,187.23647342848676
session_9.csv,session_9,194,12416,12544,12416,12544,24.832,25.088,clench,1,128,1.0,False,False,13.704615826625211,16.452239470245047,1906.9414265972823,46.0,32.0,82.853945297156,85.9375,97.65625,185.7787906735279
session_9.csv,session_9,195,12480,12608,12480,12608,24.96,25.216,clench,1,128,1.0,False,False,14.394421622196825,18.033105501110178,1940.7350093584955,45.0,33.0,82.53775361828286,85.9375,93.75,135.33204191949036
session_9.csv,session_9,196,12544,12672,12544,12672,25.088,25.344,clench,1,128,1.0,False,False,13.02834352094557,16.443591525442937,1738.8688533614036,44.0,35.0,77.76492051457973,74.21875,70.3125,188.84730454446515
session_9.csv,session_9,197,12608,12736,12608,12736,25.216,25.472,clench,1,128,1.0,False,False,13.911263711211404,17.613025908284207,1815.625936149177,42.0,34.0,83.41486205822139,85.9375,85.9375,389.1402785824232
session_9.csv,session_9,198,12672,12800,12672,12800,25.344,25.6,clench,1,128,1.0,False,False,16.103201522134547,19.641936591365784,2067.5569786152696,44.0,33.0,81.60675771674153,82.03125,82.03125,362.3703985409183
session_9.csv,session_9,199,12736,12864,12736,12864,25.472,25.728,clench,1,128,1.0,False,False,13.378611009559709,16.327306521821672,1702.4706337660377,44.0,32.0,84.08548468273237,85.9375,85.9375,160.93307947843948
session_9.csv,session_9,200,12800,12928,12800,12928,25.6,25.856,clench,1,128,1.0,False,False,11.317304502321752,14.139053141782677,1447.0351411836182,43.0,26.0,79.30740780650807,78.125,78.125,197.12620388339968
session_9.csv,session_9,201,12864,12992,12864,12992,25.728,25.984,clench,1,128,1.0,False,False,10.00514760481369,12.56616462373479,1237.7811678413445,40.0,23.0,79.88595431053075,82.03125,82.03125,141.14306211442147
session_9.csv,session_9,202,12928,13056,12928,13056,25.856,26.112,clench,1,128,1.0,False,False,7.395492455400302,9.694321393318237,914.0928361112256,39.0,18.0,78.4103756208367,78.125,78.125,83.11414577011891
session_9.csv,session_9,203,12992,13120,12992,13120,25.984,26.24,clench,1,107,0.8359375,True,True,6.881253992705977,8.901275941829,873.5454077162555,39.0,16.0,84.97882967724284,89.84375,89.84375,65.25718053342291
session_9.csv,session_9,204,13056,13184,13056,13184,26.112,26.368,relax,0,43,0.3359375,True,True,5.452420466311618,7.543152176028339,710.6116752454885,34.0,10.0,79.54267302229057,78.125,74.21875,27.129662755752754
session_9.csv,session_9,205,13120,13248,13120,13248,26.24,26.496,relax,0,0,0.0,False,True,2.4278575555122934,3.111777337019408,324.74395992301356,23.0,1.0,80.86384741027545,82.03125,82.03125,4.520143861644198
session_9.csv,session_9,206,13184,13312,13184,13312,26.368,26.624,relax,0,0,0.0,False,False,2.0437710603383143,2.6572730779014977,255.33631602120442,20.0,0.0,75.87548023786658,78.125,66.40625,9.077782813138722
session_9.csv,session_9,207,13248,13376,13248,13376,26.496,26.752,relax,0,0,0.0,False,False,2.6683240811193816,3.4116992587319674,349.5829460886681,29.0,3.0,81.25194585314473,78.125,78.125,6.745697171510901
session_9.csv,session_9,208,13312,13440,13312,13440,26.624,26.88,relax,0,0,0.0,False,False,2.733378708847594,3.337621869429198,364.64022700814917,32.0,4.0,86.41481926075461,89.84375,97.65625,9.069611987071081
session_9.csv,session_9,209,13376,13504,13376,13504,26.752,27.008,relax,0,0,0.0,False,False,1.9952227650042973,2.544447349272848,271.3085165753025,22.0,0.0,83.05788079106937,82.03125,78.125,3.0160525030909966
session_9.csv,session_9,210,13440,13568,13440,13568,26.88,27.136,relax,0,0,0.0,False,True,7.066652984621023,14.585501482686333,980.2735069201954,32.0,14.0,89.82570329645253,97.65625,97.65625,11.308108619143532
session_9.csv,session_9,211,13504,13632,13504,13632,27.008,27.264,relax,0,63,0.4921875,True,True,17.500098698128916,24.237571372988082,2275.263584474208,44.0,27.0,81.01028691756065,78.125,78.125,821.2277688465746
session_9.csv,session_9,212,13568,13696,13568,13696,27.136,27.392,clench,1,127,0.9921875,True,True,22.39827008328035,26.780548843575758,2808.3057564255737,41.0,31.0,79.03107808878178,78.125,78.125,528.6696283805194
session_9.csv,session_9,213,13632,13760,13632,13760,27.264,27.52,clench,1,128,1.0,False,False,15.639978306021263,20.0811262140678,1905.3767416379706,39.0,26.0,78.176278550742,78.125,78.125,384.854296980751
session_9.csv,session_9,214,13696,13824,13696,13824,27.392,27.648,clench,1,128,1.0,False,False,10.357401194486394,13.076296078128363,1291.0260894175176,40.0,23.0,78.3914641235657,74.21875,66.40625,141.60035944627396
session_9.csv,session_9,215,13760,13888,13760,13888,27.52,27.776,clench,1,128,1.0,False,False,11.773658725156128,14.62014196323258,1547.1729889862647,43.0,27.0,81.14399772482871,82.03125,74.21875,157.04790037894892
session_9.csv,session_9,216,13824,13952,13824,13952,27.648,27.904,clench,1,128,1.0,False,False,12.394289457206707,15.018050890678557,1655.6987510822382,45.0,29.0,82.69798203006798,78.125,74.21875,222.65844149201618
session_9.csv,session_9,217,13888,14016,13888,14016,27.776,28.032,clench,1,128,1.0,False,False,11.068333343090057,13.41808179008537,1454.628697554283,45.0,33.0,86.82108306703631,89.84375,93.75,161.23510702269647
session_9.csv,session_9,218,13952,14080,13952,14080,27.904,28.16,clench,1,128,1.0,False,False,7.3668815514553385,9.175291794792491,959.3543613412185,41.0,22.0,78.36935053250427,74.21875,74.21875,48.389493435863095
session_9.csv,session_9,219,14016,14144,14016,14144,28.032,28.288,clench,1,115,0.8984375,True,True,4.946941616781244,6.380936832269564,641.0198001810191,36.0,12.0,78.49056852321438,78.125,74.21875,34.2969213568626
session_9.csv,session_9,220,14080,14208,14080,14208,28.16,28.416,relax,0,51,0.3984375,True,True,3.4144975952007055,4.730345363075384,437.04169986483487,28.0,5.0,79.4710175277992,82.03125,82.03125,16.665817306241465
session_9.csv,session_9,221,14144,14272,14144,14272,28.288,28.544,relax,0,0,0.0,False,True,2.4165175113792756,3.09348322796451,316.25978046402975,26.0,2.0,83.8791036248439,89.84375,89.84375,5.873252544605852
session_9.csv,session_9,222,14208,14336,14208,14336,28.416,28.672,relax,0,0,0.0,False,False,2.575346478596921,3.1495436576223637,350.7729871533977,34.0,4.0,87.01460986919118,89.84375,93.75,11.75934130424244
session_9.csv,session_9,223,14272,14400,14272,14400,28.544,28.8,relax,0,0,0.0,False,False,2.519729122138153,3.062160476735847,340.04846726531093,33.0,3.0,81.0539778174569,82.03125,89.84375,3.82698422999736
session_9.csv,session_9,224,14336,14464,14336,14464,28.672,28.928,relax,0,0,0.0,False,False,2.110832263280332,2.559069871629515,280.0957196942635,24.0,1.0,85.56095056110594,85.9375,85.9375,7.862651014722381
session_9.csv,session_9,225,14400,14528,14400,14528,28.8,29.056,relax,0,0,0.0,False,False,1.9020870336002398,2.2538962955192643,241.5340860768473,19.0,0.0,79.3660661698695,78.125,89.84375,4.474590498109268
session_9.csv,session_9,226,14464,14592,14464,14592,28.928,29.184,relax,0,0,0.0,False,False,2.1735896146957696,2.7238794763514185,278.01152778954065,21.0,2.0,76.94285421989157,74.21875,66.40625,3.4226570879836693
session_9.csv,session_9,227,14528,14656,14528,14656,29.056,29.312,relax,0,0,0.0,False,False,2.5389240680340235,3.281689437344047,331.4698774351332,26.0,3.0,81.86039264667221,78.125,74.21875,10.86841518805231
session_9.csv,session_9,228,14592,14720,14592,14720,29.184,29.44,relax,0,0,0.0,False,False,2.53433958335334,3.3068200032381845,338.7501212220693,29.0,1.0,80.63205813633321,78.125,78.125,12.109267457410022
session_9.csv,session_9,229,14656,14784,14656,14784,29.312,29.568,relax,0,0,0.0,False,False,2.5085012552057426,3.166494822632548,340.24709857023583,34.0,0.0,78.49728942186391,78.125,85.9375,5.389313119490791
session_9.csv,session_9,230,14720,14848,14720,14848,29.44,29.696,relax,0,3,0.0234375,True,True,4.977746004079323,8.025124594713315,664.7380498782926,37.0,8.0,81.44670868588082,78.125,93.75,14.689529873333614
session_9.csv,session_9,231,14784,14912,14784,14912,29.568,29.824,clench,1,67,0.5234375,True,True,9.572472024404338,13.135173734360448,1241.0966295557214,38.0,22.0,79.56692009517478,82.03125,74.21875,119.63690408473607
session_9.csv,session_9,232,14848,14976,14848,14976,29.696,29.952,clench,1,128,1.0,False,True,13.476353284629717,17.306510338493027,1668.4025693793008,38.0,26.0,79.66689545083308,74.21875,70.3125,470.22804539197983
session_9.csv,session_9,233,14912,15040,14912,15040,29.824,30.08,clench,1,128,1.0,False,False,15.119303648534686,18.415185175885753,1809.450739712674,37.0,27.0,74.67597223784625,74.21875,78.125,246.94311090677203
session_9.csv,session_9,234,14976,15104,14976,15104,29.952,30.208,clench,1,128,1.0,False,False,12.9853326813503,15.550504552223074,1669.238017721517,44.0,29.0,84.61124082567629,85.9375,93.75,240.61408966204758
session_9.csv,session_9,235,15040,15168,15040,15168,30.08,30.336,clench,1,128,1.0,False,False,10.744644549237108,12.973884940804,1399.3638988845623,43.0,25.0,82.87063293340739,85.9375,89.84375,50.62165805482592
session_9.csv,session_9,236,15104,15232,15104,15232,30.208,30.464,clench,1,128,1.0,False,False,11.059975966689118,13.933746465839603,1432.6078882702495,40.0,24.0,83.51545577535721,85.9375,85.9375,266.608040729024
session_9.csv,session_9,237,15168,15296,15168,15296,30.336,30.592,clench,1,128,1.0,False,False,9.473301669680218,12.712674347553442,1258.3733914367767,43.0,22.0,83.37999979553207,82.03125,82.03125,70.77277508362859
session_9.csv,session_9,238,15232,15360,15232,15360,30.464,30.72,clench,1,128,1.0,False,False,7.356136725412158,9.114783401013854,963.1740829157874,43.0,22.0,83.47524465531235,82.03125,93.75,72.34493248645826
session_9.csv,session_9,239,15296,15424,15296,15424,30.592,30.848,clench,1,128,1.0,False,False,10.904780270942872,13.790910384529607,1358.585426304629,41.0,27.0,76.49286991006973,74.21875,74.21875,187.08299023288825
session_9.csv,session_9,240,15360,15488,15360,15488,30.72,30.976,clench,1,128,1.0,False,False,11.592832317652316,14.476507191668091,1442.5448459466952,41.0,27.0,81.02525977554731,74.21875,74.21875,151.71425131356523
session_9.csv,session_9,241,15424,15552,15424,15552,30.848,31.104,clench,1,128,1.0,False,False,8.119792751708134,10.062732873902341,1065.138715766593,41.0,23.0,87.0383748007489,89.84375,93.75,88.75749095286987
session_9.csv,session_9,242,15488,15616,15488,15616,30.976,31.232,clench,1,128,1.0,False,False,9.14366124037631,11.718702726661467,1184.1570484033587,41.0,22.0,83.92692360814618,82.03125,82.03125,86.26964291780946
session_9.csv,session_9,243,15552,15680,15552,15680,31.104,31.36,clench,1,128,1.0,False,False,9.864355555366497,12.271854541424291,1230.9347736145373,40.0,23.0,78.54852675620785,78.125,74.21875,195.95921274471823
session_9.csv,session_9,244,15616,15744,15616,15744,31.232,31.488,clench,1,128,1.0,False,False,9.12711903886488,11.129380235479909,1119.232765689031,38.0,23.0,78.6240702881898,74.21875,70.3125,115.85871244214609
session_9.csv,session_9,245,15680,15808,15680,15808,31.36,31.616,clench,1,107,0.8359375,True,True,6.602635122595038,8.70589162699343,807.5624672269602,39.0,13.0,78.94924500568595,78.125,78.125,47.56939626327469
session_9.csv,session_9,246,15744,15872,15744,15872,31.488,31.744,relax,0,43,0.3359375,True,True,3.881273327923438,4.739037311711045,492.7729642435662,39.0,4.0,78.98770079885645,78.125,78.125,16.59231098031629
session_9.csv,session_9,247,15808,15936,15808,15936,31.616,31.872,relax,0,0,0.0,False,True,3.041535327165211,4.097330194970037,392.39082917055555,29.0,2.0,79.61608737451476,78.125,78.125,20.02278504194949
session_9.csv,session_9,248,15872,16000,15872,16000,31.744,32.0,relax,0,0,0.0,False,False,2.545986331945267,3.445376634069269,337.6544058034144,25.0,0.0,86.32151011048663,89.84375,89.84375,13.015012839509254
session_9.csv,session_9,249,15936,16064,15936,16064,31.872,32.128,relax,0,0,0.0,False,False,2.580507586139266,3.269691340788223,339.6007120669392,30.0,0.0,79.42508505649175,82.03125,82.03125,13.678475149627529
session_9.csv,session_9,250,16000,16128,16000,16128,32.0,32.256,relax,0,0,0.0,False,False,2.795670379126898,3.2573443274576306,377.4622283277919,38.0,4.0,87.55110063823558,89.84375,89.84375,8.714342641330065
session_9.csv,session_9,251,16064,16192,16064,16192,32.128,32.384,relax,0,0,0.0,False,False,2.3624197709143884,2.930068864141188,316.93453418759566,26.0,4.0,83.82278995422939,85.9375,89.84375,5.655414709462965
session_9.csv,session_9,252,16128,16256,16128,16256,32.256,32.512,relax,0,0,0.0,False,False,2.668597903791044,3.608004561933893,343.2354296264846,21.0,3.0,80.25684277919278,82.03125,82.03125,7.0996487444680945
session_9.csv,session_9,253,16192,16320,16192,16320,32.384,32.64,relax,0,33,0.2578125,True,True,12.598646032319012,19.52652967435908,1621.1231328551125,39.0,19.0,85.06693712378481,85.9375,82.03125,173.4193228694517
session_9.csv,session_9,254,16256,16384,16256,16384,32.512,32.768,clench,1,97,0.7578125,True,True,18.685210785919956,24.12199040177448,2436.1528762601024,45.0,31.0,82.29666750105399,82.03125,82.03125,781.5833327139038
session_9.csv,session_9,255,16320,16448,16320,16448,32.64,32.896,clench,1,128,1.0,False,False,16.76955107008896,21.166964604998473,2128.7216081519123,41.0,29.0,79.72961674741818,78.125,74.21875,408.90839780556433
session_9.csv,session_9,256,16384,16512,16384,16512,32.768,33.024,clench,1,128,1.0,False,False,17.80719079639692,22.008951139004708,2210.7955400273977,38.0,25.0,79.32737784791027,78.125,78.125,384.1934584997935
session_9.csv,session_9,257,16448,16576,16448,16576,32.896,33.152,clench,1,128,1.0,False,False,20.89095339744754,24.87103284661027,2595.4755480094072,40.0,28.0,81.33010365318133,82.03125,78.125,799.7247913316841
session_9.csv,session_9,258,16512,16640,16512,16640,33.024,33.28,clench,1,128,1.0,False,False,17.54522080451513,21.775257165444135,2220.937059573919,42.0,32.0,83.00973619095636,82.03125,82.03125,382.53270935605553
session_9.csv,session_9,259,16576,16704,16576,16704,33.152,33.408,clench,1,128,1.0,False,False,9.610250286861696,12.54005319169139,1276.302279628429,44.0,24.0,84.94630879446143,85.9375,89.84375,85.45338203352236
session_9.csv,session_9,260,16640,16768,16640,16768,33.28,33.536,clench,1,128,1.0,False,False,7.368737388179135,9.352296010856929,980.1191154241171,44.0,18.0,79.90733204259332,78.125,82.03125,57.451122146876955
session_9.csv,session_9,261,16704,16832,16704,16832,33.408,33.664,clench,1,128,1.0,False,True,5.532780132260709,6.814253684358788,720.5540191351364,43.0,17.0,76.37546930553107,74.21875,70.3125,23.476530210698673
session_9.csv,session_9,262,16768,16896,16768,16896,33.536,33.792,clench,1,69,0.5390625,True,True,3.3306566916891276,4.15599937803705,428.8646963404178,35.0,7.0,76.15893746358189,70.3125,70.3125,20.88006295739288
session_9.csv,session_9,263,16832,16960,16832,16960,33.664,33.92,relax,0,5,0.0390625,True,True,2.3564970721227647,3.0114721544942302,284.00711786854254,23.0,0.0,78.98920258163258,82.03125,85.9375,6.545468237237414
session_9.csv,session_9,264,16896,17024,16896,17024,33.792,34.048,relax,0,0,0.0,False,False,2.279554653108371,2.8731601473471313,293.8793362582485,25.0,2.0,80.9166500051269,82.03125,82.03125,3.5225810537504665
session_9.csv,session_9,265,16960,17088,16960,17088,33.92,34.176,relax,0,0,0.0,False,False,2.548370339186551,3.1123321763161003,349.4003055451851,30.0,5.0,84.89269162200124,85.9375,85.9375,8.947880713448168
session_9.csv,session_9,266,17024,17152,17024,17152,34.048,34.304,relax,0,0,0.0,False,False,2.410810954348319,2.9972090755709866,316.2155963547152,21.0,5.0,85.07424503136858,85.9375,93.75,4.461725289476361
session_9.csv,session_9,267,17088,17216,17088,17216,34.176,34.432,relax,0,0,0.0,False,False,2.3267837455990596,2.867149859301474,296.07780243666423,19.0,3.0,83.40978536551083,85.9375,85.9375,7.524796094066399
session_9.csv,session_9,268,17152,17280,17152,17280,34.304,34.56,relax,0,0,0.0,False,False,2.526726105036248,3.0803144859132034,337.0529299291019,28.0,2.0,83.20075026083785,82.03125,78.125,9.907111740083131
session_9.csv,session_9,269,17216,17344,17216,17344,34.432,34.688,relax,0,0,0.0,False,False,2.663928372215805,3.314167755685935,360.26550722055435,30.0,2.0,82.74271969455907,85.9375,78.125,4.282268339196914
session_9.csv,session_9,270,17280,17408,17280,17408,34.56,34.816,relax,0,0,0.0,False,False,2.87823485545716,3.5105516285906013,386.06367307270375,32.0,4.0,82.4080999956467,85.9375,85.9375,9.662570251991061
session_9.csv,session_9,271,17344,17472,17344,17472,34.688,34.944,relax,0,33,0.2578125,True,True,12.022172817560897,18.51227190357024,1451.863008402949,35.0,19.0,77.4474632349054,78.125,78.125,255.14755446819132
session_9.csv,session_9,272,17408,17536,17408,17536,34.816,35.072,clench,1,97,0.7578125,True,True,16.01019352071968,21.324164488935526,2037.8336001474509,39.0,29.0,78.9461938583018,82.03125,70.3125,380.21577765837577
session_9.csv,session_9,273,17472,17600,17472,17600,34.944,35.2,clench,1,128,1.0,False,False,12.310590148647314,15.946674518582242,1616.3321976569168,42.0,29.0,82.92578995815492,82.03125,89.84375,150.47792352861282
session_9.csv,session_9,274,17536,17664,17536,17664,35.072,35.328,clench,1,128,1.0,False,False,11.826485464732798,14.418867738495942,1468.9822885886142,39.0,24.0,75.90825383009084,74.21875,74.21875,197.8703228485767
session_9.csv,session_9,275,17600,17728,17600,17728,35.2,35.456,clench,1,128,1.0,False,False,9.956911594983971,12.035249629711318,1168.0421822927124,36.0,18.0,77.40813929005989,74.21875,74.21875,160.76371110166568
session_9.csv,session_9,276,17664,17792,17664,17792,35.328,35.584,clench,1,128,1.0,False,False,11.938278950293821,14.839796084247604,1485.0438476975257,39.0,22.0,81.35816630411937,82.03125,74.21875,153.14558531535044
session_9.csv,session_9,277,17728,17856,17728,17856,35.456,35.712,clench,1,128,1.0,False,False,13.420220263392222,16.187301488879502,1702.4965619162406,41.0,25.0,84.42575985561832,89.84375,93.75,206.30778528320724
session_9.csv,session_9,278,17792,17920,17792,17920,35.584,35.84,clench,1,128,1.0,False,False,11.91325384038851,14.026956805061612,1516.1252218332825,41.0,29.0,77.60512843830843,74.21875,74.21875,228.12011978128984
session_9.csv,session_9,279,17856,17984,17856,17984,35.712,35.968,clench,1,128,1.0,False,False,10.695016700838195,12.467042838493011,1349.3218203454167,41.0,30.0,81.89849260979754,82.03125,82.03125,83.03437662922623
session_9.csv,session_9,280,17920,18048,17920,18048,35.84,36.096,clench,1,128,1.0,False,False,10.451183012713276,12.719131825562451,1305.6916555344474,40.0,29.0,82.1780468558491,78.125,78.125,219.3395474276563
session_9.csv,session_9,281,17984,18112,17984,18112,35.968,36.224,clench,1,128,1.0,False,False,11.874295991894558,14.683426707899235,1531.5666968156775,40.0,30.0,82.41378421032287,82.03125,78.125,191.2268730319257
session_9.csv,session_9,282,18048,18176,18048,18176,36.096,36.352,clench,1,128,1.0,False,False,10.535649747299098,13.07734913593412,1328.1005702647044,42.0,28.0,78.05443608848748,78.125,78.125,123.38960457635244
session_9.csv,session_9,283,18112,18240,18112,18240,36.224,36.48,clench,1,128,1.0,False,False,9.898583260991096,11.985406025963844,1281.8991254436305,44.0,29.0,81.91322544334062,82.03125,85.9375,122.8986834691243
session_9.csv,session_9,284,18176,18304,18176,18304,36.352,36.608,clench,1,128,1.0,False,False,11.114576240250583,13.913308174437127,1448.5869001371134,44.0,25.0,81.7243713519189,82.03125,85.9375,168.44023150718934
session_9.csv,session_9,285,18240,18368,18240,18368,36.48,36.736,clench,1,128,1.0,False,False,8.1662353405098,10.988949820223041,1059.0224457789595,42.0,16.0,81.27125605429488,82.03125,85.9375,149.43489419321466
session_9.csv,session_9,286,18304,18432,18304,18432,36.608,36.864,clench,1,128,1.0,False,True,5.992018438930053,7.408073103894621,766.811180216888,37.0,13.0,81.98737753987349,78.125,78.125,68.59823950313148
session_9.csv,session_9,287,18368,18496,18368,18496,36.736,36.992,clench,1,68,0.53125,True,True,4.011905985779934,5.577316946298461,517.4940565079406,32.0,7.0,81.45009123565603,82.03125,74.21875,11.06314824227137
session_9.csv,session_9,288,18432,18560,18432,18560,36.864,37.12,relax,0,4,0.03125,True,True,1.758565834782364,2.1777688337759704,243.2574878198517,18.0,0.0,82.92811074620727,82.03125,82.03125,4.504398018061598
session_9.csv,session_9,289,18496,18624,18496,18624,36.992,37.248,relax,0,0,0.0,False,False,1.7474425558675888,2.210217125967263,235.17016404654316,18.0,0.0,79.22308668528547,78.125,74.21875,4.8886182085561884
session_9.csv,session_9,290,18560,18688,18560,18688,37.12,37.376,relax,0,0,0.0,False,False,2.3696614367676565,2.9665268338526762,297.0509478157237,29.0,0.0,77.97003487384123,78.125,74.21875,4.144314058879492
session_9.csv,session_9,291,18624,18752,18624,18752,37.248,37.504,relax,0,0,0.0,False,False,2.1003510454526184,2.66495847308373,266.4372989492979,21.0,0.0,78.40634808182813,78.125,70.3125,7.455909935833815
session_9.csv,session_9,292,18688,18816,18688,18816,37.376,37.632,relax,0,0,0.0,False,False,2.3578211652693044,3.1615638741970957,299.6525920675531,17.0,1.0,80.25726363720133,78.125,78.125,6.680823159597637
session_9.csv,session_9,293,18752,18880,18752,18880,37.504,37.76,relax,0,0,0.0,False,False,3.04040846608686,3.8512863200920124,390.3027741797737,26.0,4.0,86.94546937864497,85.9375,82.03125,15.003067460645667
session_9.csv,session_9,294,18816,18944,18816,18944,37.632,37.888,relax,0,0,0.0,False,False,2.6940660941373373,3.3998612094644702,353.92916974055584,27.0,4.0,83.38198888118676,82.03125,78.125,12.673480044989764
session_9.csv,session_9,295,18880,19008,18880,19008,37.76,38.016,relax,0,0,0.0,False,False,2.602054034117419,3.286865102972003,333.70688585636776,26.0,1.0,80.55182665056881,82.03125,82.03125,5.549846371889395
session_9.csv,session_9,296,18944,19072,18944,19072,37.888,38.144,relax,0,0,0.0,False,True,9.679685355465967,17.618677643056156,1241.0755561651197,34.0,11.0,81.94007212318652,78.125,78.125,52.31595676857789
session_9.csv,session_9,297,19008,19136,19008,19136,38.016,38.272,relax,0,62,0.484375,True,True,17.742858590995997,24.18549227196372,2254.477379370783,42.0,25.0,81.272298390629,82.03125,85.9375,686.8095399536005
session_9.csv,session_9,298,19072,19200,19072,19200,38.144,38.4,clench,1,126,0.984375,True,True,17.858547121643134,22.14625015849825,2233.9285798613164,39.0,29.0,77.73057187869875,74.21875,74.21875,444.6165555763018
session_9.csv,session_9,299,19136,19264,19136,19264,38.272,38.528,clench,1,128,1.0,False,False,12.558600613690041,16.105856631962887,1611.3012501585818,42.0,28.0,80.87957243587039,78.125,74.21875,162.43883812736766
session_9.csv,session_9,300,19200,19328,19200,19328,38.4,38.656,clench,1,128,1.0,False,False,9.191009350732603,10.92711623093262,1148.7252387605276,42.0,22.0,79.91270758555301,82.03125,85.9375,90.84975123473278
session_9.csv,session_9,301,19264,19392,19264,19392,38.528,38.784,clench,1,128,1.0,False,False,9.59821491635039,11.433432096759924,1189.457538054181,40.0,21.0,77.96679699000985,74.21875,74.21875,149.5486685078716
session_9.csv,session_9,302,19328,19456,19328,19456,38.656,38.912,clench,1,128,1.0,False,False,9.306929541842187,11.342724879085958,1259.4665301357918,46.0,24.0,86.82338312838858,85.9375,85.9375,71.43125670330572
session_9.csv,session_9,303,19392,19520,19392,19520,38.784,39.04,clench,1,128,1.0,False,False,7.334849352695179,9.389930502993785,1023.7196046046187,46.0,23.0,84.77145256947189,85.9375,85.9375,60.03336757684356
session_9.csv,session_9,304,19456,19584,19456,19584,38.912,39.168,clench,1,128,1.0,False,True,5.356726665813906,6.695021350876558,715.1458458425495,43.0,19.0,85.02157302675472,85.9375,85.9375,40.05401662668132
session_9.csv,session_9,305,19520,19648,19520,19648,39.04,39.296,relax,0,64,0.5,True,True,3.9239344021540754,5.3288724117456026,530.5125002609943,37.0,11.0,81.01194520234834,82.03125,70.3125,22.085732150138462
session_9.csv,session_9,306,19584,19712,19584,19712,39.168,39.424,relax,0,0,0.0,False,True,2.434974233830368,2.9673301582674076,317.8603144378327,28.0,1.0,83.71384463541662,85.9375,85.9375,8.08288603387764
session_9.csv,session_9,307,19648,19776,19648,19776,39.296,39.552,relax,0,0,0.0,False,False,2.745620532150838,3.287539577871379,343.30258571091053,29.0,1.0,79.15400255432417,78.125,74.21875,12.458032641888204
session_9.csv,session_9,308,19712,19840,19712,19840,39.424,39.68,relax,0,0,0.0,False,False,2.7043297619302944,3.308416254583924,352.3101517445683,30.0,3.0,81.2041239803766,74.21875,74.21875,5.8786204941392155
session_9.csv,session_9,309,19776,19904,19776,19904,39.552,39.808,relax,0,0,0.0,False,False,2.163411568102206,2.855064873439104,279.7947186391822,20.0,2.0,81.76215553423174,82.03125,85.9375,9.005797543639641
session_9.csv,session_9,310,19840,19968,19840,19968,39.68,39.936,relax,0,0,0.0,False,False,2.320005962898037,2.891254903170953,304.8078116398776,27.0,1.0,83.75326859992296,85.9375,85.9375,3.995690359755135
session_9.csv,session_9,311,19904,20032,19904,20032,39.808,40.064,relax,0,0,0.0,False,False,2.671549858481649,3.179584395727809,361.0554598595693,36.0,1.0,83.24360715110146,82.03125,82.03125,11.809519845739647
session_9.csv,session_9,312,19968,20096,19968,20096,39.936,40.192,relax,0,0,0.0,False,False,3.1810522867262385,3.983154305129788,404.91863204813046,32.0,1.0,77.00186872774927,78.125,82.03125,11.592598192601567
session_9.csv,session_9,313,20032,20160,20032,20160,40.064,40.32,relax,0,29,0.2265625,True,True,8.495317028302262,11.994317272241013,1037.7859486411335,35.0,13.0,83.02391644534437,82.03125,82.03125,61.480246683901946
session_9.csv,session_9,314,20096,20224,20096,20224,40.192,40.448,clench,1,93,0.7265625,True,True,12.087711983443489,15.049964179208002,1487.257961026345,40.0,24.0,75.61793631768512,74.21875,74.21875,324.6921089813973
session_9.csv,session_9,315,20160,20288,20160,20288,40.32,40.576,clench,1,128,1.0,False,False,10.854419152373413,14.380484601783902,1428.7966995782185,41.0,27.0,84.47075663992902,82.03125,82.03125,98.62877540647882
session_9.csv,session_9,316,20224,20352,20224,20352,40.448,40.704,clench,1,128,1.0,False,False,11.703647988088816,15.040272789539209,1591.053207793639,43.0,30.0,79.90009833984847,78.125,74.21875,95.09990438794765
session_9.csv,session_9,317,20288,20416,20288,20416,40.576,40.832,clench,1,128,1.0,False,False,11.937191482090629,14.47926543526714,1611.4685975848906,48.0,30.0,78.18327889928291,74.21875,74.21875,158.637406324578
session_9.csv,session_9,318,20352,20480,20352,20480,40.704,40.96,clench,1,128,1.0,False,False,10.653457504156282,13.296953282706943,1419.78703123298,46.0,20.0,85.39185616558859,85.9375,93.75,211.4750701571611
session_9.csv,session_9,319,20416,20544,20416,20544,40.832,41.088,clench,1,128,1.0,False,False,9.660632727836322,11.991139850005617,1237.4597980167832,41.0,17.0,77.99564832123716,78.125,85.9375,91.09973020592574
session_9.csv,session_9,320,20480,20608,20480,20608,40.96,41.216,clench,1,128,1.0,False,False,9.665133926632713,12.229182474064615,1208.9924949189144,39.0,22.0,76.55968282278948,74.21875,70.3125,93.01373089646633
session_9.csv,session_9,321,20544,20672,20544,20672,41.088,41.344,clench,1,128,1.0,False,False,10.706847928697833,13.325110286346758,1474.8768779592444,45.0,32.0,82.20095228915763,82.03125,82.03125,172.43986403098418
session_9.csv,session_9,322,20608,20736,20608,20736,41.216,41.472,clench,1,128,1.0,False,False,10.395180102919877,13.32958010870264,1502.9244405673026,47.0,30.0,79.09527278170847,78.125,82.03125,69.08603887640491
session_9.csv,session_9,323,20672,20800,20672,20800,41.344,41.6,clench,1,128,1.0,False,False,10.747518575887057,14.214706048439778,1402.8489493693326,41.0,18.0,81.71947960720271,78.125,74.21875,195.21181637060766
session_9.csv,session_9,324,20736,20864,20736,20864,41.472,41.728,clench,1,128,1.0,False,False,11.061197198120542,13.8314710058892,1390.1418752554869,40.0,18.0,80.20066683581702,78.125,74.21875,197.56472879242017
session_9.csv,session_9,325,20800,20928,20800,20928,41.6,41.856,clench,1,128,1.0,False,False,10.68376222322729,12.637806357398379,1327.33244679492,41.0,23.0,81.4401893716919,82.03125,85.9375,102.0529445320843
session_9.csv,session_9,326,20864,20992,20864,20992,41.728,41.984,clench,1,128,1.0,False,False,11.964586334695667,13.95572088109645,1573.4220921134793,44.0,31.0,82.45688005898407,82.03125,82.03125,229.23538541456077
session_9.csv,session_9,327,20928,21056,20928,21056,41.856,42.112,clench,1,128,1.0,False,False,11.556809851932995,14.227244414816196,1516.393945277306,43.0,28.0,83.82079751026124,85.9375,93.75,172.06601763628754
session_9.csv,session_9,328,20992,21120,20992,21120,41.984,42.24,clench,1,128,1.0,False,False,9.157570766836852,11.919099743578304,1166.064096389845,42.0,23.0,78.97502800056546,78.125,78.125,66.13835022936809
session_9.csv,session_9,329,21056,21184,21056,21184,42.112,42.368,clench,1,128,1.0,False,False,7.785508454208509,10.071366061583745,1011.751219906245,44.0,22.0,81.09135667045719,82.03125,85.9375,81.45772900321049
session_9.csv,session_9,330,21120,21248,21120,21248,42.24,42.496,clench,1,128,1.0,False,False,7.787365081967117,10.294886438250945,975.5559000347472,38.0,15.0,75.85512011329058,74.21875,74.21875,122.58196946929837
session_9.csv,session_9,331,21184,21312,21184,21312,42.368,42.624,clench,1,128,1.0,False,False,6.658423233010213,8.993674978932662,844.6435091527807,38.0,14.0,82.5520603960061,82.03125,82.03125,116.43854137210127
session_9.csv,session_9,332,21248,21376,21248,21376,42.496,42.752,clench,1,128,1.0,False,False,4.306262897584342,5.927563025634087,580.3573137367262,36.0,11.0,85.07572292755147,82.03125,82.03125,22.53333311097163
session_9.csv,session_9,333,21312,21440,21312,21440,42.624,42.88,clench,1,128,1.0,False,False,3.294300052530641,4.407966390302284,429.48231168789187,29.0,6.0,82.18276807893292,82.03125,85.9375,17.138083431521604
session_9.csv,session_9,334,21376,21504,21376,21504,42.752,43.008,clench,1,128,1.0,False,False,3.304864987418777,4.259927402918166,410.4724498780806,30.0,3.0,77.60010930977143,74.21875,85.9375,12.471826490070658
session_9.csv,session_9,335,21440,21568,21440,21568,42.88,43.136,clench,1,97,0.7578125,True,True,3.454251752666104,4.254071499897878,424.8698908860098,31.0,0.0,76.81369158433722,74.21875,66.40625,12.690585589995628
session_9.csv,session_9,336,21504,21632,21504,21632,43.008,43.264,relax,0,33,0.2578125,True,True,3.033416304749605,3.931258291895201,388.3030875676686,26.0,1.0,80.44138785143184,82.03125,85.9375,23.754866538331697
session_9.csv,session_9,337,21568,21696,21568,21696,43.136,43.392,relax,0,0,0.0,False,False,2.109889101833496,2.827272662905518,275.29258012742,19.0,1.0,79.74443213832834,78.125,78.125,3.5194668332755206
session_9.csv,session_9,338,21632,21760,21632,21760,43.264,43.52,relax,0,0,0.0,False,False,2.051451013998016,2.5588295951366526,280.84869141342836,23.0,1.0,88.35945805328569,89.84375,93.75,7.78054562215611
session_9.csv,session_9,339,21696,21824,21696,21824,43.392,43.648,relax,0,0,0.0,False,False,2.547139350363131,3.024272414245224,362.2672203669789,37.0,3.0,84.19150382764978,89.84375,93.75,3.920311908960238
session_9.csv,session_9,340,21760,21888,21760,21888,43.52,43.776,relax,0,0,0.0,False,False,2.9152630682274925,3.4860776852305735,389.48579589823225,36.0,4.0,78.70020340452312,74.21875,70.3125,8.482456990715217
session_9.csv,session_9,341,21824,21952,21824,21952,43.648,43.904,relax,0,0,0.0,False,False,3.001605100455331,3.6783321055496043,371.6453033355897,28.0,2.0,80.30005388883569,78.125,74.21875,13.782460500346794
session_9.csv,session_9,342,21888,22016,21888,22016,43.776,44.032,relax,0,0,0.0,False,False,3.3044480104879232,4.052600493122599,418.9873864836235,32.0,3.0,83.32871581835043,82.03125,97.65625,11.904178908300647
session_9.csv,session_9,343,21952,22080,21952,22080,43.904,44.16,relax,0,36,0.28125,True,True,8.615618309256261,12.993839161004924,1111.9420735328738,40.0,20.0,80.91605918514828,82.03125,85.9375,83.38455908342605
session_9.csv,session_9,344,22016,22144,22016,22144,44.032,44.288,clench,1,100,0.78125,True,True,18.07518091422486,23.356433868261988,2296.893668401321,43.0,34.0,81.46757569459254,82.03125,89.84375,390.3639659228985
session_9.csv,session_9,345,22080,22208,22080,22208,44.16,44.416,clench,1,128,1.0,False,False,17.86804280034756,22.947822465841483,2326.2470873056654,41.0,32.0,80.38836589005834,78.125,74.21875,535.7706920824427
session_9.csv,session_9,346,22144,22272,22144,22272,44.288,44.544,clench,1,128,1.0,False,False,12.901328573560868,16.548884416261313,1711.7948521121386,41.0,28.0,82.55669472031572,82.03125,82.03125,116.75261679106403
session_9.csv,session_9,347,22208,22336,22208,22336,44.416,44.672,clench,1,128,1.0,False,False,11.290464180898617,14.442680372299293,1434.6490837353535,42.0,28.0,77.77070840405823,74.21875,74.21875,198.18662827735616
session_9.csv,session_9,348,22272,22400,22272,22400,44.544,44.8,clench,1,128,1.0,False,False,10.349552883896227,12.703608259371364,1348.9555736599837,44.0,27.0,84.95770492013128,85.9375,85.9375,130.36830275169038
session_9.csv,session_9,349,22336,22464,22336,22464,44.672,44.928,clench,1,128,1.0,False,False,11.55248440700651,14.024477327623355,1482.958986334173,43.0,30.0,78.76738761592732,78.125,82.03125,247.5209400180889
session_9.csv,session_9,350,22400,22528,22400,22528,44.8,45.056,clench,1,128,1.0,False,False,12.585561295338039,14.960061528816578,1663.847158653755,45.0,36.0,88.00767478644067,89.84375,93.75,196.18214462146426
session_9.csv,session_9,351,22464,22592,22464,22592,44.928,45.184,clench,1,128,1.0,False,False,11.7203570872983,14.887036051945376,1594.936008545606,42.0,29.0,87.93934766884479,89.84375,89.84375,255.65231704379892
session_9.csv,session_9,352,22528,22656,22528,22656,45.056,45.312,clench,1,128,1.0,False,False,8.696443005243777,11.889373131684838,1150.802040155641,39.0,21.0,81.56295519245877,82.03125,89.84375,34.22880642733461
session_9.csv,session_9,353,22592,22720,22592,22720,45.184,45.44,clench,1,128,1.0,False,False,6.6065365145398935,7.71953460800362,821.2136204310981,40.0,20.0,80.67071165371588,82.03125,82.03125,60.51167180114497
session_9.csv,session_9,354,22656,22784,22656,22784,45.312,45.568,clench,1,128,1.0,False,False,7.188816104118483,8.693112342377129,886.5223489376793,40.0,15.0,79.42031601941099,78.125,82.03125,81.07812954422832
session_9.csv,session_9,355,22720,22848,22720,22848,45.44,45.696,clench,1,128,1.0,False,False,7.9432590614583845,9.503601831511402,1055.9710456872494,44.0,21.0,86.04744445755485,85.9375,85.9375,71.32047313400341
session_9.csv,session_9,356,22784,22912,22784,22912,45.568,45.824,clench,1,128,1.0,False,False,5.764745960010178,7.1177146123252335,771.265141711941,41.0,17.0,87.66629063363459,89.84375,93.75,33.08219121186684
session_9.csv,session_9,357,22848,22976,22848,22976,45.696,45.952,clench,1,128,1.0,False,True,5.878389878570089,7.613694934801275,730.4884839491571,37.0,14.0,81.20234198046352,82.03125,82.03125,40.754063286654585
session_9.csv,session_9,358,22912,23040,22912,23040,45.824,46.08,clench,1,77,0.6015625,True,True,5.446293387905419,7.367654499956464,688.0418707057916,33.0,11.0,79.89767612199837,78.125,74.21875,54.32031228939483
session_9.csv,session_9,359,22976,23104,22976,23104,45.952,46.208,relax,0,13,0.1015625,True,True,3.3637658689098497,4.257724853468676,433.5595243288302,30.0,5.0,82.68332973393316,85.9375,89.84375,16.756257057038777
session_9.csv,session_9,360,23040,23168,23040,23168,46.08,46.336,relax,0,0,0.0,False,False,3.7367203917359593,4.52183243828047,473.04382726903987,38.0,6.0,79.95264104449294,78.125,78.125,16.849082416364496
session_9.csv,session_9,361,23104,23232,23104,23232,46.208,46.464,relax,0,0,0.0,False,False,2.833864912132812,3.554758478198726,358.25837980892413,30.0,4.0,81.66137137373923,78.125,74.21875,15.537544025476318
session_9.csv,session_9,362,23168,23296,23168,23296,46.336,46.592,relax,0,0,0.0,False,False,2.411144293175921,3.03483041809719,301.5259002587251,24.0,3.0,78.58366945216758,78.125,78.125,3.7047310411085235
session_9.csv,session_9,363,23232,23360,23232,23360,46.464,46.72,relax,0,0,0.0,False,False,2.806742201928966,3.394266248734484,374.10039144833047,31.0,4.0,87.09391750355357,89.84375,89.84375,11.862829922112326
session_9.csv,session_9,364,23296,23424,23296,23424,46.592,46.848,relax,0,0,0.0,False,False,2.8227879136854988,3.482752231828093,387.4915969438557,30.0,5.0,85.73048799543024,89.84375,93.75,10.082045455934992
session_9.csv,session_9,365,23360,23488,23360,23488,46.72,46.976,relax,0,0,0.0,False,False,2.939374390995585,3.874526022256544,378.16889469591786,27.0,4.0,83.73343072860712,85.9375,85.9375,4.598608063893429
session_9.csv,session_9,366,23424,23552,23424,23552,46.848,47.104,relax,0,27,0.2109375,True,True,11.728882973724636,20.355779774475643,1432.3377291142783,35.0,16.0,82.98420894204675,82.03125,74.21875,146.12389688240313
session_9.csv,session_9,367,23488,23616,23488,23616,46.976,47.232,clench,1,91,0.7109375,True,True,18.396312387271323,24.817601366669248,2365.7798264461694,42.0,31.0,77.58589239493492,74.21875,74.21875,657.7993869601589
session_9.csv,session_9,368,23552,23680,23552,23680,47.104,47.36,clench,1,128,1.0,False,False,13.121412772806739,16.776369142926388,1725.9787467369101,42.0,32.0,83.20112288321693,85.9375,89.84375,176.4696675991523
session_9.csv,session_9,369,23616,23744,23616,23744,47.232,47.488,clench,1,128,1.0,False,False,10.489524291359725,12.934712790182143,1337.2978615621278,42.0,26.0,81.85073489113046,82.03125,82.03125,175.49796364860924
session_9.csv,session_9,370,23680,23808,23680,23808,47.36,47.616,clench,1,128,1.0,False,False,9.953260343316018,12.655018811235013,1273.9284728554612,39.0,21.0,83.9595840527759,85.9375,82.03125,192.75001865360215
session_9.csv,session_9,371,23744,23872,23744,23872,47.488,47.744,clench,1,128,1.0,False,False,11.300326129246015,14.497918336006727,1472.2713279330937,39.0,23.0,81.5006778150748,78.125,74.21875,120.02482680374914
session_9.csv,session_9,372,23808,23936,23808,23936,47.616,47.872,clench,1,128,1.0,False,False,12.526745395363811,15.06862925273569,1564.623388842619,39.0,27.0,80.01665179550386,78.125,74.21875,244.76826507105028
session_9.csv,session_9,373,23872,24000,23872,24000,47.744,48.0,clench,1,128,1.0,False,False,10.369650005660837,12.31181879029993,1250.2480074859807,40.0,22.0,78.8108487480822,74.21875,74.21875,106.73951612239709
session_9.csv,session_9,374,23936,24064,23936,24064,47.872,48.128,clench,1,128,1.0,False,False,9.061075115520634,11.018663669141196,1144.166092318243,41.0,24.0,83.94659308321656,82.03125,93.75,112.53868261141389
session_9.csv,session_9,375,24000,24128,24000,24128,48.0,48.256,clench,1,128,1.0,False,False,6.472895880557322,8.110487106671627,877.2357436317001,42.0,18.0,81.57075854379853,78.125,78.125,39.37109821987287
session_9.csv,session_9,376,24064,24192,24064,24192,48.128,48.384,clench,1,128,1.0,False,False,5.2120885621563176,6.729079755543647,674.442575735185,38.0,10.0,82.45093692039522,85.9375,74.21875,29.650013933308575
session_9.csv,session_9,377,24128,24256,24128,24256,48.256,48.512,clench,1,128,1.0,False,False,6.770540736242509,8.439435855099727,869.1090635388737,40.0,17.0,78.84776835192444,74.21875,74.21875,72.036628545959
session_9.csv,session_9,378,24192,24320,24192,24320,48.384,48.64,clench,1,128,1.0,False,False,8.024004286274586,9.837630090996813,1050.6596710315525,42.0,20.0,79.32957823967155,74.21875,70.3125,76.58068380169466
session_9.csv,session_9,379,24256,24384,24256,24384,48.512,48.768,clench,1,128,1.0,False,False,8.246325967376741,10.149503480125839,1058.636031379039,41.0,21.0,80.03724097093733,74.21875,74.21875,71.08597623214874
session_9.csv,session_9,380,24320,24448,24320,24448,48.64,48.896,clench,1,128,1.0,False,False,7.275831302384302,8.974481836106545,887.7450309338304,38.0,19.0,80.68324878299983,78.125,74.21875,110.8158210946566
session_9.csv,session_9,381,24384,24512,24384,24512,48.768,49.024,clench,1,128,1.0,False,False,5.575070541936114,6.949632017072821,717.4563525333209,38.0,14.0,81.8841422084766,85.9375,89.84375,42.46304755887353
session_9.csv,session_9,382,24448,24576,24448,24576,48.896,49.152,clench,1,128,1.0,False,False,6.443741956774747,8.161460949731621,861.1378901782175,41.0,13.0,86.6674962362093,89.84375,97.65625,55.42944010344102
session_9.csv,session_9,383,24512,24640,24512,24640,49.024,49.28,clench,1,128,1.0,False,False,7.040142831063141,8.915133578189561,945.9478932223786,42.0,14.0,84.91200839671497,82.03125,82.03125,64.80940155705773
session_9.csv,session_9,384,24576,24704,24576,24704,49.152,49.408,clench,1,128,1.0,False,False,5.163503037334348,6.633948763949776,691.0195152507355,36.0,12.0,80.43707599378811,85.9375,85.9375,15.693333541858905
session_9.csv,session_9,385,24640,24768,24640,24768,49.28,49.536,clench,1,128,1.0,False,False,4.972397734654513,5.983150778698851,627.1344900833253,36.0,11.0,80.85712232796159,82.03125,82.03125,42.53713395787685
session_9.csv,session_9,386,24704,24832,24704,24832,49.408,49.664,clench,1,128,1.0,False,False,5.56481477000907,6.638059491784769,683.2960058584752,38.0,12.0,77.59521739012493,74.21875,74.21875,47.18027050823674
session_9.csv,session_9,387,24768,24896,24768,24896,49.536,49.792,clench,1,128,1.0,False,False,5.366468803702164,6.721906681657955,666.8094016445028,36.0,8.0,77.77748690608041,78.125,70.3125,31.666117225280225
session_9.csv,session_9,388,24832,24960,24832,24960,49.664,49.92,clench,1,128,1.0,False,False,6.842372609783437,8.490440438646463,811.371669837683,35.0,18.0,78.46698960341945,74.21875,70.3125,62.42821485436524
session_9.csv,session_9,389,24896,25024,24896,25024,49.792,50.048,clench,1,128,1.0,False,False,8.549530971389894,10.63991507158868,1091.1518030672419,40.0,22.0,81.88920786084029,78.125,74.21875,166.59201742819533
session_9.csv,session_9,390,24960,25088,24960,25088,49.92,50.176,clench,1,128,1.0,False,False,6.265222452242553,8.642960715073597,813.6264480569833,39.0,11.0,77.65329651078645,78.125,78.125,29.72232973774946
session_9.csv,session_9,391,25024,25152,25024,25152,50.048,50.304,clench,1,128,1.0,False,True,4.625262383698053,5.706535650502631,607.3169396833198,39.0,11.0,76.75552419087377,74.21875,70.3125,28.709574720260967
session_9.csv,session_9,392,25088,25216,25088,25216,50.176,50.432,clench,1,82,0.640625,True,True,3.913441066311095,5.211749641574009,518.3943618843098,30.0,10.0,86.2603763503086,89.84375,97.65625,7.982641961296477
session_9.csv,session_9,393,25152,25280,25152,25280,50.304,50.56,relax,0,18,0.140625,True,True,2.379718187949372,3.1734888269988915,311.51612945375314,20.0,3.0,83.65824502076224,85.9375,89.84375,16.906767484846267
session_9.csv,session_9,394,25216,25344,25216,25344,50.432,50.688,relax,0,0,0.0,False,False,2.0381719177478326,2.66141060061073,274.64886743831846,19.0,0.0,80.75269269788522,82.03125,82.03125,3.086261421665851
session_9.csv,session_9,395,25280,25408,25280,25408,50.56,50.816,relax,0,0,0.0,False,False,2.6472218119121207,3.4065925761078577,339.9262570686009,25.0,3.0,83.12676539645229,85.9375,89.84375,11.535537139528548
session_9.csv,session_9,396,25344,25472,25344,25472,50.688,50.944,relax,0,0,0.0,False,False,2.9098166099385034,3.4983099810128517,363.3943869511593,33.0,3.0,82.21098733766478,78.125,78.125,13.569078902736903
session_9.csv,session_9,397,25408,25536,25408,25536,50.816,51.072,relax,0,0,0.0,False,False,2.3684046160836543,2.7926953336211047,314.60444688243626,32.0,0.0,84.9726525672144,85.9375,78.125,6.8047987277385245
session_9.csv,session_9,398,25472,25600,25472,25600,50.944,51.2,relax,0,0,0.0,False,False,2.374251563997345,2.8116613984557803,319.1056477047065,31.0,0.0,84.57903623547388,89.84375,97.65625,6.56692002073827
session_9.csv,session_9,399,25536,25664,25536,25664,51.072,51.328,relax,0,0,0.0,False,False,3.430501550675382,4.6914382860916835,456.93022631225176,33.0,4.0,78.76426218577151,78.125,78.125,5.224998257938387
session_9.csv,session_9,400,25600,25728,25600,25728,51.2,51.456,relax,0,39,0.3046875,True,True,10.329707967160612,15.848756453791385,1327.3162851274292,37.0,20.0,77.59945615742224,78.125,78.125,406.5443949015112
session_9.csv,session_9,401,25664,25792,25664,25792,51.328,51.584,clench,1,103,0.8046875,True,True,11.217670982940936,16.374254013703805,1457.8881949896886,40.0,23.0,81.02982091596843,82.03125,78.125,71.75426136601915
session_9.csv,session_9,402,25728,25856,25728,25856,51.456,51.712,clench,1,128,1.0,False,False,8.45868087740612,10.679253376224425,1074.51582245113,38.0,17.0,84.36009239956003,85.9375,74.21875,113.55330871490666
session_9.csv,session_9,403,25792,25920,25792,25920,51.584,51.84,clench,1,128,1.0,False,False,9.960596383925797,12.068447760042766,1234.6765075316437,39.0,20.0,78.07017415200856,78.125,78.125,100.38627191536655
session_9.csv,session_9,404,25856,25984,25856,25984,51.712,51.968,clench,1,128,1.0,False,False,8.662823279874015,10.895609449453902,1113.8721716476368,41.0,22.0,77.84536327100372,78.125,78.125,156.1052764458043
session_9.csv,session_9,405,25920,26048,25920,26048,51.84,52.096,clench,1,128,1.0,False,False,10.152073323698943,12.658867739452539,1304.735190378562,40.0,24.0,79.14587696461578,78.125,78.125,109.7514957032028
session_9.csv,session_9,406,25984,26112,25984,26112,51.968,52.224,clench,1,128,1.0,False,False,9.309469106203062,11.796903292581662,1208.6140920389746,38.0,20.0,85.82346595074976,85.9375,85.9375,115.43624176137331
session_9.csv,session_9,407,26048,26176,26048,26176,52.096,52.352,clench,1,128,1.0,False,False,6.738769961885905,8.159202937526441,856.7708760510036,39.0,19.0,80.21169958017718,82.03125,85.9375,48.338734773101315
session_9.csv,session_9,408,26112,26240,26112,26240,52.224,52.48,clench,1,128,1.0,False,False,7.137311017242372,8.564694746346055,963.4593882513911,44.0,26.0,84.84663736001791,85.9375,97.65625,49.19378373560285
session_9.csv,session_9,409,26176,26304,26176,26304,52.352,52.608,clench,1,128,1.0,False,False,6.173137486677637,7.445423615887219,851.3108223107071,46.0,21.0,88.32860674061759,93.75,97.65625,54.894104288659285
session_9.csv,session_9,410,26240,26368,26240,26368,52.48,52.736,clench,1,128,1.0,False,False,6.848689334666445,8.323513897556602,864.4600118080963,42.0,17.0,81.1711831814576,82.03125,82.03125,47.67807213927707
session_9.csv,session_9,411,26304,26432,26304,26432,52.608,52.864,clench,1,128,1.0,False,False,9.237122130670047,11.453860431203806,1185.4587628620047,42.0,25.0,80.9078117627384,78.125,78.125,128.57606765538358
session_9.csv,session_9,412,26368,26496,26368,26496,52.736,52.992,clench,1,128,1.0,False,False,9.714113340929291,11.759540871699969,1226.8373686744612,42.0,26.0,77.2159460674863,74.21875,74.21875,123.91662967384943
session_9.csv,session_9,413,26432,26560,26432,26560,52.864,53.12,clench,1,128,1.0,False,False,7.676063956231588,9.380612909975635,927.3455001991217,34.0,16.0,82.76206559174514,82.03125,78.125,67.95697471965697
session_9.csv,session_9,414,26496,26624,26496,26624,52.992,53.248,clench,1,128,1.0,False,False,6.342675762543838,8.112056119407324,790.6585970415258,34.0,17.0,77.47952817039119,78.125,74.21875,74.27431276709609
session_9.csv,session_9,415,26560,26688,26560,26688,53.12,53.376,clench,1,128,1.0,False,True,5.521995556258481,7.174814698113428,709.689386210834,38.0,16.0,80.66279632402778,78.125,74.21875,49.121368853867935
session_9.csv,session_9,416,26624,26752,26624,26752,53.248,53.504,clench,1,70,0.546875,True,True,3.2337821074162534,4.31442938324348,419.8348132021472,30.0,7.0,80.335217748982,78.125,78.125,14.265868020257095
session_9.csv,session_9,417,26688,26816,26688,26816,53.376,53.632,relax,0,6,0.046875,True,True,2.88632358871956,3.8100526987919614,369.6802740235714,26.0,4.0,81.5090090350803,85.9375,85.9375,15.828306928950708
session_9.csv,session_9,418,26752,26880,26752,26880,53.504,53.76,relax,0,0,0.0,False,False,3.087344337525943,3.991705234712203,402.7215119408197,30.0,5.0,80.37827982117061,78.125,78.125,9.34782178451404
session_9.csv,session_9,419,26816,26944,26816,26944,53.632,53.888,relax,0,0,0.0,False,False,2.832247589474915,3.428500913274803,381.82156213575763,34.0,1.0,80.21718480017552,82.03125,93.75,9.207343618969148
session_9.csv,session_9,420,26880,27008,26880,27008,53.76,54.016,relax,0,0,0.0,False,False,2.525449950082405,3.1143535312487454,346.6361224027911,29.0,0.0,87.26421359455325,89.84375,93.75,10.991389153121151
session_9.csv,session_9,421,26944,27072,26944,27072,53.888,54.144,relax,0,0,0.0,False,False,2.0007852278921634,2.527209433407569,276.93580665956733,23.0,1.0,82.47551585022232,85.9375,85.9375,4.239040364638082
session_9.csv,session_9,422,27008,27136,27008,27136,54.016,54.272,relax,0,0,0.0,False,False,2.472619973946376,3.1765242170645553,329.8077930837479,27.0,4.0,82.63052263329443,82.03125,93.75,7.800828437269619
session_9.csv,session_9,423,27072,27200,27072,27200,54.144,54.4,relax,0,11,0.0859375,True,True,12.943858993456077,23.1371988458786,1601.9569256848615,37.0,17.0,76.47755850048512,78.125,78.125,103.79231314614745
session_9.csv,session_9,424,27136,27264,27136,27264,54.272,54.528,clench,1,75,0.5859375,True,True,22.24927989966868,29.636392490515767,2721.7087043537426,40.0,28.0,80.27051746563625,82.03125,82.03125,1297.6488129292663
session_9.csv,session_9,425,27200,27328,27200,27328,54.4,54.656,clench,1,128,1.0,False,True,14.474253062891899,19.8922974896451,1809.4236955642573,41.0,22.0,76.61237131861404,74.21875,74.21875,248.47398606594444
session_9.csv,session_9,426,27264,27392,27264,27392,54.528,54.784,clench,1,128,1.0,False,False,11.321172010864059,14.522712109919471,1420.849672298931,41.0,22.0,78.80841622432392,78.125,78.125,137.9703371508255
session_9.csv,session_9,427,27328,27456,27328,27456,54.656,54.912,clench,1,128,1.0,False,False,12.90221452510983,15.83094322974866,1579.574421659387,39.0,25.0,80.471674170709,82.03125,78.125,336.87479202949646
session_9.csv,session_9,428,27392,27520,27392,27520,54.784,55.04,clench,1,128,1.0,False,False,10.689097578185322,14.453276711273519,1353.544935642588,43.0,24.0,80.67601513713468,82.03125,82.03125,131.95390552656323
session_9.csv,session_9,429,27456,27584,27456,27584,54.912,55.168,clench,1,128,1.0,False,False,9.447761685405194,13.34681323150575,1206.587516360481,42.0,20.0,78.35054751717385,78.125,70.3125,118.08991775264154
session_9.csv,session_9,430,27520,27648,27520,27648,55.04,55.296,clench,1,128,1.0,False,False,6.839994245503433,8.879902241966146,857.69436864033,39.0,18.0,81.378401126248,78.125,74.21875,69.20372177722206
session_9.csv,session_9,431,27584,27712,27584,27712,55.168,55.424,clench,1,128,1.0,False,False,5.1063437708168244,6.306598415961447,660.1120872464578,40.0,13.0,81.88392539475473,82.03125,82.03125,31.404080904205323
session_9.csv,session_9,432,27648,27776,27648,27776,55.296,55.552,clench,1,128,1.0,False,False,6.599332638223851,8.74185636775252,843.6524866396594,41.0,11.0,80.6082655447339,78.125,70.3125,82.2514009739226
session_9.csv,session_9,433,27712,27840,27712,27840,55.424,55.68,clench,1,128,1.0,False,False,5.838438502159392,8.24248525807683,744.291118919101,34.0,10.0,80.245292092172,82.03125,82.03125,62.05953335710574
session_9.csv,session_9,434,27776,27904,27776,27904,55.552,55.808,clench,1,128,1.0,False,True,3.3794082403133965,4.209865794918568,421.9443984046459,30.0,5.0,78.57595107391816,78.125,66.40625,16.064640355959067
session_9.csv,session_9,435,27840,27968,27840,27968,55.68,55.936,clench,1,84,0.65625,True,True,3.8094471396065517,4.72784773499095,493.852836869846,34.0,9.0,82.8699754687001,82.03125,97.65625,17.003928566987497
session_9.csv,session_9,436,27904,28032,27904,28032,55.808,56.064,relax,0,20,0.15625,True,True,3.1562390194359358,4.099398100137097,418.06305513644145,31.0,6.0,82.00071280693498,85.9375,85.9375,11.853152613186133
session_9.csv,session_9,437,27968,28096,27968,28096,55.936,56.192,relax,0,0,0.0,False,False,2.4302582769645253,3.1616405296168577,321.2228610658408,27.0,0.0,83.125143279385,85.9375,85.9375,11.086387007759136
session_9.csv,session_9,438,28032,28160,28032,28160,56.064,56.32,relax,0,0,0.0,False,False,2.687294581869949,3.677025130617515,353.5431704656239,25.0,2.0,81.42071952055295,82.03125,82.03125,10.657244758624685
session_9.csv,session_9,439,28096,28224,28096,28224,56.192,56.448,relax,0,0,0.0,False,False,3.1967524923051025,4.15541314503986,407.0679071341449,27.0,4.0,76.53424135165336,74.21875,70.3125,15.668307781798795
session_9.csv,session_9,440,28160,28288,28160,28288,56.32,56.576,relax,0,0,0.0,False,False,2.9515621812885815,3.694371605014184,366.0096677845414,27.0,2.0,79.7733415249102,78.125,74.21875,8.744574374696777
session_9.csv,session_9,441,28224,28352,28224,28352,56.448,56.704,relax,0,0,0.0,False,True,2.4917336311208658,3.3178943996597,310.64926111759576,21.0,0.0,76.96071504120135,74.21875,74.21875,4.333659409747573
session_9.csv,session_9,442,28288,28416,28288,28416,56.576,56.832,relax,0,57,0.4453125,True,True,15.069848215685472,23.347041531080702,1906.148839504888,31.0,18.0,83.89151105349747,85.9375,85.9375,256.6535984004339
session_9.csv,session_9,443,28352,28480,28352,28480,56.704,56.96,clench,1,121,0.9453125,True,True,20.826701149277103,26.442651964579774,2620.1776314245303,41.0,30.0,80.58832786108685,82.03125,82.03125,729.7943895944431
session_9.csv,session_9,444,28416,28544,28416,28544,56.832,57.088,clench,1,128,1.0,False,False,13.137709525849246,16.5134123124012,1686.294127929254,40.0,27.0,81.26440716118819,82.03125,82.03125,376.74777109312186
session_9.csv,session_9,445,28480,28608,28480,28608,56.96,57.216,clench,1,128,1.0,False,False,12.28788009528672,14.825938704949639,1650.4545288899376,43.0,32.0,84.6938333634104,85.9375,89.84375,139.9554476324756
session_9.csv,session_9,446,28544,28672,28544,28672,57.088,57.344,clench,1,123,0.9609375,True,True,9.637728962078484,12.045894604540882,1255.6870386072524,42.0,25.0,82.06143621764653,82.03125,89.84375,143.3617583041119
session_9.csv,session_9,447,28608,28736,28608,28736,57.216,57.472,relax,0,59,0.4609375,True,True,4.7127484777412825,6.55574972731608,611.1543030504941,35.0,10.0,86.32764452583477,85.9375,85.9375,18.086235065148514
session_9.csv,session_9,448,28672,28800,28672,28800,57.344,57.6,relax,0,0,0.0,False,True,3.621969111345524,4.751358754674336,484.4165336896375,34.0,6.0,81.64211416806936,85.9375,85.9375,14.927956375577004
session_9.csv,session_9,449,28736,28864,28736,28864,57.472,57.728,relax,0,0,0.0,False,False,3.897863099273521,4.9824000335824215,524.0320063057641,34.0,8.0,83.87207707576722,85.9375,82.03125,32.737734272085156
session_9.csv,session_9,450,28800,28928,28800,28928,57.6,57.856,relax,0,0,0.0,False,False,2.7600358092489072,3.4770056081971914,366.23924808285017,30.0,2.0,85.91192882814853,82.03125,97.65625,3.6981525857916737
session_9.csv,session_9,451,28864,28992,28864,28992,57.728,57.984,relax,0,0,0.0,False,False,2.382283605462911,3.0282667482099597,310.3569929819712,25.0,0.0,77.65330796781471,74.21875,70.3125,7.414169251255797
session_9.csv,session_9,452,28928,29056,28928,29056,57.856,58.112,relax,0,0,0.0,False,False,2.8429161701205317,3.6073214835076546,381.27444009987755,31.0,3.0,85.5483993348563,89.84375,97.65625,11.51316006573616
session_9.csv,session_9,453,28992,29120,28992,29120,57.984,58.24,relax,0,0,0.0,False,False,3.7626506626869025,4.513946945341669,486.3194268854096,41.0,5.0,82.28579705957368,78.125,78.125,18.295365319349976
session_9.csv,session_9,454,29056,29184,29056,29184,58.112,58.368,relax,0,0,0.0,False,False,3.145352440678842,3.9486286848794787,404.88005272662065,34.0,3.0,80.42750855347093,85.9375,89.84375,13.076488931633355
session_9.csv,session_9,455,29120,29248,29120,29248,58.24,58.496,relax,0,0,0.0,False,False,4.590281300620824,6.597951441417726,575.2937282455597,32.0,9.0,81.03403316791305,82.03125,85.9375,14.009824449272038
session_9.csv,session_9,456,29184,29312,29184,29312,58.368,58.624,relax,0,38,0.296875,True,True,15.912669098327555,22.27259311978868,2095.4586261015074,42.0,28.0,82.51903788919896,82.03125,78.125,591.7453604000098
session_9.csv,session_9,457,29248,29376,29248,29376,58.496,58.752,clench,1,102,0.796875,True,True,18.89643941016955,24.270527373804285,2500.98586780462,44.0,34.0,86.84831459933345,89.84375,89.84375,409.96799558777457
session_9.csv,session_9,458,29312,29440,29312,29440,58.624,58.88,clench,1,128,1.0,False,False,12.04443356080909,15.235116771979074,1612.1731809357138,44.0,30.0,85.66101022492549,89.84375,89.84375,242.50563098015803
session_9.csv,session_9,459,29376,29504,29376,29504,58.752,59.008,clench,1,128,1.0,False,False,10.998164637502526,13.546130699154762,1463.912156521232,44.0,29.0,80.37663384998102,82.03125,85.9375,130.1622994866698
session_9.csv,session_9,460,29440,29568,29440,29568,58.88,59.136,clench,1,128,1.0,False,False,8.63831184946114,10.564017982168462,1136.3067063596914,45.0,24.0,83.67120203190345,82.03125,82.03125,93.33889471431483
session_9.csv,session_9,461,29504,29632,29504,29632,59.008,59.264,clench,1,128,1.0,False,True,6.000530250811847,7.169011362294332,785.8437158258677,43.0,21.0,76.99080252225563,70.3125,66.40625,39.84481642532713
session_9.csv,session_9,462,29568,29696,29568,29696,59.136,59.392,clench,1,86,0.671875,True,True,4.429334322595588,5.717352234367233,567.369841488258,36.0,9.0,84.56215188802204,85.9375,82.03125,24.470643586264593
session_9.csv,session_9,463,29632,29760,29632,29760,59.264,59.52,relax,0,22,0.171875,True,True,2.9230018568651834,3.68690327685771,387.8577315378218,35.0,2.0,76.32937646705518,74.21875,74.21875,11.051370484560003
session_9.csv,session_9,464,29696,29824,29696,29824,59.392,59.648,relax,0,0,0.0,False,False,2.541012833608505,3.0278191798749248,323.06190773859896,31.0,1.0,80.88747877602867,74.21875,74.21875,6.949696955212967
session_9.csv,session_9,465,29760,29888,29760,29888,59.52,59.776,relax,0,0,0.0,False,False,2.658515553781805,3.246035466567173,323.5791970344658,26.0,4.0,81.47232571005601,82.03125,70.3125,13.91114653004811
session_9.csv,session_9,466,29824,29952,29824,29952,59.648,59.904,relax,0,0,0.0,False,False,2.506290885142895,3.1528316626472503,328.22252127616366,29.0,3.0,81.62430608970527,78.125,78.125,4.669220528801961
session_9.csv,session_9,467,29888,30016,29888,30016,59.776,60.032,relax,0,0,0.0,False,False,2.4794808745641213,3.276049063466238,332.82459933049415,29.0,1.0,84.30265588513936,82.03125,93.75,6.921627823335071
session_9.csv,session_9,468,29952,30080,29952,30080,59.904,60.16,relax,0,0,0.0,False,True,4.2525629229274,6.491758885137423,519.5343954750514,29.0,7.0,78.5735150611161,78.125,78.125,19.09600729909726
session_9.csv,session_9,469,30016,30144,30016,30144,60.032,60.288,relax,0,43,0.3359375,True,True,11.638179048754935,17.214548232458085,1451.8077005282234,33.0,21.0,81.77748858273971,78.125,78.125,441.9624788535124
session_9.csv,session_9,470,30080,30208,30080,30208,60.16,60.416,clench,1,107,0.8359375,True,True,13.630627470112394,19.151236007109514,1719.1641196873188,39.0,24.0,80.2361451599049,78.125,70.3125,306.1430975517316
session_9.csv,session_9,471,30144,30272,30144,30272,60.288,60.544,clench,1,128,1.0,False,False,8.730962838295891,12.240251743855984,1110.0468028016749,41.0,17.0,73.27615480957704,74.21875,70.3125,62.47856756406345
session_9.csv,session_9,472,30208,30336,30208,30336,60.416,60.672,clench,1,128,1.0,False,False,7.998388776502031,9.799104634814023,1067.9733874187061,44.0,26.0,83.8710644002536,89.84375,89.84375,26.122508474238074
session_9.csv,session_9,473,30272,30400,30272,30400,60.544,60.8,clench,1,128,1.0,False,False,10.369231711477422,13.483465241348606,1386.0158375821893,46.0,32.0,84.29862303644879,82.03125,78.125,131.020690848673
session_9.csv,session_9,474,30336,30464,30336,30464,60.672,60.928,clench,1,128,1.0,False,False,10.011883164960164,13.188168037126792,1291.1738854112368,42.0,25.0,83.50612441157833,82.03125,78.125,186.89938562289512
session_9.csv,session_9,475,30400,30528,30400,30528,60.8,61.056,clench,1,128,1.0,False,False,8.595147751142516,10.887340239662638,1119.9719220245918,39.0,18.0,80.14742137160204,78.125,78.125,119.32856006836988
session_9.csv,session_9,476,30464,30592,30464,30592,60.928,61.184,clench,1,128,1.0,False,False,8.54922168139247,10.891114418309227,1120.7195322505231,40.0,12.0,77.55526632193167,74.21875,74.21875,95.3452952196551
session_9.csv,session_9,477,30528,30656,30528,30656,61.056,61.312,clench,1,128,1.0,False,False,7.162999920143508,8.879261294660978,892.583576658341,39.0,8.0,79.27876192330507,82.03125,82.03125,61.73640724539081
session_9.csv,session_9,478,30592,30720,30592,30720,61.184,61.44,clench,1,128,1.0,False,False,6.638828069461059,8.287014676008928,833.6122077405722,41.0,12.0,80.2302247369044,78.125,89.84375,48.15534678547544
session_9.csv,session_9,479,30656,30784,30656,30784,61.312,61.568,clench,1,128,1.0,False,False,6.682192843220727,8.42054363278899,868.3740154870109,44.0,16.0,77.94456292571599,78.125,74.21875,56.31621911700422
session_9.csv,session_9,480,30720,30848,30720,30848,61.44,61.696,clench,1,128,1.0,False,False,5.862976876621932,7.298113920227258,768.1323918334247,42.0,15.0,86.69026929980025,85.9375,82.03125,57.96757163453737
session_9.csv,session_9,481,30784,30912,30784,30912,61.568,61.824,clench,1,128,1.0,False,True,5.683871159872988,7.161972487009376,762.3892795938159,38.0,14.0,91.17019436592585,93.75,97.65625,64.27833746849106
session_9.csv,session_9,482,30848,30976,30848,30976,61.696,61.952,clench,1,69,0.5390625,True,True,4.759420295138659,6.543194261557787,632.8314760833309,33.0,7.0,80.13044135964847,82.03125,66.40625,17.502150790157298
session_9.csv,session_9,483,30912,31040,30912,31040,61.824,62.08,relax,0,5,0.0390625,True,True,2.879368498041403,3.746820651166401,362.9961731184902,28.0,1.0,78.96019797673897,78.125,78.125,10.071678213435916
session_9.csv,session_9,484,30976,31104,30976,31104,61.952,62.208,relax,0,0,0.0,False,False,2.5109167829699475,3.168760009784156,315.4624170330346,25.0,1.0,76.12296547780954,78.125,78.125,13.20088253227979
session_9.csv,session_9,485,31040,31168,31040,31168,62.08,62.336,relax,0,0,0.0,False,False,2.2016197092979395,2.864679830360231,285.3652146476935,22.0,1.0,75.47410499762442,74.21875,70.3125,3.002857623356561
session_9.csv,session_9,486,31104,31232,31104,31232,62.208,62.464,relax,0,0,0.0,False,False,2.47566479214772,3.3489164174695683,330.8775947776455,25.0,1.0,85.14967547770242,89.84375,93.75,9.957966651301644
session_9.csv,session_9,487,31168,31296,31168,31296,62.336,62.592,relax,0,0,0.0,False,False,2.9718267238872897,3.6551861925346727,393.40952046956477,35.0,1.0,80.8955521084434,82.03125,82.03125,16.976060435283337
session_9.csv,session_9,488,31232,31360,31232,31360,62.464,62.72,relax,0,0,0.0,False,False,2.897462241559383,3.429974618290523,370.4562685790744,32.0,1.0,81.58234411765675,85.9375,89.84375,6.530172880668816
session_9.csv,session_9,489,31296,31424,31296,31424,62.592,62.848,relax,0,0,0.0,False,False,2.854605438115601,3.4147658759949953,348.3954950730091,28.0,2.0,77.66034783680675,74.21875,74.21875,11.99566596452882
session_9.csv,session_9,490,31360,31488,31360,31488,62.72,62.976,relax,0,0,0.0,False,False,2.8875972192117993,3.6387006779551667,358.5139005079318,26.0,3.0,76.51800210717514,74.21875,74.21875,7.359855005618945
session_9.csv,session_9,491,31424,31552,31424,31552,62.848,63.104,relax,0,12,0.09375,True,True,10.523371049355259,17.57003869374967,1281.029163778136,30.0,12.0,79.54240432442013,78.125,70.3125,92.51339665854219
session_9.csv,session_9,492,31488,31616,31488,31616,62.976,63.232,clench,1,76,0.59375,True,True,16.829729112303138,22.47091026898794,2021.3101906507568,40.0,22.0,76.55752774859494,74.21875,74.21875,879.0318323080608
session_9.csv,session_9,493,31552,31680,31552,31680,63.104,63.36,clench,1,128,1.0,False,True,16.70792454218484,21.164061432728783,2078.441950057479,41.0,26.0,84.9888294338988,85.9375,85.9375,276.95091985448516
session_9.csv,session_9,494,31616,31744,31616,31744,63.232,63.488,clench,1,128,1.0,False,False,18.589818902331842,22.821387295339267,2420.808483946569,41.0,32.0,77.04059258193847,78.125,78.125,570.0263630701377
session_9.csv,session_9,495,31680,31808,31680,31808,63.36,63.616,clench,1,128,1.0,False,False,14.452035183521042,18.630228519910766,1851.3623840500754,42.0,30.0,87.41487280347276,89.84375,93.75,158.5201081029296
session_9.csv,session_9,496,31744,31872,31744,31872,63.488,63.744,clench,1,128,1.0,False,False,12.499451327744644,15.653220615492955,1652.640627397261,43.0,27.0,82.84646979458824,82.03125,74.21875,200.88535308617742
session_9.csv,session_9,497,31808,31936,31808,31936,63.616,63.872,clench,1,128,1.0,False,False,13.68716078652288,17.417284382012785,1790.7803137406067,39.0,25.0,81.27274741154609,78.125,78.125,201.14077993424814
session_9.csv,session_9,498,31872,32000,31872,32000,63.744,64.0,clench,1,128,1.0,False,False,11.168197450168325,14.042845125612624,1443.5316802901946,39.0,25.0,83.836928280678,85.9375,93.75,215.06536639876433
session_9.csv,session_9,499,31936,32064,31936,32064,63.872,64.128,clench,1,128,1.0,False,False,11.148384493664977,13.003398931065469,1513.7083031518027,44.0,34.0,82.58874678949115,82.03125,78.125,183.20126178671643
session_9.csv,session_9,500,32000,32128,32000,32128,64.0,64.256,clench,1,128,1.0,False,False,11.160590688595732,14.211397204784904,1523.43360574289,47.0,27.0,84.63164691078003,85.9375,82.03125,158.6708934048777
session_9.csv,session_9,501,32064,32192,32064,32192,64.128,64.384,clench,1,128,1.0,False,False,9.681137314215132,12.837114458779064,1273.6868593784052,42.0,19.0,82.76760472834836,82.03125,78.125,138.43248130853578
session_9.csv,session_9,502,32128,32256,32128,32256,64.256,64.512,clench,1,128,1.0,False,False,9.520650212248828,11.841406226933895,1203.6787894607667,39.0,21.0,78.44057231322411,74.21875,74.21875,114.428282229581
session_9.csv,session_9,503,32192,32320,32192,32320,64.384,64.64,clench,1,128,1.0,False,False,9.550818289328294,12.022669950731734,1197.5039733527376,42.0,19.0,81.60803954168014,82.03125,78.125,181.0564078266769
session_9.csv,session_9,504,32256,32384,32256,32384,64.512,64.768,clench,1,128,1.0,False,False,7.987875585007896,10.06965561690722,997.0199922937757,41.0,19.0,79.53606030608356,78.125,97.65625,40.83470945601535
session_9.csv,session_9,505,32320,32448,32320,32448,64.64,64.896,clench,1,128,1.0,False,False,6.386313627907211,7.799398504436116,834.0047158343734,40.0,18.0,79.26310608412399,82.03125,82.03125,80.44497152964361
session_9.csv,session_9,506,32384,32512,32384,32512,64.768,65.024,clench,1,128,1.0,False,False,6.167760348716234,7.730774586288014,785.8217456297074,36.0,13.0,80.74575421921575,82.03125,82.03125,50.132578706533444
session_9.csv,session_9,507,32448,32576,32448,32576,64.896,65.152,clench,1,128,1.0,False,False,6.234109292264615,8.005191720127714,763.9406216274675,33.0,9.0,79.47432587789143,82.03125,82.03125,61.35333503620181
session_9.csv,session_9,508,32512,32640,32512,32640,65.024,65.28,clench,1,128,1.0,False,False,7.56872671458535,9.593586552770395,952.7140083837885,37.0,16.0,79.90598548099801,82.03125,82.03125,89.07905564660962
session_9.csv,session_9,509,32576,32704,32576,32704,65.152,65.408,clench,1,128,1.0,False,False,8.210451559826549,10.032400384635249,985.6870040843653,37.0,19.0,78.58576126366862,78.125,78.125,105.81089777445598
session_9.csv,session_9,510,32640,32768,32640,32768,65.28,65.536,clench,1,128,1.0,False,False,7.845907076765881,9.477936851351805,917.0343177865915,37.0,19.0,74.87789748654754,74.21875,70.3125,43.64218157613885
session_9.csv,session_9,511,32704,32832,32704,32832,65.408,65.664,clench,1,128,1.0,False,False,8.200407605463763,9.78468578286867,1004.6755998059456,40.0,20.0,77.51368419764177,74.21875,74.21875,113.04236976085409
session_9.csv,session_9,512,32768,32896,32768,32896,65.536,65.792,clench,1,128,1.0,False,False,7.803876659799698,9.489070453074442,948.4987502577051,41.0,17.0,75.3031331146452,74.21875,74.21875,112.08630822623624
session_9.csv,session_9,513,32832,32960,32832,32960,65.664,65.92,clench,1,128,1.0,False,True,6.343003190737065,7.898373008734501,817.9556144212643,43.0,14.0,85.29693123052822,85.9375,93.75,30.299594245029898
session_9.csv,session_9,514,32896,33024,32896,33024,65.792,66.048,clench,1,69,0.5390625,True,True,3.7297935670065403,4.7871059680744565,500.9811269972872,31.0,7.0,80.04694126397354,78.125,78.125,17.34396891758168
session_9.csv,session_9,515,32960,33088,32960,33088,65.92,66.176,relax,0,5,0.0390625,True,True,1.9658496087340733,2.3999834920106466,260.53190964767725,20.0,0.0,86.73696901043162,93.75,97.65625,4.087659939141905
session_9.csv,session_9,516,33024,33152,33024,33152,66.048,66.304,relax,0,0,0.0,False,False,2.238666649954668,2.707052915511396,289.98713921170827,24.0,1.0,80.56952600060927,78.125,74.21875,7.082246047258976
session_9.csv,session_9,517,33088,33216,33088,33216,66.176,66.432,relax,0,0,0.0,False,False,2.353819619429146,2.8434162321231296,300.077738727545,24.0,1.0,82.39447006151981,82.03125,82.03125,6.768621842098246
session_9.csv,session_9,518,33152,33280,33152,33280,66.304,66.56,relax,0,0,0.0,False,False,2.032041458050574,2.6451722835160334,257.4733453386398,20.0,0.0,79.87997789906694,78.125,66.40625,3.982254725893807
session_9.csv,session_9,519,33216,33344,33216,33344,66.432,66.688,relax,0,0,0.0,False,False,2.5925781360358204,3.352908019466356,341.51448101395636,28.0,5.0,83.6281534600609,85.9375,89.84375,7.554229576830044
session_9.csv,session_9,520,33280,33408,33280,33408,66.56,66.816,relax,0,0,0.0,False,False,2.945772401962749,3.5417887263313976,389.60953125575986,35.0,6.0,86.3640925380294,89.84375,97.65625,15.336835350101152
session_9.csv,session_9,521,33344,33472,33344,33472,66.688,66.944,relax,0,0,0.0,False,True,4.071407481426407,6.206636732100756,498.5670644709787,32.0,4.0,78.06897938617259,78.125,78.125,7.332175438656373
session_9.csv,session_9,522,33408,33536,33408,33536,66.816,67.072,relax,0,61,0.4765625,True,True,14.8366641218876,22.31830308939696,1931.1551260330393,37.0,21.0,86.28481491022904,85.9375,85.9375,862.3082821347004
session_9.csv,session_9,523,33472,33600,33472,33600,66.944,67.2,clench,1,125,0.9765625,True,True,15.283114559404085,22.32475332414559,2014.6759801361302,41.0,25.0,84.49793622327822,85.9375,93.75,174.02022055383082
session_9.csv,session_9,524,33536,33664,33536,33664,67.072,67.328,clench,1,128,1.0,False,False,6.207397682336892,7.973742304283095,843.7558576705825,42.0,18.0,84.3663770678831,85.9375,97.65625,40.278617557345505
session_9.csv,session_9,525,33600,33728,33600,33728,67.2,67.456,clench,1,128,1.0,False,True,5.176652633740943,6.52263930266991,732.0883645612122,45.0,16.0,87.30270163343924,93.75,93.75,30.7648095900409
session_9.csv,session_9,526,33664,33792,33664,33792,67.328,67.584,relax,0,64,0.5,True,True,3.7353614409335547,4.455870162466898,507.6705083560845,43.0,9.0,85.02395200955809,82.03125,93.75,19.486468909547227
session_9.csv,session_9,527,33728,33856,33728,33856,67.456,67.712,relax,0,0,0.0,False,True,2.970521106585612,3.6635607914143495,402.53611333545905,39.0,4.0,86.8106569556002,89.84375,97.65625,6.895353335461913
session_9.csv,session_9,528,33792,33920,33792,33920,67.584,67.84,relax,0,0,0.0,False,False,2.9504592500532976,3.7746062532109335,399.860713665909,36.0,3.0,78.4744394673755,74.21875,70.3125,9.555680751405374
session_9.csv,session_9,529,33856,33984,33856,33984,67.712,67.968,relax,0,0,0.0,False,False,2.61342795448891,3.369229693851755,341.3697540699196,28.0,2.0,79.4041663722042,82.03125,85.9375,6.74402907859586
session_9.csv,session_9,530,33920,34048,33920,34048,67.84,68.096,relax,0,0,0.0,False,False,2.04684721004436,2.556442344114411,278.3810302932977,25.0,1.0,81.28486443663053,78.125,78.125,7.056946342836302
session_9.csv,session_9,531,33984,34112,33984,34112,67.968,68.224,relax,0,0,0.0,False,False,2.3745323107379104,2.9515020255279065,334.21394474551926,30.0,2.0,85.28819496247897,85.9375,97.65625,6.351405276448665
session_9.csv,session_9,532,34048,34176,34048,34176,68.096,68.352,relax,0,0,0.0,False,False,3.021851870508626,3.754498839626141,414.01808506463794,31.0,6.0,86.94073218830448,89.84375,93.75,7.933159574868753
session_9.csv,session_9,533,34112,34240,34112,34240,68.224,68.48,relax,0,0,0.0,False,False,2.896917605931682,3.64500127431598,380.3295844219906,30.0,5.0,82.90494463231555,85.9375,89.84375,10.860431104108446
session_9.csv,session_9,534,34176,34304,34176,34304,68.352,68.608,relax,0,0,0.0,False,False,2.234654177718885,2.8105300439917578,289.74321842739926,23.0,0.0,82.68482230381733,82.03125,82.03125,10.02985794148198
session_9.csv,session_9,535,34240,34368,34240,34368,68.48,68.736,relax,0,0,0.0,False,False,2.419582297005599,3.1068328607706235,313.8719629581716,23.0,3.0,81.67613525253303,85.9375,89.84375,5.5520174135528935
session_9.csv,session_9,536,34304,34432,34304,34432,68.608,68.864,relax,0,0,0.0,False,False,2.6669027147078586,3.33275100559519,347.52657995554716,30.0,4.0,83.01935913861128,78.125,78.125,12.026475691804121
session_9.csv,session_9,537,34368,34496,34368,34496,68.736,68.992,relax,0,0,0.0,False,False,3.9223961043163866,5.3866084275854,517.5370597828171,37.0,8.0,84.8508185442484,85.9375,82.03125,22.12234424719892
session_9.csv,session_9,538,34432,34560,34432,34560,68.864,69.12,relax,0,20,0.15625,True,True,11.719939581293803,16.15009324568105,1520.5647057736749,42.0,27.0,81.83413067549466,82.03125,82.03125,154.33566507682917
session_9.csv,session_9,539,34496,34624,34496,34624,68.992,69.248,clench,1,84,0.65625,True,True,13.58470453325734,17.074091662686506,1703.81394023972,40.0,30.0,80.06359489229828,82.03125,74.21875,314.2085579221915
session_9.csv,session_9,540,34560,34688,34560,34688,69.12,69.376,clench,1,128,1.0,False,True,11.144129505715835,13.476380616212433,1395.4960195566828,39.0,25.0,79.05723993013943,70.3125,70.3125,168.81958480485878
session_9.csv,session_9,541,34624,34752,34624,34752,69.248,69.504,clench,1,128,1.0,False,False,14.537345218781617,17.167934893759867,1794.679835311251,39.0,28.0,78.16787646289744,74.21875,74.21875,254.57662167789962
session_9.csv,session_9,542,34688,34816,34688,34816,69.376,69.632,clench,1,128,1.0,False,False,11.531045640389422,14.702745479712355,1453.570796113679,41.0,22.0,78.61187916304971,78.125,82.03125,156.82531341831404
session_9.csv,session_9,543,34752,34880,34752,34880,69.504,69.76,clench,1,128,1.0,False,False,7.370965438735778,9.609955323626888,988.7347190224642,41.0,20.0,84.30677288098791,89.84375,89.84375,71.45804089156815
session_9.csv,session_9,544,34816,34944,34816,34944,69.632,69.888,clench,1,128,1.0,False,False,6.753510796137959,8.367289780529456,885.5887189623169,42.0,20.0,83.31611090453397,85.9375,93.75,49.93429020139745
session_9.csv,session_9,545,34880,35008,34880,35008,69.76,70.016,clench,1,128,1.0,False,False,7.5561667766289276,9.570434184819646,1028.0059492523876,46.0,21.0,82.38687423676622,85.9375,89.84375,35.5578669162431
session_9.csv,session_9,546,34944,35072,34944,35072,69.888,70.144,clench,1,128,1.0,False,False,7.476832328258238,9.495763576229743,1038.8165338698004,46.0,23.0,89.03238441401126,89.84375,97.65625,102.2566470864798
session_9.csv,session_9,547,35008,35136,35008,35136,70.016,70.272,clench,1,128,1.0,False,False,6.683917312165497,9.767125064653582,825.6053926561642,37.0,13.0,75.73736380441738,74.21875,70.3125,26.957319511612813
session_9.csv,session_9,548,35072,35200,35072,35200,70.144,70.4,clench,1,128,1.0,False,False,7.336886449253242,10.385624136828229,915.2273926562659,37.0,12.0,76.86436116724937,74.21875,70.3125,172.93501591948123
session_9.csv,session_9,549,35136,35264,35136,35264,70.272,70.528,clench,1,116,0.90625,True,True,5.788463443900922,7.200315414135179,727.6199416142888,36.0,11.0,81.31292979042246,78.125,78.125,24.63768247506763
session_9.csv,session_9,550,35200,35328,35200,35328,70.4,70.656,relax,0,52,0.40625,True,True,4.1469574250429515,5.244804824028234,528.7563161178135,32.0,6.0,81.381191833348,78.125,78.125,28.80309870319117
session_9.csv,session_9,551,35264,35392,35264,35392,70.528,70.784,relax,0,0,0.0,False,True,2.9518770837468375,3.9402198726941156,389.2581801406226,26.0,4.0,86.62191922427643,89.84375,89.84375,18.623452283911114
session_9.csv,session_9,552,35328,35456,35328,35456,70.656,70.912,relax,0,0,0.0,False,False,2.282592918650179,2.6666308656942714,294.1097619460676,24.0,1.0,77.15799647174244,74.21875,70.3125,6.759202232123904
session_9.csv,session_9,553,35392,35520,35392,35520,70.784,71.04,relax,0,0,0.0,False,False,2.445258078999003,2.9246588647338356,319.13872540345835,27.0,2.0,82.29051952691765,82.03125,82.03125,7.306363272381008
session_9.csv,session_9,554,35456,35584,35456,35584,70.912,71.168,relax,0,0,0.0,False,False,2.1016966998361166,2.6856643481877804,272.428427861215,20.0,2.0,81.52554182442485,85.9375,85.9375,4.141117814789315
session_9.csv,session_9,555,35520,35648,35520,35648,71.04,71.296,relax,0,0,0.0,False,False,1.9227340144285936,2.504216864289991,252.84228242697156,20.0,1.0,82.43879821601271,82.03125,82.03125,8.881409815627322
session_9.csv,session_9,556,35584,35712,35584,35712,71.168,71.424,relax,0,0,0.0,False,False,1.8938084347233497,2.411644129568601,254.19472563133854,19.0,1.0,82.82141335003006,85.9375,97.65625,3.6849443212377326
session_9.csv,session_9,557,35648,35776,35648,35776,71.296,71.552,relax,0,0,0.0,False,False,1.6932671685026293,2.0855871055909425,221.2804741546846,16.0,0.0,81.63003959569426,82.03125,85.9375,4.8769777454165
session_9.csv,session_9,558,35712,35840,35712,35840,71.424,71.68,relax,0,0,0.0,False,False,2.097305156978928,2.7321798996680835,264.2891924838591,22.0,0.0,78.38731581419735,74.21875,74.21875,4.054491767492211
session_9.csv,session_9,559,35776,35904,35776,35904,71.552,71.808,relax,0,0,0.0,False,False,2.6889362852629963,3.377791867704796,342.7588415770415,29.0,1.0,85.55355387564596,85.9375,85.9375,11.975316601733445
session_9.csv,session_9,560,35840,35968,35840,35968,71.68,71.936,relax,0,0,0.0,False,True,11.306124883818738,23.094078722109735,1358.388912774536,32.0,10.0,77.46183531022862,78.125,82.03125,51.90702182934154
session_9.csv,session_9,561,35904,36032,35904,36032,71.808,72.064,relax,0,61,0.4765625,True,True,17.578265409656776,26.676174720648728,2207.9634646793997,40.0,27.0,79.40382921041208,78.125,74.21875,1109.172114162409
session_9.csv,session_9,562,35968,36096,35968,36096,71.936,72.192,clench,1,125,0.9765625,True,True,14.083425255175577,17.35922880705865,1897.8083762962337,47.0,33.0,83.06135749460152,78.125,78.125,301.15359268122296
session_9.csv,session_9,563,36032,36160,36032,36160,72.064,72.32,clench,1,128,1.0,False,False,13.8654058138862,17.167937453638736,1841.607563861884,45.0,31.0,83.33172943605584,78.125,78.125,311.4444501493028
session_9.csv,session_9,564,36096,36224,36096,36224,72.192,72.448,clench,1,128,1.0,False,False,13.826257841537895,17.1262638692469,1747.672477054122,41.0,26.0,82.8829877933322,78.125,74.21875,196.1610417724356
session_9.csv,session_9,565,36160,36288,36160,36288,72.32,72.576,clench,1,128,1.0,False,False,9.787561759237608,12.48722327083482,1196.159853477425,37.0,17.0,80.7282917330503,78.125,78.125,122.24451649339055
session_9.csv,session_9,566,36224,36352,36224,36352,72.448,72.704,clench,1,128,1.0,False,False,7.847159542682908,9.914780442943579,1046.5943448187704,42.0,21.0,84.68550015443378,85.9375,85.9375,133.3972679571791
session_9.csv,session_9,567,36288,36416,36288,36416,72.576,72.832,clench,1,128,1.0,False,False,10.24063414100354,12.072930723597478,1386.5480122857557,47.0,30.0,79.53681555370113,74.21875,74.21875,76.11847260431544
session_9.csv,session_9,568,36352,36480,36352,36480,72.704,72.96,clench,1,128,1.0,False,False,8.513342363446991,10.538476847192308,1136.431766931085,42.0,22.0,84.97925966367796,82.03125,93.75,125.22143968678273
session_9.csv,session_9,569,36416,36544,36416,36544,72.832,73.088,clench,1,128,1.0,False,False,6.471402016162567,8.101194043090047,896.5898563636023,41.0,16.0,84.22915877302843,85.9375,93.75,36.19156832143117
session_9.csv,session_9,570,36480,36608,36480,36608,72.96,73.216,clench,1,128,1.0,False,False,7.463269838720814,8.962491551789105,1041.0523171627647,45.0,26.0,81.91554641609588,82.03125,74.21875,65.20687351020409
session_9.csv,session_9,571,36544,36672,36544,36672,73.088,73.344,clench,1,128,1.0,False,False,7.689899000973389,9.038175308704414,974.3735778503635,41.0,25.0,73.69708578528777,70.3125,66.40625,34.89880824373419
session_9.csv,session_9,572,36608,36736,36608,36736,73.216,73.472,clench,1,128,1.0,False,False,8.983021587212276,11.030923692268974,1081.5568522765288,38.0,22.0,80.17095988699043,82.03125,82.03125,176.03194160649852
session_9.csv,session_9,573,36672,36800,36672,36800,73.344,73.6,clench,1,128,1.0,False,False,7.431764823742745,10.00633460350904,929.1408612914352,41.0,15.0,81.32289251260339,85.9375,85.9375,39.01888369378646
session_9.csv,session_9,574,36736,36864,36736,36864,73.472,73.728,clench,1,128,1.0,False,False,6.235615958285176,7.935692802234958,787.2444896223676,40.0,14.0,80.21857766689071,78.125,74.21875,67.46738980086707
session_9.csv,session_9,575,36800,36928,36800,36928,73.6,73.856,clench,1,128,1.0,False,False,8.077789090626036,9.602033951187332,1031.689313309048,40.0,24.0,84.21969185776425,82.03125,93.75,85.75549513276826
session_9.csv,session_9,576,36864,36992,36864,36992,73.728,73.984,clench,1,128,1.0,False,False,7.157865127162131,8.557860767835058,934.1163293419484,43.0,19.0,80.39381373165978,78.125,78.125,64.91265155833511
session_9.csv,session_9,577,36928,37056,36928,37056,73.856,74.112,clench,1,128,1.0,False,False,8.088468808834524,10.700309746818691,1034.0895867825238,40.0,19.0,79.59939388541157,78.125,78.125,134.41404056282624
session_9.csv,session_9,578,36992,37120,36992,37120,73.984,74.24,clench,1,128,1.0,False,False,9.747975518604402,12.449237973159088,1295.950360902275,43.0,26.0,82.21399503903625,78.125,74.21875,95.69574514074526
session_9.csv,session_9,579,37056,37184,37056,37184,74.112,74.368,clench,1,128,1.0,False,False,7.376144544371392,9.367005703954003,1024.5137637063879,45.0,26.0,87.3572985375449,93.75,93.75,54.28762226202123
session_9.csv,session_9,580,37120,37248,37120,37248,74.24,74.496,clench,1,128,1.0,False,False,4.970799302261369,6.372990008808279,699.7374481070881,39.0,14.0,91.13474636687829,93.75,93.75,39.77409485058425
session_9.csv,session_9,581,37184,37312,37184,37312,74.368,74.624,clench,1,128,1.0,False,False,4.675139245364756,5.824148980239338,631.8357796677419,40.0,10.0,81.91178926350138,82.03125,82.03125,20.999144699344953
session_9.csv,session_9,582,37248,37376,37248,37376,74.496,74.752,clench,1,128,1.0,False,False,5.933345304638415,7.24201697732368,811.6788576753721,45.0,19.0,84.55864666294002,89.84375,97.65625,32.93741267320538
session_9.csv,session_9,583,37312,37440,37312,37440,74.624,74.88,clench,1,128,1.0,False,False,5.61189769158175,6.9843917004571505,754.6210525105937,38.0,21.0,82.29022921111985,82.03125,82.03125,49.90653427436672
session_9.csv,session_9,584,37376,37504,37376,37504,74.752,75.008,clench,1,111,0.8671875,True,True,3.807732148910926,4.906928760544009,495.51296009139855,30.0,7.0,81.44253388312632,82.03125,78.125,21.970999439380083
session_9.csv,session_9,585,37440,37568,37440,37568,74.88,75.136,relax,0,47,0.3671875,True,True,2.7497107442653173,3.7004627750654784,360.337590128019,25.0,1.0,83.09100155222296,85.9375,85.9375,6.1348428411587
session_9.csv,session_9,586,37504,37632,37504,37632,75.008,75.264,relax,0,0,0.0,False,True,2.137188113717973,2.663341386541203,273.6968028976455,22.0,1.0,76.66185019978441,78.125,78.125,6.486687991603577
session_9.csv,session_9,587,37568,37696,37568,37696,75.136,75.392,relax,0,0,0.0,False,False,2.1996033053613404,2.7927298351089163,276.46305737698333,22.0,2.0,84.5243249081627,85.9375,85.9375,8.002204488349191
session_9.csv,session_9,588,37632,37760,37632,37760,75.264,75.52,relax,0,0,0.0,False,False,2.573942512322777,3.272648033258741,332.7428474929575,28.0,4.0,85.1769935265903,85.9375,93.75,7.31418123326894
session_9.csv,session_9,589,37696,37824,37696,37824,75.392,75.648,relax,0,0,0.0,False,False,2.4290924978165576,3.0113273344371274,318.0864622247436,28.0,2.0,75.62476359473465,70.3125,66.40625,8.198969077593897
session_9.csv,session_9,590,37760,37888,37760,37888,75.52,75.776,relax,0,0,0.0,False,False,2.781101611095293,3.3534767825801115,347.02114471396953,31.0,1.0,82.5082872127219,85.9375,93.75,8.950411377994332
session_9.csv,session_9,591,37824,37952,37824,37952,75.648,75.904,relax,0,0,0.0,False,False,3.2275039434422874,3.756135937861576,423.65076040138615,37.0,6.0,78.28987470250011,74.21875,74.21875,10.247497344284906
session_9.csv,session_9,592,37888,38016,37888,38016,75.776,76.032,relax,0,0,0.0,False,False,2.738061964509786,3.323434055794968,372.6226474771296,29.0,6.0,86.09887970127403,89.84375,93.75,9.492710845833543
session_9.csv,session_9,593,37952,38080,37952,38080,75.904,76.16,relax,0,0,0.0,False,False,2.593980719140876,3.258768307863967,347.6796676547449,25.0,4.0,84.8159168494495,82.03125,97.65625,7.705756196993648
session_9.csv,session_9,594,38016,38144,38016,38144,76.032,76.288,relax,0,0,0.0,False,False,2.5789570444309664,3.192992681492791,357.778491524301,28.0,3.0,79.03857323268932,82.03125,82.03125,4.26503379202987
session_9.csv,session_9,595,38080,38208,38080,38208,76.16,76.416,relax,0,0,0.0,False,False,2.396616351231158,2.897990985300996,310.41065283126125,26.0,1.0,84.2938192190332,85.9375,89.84375,5.347306802176237
session_9.csv,session_9,596,38144,38272,38144,38272,76.288,76.544,relax,0,0,0.0,False,False,2.2457889295817983,2.7035489045536374,280.2248639203099,23.0,1.0,76.24790049909912,70.3125,66.40625,8.18445461199599
session_9.csv,session_9,597,38208,38336,38208,38336,76.416,76.672,relax,0,0,0.0,False,False,2.062801823447635,2.444734819224552,267.7251827220248,23.0,0.0,82.99941341063821,82.03125,82.03125,5.317599250748411
session_9.csv,session_9,598,38272,38400,38272,38400,76.544,76.8,relax,0,0,0.0,False,False,2.1960600677306683,2.6902349888283443,296.57903980920025,25.0,1.0,81.35431131589473,78.125,78.125,4.481207859543817
session_9.csv,session_9,599,38336,38464,38336,38464,76.672,76.928,relax,0,0,0.0,False,False,2.8620118068534666,3.681995697123185,383.29003618148045,28.0,4.0,83.69548086543432,82.03125,82.03125,10.432362172136509
session_9.csv,session_9,600,38400,38528,38400,38528,76.8,77.056,relax,0,0,0.0,False,False,2.617212665386343,3.5350803757582567,342.1151379570307,22.0,3.0,80.09392099146969,78.125,78.125,6.930142133971922
session_9.csv,session_9,601,38464,38592,38464,38592,76.928,77.184,relax,0,0,0.0,False,False,2.0999619521206654,2.6391543617091493,282.88715573928005,22.0,0.0,86.07011471154959,85.9375,97.65625,4.708674148407396
session_9.csv,session_9,602,38528,38656,38528,38656,77.056,77.312,relax,0,0,0.0,False,False,2.145126694037261,2.6337715988531554,291.2269418644264,25.0,2.0,84.15932780239315,78.125,78.125,5.478847903224938
session_9.csv,session_9,603,38592,38720,38592,38720,77.184,77.44,relax,0,0,0.0,False,False,1.9979724992154386,2.6004268137513815,273.52214308127475,22.0,3.0,85.22451211308348,89.84375,89.84375,6.0603956841890385
session_9.csv,session_9,604,38656,38784,38656,38784,77.312,77.568,relax,0,0,0.0,False,False,2.320123616452757,2.933335624830024,292.0921182094604,23.0,3.0,76.74008710716444,70.3125,70.3125,5.028244546688131
session_9.csv,session_9,605,38720,38848,38720,38848,77.44,77.696,relax,0,0,0.0,False,False,2.25268806804681,2.7746804422343945,292.5043253418272,24.0,2.0,78.87944343125795,78.125,74.21875,7.053066407610935
session_9.csv,session_9,606,38784,38912,38784,38912,77.568,77.824,relax,0,0,0.0,False,False,2.488875582677527,3.070747673429615,329.82732701581733,31.0,0.0,78.82462595454588,74.21875,70.3125,10.375229084225568
session_9.csv,session_9,607,38848,38976,38848,38976,77.696,77.952,relax,0,0,0.0,False,False,2.696093841785575,3.252443226721172,330.81764144508884,27.0,0.0,78.64137693339707,78.125,74.21875,8.171401226603026
session_9.csv,session_9,608,38912,39040,38912,39040,77.824,78.08,relax,0,0,0.0,False,False,2.255619586352207,2.729421502200457,291.4214481826756,21.0,0.0,78.2924441261601,78.125,70.3125,7.187936509567278
session_9.csv,session_9,609,38976,39104,38976,39104,77.952,78.208,relax,0,0,0.0,False,False,2.538631698018931,3.2140519991260095,325.10939405563965,24.0,3.0,80.77239949109607,78.125,70.3125,6.724352586780044
session_9.csv,session_9,610,39040,39168,39040,39168,78.08,78.336,relax,0,0,0.0,False,False,2.8843752422599707,3.5864843002098397,350.4574133629343,25.0,4.0,75.01950656264728,70.3125,70.3125,12.537698403271985
session_9.csv,session_9,611,39104,39232,39104,39232,78.208,78.464,relax,0,0,0.0,False,False,2.3304693199824484,2.9095868727088425,279.9549317412849,17.0,1.0,80.14372191571377,82.03125,66.40625,8.423943340915459
session_9.csv,session_9,612,39168,39296,39168,39296,78.336,78.592,relax,0,0,0.0,False,False,2.164848316679956,2.639548131460334,274.9354700452973,21.0,2.0,83.36578567979682,82.03125,93.75,4.521628480442669
session_9.csv,session_9,613,39232,39360,39232,39360,78.464,78.72,relax,0,0,0.0,False,False,2.2106805770893097,2.6789399658637465,288.6430775769361,25.0,2.0,84.35699902684195,85.9375,89.84375,9.822259708745674
session_9.csv,session_9,614,39296,39424,39296,39424,78.592,78.848,relax,0,0,0.0,False,False,1.832613301239979,2.2248968059711793,241.41176632739484,19.0,0.0,78.7002160181355,78.125,66.40625,2.983374865939077
session_9.csv,session_9,615,39360,39488,39360,39488,78.72,78.976,relax,0,0,0.0,False,False,2.1772718219083904,2.8055768819424203,287.609126150939,23.0,2.0,83.18527338848625,82.03125,82.03125,7.207471230328472
session_9.csv,session_9,616,39424,39552,39424,39552,78.848,79.104,relax,0,0,0.0,False,False,2.746762837562354,3.5263132208955916,370.0565186664403,30.0,4.0,85.42124072362259,82.03125,82.03125,10.051692282849865
session_9.csv,session_9,617,39488,39616,39488,39616,78.976,79.232,relax,0,0,0.0,False,False,2.7268052021903797,3.441098214770703,360.6006837848166,31.0,3.0,83.37625951038127,85.9375,97.65625,10.136618223578607
session_9.csv,session_9,618,39552,39680,39552,39680,79.104,79.36,relax,0,0,0.0,False,False,2.5354963101922197,3.0959840708912916,320.1751614984179,31.0,1.0,79.75868605746246,78.125,74.21875,5.435945827951053
session_9.csv,session_9,619,39616,39744,39616,39744,79.232,79.488,relax,0,0,0.0,False,False,2.501613523535183,3.057242203222527,332.3996333331762,29.0,2.0,81.41295170455611,85.9375,89.84375,9.608535918826636
session_9.csv,session_9,620,39680,39808,39680,39808,79.36,79.616,relax,0,0,0.0,False,False,2.130139013888294,2.6577710778145125,272.1091758316313,18.0,2.0,76.0824193400401,70.3125,66.40625,5.614858399231857
session_9.csv,session_9,621,39744,39872,39744,39872,79.488,79.744,relax,0,0,0.0,False,False,2.537411060199026,3.1553695926301284,312.349025774912,22.0,3.0,79.1898077779197,78.125,70.3125,12.595599601636753
session_9.csv,session_9,622,39808,39936,39808,39936,79.616,79.872,relax,0,0,0.0,False,False,3.04164995053387,3.7484540966753728,397.37456779215677,31.0,4.0,83.66788764172594,85.9375,89.84375,10.149591227883203
session_9.csv,session_9,623,39872,40000,39872,40000,79.744,80.0,relax,0,0,0.0,False,False,2.8487088586979503,3.517020062079955,398.5948777478392,36.0,3.0,90.56960507670891,93.75,93.75,10.488851203774814
session_9.csv,session_9,624,39936,40064,39936,40064,79.872,80.128,relax,0,0,0.0,False,False,2.496838227816391,3.0199495904212204,345.7489098972875,34.0,2.0,78.35006324564729,74.21875,70.3125,2.6675479659795167
session_9.csv,session_9,625,40000,40128,40000,40128,80.0,80.256,relax,0,0,0.0,False,False,1.8824898677055257,2.2774067407057617,246.7035357081147,17.0,1.0,80.82333374560056,82.03125,89.84375,5.557370206112505
session_9.csv,session_9,626,40064,40192,40064,40192,80.128,80.384,relax,0,0,0.0,False,False,1.9638203685194897,2.4666728874928125,274.9017837375151,20.0,1.0,85.57099058998641,89.84375,89.84375,3.1930185911713873
session_9.csv,session_9,627,40128,40256,40128,40256,80.256,80.512,relax,0,0,0.0,False,False,2.2710645899824673,2.8657996287658025,315.31808816566786,25.0,2.0,87.58173533370258,93.75,97.65625,6.634908045989967
session_9.csv,session_9,628,40192,40320,40192,40320,80.384,80.64,relax,0,0,0.0,False,False,2.0609092436893794,2.6408861591372967,271.00623285993095,21.0,1.0,76.09202141163695,74.21875,74.21875,7.055727197532626
session_9.csv,session_9,629,40256,40384,40256,40384,80.512,80.768,relax,0,0,0.0,False,False,2.0027031699356943,2.505965755314283,257.81369609276,22.0,1.0,75.56644853411059,74.21875,70.3125,5.728668312707311
session_9.csv,session_9,630,40320,40448,40320,40448,80.64,80.896,relax,0,0,0.0,False,False,2.129035352524829,2.498527636475397,275.7143240629099,24.0,1.0,77.79531363693734,78.125,66.40625,3.0743075563570725
session_9.csv,session_9,631,40384,40512,40384,40512,80.768,81.024,relax,0,0,0.0,False,False,2.1011950972807236,2.499183595894765,281.9755917502987,26.0,0.0,83.19903598734841,82.03125,82.03125,5.112206586481906
session_9.csv,session_9,632,40448,40576,40448,40576,80.896,81.152,relax,0,0,0.0,False,False,2.255051338617651,2.852058173780432,306.0553627517139,27.0,0.0,80.32502272675873,78.125,78.125,8.455407928932695
session_9.csv,session_9,633,40512,40640,40512,40640,81.024,81.28,relax,0,0,0.0,False,True,2.8229617360911172,3.887681151878345,364.12688064410315,26.0,4.0,76.78717382619806,70.3125,70.3125,6.17915135346343
session_9.csv,session_9,634,40576,40704,40576,40704,81.152,81.408,relax,0,60,0.46875,True,True,8.150319883123306,11.707305624155293,1089.4187312354777,35.0,21.0,84.49941107964526,85.9375,85.9375,127.89125338990317
session_9.csv,session_9,635,40640,40768,40640,40768,81.28,81.536,clench,1,124,0.96875,True,True,16.79743302637644,20.763365285746193,2230.0981267038455,47.0,33.0,81.56561827498443,82.03125,82.03125,179.0757364839334
session_9.csv,session_9,636,40704,40832,40704,40832,81.408,81.664,clench,1,128,1.0,False,False,15.98059015736651,20.519590239173233,2073.4032359781486,43.0,28.0,83.13473323108443,82.03125,82.03125,451.1766578332335
session_9.csv,session_9,637,40768,40896,40768,40896,81.536,81.792,clench,1,128,1.0,False,False,9.945660342848132,13.531163624584304,1279.0086443380073,39.0,24.0,78.77281542734421,78.125,78.125,276.80214178704995
session_9.csv,session_9,638,40832,40960,40832,40960,81.664,81.92,clench,1,128,1.0,False,False,8.36551780627892,10.673217991934402,1073.7471266894834,41.0,28.0,80.70165701822998,74.21875,74.21875,67.504374091575
session_9.csv,session_9,639,40896,41024,40896,41024,81.792,82.048,clench,1,128,1.0,False,False,8.708931855881325,10.468346998405032,1150.8823573218829,44.0,27.0,83.27759519596881,82.03125,78.125,78.94764448405788
session_9.csv,session_9,640,40960,41088,40960,41088,81.92,82.176,clench,1,128,1.0,False,False,12.105600151897683,15.440093313833291,1559.377548278735,42.0,27.0,82.84910655925147,85.9375,89.84375,284.8892468311592
session_9.csv,session_9,641,41024,41152,41024,41152,82.048,82.304,clench,1,128,1.0,False,False,11.026974715953731,14.572514925477355,1417.9789035279414,41.0,23.0,79.09003710986035,82.03125,82.03125,105.05908962724875
session_9.csv,session_9,642,41088,41216,41088,41216,82.176,82.432,clench,1,128,1.0,False,False,8.837488036337763,10.558344502394455,1154.3845312969897,41.0,22.0,80.8449346534823,82.03125,85.9375,115.05966918498207
session_9.csv,session_9,643,41152,41280,41152,41280,82.304,82.56,clench,1,128,1.0,False,False,9.445358357173268,11.24681322864888,1245.2026164798053,45.0,23.0,84.04565852400444,85.9375,93.75,56.71067465317069
session_9.csv,session_9,644,41216,41344,41216,41344,82.432,82.688,clench,1,128,1.0,False,False,8.433248464646297,10.309918813453914,1080.6360526920496,40.0,19.0,82.68122604314983,82.03125,82.03125,125.51165420911545
session_9.csv,session_9,645,41280,41408,41280,41408,82.56,82.816,clench,1,128,1.0,False,False,9.839084916570865,11.869112789676656,1244.8061443045144,38.0,24.0,80.24896432107865,78.125,82.03125,114.69812876292347
session_9.csv,session_9,646,41344,41472,41344,41472,82.688,82.944,clench,1,128,1.0,False,False,10.041186298527732,11.876998407032277,1291.9195430231061,41.0,26.0,83.04366044814893,85.9375,85.9375,130.58126008264995
session_9.csv,session_9,647,41408,41536,41408,41536,82.816,83.072,clench,1,128,1.0,False,False,8.257401126691008,9.654184580327113,1076.6389457538955,44.0,25.0,80.6886527983297,82.03125,85.9375,68.41840229479952
session_9.csv,session_9,648,41472,41600,41472,41600,82.944,83.2,clench,1,128,1.0,False,False,5.681138365638868,7.117974698271165,732.4356887613395,38.0,18.0,78.99058229672858,74.21875,74.21875,54.89895465882944
session_9.csv,session_9,649,41536,41664,41536,41664,83.072,83.328,clench,1,128,1.0,False,False,5.609833223974175,7.521117374682481,710.7722589482578,33.0,13.0,79.63736258897491,74.21875,70.3125,27.996121818070527
session_9.csv,session_9,650,41600,41728,41600,41728,83.2,83.456,clench,1,128,1.0,False,False,7.740070867024717,9.769583389435375,1005.4963759202924,38.0,22.0,82.65660333986894,85.9375,85.9375,132.7918931148519
session_9.csv,session_9,651,41664,41792,41664,41792,83.328,83.584,clench,1,128,1.0,False,False,6.746370459104479,8.475319649835411,890.4617684917274,42.0,18.0,80.3799697186469,82.03125,82.03125,39.00602146906068
session_9.csv,session_9,652,41728,41856,41728,41856,83.456,83.712,clench,1,128,1.0,False,False,5.5952015639304085,7.047095294045649,708.4277279624067,37.0,9.0,81.76177539637146,82.03125,82.03125,51.31185106598782
session_9.csv,session_9,653,41792,41920,41792,41920,83.584,83.84,clench,1,128,1.0,False,False,5.993336455051662,7.5605837927490285,771.9524313880374,37.0,13.0,85.04641115989163,82.03125,78.125,50.4373881135234
session_9.csv,session_9,654,41856,41984,41856,41984,83.712,83.968,clench,1,128,1.0,False,False,5.37547797341378,6.588169591482124,711.3088466900355,42.0,13.0,87.40984600090086,93.75,93.75,43.690728238184526
session_9.csv,session_9,655,41920,42048,41920,42048,83.84,84.096,clench,1,128,1.0,False,False,4.18133249043293,5.090568409747707,572.524310713811,41.0,9.0,84.37233027968206,85.9375,85.9375,21.88632149238383
session_9.csv,session_9,656,41984,42112,41984,42112,83.968,84.224,clench,1,128,1.0,False,False,3.3547281715065997,4.062739655951635,464.96125697681566,39.0,6.0,90.85208858395967,97.65625,97.65625,9.278010931189147
session_9.csv,session_9,657,42048,42176,42048,42176,84.096,84.352,clench,1,105,0.8203125,True,True,3.5641073152629916,4.862811295673043,459.56608287789174,32.0,7.0,77.60842067000306,70.3125,70.3125,15.297166971976617
session_9.csv,session_9,658,42112,42240,42112,42240,84.224,84.48,relax,0,41,0.3203125,True,True,3.6105184820436005,5.016482182661485,463.0903956196951,31.0,9.0,82.08372589945738,82.03125,85.9375,17.40355079789621
session_9.csv,session_9,659,42176,42304,42176,42304,84.352,84.608,relax,0,0,0.0,False,True,2.6988204174331933,3.43824096539249,354.0676278938531,31.0,3.0,83.98514587138453,85.9375,82.03125,18.069988691901134
session_9.csv,session_9,660,42240,42368,42240,42368,84.48,84.736,relax,0,0,0.0,False,False,2.5156587390344827,3.2853759733028323,316.02973079966637,25.0,1.0,78.90395948474215,78.125,82.03125,9.247687471787104
session_9.csv,session_9,661,42304,42432,42304,42432,84.608,84.864,relax,0,0,0.0,False,False,2.6057762419736896,3.5019969811045675,326.4645184383238,27.0,2.0,77.52535194403659,78.125,82.03125,6.919000967911546
session_9.csv,session_9,662,42368,42496,42368,42496,84.736,84.992,relax,0,0,0.0,False,False,2.8655950847910603,3.6099910017350614,377.35235001015064,33.0,4.0,84.90949432875928,85.9375,82.03125,17.76503335579808
session_9.csv,session_9,663,42432,42560,42432,42560,84.864,85.12,relax,0,0,0.0,False,False,2.7568030331826368,3.353026357266159,346.2814570301439,28.0,3.0,75.24410630430037,74.21875,74.21875,6.659236659475131
session_9.csv,session_9,664,42496,42624,42496,42624,84.992,85.248,relax,0,0,0.0,False,False,2.6111356222252757,3.1071884695245036,328.8850568830966,25.0,1.0,80.5593122281469,82.03125,85.9375,9.137296196084588
session_9.csv,session_9,665,42560,42688,42560,42688,85.12,85.376,relax,0,22,0.171875,True,True,9.082175604265185,16.263195561135447,1129.997337023462,31.0,11.0,83.91570115720705,85.9375,89.84375,32.10750548242253
session_9.csv,session_9,666,42624,42752,42624,42752,85.248,85.504,clench,1,86,0.671875,True,True,17.026709498867675,22.40796090012957,2127.324778426112,40.0,30.0,76.83636149666026,74.21875,70.3125,689.0457666966741
session_9.csv,session_9,667,42688,42816,42688,42816,85.376,85.632,clench,1,128,1.0,False,True,17.33235553946339,20.440851475050973,2146.2145008714247,40.0,36.0,76.1912384699958,70.3125,70.3125,426.5321980363204
session_9.csv,session_9,668,42752,42880,42752,42880,85.504,85.76,clench,1,128,1.0,False,False,17.09371133481528,20.090482334322882,2144.9106622303825,41.0,36.0,82.52869671225966,82.03125,82.03125,431.82495367746156
session_9.csv,session_9,669,42816,42944,42816,42944,85.632,85.888,clench,1,128,1.0,False,False,13.23671701144196,16.662412293642532,1671.558236737629,42.0,28.0,80.73172901807153,82.03125,85.9375,183.29875729498463
session_9.csv,session_9,670,42880,43008,42880,43008,85.76,86.016,clench,1,128,1.0,False,False,10.584308723695509,12.841096446178973,1304.6720159331712,40.0,22.0,82.97644973743016,85.9375,85.9375,114.79799909920956
session_9.csv,session_9,671,42944,43072,42944,43072,85.888,86.144,clench,1,128,1.0,False,False,10.566779428399766,12.776090371259262,1356.2643206392459,44.0,27.0,80.63297103956208,82.03125,82.03125,185.14236266738513
session_9.csv,session_9,672,43008,43136,43008,43136,86.016,86.272,clench,1,128,1.0,False,False,6.720195443289704,8.429389919208575,883.2581971409478,42.0,19.0,82.32470026524781,85.9375,85.9375,64.65880602817661
session_9.csv,session_9,673,43072,43200,43072,43200,86.144,86.4,clench,1,128,1.0,False,False,5.975910155332687,7.799783173585027,760.0945707518167,39.0,10.0,79.65670326267612,78.125,66.40625,12.43126914908648
session_9.csv,session_9,674,43136,43264,43136,43264,86.272,86.528,clench,1,128,1.0,False,False,7.40152434075218,9.170330452419961,966.7714434041279,41.0,17.0,85.3570068451019,85.9375,85.9375,104.52394538860854
session_9.csv,session_9,675,43200,43328,43200,43328,86.4,86.656,clench,1,128,1.0,False,True,6.45918475083802,7.937167115359325,822.2884673564555,40.0,13.0,79.80081249669476,78.125,82.03125,46.131240455785026
session_9.csv,session_9,676,43264,43392,43264,43392,86.528,86.784,clench,1,74,0.578125,True,True,4.389629749674705,5.187141534806719,557.8286425154371,40.0,6.0,75.72453420196881,74.21875,74.21875,22.8874288987722
session_9.csv,session_9,677,43328,43456,43328,43456,86.656,86.912,relax,0,10,0.078125,True,True,3.417771168378641,4.229257344284701,444.77857286777737,34.0,3.0,84.8903093069107,89.84375,97.65625,18.09555016854162
session_9.csv,session_9,678,43392,43520,43392,43520,86.784,87.04,relax,0,0,0.0,False,False,2.8772003986999497,3.4687511107808677,358.99996050745153,28.0,1.0,81.34245817090617,82.03125,70.3125,10.609470290191371
session_9.csv,session_9,679,43456,43584,43456,43584,86.912,87.168,relax,0,0,0.0,False,False,2.9347649539679184,3.5427440673221513,383.67323403348223,28.0,6.0,80.00303560058342,78.125,74.21875,11.260082232520718
session_9.csv,session_9,680,43520,43648,43520,43648,87.04,87.296,relax,0,0,0.0,False,False,2.868168647427405,3.831442690573912,396.23342369895806,28.0,7.0,85.53407212588941,85.9375,97.65625,8.285558578882215
session_9.csv,session_9,681,43584,43712,43584,43712,87.168,87.424,relax,0,0,0.0,False,False,2.8368121436654183,3.733028359946411,384.30427673181293,30.0,2.0,80.63256985603596,85.9375,85.9375,10.936657234377122
session_9.csv,session_9,682,43648,43776,43648,43776,87.296,87.552,relax,0,0,0.0,False,False,2.872250483966794,3.488460606868411,379.4701235190803,31.0,3.0,80.29711823088698,78.125,74.21875,7.440726556841191
session_9.csv,session_9,683,43712,43840,43712,43840,87.424,87.68,relax,0,0,0.0,False,False,2.739332142530852,3.3809163510473863,364.50327279517217,30.0,5.0,81.62871316807458,85.9375,93.75,11.36315684837239
session_9.csv,session_9,684,43776,43904,43776,43904,87.552,87.808,relax,0,0,0.0,False,False,2.519630394496607,3.1263784391579144,326.42987175999235,26.0,3.0,83.24853078340192,89.84375,93.75,9.154874098960262
session_9.csv,session_9,685,43840,43968,43840,43968,87.68,87.936,relax,0,0,0.0,False,False,2.502366049996784,3.28819670216362,321.381446370533,23.0,1.0,83.0277489977088,78.125,78.125,4.765345146167387
session_9.csv,session_9,686,43904,44032,43904,44032,87.808,88.064,relax,0,0,0.0,False,False,4.3199410797595235,6.457566393845357,529.7618090302246,28.0,3.0,79.18594518750598,78.125,70.3125,15.464974974500644
session_9.csv,session_9,687,43968,44096,43968,44096,87.936,88.192,relax,0,24,0.1875,True,True,14.482961494771523,19.247294677573322,1852.3993820322987,39.0,24.0,79.97402087565466,78.125,78.125,381.62172792225834
session_9.csv,session_9,688,44032,44160,44032,44160,88.064,88.32,clench,1,88,0.6875,True,True,19.46390441247032,23.054480651498025,2452.285784783033,43.0,34.0,81.16357410711231,78.125,74.21875,590.5921524839538
session_9.csv,session_9,689,44096,44224,44096,44224,88.192,88.448,clench,1,128,1.0,False,True,11.473062464303595,15.171512474296469,1367.0230052217066,39.0,21.0,79.13124935160269,78.125,78.125,92.90410919491575
session_9.csv,session_9,690,44160,44288,44160,44288,88.32,88.576,clench,1,128,1.0,False,False,5.4556962906610265,6.890273479999301,684.7578161325266,36.0,14.0,78.0986442048114,74.21875,74.21875,52.05062168755457
session_9.csv,session_9,691,44224,44352,44224,44352,88.448,88.704,clench,1,96,0.75,True,True,4.591035920997535,6.052729465599228,593.3377467901402,33.0,11.0,76.22533156456599,74.21875,78.125,59.86668957501429
session_9.csv,session_9,692,44288,44416,44288,44416,88.576,88.832,relax,0,32,0.25,True,True,3.7916277664059024,5.190590797162703,485.2876579012682,30.0,6.0,77.77392947560222,74.21875,70.3125,9.43562091518104
session_9.csv,session_9,693,44352,44480,44352,44480,88.704,88.96,relax,0,0,0.0,False,False,2.472895034040965,3.1163190055023438,329.73326487309396,25.0,3.0,84.83519304378343,85.9375,97.65625,8.752657628868212
session_9.csv,session_9,694,44416,44544,44416,44544,88.832,89.088,relax,0,0,0.0,False,False,2.3495315241587686,3.0401567876646736,316.8620197407831,23.0,2.0,80.95350077691998,78.125,74.21875,4.81875341723045
session_9.csv,session_9,695,44480,44608,44480,44608,88.96,89.216,relax,0,0,0.0,False,False,2.414269787697883,3.1455614619099133,334.5625632073072,26.0,3.0,85.85009084150279,89.84375,93.75,6.9655355084998885
session_9.csv,session_9,696,44544,44672,44544,44672,89.088,89.344,relax,0,0,0.0,False,False,2.7099358268270457,3.6019852212142514,364.50191182566505,26.0,6.0,82.13712433633887,82.03125,82.03125,5.472951231573902
session_9.csv,session_9,697,44608,44736,44608,44736,89.216,89.472,relax,0,0,0.0,False,False,2.3498229509842545,3.076505386539174,312.45787690941484,24.0,3.0,82.36846701907673,85.9375,85.9375,12.674472109921009
session_9.csv,session_9,698,44672,44800,44672,44800,89.344,89.6,relax,0,0,0.0,False,False,1.9669991825286175,2.469235392774262,263.23279268532985,22.0,0.0,81.9005642009714,82.03125,89.84375,5.31644207850896
session_9.csv,session_9,699,44736,44864,44736,44864,89.472,89.728,relax,0,0,0.0,False,False,2.837850527344509,3.528128210866594,369.6172154351035,29.0,2.0,78.84429535160685,78.125,82.03125,8.708768920843779
session_9.csv,session_9,700,44800,44928,44800,44928,89.6,89.856,relax,0,0,0.0,False,False,2.8331105665346463,3.496669839036709,354.5436495012498,27.0,2.0,77.09388889982266,74.21875,70.3125,14.060354619633488
session_9.csv,session_9,701,44864,44992,44864,44992,89.728,89.984,relax,0,0,0.0,False,False,2.026652358849507,2.5059845440575113,239.57212633065672,19.0,0.0,77.9405493490475,78.125,78.125,5.370728440093897
session_9.csv,session_9,702,44928,45056,44928,45056,89.856,90.112,relax,0,0,0.0,False,False,2.33261906833299,3.0642720301898403,286.50757008509015,21.0,1.0,77.59504397001464,74.21875,70.3125,2.713209737353929
session_9.csv,session_9,703,44992,45120,44992,45120,89.984,90.24,relax,0,0,0.0,False,False,2.690541872345155,3.36362683937327,357.3333705534923,31.0,1.0,79.69333634508394,78.125,74.21875,12.262343890369914
session_9.csv,session_9,704,45056,45184,45056,45184,90.112,90.368,relax,0,0,0.0,False,False,2.7604717805840524,3.2595815655952096,367.9246983352906,35.0,0.0,89.32365475533327,89.84375,93.75,8.841996214066226
session_9.csv,session_9,705,45120,45248,45120,45248,90.24,90.496,relax,0,0,0.0,False,False,2.888619177836107,3.6944193773819514,387.1478254153234,31.0,4.0,80.26030028112655,78.125,74.21875,11.290776125131188
session_9.csv,session_9,706,45184,45312,45184,45312,90.368,90.624,relax,0,0,0.0,False,False,2.6104605743405873,3.5464531404809274,360.9144779647429,26.0,7.0,86.47848615549655,85.9375,97.65625,13.97190888717685
session_9.csv,session_9,707,45248,45376,45248,45376,90.496,90.752,relax,0,0,0.0,False,False,2.572515136621612,3.2616679617698874,346.17230819515817,26.0,5.0,80.10178464341118,82.03125,82.03125,4.787674838478767
session_9.csv,session_9,708,45312,45440,45312,45440,90.624,90.88,relax,0,0,0.0,False,False,3.0688846095372257,3.710992036245931,404.7403168745085,32.0,5.0,77.72101548450728,70.3125,66.40625,10.424253222486916
session_9.csv,session_9,709,45376,45504,45376,45504,90.752,91.008,relax,0,0,0.0,False,False,3.2134249835998743,3.9825487045339134,430.4455084904657,33.0,5.0,82.26978061551262,85.9375,70.3125,14.675733636139931
session_9.csv,session_9,710,45440,45568,45440,45568,90.88,91.136,relax,0,0,0.0,False,False,2.4201136104680723,3.1814520884965622,328.3367819311891,25.0,1.0,82.86652827714023,85.9375,85.9375,6.1867825927935955
session_9.csv,session_9,711,45504,45632,45504,45632,91.008,91.264,relax,0,0,0.0,False,False,2.3307218779352006,2.925726860948331,307.04963195152834,27.0,0.0,80.23730722038407,82.03125,85.9375,6.440577200674777
session_9.csv,session_9,712,45568,45696,45568,45696,91.136,91.392,relax,0,0,0.0,False,True,4.0808950358637155,5.583485683711448,511.23084530167876,40.0,3.0,79.86751341746319,82.03125,74.21875,10.748763108387358
session_9.csv,session_9,713,45632,45760,45632,45760,91.264,91.52,relax,0,45,0.3515625,True,True,15.891797927970796,23.413371017854573,2122.262495378242,44.0,18.0,84.44132535764562,85.9375,82.03125,704.1029964456121
session_9.csv,session_9,714,45696,45824,45696,45824,91.392,91.648,clench,1,109,0.8515625,True,True,21.10998771927361,26.363319856228234,2717.9310663963947,43.0,31.0,85.42051361697361,85.9375,93.75,428.377285067162
session_9.csv,session_9,715,45760,45888,45760,45888,91.52,91.776,clench,1,128,1.0,False,False,14.405849711542595,17.58068171063901,1839.4553027504635,41.0,26.0,79.85673320021102,78.125,78.125,274.52975891578114
session_9.csv,session_9,716,45824,45952,45824,45952,91.648,91.904,clench,1,128,1.0,False,False,12.357292734245268,15.453517549422667,1614.8278573365164,41.0,24.0,82.04477536839734,85.9375,85.9375,162.9779751061781
session_9.csv,session_9,717,45888,46016,45888,46016,91.776,92.032,clench,1,128,1.0,False,False,10.733919550446732,13.46824693514282,1365.196212974538,41.0,20.0,80.34316575216361,78.125,78.125,151.3842609675264
session_9.csv,session_9,718,45952,46080,45952,46080,91.904,92.16,clench,1,128,1.0,False,False,11.892477454028779,14.586152294181513,1546.7145779739994,40.0,23.0,79.29882712151712,78.125,74.21875,134.93856021024502
session_9.csv,session_9,719,46016,46144,46016,46144,92.032,92.288,clench,1,128,1.0,False,False,10.248506704675933,12.752429350805626,1324.968426757374,43.0,25.0,85.54502669754771,85.9375,85.9375,185.03006271217097
session_9.csv,session_9,720,46080,46208,46080,46208,92.16,92.416,clench,1,128,1.0,False,False,4.992202189429185,6.176040449282167,668.5675802880384,41.0,12.0,84.64082578319838,89.84375,93.75,26.02592092566843
session_9.csv,session_9,721,46144,46272,46144,46272,92.288,92.544,clench,1,128,1.0,False,False,5.6396635436190135,7.40493482891339,724.6128175754411,39.0,13.0,76.83125171209832,74.21875,74.21875,46.00096233272816
session_9.csv,session_9,722,46208,46336,46208,46336,92.416,92.672,clench,1,128,1.0,False,False,7.586777875093424,9.18902841606186,926.1252764745676,40.0,16.0,83.6926243728805,85.9375,93.75,62.04892811608699
session_9.csv,session_9,723,46272,46400,46272,46400,92.544,92.8,clench,1,128,1.0,False,False,6.103770187797037,7.991594281330934,796.2122452248818,36.0,13.0,78.98655701979281,78.125,85.9375,64.27662995043647
session_9.csv,session_9,724,46336,46464,46336,46464,92.672,92.928,clench,1,128,1.0,False,False,6.586389566319121,8.410267927742817,895.569750658953,38.0,19.0,84.12271423959243,85.9375,85.9375,66.20038448630348
session_9.csv,session_9,725,46400,46528,46400,46528,92.8,93.056,clench,1,128,1.0,False,False,7.475933266941538,9.040058189786851,976.908057693686,41.0,19.0,86.37279903941493,89.84375,89.84375,90.84280207531624
session_9.csv,session_9,726,46464,46592,46464,46592,92.928,93.184,clench,1,128,1.0,False,False,7.16721308875272,8.83162102218083,926.5031190147216,41.0,20.0,77.32115579883262,74.21875,70.3125,30.023932710057913
session_9.csv,session_9,727,46528,46656,46528,46656,93.056,93.312,clench,1,128,1.0,False,False,7.285512238493892,8.567944076783066,920.8015576371401,41.0,23.0,79.30850186867903,74.21875,74.21875,93.80306110987938
session_9.csv,session_9,728,46592,46720,46592,46720,93.184,93.44,clench,1,128,1.0,False,False,6.242113493545982,7.80658658057102,783.8882093351405,39.0,16.0,76.04067239921467,74.21875,70.3125,32.30572742595708
session_9.csv,session_9,729,46656,46784,46656,46784,93.312,93.568,clench,1,128,1.0,False,False,6.806763285424907,8.720009859885185,875.9512354125511,40.0,20.0,81.17924833927333,78.125,78.125,83.76954588914346
session_9.csv,session_9,730,46720,46848,46720,46848,93.44,93.696,clench,1,128,1.0,False,False,7.271525404571605,8.87655700148723,911.7676530427017,41.0,20.0,79.23519073458439,78.125,74.21875,55.56252802505993
session_9.csv,session_9,731,46784,46912,46784,46912,93.568,93.824,clench,1,128,1.0,False,False,6.067416465093874,7.637830833897229,761.5985520016833,40.0,14.0,82.94937440426035,85.9375,89.84375,49.30101887104102
session_9.csv,session_9,732,46848,46976,46848,46976,93.696,93.952,clench,1,128,1.0,False,False,5.909902062189884,7.827737953407971,786.5337979968969,38.0,16.0,80.8942431456957,82.03125,82.03125,70.92305733022779
session_9.csv,session_9,733,46912,47040,46912,47040,93.824,94.08,clench,1,128,1.0,False,False,7.0582641991988755,8.923928770421847,915.8468991534211,39.0,19.0,83.9603082843008,85.9375,89.84375,76.39634441263182
session_9.csv,session_9,734,46976,47104,46976,47104,93.952,94.208,clench,1,128,1.0,False,False,7.804891273105776,9.634633478151091,1024.5776152419846,45.0,24.0,80.16528346913445,74.21875,70.3125,43.911467510230196
session_9.csv,session_9,735,47040,47168,47040,47168,94.08,94.336,clench,1,128,1.0,False,False,8.143864438837888,10.104023238086596,1049.879886823818,44.0,21.0,83.37304363261414,89.84375,93.75,80.64199262686418
session_9.csv,session_9,736,47104,47232,47104,47232,94.208,94.464,clench,1,128,1.0,False,False,8.263518709007753,9.775416860559996,1021.8936238733645,39.0,23.0,80.66560632495514,82.03125,82.03125,92.97332936993493
session_9.csv,session_9,737,47168,47296,47168,47296,94.336,94.592,clench,1,128,1.0,False,False,7.186727359627931,8.607774021541292,941.1533786952432,44.0,23.0,78.19032028140289,74.21875,74.21875,72.27408340906672
session_9.csv,session_9,738,47232,47360,47232,47360,94.464,94.72,clench,1,128,1.0,False,False,5.741026970734986,7.087262734769223,739.8013777184905,43.0,15.0,82.9430088578784,85.9375,85.9375,25.844386916915674
session_9.csv,session_9,739,47296,47424,47296,47424,94.592,94.848,clench,1,128,1.0,False,False,4.175657001382703,5.093638281872745,548.652570315757,40.0,13.0,79.71016030853394,78.125,78.125,16.950089148604352
session_9.csv,session_9,740,47360,47488,47360,47488,94.72,94.976,clench,1,128,1.0,False,False,3.190811619258908,4.150996958734585,456.13372567252793,39.0,7.0,92.75663339744905,97.65625,97.65625,11.345187672962329
session_9.csv,session_9,741,47424,47552,47424,47552,94.848,95.104,clench,1,128,1.0,False,True,3.4454542593543636,4.466180250370562,456.5161479074825,37.0,5.0,84.87956039417011,89.84375,97.65625,11.88214736003734
session_9.csv,session_9,742,47488,47616,47488,47616,94.976,95.232,clench,1,84,0.65625,True,True,3.574188697017467,4.386565403697002,486.1126858613236,40.0,6.0,81.4960488282339,82.03125,78.125,22.013069014930654
session_9.csv,session_9,743,47552,47680,47552,47680,95.104,95.36,relax,0,20,0.15625,True,True,2.7030411689635967,3.2634852767837277,387.92330409457475,38.0,3.0,86.66170859841652,85.9375,97.65625,3.9063870867067805
session_9.csv,session_9,744,47616,47744,47616,47744,95.232,95.488,relax,0,0,0.0,False,False,2.590230934442718,3.105208830653443,346.0937842185449,30.0,3.0,85.04802543405336,85.9375,85.9375,9.54003476908077
session_9.csv,session_9,745,47680,47808,47680,47808,95.36,95.616,relax,0,0,0.0,False,False,2.730347716589323,3.3103465460702926,350.8010800059659,28.0,5.0,75.59915513877361,70.3125,66.40625,7.166658498407382
session_9.csv,session_9,746,47744,47872,47744,47872,95.488,95.744,relax,0,0,0.0,False,False,2.541594964079227,3.0456288098148576,329.1055955632721,29.0,3.0,78.17267943488159,82.03125,85.9375,6.936701104680253
session_9.csv,session_9,747,47808,47936,47808,47936,95.616,95.872,relax,0,0,0.0,False,False,2.307955399542176,2.7885074456898398,314.73759888271104,29.0,2.0,83.5219026907228,85.9375,85.9375,7.537477900494097
session_9.csv,session_9,748,47872,48000,47872,48000,95.744,96.0,relax,0,0,0.0,False,False,2.573418339812343,3.3154191212647,334.55371010244073,26.0,4.0,85.53705726101673,85.9375,82.03125,13.254200380149276
session_9.csv,session_9,749,47936,48064,47936,48064,95.872,96.128,relax,0,0,0.0,False,False,2.7009832660689304,3.5984558879951347,354.4602643733698,27.0,7.0,83.99237906683923,89.84375,97.65625,9.272774969120587
session_9.csv,session_9,750,48000,48128,48000,48128,96.0,96.256,relax,0,0,0.0,False,False,2.5835370623965908,3.4255254107184783,345.67705583159216,29.0,5.0,87.05089920905486,89.84375,93.75,10.206507814462432
session_9.csv,session_9,751,48064,48192,48064,48192,96.128,96.384,relax,0,0,0.0,False,False,2.4618495084006087,3.2268987673165794,328.0780679809385,26.0,2.0,79.28915535227696,78.125,70.3125,4.719304411983789
session_9.csv,session_9,752,48128,48256,48128,48256,96.256,96.512,relax,0,5,0.0390625,True,True,13.580530920769167,24.724782895512202,1728.3414473412226,29.0,14.0,81.50452168603707,82.03125,82.03125,165.8924696861999
session_9.csv,session_9,753,48192,48320,48192,48320,96.384,96.64,clench,1,69,0.5390625,True,True,18.977141123743042,27.902279012618976,2414.084217638022,39.0,25.0,80.6021021297258,82.03125,89.84375,1272.3780499671234
session_9.csv,session_9,754,48256,48384,48256,48384,96.512,96.768,clench,1,128,1.0,False,True,11.492615330060882,16.684581031865577,1412.6893133081762,37.0,18.0,80.96820874616105,78.125,74.21875,238.27133079164403
session_9.csv,session_9,755,48320,48448,48320,48448,96.64,96.896,clench,1,128,1.0,False,False,9.595680874190219,13.058439853085211,1178.7032064910536,37.0,16.0,77.13802318331678,74.21875,70.3125,74.92460357426064
session_9.csv,session_9,756,48384,48512,48384,48512,96.768,97.024,clench,1,128,1.0,False,False,10.444872469678911,12.792167785545237,1323.4706993583297,42.0,23.0,79.16504192034513,78.125,70.3125,112.66746632717752
session_9.csv,session_9,757,48448,48576,48448,48576,96.896,97.152,clench,1,128,1.0,False,False,9.52298277453892,11.833918928143367,1277.2103705580175,43.0,25.0,83.2298812978649,82.03125,78.125,152.96922914551513
session_9.csv,session_9,758,48512,48640,48512,48640,97.024,97.28,clench,1,128,1.0,False,False,6.101813345158038,7.58806453432407,802.8558365426854,40.0,17.0,76.87009225639464,74.21875,74.21875,49.65425944202669
session_9.csv,session_9,759,48576,48704,48576,48704,97.152,97.408,clench,1,128,1.0,False,False,5.773052913275224,6.961884645403859,759.4644557722388,43.0,17.0,80.86124720486744,78.125,97.65625,37.23081973705729
session_9.csv,session_9,760,48640,48768,48640,48768,97.28,97.536,clench,1,128,1.0,False,False,9.802431676759838,12.953986373470109,1223.0898150527773,41.0,20.0,82.57735236493122,85.9375,89.84375,102.62946388223116
session_9.csv,session_9,761,48704,48832,48704,48832,97.408,97.664,clench,1,128,1.0,False,False,9.674021805495357,13.12327031329148,1184.1277175971231,38.0,17.0,79.25939852484349,78.125,78.125,183.7232386390793
session_9.csv,session_9,762,48768,48896,48768,48896,97.536,97.792,clench,1,128,1.0,False,False,7.019189908013121,9.019279413115125,892.8872476564653,41.0,19.0,78.87894398261206,78.125,74.21875,90.42477173896583
session_9.csv,session_9,763,48832,48960,48832,48960,97.664,97.92,clench,1,128,1.0,False,False,6.929512266243347,8.688049655115801,875.1223557231148,38.0,21.0,80.55030184141826,78.125,78.125,60.32613954947134
session_9.csv,session_9,764,48896,49024,48896,49024,97.792,98.048,clench,1,128,1.0,False,False,6.159877071434736,7.751542186274619,776.6029878744447,39.0,20.0,76.58562360113768,74.21875,74.21875,34.172784888338896
session_9.csv,session_9,765,48960,49088,48960,49088,97.92,98.176,clench,1,128,1.0,False,False,5.328050090741581,6.9663325506561335,712.3257149035787,40.0,13.0,85.08696831096205,85.9375,85.9375,58.98193488227207
session_9.csv,session_9,766,49024,49152,49024,49152,98.048,98.304,clench,1,128,1.0,False,False,4.927340658056566,6.188085575938306,670.446682077725,42.0,10.0,79.86144917456352,82.03125,82.03125,24.44152044715287
session_9.csv,session_9,767,49088,49216,49088,49216,98.176,98.432,clench,1,128,1.0,False,False,5.07282498164424,6.2926832547464135,686.1443837943344,43.0,10.0,80.91100091825342,82.03125,85.9375,22.72746687335455
session_9.csv,session_9,768,49152,49280,49152,49280,98.304,98.56,clench,1,128,1.0,False,False,6.063828837869269,7.778500743680456,824.2166711066194,41.0,12.0,78.5284346024603,78.125,74.21875,24.613926143380247
session_9.csv,session_9,769,49216,49344,49216,49344,98.432,98.688,clench,1,128,1.0,False,False,5.727880117723581,7.600743486557283,781.7698361869808,39.0,13.0,88.72312231758691,89.84375,97.65625,68.8757998013687
session_9.csv,session_9,770,49280,49408,49280,49408,98.56,98.816,clench,1,128,1.0,False,False,5.714720705174581,7.52226578622037,723.3644474085993,34.0,11.0,81.70241674523129,85.9375,85.9375,39.52391239992733
session_9.csv,session_9,771,49344,49472,49344,49472,98.688,98.944,clench,1,128,1.0,False,False,7.097289986961701,8.621300349223759,940.9284402923876,40.0,22.0,81.65140281868753,82.03125,82.03125,80.01973737666833
session_9.csv,session_9,772,49408,49536,49408,49536,98.816,99.072,clench,1,128,1.0,False,False,5.975227422593189,7.456723715077343,804.6967813127158,41.0,20.0,77.17680657546667,78.125,78.125,42.140482917993246
session_9.csv,session_9,773,49472,49600,49472,49600,98.944,99.2,clench,1,128,1.0,False,False,5.337236660862113,6.545052752799519,703.8261585395771,40.0,19.0,84.25035212302853,85.9375,97.65625,26.185147047980234
session_9.csv,session_9,774,49536,49664,49536,49664,99.072,99.328,clench,1,128,1.0,False,False,5.252192973320743,6.046268420695017,704.1652411779157,44.0,19.0,87.25486019216021,85.9375,85.9375,46.971493937685544
session_9.csv,session_9,775,49600,49728,49600,49728,99.2,99.456,clench,1,128,1.0,False,False,4.613608541745705,5.491336155785562,600.9290591495699,39.0,12.0,86.32687153960332,89.84375,89.84375,22.838110249302
session_9.csv,session_9,776,49664,49792,49664,49792,99.328,99.584,clench,1,128,1.0,False,False,3.5512496935041877,4.4750469367709735,474.95476551145816,36.0,6.0,81.67401892781766,82.03125,93.75,17.235641841389246
session_9.csv,session_9,777,49728,49856,49728,49856,99.456,99.712,clench,1,128,1.0,False,True,4.13305179588344,5.036511232448107,521.298271416506,39.0,4.0,79.4095084582034,78.125,85.9375,20.816057560147986
session_9.csv,session_9,778,49792,49920,49792,49920,99.584,99.84,clench,1,85,0.6640625,True,True,4.176901514410604,5.1941375050972285,503.7129601942213,31.0,5.0,74.80460643392092,74.21875,70.3125,25.989601228440517
session_9.csv,session_9,779,49856,49984,49856,49984,99.712,99.968,relax,0,21,0.1640625,True,True,2.8809439215091537,3.571916258143883,358.56748558116715,27.0,2.0,84.2568632631354,82.03125,78.125,10.226833513333515
session_9.csv,session_9,780,49920,50048,49920,50048,99.84,100.096,relax,0,0,0.0,False,False,2.8732104144809023,3.4496312379197085,365.09426115494523,32.0,1.0,77.59487135114543,74.21875,74.21875,12.900697735546125
session_9.csv,session_9,781,49984,50112,49984,50112,99.968,100.224,relax,0,0,0.0,False,False,2.441723696496119,3.0697643258009446,321.42591081943385,29.0,1.0,83.90958443910446,89.84375,93.75,7.39070257923421
session_9.csv,session_9,782,50048,50176,50048,50176,100.096,100.352,relax,0,0,0.0,False,False,1.835115856016647,2.38407870418983,244.4010864671693,18.0,0.0,79.1302070836695,82.03125,66.40625,3.4815793108462847
session_9.csv,session_9,783,50112,50240,50112,50240,100.224,100.48,relax,0,0,0.0,False,False,1.9479650730101863,2.606675151870143,257.95694303457844,17.0,1.0,79.46486762280134,78.125,74.21875,11.10749843246826
session_9.csv,session_9,784,50176,50304,50176,50304,100.352,100.608,relax,0,0,0.0,False,False,4.375471167732718,7.648749306967607,525.1169332418281,30.0,2.0,76.53835002470993,78.125,66.40625,4.976277964005221
session_9.csv,session_9,785,50240,50368,50240,50368,100.48,100.736,relax,0,17,0.1328125,True,True,12.275990264555944,19.286564458937015,1512.1964262879374,39.0,18.0,74.76734162149748,74.21875,74.21875,751.4507503446251
session_9.csv,session_9,786,50304,50432,50304,50432,100.608,100.864,clench,1,81,0.6328125,True,True,16.12165432518293,21.57439029230738,2042.461720864014,42.0,29.0,81.86214807259007,82.03125,74.21875,256.8293998137745
session_9.csv,session_9,787,50368,50496,50368,50496,100.736,100.992,clench,1,128,1.0,False,True,12.914376317587383,15.964077027774184,1650.7209715797967,40.0,27.0,81.74144787474853,82.03125,82.03125,213.97168370816556
session_9.csv,session_9,788,50432,50560,50432,50560,100.864,101.12,clench,1,128,1.0,False,False,10.601706826742824,13.321763020593693,1394.0259359023767,40.0,23.0,85.68672348878584,85.9375,85.9375,161.66480106363616
session_9.csv,session_9,789,50496,50624,50496,50624,100.992,101.248,clench,1,128,1.0,False,False,8.50807659587579,10.466207240938182,1114.056982691438,42.0,19.0,86.23730387597,85.9375,97.65625,62.54607724388547
session_9.csv,session_9,790,50560,50688,50560,50688,101.12,101.376,clench,1,128,1.0,False,False,6.4802188142897075,7.815705315177949,836.3969430417628,40.0,16.0,76.0875647058368,74.21875,74.21875,52.38552771326073
session_9.csv,session_9,791,50624,50752,50624,50752,101.248,101.504,clench,1,121,0.9453125,True,True,5.210621408772123,6.6031911562425405,661.8230658748939,31.0,14.0,81.32053951141314,74.21875,70.3125,31.994008277060246
session_9.csv,session_9,792,50688,50816,50688,50816,101.376,101.632,relax,0,57,0.4453125,True,True,3.59590629982202,5.072886976902125,461.35318975348787,24.0,8.0,81.89377793683292,85.9375,89.84375,25.32509662535704
session_9.csv,session_9,793,50752,50880,50752,50880,101.504,101.76,relax,0,0,0.0,False,True,1.9217669018822487,2.4036139365548563,266.73336258041866,20.0,1.0,82.64115178768637,82.03125,97.65625,3.2081369796349635
session_9.csv,session_9,794,50816,50944,50816,50944,101.632,101.888,relax,0,0,0.0,False,False,2.2214891270654133,2.9806507205653627,300.0402238185137,24.0,2.0,77.84251037716031,78.125,82.03125,11.222200117537712
session_9.csv,session_9,795,50880,51008,50880,51008,101.76,102.016,relax,0,0,0.0,False,False,2.901233554710223,3.631931010568092,381.05793795429906,31.0,4.0,86.55145736513006,85.9375,97.65625,9.0079306097147
session_9.csv,session_9,796,50944,51072,50944,51072,101.888,102.144,relax,0,0,0.0,False,False,2.7844734613273694,3.3568274617834786,369.7851912076161,32.0,3.0,79.17106997445939,74.21875,74.21875,5.572237090268126
session_9.csv,session_9,797,51008,51136,51008,51136,102.016,102.272,relax,0,0,0.0,False,False,2.7475634345254445,3.3142311984080597,378.4110572353312,37.0,5.0,79.20187240735804,74.21875,70.3125,7.421642133424927
session_9.csv,session_9,798,51072,51200,51072,51200,102.144,102.4,relax,0,0,0.0,False,False,2.4174338270966667,3.022481757109154,337.6407822206145,30.0,5.0,80.44323065126575,82.03125,82.03125,4.9186422499267755
session_9.csv,session_9,799,51136,51264,51136,51264,102.272,102.528,relax,0,0,0.0,False,False,2.347561267467178,2.926456087036799,316.2135531930047,26.0,2.0,85.17992915790593,85.9375,85.9375,4.5851575105839135
session_9.csv,session_9,800,51200,51328,51200,51328,102.4,102.656,relax,0,0,0.0,False,True,7.365484524205501,11.32245495755089,930.0378737079845,38.0,13.0,80.22094927213455,82.03125,82.03125,42.33796136919056
session_9.csv,session_9,801,51264,51392,51264,51392,102.528,102.784,relax,0,59,0.4609375,True,True,10.812624119531772,14.304862476218885,1414.2773761700062,45.0,25.0,82.08307207980327,82.03125,78.125,203.08678350581414
session_9.csv,session_9,802,51328,51456,51328,51456,102.656,102.912,clench,1,123,0.9609375,True,True,12.622094961102476,15.633828025167983,1667.7361174485193,46.0,29.0,79.86905193030147,78.125,74.21875,339.31315154017574
session_9.csv,session_9,803,51392,51520,51392,51520,102.784,103.04,clench,1,128,1.0,False,False,13.907232754046369,16.438836200249742,1798.2183863101259,45.0,33.0,84.77172704595559,89.84375,89.84375,150.74147862411473
session_9.csv,session_9,804,51456,51584,51456,51584,102.912,103.168,clench,1,128,1.0,False,False,12.265081408847344,15.235377033408895,1573.2306451807444,44.0,29.0,82.43204550988465,85.9375,89.84375,305.2578246526062
session_9.csv,session_9,805,51520,51648,51520,51648,103.04,103.296,clench,1,128,1.0,False,False,9.852189818323929,12.788316983056166,1272.396846595023,42.0,22.0,79.2397199852874,74.21875,70.3125,111.06328827224611
session_9.csv,session_9,806,51584,51712,51584,51712,103.168,103.424,clench,1,128,1.0,False,False,6.16716023269952,7.590248813869226,809.5204637611067,41.0,15.0,79.30568908466743,78.125,70.3125,36.36288152130537
session_9.csv,session_9,807,51648,51776,51648,51776,103.296,103.552,clench,1,128,1.0,False,False,4.5460268713653385,5.663440907823864,599.6571162569394,36.0,12.0,83.12916153691235,85.9375,89.84375,24.821263765742323
session_9.csv,session_9,808,51712,51840,51712,51840,103.424,103.68,clench,1,128,1.0,False,True,5.088940771507529,6.648829535806405,643.7457692374235,35.0,12.0,80.74622285226525,82.03125,78.125,78.89180097184888
session_9.csv,session_9,809,51776,51904,51776,51904,103.552,103.808,clench,1,76,0.59375,True,True,4.568118312712036,6.183346003883613,569.4060687418836,31.0,11.0,79.55659389157275,78.125,74.21875,15.61053828773866
session_9.csv,session_9,810,51840,51968,51840,51968,103.68,103.936,relax,0,12,0.09375,True,True,2.8364044993085598,3.515433994457048,357.49675256000876,25.0,4.0,82.4398092411973,82.03125,85.9375,7.229119423277938
session_9.csv,session_9,811,51904,52032,51904,52032,103.808,104.064,relax,0,0,0.0,False,False,2.6826651542472337,3.3096133079635326,358.3399961797767,29.0,1.0,80.53735644774527,74.21875,74.21875,8.825486918861944
session_9.csv,session_9,812,51968,52096,51968,52096,103.936,104.192,relax,0,0,0.0,False,False,2.658799383428332,3.323785825989276,356.5150315396486,30.0,0.0,87.11482275951812,93.75,93.75,8.546116741580825
session_9.csv,session_9,813,52032,52160,52032,52160,104.064,104.32,relax,0,0,0.0,False,False,2.420696756550086,2.9896796217807133,315.70378292949295,23.0,1.0,80.17667163249634,82.03125,82.03125,9.92369286386526
session_9.csv,session_9,814,52096,52224,52096,52224,104.192,104.448,relax,0,0,0.0,False,False,2.503103084434719,3.1051682015072686,333.61705346866165,26.0,4.0,79.63744121558102,78.125,78.125,5.605408432016185
session_9.csv,session_9,815,52160,52288,52160,52288,104.32,104.576,relax,0,0,0.0,False,False,2.537257876853065,3.373372115531749,355.94315285254845,29.0,7.0,82.13172239696164,82.03125,97.65625,9.036034836274295
session_9.csv,session_9,816,52224,52352,52224,52352,104.448,104.704,relax,0,0,0.0,False,False,2.8643123202363663,3.807864985788311,384.2253310564947,30.0,5.0,80.7524692580892,82.03125,82.03125,14.724084042355894
session_9.csv,session_9,817,52288,52416,52288,52416,104.576,104.832,relax,0,0,0.0,False,False,2.807746831821672,3.5385278506296856,369.86909591119434,34.0,2.0,80.46641311634637,78.125,78.125,5.714251537224941
session_9.csv,session_9,818,52352,52480,52352,52480,104.704,104.96,relax,0,0,0.0,False,False,2.4546062868317637,3.041385904035852,322.77859014492583,28.0,2.0,73.46488854272229,70.3125,70.3125,5.152878369323404
session_9.csv,session_9,819,52416,52544,52416,52544,104.832,105.088,relax,0,0,0.0,False,False,2.8398273431354744,3.443519168000895,385.76570109338275,33.0,4.0,86.91603206058478,89.84375,97.65625,9.755612905880097
session_9.csv,session_9,820,52480,52608,52480,52608,104.96,105.216,relax,0,0,0.0,False,False,2.745812585245159,3.395674840266644,388.24340993933265,34.0,5.0,87.8966247242205,93.75,93.75,8.967999053847214
session_9.csv,session_9,821,52544,52672,52544,52672,105.088,105.344,relax,0,0,0.0,False,False,2.406469504772847,3.0474407463488853,320.3541487823461,23.0,2.0,83.77216031119113,82.03125,97.65625,6.742446996769079
session_9.csv,session_9,822,52608,52736,52608,52736,105.216,105.472,relax,0,0,0.0,False,False,2.8053155335005915,3.8124177757527096,365.4563607770315,23.0,3.0,85.3168156808108,85.9375,89.84375,11.72722829402811
session_9.csv,session_9,823,52672,52800,52672,52800,105.344,105.6,relax,0,30,0.234375,True,True,10.885766320828159,18.848754225909282,1217.4343879543346,31.0,14.0,75.3958894257345,70.3125,70.3125,47.40574231981311
session_9.csv,session_9,824,52736,52864,52736,52864,105.472,105.728,clench,1,94,0.734375,True,True,20.532467485422988,29.47164065905985,2513.5488454032225,41.0,28.0,78.36716298817916,78.125,82.03125,1871.407087680663
session_9.csv,session_9,825,52800,52928,52800,52928,105.6,105.856,clench,1,128,1.0,False,False,17.89685470773599,25.539191666928975,2294.3218154758456,43.0,34.0,83.5677055361225,82.03125,78.125,252.99170240033598
session_9.csv,session_9,826,52864,52992,52864,52992,105.728,105.984,clench,1,128,1.0,False,False,11.02549260296756,13.554144774555509,1384.2819520781995,42.0,24.0,77.32527281427244,78.125,74.21875,126.88351450548282
session_9.csv,session_9,827,52928,53056,52928,53056,105.856,106.112,clench,1,128,1.0,False,False,11.191044617592631,13.67560799545595,1396.6351924017836,41.0,20.0,80.25272252854593,82.03125,82.03125,178.1726247846301
session_9.csv,session_9,828,52992,53120,52992,53120,105.984,106.24,clench,1,128,1.0,False,False,11.23900403847297,14.545721212293943,1435.3051257889504,40.0,20.0,80.41279189946262,82.03125,82.03125,142.40573612722073
session_9.csv,session_9,829,53056,53184,53056,53184,106.112,106.368,clench,1,128,1.0,False,False,9.233355026999153,12.679687582494147,1126.0465491249684,40.0,16.0,77.48661105699624,78.125,78.125,260.1133432818814
session_9.csv,session_9,830,53120,53248,53120,53248,106.24,106.496,clench,1,128,1.0,False,False,10.178283215216346,12.824469223512782,1304.517042612064,42.0,23.0,77.7176563416404,78.125,82.03125,143.57123589333708
session_9.csv,session_9,831,53184,53312,53184,53312,106.368,106.624,clench,1,128,1.0,False,False,9.911533349265909,11.953644561599019,1317.4923158935833,43.0,25.0,88.89456188461048,93.75,93.75,97.47785267906927
session_9.csv,session_9,832,53248,53376,53248,53376,106.496,106.752,clench,1,128,1.0,False,False,8.88988855890333,11.729666518229246,1136.425131381589,39.0,15.0,80.01807182099238,78.125,74.21875,167.12036351900574
session_9.csv,session_9,833,53312,53440,53312,53440,106.624,106.88,clench,1,128,1.0,False,False,7.423123946757918,10.303879962482632,934.365044129211,35.0,12.0,76.82605033094373,74.21875,74.21875,42.29486561579937
session_9.csv,session_9,834,53376,53504,53376,53504,106.752,107.008,clench,1,128,1.0,False,False,5.28487407282485,6.621399014499499,649.7789634456785,35.0,11.0,76.95965831803898,74.21875,70.3125,43.8544679242606
session_9.csv,session_9,835,53440,53568,53440,53568,106.88,107.136,clench,1,128,1.0,False,False,6.6586737224468315,8.465618376368356,872.5002398725121,39.0,19.0,82.32411760499495,82.03125,97.65625,24.97328936949736
session_9.csv,session_9,836,53504,53632,53504,53632,107.008,107.264,clench,1,128,1.0,False,False,8.870822390154732,10.453156513600556,1114.6489491261104,40.0,20.0,77.24408615984342,74.21875,70.3125,99.8163215910064
session_9.csv,session_9,837,53568,53696,53568,53696,107.136,107.392,clench,1,128,1.0,False,False,7.8821861247976495,9.28832193295166,964.4765113689438,40.0,17.0,78.93798585257439,74.21875,70.3125,84.48822989019673
session_9.csv,session_9,838,53632,53760,53632,53760,107.264,107.52,clench,1,128,1.0,False,False,6.079624223271471,7.597422603510725,800.8955437122347,41.0,19.0,81.19262292896039,78.125,89.84375,57.49039574799859
session_9.csv,session_9,839,53696,53824,53696,53824,107.392,107.648,clench,1,128,1.0,False,False,7.021075846718786,9.534057632866078,905.321502051068,40.0,18.0,76.96555213620428,74.21875,74.21875,34.275906019184994
session_9.csv,session_9,840,53760,53888,53760,53888,107.52,107.776,clench,1,128,1.0,False,False,10.12474806064144,12.721710477390731,1258.2418611136318,40.0,21.0,81.17498644517063,78.125,78.125,175.6775767097185
session_9.csv,session_9,841,53824,53952,53824,53952,107.648,107.904,clench,1,128,1.0,False,False,8.448751540928555,11.035153855929222,1056.8152894854707,38.0,19.0,79.51431321150827,78.125,70.3125,154.25247991703046
session_9.csv,session_9,842,53888,54016,53888,54016,107.776,108.032,clench,1,128,1.0,False,False,5.432170169923739,7.1038034950268285,697.8133952258792,36.0,15.0,81.75204259969145,82.03125,82.03125,26.618494332690293
session_9.csv,session_9,843,53952,54080,53952,54080,107.904,108.16,clench,1,128,1.0,False,False,4.792214269034704,6.1688447055569835,625.9278047969934,37.0,10.0,83.41933566811944,82.03125,82.03125,34.06305501792055
session_9.csv,session_9,844,54016,54144,54016,54144,108.032,108.288,clench,1,128,1.0,False,False,4.488815665841847,5.626945770064755,577.7381715065718,38.0,6.0,79.02512212515957,82.03125,82.03125,30.46745531719233
session_9.csv,session_9,845,54080,54208,54080,54208,108.16,108.416,clench,1,128,1.0,False,True,5.358683093145988,6.592605883788302,682.3336085931098,39.0,10.0,79.54202704941908,82.03125,82.03125,35.34583139653999
session_9.csv,session_9,846,54144,54272,54144,54272,108.288,108.544,clench,1,83,0.6484375,True,True,3.88075050614841,5.313946154379141,492.11305914455386,29.0,6.0,81.83096208439633,85.9375,70.3125,20.186050283212456
session_9.csv,session_9,847,54208,54336,54208,54336,108.416,108.672,relax,0,19,0.1484375,True,True,2.159623141851549,2.728735719079955,279.3268229723474,23.0,1.0,79.71802731151918,82.03125,85.9375,6.048967107524267
session_9.csv,session_9,848,54272,54400,54272,54400,108.544,108.8,relax,0,0,0.0,False,False,2.5118506390961786,3.109097969170883,331.31395522345986,30.0,0.0,80.28501071633829,82.03125,85.9375,4.53852177543988
session_9.csv,session_9,849,54336,54464,54336,54464,108.672,108.928,relax,0,0,0.0,False,False,2.5329745042383367,3.1835905222087293,348.35467211362334,30.0,3.0,88.46057888267902,89.84375,93.75,14.030874855184855
session_9.csv,session_9,850,54400,54528,54400,54528,108.8,109.056,relax,0,0,0.0,False,False,2.9824390259252773,3.7889719004693343,407.71653036181647,31.0,7.0,81.99890458280056,82.03125,85.9375,15.07581039803949
session_9.csv,session_9,851,54464,54592,54464,54592,108.928,109.184,relax,0,0,0.0,False,False,2.638240315532931,3.4693877485807127,359.8907967368524,28.0,3.0,88.60590835563505,93.75,97.65625,5.641612490451561
session_9.csv,session_9,852,54528,54656,54528,54656,109.056,109.312,relax,0,0,0.0,False,False,2.047309592794935,2.697935031045276,289.9935601264506,22.0,2.0,82.26746558178935,82.03125,97.65625,4.778523750909058
session_9.csv,session_9,853,54592,54720,54592,54720,109.184,109.44,relax,0,0,0.0,False,False,2.357971150051701,3.0653556071063903,333.05522859809696,26.0,3.0,83.84358800291447,82.03125,82.03125,4.615325315913212
session_9.csv,session_9,854,54656,54784,54656,54784,109.312,109.568,relax,0,0,0.0,False,False,2.531020189130084,3.14299024861894,333.1437190347906,28.0,1.0,80.39780023768883,78.125,78.125,9.892048223792806
session_9.csv,session_9,855,54720,54848,54720,54848,109.44,109.696,relax,0,0,0.0,False,True,2.960367769300367,3.6980220130199317,373.6941697733663,31.0,3.0,80.25893596919806,82.03125,78.125,7.883625937210389
session_9.csv,session_9,856,54784,54912,54784,54912,109.568,109.824,relax,0,42,0.328125,True,True,9.8107790571068,15.281383056662959,1249.7657895701723,37.0,14.0,81.24159457181739,82.03125,78.125,117.55514906438533
session_9.csv,session_9,857,54848,54976,54848,54976,109.696,109.952,clench,1,106,0.828125,True,True,15.708818491057018,19.532483252347127,2032.1384856124228,42.0,31.0,85.02401339074308,89.84375,93.75,445.93089953467353
session_9.csv,session_9,858,54912,55040,54912,55040,109.824,110.08,clench,1,128,1.0,False,False,12.005798201195262,14.680993761386123,1527.5213382368797,41.0,28.0,79.30401520186335,78.125,78.125,169.5024098214758
session_9.csv,session_9,859,54976,55104,54976,55104,109.952,110.208,clench,1,128,1.0,False,False,10.352438375235666,12.966085076753604,1290.5816435326813,38.0,18.0,83.97734291336027,85.9375,97.65625,89.89610444296252
session_9.csv,session_9,860,55040,55168,55040,55168,110.08,110.336,clench,1,128,1.0,False,False,10.466063211626674,12.928556078602192,1377.6050109900407,43.0,24.0,76.69867555769396,74.21875,70.3125,165.66010962418974
session_9.csv,session_9,861,55104,55232,55104,55232,110.208,110.464,clench,1,128,1.0,False,False,8.198337398406554,9.822184708813058,1051.7713250667216,40.0,21.0,83.09419966004629,85.9375,85.9375,94.96785947423457
session_9.csv,session_9,862,55168,55296,55168,55296,110.336,110.592,clench,1,128,1.0,False,False,6.542865752330068,7.985467870504469,831.9547605212402,38.0,20.0,81.30942808615745,82.03125,82.03125,50.92513054171738
session_9.csv,session_9,863,55232,55360,55232,55360,110.464,110.72,clench,1,128,1.0,False,False,5.378644369006522,6.46584175565347,737.6691828957796,43.0,18.0,82.3971043610472,82.03125,78.125,17.137090061062693
session_9.csv,session_9,864,55296,55424,55296,55424,110.592,110.848,clench,1,128,1.0,False,False,5.780215724023748,6.971608122744605,786.3521455759911,44.0,17.0,82.28211018285984,82.03125,85.9375,38.37748067328345
session_9.csv,session_9,865,55360,55488,55360,55488,110.72,110.976,clench,1,128,1.0,False,False,6.7889087552396274,8.03114671844314,895.4223217503329,42.0,20.0,84.4742922062803,82.03125,97.65625,49.64987074931774
session_9.csv,session_9,866,55424,55552,55424,55552,110.848,111.104,clench,1,128,1.0,False,False,6.656766553586072,8.028126048792412,827.9092884517037,41.0,13.0,76.83966500966712,74.21875,74.21875,68.26215295036623
session_9.csv,session_9,867,55488,55616,55488,55616,110.976,111.232,clench,1,128,1.0,False,False,7.169135658972809,8.613157226829495,892.4183295156114,42.0,14.0,77.73869253824728,74.21875,70.3125,69.4195029114493
session_9.csv,session_9,868,55552,55680,55552,55680,111.104,111.36,clench,1,128,1.0,False,False,7.477578455177853,8.745592198823395,912.8355402160046,39.0,22.0,81.64159666166928,82.03125,74.21875,86.13597874038558
session_9.csv,session_9,869,55616,55744,55616,55744,111.232,111.488,clench,1,128,1.0,False,False,5.557003296711491,6.849173133499645,700.1576453240527,40.0,15.0,79.9640017833065,78.125,82.03125,31.184034137429045
session_9.csv,session_9,870,55680,55808,55680,55808,111.36,111.616,clench,1,123,0.9609375,True,True,5.237940244351118,6.507271120446173,689.7627087421747,39.0,13.0,76.61715974181472,78.125,66.40625,20.96610972982272
session_9.csv,session_9,871,55744,55872,55744,55872,111.488,111.744,relax,0,59,0.4609375,True,True,5.532469524816491,7.149577415225949,690.7095329188364,38.0,12.0,77.49763919195863,78.125,78.125,82.04050471558213
session_9.csv,session_9,872,55808,55936,55808,55936,111.616,111.872,relax,0,0,0.0,False,True,3.436177671924721,5.008191255406251,423.3700941519901,30.0,2.0,79.77709765801758,74.21875,74.21875,9.000396008257054
session_9.csv,session_9,873,55872,56000,55872,56000,111.744,112.0,relax,0,0,0.0,False,False,2.4973013629727365,3.0086568351531886,333.7642494009043,31.0,1.0,82.40892876158938,85.9375,85.9375,7.101724591581675
session_9.csv,session_9,874,55936,56064,55936,56064,111.872,112.128,relax,0,0,0.0,False,False,3.1050235501086796,3.865973085376519,423.2612028569878,38.0,1.0,79.20843061092616,78.125,82.03125,6.174614516437439
session_9.csv,session_9,875,56000,56128,56000,56128,112.0,112.256,relax,0,0,0.0,False,False,2.7902863003749054,3.634441039751303,367.5325097053857,27.0,0.0,81.53444876521934,78.125,70.3125,14.938936446604774
session_9.csv,session_9,876,56064,56192,56064,56192,112.128,112.384,relax,0,0,0.0,False,True,11.540408040476482,22.50200037457407,1377.3627679313158,29.0,11.0,78.70130286325383,78.125,78.125,32.81954320666344
session_9.csv,session_9,877,56128,56256,56128,56256,112.256,112.512,relax,0,64,0.5,True,True,19.864074019959816,28.522925444761963,2373.863291357672,41.0,29.0,75.23880689841099,74.21875,74.21875,1718.008014760845
session_9.csv,session_9,878,56192,56320,56192,56320,112.384,112.64,clench,1,128,1.0,False,True,13.412152804366647,18.79882032212728,1584.420578127735,41.0,28.0,79.46715944358748,78.125,74.21875,127.92573025122752
session_9.csv,session_9,879,56256,56384,56256,56384,112.512,112.768,clench,1,128,1.0,False,False,7.817255688219221,9.853386667118246,968.0039285180918,40.0,18.0,77.87509690104417,78.125,78.125,142.11017314504682
session_9.csv,session_9,880,56320,56448,56320,56448,112.64,112.896,clench,1,128,1.0,False,False,5.828612781201778,8.263495597951888,741.4505016522528,40.0,11.0,83.52790762613499,85.9375,74.21875,21.44967527789741
session_9.csv,session_9,881,56384,56512,56384,56512,112.768,113.024,clench,1,128,1.0,False,False,5.069158313042531,6.854498047448773,626.1710844495182,35.0,11.0,72.55165660758054,70.3125,70.3125,28.247491053423726
session_9.csv,session_9,882,56448,56576,56448,56576,112.896,113.152,clench,1,128,1.0,False,False,5.127172308967285,7.0024834683571875,646.4264270394318,31.0,14.0,79.62192758109306,78.125,85.9375,82.81935025595173
session_9.csv,session_9,883,56512,56640,56512,56640,113.024,113.28,clench,1,128,1.0,False,False,4.1775420891242385,5.303707751565658,549.9476373360676,34.0,11.0,88.4069044925813,93.75,93.75,22.141329642260278
session_9.csv,session_9,884,56576,56704,56576,56704,113.152,113.408,clench,1,128,1.0,False,False,4.769959290814129,6.798241837961046,609.2395827973465,31.0,10.0,81.1231347184252,82.03125,82.03125,22.013513147397695
session_9.csv,session_9,885,56640,56768,56640,56768,113.28,113.536,clench,1,101,0.7890625,True,True,4.464170949266366,6.54093898836118,553.4998014392276,29.0,10.0,79.62736438616264,78.125,74.21875,49.56174315115616
session_9.csv,session_9,886,56704,56832,56704,56832,113.408,113.664,relax,0,37,0.2890625,True,True,2.8613582889406235,3.5087278249753098,362.5604314525053,29.0,4.0,80.25965041008897,78.125,78.125,6.406795893107812
session_9.csv,session_9,887,56768,56896,56768,56896,113.536,113.792,relax,0,0,0.0,False,False,2.727123939920297,3.4033048570638527,361.8697988155393,30.0,2.0,82.75962882482219,82.03125,97.65625,12.507666661286585
session_9.csv,session_9,888,56832,56960,56832,56960,113.664,113.92,relax,0,0,0.0,False,False,2.970049770698094,3.692424670000008,391.31000371478785,32.0,3.0,86.0955656487063,89.84375,97.65625,12.302193270301784
session_9.csv,session_9,889,56896,57024,56896,57024,113.792,114.048,relax,0,0,0.0,False,False,2.333399417540492,2.942708315657842,297.79268181238035,26.0,0.0,81.73663470506384,78.125,74.21875,8.115845294114012
session_9.csv,session_9,890,56960,57088,56960,57088,113.92,114.176,relax,0,0,0.0,False,False,2.133699395784019,2.6718711384407623,265.8708634500532,22.0,0.0,78.89133099238879,78.125,66.40625,5.402808687982047
session_9.csv,session_9,891,57024,57152,57024,57152,114.048,114.304,relax,0,0,0.0,False,False,2.0243855646376616,2.5964352564235296,254.68067140436665,20.0,0.0,79.568141578098,78.125,82.03125,8.813858429301929
session_9.csv,session_9,892,57088,57216,57088,57216,114.176,114.432,relax,0,0,0.0,False,False,1.55076665179715,2.069078622686882,207.81093177488424,13.0,0.0,80.37760276733256,78.125,78.125,3.310552863637854
session_9.csv,session_9,893,57152,57280,57152,57280,114.304,114.56,relax,0,0,0.0,False,False,1.9736488969275285,2.5616931437154378,251.4943632005162,19.0,0.0,82.67697410769252,82.03125,74.21875,2.744744307941761
session_9.csv,session_9,894,57216,57344,57216,57344,114.432,114.688,relax,0,0,0.0,False,False,2.940577636070464,3.6467825882866447,385.31570360001433,33.0,4.0,81.68084695742436,78.125,78.125,11.96587308445406
session_9.csv,session_9,895,57280,57408,57280,57408,114.56,114.816,relax,0,0,0.0,False,False,2.8776696597663918,3.739318556773473,397.3521370254332,29.0,6.0,85.06139815616532,89.84375,89.84375,15.174960774328216
session_9.csv,session_9,896,57344,57472,57344,57472,114.688,114.944,relax,0,0,0.0,False,False,2.363858229864932,3.0710891145117203,321.0754780351284,25.0,2.0,89.40700949021073,93.75,97.65625,7.280767659593657
session_9.csv,session_9,897,57408,57536,57408,57536,114.816,115.072,relax,0,0,0.0,False,False,2.118599145261782,2.7371622630272476,274.07635841869194,22.0,1.0,81.88034440216707,82.03125,74.21875,6.263995861935649
session_9.csv,session_9,898,57472,57600,57472,57600,114.944,115.2,relax,0,0,0.0,False,False,2.583416877585403,3.3007827213244423,328.6137286124613,22.0,5.0,81.44195778980446,82.03125,78.125,11.99118166756469
session_9.csv,session_9,899,57536,57664,57536,57664,115.072,115.328,relax,0,0,0.0,False,False,2.517791201765842,3.1410250287523196,316.25543092231226,20.0,4.0,77.77500564387638,74.21875,74.21875,7.948991292512593
session_9.csv,session_9,900,57600,57728,57600,57728,115.2,115.456,relax,0,0,0.0,False,False,2.800098989463761,3.6433937717877116,364.9634777844311,26.0,5.0,82.07873700083735,82.03125,82.03125,17.16202183503843
session_9.csv,session_9,901,57664,57792,57664,57792,115.328,115.584,relax,0,0,0.0,False,False,3.34512244367353,4.249339082106544,442.08506723957555,32.0,8.0,83.9419597372541,85.9375,82.03125,6.355370845557539
session_9.csv,session_9,902,57728,57856,57728,57856,115.456,115.712,relax,0,0,0.0,False,False,2.365978843104549,3.144043584681403,317.7219908198531,25.0,3.0,78.76309604840586,78.125,74.21875,14.589305955369799
session_9.csv,session_9,903,57792,57920,57792,57920,115.584,115.84,relax,0,3,0.0234375,True,True,8.25103431118198,15.223947478400978,929.0390959609712,30.0,8.0,76.23028810920098,78.125,78.125,22.60716372184955
session_9.csv,session_9,904,57856,57984,57856,57984,115.712,115.968,clench,1,67,0.5234375,True,True,15.719618861134805,21.660506789582982,1962.423985601677,38.0,21.0,78.81678795477445,78.125,74.21875,862.163307949715
session_9.csv,session_9,905,57920,58048,57920,58048,115.84,116.096,clench,1,128,1.0,False,True,13.73945495277759,18.164584960720838,1848.750159613635,43.0,27.0,86.59149880184391,89.84375,97.65625,146.54048676095783
session_9.csv,session_9,906,57984,58112,57984,58112,115.968,116.224,clench,1,128,1.0,False,False,9.471364432837857,11.97991760370333,1257.7513862888322,41.0,24.0,83.07068404752286,85.9375,89.84375,160.4467571789893
session_9.csv,session_9,907,58048,58176,58048,58176,116.096,116.352,clench,1,128,1.0,False,False,9.926785876443537,12.83423600342723,1232.3047581294782,38.0,21.0,82.31019519556914,85.9375,89.84375,88.55725871316942
session_9.csv,session_9,908,58112,58240,58112,58240,116.224,116.48,clench,1,128,1.0,False,False,10.243491315569718,13.145182680107192,1274.9172003123635,39.0,20.0,78.25700917018598,74.21875,74.21875,209.59533301156986
session_9.csv,session_9,909,58176,58304,58176,58304,116.352,116.608,clench,1,128,1.0,False,False,11.201122355903504,14.050513216304797,1380.49407144613,40.0,23.0,79.06796235996558,78.125,82.03125,316.10558872791324
session_9.csv,session_9,910,58240,58368,58240,58368,116.48,116.736,clench,1,128,1.0,False,False,11.441683451756248,14.771873736196586,1444.8520787422244,42.0,21.0,82.80228346961752,85.9375,70.3125,148.96107043726903
session_9.csv,session_9,911,58304,58432,58304,58432,116.608,116.864,clench,1,128,1.0,False,False,8.681514386987796,11.515780402822486,1113.816992801012,41.0,19.0,80.99850919679123,82.03125,85.9375,94.88582958985998
session_9.csv,session_9,912,58368,58496,58368,58496,116.736,116.992,clench,1,128,1.0,False,False,7.459696242763918,9.548320796452776,935.543276982106,36.0,19.0,75.34376619387115,74.21875,78.125,40.60331572086481
session_9.csv,session_9,913,58432,58560,58432,58560,116.864,117.12,clench,1,128,1.0,False,False,5.652228960301086,7.531453520509829,725.6057404547033,36.0,11.0,80.36726710200514,74.21875,70.3125,88.2716182070168
session_9.csv,session_9,914,58496,58624,58496,58624,116.992,117.248,clench,1,128,1.0,False,False,4.4802686572760075,5.569317154593219,595.3044459670543,42.0,7.0,80.32857906549968,82.03125,70.3125,19.296606430118594
session_9.csv,session_9,915,58560,58688,58560,58688,117.12,117.376,clench,1,128,1.0,False,True,4.606954635468638,6.213069985960349,609.926823909465,37.0,9.0,83.7796415779213,85.9375,89.84375,18.949184771542566
session_9.csv,session_9,916,58624,58752,58624,58752,117.248,117.504,clench,1,88,0.6875,True,True,4.119643397002229,6.169800352171475,537.977761141513,30.0,8.0,82.10614210646796,85.9375,89.84375,62.74317217773755
session_9.csv,session_9,917,58688,58816,58688,58816,117.376,117.632,relax,0,24,0.1875,True,True,2.6146061036057917,4.133525369350971,330.81982724765976,21.0,3.0,79.8926290160365,78.125,78.125,5.900792733341652
session_9.csv,session_9,918,58752,58880,58752,58880,117.504,117.76,relax,0,0,0.0,False,False,1.8174547827989933,2.2849639080824504,227.8155042878309,14.0,1.0,77.38761160818412,78.125,74.21875,4.103203664897997
session_9.csv,session_9,919,58816,58944,58816,58944,117.632,117.888,relax,0,0,0.0,False,False,2.170738983403928,2.7782235436512863,287.6021851213767,23.0,1.0,82.42628175854756,82.03125,82.03125,2.3323629220284854
session_9.csv,session_9,920,58880,59008,58880,59008,117.76,118.016,relax,0,0,0.0,False,False,2.3030788055891245,2.9197340785990122,309.73792485419006,27.0,1.0,85.92302816300986,85.9375,85.9375,9.056090512185115
session_9.csv,session_9,921,58944,59072,58944,59072,117.888,118.144,relax,0,0,0.0,False,False,2.07454871813505,2.56051835607346,258.1069597621462,19.0,0.0,76.33877895496124,74.21875,74.21875,5.408724585596599
session_9.csv,session_9,922,59008,59136,59008,59136,118.016,118.272,relax,0,0,0.0,False,False,2.145021706362523,2.768386696490851,270.161481434282,19.0,0.0,80.2007229994768,82.03125,85.9375,11.372004735059738
session_9.csv,session_9,923,59072,59200,59072,59200,118.144,118.4,relax,0,0,0.0,False,False,2.3023241219750092,2.9922392136063034,300.8235112592406,22.0,0.0,84.21686445509872,89.84375,93.75,5.831989371646973
session_9.csv,session_9,924,59136,59264,59136,59264,118.272,118.528,relax,0,0,0.0,False,False,1.8178645566999183,2.4168466495296217,244.67867321383665,16.0,0.0,80.96661666236376,78.125,70.3125,5.881001062056781
session_9.csv,session_9,925,59200,59328,59200,59328,118.4,118.656,relax,0,0,0.0,False,False,1.7525015236468908,2.3013411928884406,224.15205159133097,13.0,0.0,81.63795759518015,78.125,78.125,4.040911726219285
session_9.csv,session_9,926,59264,59392,59264,59392,118.528,118.784,relax,0,0,0.0,False,False,2.281255527924875,2.8215365803665486,291.57229175679277,24.0,0.0,80.43989703572876,78.125,74.21875,6.048953037928604
session_9.csv,session_9,927,59328,59456,59328,59456,118.656,118.912,relax,0,0,0.0,False,False,2.331813745561818,2.793652889429167,309.37384536685136,26.0,1.0,84.06190778674039,89.84375,93.75,6.408219629196516
session_9.csv,session_9,928,59392,59520,59392,59520,118.784,119.04,relax,0,11,0.0859375,True,True,5.109266341632738,7.870628480251669,649.0712301857955,31.0,10.0,82.44941979945234,82.03125,89.84375,20.625475188076532
session_9.csv,session_9,929,59456,59584,59456,59584,118.912,119.168,clench,1,75,0.5859375,True,True,13.897845687117936,21.012120351102855,1752.1458915442945,38.0,25.0,77.80372581771513,74.21875,74.21875,775.2096465791212
session_9.csv,session_9,930,59520,59648,59520,59648,119.04,119.296,clench,1,128,1.0,False,True,20.551470490070813,26.836628284431818,2669.9836261983646,42.0,34.0,85.04795116277022,85.9375,85.9375,295.5427258102599
session_9.csv,session_9,931,59584,59712,59584,59712,119.168,119.424,clench,1,128,1.0,False,False,19.96943019276911,23.822903408753152,2478.780954240625,40.0,33.0,82.5801139203108,85.9375,85.9375,522.8029682095528
session_9.csv,session_9,932,59648,59776,59648,59776,119.296,119.552,clench,1,128,1.0,False,False,17.096097337435705,19.735364895228184,2031.1905035852706,40.0,30.0,74.92356756403939,74.21875,74.21875,423.5844926640784
session_9.csv,session_9,933,59712,59840,59712,59840,119.424,119.68,clench,1,128,1.0,False,False,15.922477918785338,18.141247483337246,1993.8327818692317,42.0,33.0,81.9094691336472,82.03125,82.03125,272.97304690745983
session_9.csv,session_9,934,59776,59904,59776,59904,119.552,119.808,clench,1,128,1.0,False,False,15.853030349476576,18.08172548502412,1967.0623839255247,40.0,29.0,80.87203575453027,78.125,78.125,316.3339123427419
session_9.csv,session_9,935,59840,59968,59840,59968,119.68,119.936,clench,1,128,1.0,False,False,10.818173026289319,13.659136391518723,1371.2424216577124,42.0,24.0,82.20740692964078,82.03125,78.125,195.44128903041062
session_9.csv,session_9,936,59904,60032,59904,60032,119.808,120.064,clench,1,128,1.0,False,False,8.306267936294223,10.824571269427976,1095.7441717879083,44.0,23.0,79.4001562557268,82.03125,82.03125,44.27910521522453
session_9.csv,session_9,937,59968,60096,59968,60096,119.936,120.192,clench,1,128,1.0,False,False,9.21315494781204,11.568971132144972,1170.9669001512902,40.0,24.0,80.2615731774727,82.03125,70.3125,161.70327665855154
session_9.csv,session_9,938,60032,60160,60032,60160,120.064,120.32,clench,1,128,1.0,False,False,8.97599992186112,10.65715988728554,1144.5867388437114,40.0,25.0,83.43505943582268,89.84375,89.84375,118.49506506028024
session_9.csv,session_9,939,60096,60224,60096,60224,120.192,120.448,clench,1,128,1.0,False,False,8.367418361393923,10.160941994655712,1087.1856176772649,43.0,23.0,79.25188629686637,78.125,82.03125,117.97666633814804
session_9.csv,session_9,940,60160,60288,60160,60288,120.32,120.576,clench,1,128,1.0,False,False,6.075862806864143,7.493380257886228,761.4488287523557,41.0,18.0,79.50008622636045,78.125,78.125,42.203205772271424
session_9.csv,session_9,941,60224,60352,60224,60352,120.448,120.704,clench,1,128,1.0,False,False,5.583847672535321,7.1583729598132395,666.7386976615887,36.0,9.0,80.15778158817584,82.03125,85.9375,79.92637535767459
session_9.csv,session_9,942,60288,60416,60288,60416,120.576,120.832,clench,1,128,1.0,False,False,4.6742087002362505,6.35274103735369,599.9309704105239,35.0,8.0,80.64054455527109,78.125,70.3125,23.034069902431078
session_9.csv,session_9,943,60352,60480,60352,60480,120.704,120.96,clench,1,128,1.0,False,False,3.046838751617077,3.778402025081104,416.672763694138,34.0,6.0,79.10700293963504,78.125,66.40625,7.913427322020285
session_9.csv,session_9,944,60416,60544,60416,60544,120.832,121.088,clench,1,128,1.0,False,True,2.9109013482991095,3.754017335701312,375.5084779734249,30.0,1.0,81.90630841373702,82.03125,74.21875,11.611908041933113
session_9.csv,session_9,945,60480,60608,60480,60608,120.96,121.216,clench,1,77,0.6015625,True,True,3.0886639375568556,4.120337176168458,413.67890046219907,29.0,4.0,79.99961510656004,78.125,93.75,14.937714569107541
session_9.csv,session_9,946,60544,60672,60544,60672,121.088,121.344,relax,0,13,0.1015625,True,True,2.4634632736481246,3.319126302067748,322.30569143469904,22.0,4.0,85.03099396354818,85.9375,97.65625,4.486957210627386
session_9.csv,session_9,947,60608,60736,60608,60736,121.216,121.472,relax,0,0,0.0,False,False,2.2776672419465784,2.869714767944176,283.62210045430845,20.0,1.0,79.24970059698713,78.125,70.3125,11.824912729696749
session_9.csv,session_9,948,60672,60800,60672,60800,121.344,121.6,relax,0,0,0.0,False,False,2.5251019015597898,3.0929730451067856,321.00105262571253,28.0,2.0,80.35735168466725,82.03125,82.03125,5.3040212858608236
session_9.csv,session_9,949,60736,60864,60736,60864,121.472,121.728,relax,0,0,0.0,False,False,2.59746764394555,3.0887405795670655,314.11844783617653,30.0,1.0,75.08997270690205,70.3125,70.3125,9.089444986168012
session_9.csv,session_9,950,60800,60928,60800,60928,121.6,121.856,relax,0,0,0.0,False,False,2.643073110626064,3.1444834505658505,317.7357986644406,27.0,0.0,79.11832875850193,78.125,70.3125,9.099684509571807
session_9.csv,session_9,951,60864,60992,60864,60992,121.728,121.984,relax,0,0,0.0,False,False,2.555005488712017,3.1209467001873223,323.6014643113906,26.0,1.0,80.32505134137783,82.03125,85.9375,6.891313808876776
session_9.csv,session_9,952,60928,61056,60928,61056,121.856,122.112,relax,0,0,0.0,False,False,2.743609598079358,3.375121888700153,356.20026578257887,30.0,5.0,82.455424576011,78.125,78.125,11.384189530973027
session_9.csv,session_9,953,60992,61120,60992,61120,121.984,122.24,relax,0,0,0.0,False,False,2.750925973408255,3.3651782884621535,370.2960974108065,34.0,5.0,80.92842027670916,85.9375,85.9375,10.927729243788518
session_9.csv,session_9,954,61056,61184,61056,61184,122.112,122.368,relax,0,0,0.0,False,False,2.4066168945561195,2.927016463618013,309.2809174599073,27.0,1.0,76.30217178442287,74.21875,74.21875,4.741853221674788
session_9.csv,session_9,955,61120,61248,61120,61248,122.24,122.496,relax,0,0,0.0,False,False,2.130967617151616,2.556836902450022,280.4943149117561,23.0,0.0,83.98660943110781,82.03125,97.65625,5.40437786379014
session_9.csv,session_9,956,61184,61312,61184,61312,122.368,122.624,relax,0,0,0.0,False,False,2.4513945264005628,2.9562308142070126,320.076794240088,26.0,1.0,80.3410610053745,78.125,70.3125,6.339528965664003
session_9.csv,session_9,957,61248,61376,61248,61376,122.496,122.752,relax,0,0,0.0,False,False,2.230826590285382,2.7403484704874512,284.64670658706393,21.0,1.0,81.39101052722347,82.03125,82.03125,6.2291590378950845
session_9.csv,session_9,958,61312,61440,61312,61440,122.624,122.88,relax,0,0,0.0,False,False,3.067953096248311,6.117868869052852,381.1479333768193,19.0,2.0,80.00207389491102,78.125,70.3125,3.2242337938418637
session_9.csv,session_9,959,61376,61504,61376,61504,122.752,123.008,relax,0,27,0.2109375,True,True,17.420163251997458,27.7082405974671,2099.6423628833495,31.0,20.0,78.71148395251845,78.125,74.21875,1322.2690191620766
session_9.csv,session_9,960,61440,61568,61440,61568,122.88,123.136,clench,1,91,0.7109375,True,True,20.43287183004015,28.505115822801947,2485.277141495057,39.0,33.0,79.01041350706925,78.125,74.21875,334.95939379614765
session_9.csv,session_9,961,61504,61632,61504,61632,123.008,123.264,clench,1,128,1.0,False,False,10.969894115139791,13.29730983184992,1374.8686342304654,38.0,29.0,77.91421186884526,74.21875,74.21875,202.83696960458664
session_9.csv,session_9,962,61568,61696,61568,61696,123.136,123.392,clench,1,128,1.0,False,False,10.325039489078204,12.381109493056094,1323.8008104241783,40.0,30.0,82.70494483861451,82.03125,78.125,109.56960664754901
session_9.csv,session_9,963,61632,61760,61632,61760,123.264,123.52,clench,1,128,1.0,False,False,7.229358358893989,8.666026516705152,969.4677079869014,46.0,27.0,86.42819734727387,89.84375,93.75,49.07380974122678
session_9.csv,session_9,964,61696,61824,61696,61824,123.392,123.648,clench,1,128,1.0,False,False,4.7762568796933795,5.758092128154311,639.0144799935123,43.0,14.0,89.3071470622554,93.75,93.75,34.92258423091851
session_9.csv,session_9,965,61760,61888,61760,61888,123.52,123.776,clench,1,126,0.984375,True,True,3.344938646563178,4.469935011748163,448.54716407810577,32.0,4.0,87.92819939199369,93.75,97.65625,14.040554532476126
session_9.csv,session_9,966,61824,61952,61824,61952,123.648,123.904,relax,0,62,0.484375,True,True,1.9732524401455418,2.6183190420254876,271.80227526974943,21.0,0.0,84.66893240596048,89.84375,93.75,7.002110603578237
session_9.csv,session_9,967,61888,62016,61888,62016,123.776,124.032,relax,0,0,0.0,False,True,1.9933872980563327,2.407223374572303,270.16154453109823,24.0,0.0,85.41559160558276,85.9375,93.75,5.4910234736174255
session_9.csv,session_9,968,61952,62080,61952,62080,123.904,124.16,relax,0,0,0.0,False,False,2.1921259193504454,2.683497046577047,291.5594963057124,25.0,0.0,81.54282323645047,82.03125,82.03125,2.982378319051601
session_9.csv,session_9,969,62016,62144,62016,62144,124.032,124.288,relax,0,0,0.0,False,False,2.6500864573743605,3.6039892837819267,350.24979060110354,23.0,3.0,82.59485646528913,82.03125,82.03125,22.016794682657547
session_9.csv,session_9,970,62080,62208,62080,62208,124.16,124.416,relax,0,0,0.0,False,False,2.7575810849491846,3.668439098287693,370.88829700215035,26.0,4.0,86.70928473201532,89.84375,93.75,6.230685293081494
session_9.csv,session_9,971,62144,62272,62144,62272,124.288,124.544,relax,0,0,0.0,False,False,2.225318400337283,2.886525551424348,303.2834611444705,21.0,3.0,85.90418474995583,89.84375,93.75,5.099254111549395
session_9.csv,session_9,972,62208,62336,62208,62336,124.416,124.672,relax,0,0,0.0,False,False,2.626884844443717,3.2971083195953117,348.2723715756563,27.0,3.0,82.20245484386624,85.9375,85.9375,8.582114320647417
session_9.csv,session_9,973,62272,62400,62272,62400,124.544,124.8,relax,0,0,0.0,False,False,2.2846522829725666,2.810223523083418,293.488969574056,24.0,1.0,83.04120773802704,85.9375,89.84375,7.759216676399373
session_9.csv,session_9,974,62336,62464,62336,62464,124.672,124.928,relax,0,0,0.0,False,False,2.014200958232469,2.4832567328668445,268.3031114504356,23.0,1.0,83.16573756695998,85.9375,70.3125,2.793810757165501
session_9.csv,session_9,975,62400,62528,62400,62528,124.8,125.056,relax,0,0,0.0,False,False,2.5304234742764296,3.094311407146832,345.94677535718915,31.0,3.0,83.7457678555019,89.84375,93.75,10.690292472012262
session_9.csv,session_9,976,62464,62592,62464,62592,124.928,125.184,relax,0,0,0.0,False,False,2.5016470038911436,3.091167058606771,324.89604441724634,25.0,4.0,81.04625779365747,82.03125,82.03125,4.995202283584093
session_9.csv,session_9,977,62528,62656,62528,62656,125.056,125.312,relax,0,0,0.0,False,False,2.656966644421469,3.260277530208413,335.42777492277025,27.0,3.0,77.56361894625692,78.125,82.03125,10.128613180672085
session_9.csv,session_9,978,62592,62720,62592,62720,125.184,125.44,relax,0,0,0.0,False,False,2.3577642386139885,2.9302888995080987,311.1649259020518,24.0,1.0,74.80774841912995,70.3125,70.3125,4.41938119581588
session_9.csv,session_9,979,62656,62784,62656,62784,125.312,125.568,relax,0,0,0.0,False,False,2.0464463904580006,2.644267200961519,265.5272106954093,18.0,0.0,77.71318521599555,74.21875,74.21875,6.840113096972058
session_9.csv,session_9,980,62720,62848,62720,62848,125.44,125.696,relax,0,0,0.0,False,False,2.254510174428228,2.9881962324004516,284.13057443928847,17.0,2.0,76.35670270042583,74.21875,74.21875,4.318347029644594
session_9.csv,session_9,981,62784,62912,62784,62912,125.568,125.824,relax,0,0,0.0,False,False,2.5808150964797782,3.2548577675271666,332.72258269151087,22.0,5.0,79.08348828421337,78.125,78.125,11.780408062833544
session_9.csv,session_9,982,62848,62976,62848,62976,125.696,125.952,relax,0,0,0.0,False,False,2.938758590142011,3.662100639612308,391.14818564316,31.0,6.0,77.27319391975284,74.21875,66.40625,5.682255577034541
